date,entity_code,stock_return,entity_name,industry,region,lgd,base_pd_hint,size_bucket,analyst_note,region_note,irrelevant_score,industry_return,EAD,booking_date,internal_comment,base_pd_hint_note
2025-10-08,A-0172SR,-0.031289799313129,Company_A_45,A,Europe,0.4027117259847115,0.0229545316139667,Small,manual review,legacy,17,-0.0240693646725217,24102940.00088122,2025-10-08,check formatting,original base_pd_hint available
2025-10-09,A-0172SR,-0.0172997508478331,Company_A_45,A,Europe,0.4027117259847115,0.0229545316139667,Small,manual review,legacy,17,-0.004096752034854,24102940.00088122,2025-10-08,check formatting,original base_pd_hint available
2025-10-10,A-0172SR,-0.0035195118757714,Company_A_45,A,Europe,0.4027117259847115,0.0229545316139667,Small,manual review,legacy,17,0.0009863909699606,24102940.00088122,2025-10-08,check formatting,original base_pd_hint available
2025-11-03,A-0172SR,0.0347464398708175,Company_A_45,A,Europe,0.4027117259847115,0.0229545316139667,Small,manual review,legacy,17,,24102940.00088122,2025-10-08,check formatting,original base_pd_hint available
2025-11-04,A-0172SR,-0.011430714366282,Company_A_45,A,Europe,0.4027117259847115,0.0229545316139667,Small,manual review,legacy,17,-0.0002530604133823,24102940.00088122,2025-10-08,check formatting,original base_pd_hint available
2025-11-05,A-0172SR,0.0004142016002185,Company_A_45,A,Europe,0.4027117259847115,0.0229545316139667,Small,manual review,legacy,17,0.008650284141478,24102940.00088122,2025-10-08,check formatting,original base_pd_hint available
2025-11-06,A-0172SR,0.0072443398416905,Company_A_45,A,Europe,0.4027117259847115,0.0229545316139667,Small,manual review,legacy,17,0.0088547044735975,24102940.00088122,2025-10-08,check formatting,original base_pd_hint available
2025-11-07,A-0172SR,0.0086051676510348,Company_A_45,A,Europe,0.4027117259847115,0.0229545316139667,Small,manual review,legacy,17,-0.0099532256341279,24102940.00088122,2025-10-08,check formatting,original base_pd_hint available
2025-11-10,A-0172SR,-0.0148381545389483,Company_A_45,A,Europe,0.4027117259847115,0.0229545316139667,Small,manual review,legacy,17,-0.0111179190924326,24102940.00088122,2025-10-08,check formatting,original base_pd_hint available
2025-11-11,A-0172SR,0.0372862145302496,Company_A_45,A,Europe,0.4027117259847115,0.0229545316139667,Small,manual review,legacy,17,0.00946653772823,24102940.00088122,2025-10-08,check formatting,original base_pd_hint available
2025-11-12,A-0172SR,0.0104747543175273,Company_A_45,A,Europe,0.4027117259847115,0.0229545316139667,Small,manual review,legacy,17,-0.0167516922712146,24102940.00088122,2025-10-08,check formatting,original base_pd_hint available
2025-12-01,A-0172SR,-0.003269174097356,Company_A_45,A,Europe,0.4027117259847115,0.0229545316139667,Small,manual review,legacy,17,0.0033863437893976,24102940.00088122,2025-10-08,check formatting,original base_pd_hint available
2025-12-02,A-0172SR,0.0150297594023646,Company_A_45,A,Europe,0.4027117259847115,0.0229545316139667,Small,manual review,legacy,17,-0.0026471166291688,24102940.00088122,2025-10-08,check formatting,original base_pd_hint available
2025-12-03,A-0172SR,0.0091113307480486,Company_A_45,A,Europe,0.4027117259847115,0.0229545316139667,Small,manual review,legacy,17,-0.0112637381058377,24102940.00088122,2025-10-08,check formatting,original base_pd_hint available
2025-12-04,A-0172SR,,Company_A_45,A,Europe,0.4027117259847115,0.0229545316139667,Small,manual review,legacy,17,,24102940.00088122,2025-10-08,check formatting,original base_pd_hint available
2025-12-05,A-0172SR,-0.0111696268420451,Company_A_45,A,Europe,0.4027117259847115,0.0229545316139667,Small,manual review,legacy,17,-0.0003015667345061,24102940.00088122,2025-10-08,check formatting,original base_pd_hint available
2025-12-08,A-0172SR,-0.0141209211404733,Company_A_45,A,Europe,0.4027117259847115,0.0229545316139667,Small,manual review,legacy,17,0.0131517878771854,24102940.00088122,2025-10-08,check formatting,original base_pd_hint available
2025-12-09,A-0172SR,0.0104344851551508,Company_A_45,A,Europe,0.4027117259847115,0.0229545316139667,Small,manual review,legacy,17,0.0073362825364422,24102940.00088122,2025-10-08,check formatting,original base_pd_hint available
2025-12-10,A-0172SR,0.0274798272276194,Company_A_45,A,Europe,0.4027117259847115,0.0229545316139667,Small,manual review,legacy,17,0.0160656307289417,24102940.00088122,2025-10-08,check formatting,original base_pd_hint available
2025-12-11,A-0172SR,-0.0085442329635067,Company_A_45,A,Europe,0.4027117259847115,0.0229545316139667,Small,manual review,legacy,17,-0.0140858050562602,24102940.00088122,2025-10-08,check formatting,original base_pd_hint available
2025-06-02,A-0E88G2,-0.0155703901036415,Company_A_43,A,Asia,0.5010027048718158,0.0165053478571062,Large,manual review,core,32,-0.0005529602076241,22471797.889777817,2025-05-14,review,original base_pd_hint available
2025-06-03,A-0E88G2,0.0231889829070754,Company_A_43,A,Asia,0.5010027048718158,0.0165053478571062,Large,manual review,core,32,-0.0172330905611457,22471797.889777817,2025-05-14,review,original base_pd_hint available
2025-06-04,A-0E88G2,0.0057258757926848,Company_A_43,A,Asia,0.5010027048718158,0.0165053478571062,Large,manual review,core,32,0.0183184481974437,22471797.889777817,2025-05-14,review,original base_pd_hint available
2025-06-05,A-0E88G2,0.0234558100805008,Company_A_43,A,Asia,0.5010027048718158,0.0165053478571062,Large,manual review,core,32,0.0106371342459794,22471797.889777817,2025-05-14,review,original base_pd_hint available
2025-06-06,A-0E88G2,0.0069770067052607,Company_A_43,A,Asia,0.5010027048718158,0.0165053478571062,Large,manual review,core,32,,22471797.889777817,2025-05-14,review,original base_pd_hint available
2025-06-09,A-0E88G2,-0.001035348900864,Company_A_43,A,Asia,0.5010027048718158,0.0165053478571062,Large,manual review,core,32,0.0090953812038202,22471797.889777817,2025-05-14,review,original base_pd_hint available
2025-06-10,A-0E88G2,-0.0169602459392099,Company_A_43,A,Asia,0.5010027048718158,0.0165053478571062,Large,manual review,core,32,-0.0136191224008954,22471797.889777817,2025-05-14,review,original base_pd_hint available
2025-06-12,A-0E88G2,0.0184113046717168,Company_A_43,A,Asia,0.5010027048718158,0.0165053478571062,Large,manual review,core,32,0.0032989542439667,22471797.889777817,2025-05-14,review,original base_pd_hint available
2025-07-01,A-0E88G2,-0.0090050138857597,Company_A_43,A,Asia,0.5010027048718158,0.0165053478571062,Large,manual review,core,32,-0.0096219712289246,22471797.889777817,2025-05-14,review,original base_pd_hint available
2025-07-02,A-0E88G2,-0.0110368110349382,Company_A_43,A,Asia,0.5010027048718158,0.0165053478571062,Large,manual review,core,32,-0.0037149241794859,22471797.889777817,2025-05-14,review,original base_pd_hint available
2025-07-03,A-0E88G2,0.005295624514959,Company_A_43,A,Asia,0.5010027048718158,0.0165053478571062,Large,manual review,core,32,-0.0043263144974688,22471797.889777817,2025-05-14,review,original base_pd_hint available
2025-07-04,A-0E88G2,-0.0186274619530519,Company_A_43,A,Asia,0.5010027048718158,0.0165053478571062,Large,manual review,core,32,-0.0133838372809235,22471797.889777817,2025-05-14,review,original base_pd_hint available
2025-07-07,A-0E88G2,-0.0281788044202095,Company_A_43,A,Asia,0.5010027048718158,0.0165053478571062,Large,manual review,core,32,-0.0251194077625596,22471797.889777817,2025-05-14,review,original base_pd_hint available
2025-07-08,A-0E88G2,-0.0025297479862874,Company_A_43,A,Asia,0.5010027048718158,0.0165053478571062,Large,manual review,core,32,,22471797.889777817,2025-05-14,review,original base_pd_hint available
2025-07-09,A-0E88G2,0.038494196237188,Company_A_43,A,Asia,0.5010027048718158,0.0165053478571062,Large,manual review,core,32,0.0094232451859564,22471797.889777817,2025-05-14,review,original base_pd_hint available
2025-07-10,A-0E88G2,-0.0145483543981075,Company_A_43,A,Asia,0.5010027048718158,0.0165053478571062,Large,manual review,core,32,0.0158541643653866,22471797.889777817,2025-05-14,review,original base_pd_hint available
2025-07-11,A-0E88G2,0.01886003347206,Company_A_43,A,Asia,0.5010027048718158,0.0165053478571062,Large,manual review,core,32,0.012309197644808,22471797.889777817,2025-05-14,review,original base_pd_hint available
2025-08-01,A-0E88G2,0.0027666664649478,Company_A_43,A,Asia,0.5010027048718158,0.0165053478571062,Large,manual review,core,32,0.0105578088644496,22471797.889777817,2025-05-14,review,original base_pd_hint available
2025-08-04,A-0E88G2,0.0043697553713839,Company_A_43,A,Asia,0.5010027048718158,0.0165053478571062,Large,manual review,core,32,-0.0078399411625386,22471797.889777817,2025-05-14,review,original base_pd_hint available
2025-08-05,A-0E88G2,0.0078163046748124,Company_A_43,A,Asia,0.5010027048718158,0.0165053478571062,Large,manual review,core,32,0.0094866941709183,22471797.889777817,2025-05-14,review,original base_pd_hint available
2025-08-06,A-0E88G2,-0.0268623838879068,Company_A_43,A,Asia,0.5010027048718158,0.0165053478571062,Large,manual review,core,32,-0.0035578472668993,22471797.889777817,2025-05-14,review,original base_pd_hint available
2025-08-08,A-0E88G2,-0.0025241719825297,Company_A_43,A,Asia,0.5010027048718158,0.0165053478571062,Large,manual review,core,32,0.0036068720141056,22471797.889777817,2025-05-14,review,original base_pd_hint available
2025-08-11,A-0E88G2,-0.0462816165656786,Company_A_43,A,Asia,0.5010027048718158,0.0165053478571062,Large,manual review,core,32,0.0009696416285378,22471797.889777817,2025-05-14,review,original base_pd_hint available
2025-09-01,A-0E88G2,-0.0188949593805711,Company_A_43,A,Asia,0.5010027048718158,0.0165053478571062,Large,manual review,core,32,,22471797.889777817,2025-05-14,review,original base_pd_hint available
2025-09-02,A-0E88G2,-0.0054892747512692,Company_A_43,A,Asia,0.5010027048718158,0.0165053478571062,Large,manual review,core,32,0.0021873458027918,22471797.889777817,2025-05-14,review,original base_pd_hint available
2025-09-03,A-0E88G2,-0.0374891218803598,Company_A_43,A,Asia,0.5010027048718158,0.0165053478571062,Large,manual review,core,32,-0.0269105665309313,22471797.889777817,2025-05-14,review,original base_pd_hint available
2025-09-04,A-0E88G2,-0.027478661879229,Company_A_43,A,Asia,0.5010027048718158,0.0165053478571062,Large,manual review,core,32,-0.0109398895694683,22471797.889777817,2025-05-14,review,original base_pd_hint available
2025-09-05,A-0E88G2,0.0030970896305133,Company_A_43,A,Asia,0.5010027048718158,0.0165053478571062,Large,manual review,core,32,-0.0151822149727439,22471797.889777817,2025-05-14,review,original base_pd_hint available
2025-09-08,A-0E88G2,0.000315969636688,Company_A_43,A,Asia,0.5010027048718158,0.0165053478571062,Large,manual review,core,32,-0.003197959946638,22471797.889777817,2025-05-14,review,original base_pd_hint available
2025-09-09,A-0E88G2,-0.0331613506697399,Company_A_43,A,Asia,0.5010027048718158,0.0165053478571062,Large,manual review,core,32,0.0016963673318161,22471797.889777817,2025-05-14,review,original base_pd_hint available
2025-09-10,A-0E88G2,-0.00245423204736,Company_A_43,A,Asia,0.5010027048718158,0.0165053478571062,Large,manual review,core,32,-0.0182352677685309,22471797.889777817,2025-05-14,review,original base_pd_hint available
2025-09-12,A-0E88G2,-0.0324017659018555,Company_A_43,A,Asia,0.5010027048718158,0.0165053478571062,Large,manual review,core,32,-0.0070989753663894,22471797.889777817,2025-05-14,review,original base_pd_hint available
2025-10-01,A-0E88G2,-0.0049375388185274,Company_A_43,A,Asia,0.5010027048718158,0.0165053478571062,Large,manual review,core,32,0.0100992546753692,22471797.889777817,2025-05-14,review,original base_pd_hint available
2025-10-02,A-0E88G2,0.0293458323972206,Company_A_43,A,Asia,0.5010027048718158,0.0165053478571062,Large,manual review,core,32,0.0128222583263302,22471797.889777817,2025-05-14,review,original base_pd_hint available
2025-10-03,A-0E88G2,-0.0079756757855545,Company_A_43,A,Asia,0.5010027048718158,0.0165053478571062,Large,manual review,core,32,-0.0147715335897255,22471797.889777817,2025-05-14,review,original base_pd_hint available
2025-10-06,A-0E88G2,-0.0087382302480403,Company_A_43,A,Asia,0.5010027048718158,0.0165053478571062,Large,manual review,core,32,0.0202534547427589,22471797.889777817,2025-05-14,review,original base_pd_hint available
2025-10-07,A-0E88G2,0.0002403381611461,Company_A_43,A,Asia,0.5010027048718158,0.0165053478571062,Large,manual review,core,32,-0.0002841086384081,22471797.889777817,2025-05-14,review,original base_pd_hint available
2025-10-08,A-0E88G2,-0.0184120191353128,Company_A_43,A,Asia,0.5010027048718158,0.0165053478571062,Large,manual review,core,32,-0.0240693646725217,22471797.889777817,2025-05-14,review,original base_pd_hint available
2025-10-09,A-0E88G2,-0.0288041992212773,Company_A_43,A,Asia,0.5010027048718158,0.0165053478571062,Large,manual review,core,32,-0.004096752034854,22471797.889777817,2025-05-14,review,original base_pd_hint available
2025-10-10,A-0E88G2,0.0009381930122652,Company_A_43,A,Asia,0.5010027048718158,0.0165053478571062,Large,manual review,core,32,0.0009863909699606,22471797.889777817,2025-05-14,review,original base_pd_hint available
2025-11-03,A-0E88G2,,Company_A_43,A,Asia,0.5010027048718158,0.0165053478571062,Large,manual review,core,32,,22471797.889777817,2025-05-14,review,original base_pd_hint available
2025-11-04,A-0E88G2,0.0045761478011371,Company_A_43,A,Asia,0.5010027048718158,0.0165053478571062,Large,manual review,core,32,-0.0002530604133823,22471797.889777817,2025-05-14,review,original base_pd_hint available
2025-11-05,A-0E88G2,0.0134117376868554,Company_A_43,A,Asia,0.5010027048718158,0.0165053478571062,Large,manual review,core,32,0.008650284141478,22471797.889777817,2025-05-14,review,original base_pd_hint available
2025-11-06,A-0E88G2,0.0339792173305445,Company_A_43,A,Asia,0.5010027048718158,0.0165053478571062,Large,manual review,core,32,0.0088547044735975,22471797.889777817,2025-05-14,review,original base_pd_hint available
2025-11-07,A-0E88G2,0.0023194800673577,Company_A_43,A,Asia,0.5010027048718158,0.0165053478571062,Large,manual review,core,32,-0.0099532256341279,22471797.889777817,2025-05-14,review,original base_pd_hint available
2025-11-10,A-0E88G2,-0.0227519763179397,Company_A_43,A,Asia,0.5010027048718158,0.0165053478571062,Large,manual review,core,32,-0.0111179190924326,22471797.889777817,2025-05-14,review,original base_pd_hint available
2025-11-11,A-0E88G2,0.0209583811099677,Company_A_43,A,Asia,0.5010027048718158,0.0165053478571062,Large,manual review,core,32,0.00946653772823,22471797.889777817,2025-05-14,review,original base_pd_hint available
2025-11-12,A-0E88G2,-0.044859189812686,Company_A_43,A,Asia,0.5010027048718158,0.0165053478571062,Large,manual review,core,32,-0.0167516922712146,22471797.889777817,2025-05-14,review,original base_pd_hint available
2025-12-01,A-0E88G2,-0.0145593758783643,Company_A_43,A,Asia,0.5010027048718158,0.0165053478571062,Large,manual review,core,32,0.0033863437893976,22471797.889777817,2025-05-14,review,original base_pd_hint available
2025-12-02,A-0E88G2,-0.0290562034644116,Company_A_43,A,Asia,0.5010027048718158,0.0165053478571062,Large,manual review,core,32,-0.0026471166291688,22471797.889777817,2025-05-14,review,original base_pd_hint available
2025-12-03,A-0E88G2,-0.010771082681585,Company_A_43,A,Asia,0.5010027048718158,0.0165053478571062,Large,manual review,core,32,-0.0112637381058377,22471797.889777817,2025-05-14,review,original base_pd_hint available
2025-12-04,A-0E88G2,-0.0180463392527091,Company_A_43,A,Asia,0.5010027048718158,0.0165053478571062,Large,manual review,core,32,,22471797.889777817,2025-05-14,review,original base_pd_hint available
2025-12-05,A-0E88G2,-0.0232282729562332,Company_A_43,A,Asia,0.5010027048718158,0.0165053478571062,Large,manual review,core,32,-0.0003015667345061,22471797.889777817,2025-05-14,review,original base_pd_hint available
2025-12-08,A-0E88G2,-0.0082103868763035,Company_A_43,A,Asia,0.5010027048718158,0.0165053478571062,Large,manual review,core,32,0.0131517878771854,22471797.889777817,2025-05-14,review,original base_pd_hint available
2025-12-10,A-0E88G2,0.0245594340453851,Company_A_43,A,Asia,0.5010027048718158,0.0165053478571062,Large,manual review,core,32,0.0160656307289417,22471797.889777817,2025-05-14,review,original base_pd_hint available
2025-12-11,A-0E88G2,0.0329659729600683,Company_A_43,A,Asia,0.5010027048718158,0.0165053478571062,Large,manual review,core,32,-0.0140858050562602,22471797.889777817,2025-05-14,review,original base_pd_hint available
2025-12-12,A-0E88G2,0.0044265602380887,Company_A_43,A,Asia,0.5010027048718158,0.0165053478571062,Large,manual review,core,32,0.0199773459418865,22471797.889777817,2025-05-14,review,original base_pd_hint available
2025-07-02,A-DT5C43,0.0121060462602147,Company_A_03,A,Asia,0.4352110109163791,0.0165953522779802,Large,manual review,satellite,90,-0.0037149241794859,31614758.98146161,2025-07-02,check formatting,original base_pd_hint available
2025-07-03,A-DT5C43,-0.0009435611443052,Company_A_03,A,Asia,0.4352110109163791,0.0165953522779802,Large,manual review,satellite,90,-0.0043263144974688,31614758.98146161,2025-07-02,check formatting,original base_pd_hint available
2025-07-04,A-DT5C43,-0.0210205562044475,Company_A_03,A,Asia,0.4352110109163791,0.0165953522779802,Large,manual review,satellite,90,-0.0133838372809235,31614758.98146161,2025-07-02,check formatting,original base_pd_hint available
2025-07-07,A-DT5C43,,Company_A_03,A,Asia,0.4352110109163791,0.0165953522779802,Large,manual review,satellite,90,-0.0251194077625596,31614758.98146161,2025-07-02,check formatting,original base_pd_hint available
2025-07-08,A-DT5C43,0.0037069146592074,Company_A_03,A,Asia,0.4352110109163791,0.0165953522779802,Large,manual review,satellite,90,,31614758.98146161,2025-07-02,check formatting,original base_pd_hint available
2025-07-09,A-DT5C43,0.0060532769040843,Company_A_03,A,Asia,0.4352110109163791,0.0165953522779802,Large,manual review,satellite,90,0.0094232451859564,31614758.98146161,2025-07-02,check formatting,original base_pd_hint available
2025-07-10,A-DT5C43,-0.0120757612691361,Company_A_03,A,Asia,0.4352110109163791,0.0165953522779802,Large,manual review,satellite,90,0.0158541643653866,31614758.98146161,2025-07-02,check formatting,original base_pd_hint available
2025-07-11,A-DT5C43,0.0250962649910975,Company_A_03,A,Asia,0.4352110109163791,0.0165953522779802,Large,manual review,satellite,90,0.012309197644808,31614758.98146161,2025-07-02,check formatting,original base_pd_hint available
2025-08-01,A-DT5C43,0.0044133343793389,Company_A_03,A,Asia,0.4352110109163791,0.0165953522779802,Large,manual review,satellite,90,0.0105578088644496,31614758.98146161,2025-07-02,check formatting,original base_pd_hint available
2025-08-04,A-DT5C43,-0.0471712613378762,Company_A_03,A,Asia,0.4352110109163791,0.0165953522779802,Large,manual review,satellite,90,-0.0078399411625386,31614758.98146161,2025-07-02,check formatting,original base_pd_hint available
2025-08-05,A-DT5C43,0.0059390866258971,Company_A_03,A,Asia,0.4352110109163791,0.0165953522779802,Large,manual review,satellite,90,0.0094866941709183,31614758.98146161,2025-07-02,check formatting,original base_pd_hint available
2025-08-06,A-DT5C43,0.0156528581391284,Company_A_03,A,Asia,0.4352110109163791,0.0165953522779802,Large,manual review,satellite,90,-0.0035578472668993,31614758.98146161,2025-07-02,check formatting,original base_pd_hint available
2025-08-07,A-DT5C43,0.0368479077369174,Company_A_03,A,Asia,0.4352110109163791,0.0165953522779802,Large,manual review,satellite,90,0.0095459566054523,31614758.98146161,2025-07-02,check formatting,original base_pd_hint available
2025-08-08,A-DT5C43,-0.0312145330512239,Company_A_03,A,Asia,0.4352110109163791,0.0165953522779802,Large,manual review,satellite,90,0.0036068720141056,31614758.98146161,2025-07-02,check formatting,original base_pd_hint available
2025-08-11,A-DT5C43,-0.0136493563634745,Company_A_03,A,Asia,0.4352110109163791,0.0165953522779802,Large,manual review,satellite,90,0.0009696416285378,31614758.98146161,2025-07-02,check formatting,original base_pd_hint available
2025-08-12,A-DT5C43,-0.0177243476515376,Company_A_03,A,Asia,0.4352110109163791,0.0165953522779802,Large,manual review,satellite,90,-0.002935172692495,31614758.98146161,2025-07-02,check formatting,original base_pd_hint available
2025-09-01,A-DT5C43,6.724409547688524e-05,Company_A_03,A,Asia,0.4352110109163791,0.0165953522779802,Large,manual review,satellite,90,,31614758.98146161,2025-07-02,check formatting,original base_pd_hint available
2025-09-02,A-DT5C43,-0.0158248443811001,Company_A_03,A,Asia,0.4352110109163791,0.0165953522779802,Large,manual review,satellite,90,0.0021873458027918,31614758.98146161,2025-07-02,check formatting,original base_pd_hint available
2025-09-03,A-DT5C43,,Company_A_03,A,Asia,0.4352110109163791,0.0165953522779802,Large,manual review,satellite,90,-0.0269105665309313,31614758.98146161,2025-07-02,check formatting,original base_pd_hint available
2025-09-04,A-DT5C43,-0.0331903905932229,Company_A_03,A,Asia,0.4352110109163791,0.0165953522779802,Large,manual review,satellite,90,-0.0109398895694683,31614758.98146161,2025-07-02,check formatting,original base_pd_hint available
2025-09-05,A-DT5C43,-0.040352788072478,Company_A_03,A,Asia,0.4352110109163791,0.0165953522779802,Large,manual review,satellite,90,-0.0151822149727439,31614758.98146161,2025-07-02,check formatting,original base_pd_hint available
2025-09-08,A-DT5C43,-0.01261833616918,Company_A_03,A,Asia,0.4352110109163791,0.0165953522779802,Large,manual review,satellite,90,-0.003197959946638,31614758.98146161,2025-07-02,check formatting,original base_pd_hint available
2025-09-09,A-DT5C43,0.0365379302807589,Company_A_03,A,Asia,0.4352110109163791,0.0165953522779802,Large,manual review,satellite,90,0.0016963673318161,31614758.98146161,2025-07-02,check formatting,original base_pd_hint available
2025-09-10,A-DT5C43,0.0195738819682422,Company_A_03,A,Asia,0.4352110109163791,0.0165953522779802,Large,manual review,satellite,90,-0.0182352677685309,31614758.98146161,2025-07-02,check formatting,original base_pd_hint available
2025-09-11,A-DT5C43,-0.013567579323795,Company_A_03,A,Asia,0.4352110109163791,0.0165953522779802,Large,manual review,satellite,90,-0.0068066432691066,31614758.98146161,2025-07-02,check formatting,original base_pd_hint available
2025-09-12,A-DT5C43,-0.0178147626206752,Company_A_03,A,Asia,0.4352110109163791,0.0165953522779802,Large,manual review,satellite,90,-0.0070989753663894,31614758.98146161,2025-07-02,check formatting,original base_pd_hint available
2025-10-01,A-DT5C43,0.0093178690028065,Company_A_03,A,Asia,0.4352110109163791,0.0165953522779802,Large,manual review,satellite,90,0.0100992546753692,31614758.98146161,2025-07-02,check formatting,original base_pd_hint available
2025-10-02,A-DT5C43,0.0245595215879325,Company_A_03,A,Asia,0.4352110109163791,0.0165953522779802,Large,manual review,satellite,90,0.0128222583263302,31614758.98146161,2025-07-02,check formatting,original base_pd_hint available
2025-10-03,A-DT5C43,-0.0400844101562727,Company_A_03,A,Asia,0.4352110109163791,0.0165953522779802,Large,manual review,satellite,90,-0.0147715335897255,31614758.98146161,2025-07-02,check formatting,original base_pd_hint available
2025-10-06,A-DT5C43,-0.0029657281337697,Company_A_03,A,Asia,0.4352110109163791,0.0165953522779802,Large,manual review,satellite,90,0.0202534547427589,31614758.98146161,2025-07-02,check formatting,original base_pd_hint available
2025-10-07,A-DT5C43,-0.0050883610346811,Company_A_03,A,Asia,0.4352110109163791,0.0165953522779802,Large,manual review,satellite,90,-0.0002841086384081,31614758.98146161,2025-07-02,check formatting,original base_pd_hint available
2025-10-08,A-DT5C43,-0.0452342327161372,Company_A_03,A,Asia,0.4352110109163791,0.0165953522779802,Large,manual review,satellite,90,-0.0240693646725217,31614758.98146161,2025-07-02,check formatting,original base_pd_hint available
2025-11-03,A-DT5C43,-0.0018875146797667,Company_A_03,A,Asia,0.4352110109163791,0.0165953522779802,Large,manual review,satellite,90,,31614758.98146161,2025-07-02,check formatting,original base_pd_hint available
2025-11-04,A-DT5C43,-0.0201761050228642,Company_A_03,A,Asia,0.4352110109163791,0.0165953522779802,Large,manual review,satellite,90,-0.0002530604133823,31614758.98146161,2025-07-02,check formatting,original base_pd_hint available
2025-11-05,A-DT5C43,0.0254263710407523,Company_A_03,A,Asia,0.4352110109163791,0.0165953522779802,Large,manual review,satellite,90,0.008650284141478,31614758.98146161,2025-07-02,check formatting,original base_pd_hint available
2025-11-06,A-DT5C43,-0.01296170522284,Company_A_03,A,Asia,0.4352110109163791,0.0165953522779802,Large,manual review,satellite,90,0.0088547044735975,31614758.98146161,2025-07-02,check formatting,original base_pd_hint available
2025-11-07,A-DT5C43,-0.0262906622521213,Company_A_03,A,Asia,0.4352110109163791,0.0165953522779802,Large,manual review,satellite,90,-0.0099532256341279,31614758.98146161,2025-07-02,check formatting,original base_pd_hint available
2025-11-10,A-DT5C43,-0.0226813621944265,Company_A_03,A,Asia,0.4352110109163791,0.0165953522779802,Large,manual review,satellite,90,-0.0111179190924326,31614758.98146161,2025-07-02,check formatting,original base_pd_hint available
2025-11-12,A-DT5C43,-0.0022269999123185,Company_A_03,A,Asia,0.4352110109163791,0.0165953522779802,Large,manual review,satellite,90,-0.0167516922712146,31614758.98146161,2025-07-02,check formatting,original base_pd_hint available
2025-12-01,A-DT5C43,0.0335837028794444,Company_A_03,A,Asia,0.4352110109163791,0.0165953522779802,Large,manual review,satellite,90,0.0033863437893976,31614758.98146161,2025-07-02,check formatting,original base_pd_hint available
2025-12-02,A-DT5C43,-0.0331739298399974,Company_A_03,A,Asia,0.4352110109163791,0.0165953522779802,Large,manual review,satellite,90,-0.0026471166291688,31614758.98146161,2025-07-02,check formatting,original base_pd_hint available
2025-12-03,A-DT5C43,-0.0321902137688835,Company_A_03,A,Asia,0.4352110109163791,0.0165953522779802,Large,manual review,satellite,90,-0.0112637381058377,31614758.98146161,2025-07-02,check formatting,original base_pd_hint available
2025-12-05,A-DT5C43,0.0135421004062537,Company_A_03,A,Asia,0.4352110109163791,0.0165953522779802,Large,manual review,satellite,90,-0.0003015667345061,31614758.98146161,2025-07-02,check formatting,original base_pd_hint available
2025-12-08,A-DT5C43,0.0068323763282334,Company_A_03,A,Asia,0.4352110109163791,0.0165953522779802,Large,manual review,satellite,90,0.0131517878771854,31614758.98146161,2025-07-02,check formatting,original base_pd_hint available
2025-12-09,A-DT5C43,-0.0071649399867114,Company_A_03,A,Asia,0.4352110109163791,0.0165953522779802,Large,manual review,satellite,90,0.0073362825364422,31614758.98146161,2025-07-02,check formatting,original base_pd_hint available
2025-12-10,A-DT5C43,0.0257536987218509,Company_A_03,A,Asia,0.4352110109163791,0.0165953522779802,Large,manual review,satellite,90,0.0160656307289417,31614758.98146161,2025-07-02,check formatting,original base_pd_hint available
2025-12-11,A-DT5C43,0.0059463807491472,Company_A_03,A,Asia,0.4352110109163791,0.0165953522779802,Large,manual review,satellite,90,-0.0140858050562602,31614758.98146161,2025-07-02,check formatting,original base_pd_hint available
2025-12-12,A-DT5C43,0.0156441974838839,Company_A_03,A,Asia,0.4352110109163791,0.0165953522779802,Large,manual review,satellite,90,0.0199773459418865,31614758.98146161,2025-07-02,check formatting,original base_pd_hint available
2025-11-12,A-FVDXWD,0.0023501501092844,Company_A_16,A,SouthAmerica,0.4675997347177412,0.0267959378762021,Small,stable,legacy,23,-0.0167516922712146,21539459.41679,2025-11-12,check formatting,original base_pd_hint available
2025-12-01,A-FVDXWD,-0.0088946739708194,Company_A_16,A,SouthAmerica,0.4675997347177412,0.0267959378762021,Small,stable,legacy,23,0.0033863437893976,21539459.41679,2025-11-12,check formatting,original base_pd_hint available
2025-12-02,A-FVDXWD,-0.0094606820836873,Company_A_16,A,SouthAmerica,0.4675997347177412,0.0267959378762021,Small,stable,legacy,23,-0.0026471166291688,21539459.41679,2025-11-12,check formatting,original base_pd_hint available
2025-12-03,A-FVDXWD,-0.0205520722351747,Company_A_16,A,SouthAmerica,0.4675997347177412,0.0267959378762021,Small,stable,legacy,23,-0.0112637381058377,21539459.41679,2025-11-12,check formatting,original base_pd_hint available
2025-12-04,A-FVDXWD,0.0162541358266443,Company_A_16,A,SouthAmerica,0.4675997347177412,0.0267959378762021,Small,stable,legacy,23,,21539459.41679,2025-11-12,check formatting,original base_pd_hint available
2025-12-05,A-FVDXWD,-0.0138060369440816,Company_A_16,A,SouthAmerica,0.4675997347177412,0.0267959378762021,Small,stable,legacy,23,-0.0003015667345061,21539459.41679,2025-11-12,check formatting,original base_pd_hint available
2025-12-08,A-FVDXWD,-0.0299109953879194,Company_A_16,A,SouthAmerica,0.4675997347177412,0.0267959378762021,Small,stable,legacy,23,0.0131517878771854,21539459.41679,2025-11-12,check formatting,original base_pd_hint available
2025-12-09,A-FVDXWD,0.0069185707035217,Company_A_16,A,SouthAmerica,0.4675997347177412,0.0267959378762021,Small,stable,legacy,23,0.0073362825364422,21539459.41679,2025-11-12,check formatting,original base_pd_hint available
2025-12-11,A-FVDXWD,-0.0218128319475396,Company_A_16,A,SouthAmerica,0.4675997347177412,0.0267959378762021,Small,stable,legacy,23,-0.0140858050562602,21539459.41679,2025-11-12,check formatting,original base_pd_hint available
2025-12-12,A-FVDXWD,0.0323898869125677,Company_A_16,A,SouthAmerica,0.4675997347177412,0.0267959378762021,Small,stable,legacy,23,0.0199773459418865,21539459.41679,2025-11-12,check formatting,original base_pd_hint available
2025-07-02,A-OL6NCQ,-0.0174444347238943,Company_A_05,A,South America,0.44088420338761,0.0157992176151873,,watchlist,legacy,70,-0.0037149241794859,13297172.694463212,2025-07-02,check formatting,original base_pd_hint available
2025-07-03,A-OL6NCQ,0.0161529150222897,Company_A_05,A,South America,0.44088420338761,0.0157992176151873,,watchlist,legacy,70,-0.0043263144974688,13297172.694463212,2025-07-02,check formatting,original base_pd_hint available
2025-07-04,A-OL6NCQ,-0.0088773473441552,Company_A_05,A,South America,0.44088420338761,0.0157992176151873,,watchlist,legacy,70,-0.0133838372809235,13297172.694463212,2025-07-02,check formatting,original base_pd_hint available
2025-07-07,A-OL6NCQ,0.0217759322436092,Company_A_05,A,South America,0.44088420338761,0.0157992176151873,,watchlist,legacy,70,-0.0251194077625596,13297172.694463212,2025-07-02,check formatting,original base_pd_hint available
2025-07-09,A-OL6NCQ,0.0057940618954383,Company_A_05,A,South America,0.44088420338761,0.0157992176151873,,watchlist,legacy,70,0.0094232451859564,13297172.694463212,2025-07-02,check formatting,original base_pd_hint available
2025-07-11,A-OL6NCQ,0.0037787258338766,Company_A_05,A,South America,0.44088420338761,0.0157992176151873,,watchlist,legacy,70,0.012309197644808,13297172.694463212,2025-07-02,check formatting,original base_pd_hint available
2025-08-01,A-OL6NCQ,-0.0077582525106674,Company_A_05,A,South America,0.44088420338761,0.0157992176151873,,watchlist,legacy,70,0.0105578088644496,13297172.694463212,2025-07-02,check formatting,original base_pd_hint available
2025-08-04,A-OL6NCQ,-0.0014533673208671,Company_A_05,A,South America,0.44088420338761,0.0157992176151873,,watchlist,legacy,70,-0.0078399411625386,13297172.694463212,2025-07-02,check formatting,original base_pd_hint available
2025-08-05,A-OL6NCQ,0.0122955031281828,Company_A_05,A,South America,0.44088420338761,0.0157992176151873,,watchlist,legacy,70,0.0094866941709183,13297172.694463212,2025-07-02,check formatting,original base_pd_hint available
2025-08-06,A-OL6NCQ,-0.0058380562579787,Company_A_05,A,South America,0.44088420338761,0.0157992176151873,,watchlist,legacy,70,-0.0035578472668993,13297172.694463212,2025-07-02,check formatting,original base_pd_hint available
2025-08-07,A-OL6NCQ,0.0512156119375246,Company_A_05,A,South America,0.44088420338761,0.0157992176151873,,watchlist,legacy,70,0.0095459566054523,13297172.694463212,2025-07-02,check formatting,original base_pd_hint available
2025-08-08,A-OL6NCQ,0.0003528546509669,Company_A_05,A,South America,0.44088420338761,0.0157992176151873,,watchlist,legacy,70,0.0036068720141056,13297172.694463212,2025-07-02,check formatting,original base_pd_hint available
2025-08-11,A-OL6NCQ,-0.004250503113884,Company_A_05,A,South America,0.44088420338761,0.0157992176151873,,watchlist,legacy,70,0.0009696416285378,13297172.694463212,2025-07-02,check formatting,original base_pd_hint available
2025-08-12,A-OL6NCQ,-0.0099512141197352,Company_A_05,A,South America,0.44088420338761,0.0157992176151873,,watchlist,legacy,70,-0.002935172692495,13297172.694463212,2025-07-02,check formatting,original base_pd_hint available
2025-09-01,A-OL6NCQ,0.0290132994352268,Company_A_05,A,South America,0.44088420338761,0.0157992176151873,,watchlist,legacy,70,,13297172.694463212,2025-07-02,check formatting,original base_pd_hint available
2025-09-02,A-OL6NCQ,1.2559321756529934e-06,Company_A_05,A,South America,0.44088420338761,0.0157992176151873,,watchlist,legacy,70,0.0021873458027918,13297172.694463212,2025-07-02,check formatting,original base_pd_hint available
2025-09-03,A-OL6NCQ,-0.0203930911016559,Company_A_05,A,South America,0.44088420338761,0.0157992176151873,,watchlist,legacy,70,-0.0269105665309313,13297172.694463212,2025-07-02,check formatting,original base_pd_hint available
2025-09-04,A-OL6NCQ,-0.0089582712454571,Company_A_05,A,South America,0.44088420338761,0.0157992176151873,,watchlist,legacy,70,-0.0109398895694683,13297172.694463212,2025-07-02,check formatting,original base_pd_hint available
2025-09-05,A-OL6NCQ,0.0156423891831087,Company_A_05,A,South America,0.44088420338761,0.0157992176151873,,watchlist,legacy,70,-0.0151822149727439,13297172.694463212,2025-07-02,check formatting,original base_pd_hint available
2025-09-08,A-OL6NCQ,-0.0025130922610468,Company_A_05,A,South America,0.44088420338761,0.0157992176151873,,watchlist,legacy,70,-0.003197959946638,13297172.694463212,2025-07-02,check formatting,original base_pd_hint available
2025-09-09,A-OL6NCQ,-0.0103118988679349,Company_A_05,A,South America,0.44088420338761,0.0157992176151873,,watchlist,legacy,70,0.0016963673318161,13297172.694463212,2025-07-02,check formatting,original base_pd_hint available
2025-09-10,A-OL6NCQ,,Company_A_05,A,South America,0.44088420338761,0.0157992176151873,,watchlist,legacy,70,-0.0182352677685309,13297172.694463212,2025-07-02,check formatting,original base_pd_hint available
2025-09-11,A-OL6NCQ,,Company_A_05,A,South America,0.44088420338761,0.0157992176151873,,watchlist,legacy,70,-0.0068066432691066,13297172.694463212,2025-07-02,check formatting,original base_pd_hint available
2025-09-12,A-OL6NCQ,0.0039233069339391,Company_A_05,A,South America,0.44088420338761,0.0157992176151873,,watchlist,legacy,70,-0.0070989753663894,13297172.694463212,2025-07-02,check formatting,original base_pd_hint available
2025-10-01,A-OL6NCQ,-0.0061649334670621,Company_A_05,A,South America,0.44088420338761,0.0157992176151873,,watchlist,legacy,70,0.0100992546753692,13297172.694463212,2025-07-02,check formatting,original base_pd_hint available
2025-10-02,A-OL6NCQ,0.0163111925132272,Company_A_05,A,South America,0.44088420338761,0.0157992176151873,,watchlist,legacy,70,0.0128222583263302,13297172.694463212,2025-07-02,check formatting,original base_pd_hint available
2025-10-03,A-OL6NCQ,-0.0001222879064786,Company_A_05,A,South America,0.44088420338761,0.0157992176151873,,watchlist,legacy,70,-0.0147715335897255,13297172.694463212,2025-07-02,check formatting,original base_pd_hint available
2025-10-06,A-OL6NCQ,0.0276139165919786,Company_A_05,A,South America,0.44088420338761,0.0157992176151873,,watchlist,legacy,70,0.0202534547427589,13297172.694463212,2025-07-02,check formatting,original base_pd_hint available
2025-10-07,A-OL6NCQ,0.0001282207043419,Company_A_05,A,South America,0.44088420338761,0.0157992176151873,,watchlist,legacy,70,-0.0002841086384081,13297172.694463212,2025-07-02,check formatting,original base_pd_hint available
2025-10-08,A-OL6NCQ,-0.0163900692740564,Company_A_05,A,South America,0.44088420338761,0.0157992176151873,,watchlist,legacy,70,-0.0240693646725217,13297172.694463212,2025-07-02,check formatting,original base_pd_hint available
2025-10-09,A-OL6NCQ,0.0008992657343693,Company_A_05,A,South America,0.44088420338761,0.0157992176151873,,watchlist,legacy,70,-0.004096752034854,13297172.694463212,2025-07-02,check formatting,original base_pd_hint available
2025-10-10,A-OL6NCQ,0.0068442455572882,Company_A_05,A,South America,0.44088420338761,0.0157992176151873,,watchlist,legacy,70,0.0009863909699606,13297172.694463212,2025-07-02,check formatting,original base_pd_hint available
2025-11-03,A-OL6NCQ,-0.0137171726310098,Company_A_05,A,South America,0.44088420338761,0.0157992176151873,,watchlist,legacy,70,,13297172.694463212,2025-07-02,check formatting,original base_pd_hint available
2025-11-04,A-OL6NCQ,-0.0201323633395691,Company_A_05,A,South America,0.44088420338761,0.0157992176151873,,watchlist,legacy,70,-0.0002530604133823,13297172.694463212,2025-07-02,check formatting,original base_pd_hint available
2025-11-05,A-OL6NCQ,0.0014977062006003,Company_A_05,A,South America,0.44088420338761,0.0157992176151873,,watchlist,legacy,70,0.008650284141478,13297172.694463212,2025-07-02,check formatting,original base_pd_hint available
2025-11-06,A-OL6NCQ,0.0044670028167831,Company_A_05,A,South America,0.44088420338761,0.0157992176151873,,watchlist,legacy,70,0.0088547044735975,13297172.694463212,2025-07-02,check formatting,original base_pd_hint available
2025-11-07,A-OL6NCQ,-0.0282297724096174,Company_A_05,A,South America,0.44088420338761,0.0157992176151873,,watchlist,legacy,70,-0.0099532256341279,13297172.694463212,2025-07-02,check formatting,original base_pd_hint available
2025-11-10,A-OL6NCQ,0.0053193228722591,Company_A_05,A,South America,0.44088420338761,0.0157992176151873,,watchlist,legacy,70,-0.0111179190924326,13297172.694463212,2025-07-02,check formatting,original base_pd_hint available
2025-11-11,A-OL6NCQ,5.71326665854471e-05,Company_A_05,A,South America,0.44088420338761,0.0157992176151873,,watchlist,legacy,70,0.00946653772823,13297172.694463212,2025-07-02,check formatting,original base_pd_hint available
2025-11-12,A-OL6NCQ,-0.0209940707261749,Company_A_05,A,South America,0.44088420338761,0.0157992176151873,,watchlist,legacy,70,-0.0167516922712146,13297172.694463212,2025-07-02,check formatting,original base_pd_hint available
2025-12-01,A-OL6NCQ,0.0200852182931712,Company_A_05,A,South America,0.44088420338761,0.0157992176151873,,watchlist,legacy,70,0.0033863437893976,13297172.694463212,2025-07-02,check formatting,original base_pd_hint available
2025-12-02,A-OL6NCQ,-0.0134899974160227,Company_A_05,A,South America,0.44088420338761,0.0157992176151873,,watchlist,legacy,70,-0.0026471166291688,13297172.694463212,2025-07-02,check formatting,original base_pd_hint available
2025-12-03,A-OL6NCQ,0.0116856183849062,Company_A_05,A,South America,0.44088420338761,0.0157992176151873,,watchlist,legacy,70,-0.0112637381058377,13297172.694463212,2025-07-02,check formatting,original base_pd_hint available
2025-12-04,A-OL6NCQ,0.002990414972153,Company_A_05,A,South America,0.44088420338761,0.0157992176151873,,watchlist,legacy,70,,13297172.694463212,2025-07-02,check formatting,original base_pd_hint available
2025-12-08,A-OL6NCQ,0.006714434872005,Company_A_05,A,South America,0.44088420338761,0.0157992176151873,,watchlist,legacy,70,0.0131517878771854,13297172.694463212,2025-07-02,check formatting,original base_pd_hint available
2025-12-09,A-OL6NCQ,-0.0419238943726687,Company_A_05,A,South America,0.44088420338761,0.0157992176151873,,watchlist,legacy,70,0.0073362825364422,13297172.694463212,2025-07-02,check formatting,original base_pd_hint available
2025-12-10,A-OL6NCQ,-0.0076096522558132,Company_A_05,A,South America,0.44088420338761,0.0157992176151873,,watchlist,legacy,70,0.0160656307289417,13297172.694463212,2025-07-02,check formatting,original base_pd_hint available
2025-12-11,A-OL6NCQ,-0.0135314143199452,Company_A_05,A,South America,0.44088420338761,0.0157992176151873,,watchlist,legacy,70,-0.0140858050562602,13297172.694463212,2025-07-02,check formatting,original base_pd_hint available
2025-12-12,A-OL6NCQ,0.0225470012247779,Company_A_05,A,South America,0.44088420338761,0.0157992176151873,,watchlist,legacy,70,0.0199773459418865,13297172.694463212,2025-07-02,check formatting,original base_pd_hint available
2025-03-03,A-PEJ45W,-0.0218734426019426,Company_A_49,A,Europe,,0.0177115028452158,Small,watchlist,core,50,-0.0076778332818246,34041246.854371905,2025-02-26,review,original base_pd_hint available
2025-03-04,A-PEJ45W,0.0044873106578516,Company_A_49,A,Europe,,0.0177115028452158,Small,watchlist,core,50,0.0072958487462298,34041246.854371905,2025-02-26,review,original base_pd_hint available
2025-03-05,A-PEJ45W,-0.0256679209458236,Company_A_49,A,Europe,,0.0177115028452158,Small,watchlist,core,50,-0.00606686175451,34041246.854371905,2025-02-26,review,original base_pd_hint available
2025-03-06,A-PEJ45W,0.0097747451969447,Company_A_49,A,Europe,,0.0177115028452158,Small,watchlist,core,50,0.0128317330113867,34041246.854371905,2025-02-26,review,original base_pd_hint available
2025-03-07,A-PEJ45W,,Company_A_49,A,Europe,,0.0177115028452158,Small,watchlist,core,50,0.0007358993715615,34041246.854371905,2025-02-26,review,original base_pd_hint available
2025-03-10,A-PEJ45W,-0.0083397414430227,Company_A_49,A,Europe,,0.0177115028452158,Small,watchlist,core,50,0.0017815811241298,34041246.854371905,2025-02-26,review,original base_pd_hint available
2025-03-11,A-PEJ45W,-0.0212671005528967,Company_A_49,A,Europe,,0.0177115028452158,Small,watchlist,core,50,,34041246.854371905,2025-02-26,review,original base_pd_hint available
2025-03-12,A-PEJ45W,0.0029671865027379,Company_A_49,A,Europe,,0.0177115028452158,Small,watchlist,core,50,,34041246.854371905,2025-02-26,review,original base_pd_hint available
2025-04-01,A-PEJ45W,0.0366083625724834,Company_A_49,A,Europe,,0.0177115028452158,Small,watchlist,core,50,0.0238663514233257,34041246.854371905,2025-02-26,review,original base_pd_hint available
2025-04-02,A-PEJ45W,0.0458490417013239,Company_A_49,A,Europe,,0.0177115028452158,Small,watchlist,core,50,0.0365811489813276,34041246.854371905,2025-02-26,review,original base_pd_hint available
2025-04-04,A-PEJ45W,0.0112145632116609,Company_A_49,A,Europe,,0.0177115028452158,Small,watchlist,core,50,0.0046679067207236,34041246.854371905,2025-02-26,review,original base_pd_hint available
2025-04-07,A-PEJ45W,-0.0306112057056748,Company_A_49,A,Europe,,0.0177115028452158,Small,watchlist,core,50,-0.001166996716637,34041246.854371905,2025-02-26,review,original base_pd_hint available
2025-04-08,A-PEJ45W,0.0054093020466479,Company_A_49,A,Europe,,0.0177115028452158,Small,watchlist,core,50,0.0030697914156015,34041246.854371905,2025-02-26,review,original base_pd_hint available
2025-04-09,A-PEJ45W,-0.0079599414860956,Company_A_49,A,Europe,,0.0177115028452158,Small,watchlist,core,50,-0.0107079723341646,34041246.854371905,2025-02-26,review,original base_pd_hint available
2025-04-10,A-PEJ45W,0.0210034388704787,Company_A_49,A,Europe,,0.0177115028452158,Small,watchlist,core,50,-0.0014083266497123,34041246.854371905,2025-02-26,review,original base_pd_hint available
2025-04-11,A-PEJ45W,0.0117576267846483,Company_A_49,A,Europe,,0.0177115028452158,Small,watchlist,core,50,,34041246.854371905,2025-02-26,review,original base_pd_hint available
2025-05-01,A-PEJ45W,0.022935532088953,Company_A_49,A,Europe,,0.0177115028452158,Small,watchlist,core,50,0.0069790073752749,34041246.854371905,2025-02-26,review,original base_pd_hint available
2025-05-02,A-PEJ45W,-0.0197441266426651,Company_A_49,A,Europe,,0.0177115028452158,Small,watchlist,core,50,-0.0162153073285823,34041246.854371905,2025-02-26,review,original base_pd_hint available
2025-05-05,A-PEJ45W,-0.0073255990470428,Company_A_49,A,Europe,,0.0177115028452158,Small,watchlist,core,50,-0.00847882823129,34041246.854371905,2025-02-26,review,original base_pd_hint available
2025-05-06,A-PEJ45W,0.0172195658552221,Company_A_49,A,Europe,,0.0177115028452158,Small,watchlist,core,50,-0.0161446099702318,34041246.854371905,2025-02-26,review,original base_pd_hint available
2025-05-07,A-PEJ45W,-0.0344570184636371,Company_A_49,A,Europe,,0.0177115028452158,Small,watchlist,core,50,-0.0096620235568906,34041246.854371905,2025-02-26,review,original base_pd_hint available
2025-05-09,A-PEJ45W,0.0198612187928705,Company_A_49,A,Europe,,0.0177115028452158,Small,watchlist,core,50,0.0129026337937017,34041246.854371905,2025-02-26,review,original base_pd_hint available
2025-05-12,A-PEJ45W,-0.0071614903441414,Company_A_49,A,Europe,,0.0177115028452158,Small,watchlist,core,50,-0.0022773491009264,34041246.854371905,2025-02-26,review,original base_pd_hint available
2025-06-02,A-PEJ45W,-0.0135932437904553,Company_A_49,A,Europe,,0.0177115028452158,Small,watchlist,core,50,-0.0005529602076241,34041246.854371905,2025-02-26,review,original base_pd_hint available
2025-06-03,A-PEJ45W,0.0173259459867695,Company_A_49,A,Europe,,0.0177115028452158,Small,watchlist,core,50,-0.0172330905611457,34041246.854371905,2025-02-26,review,original base_pd_hint available
2025-06-04,A-PEJ45W,0.0043019007926095,Company_A_49,A,Europe,,0.0177115028452158,Small,watchlist,core,50,0.0183184481974437,34041246.854371905,2025-02-26,review,original base_pd_hint available
2025-06-05,A-PEJ45W,0.0108613896622056,Company_A_49,A,Europe,,0.0177115028452158,Small,watchlist,core,50,0.0106371342459794,34041246.854371905,2025-02-26,review,original base_pd_hint available
2025-06-06,A-PEJ45W,-0.018464980339525,Company_A_49,A,Europe,,0.0177115028452158,Small,watchlist,core,50,,34041246.854371905,2025-02-26,review,original base_pd_hint available
2025-06-09,A-PEJ45W,,Company_A_49,A,Europe,,0.0177115028452158,Small,watchlist,core,50,0.0090953812038202,34041246.854371905,2025-02-26,review,original base_pd_hint available
2025-06-10,A-PEJ45W,-0.0163148339815416,Company_A_49,A,Europe,,0.0177115028452158,Small,watchlist,core,50,-0.0136191224008954,34041246.854371905,2025-02-26,review,original base_pd_hint available
2025-06-11,A-PEJ45W,-0.0162148451105603,Company_A_49,A,Europe,,0.0177115028452158,Small,watchlist,core,50,-0.0100323173756178,34041246.854371905,2025-02-26,review,original base_pd_hint available
2025-06-12,A-PEJ45W,0.0002373809955295,Company_A_49,A,Europe,,0.0177115028452158,Small,watchlist,core,50,0.0032989542439667,34041246.854371905,2025-02-26,review,original base_pd_hint available
2025-07-01,A-PEJ45W,-0.0226652306051572,Company_A_49,A,Europe,,0.0177115028452158,Small,watchlist,core,50,-0.0096219712289246,34041246.854371905,2025-02-26,review,original base_pd_hint available
2025-07-02,A-PEJ45W,0.0034998006831715,Company_A_49,A,Europe,,0.0177115028452158,Small,watchlist,core,50,-0.0037149241794859,34041246.854371905,2025-02-26,review,original base_pd_hint available
2025-07-03,A-PEJ45W,-0.0104165755911504,Company_A_49,A,Europe,,0.0177115028452158,Small,watchlist,core,50,-0.0043263144974688,34041246.854371905,2025-02-26,review,original base_pd_hint available
2025-07-04,A-PEJ45W,-0.0389543946602065,Company_A_49,A,Europe,,0.0177115028452158,Small,watchlist,core,50,-0.0133838372809235,34041246.854371905,2025-02-26,review,original base_pd_hint available
2025-07-08,A-PEJ45W,-0.0046996309621897,Company_A_49,A,Europe,,0.0177115028452158,Small,watchlist,core,50,,34041246.854371905,2025-02-26,review,original base_pd_hint available
2025-07-09,A-PEJ45W,-0.0150242697853182,Company_A_49,A,Europe,,0.0177115028452158,Small,watchlist,core,50,0.0094232451859564,34041246.854371905,2025-02-26,review,original base_pd_hint available
2025-07-10,A-PEJ45W,-0.0225979624280691,Company_A_49,A,Europe,,0.0177115028452158,Small,watchlist,core,50,0.0158541643653866,34041246.854371905,2025-02-26,review,original base_pd_hint available
2025-07-11,A-PEJ45W,0.0149344163511446,Company_A_49,A,Europe,,0.0177115028452158,Small,watchlist,core,50,0.012309197644808,34041246.854371905,2025-02-26,review,original base_pd_hint available
2025-08-04,A-PEJ45W,-0.0156676668050671,Company_A_49,A,Europe,,0.0177115028452158,Small,watchlist,core,50,-0.0078399411625386,34041246.854371905,2025-02-26,review,original base_pd_hint available
2025-08-05,A-PEJ45W,0.0342276400340189,Company_A_49,A,Europe,,0.0177115028452158,Small,watchlist,core,50,0.0094866941709183,34041246.854371905,2025-02-26,review,original base_pd_hint available
2025-08-06,A-PEJ45W,,Company_A_49,A,Europe,,0.0177115028452158,Small,watchlist,core,50,-0.0035578472668993,34041246.854371905,2025-02-26,review,original base_pd_hint available
2025-08-07,A-PEJ45W,-0.0095449820041916,Company_A_49,A,Europe,,0.0177115028452158,Small,watchlist,core,50,0.0095459566054523,34041246.854371905,2025-02-26,review,original base_pd_hint available
2025-08-08,A-PEJ45W,-0.0137528639047497,Company_A_49,A,Europe,,0.0177115028452158,Small,watchlist,core,50,0.0036068720141056,34041246.854371905,2025-02-26,review,original base_pd_hint available
2025-08-11,A-PEJ45W,0.002415169557506,Company_A_49,A,Europe,,0.0177115028452158,Small,watchlist,core,50,0.0009696416285378,34041246.854371905,2025-02-26,review,original base_pd_hint available
2025-08-12,A-PEJ45W,-0.0216168737238727,Company_A_49,A,Europe,,0.0177115028452158,Small,watchlist,core,50,-0.002935172692495,34041246.854371905,2025-02-26,review,original base_pd_hint available
2025-09-01,A-PEJ45W,-0.0235739488456888,Company_A_49,A,Europe,,0.0177115028452158,Small,watchlist,core,50,,34041246.854371905,2025-02-26,review,original base_pd_hint available
2025-09-02,A-PEJ45W,0.0007715927020649,Company_A_49,A,Europe,,0.0177115028452158,Small,watchlist,core,50,0.0021873458027918,34041246.854371905,2025-02-26,review,original base_pd_hint available
2025-09-03,A-PEJ45W,-0.023530872402224,Company_A_49,A,Europe,,0.0177115028452158,Small,watchlist,core,50,-0.0269105665309313,34041246.854371905,2025-02-26,review,original base_pd_hint available
2025-09-05,A-PEJ45W,-0.0185647584666829,Company_A_49,A,Europe,,0.0177115028452158,Small,watchlist,core,50,-0.0151822149727439,34041246.854371905,2025-02-26,review,original base_pd_hint available
2025-09-08,A-PEJ45W,0.0007865768352006,Company_A_49,A,Europe,,0.0177115028452158,Small,watchlist,core,50,-0.003197959946638,34041246.854371905,2025-02-26,review,original base_pd_hint available
2025-09-09,A-PEJ45W,-0.0446162481510049,Company_A_49,A,Europe,,0.0177115028452158,Small,watchlist,core,50,0.0016963673318161,34041246.854371905,2025-02-26,review,original base_pd_hint available
2025-09-10,A-PEJ45W,-0.0027427605949396,Company_A_49,A,Europe,,0.0177115028452158,Small,watchlist,core,50,-0.0182352677685309,34041246.854371905,2025-02-26,review,original base_pd_hint available
2025-09-11,A-PEJ45W,0.0210486308593434,Company_A_49,A,Europe,,0.0177115028452158,Small,watchlist,core,50,-0.0068066432691066,34041246.854371905,2025-02-26,review,original base_pd_hint available
2025-09-12,A-PEJ45W,-0.0156340955974474,Company_A_49,A,Europe,,0.0177115028452158,Small,watchlist,core,50,-0.0070989753663894,34041246.854371905,2025-02-26,review,original base_pd_hint available
2025-10-02,A-PEJ45W,0.042373678730563,Company_A_49,A,Europe,,0.0177115028452158,Small,watchlist,core,50,0.0128222583263302,34041246.854371905,2025-02-26,review,original base_pd_hint available
2025-10-03,A-PEJ45W,0.0021124997736944,Company_A_49,A,Europe,,0.0177115028452158,Small,watchlist,core,50,-0.0147715335897255,34041246.854371905,2025-02-26,review,original base_pd_hint available
2025-10-06,A-PEJ45W,0.0225683171123279,Company_A_49,A,Europe,,0.0177115028452158,Small,watchlist,core,50,0.0202534547427589,34041246.854371905,2025-02-26,review,original base_pd_hint available
2025-10-07,A-PEJ45W,-0.0225885037578029,Company_A_49,A,Europe,,0.0177115028452158,Small,watchlist,core,50,-0.0002841086384081,34041246.854371905,2025-02-26,review,original base_pd_hint available
2025-10-09,A-PEJ45W,0.0069763364873325,Company_A_49,A,Europe,,0.0177115028452158,Small,watchlist,core,50,-0.004096752034854,34041246.854371905,2025-02-26,review,original base_pd_hint available
2025-10-10,A-PEJ45W,-0.0241063621205348,Company_A_49,A,Europe,,0.0177115028452158,Small,watchlist,core,50,0.0009863909699606,34041246.854371905,2025-02-26,review,original base_pd_hint available
2025-11-03,A-PEJ45W,-0.0283301381554317,Company_A_49,A,Europe,,0.0177115028452158,Small,watchlist,core,50,,34041246.854371905,2025-02-26,review,original base_pd_hint available
2025-11-04,A-PEJ45W,-0.0121705166112391,Company_A_49,A,Europe,,0.0177115028452158,Small,watchlist,core,50,-0.0002530604133823,34041246.854371905,2025-02-26,review,original base_pd_hint available
2025-11-06,A-PEJ45W,0.006145891582761,Company_A_49,A,Europe,,0.0177115028452158,Small,watchlist,core,50,0.0088547044735975,34041246.854371905,2025-02-26,review,original base_pd_hint available
2025-11-07,A-PEJ45W,0.0046300474483321,Company_A_49,A,Europe,,0.0177115028452158,Small,watchlist,core,50,-0.0099532256341279,34041246.854371905,2025-02-26,review,original base_pd_hint available
2025-11-10,A-PEJ45W,-0.0339978550410107,Company_A_49,A,Europe,,0.0177115028452158,Small,watchlist,core,50,-0.0111179190924326,34041246.854371905,2025-02-26,review,original base_pd_hint available
2025-11-11,A-PEJ45W,0.0029932690791303,Company_A_49,A,Europe,,0.0177115028452158,Small,watchlist,core,50,0.00946653772823,34041246.854371905,2025-02-26,review,original base_pd_hint available
2025-11-12,A-PEJ45W,0.0073052776676378,Company_A_49,A,Europe,,0.0177115028452158,Small,watchlist,core,50,-0.0167516922712146,34041246.854371905,2025-02-26,review,original base_pd_hint available
2025-12-01,A-PEJ45W,0.0088588908938425,Company_A_49,A,Europe,,0.0177115028452158,Small,watchlist,core,50,0.0033863437893976,34041246.854371905,2025-02-26,review,original base_pd_hint available
2025-12-02,A-PEJ45W,-0.0190757228072532,Company_A_49,A,Europe,,0.0177115028452158,Small,watchlist,core,50,-0.0026471166291688,34041246.854371905,2025-02-26,review,original base_pd_hint available
2025-12-03,A-PEJ45W,0.0261788638839645,Company_A_49,A,Europe,,0.0177115028452158,Small,watchlist,core,50,-0.0112637381058377,34041246.854371905,2025-02-26,review,original base_pd_hint available
2025-12-04,A-PEJ45W,0.0040813509162287,Company_A_49,A,Europe,,0.0177115028452158,Small,watchlist,core,50,,34041246.854371905,2025-02-26,review,original base_pd_hint available
2025-12-05,A-PEJ45W,-0.0230629708549985,Company_A_49,A,Europe,,0.0177115028452158,Small,watchlist,core,50,-0.0003015667345061,34041246.854371905,2025-02-26,review,original base_pd_hint available
2025-12-08,A-PEJ45W,,Company_A_49,A,Europe,,0.0177115028452158,Small,watchlist,core,50,0.0131517878771854,34041246.854371905,2025-02-26,review,original base_pd_hint available
2025-12-09,A-PEJ45W,-0.0203914919331573,Company_A_49,A,Europe,,0.0177115028452158,Small,watchlist,core,50,0.0073362825364422,34041246.854371905,2025-02-26,review,original base_pd_hint available
2025-12-10,A-PEJ45W,0.0014543383153247,Company_A_49,A,Europe,,0.0177115028452158,Small,watchlist,core,50,0.0160656307289417,34041246.854371905,2025-02-26,review,original base_pd_hint available
2025-12-11,A-PEJ45W,-0.0001851030996472,Company_A_49,A,Europe,,0.0177115028452158,Small,watchlist,core,50,-0.0140858050562602,34041246.854371905,2025-02-26,review,original base_pd_hint available
2025-12-12,A-PEJ45W,0.0404841526290649,Company_A_49,A,Europe,,0.0177115028452158,Small,watchlist,core,50,0.0199773459418865,34041246.854371905,2025-02-26,review,original base_pd_hint available
2025-11-04,A-TR3J8L,-0.0161116011225124,Company_A_19,A,North America,0.4010322560752153,0.019296045567918,Large,manual review,core,90,-0.0002530604133823,37478971.28580385,2025-10-22,check formatting,original base_pd_hint available
2025-11-05,A-TR3J8L,0.00836946955571,Company_A_19,A,North America,0.4010322560752153,0.019296045567918,Large,manual review,core,90,0.008650284141478,37478971.28580385,2025-10-22,check formatting,original base_pd_hint available
2025-11-06,A-TR3J8L,0.0055106051175589,Company_A_19,A,North America,0.4010322560752153,0.019296045567918,Large,manual review,core,90,0.0088547044735975,37478971.28580385,2025-10-22,check formatting,original base_pd_hint available
2025-11-07,A-TR3J8L,0.0129292513951004,Company_A_19,A,North America,0.4010322560752153,0.019296045567918,Large,manual review,core,90,-0.0099532256341279,37478971.28580385,2025-10-22,check formatting,original base_pd_hint available
2025-11-10,A-TR3J8L,-0.00453599475734,Company_A_19,A,North America,0.4010322560752153,0.019296045567918,Large,manual review,core,90,-0.0111179190924326,37478971.28580385,2025-10-22,check formatting,original base_pd_hint available
2025-11-11,A-TR3J8L,-0.0032106032009452,Company_A_19,A,North America,0.4010322560752153,0.019296045567918,Large,manual review,core,90,0.00946653772823,37478971.28580385,2025-10-22,check formatting,original base_pd_hint available
2025-11-12,A-TR3J8L,-0.0069286851171765,Company_A_19,A,North America,0.4010322560752153,0.019296045567918,Large,manual review,core,90,-0.0167516922712146,37478971.28580385,2025-10-22,check formatting,original base_pd_hint available
2025-12-01,A-TR3J8L,0.0344331443945445,Company_A_19,A,North America,0.4010322560752153,0.019296045567918,Large,manual review,core,90,0.0033863437893976,37478971.28580385,2025-10-22,check formatting,original base_pd_hint available
2025-12-02,A-TR3J8L,0.0069034847474886,Company_A_19,A,North America,0.4010322560752153,0.019296045567918,Large,manual review,core,90,-0.0026471166291688,37478971.28580385,2025-10-22,check formatting,original base_pd_hint available
2025-12-03,A-TR3J8L,0.0139526069194334,Company_A_19,A,North America,0.4010322560752153,0.019296045567918,Large,manual review,core,90,-0.0112637381058377,37478971.28580385,2025-10-22,check formatting,original base_pd_hint available
2025-12-04,A-TR3J8L,-0.0023276935282341,Company_A_19,A,North America,0.4010322560752153,0.019296045567918,Large,manual review,core,90,,37478971.28580385,2025-10-22,check formatting,original base_pd_hint available
2025-12-05,A-TR3J8L,0.0127989272103731,Company_A_19,A,North America,0.4010322560752153,0.019296045567918,Large,manual review,core,90,-0.0003015667345061,37478971.28580385,2025-10-22,check formatting,original base_pd_hint available
2025-12-08,A-TR3J8L,0.0028977138084948,Company_A_19,A,North America,0.4010322560752153,0.019296045567918,Large,manual review,core,90,0.0131517878771854,37478971.28580385,2025-10-22,check formatting,original base_pd_hint available
2025-12-10,A-TR3J8L,0.0595071115782855,Company_A_19,A,North America,0.4010322560752153,0.019296045567918,Large,manual review,core,90,0.0160656307289417,37478971.28580385,2025-10-22,check formatting,original base_pd_hint available
2025-12-11,A-TR3J8L,-0.0365863292442276,Company_A_19,A,North America,0.4010322560752153,0.019296045567918,Large,manual review,core,90,-0.0140858050562602,37478971.28580385,2025-10-22,check formatting,original base_pd_hint available
2025-12-12,A-TR3J8L,0.0213379231125515,Company_A_19,A,North America,0.4010322560752153,0.019296045567918,Large,manual review,core,90,0.0199773459418865,37478971.28580385,2025-10-22,check formatting,original base_pd_hint available
2025-04-01,A-Y21HNQ,-0.0061554581766741,Company_A_04,A,Asia,0.483018608927679,0.0221541050150394,Mid,watchlist,satellite,97,0.0238663514233257,22213440.349451847,2025-03-19,legacy,original base_pd_hint available
2025-04-02,A-Y21HNQ,0.0191431398892656,Company_A_04,A,Asia,0.483018608927679,0.0221541050150394,Mid,watchlist,satellite,97,0.0365811489813276,22213440.349451847,2025-03-19,legacy,original base_pd_hint available
2025-04-03,A-Y21HNQ,,Company_A_04,A,Asia,0.483018608927679,0.0221541050150394,Mid,watchlist,satellite,97,0.0032623202210721,22213440.349451847,2025-03-19,legacy,original base_pd_hint available
2025-04-04,A-Y21HNQ,0.0239685661057529,Company_A_04,A,Asia,0.483018608927679,0.0221541050150394,Mid,watchlist,satellite,97,0.0046679067207236,22213440.349451847,2025-03-19,legacy,original base_pd_hint available
2025-04-07,A-Y21HNQ,0.0224276385743483,Company_A_04,A,Asia,0.483018608927679,0.0221541050150394,Mid,watchlist,satellite,97,-0.001166996716637,22213440.349451847,2025-03-19,legacy,original base_pd_hint available
2025-04-08,A-Y21HNQ,0.0344001692810554,Company_A_04,A,Asia,0.483018608927679,0.0221541050150394,Mid,watchlist,satellite,97,0.0030697914156015,22213440.349451847,2025-03-19,legacy,original base_pd_hint available
2025-04-09,A-Y21HNQ,-0.0062153187109042,Company_A_04,A,Asia,0.483018608927679,0.0221541050150394,Mid,watchlist,satellite,97,-0.0107079723341646,22213440.349451847,2025-03-19,legacy,original base_pd_hint available
2025-04-10,A-Y21HNQ,0.0126129038392749,Company_A_04,A,Asia,0.483018608927679,0.0221541050150394,Mid,watchlist,satellite,97,-0.0014083266497123,22213440.349451847,2025-03-19,legacy,original base_pd_hint available
2025-04-11,A-Y21HNQ,-0.0334744619374777,Company_A_04,A,Asia,0.483018608927679,0.0221541050150394,Mid,watchlist,satellite,97,,22213440.349451847,2025-03-19,legacy,original base_pd_hint available
2025-05-01,A-Y21HNQ,-1.1004793279627972e-05,Company_A_04,A,Asia,0.483018608927679,0.0221541050150394,Mid,watchlist,satellite,97,0.0069790073752749,22213440.349451847,2025-03-19,legacy,original base_pd_hint available
2025-05-02,A-Y21HNQ,0.0147924277403288,Company_A_04,A,Asia,0.483018608927679,0.0221541050150394,Mid,watchlist,satellite,97,-0.0162153073285823,22213440.349451847,2025-03-19,legacy,original base_pd_hint available
2025-05-05,A-Y21HNQ,-0.0012646669070698,Company_A_04,A,Asia,0.483018608927679,0.0221541050150394,Mid,watchlist,satellite,97,-0.00847882823129,22213440.349451847,2025-03-19,legacy,original base_pd_hint available
2025-05-06,A-Y21HNQ,-0.0684061805492641,Company_A_04,A,Asia,0.483018608927679,0.0221541050150394,Mid,watchlist,satellite,97,-0.0161446099702318,22213440.349451847,2025-03-19,legacy,original base_pd_hint available
2025-05-07,A-Y21HNQ,0.0358472744363465,Company_A_04,A,Asia,0.483018608927679,0.0221541050150394,Mid,watchlist,satellite,97,-0.0096620235568906,22213440.349451847,2025-03-19,legacy,original base_pd_hint available
2025-05-08,A-Y21HNQ,-0.0078785832361323,Company_A_04,A,Asia,0.483018608927679,0.0221541050150394,Mid,watchlist,satellite,97,-0.0139671320770418,22213440.349451847,2025-03-19,legacy,original base_pd_hint available
2025-05-09,A-Y21HNQ,0.0165027491381881,Company_A_04,A,Asia,0.483018608927679,0.0221541050150394,Mid,watchlist,satellite,97,0.0129026337937017,22213440.349451847,2025-03-19,legacy,original base_pd_hint available
2025-05-12,A-Y21HNQ,0.0177386273610851,Company_A_04,A,Asia,0.483018608927679,0.0221541050150394,Mid,watchlist,satellite,97,-0.0022773491009264,22213440.349451847,2025-03-19,legacy,original base_pd_hint available
2025-06-02,A-Y21HNQ,-0.0101504901918485,Company_A_04,A,Asia,0.483018608927679,0.0221541050150394,Mid,watchlist,satellite,97,-0.0005529602076241,22213440.349451847,2025-03-19,legacy,original base_pd_hint available
2025-06-03,A-Y21HNQ,-0.0096398481044016,Company_A_04,A,Asia,0.483018608927679,0.0221541050150394,Mid,watchlist,satellite,97,-0.0172330905611457,22213440.349451847,2025-03-19,legacy,original base_pd_hint available
2025-06-04,A-Y21HNQ,0.0186730414091019,Company_A_04,A,Asia,0.483018608927679,0.0221541050150394,Mid,watchlist,satellite,97,0.0183184481974437,22213440.349451847,2025-03-19,legacy,original base_pd_hint available
2025-06-06,A-Y21HNQ,0.038508680094066,Company_A_04,A,Asia,0.483018608927679,0.0221541050150394,Mid,watchlist,satellite,97,,22213440.349451847,2025-03-19,legacy,original base_pd_hint available
2025-06-09,A-Y21HNQ,0.0345010070030154,Company_A_04,A,Asia,0.483018608927679,0.0221541050150394,Mid,watchlist,satellite,97,0.0090953812038202,22213440.349451847,2025-03-19,legacy,original base_pd_hint available
2025-06-10,A-Y21HNQ,0.0055684449926144,Company_A_04,A,Asia,0.483018608927679,0.0221541050150394,Mid,watchlist,satellite,97,-0.0136191224008954,22213440.349451847,2025-03-19,legacy,original base_pd_hint available
2025-06-11,A-Y21HNQ,-0.010703076534304,Company_A_04,A,Asia,0.483018608927679,0.0221541050150394,Mid,watchlist,satellite,97,-0.0100323173756178,22213440.349451847,2025-03-19,legacy,original base_pd_hint available
2025-06-12,A-Y21HNQ,,Company_A_04,A,Asia,0.483018608927679,0.0221541050150394,Mid,watchlist,satellite,97,0.0032989542439667,22213440.349451847,2025-03-19,legacy,original base_pd_hint available
2025-07-01,A-Y21HNQ,-0.0030702234069909,Company_A_04,A,Asia,0.483018608927679,0.0221541050150394,Mid,watchlist,satellite,97,-0.0096219712289246,22213440.349451847,2025-03-19,legacy,original base_pd_hint available
2025-07-02,A-Y21HNQ,0.0063845282204126,Company_A_04,A,Asia,0.483018608927679,0.0221541050150394,Mid,watchlist,satellite,97,-0.0037149241794859,22213440.349451847,2025-03-19,legacy,original base_pd_hint available
2025-07-03,A-Y21HNQ,-0.0289226333209676,Company_A_04,A,Asia,0.483018608927679,0.0221541050150394,Mid,watchlist,satellite,97,-0.0043263144974688,22213440.349451847,2025-03-19,legacy,original base_pd_hint available
2025-07-04,A-Y21HNQ,-0.0197789817752827,Company_A_04,A,Asia,0.483018608927679,0.0221541050150394,Mid,watchlist,satellite,97,-0.0133838372809235,22213440.349451847,2025-03-19,legacy,original base_pd_hint available
2025-07-08,A-Y21HNQ,-0.0198715509221385,Company_A_04,A,Asia,0.483018608927679,0.0221541050150394,Mid,watchlist,satellite,97,,22213440.349451847,2025-03-19,legacy,original base_pd_hint available
2025-07-10,A-Y21HNQ,0.0071496222558111,Company_A_04,A,Asia,0.483018608927679,0.0221541050150394,Mid,watchlist,satellite,97,0.0158541643653866,22213440.349451847,2025-03-19,legacy,original base_pd_hint available
2025-07-11,A-Y21HNQ,-0.0031742067742001,Company_A_04,A,Asia,0.483018608927679,0.0221541050150394,Mid,watchlist,satellite,97,0.012309197644808,22213440.349451847,2025-03-19,legacy,original base_pd_hint available
2025-08-01,A-Y21HNQ,0.0468277290684446,Company_A_04,A,Asia,0.483018608927679,0.0221541050150394,Mid,watchlist,satellite,97,0.0105578088644496,22213440.349451847,2025-03-19,legacy,original base_pd_hint available
2025-08-04,A-Y21HNQ,0.0010743885635318,Company_A_04,A,Asia,0.483018608927679,0.0221541050150394,Mid,watchlist,satellite,97,-0.0078399411625386,22213440.349451847,2025-03-19,legacy,original base_pd_hint available
2025-08-05,A-Y21HNQ,0.0009703361621739,Company_A_04,A,Asia,0.483018608927679,0.0221541050150394,Mid,watchlist,satellite,97,0.0094866941709183,22213440.349451847,2025-03-19,legacy,original base_pd_hint available
2025-08-06,A-Y21HNQ,-0.0056701652348657,Company_A_04,A,Asia,0.483018608927679,0.0221541050150394,Mid,watchlist,satellite,97,-0.0035578472668993,22213440.349451847,2025-03-19,legacy,original base_pd_hint available
2025-08-07,A-Y21HNQ,0.0153652904354409,Company_A_04,A,Asia,0.483018608927679,0.0221541050150394,Mid,watchlist,satellite,97,0.0095459566054523,22213440.349451847,2025-03-19,legacy,original base_pd_hint available
2025-08-08,A-Y21HNQ,0.0334093923625784,Company_A_04,A,Asia,0.483018608927679,0.0221541050150394,Mid,watchlist,satellite,97,0.0036068720141056,22213440.349451847,2025-03-19,legacy,original base_pd_hint available
2025-08-11,A-Y21HNQ,-0.00877965163176,Company_A_04,A,Asia,0.483018608927679,0.0221541050150394,Mid,watchlist,satellite,97,0.0009696416285378,22213440.349451847,2025-03-19,legacy,original base_pd_hint available
2025-08-12,A-Y21HNQ,-0.0159851232459851,Company_A_04,A,Asia,0.483018608927679,0.0221541050150394,Mid,watchlist,satellite,97,-0.002935172692495,22213440.349451847,2025-03-19,legacy,original base_pd_hint available
2025-09-01,A-Y21HNQ,0.0119047558178138,Company_A_04,A,Asia,0.483018608927679,0.0221541050150394,Mid,watchlist,satellite,97,,22213440.349451847,2025-03-19,legacy,original base_pd_hint available
2025-09-02,A-Y21HNQ,-0.00056154984873,Company_A_04,A,Asia,0.483018608927679,0.0221541050150394,Mid,watchlist,satellite,97,0.0021873458027918,22213440.349451847,2025-03-19,legacy,original base_pd_hint available
2025-09-03,A-Y21HNQ,0.0360525011513524,Company_A_04,A,Asia,0.483018608927679,0.0221541050150394,Mid,watchlist,satellite,97,-0.0269105665309313,22213440.349451847,2025-03-19,legacy,original base_pd_hint available
2025-09-04,A-Y21HNQ,,Company_A_04,A,Asia,0.483018608927679,0.0221541050150394,Mid,watchlist,satellite,97,-0.0109398895694683,22213440.349451847,2025-03-19,legacy,original base_pd_hint available
2025-09-05,A-Y21HNQ,0.0088281228991613,Company_A_04,A,Asia,0.483018608927679,0.0221541050150394,Mid,watchlist,satellite,97,-0.0151822149727439,22213440.349451847,2025-03-19,legacy,original base_pd_hint available
2025-09-08,A-Y21HNQ,-0.0301465081805585,Company_A_04,A,Asia,0.483018608927679,0.0221541050150394,Mid,watchlist,satellite,97,-0.003197959946638,22213440.349451847,2025-03-19,legacy,original base_pd_hint available
2025-09-09,A-Y21HNQ,-0.0030335157722101,Company_A_04,A,Asia,0.483018608927679,0.0221541050150394,Mid,watchlist,satellite,97,0.0016963673318161,22213440.349451847,2025-03-19,legacy,original base_pd_hint available
2025-09-10,A-Y21HNQ,-0.0388484297180748,Company_A_04,A,Asia,0.483018608927679,0.0221541050150394,Mid,watchlist,satellite,97,-0.0182352677685309,22213440.349451847,2025-03-19,legacy,original base_pd_hint available
2025-09-11,A-Y21HNQ,-0.0008143481436495,Company_A_04,A,Asia,0.483018608927679,0.0221541050150394,Mid,watchlist,satellite,97,-0.0068066432691066,22213440.349451847,2025-03-19,legacy,original base_pd_hint available
2025-09-12,A-Y21HNQ,-0.0046717157286939,Company_A_04,A,Asia,0.483018608927679,0.0221541050150394,Mid,watchlist,satellite,97,-0.0070989753663894,22213440.349451847,2025-03-19,legacy,original base_pd_hint available
2025-10-01,A-Y21HNQ,-0.0076273248035505,Company_A_04,A,Asia,0.483018608927679,0.0221541050150394,Mid,watchlist,satellite,97,0.0100992546753692,22213440.349451847,2025-03-19,legacy,original base_pd_hint available
2025-10-03,A-Y21HNQ,-0.017165343198346,Company_A_04,A,Asia,0.483018608927679,0.0221541050150394,Mid,watchlist,satellite,97,-0.0147715335897255,22213440.349451847,2025-03-19,legacy,original base_pd_hint available
2025-10-06,A-Y21HNQ,0.0112701830633442,Company_A_04,A,Asia,0.483018608927679,0.0221541050150394,Mid,watchlist,satellite,97,0.0202534547427589,22213440.349451847,2025-03-19,legacy,original base_pd_hint available
2025-10-07,A-Y21HNQ,-0.0019172800167196,Company_A_04,A,Asia,0.483018608927679,0.0221541050150394,Mid,watchlist,satellite,97,-0.0002841086384081,22213440.349451847,2025-03-19,legacy,original base_pd_hint available
2025-10-08,A-Y21HNQ,-0.0093261866203913,Company_A_04,A,Asia,0.483018608927679,0.0221541050150394,Mid,watchlist,satellite,97,-0.0240693646725217,22213440.349451847,2025-03-19,legacy,original base_pd_hint available
2025-10-09,A-Y21HNQ,-0.0134245515851099,Company_A_04,A,Asia,0.483018608927679,0.0221541050150394,Mid,watchlist,satellite,97,-0.004096752034854,22213440.349451847,2025-03-19,legacy,original base_pd_hint available
2025-10-10,A-Y21HNQ,-0.0131097328243918,Company_A_04,A,Asia,0.483018608927679,0.0221541050150394,Mid,watchlist,satellite,97,0.0009863909699606,22213440.349451847,2025-03-19,legacy,original base_pd_hint available
2025-11-03,A-Y21HNQ,0.0106459556478087,Company_A_04,A,Asia,0.483018608927679,0.0221541050150394,Mid,watchlist,satellite,97,,22213440.349451847,2025-03-19,legacy,original base_pd_hint available
2025-11-04,A-Y21HNQ,0.0053163608454389,Company_A_04,A,Asia,0.483018608927679,0.0221541050150394,Mid,watchlist,satellite,97,-0.0002530604133823,22213440.349451847,2025-03-19,legacy,original base_pd_hint available
2025-11-05,A-Y21HNQ,-0.0187865922749286,Company_A_04,A,Asia,0.483018608927679,0.0221541050150394,Mid,watchlist,satellite,97,0.008650284141478,22213440.349451847,2025-03-19,legacy,original base_pd_hint available
2025-11-06,A-Y21HNQ,0.0207627090557332,Company_A_04,A,Asia,0.483018608927679,0.0221541050150394,Mid,watchlist,satellite,97,0.0088547044735975,22213440.349451847,2025-03-19,legacy,original base_pd_hint available
2025-11-07,A-Y21HNQ,0.005790277009543,Company_A_04,A,Asia,0.483018608927679,0.0221541050150394,Mid,watchlist,satellite,97,-0.0099532256341279,22213440.349451847,2025-03-19,legacy,original base_pd_hint available
2025-11-10,A-Y21HNQ,0.008650069215069,Company_A_04,A,Asia,0.483018608927679,0.0221541050150394,Mid,watchlist,satellite,97,-0.0111179190924326,22213440.349451847,2025-03-19,legacy,original base_pd_hint available
2025-11-11,A-Y21HNQ,0.0129712337079148,Company_A_04,A,Asia,0.483018608927679,0.0221541050150394,Mid,watchlist,satellite,97,0.00946653772823,22213440.349451847,2025-03-19,legacy,original base_pd_hint available
2025-11-12,A-Y21HNQ,-0.0019338760117698,Company_A_04,A,Asia,0.483018608927679,0.0221541050150394,Mid,watchlist,satellite,97,-0.0167516922712146,22213440.349451847,2025-03-19,legacy,original base_pd_hint available
2025-12-01,A-Y21HNQ,0.041724335609637,Company_A_04,A,Asia,0.483018608927679,0.0221541050150394,Mid,watchlist,satellite,97,0.0033863437893976,22213440.349451847,2025-03-19,legacy,original base_pd_hint available
2025-12-02,A-Y21HNQ,0.0035050258612262,Company_A_04,A,Asia,0.483018608927679,0.0221541050150394,Mid,watchlist,satellite,97,-0.0026471166291688,22213440.349451847,2025-03-19,legacy,original base_pd_hint available
2025-12-04,A-Y21HNQ,-0.0012139673614165,Company_A_04,A,Asia,0.483018608927679,0.0221541050150394,Mid,watchlist,satellite,97,,22213440.349451847,2025-03-19,legacy,original base_pd_hint available
2025-12-05,A-Y21HNQ,0.0081428752393195,Company_A_04,A,Asia,0.483018608927679,0.0221541050150394,Mid,watchlist,satellite,97,-0.0003015667345061,22213440.349451847,2025-03-19,legacy,original base_pd_hint available
2025-12-08,A-Y21HNQ,-0.0167342755983893,Company_A_04,A,Asia,0.483018608927679,0.0221541050150394,Mid,watchlist,satellite,97,0.0131517878771854,22213440.349451847,2025-03-19,legacy,original base_pd_hint available
2025-12-09,A-Y21HNQ,-0.0092675441743303,Company_A_04,A,Asia,0.483018608927679,0.0221541050150394,Mid,watchlist,satellite,97,0.0073362825364422,22213440.349451847,2025-03-19,legacy,original base_pd_hint available
2025-12-10,A-Y21HNQ,0.0147453465045602,Company_A_04,A,Asia,0.483018608927679,0.0221541050150394,Mid,watchlist,satellite,97,0.0160656307289417,22213440.349451847,2025-03-19,legacy,original base_pd_hint available
2025-12-11,A-Y21HNQ,-0.0521446801172125,Company_A_04,A,Asia,0.483018608927679,0.0221541050150394,Mid,watchlist,satellite,97,-0.0140858050562602,22213440.349451847,2025-03-19,legacy,original base_pd_hint available
2025-12-12,A-Y21HNQ,0.0105365597048531,Company_A_04,A,Asia,0.483018608927679,0.0221541050150394,Mid,watchlist,satellite,97,0.0199773459418865,22213440.349451847,2025-03-19,legacy,original base_pd_hint available
2025-10-01,B-0T5M74,0.0320096908813981,Company_B_21,B,Asia,0.5296418000808659,0.0492455131191174,Mid,stable,satellite,91,,23503013.833790183,2025-09-24,new,original base_pd_hint available
2025-10-02,B-0T5M74,-0.0262211144823401,Company_B_21,B,Asia,0.5296418000808659,0.0492455131191174,Mid,stable,satellite,91,-0.0139835436674951,23503013.833790183,2025-09-24,new,original base_pd_hint available
2025-10-03,B-0T5M74,-0.0418957214152643,Company_B_21,B,Asia,0.5296418000808659,0.0492455131191174,Mid,stable,satellite,91,0.0012570528124232,23503013.833790183,2025-09-24,new,original base_pd_hint available
2025-10-06,B-0T5M74,0.0946028564198624,Company_B_21,B,Asia,0.5296418000808659,0.0492455131191174,Mid,stable,satellite,91,0.0191824545318301,23503013.833790183,2025-09-24,new,original base_pd_hint available
2025-10-07,B-0T5M74,-0.0380048759212271,Company_B_21,B,Asia,0.5296418000808659,0.0492455131191174,Mid,stable,satellite,91,-0.0315562534880117,23503013.833790183,2025-09-24,new,original base_pd_hint available
2025-10-08,B-0T5M74,-0.0172588003483608,Company_B_21,B,Asia,0.5296418000808659,0.0492455131191174,Mid,stable,satellite,91,-0.0126125562157682,23503013.833790183,2025-09-24,new,original base_pd_hint available
2025-10-09,B-0T5M74,-0.0252964097964782,Company_B_21,B,Asia,0.5296418000808659,0.0492455131191174,Mid,stable,satellite,91,-0.0182787295370303,23503013.833790183,2025-09-24,new,original base_pd_hint available
2025-11-03,B-0T5M74,0.0090693946450332,Company_B_21,B,Asia,0.5296418000808659,0.0492455131191174,Mid,stable,satellite,91,-0.0005455947933683,23503013.833790183,2025-09-24,new,original base_pd_hint available
2025-11-04,B-0T5M74,-0.0412770810148184,Company_B_21,B,Asia,0.5296418000808659,0.0492455131191174,Mid,stable,satellite,91,-0.0227663271628853,23503013.833790183,2025-09-24,new,original base_pd_hint available
2025-11-05,B-0T5M74,0.033772453215339,Company_B_21,B,Asia,0.5296418000808659,0.0492455131191174,Mid,stable,satellite,91,0.0329021640544153,23503013.833790183,2025-09-24,new,original base_pd_hint available
2025-11-06,B-0T5M74,0.0321655405591406,Company_B_21,B,Asia,0.5296418000808659,0.0492455131191174,Mid,stable,satellite,91,0.0261796770562837,23503013.833790183,2025-09-24,new,original base_pd_hint available
2025-11-07,B-0T5M74,0.0082964332402632,Company_B_21,B,Asia,0.5296418000808659,0.0492455131191174,Mid,stable,satellite,91,-0.0026152260671159,23503013.833790183,2025-09-24,new,original base_pd_hint available
2025-11-10,B-0T5M74,-0.000958294773249,Company_B_21,B,Asia,0.5296418000808659,0.0492455131191174,Mid,stable,satellite,91,-0.0099451696321556,23503013.833790183,2025-09-24,new,original base_pd_hint available
2025-11-11,B-0T5M74,0.0118009615587316,Company_B_21,B,Asia,0.5296418000808659,0.0492455131191174,Mid,stable,satellite,91,0.0071147820767182,23503013.833790183,2025-09-24,new,original base_pd_hint available
2025-12-01,B-0T5M74,-0.0104528174288097,Company_B_21,B,Asia,0.5296418000808659,0.0492455131191174,Mid,stable,satellite,91,0.0032907517570993,23503013.833790183,2025-09-24,new,original base_pd_hint available
2025-12-02,B-0T5M74,-0.0227198430879604,Company_B_21,B,Asia,0.5296418000808659,0.0492455131191174,Mid,stable,satellite,91,,23503013.833790183,2025-09-24,new,original base_pd_hint available
2025-12-03,B-0T5M74,0.0100441988484992,Company_B_21,B,Asia,0.5296418000808659,0.0492455131191174,Mid,stable,satellite,91,-0.0108077946280547,23503013.833790183,2025-09-24,new,original base_pd_hint available
2025-12-04,B-0T5M74,0.0297428266781558,Company_B_21,B,Asia,0.5296418000808659,0.0492455131191174,Mid,stable,satellite,91,0.0224254442272963,23503013.833790183,2025-09-24,new,original base_pd_hint available
2025-12-05,B-0T5M74,-0.0313908170018943,Company_B_21,B,Asia,0.5296418000808659,0.0492455131191174,Mid,stable,satellite,91,0.0141371876711961,23503013.833790183,2025-09-24,new,original base_pd_hint available
2025-12-08,B-0T5M74,0.0360643480305966,Company_B_21,B,Asia,0.5296418000808659,0.0492455131191174,Mid,stable,satellite,91,0.004564055137615,23503013.833790183,2025-09-24,new,original base_pd_hint available
2025-12-09,B-0T5M74,-0.0035731276985611,Company_B_21,B,Asia,0.5296418000808659,0.0492455131191174,Mid,stable,satellite,91,,23503013.833790183,2025-09-24,new,original base_pd_hint available
2025-12-10,B-0T5M74,0.0183557259507003,Company_B_21,B,Asia,0.5296418000808659,0.0492455131191174,Mid,stable,satellite,91,0.0187045985583545,23503013.833790183,2025-09-24,new,original base_pd_hint available
2025-12-11,B-0T5M74,-0.0028801435339272,Company_B_21,B,Asia,0.5296418000808659,0.0492455131191174,Mid,stable,satellite,91,-0.0061635450064645,23503013.833790183,2025-09-24,new,original base_pd_hint available
2025-12-12,B-0T5M74,-0.0103197870328865,Company_B_21,B,Asia,0.5296418000808659,0.0492455131191174,Mid,stable,satellite,91,0.0093768957427672,23503013.833790183,2025-09-24,new,original base_pd_hint available
2025-05-01,B-3C5B0M,0.0381352990691034,Company_B_49,B,Asia,0.4443808041150874,0.0260411132965198,Mid,watchlist,satellite,76,0.0140277458538761,10399909.38947166,2025-04-30,review,original base_pd_hint available
2025-05-02,B-3C5B0M,-1.321470894244392e-05,Company_B_49,B,Asia,0.4443808041150874,0.0260411132965198,Mid,watchlist,satellite,76,-0.0237675804038153,10399909.38947166,2025-04-30,review,original base_pd_hint available
2025-05-05,B-3C5B0M,0.0031969019210674,Company_B_49,B,Asia,0.4443808041150874,0.0260411132965198,Mid,watchlist,satellite,76,-0.0102126348852569,10399909.38947166,2025-04-30,review,original base_pd_hint available
2025-05-06,B-3C5B0M,-0.0192089552248892,Company_B_49,B,Asia,0.4443808041150874,0.0260411132965198,Mid,watchlist,satellite,76,-0.030025691323182,10399909.38947166,2025-04-30,review,original base_pd_hint available
2025-05-07,B-3C5B0M,0.0173033790190764,Company_B_49,B,Asia,0.4443808041150874,0.0260411132965198,Mid,watchlist,satellite,76,-0.0045847799145338,10399909.38947166,2025-04-30,review,original base_pd_hint available
2025-05-08,B-3C5B0M,0.0108021536304474,Company_B_49,B,Asia,0.4443808041150874,0.0260411132965198,Mid,watchlist,satellite,76,-0.0100549327049622,10399909.38947166,2025-04-30,review,original base_pd_hint available
2025-05-09,B-3C5B0M,0.011037690153096,Company_B_49,B,Asia,0.4443808041150874,0.0260411132965198,Mid,watchlist,satellite,76,-0.0108788433685402,10399909.38947166,2025-04-30,review,original base_pd_hint available
2025-05-12,B-3C5B0M,0.0323013346269001,Company_B_49,B,Asia,0.4443808041150874,0.0260411132965198,Mid,watchlist,satellite,76,0.013255782941715,10399909.38947166,2025-04-30,review,original base_pd_hint available
2025-06-02,B-3C5B0M,0.0098984206816658,Company_B_49,B,Asia,0.4443808041150874,0.0260411132965198,Mid,watchlist,satellite,76,0.0084439877167436,10399909.38947166,2025-04-30,review,original base_pd_hint available
2025-06-03,B-3C5B0M,-0.0289118983704816,Company_B_49,B,Asia,0.4443808041150874,0.0260411132965198,Mid,watchlist,satellite,76,-0.0167736228582782,10399909.38947166,2025-04-30,review,original base_pd_hint available
2025-06-04,B-3C5B0M,0.0048581031945191,Company_B_49,B,Asia,0.4443808041150874,0.0260411132965198,Mid,watchlist,satellite,76,-0.0043931427354546,10399909.38947166,2025-04-30,review,original base_pd_hint available
2025-06-05,B-3C5B0M,0.012689728230767,Company_B_49,B,Asia,0.4443808041150874,0.0260411132965198,Mid,watchlist,satellite,76,-0.0005637740370175,10399909.38947166,2025-04-30,review,original base_pd_hint available
2025-06-06,B-3C5B0M,-0.0087010606389979,Company_B_49,B,Asia,0.4443808041150874,0.0260411132965198,Mid,watchlist,satellite,76,,10399909.38947166,2025-04-30,review,original base_pd_hint available
2025-06-09,B-3C5B0M,0.0698557839711903,Company_B_49,B,Asia,0.4443808041150874,0.0260411132965198,Mid,watchlist,satellite,76,0.0184277164951934,10399909.38947166,2025-04-30,review,original base_pd_hint available
2025-06-10,B-3C5B0M,0.0427885130597548,Company_B_49,B,Asia,0.4443808041150874,0.0260411132965198,Mid,watchlist,satellite,76,0.0077210052577763,10399909.38947166,2025-04-30,review,original base_pd_hint available
2025-06-11,B-3C5B0M,0.0011210502388652,Company_B_49,B,Asia,0.4443808041150874,0.0260411132965198,Mid,watchlist,satellite,76,-0.0023309390995482,10399909.38947166,2025-04-30,review,original base_pd_hint available
2025-06-12,B-3C5B0M,0.0267696137617887,Company_B_49,B,Asia,0.4443808041150874,0.0260411132965198,Mid,watchlist,satellite,76,0.008891025310106,10399909.38947166,2025-04-30,review,original base_pd_hint available
2025-07-01,B-3C5B0M,0.0042885324514009,Company_B_49,B,Asia,0.4443808041150874,0.0260411132965198,Mid,watchlist,satellite,76,,10399909.38947166,2025-04-30,review,original base_pd_hint available
2025-07-02,B-3C5B0M,-0.0353385727005667,Company_B_49,B,Asia,0.4443808041150874,0.0260411132965198,Mid,watchlist,satellite,76,-0.0047848339291268,10399909.38947166,2025-04-30,review,original base_pd_hint available
2025-07-03,B-3C5B0M,-0.0257319133307945,Company_B_49,B,Asia,0.4443808041150874,0.0260411132965198,Mid,watchlist,satellite,76,-0.0300041296283168,10399909.38947166,2025-04-30,review,original base_pd_hint available
2025-07-04,B-3C5B0M,0.0049982795089001,Company_B_49,B,Asia,0.4443808041150874,0.0260411132965198,Mid,watchlist,satellite,76,0.0056822404651326,10399909.38947166,2025-04-30,review,original base_pd_hint available
2025-07-07,B-3C5B0M,-0.0247157747642199,Company_B_49,B,Asia,0.4443808041150874,0.0260411132965198,Mid,watchlist,satellite,76,-0.0260411084866903,10399909.38947166,2025-04-30,review,original base_pd_hint available
2025-07-08,B-3C5B0M,,Company_B_49,B,Asia,0.4443808041150874,0.0260411132965198,Mid,watchlist,satellite,76,,10399909.38947166,2025-04-30,review,original base_pd_hint available
2025-07-09,B-3C5B0M,,Company_B_49,B,Asia,0.4443808041150874,0.0260411132965198,Mid,watchlist,satellite,76,-0.0023271599388046,10399909.38947166,2025-04-30,review,original base_pd_hint available
2025-07-10,B-3C5B0M,0.0114835022702009,Company_B_49,B,Asia,0.4443808041150874,0.0260411132965198,Mid,watchlist,satellite,76,,10399909.38947166,2025-04-30,review,original base_pd_hint available
2025-07-11,B-3C5B0M,-0.0034095413331823,Company_B_49,B,Asia,0.4443808041150874,0.0260411132965198,Mid,watchlist,satellite,76,-0.0120507403461468,10399909.38947166,2025-04-30,review,original base_pd_hint available
2025-08-01,B-3C5B0M,-0.0078700069904685,Company_B_49,B,Asia,0.4443808041150874,0.0260411132965198,Mid,watchlist,satellite,76,0.0040039417401903,10399909.38947166,2025-04-30,review,original base_pd_hint available
2025-08-04,B-3C5B0M,0.0092196868530744,Company_B_49,B,Asia,0.4443808041150874,0.0260411132965198,Mid,watchlist,satellite,76,0.0114973593521953,10399909.38947166,2025-04-30,review,original base_pd_hint available
2025-08-05,B-3C5B0M,0.004672945113991,Company_B_49,B,Asia,0.4443808041150874,0.0260411132965198,Mid,watchlist,satellite,76,-0.0172789147832154,10399909.38947166,2025-04-30,review,original base_pd_hint available
2025-08-06,B-3C5B0M,-0.0082575306221516,Company_B_49,B,Asia,0.4443808041150874,0.0260411132965198,Mid,watchlist,satellite,76,0.0002102521817928,10399909.38947166,2025-04-30,review,original base_pd_hint available
2025-08-07,B-3C5B0M,-0.0030416330671061,Company_B_49,B,Asia,0.4443808041150874,0.0260411132965198,Mid,watchlist,satellite,76,0.0187115199297718,10399909.38947166,2025-04-30,review,original base_pd_hint available
2025-08-08,B-3C5B0M,0.0420442138507433,Company_B_49,B,Asia,0.4443808041150874,0.0260411132965198,Mid,watchlist,satellite,76,0.0105064073241729,10399909.38947166,2025-04-30,review,original base_pd_hint available
2025-08-11,B-3C5B0M,0.0070925764670743,Company_B_49,B,Asia,0.4443808041150874,0.0260411132965198,Mid,watchlist,satellite,76,-0.0090665158126864,10399909.38947166,2025-04-30,review,original base_pd_hint available
2025-08-12,B-3C5B0M,-0.0299457860951295,Company_B_49,B,Asia,0.4443808041150874,0.0260411132965198,Mid,watchlist,satellite,76,-0.0015097488640975,10399909.38947166,2025-04-30,review,original base_pd_hint available
2025-09-01,B-3C5B0M,-0.0405448611699788,Company_B_49,B,Asia,0.4443808041150874,0.0260411132965198,Mid,watchlist,satellite,76,-0.0182440765094434,10399909.38947166,2025-04-30,review,original base_pd_hint available
2025-09-02,B-3C5B0M,,Company_B_49,B,Asia,0.4443808041150874,0.0260411132965198,Mid,watchlist,satellite,76,0.000493033588286,10399909.38947166,2025-04-30,review,original base_pd_hint available
2025-09-03,B-3C5B0M,0.0035878564147016,Company_B_49,B,Asia,0.4443808041150874,0.0260411132965198,Mid,watchlist,satellite,76,-0.0130870635919819,10399909.38947166,2025-04-30,review,original base_pd_hint available
2025-09-04,B-3C5B0M,-0.0171768883536528,Company_B_49,B,Asia,0.4443808041150874,0.0260411132965198,Mid,watchlist,satellite,76,0.0003558120086072,10399909.38947166,2025-04-30,review,original base_pd_hint available
2025-09-05,B-3C5B0M,0.004172187926933,Company_B_49,B,Asia,0.4443808041150874,0.0260411132965198,Mid,watchlist,satellite,76,-0.0087005818517411,10399909.38947166,2025-04-30,review,original base_pd_hint available
2025-09-08,B-3C5B0M,-0.0380342459940123,Company_B_49,B,Asia,0.4443808041150874,0.0260411132965198,Mid,watchlist,satellite,76,0.0023920822452534,10399909.38947166,2025-04-30,review,original base_pd_hint available
2025-09-09,B-3C5B0M,0.0190834403733347,Company_B_49,B,Asia,0.4443808041150874,0.0260411132965198,Mid,watchlist,satellite,76,-0.0026480819129213,10399909.38947166,2025-04-30,review,original base_pd_hint available
2025-09-10,B-3C5B0M,-0.0029570276454584,Company_B_49,B,Asia,0.4443808041150874,0.0260411132965198,Mid,watchlist,satellite,76,-0.0320681829492234,10399909.38947166,2025-04-30,review,original base_pd_hint available
2025-09-11,B-3C5B0M,-0.0084534949272308,Company_B_49,B,Asia,0.4443808041150874,0.0260411132965198,Mid,watchlist,satellite,76,-0.0042222927259599,10399909.38947166,2025-04-30,review,original base_pd_hint available
2025-09-12,B-3C5B0M,-0.005518943128617,Company_B_49,B,Asia,0.4443808041150874,0.0260411132965198,Mid,watchlist,satellite,76,0.0046539284908583,10399909.38947166,2025-04-30,review,original base_pd_hint available
2025-10-01,B-3C5B0M,-0.0246237291695294,Company_B_49,B,Asia,0.4443808041150874,0.0260411132965198,Mid,watchlist,satellite,76,,10399909.38947166,2025-04-30,review,original base_pd_hint available
2025-10-03,B-3C5B0M,0.0432116676502176,Company_B_49,B,Asia,0.4443808041150874,0.0260411132965198,Mid,watchlist,satellite,76,0.0012570528124232,10399909.38947166,2025-04-30,review,original base_pd_hint available
2025-10-06,B-3C5B0M,-0.0024320258838115,Company_B_49,B,Asia,0.4443808041150874,0.0260411132965198,Mid,watchlist,satellite,76,0.0191824545318301,10399909.38947166,2025-04-30,review,original base_pd_hint available
2025-10-08,B-3C5B0M,-0.0091634973128911,Company_B_49,B,Asia,0.4443808041150874,0.0260411132965198,Mid,watchlist,satellite,76,-0.0126125562157682,10399909.38947166,2025-04-30,review,original base_pd_hint available
2025-10-09,B-3C5B0M,-0.0164195088085647,Company_B_49,B,Asia,0.4443808041150874,0.0260411132965198,Mid,watchlist,satellite,76,-0.0182787295370303,10399909.38947166,2025-04-30,review,original base_pd_hint available
2025-10-10,B-3C5B0M,0.0059121078789343,Company_B_49,B,Asia,0.4443808041150874,0.0260411132965198,Mid,watchlist,satellite,76,0.0022168841621003,10399909.38947166,2025-04-30,review,original base_pd_hint available
2025-11-03,B-3C5B0M,-0.0175055708713781,Company_B_49,B,Asia,0.4443808041150874,0.0260411132965198,Mid,watchlist,satellite,76,-0.0005455947933683,10399909.38947166,2025-04-30,review,original base_pd_hint available
2025-11-04,B-3C5B0M,-0.0324362094378753,Company_B_49,B,Asia,0.4443808041150874,0.0260411132965198,Mid,watchlist,satellite,76,-0.0227663271628853,10399909.38947166,2025-04-30,review,original base_pd_hint available
2025-11-05,B-3C5B0M,0.0185757688008811,Company_B_49,B,Asia,0.4443808041150874,0.0260411132965198,Mid,watchlist,satellite,76,0.0329021640544153,10399909.38947166,2025-04-30,review,original base_pd_hint available
2025-11-07,B-3C5B0M,0.0178163404958258,Company_B_49,B,Asia,0.4443808041150874,0.0260411132965198,Mid,watchlist,satellite,76,-0.0026152260671159,10399909.38947166,2025-04-30,review,original base_pd_hint available
2025-11-10,B-3C5B0M,-0.0109790500203525,Company_B_49,B,Asia,0.4443808041150874,0.0260411132965198,Mid,watchlist,satellite,76,-0.0099451696321556,10399909.38947166,2025-04-30,review,original base_pd_hint available
2025-11-11,B-3C5B0M,0.0096544559630672,Company_B_49,B,Asia,0.4443808041150874,0.0260411132965198,Mid,watchlist,satellite,76,0.0071147820767182,10399909.38947166,2025-04-30,review,original base_pd_hint available
2025-11-12,B-3C5B0M,-0.0239855375131537,Company_B_49,B,Asia,0.4443808041150874,0.0260411132965198,Mid,watchlist,satellite,76,-0.0288607520326152,10399909.38947166,2025-04-30,review,original base_pd_hint available
2025-12-01,B-3C5B0M,-0.0379918170020703,Company_B_49,B,Asia,0.4443808041150874,0.0260411132965198,Mid,watchlist,satellite,76,0.0032907517570993,10399909.38947166,2025-04-30,review,original base_pd_hint available
2025-12-02,B-3C5B0M,-0.0069527118985283,Company_B_49,B,Asia,0.4443808041150874,0.0260411132965198,Mid,watchlist,satellite,76,,10399909.38947166,2025-04-30,review,original base_pd_hint available
2025-12-04,B-3C5B0M,0.015266093221516,Company_B_49,B,Asia,0.4443808041150874,0.0260411132965198,Mid,watchlist,satellite,76,0.0224254442272963,10399909.38947166,2025-04-30,review,original base_pd_hint available
2025-12-05,B-3C5B0M,-0.0155489789712728,Company_B_49,B,Asia,0.4443808041150874,0.0260411132965198,Mid,watchlist,satellite,76,0.0141371876711961,10399909.38947166,2025-04-30,review,original base_pd_hint available
2025-12-08,B-3C5B0M,1.987637347899713e-05,Company_B_49,B,Asia,0.4443808041150874,0.0260411132965198,Mid,watchlist,satellite,76,0.004564055137615,10399909.38947166,2025-04-30,review,original base_pd_hint available
2025-12-09,B-3C5B0M,0.0050669060883043,Company_B_49,B,Asia,0.4443808041150874,0.0260411132965198,Mid,watchlist,satellite,76,,10399909.38947166,2025-04-30,review,original base_pd_hint available
2025-12-10,B-3C5B0M,0.0013789772510908,Company_B_49,B,Asia,0.4443808041150874,0.0260411132965198,Mid,watchlist,satellite,76,0.0187045985583545,10399909.38947166,2025-04-30,review,original base_pd_hint available
2025-12-11,B-3C5B0M,0.0103009306670528,Company_B_49,B,Asia,0.4443808041150874,0.0260411132965198,Mid,watchlist,satellite,76,-0.0061635450064645,10399909.38947166,2025-04-30,review,original base_pd_hint available
2025-12-12,B-3C5B0M,-0.0269170718107423,Company_B_49,B,Asia,0.4443808041150874,0.0260411132965198,Mid,watchlist,satellite,76,0.0093768957427672,10399909.38947166,2025-04-30,review,original base_pd_hint available
2025-12-10,B-4H8VVL,0.0365053894084552,Company_B_10,B,,0.4706808413351238,0.0485606181370066,Small,watchlist,core,61,0.0187045985583545,13073769.386475025,2025-12-10,,original base_pd_hint available
2025-12-11,B-4H8VVL,0.0353538461233124,Company_B_10,B,,0.4706808413351238,0.0485606181370066,Small,watchlist,core,61,-0.0061635450064645,13073769.386475025,2025-12-10,,original base_pd_hint available
2025-12-12,B-4H8VVL,-0.032456332985625,Company_B_10,B,,0.4706808413351238,0.0485606181370066,Small,watchlist,core,61,0.0093768957427672,13073769.386475025,2025-12-10,,original base_pd_hint available
2025-04-01,B-6KZVQO,-0.0183902704814783,Company_B_32,B,Europe,0.4810076158977743,0.027206283706547,Small,stable,legacy,40,0.0115957818789293,19429050.87624263,2025-03-19,new,original base_pd_hint available
2025-04-02,B-6KZVQO,0.0530412587423798,Company_B_32,B,Europe,0.4810076158977743,0.027206283706547,Small,stable,legacy,40,0.0186776451485401,19429050.87624263,2025-03-19,new,original base_pd_hint available
2025-04-03,B-6KZVQO,-0.0103901070005729,Company_B_32,B,Europe,0.4810076158977743,0.027206283706547,Small,stable,legacy,40,-0.0037462404383459,19429050.87624263,2025-03-19,new,original base_pd_hint available
2025-04-04,B-6KZVQO,0.0301514982531663,Company_B_32,B,Europe,0.4810076158977743,0.027206283706547,Small,stable,legacy,40,0.0147203918974813,19429050.87624263,2025-03-19,new,original base_pd_hint available
2025-04-07,B-6KZVQO,0.0068480185282396,Company_B_32,B,Europe,0.4810076158977743,0.027206283706547,Small,stable,legacy,40,0.0246663868926757,19429050.87624263,2025-03-19,new,original base_pd_hint available
2025-04-08,B-6KZVQO,0.0246816091016684,Company_B_32,B,Europe,0.4810076158977743,0.027206283706547,Small,stable,legacy,40,0.0056866936253566,19429050.87624263,2025-03-19,new,original base_pd_hint available
2025-04-09,B-6KZVQO,0.0084327029920088,Company_B_32,B,Europe,0.4810076158977743,0.027206283706547,Small,stable,legacy,40,-0.0004650774196358,19429050.87624263,2025-03-19,new,original base_pd_hint available
2025-04-10,B-6KZVQO,0.035202638971825,Company_B_32,B,Europe,0.4810076158977743,0.027206283706547,Small,stable,legacy,40,-0.0095558031349188,19429050.87624263,2025-03-19,new,original base_pd_hint available
2025-04-11,B-6KZVQO,0.0583815236988377,Company_B_32,B,Europe,0.4810076158977743,0.027206283706547,Small,stable,legacy,40,0.0326847601054619,19429050.87624263,2025-03-19,new,original base_pd_hint available
2025-05-01,B-6KZVQO,0.0172341831561509,Company_B_32,B,Europe,0.4810076158977743,0.027206283706547,Small,stable,legacy,40,0.0140277458538761,19429050.87624263,2025-03-19,new,original base_pd_hint available
2025-05-05,B-6KZVQO,-0.030222508425988,Company_B_32,B,Europe,0.4810076158977743,0.027206283706547,Small,stable,legacy,40,-0.0102126348852569,19429050.87624263,2025-03-19,new,original base_pd_hint available
2025-05-06,B-6KZVQO,0.0007232723924561,Company_B_32,B,Europe,0.4810076158977743,0.027206283706547,Small,stable,legacy,40,-0.030025691323182,19429050.87624263,2025-03-19,new,original base_pd_hint available
2025-05-07,B-6KZVQO,0.0330600719754838,Company_B_32,B,Europe,0.4810076158977743,0.027206283706547,Small,stable,legacy,40,-0.0045847799145338,19429050.87624263,2025-03-19,new,original base_pd_hint available
2025-05-08,B-6KZVQO,-0.0238422777967552,Company_B_32,B,Europe,0.4810076158977743,0.027206283706547,Small,stable,legacy,40,-0.0100549327049622,19429050.87624263,2025-03-19,new,original base_pd_hint available
2025-05-09,B-6KZVQO,-0.0032440838259582,Company_B_32,B,Europe,0.4810076158977743,0.027206283706547,Small,stable,legacy,40,-0.0108788433685402,19429050.87624263,2025-03-19,new,original base_pd_hint available
2025-05-12,B-6KZVQO,0.0215882253646701,Company_B_32,B,Europe,0.4810076158977743,0.027206283706547,Small,stable,legacy,40,0.013255782941715,19429050.87624263,2025-03-19,new,original base_pd_hint available
2025-06-02,B-6KZVQO,0.0180079370543174,Company_B_32,B,Europe,0.4810076158977743,0.027206283706547,Small,stable,legacy,40,0.0084439877167436,19429050.87624263,2025-03-19,new,original base_pd_hint available
2025-06-03,B-6KZVQO,-0.0141831941434906,Company_B_32,B,Europe,0.4810076158977743,0.027206283706547,Small,stable,legacy,40,-0.0167736228582782,19429050.87624263,2025-03-19,new,original base_pd_hint available
2025-06-04,B-6KZVQO,,Company_B_32,B,Europe,0.4810076158977743,0.027206283706547,Small,stable,legacy,40,-0.0043931427354546,19429050.87624263,2025-03-19,new,original base_pd_hint available
2025-06-05,B-6KZVQO,0.0151023554924824,Company_B_32,B,Europe,0.4810076158977743,0.027206283706547,Small,stable,legacy,40,-0.0005637740370175,19429050.87624263,2025-03-19,new,original base_pd_hint available
2025-06-06,B-6KZVQO,0.0339234676216269,Company_B_32,B,Europe,0.4810076158977743,0.027206283706547,Small,stable,legacy,40,,19429050.87624263,2025-03-19,new,original base_pd_hint available
2025-06-09,B-6KZVQO,0.0412910862134055,Company_B_32,B,Europe,0.4810076158977743,0.027206283706547,Small,stable,legacy,40,0.0184277164951934,19429050.87624263,2025-03-19,new,original base_pd_hint available
2025-06-10,B-6KZVQO,-0.003604399497221,Company_B_32,B,Europe,0.4810076158977743,0.027206283706547,Small,stable,legacy,40,0.0077210052577763,19429050.87624263,2025-03-19,new,original base_pd_hint available
2025-06-11,B-6KZVQO,0.0205388816104552,Company_B_32,B,Europe,0.4810076158977743,0.027206283706547,Small,stable,legacy,40,-0.0023309390995482,19429050.87624263,2025-03-19,new,original base_pd_hint available
2025-06-12,B-6KZVQO,0.0556691251706295,Company_B_32,B,Europe,0.4810076158977743,0.027206283706547,Small,stable,legacy,40,0.008891025310106,19429050.87624263,2025-03-19,new,original base_pd_hint available
2025-07-01,B-6KZVQO,0.0100089565190901,Company_B_32,B,Europe,0.4810076158977743,0.027206283706547,Small,stable,legacy,40,,19429050.87624263,2025-03-19,new,original base_pd_hint available
2025-07-02,B-6KZVQO,0.0064856394698023,Company_B_32,B,Europe,0.4810076158977743,0.027206283706547,Small,stable,legacy,40,-0.0047848339291268,19429050.87624263,2025-03-19,new,original base_pd_hint available
2025-07-03,B-6KZVQO,-0.0405410805781788,Company_B_32,B,Europe,0.4810076158977743,0.027206283706547,Small,stable,legacy,40,-0.0300041296283168,19429050.87624263,2025-03-19,new,original base_pd_hint available
2025-07-04,B-6KZVQO,-0.0001334593685076,Company_B_32,B,Europe,0.4810076158977743,0.027206283706547,Small,stable,legacy,40,0.0056822404651326,19429050.87624263,2025-03-19,new,original base_pd_hint available
2025-07-07,B-6KZVQO,-0.0472561027649205,Company_B_32,B,Europe,0.4810076158977743,0.027206283706547,Small,stable,legacy,40,-0.0260411084866903,19429050.87624263,2025-03-19,new,original base_pd_hint available
2025-07-08,B-6KZVQO,-0.028566152823722,Company_B_32,B,Europe,0.4810076158977743,0.027206283706547,Small,stable,legacy,40,,19429050.87624263,2025-03-19,new,original base_pd_hint available
2025-07-09,B-6KZVQO,,Company_B_32,B,Europe,0.4810076158977743,0.027206283706547,Small,stable,legacy,40,-0.0023271599388046,19429050.87624263,2025-03-19,new,original base_pd_hint available
2025-07-10,B-6KZVQO,0.0369618953597044,Company_B_32,B,Europe,0.4810076158977743,0.027206283706547,Small,stable,legacy,40,,19429050.87624263,2025-03-19,new,original base_pd_hint available
2025-07-11,B-6KZVQO,-0.0233565775655361,Company_B_32,B,Europe,0.4810076158977743,0.027206283706547,Small,stable,legacy,40,-0.0120507403461468,19429050.87624263,2025-03-19,new,original base_pd_hint available
2025-08-01,B-6KZVQO,0.0039120609738406,Company_B_32,B,Europe,0.4810076158977743,0.027206283706547,Small,stable,legacy,40,0.0040039417401903,19429050.87624263,2025-03-19,new,original base_pd_hint available
2025-08-04,B-6KZVQO,-0.0304786522992149,Company_B_32,B,Europe,0.4810076158977743,0.027206283706547,Small,stable,legacy,40,0.0114973593521953,19429050.87624263,2025-03-19,new,original base_pd_hint available
2025-08-05,B-6KZVQO,-0.0399906805722388,Company_B_32,B,Europe,0.4810076158977743,0.027206283706547,Small,stable,legacy,40,-0.0172789147832154,19429050.87624263,2025-03-19,new,original base_pd_hint available
2025-08-06,B-6KZVQO,0.0005231957573418,Company_B_32,B,Europe,0.4810076158977743,0.027206283706547,Small,stable,legacy,40,0.0002102521817928,19429050.87624263,2025-03-19,new,original base_pd_hint available
2025-08-07,B-6KZVQO,0.0167750216008033,Company_B_32,B,Europe,0.4810076158977743,0.027206283706547,Small,stable,legacy,40,0.0187115199297718,19429050.87624263,2025-03-19,new,original base_pd_hint available
2025-08-11,B-6KZVQO,0.0084146257416942,Company_B_32,B,Europe,0.4810076158977743,0.027206283706547,Small,stable,legacy,40,-0.0090665158126864,19429050.87624263,2025-03-19,new,original base_pd_hint available
2025-08-12,B-6KZVQO,,Company_B_32,B,Europe,0.4810076158977743,0.027206283706547,Small,stable,legacy,40,-0.0015097488640975,19429050.87624263,2025-03-19,new,original base_pd_hint available
2025-09-01,B-6KZVQO,0.0026545944880461,Company_B_32,B,Europe,0.4810076158977743,0.027206283706547,Small,stable,legacy,40,-0.0182440765094434,19429050.87624263,2025-03-19,new,original base_pd_hint available
2025-09-02,B-6KZVQO,,Company_B_32,B,Europe,0.4810076158977743,0.027206283706547,Small,stable,legacy,40,0.000493033588286,19429050.87624263,2025-03-19,new,original base_pd_hint available
2025-09-03,B-6KZVQO,0.0057827291212579,Company_B_32,B,Europe,0.4810076158977743,0.027206283706547,Small,stable,legacy,40,-0.0130870635919819,19429050.87624263,2025-03-19,new,original base_pd_hint available
2025-09-04,B-6KZVQO,0.0197408864308055,Company_B_32,B,Europe,0.4810076158977743,0.027206283706547,Small,stable,legacy,40,0.0003558120086072,19429050.87624263,2025-03-19,new,original base_pd_hint available
2025-09-05,B-6KZVQO,-0.020282962880651,Company_B_32,B,Europe,0.4810076158977743,0.027206283706547,Small,stable,legacy,40,-0.0087005818517411,19429050.87624263,2025-03-19,new,original base_pd_hint available
2025-09-08,B-6KZVQO,-0.0063890831977965,Company_B_32,B,Europe,0.4810076158977743,0.027206283706547,Small,stable,legacy,40,0.0023920822452534,19429050.87624263,2025-03-19,new,original base_pd_hint available
2025-09-09,B-6KZVQO,0.012348204196595,Company_B_32,B,Europe,0.4810076158977743,0.027206283706547,Small,stable,legacy,40,-0.0026480819129213,19429050.87624263,2025-03-19,new,original base_pd_hint available
2025-09-10,B-6KZVQO,-0.0049458892522405,Company_B_32,B,Europe,0.4810076158977743,0.027206283706547,Small,stable,legacy,40,-0.0320681829492234,19429050.87624263,2025-03-19,new,original base_pd_hint available
2025-09-12,B-6KZVQO,-0.0080625853611691,Company_B_32,B,Europe,0.4810076158977743,0.027206283706547,Small,stable,legacy,40,0.0046539284908583,19429050.87624263,2025-03-19,new,original base_pd_hint available
2025-10-01,B-6KZVQO,-0.0241332053054059,Company_B_32,B,Europe,0.4810076158977743,0.027206283706547,Small,stable,legacy,40,,19429050.87624263,2025-03-19,new,original base_pd_hint available
2025-10-02,B-6KZVQO,-0.0304933155947336,Company_B_32,B,Europe,0.4810076158977743,0.027206283706547,Small,stable,legacy,40,-0.0139835436674951,19429050.87624263,2025-03-19,new,original base_pd_hint available
2025-10-03,B-6KZVQO,0.0024749287964473,Company_B_32,B,Europe,0.4810076158977743,0.027206283706547,Small,stable,legacy,40,0.0012570528124232,19429050.87624263,2025-03-19,new,original base_pd_hint available
2025-10-06,B-6KZVQO,0.0070545107459151,Company_B_32,B,Europe,0.4810076158977743,0.027206283706547,Small,stable,legacy,40,0.0191824545318301,19429050.87624263,2025-03-19,new,original base_pd_hint available
2025-10-08,B-6KZVQO,-0.0209433885347967,Company_B_32,B,Europe,0.4810076158977743,0.027206283706547,Small,stable,legacy,40,-0.0126125562157682,19429050.87624263,2025-03-19,new,original base_pd_hint available
2025-10-09,B-6KZVQO,-0.0302211149879546,Company_B_32,B,Europe,0.4810076158977743,0.027206283706547,Small,stable,legacy,40,-0.0182787295370303,19429050.87624263,2025-03-19,new,original base_pd_hint available
2025-10-10,B-6KZVQO,-0.0364827340873252,Company_B_32,B,Europe,0.4810076158977743,0.027206283706547,Small,stable,legacy,40,0.0022168841621003,19429050.87624263,2025-03-19,new,original base_pd_hint available
2025-11-03,B-6KZVQO,-0.0755436360469379,Company_B_32,B,Europe,0.4810076158977743,0.027206283706547,Small,stable,legacy,40,-0.0005455947933683,19429050.87624263,2025-03-19,new,original base_pd_hint available
2025-11-04,B-6KZVQO,-0.0589930141639371,Company_B_32,B,Europe,0.4810076158977743,0.027206283706547,Small,stable,legacy,40,-0.0227663271628853,19429050.87624263,2025-03-19,new,original base_pd_hint available
2025-11-05,B-6KZVQO,0.0493006131822561,Company_B_32,B,Europe,0.4810076158977743,0.027206283706547,Small,stable,legacy,40,0.0329021640544153,19429050.87624263,2025-03-19,new,original base_pd_hint available
2025-11-06,B-6KZVQO,0.0478177702432122,Company_B_32,B,Europe,0.4810076158977743,0.027206283706547,Small,stable,legacy,40,0.0261796770562837,19429050.87624263,2025-03-19,new,original base_pd_hint available
2025-11-07,B-6KZVQO,-0.0304941037133509,Company_B_32,B,Europe,0.4810076158977743,0.027206283706547,Small,stable,legacy,40,-0.0026152260671159,19429050.87624263,2025-03-19,new,original base_pd_hint available
2025-11-10,B-6KZVQO,0.0115412462010667,Company_B_32,B,Europe,0.4810076158977743,0.027206283706547,Small,stable,legacy,40,-0.0099451696321556,19429050.87624263,2025-03-19,new,original base_pd_hint available
2025-11-12,B-6KZVQO,-0.0486674913234696,Company_B_32,B,Europe,0.4810076158977743,0.027206283706547,Small,stable,legacy,40,-0.0288607520326152,19429050.87624263,2025-03-19,new,original base_pd_hint available
2025-12-01,B-6KZVQO,0.0168874439577964,Company_B_32,B,Europe,0.4810076158977743,0.027206283706547,Small,stable,legacy,40,0.0032907517570993,19429050.87624263,2025-03-19,new,original base_pd_hint available
2025-12-02,B-6KZVQO,-0.0395405480713249,Company_B_32,B,Europe,0.4810076158977743,0.027206283706547,Small,stable,legacy,40,,19429050.87624263,2025-03-19,new,original base_pd_hint available
2025-12-03,B-6KZVQO,0.0145864008702627,Company_B_32,B,Europe,0.4810076158977743,0.027206283706547,Small,stable,legacy,40,-0.0108077946280547,19429050.87624263,2025-03-19,new,original base_pd_hint available
2025-12-04,B-6KZVQO,0.0318199246158229,Company_B_32,B,Europe,0.4810076158977743,0.027206283706547,Small,stable,legacy,40,0.0224254442272963,19429050.87624263,2025-03-19,new,original base_pd_hint available
2025-12-05,B-6KZVQO,0.021488686003641,Company_B_32,B,Europe,0.4810076158977743,0.027206283706547,Small,stable,legacy,40,0.0141371876711961,19429050.87624263,2025-03-19,new,original base_pd_hint available
2025-12-08,B-6KZVQO,0.0047673279857611,Company_B_32,B,Europe,0.4810076158977743,0.027206283706547,Small,stable,legacy,40,0.004564055137615,19429050.87624263,2025-03-19,new,original base_pd_hint available
2025-12-09,B-6KZVQO,-0.0107086081904403,Company_B_32,B,Europe,0.4810076158977743,0.027206283706547,Small,stable,legacy,40,,19429050.87624263,2025-03-19,new,original base_pd_hint available
2025-12-10,B-6KZVQO,0.0304145534301499,Company_B_32,B,Europe,0.4810076158977743,0.027206283706547,Small,stable,legacy,40,0.0187045985583545,19429050.87624263,2025-03-19,new,original base_pd_hint available
2025-12-11,B-6KZVQO,0.0428876283859455,Company_B_32,B,Europe,0.4810076158977743,0.027206283706547,Small,stable,legacy,40,-0.0061635450064645,19429050.87624263,2025-03-19,new,original base_pd_hint available
2025-12-12,B-6KZVQO,0.0504197792672355,Company_B_32,B,Europe,0.4810076158977743,0.027206283706547,Small,stable,legacy,40,0.0093768957427672,19429050.87624263,2025-03-19,new,original base_pd_hint available
2025-05-07,B-7PFB78,0.0080649253601044,Company_B_40,B,North America,0.4217583666038554,0.0187575079132969,Small,watchlist,,50,-0.0045847799145338,5019884.524063055,2025-05-07,check formatting,original base_pd_hint available
2025-05-08,B-7PFB78,0.0026941239051917,Company_B_40,B,North America,0.4217583666038554,0.0187575079132969,Small,watchlist,,50,-0.0100549327049622,5019884.524063055,2025-05-07,check formatting,original base_pd_hint available
2025-05-09,B-7PFB78,-0.0075178739381538,Company_B_40,B,North America,0.4217583666038554,0.0187575079132969,Small,watchlist,,50,-0.0108788433685402,5019884.524063055,2025-05-07,check formatting,original base_pd_hint available
2025-05-12,B-7PFB78,0.0286902409956688,Company_B_40,B,North America,0.4217583666038554,0.0187575079132969,Small,watchlist,,50,0.013255782941715,5019884.524063055,2025-05-07,check formatting,original base_pd_hint available
2025-06-02,B-7PFB78,0.0057654281792473,Company_B_40,B,North America,0.4217583666038554,0.0187575079132969,Small,watchlist,,50,0.0084439877167436,5019884.524063055,2025-05-07,check formatting,original base_pd_hint available
2025-06-03,B-7PFB78,0.0215549184500339,Company_B_40,B,North America,0.4217583666038554,0.0187575079132969,Small,watchlist,,50,-0.0167736228582782,5019884.524063055,2025-05-07,check formatting,original base_pd_hint available
2025-06-04,B-7PFB78,0.0448147756064992,Company_B_40,B,North America,0.4217583666038554,0.0187575079132969,Small,watchlist,,50,-0.0043931427354546,5019884.524063055,2025-05-07,check formatting,original base_pd_hint available
2025-06-05,B-7PFB78,,Company_B_40,B,North America,0.4217583666038554,0.0187575079132969,Small,watchlist,,50,-0.0005637740370175,5019884.524063055,2025-05-07,check formatting,original base_pd_hint available
2025-06-06,B-7PFB78,0.0102671656460863,Company_B_40,B,North America,0.4217583666038554,0.0187575079132969,Small,watchlist,,50,,5019884.524063055,2025-05-07,check formatting,original base_pd_hint available
2025-06-09,B-7PFB78,0.0146688435183005,Company_B_40,B,North America,0.4217583666038554,0.0187575079132969,Small,watchlist,,50,0.0184277164951934,5019884.524063055,2025-05-07,check formatting,original base_pd_hint available
2025-06-10,B-7PFB78,0.0297859846568745,Company_B_40,B,North America,0.4217583666038554,0.0187575079132969,Small,watchlist,,50,0.0077210052577763,5019884.524063055,2025-05-07,check formatting,original base_pd_hint available
2025-06-11,B-7PFB78,,Company_B_40,B,North America,0.4217583666038554,0.0187575079132969,Small,watchlist,,50,-0.0023309390995482,5019884.524063055,2025-05-07,check formatting,original base_pd_hint available
2025-06-12,B-7PFB78,,Company_B_40,B,North America,0.4217583666038554,0.0187575079132969,Small,watchlist,,50,0.008891025310106,5019884.524063055,2025-05-07,check formatting,original base_pd_hint available
2025-07-01,B-7PFB78,-0.0225246259361132,Company_B_40,B,North America,0.4217583666038554,0.0187575079132969,Small,watchlist,,50,,5019884.524063055,2025-05-07,check formatting,original base_pd_hint available
2025-07-02,B-7PFB78,0.0169552762142502,Company_B_40,B,North America,0.4217583666038554,0.0187575079132969,Small,watchlist,,50,-0.0047848339291268,5019884.524063055,2025-05-07,check formatting,original base_pd_hint available
2025-07-03,B-7PFB78,-0.0151490299479935,Company_B_40,B,North America,0.4217583666038554,0.0187575079132969,Small,watchlist,,50,-0.0300041296283168,5019884.524063055,2025-05-07,check formatting,original base_pd_hint available
2025-07-04,B-7PFB78,-0.0107791076830826,Company_B_40,B,North America,0.4217583666038554,0.0187575079132969,Small,watchlist,,50,0.0056822404651326,5019884.524063055,2025-05-07,check formatting,original base_pd_hint available
2025-07-07,B-7PFB78,-0.0047121472438374,Company_B_40,B,North America,0.4217583666038554,0.0187575079132969,Small,watchlist,,50,-0.0260411084866903,5019884.524063055,2025-05-07,check formatting,original base_pd_hint available
2025-07-08,B-7PFB78,-0.0026266660754893,Company_B_40,B,North America,0.4217583666038554,0.0187575079132969,Small,watchlist,,50,,5019884.524063055,2025-05-07,check formatting,original base_pd_hint available
2025-07-09,B-7PFB78,0.0024530482429597,Company_B_40,B,North America,0.4217583666038554,0.0187575079132969,Small,watchlist,,50,-0.0023271599388046,5019884.524063055,2025-05-07,check formatting,original base_pd_hint available
2025-07-10,B-7PFB78,0.0038391401441752,Company_B_40,B,North America,0.4217583666038554,0.0187575079132969,Small,watchlist,,50,,5019884.524063055,2025-05-07,check formatting,original base_pd_hint available
2025-07-11,B-7PFB78,-0.025198918230441,Company_B_40,B,North America,0.4217583666038554,0.0187575079132969,Small,watchlist,,50,-0.0120507403461468,5019884.524063055,2025-05-07,check formatting,original base_pd_hint available
2025-08-01,B-7PFB78,0.0391856759007839,Company_B_40,B,North America,0.4217583666038554,0.0187575079132969,Small,watchlist,,50,0.0040039417401903,5019884.524063055,2025-05-07,check formatting,original base_pd_hint available
2025-08-04,B-7PFB78,0.0049229936569976,Company_B_40,B,North America,0.4217583666038554,0.0187575079132969,Small,watchlist,,50,0.0114973593521953,5019884.524063055,2025-05-07,check formatting,original base_pd_hint available
2025-08-05,B-7PFB78,-0.0370562357070323,Company_B_40,B,North America,0.4217583666038554,0.0187575079132969,Small,watchlist,,50,-0.0172789147832154,5019884.524063055,2025-05-07,check formatting,original base_pd_hint available
2025-08-06,B-7PFB78,-0.0384568000523731,Company_B_40,B,North America,0.4217583666038554,0.0187575079132969,Small,watchlist,,50,0.0002102521817928,5019884.524063055,2025-05-07,check formatting,original base_pd_hint available
2025-08-07,B-7PFB78,0.0383399193691945,Company_B_40,B,North America,0.4217583666038554,0.0187575079132969,Small,watchlist,,50,0.0187115199297718,5019884.524063055,2025-05-07,check formatting,original base_pd_hint available
2025-08-08,B-7PFB78,0.0405270006989824,Company_B_40,B,North America,0.4217583666038554,0.0187575079132969,Small,watchlist,,50,0.0105064073241729,5019884.524063055,2025-05-07,check formatting,original base_pd_hint available
2025-08-11,B-7PFB78,-0.0346105643824153,Company_B_40,B,North America,0.4217583666038554,0.0187575079132969,Small,watchlist,,50,-0.0090665158126864,5019884.524063055,2025-05-07,check formatting,original base_pd_hint available
2025-08-12,B-7PFB78,0.0114064250478748,Company_B_40,B,North America,0.4217583666038554,0.0187575079132969,Small,watchlist,,50,-0.0015097488640975,5019884.524063055,2025-05-07,check formatting,original base_pd_hint available
2025-09-01,B-7PFB78,-0.0285511404368109,Company_B_40,B,North America,0.4217583666038554,0.0187575079132969,Small,watchlist,,50,-0.0182440765094434,5019884.524063055,2025-05-07,check formatting,original base_pd_hint available
2025-09-02,B-7PFB78,-0.0342174222486252,Company_B_40,B,North America,0.4217583666038554,0.0187575079132969,Small,watchlist,,50,0.000493033588286,5019884.524063055,2025-05-07,check formatting,original base_pd_hint available
2025-09-03,B-7PFB78,0.0012608082620341,Company_B_40,B,North America,0.4217583666038554,0.0187575079132969,Small,watchlist,,50,-0.0130870635919819,5019884.524063055,2025-05-07,check formatting,original base_pd_hint available
2025-09-04,B-7PFB78,0.0414303906791927,Company_B_40,B,North America,0.4217583666038554,0.0187575079132969,Small,watchlist,,50,0.0003558120086072,5019884.524063055,2025-05-07,check formatting,original base_pd_hint available
2025-09-05,B-7PFB78,-0.0274689217640141,Company_B_40,B,North America,0.4217583666038554,0.0187575079132969,Small,watchlist,,50,-0.0087005818517411,5019884.524063055,2025-05-07,check formatting,original base_pd_hint available
2025-09-08,B-7PFB78,0.0033955096901638,Company_B_40,B,North America,0.4217583666038554,0.0187575079132969,Small,watchlist,,50,0.0023920822452534,5019884.524063055,2025-05-07,check formatting,original base_pd_hint available
2025-09-09,B-7PFB78,-0.0319970073413211,Company_B_40,B,North America,0.4217583666038554,0.0187575079132969,Small,watchlist,,50,-0.0026480819129213,5019884.524063055,2025-05-07,check formatting,original base_pd_hint available
2025-09-10,B-7PFB78,-0.0242315776033995,Company_B_40,B,North America,0.4217583666038554,0.0187575079132969,Small,watchlist,,50,-0.0320681829492234,5019884.524063055,2025-05-07,check formatting,original base_pd_hint available
2025-09-11,B-7PFB78,-0.0181952272789041,Company_B_40,B,North America,0.4217583666038554,0.0187575079132969,Small,watchlist,,50,-0.0042222927259599,5019884.524063055,2025-05-07,check formatting,original base_pd_hint available
2025-09-12,B-7PFB78,0.0007318569723446,Company_B_40,B,North America,0.4217583666038554,0.0187575079132969,Small,watchlist,,50,0.0046539284908583,5019884.524063055,2025-05-07,check formatting,original base_pd_hint available
2025-10-01,B-7PFB78,0.0062664208265871,Company_B_40,B,North America,0.4217583666038554,0.0187575079132969,Small,watchlist,,50,,5019884.524063055,2025-05-07,check formatting,original base_pd_hint available
2025-10-02,B-7PFB78,-0.0351943371957984,Company_B_40,B,North America,0.4217583666038554,0.0187575079132969,Small,watchlist,,50,-0.0139835436674951,5019884.524063055,2025-05-07,check formatting,original base_pd_hint available
2025-10-03,B-7PFB78,0.0184272580607523,Company_B_40,B,North America,0.4217583666038554,0.0187575079132969,Small,watchlist,,50,0.0012570528124232,5019884.524063055,2025-05-07,check formatting,original base_pd_hint available
2025-10-06,B-7PFB78,-0.0384744475508397,Company_B_40,B,North America,0.4217583666038554,0.0187575079132969,Small,watchlist,,50,0.0191824545318301,5019884.524063055,2025-05-07,check formatting,original base_pd_hint available
2025-10-07,B-7PFB78,-0.0266014312784609,Company_B_40,B,North America,0.4217583666038554,0.0187575079132969,Small,watchlist,,50,-0.0315562534880117,5019884.524063055,2025-05-07,check formatting,original base_pd_hint available
2025-10-09,B-7PFB78,-0.0144208878714996,Company_B_40,B,North America,0.4217583666038554,0.0187575079132969,Small,watchlist,,50,-0.0182787295370303,5019884.524063055,2025-05-07,check formatting,original base_pd_hint available
2025-10-10,B-7PFB78,0.0284928070116936,Company_B_40,B,North America,0.4217583666038554,0.0187575079132969,Small,watchlist,,50,0.0022168841621003,5019884.524063055,2025-05-07,check formatting,original base_pd_hint available
2025-11-04,B-7PFB78,-0.0442924986786795,Company_B_40,B,North America,0.4217583666038554,0.0187575079132969,Small,watchlist,,50,-0.0227663271628853,5019884.524063055,2025-05-07,check formatting,original base_pd_hint available
2025-11-05,B-7PFB78,0.0436680360956079,Company_B_40,B,North America,0.4217583666038554,0.0187575079132969,Small,watchlist,,50,0.0329021640544153,5019884.524063055,2025-05-07,check formatting,original base_pd_hint available
2025-11-06,B-7PFB78,0.0002582547496366,Company_B_40,B,North America,0.4217583666038554,0.0187575079132969,Small,watchlist,,50,0.0261796770562837,5019884.524063055,2025-05-07,check formatting,original base_pd_hint available
2025-11-07,B-7PFB78,-0.0116714062140277,Company_B_40,B,North America,0.4217583666038554,0.0187575079132969,Small,watchlist,,50,-0.0026152260671159,5019884.524063055,2025-05-07,check formatting,original base_pd_hint available
2025-11-10,B-7PFB78,-0.0243355681346497,Company_B_40,B,North America,0.4217583666038554,0.0187575079132969,Small,watchlist,,50,-0.0099451696321556,5019884.524063055,2025-05-07,check formatting,original base_pd_hint available
2025-11-11,B-7PFB78,-0.0155117246521925,Company_B_40,B,North America,0.4217583666038554,0.0187575079132969,Small,watchlist,,50,0.0071147820767182,5019884.524063055,2025-05-07,check formatting,original base_pd_hint available
2025-11-12,B-7PFB78,-0.0068956569569692,Company_B_40,B,North America,0.4217583666038554,0.0187575079132969,Small,watchlist,,50,-0.0288607520326152,5019884.524063055,2025-05-07,check formatting,original base_pd_hint available
2025-12-01,B-7PFB78,,Company_B_40,B,North America,0.4217583666038554,0.0187575079132969,Small,watchlist,,50,0.0032907517570993,5019884.524063055,2025-05-07,check formatting,original base_pd_hint available
2025-12-03,B-7PFB78,-0.020646928755858,Company_B_40,B,North America,0.4217583666038554,0.0187575079132969,Small,watchlist,,50,-0.0108077946280547,5019884.524063055,2025-05-07,check formatting,original base_pd_hint available
2025-12-04,B-7PFB78,0.0209992369490539,Company_B_40,B,North America,0.4217583666038554,0.0187575079132969,Small,watchlist,,50,0.0224254442272963,5019884.524063055,2025-05-07,check formatting,original base_pd_hint available
2025-12-05,B-7PFB78,0.0004919505644608,Company_B_40,B,North America,0.4217583666038554,0.0187575079132969,Small,watchlist,,50,0.0141371876711961,5019884.524063055,2025-05-07,check formatting,original base_pd_hint available
2025-12-09,B-7PFB78,0.009458881292035,Company_B_40,B,North America,0.4217583666038554,0.0187575079132969,Small,watchlist,,50,,5019884.524063055,2025-05-07,check formatting,original base_pd_hint available
2025-12-10,B-7PFB78,0.0295801783540339,Company_B_40,B,North America,0.4217583666038554,0.0187575079132969,Small,watchlist,,50,0.0187045985583545,5019884.524063055,2025-05-07,check formatting,original base_pd_hint available
2025-12-11,B-7PFB78,-0.0092736472824932,Company_B_40,B,North America,0.4217583666038554,0.0187575079132969,Small,watchlist,,50,-0.0061635450064645,5019884.524063055,2025-05-07,check formatting,original base_pd_hint available
2025-12-12,B-7PFB78,-0.0240191390283201,Company_B_40,B,North America,0.4217583666038554,0.0187575079132969,Small,watchlist,,50,0.0093768957427672,5019884.524063055,2025-05-07,check formatting,original base_pd_hint available
2025-11-12,B-9KROIO,-0.0252776226257071,Company_B_42,B,,0.5701663648089567,0.0277544532017155,Small,watchlist,core,55,-0.0288607520326152,30671325.49799425,2025-11-12,legacy,original base_pd_hint available
2025-12-01,B-9KROIO,,Company_B_42,B,,0.5701663648089567,0.0277544532017155,Small,watchlist,core,55,0.0032907517570993,30671325.49799425,2025-11-12,legacy,original base_pd_hint available
2025-12-02,B-9KROIO,-0.0045315842993167,Company_B_42,B,,0.5701663648089567,0.0277544532017155,Small,watchlist,core,55,,30671325.49799425,2025-11-12,legacy,original base_pd_hint available
2025-12-03,B-9KROIO,-0.0219064339167884,Company_B_42,B,,0.5701663648089567,0.0277544532017155,Small,watchlist,core,55,-0.0108077946280547,30671325.49799425,2025-11-12,legacy,original base_pd_hint available
2025-12-04,B-9KROIO,-0.0005250125755098,Company_B_42,B,,0.5701663648089567,0.0277544532017155,Small,watchlist,core,55,0.0224254442272963,30671325.49799425,2025-11-12,legacy,original base_pd_hint available
2025-12-05,B-9KROIO,-0.0032711479110272,Company_B_42,B,,0.5701663648089567,0.0277544532017155,Small,watchlist,core,55,0.0141371876711961,30671325.49799425,2025-11-12,legacy,original base_pd_hint available
2025-12-08,B-9KROIO,0.0388675294649246,Company_B_42,B,,0.5701663648089567,0.0277544532017155,Small,watchlist,core,55,0.004564055137615,30671325.49799425,2025-11-12,legacy,original base_pd_hint available
2025-12-10,B-9KROIO,0.0142521414884477,Company_B_42,B,,0.5701663648089567,0.0277544532017155,Small,watchlist,core,55,0.0187045985583545,30671325.49799425,2025-11-12,legacy,original base_pd_hint available
2025-12-11,B-9KROIO,0.0428697287102765,Company_B_42,B,,0.5701663648089567,0.0277544532017155,Small,watchlist,core,55,-0.0061635450064645,30671325.49799425,2025-11-12,legacy,original base_pd_hint available
2025-12-12,B-9KROIO,-0.030976505105567,Company_B_42,B,,0.5701663648089567,0.0277544532017155,Small,watchlist,core,55,0.0093768957427672,30671325.49799425,2025-11-12,legacy,original base_pd_hint available
2025-11-05,B-AAFB3V,0.0172390466807878,Company_B_03,B,South America,0.3517814602557179,0.0186646871610618,Small,,legacy,82,0.0329021640544153,27454646.40875233,2025-11-05,review,original base_pd_hint available
2025-11-06,B-AAFB3V,0.0165987983449659,Company_B_03,B,South America,0.3517814602557179,0.0186646871610618,Small,,legacy,82,0.0261796770562837,27454646.40875233,2025-11-05,review,original base_pd_hint available
2025-11-07,B-AAFB3V,0.001597581060238,Company_B_03,B,South America,0.3517814602557179,0.0186646871610618,Small,,legacy,82,-0.0026152260671159,27454646.40875233,2025-11-05,review,original base_pd_hint available
2025-11-11,B-AAFB3V,0.0251907578191429,Company_B_03,B,South America,0.3517814602557179,0.0186646871610618,Small,,legacy,82,0.0071147820767182,27454646.40875233,2025-11-05,review,original base_pd_hint available
2025-11-12,B-AAFB3V,-0.0068440251170685,Company_B_03,B,South America,0.3517814602557179,0.0186646871610618,Small,,legacy,82,-0.0288607520326152,27454646.40875233,2025-11-05,review,original base_pd_hint available
2025-12-01,B-AAFB3V,0.024033416113876,Company_B_03,B,South America,0.3517814602557179,0.0186646871610618,Small,,legacy,82,0.0032907517570993,27454646.40875233,2025-11-05,review,original base_pd_hint available
2025-12-02,B-AAFB3V,-0.0076975409905491,Company_B_03,B,South America,0.3517814602557179,0.0186646871610618,Small,,legacy,82,,27454646.40875233,2025-11-05,review,original base_pd_hint available
2025-12-03,B-AAFB3V,,Company_B_03,B,South America,0.3517814602557179,0.0186646871610618,Small,,legacy,82,-0.0108077946280547,27454646.40875233,2025-11-05,review,original base_pd_hint available
2025-12-04,B-AAFB3V,-0.0070318455724594,Company_B_03,B,South America,0.3517814602557179,0.0186646871610618,Small,,legacy,82,0.0224254442272963,27454646.40875233,2025-11-05,review,original base_pd_hint available
2025-12-05,B-AAFB3V,-0.022801406186837,Company_B_03,B,South America,0.3517814602557179,0.0186646871610618,Small,,legacy,82,0.0141371876711961,27454646.40875233,2025-11-05,review,original base_pd_hint available
2025-12-08,B-AAFB3V,-0.0164834607474641,Company_B_03,B,South America,0.3517814602557179,0.0186646871610618,Small,,legacy,82,0.004564055137615,27454646.40875233,2025-11-05,review,original base_pd_hint available
2025-12-09,B-AAFB3V,0.0095868066686855,Company_B_03,B,South America,0.3517814602557179,0.0186646871610618,Small,,legacy,82,,27454646.40875233,2025-11-05,review,original base_pd_hint available
2025-12-10,B-AAFB3V,0.0357310902417472,Company_B_03,B,South America,0.3517814602557179,0.0186646871610618,Small,,legacy,82,0.0187045985583545,27454646.40875233,2025-11-05,review,original base_pd_hint available
2025-12-11,B-AAFB3V,0.0007509510796486,Company_B_03,B,South America,0.3517814602557179,0.0186646871610618,Small,,legacy,82,-0.0061635450064645,27454646.40875233,2025-11-05,review,original base_pd_hint available
2025-12-12,B-AAFB3V,0.0115988134881977,Company_B_03,B,South America,0.3517814602557179,0.0186646871610618,Small,,legacy,82,0.0093768957427672,27454646.40875233,2025-11-05,review,original base_pd_hint available
2025-06-02,B-FVUAOK,0.0439580428812211,Company_B_24,B,Europe,0.5189843392837443,0.0248162426031954,Mid,manual review,,52,0.0084439877167436,6125218.073099757,2025-05-28,review,original base_pd_hint available
2025-06-03,B-FVUAOK,-0.0378631162023484,Company_B_24,B,Europe,0.5189843392837443,0.0248162426031954,Mid,manual review,,52,-0.0167736228582782,6125218.073099757,2025-05-28,review,original base_pd_hint available
2025-06-04,B-FVUAOK,0.0031778274451552,Company_B_24,B,Europe,0.5189843392837443,0.0248162426031954,Mid,manual review,,52,-0.0043931427354546,6125218.073099757,2025-05-28,review,original base_pd_hint available
2025-06-05,B-FVUAOK,0.0604746660578197,Company_B_24,B,Europe,0.5189843392837443,0.0248162426031954,Mid,manual review,,52,-0.0005637740370175,6125218.073099757,2025-05-28,review,original base_pd_hint available
2025-06-06,B-FVUAOK,-0.0016668954016236,Company_B_24,B,Europe,0.5189843392837443,0.0248162426031954,Mid,manual review,,52,,6125218.073099757,2025-05-28,review,original base_pd_hint available
2025-06-09,B-FVUAOK,0.0462509005526936,Company_B_24,B,Europe,0.5189843392837443,0.0248162426031954,Mid,manual review,,52,0.0184277164951934,6125218.073099757,2025-05-28,review,original base_pd_hint available
2025-06-10,B-FVUAOK,0.0282093500168113,Company_B_24,B,Europe,0.5189843392837443,0.0248162426031954,Mid,manual review,,52,0.0077210052577763,6125218.073099757,2025-05-28,review,original base_pd_hint available
2025-06-12,B-FVUAOK,0.0539825953847845,Company_B_24,B,Europe,0.5189843392837443,0.0248162426031954,Mid,manual review,,52,0.008891025310106,6125218.073099757,2025-05-28,review,original base_pd_hint available
2025-07-01,B-FVUAOK,0.0440770960450003,Company_B_24,B,Europe,0.5189843392837443,0.0248162426031954,Mid,manual review,,52,,6125218.073099757,2025-05-28,review,original base_pd_hint available
2025-07-02,B-FVUAOK,9.32965475814989e-05,Company_B_24,B,Europe,0.5189843392837443,0.0248162426031954,Mid,manual review,,52,-0.0047848339291268,6125218.073099757,2025-05-28,review,original base_pd_hint available
2025-07-03,B-FVUAOK,,Company_B_24,B,Europe,0.5189843392837443,0.0248162426031954,Mid,manual review,,52,-0.0300041296283168,6125218.073099757,2025-05-28,review,original base_pd_hint available
2025-07-04,B-FVUAOK,0.0104593865611831,Company_B_24,B,Europe,0.5189843392837443,0.0248162426031954,Mid,manual review,,52,0.0056822404651326,6125218.073099757,2025-05-28,review,original base_pd_hint available
2025-07-07,B-FVUAOK,0.0101337365558941,Company_B_24,B,Europe,0.5189843392837443,0.0248162426031954,Mid,manual review,,52,-0.0260411084866903,6125218.073099757,2025-05-28,review,original base_pd_hint available
2025-07-08,B-FVUAOK,-0.0072573403291235,Company_B_24,B,Europe,0.5189843392837443,0.0248162426031954,Mid,manual review,,52,,6125218.073099757,2025-05-28,review,original base_pd_hint available
2025-07-09,B-FVUAOK,-0.0167196273654119,Company_B_24,B,Europe,0.5189843392837443,0.0248162426031954,Mid,manual review,,52,-0.0023271599388046,6125218.073099757,2025-05-28,review,original base_pd_hint available
2025-07-10,B-FVUAOK,0.0178559055836233,Company_B_24,B,Europe,0.5189843392837443,0.0248162426031954,Mid,manual review,,52,,6125218.073099757,2025-05-28,review,original base_pd_hint available
2025-07-11,B-FVUAOK,0.0123154877061244,Company_B_24,B,Europe,0.5189843392837443,0.0248162426031954,Mid,manual review,,52,-0.0120507403461468,6125218.073099757,2025-05-28,review,original base_pd_hint available
2025-08-01,B-FVUAOK,0.0040769547806963,Company_B_24,B,Europe,0.5189843392837443,0.0248162426031954,Mid,manual review,,52,0.0040039417401903,6125218.073099757,2025-05-28,review,original base_pd_hint available
2025-08-04,B-FVUAOK,-0.0314388271602284,Company_B_24,B,Europe,0.5189843392837443,0.0248162426031954,Mid,manual review,,52,0.0114973593521953,6125218.073099757,2025-05-28,review,original base_pd_hint available
2025-08-05,B-FVUAOK,-0.0385792650190911,Company_B_24,B,Europe,0.5189843392837443,0.0248162426031954,Mid,manual review,,52,-0.0172789147832154,6125218.073099757,2025-05-28,review,original base_pd_hint available
2025-08-06,B-FVUAOK,0.0079913352843247,Company_B_24,B,Europe,0.5189843392837443,0.0248162426031954,Mid,manual review,,52,0.0002102521817928,6125218.073099757,2025-05-28,review,original base_pd_hint available
2025-08-07,B-FVUAOK,,Company_B_24,B,Europe,0.5189843392837443,0.0248162426031954,Mid,manual review,,52,0.0187115199297718,6125218.073099757,2025-05-28,review,original base_pd_hint available
2025-08-08,B-FVUAOK,-0.0073114871250501,Company_B_24,B,Europe,0.5189843392837443,0.0248162426031954,Mid,manual review,,52,0.0105064073241729,6125218.073099757,2025-05-28,review,original base_pd_hint available
2025-08-12,B-FVUAOK,0.0125311981878191,Company_B_24,B,Europe,0.5189843392837443,0.0248162426031954,Mid,manual review,,52,-0.0015097488640975,6125218.073099757,2025-05-28,review,original base_pd_hint available
2025-09-01,B-FVUAOK,-0.078420989308492,Company_B_24,B,Europe,0.5189843392837443,0.0248162426031954,Mid,manual review,,52,-0.0182440765094434,6125218.073099757,2025-05-28,review,original base_pd_hint available
2025-09-02,B-FVUAOK,0.0041616369120286,Company_B_24,B,Europe,0.5189843392837443,0.0248162426031954,Mid,manual review,,52,0.000493033588286,6125218.073099757,2025-05-28,review,original base_pd_hint available
2025-09-03,B-FVUAOK,-0.0213106760783854,Company_B_24,B,Europe,0.5189843392837443,0.0248162426031954,Mid,manual review,,52,-0.0130870635919819,6125218.073099757,2025-05-28,review,original base_pd_hint available
2025-09-04,B-FVUAOK,,Company_B_24,B,Europe,0.5189843392837443,0.0248162426031954,Mid,manual review,,52,0.0003558120086072,6125218.073099757,2025-05-28,review,original base_pd_hint available
2025-09-05,B-FVUAOK,0.0352407239583295,Company_B_24,B,Europe,0.5189843392837443,0.0248162426031954,Mid,manual review,,52,-0.0087005818517411,6125218.073099757,2025-05-28,review,original base_pd_hint available
2025-09-08,B-FVUAOK,0.0205669013129975,Company_B_24,B,Europe,0.5189843392837443,0.0248162426031954,Mid,manual review,,52,0.0023920822452534,6125218.073099757,2025-05-28,review,original base_pd_hint available
2025-09-09,B-FVUAOK,-0.005858228520502,Company_B_24,B,Europe,0.5189843392837443,0.0248162426031954,Mid,manual review,,52,-0.0026480819129213,6125218.073099757,2025-05-28,review,original base_pd_hint available
2025-09-10,B-FVUAOK,-0.0276632180968232,Company_B_24,B,Europe,0.5189843392837443,0.0248162426031954,Mid,manual review,,52,-0.0320681829492234,6125218.073099757,2025-05-28,review,original base_pd_hint available
2025-09-11,B-FVUAOK,0.0020757689461377,Company_B_24,B,Europe,0.5189843392837443,0.0248162426031954,Mid,manual review,,52,-0.0042222927259599,6125218.073099757,2025-05-28,review,original base_pd_hint available
2025-09-12,B-FVUAOK,-0.0316355879857292,Company_B_24,B,Europe,0.5189843392837443,0.0248162426031954,Mid,manual review,,52,0.0046539284908583,6125218.073099757,2025-05-28,review,original base_pd_hint available
2025-10-01,B-FVUAOK,0.0022855563903362,Company_B_24,B,Europe,0.5189843392837443,0.0248162426031954,Mid,manual review,,52,,6125218.073099757,2025-05-28,review,original base_pd_hint available
2025-10-02,B-FVUAOK,-0.0362858958140614,Company_B_24,B,Europe,0.5189843392837443,0.0248162426031954,Mid,manual review,,52,-0.0139835436674951,6125218.073099757,2025-05-28,review,original base_pd_hint available
2025-10-03,B-FVUAOK,,Company_B_24,B,Europe,0.5189843392837443,0.0248162426031954,Mid,manual review,,52,0.0012570528124232,6125218.073099757,2025-05-28,review,original base_pd_hint available
2025-10-06,B-FVUAOK,0.0033006963928818,Company_B_24,B,Europe,0.5189843392837443,0.0248162426031954,Mid,manual review,,52,0.0191824545318301,6125218.073099757,2025-05-28,review,original base_pd_hint available
2025-10-07,B-FVUAOK,-0.0548379687390058,Company_B_24,B,Europe,0.5189843392837443,0.0248162426031954,Mid,manual review,,52,-0.0315562534880117,6125218.073099757,2025-05-28,review,original base_pd_hint available
2025-10-08,B-FVUAOK,-0.0144820970852597,Company_B_24,B,Europe,0.5189843392837443,0.0248162426031954,Mid,manual review,,52,-0.0126125562157682,6125218.073099757,2025-05-28,review,original base_pd_hint available
2025-10-09,B-FVUAOK,-0.0641870692311942,Company_B_24,B,Europe,0.5189843392837443,0.0248162426031954,Mid,manual review,,52,-0.0182787295370303,6125218.073099757,2025-05-28,review,original base_pd_hint available
2025-10-10,B-FVUAOK,0.0130266430082987,Company_B_24,B,Europe,0.5189843392837443,0.0248162426031954,Mid,manual review,,52,0.0022168841621003,6125218.073099757,2025-05-28,review,original base_pd_hint available
2025-11-03,B-FVUAOK,0.0273635533101475,Company_B_24,B,Europe,0.5189843392837443,0.0248162426031954,Mid,manual review,,52,-0.0005455947933683,6125218.073099757,2025-05-28,review,original base_pd_hint available
2025-11-04,B-FVUAOK,-0.043902773459857,Company_B_24,B,Europe,0.5189843392837443,0.0248162426031954,Mid,manual review,,52,-0.0227663271628853,6125218.073099757,2025-05-28,review,original base_pd_hint available
2025-11-05,B-FVUAOK,0.0161773026592,Company_B_24,B,Europe,0.5189843392837443,0.0248162426031954,Mid,manual review,,52,0.0329021640544153,6125218.073099757,2025-05-28,review,original base_pd_hint available
2025-11-06,B-FVUAOK,0.0133557762724598,Company_B_24,B,Europe,0.5189843392837443,0.0248162426031954,Mid,manual review,,52,0.0261796770562837,6125218.073099757,2025-05-28,review,original base_pd_hint available
2025-11-07,B-FVUAOK,-0.0202236358908219,Company_B_24,B,Europe,0.5189843392837443,0.0248162426031954,Mid,manual review,,52,-0.0026152260671159,6125218.073099757,2025-05-28,review,original base_pd_hint available
2025-11-10,B-FVUAOK,-0.0159132930983881,Company_B_24,B,Europe,0.5189843392837443,0.0248162426031954,Mid,manual review,,52,-0.0099451696321556,6125218.073099757,2025-05-28,review,original base_pd_hint available
2025-11-12,B-FVUAOK,-0.0251753468143714,Company_B_24,B,Europe,0.5189843392837443,0.0248162426031954,Mid,manual review,,52,-0.0288607520326152,6125218.073099757,2025-05-28,review,original base_pd_hint available
2025-12-01,B-FVUAOK,-0.0300078383323796,Company_B_24,B,Europe,0.5189843392837443,0.0248162426031954,Mid,manual review,,52,0.0032907517570993,6125218.073099757,2025-05-28,review,original base_pd_hint available
2025-12-02,B-FVUAOK,,Company_B_24,B,Europe,0.5189843392837443,0.0248162426031954,Mid,manual review,,52,,6125218.073099757,2025-05-28,review,original base_pd_hint available
2025-12-05,B-FVUAOK,0.0002113985792112,Company_B_24,B,Europe,0.5189843392837443,0.0248162426031954,Mid,manual review,,52,0.0141371876711961,6125218.073099757,2025-05-28,review,original base_pd_hint available
2025-12-08,B-FVUAOK,-0.0059201961975641,Company_B_24,B,Europe,0.5189843392837443,0.0248162426031954,Mid,manual review,,52,0.004564055137615,6125218.073099757,2025-05-28,review,original base_pd_hint available
2025-12-09,B-FVUAOK,-0.018110738364384,Company_B_24,B,Europe,0.5189843392837443,0.0248162426031954,Mid,manual review,,52,,6125218.073099757,2025-05-28,review,original base_pd_hint available
2025-12-10,B-FVUAOK,0.0311312995470154,Company_B_24,B,Europe,0.5189843392837443,0.0248162426031954,Mid,manual review,,52,0.0187045985583545,6125218.073099757,2025-05-28,review,original base_pd_hint available
2025-12-11,B-FVUAOK,-0.0032663803957599,Company_B_24,B,Europe,0.5189843392837443,0.0248162426031954,Mid,manual review,,52,-0.0061635450064645,6125218.073099757,2025-05-28,review,original base_pd_hint available
2025-12-12,B-FVUAOK,0.0237028150405876,Company_B_24,B,Europe,0.5189843392837443,0.0248162426031954,Mid,manual review,,52,0.0093768957427672,6125218.073099757,2025-05-28,review,original base_pd_hint available
2025-06-11,B-GFVBLE,-0.0185816628052509,Company_B_45,B,Europe,0.515811908490511,0.0404443717235944,Small,,core,19,-0.0023309390995482,36702714.851999104,2025-06-11,,original base_pd_hint available
2025-06-12,B-GFVBLE,-0.0224067835349883,Company_B_45,B,Europe,0.515811908490511,0.0404443717235944,Small,,core,19,0.008891025310106,36702714.851999104,2025-06-11,,original base_pd_hint available
2025-07-01,B-GFVBLE,0.0351562409861981,Company_B_45,B,Europe,0.515811908490511,0.0404443717235944,Small,,core,19,,36702714.851999104,2025-06-11,,original base_pd_hint available
2025-07-02,B-GFVBLE,-0.015362788295916,Company_B_45,B,Europe,0.515811908490511,0.0404443717235944,Small,,core,19,-0.0047848339291268,36702714.851999104,2025-06-11,,original base_pd_hint available
2025-07-03,B-GFVBLE,-0.0909089332316696,Company_B_45,B,Europe,0.515811908490511,0.0404443717235944,Small,,core,19,-0.0300041296283168,36702714.851999104,2025-06-11,,original base_pd_hint available
2025-07-04,B-GFVBLE,-0.034469097973414,Company_B_45,B,Europe,0.515811908490511,0.0404443717235944,Small,,core,19,0.0056822404651326,36702714.851999104,2025-06-11,,original base_pd_hint available
2025-07-07,B-GFVBLE,-0.0248858314376187,Company_B_45,B,Europe,0.515811908490511,0.0404443717235944,Small,,core,19,-0.0260411084866903,36702714.851999104,2025-06-11,,original base_pd_hint available
2025-07-08,B-GFVBLE,0.0106392465844016,Company_B_45,B,Europe,0.515811908490511,0.0404443717235944,Small,,core,19,,36702714.851999104,2025-06-11,,original base_pd_hint available
2025-07-09,B-GFVBLE,0.0068797365283925,Company_B_45,B,Europe,0.515811908490511,0.0404443717235944,Small,,core,19,-0.0023271599388046,36702714.851999104,2025-06-11,,original base_pd_hint available
2025-07-10,B-GFVBLE,-0.0103330016951192,Company_B_45,B,Europe,0.515811908490511,0.0404443717235944,Small,,core,19,,36702714.851999104,2025-06-11,,original base_pd_hint available
2025-07-11,B-GFVBLE,0.0018649289945023,Company_B_45,B,Europe,0.515811908490511,0.0404443717235944,Small,,core,19,-0.0120507403461468,36702714.851999104,2025-06-11,,original base_pd_hint available
2025-08-01,B-GFVBLE,0.0275036346401928,Company_B_45,B,Europe,0.515811908490511,0.0404443717235944,Small,,core,19,0.0040039417401903,36702714.851999104,2025-06-11,,original base_pd_hint available
2025-08-04,B-GFVBLE,0.0104943314681055,Company_B_45,B,Europe,0.515811908490511,0.0404443717235944,Small,,core,19,0.0114973593521953,36702714.851999104,2025-06-11,,original base_pd_hint available
2025-08-05,B-GFVBLE,-0.0275198500691409,Company_B_45,B,Europe,0.515811908490511,0.0404443717235944,Small,,core,19,-0.0172789147832154,36702714.851999104,2025-06-11,,original base_pd_hint available
2025-08-06,B-GFVBLE,-0.0418381970751083,Company_B_45,B,Europe,0.515811908490511,0.0404443717235944,Small,,core,19,0.0002102521817928,36702714.851999104,2025-06-11,,original base_pd_hint available
2025-08-07,B-GFVBLE,0.0301576765320386,Company_B_45,B,Europe,0.515811908490511,0.0404443717235944,Small,,core,19,0.0187115199297718,36702714.851999104,2025-06-11,,original base_pd_hint available
2025-08-08,B-GFVBLE,-0.0034310165586597,Company_B_45,B,Europe,0.515811908490511,0.0404443717235944,Small,,core,19,0.0105064073241729,36702714.851999104,2025-06-11,,original base_pd_hint available
2025-08-11,B-GFVBLE,-0.0320723950963183,Company_B_45,B,Europe,0.515811908490511,0.0404443717235944,Small,,core,19,-0.0090665158126864,36702714.851999104,2025-06-11,,original base_pd_hint available
2025-08-12,B-GFVBLE,-0.0295184552916132,Company_B_45,B,Europe,0.515811908490511,0.0404443717235944,Small,,core,19,-0.0015097488640975,36702714.851999104,2025-06-11,,original base_pd_hint available
2025-09-01,B-GFVBLE,0.0003326617214976,Company_B_45,B,Europe,0.515811908490511,0.0404443717235944,Small,,core,19,-0.0182440765094434,36702714.851999104,2025-06-11,,original base_pd_hint available
2025-09-02,B-GFVBLE,0.0076712130534391,Company_B_45,B,Europe,0.515811908490511,0.0404443717235944,Small,,core,19,0.000493033588286,36702714.851999104,2025-06-11,,original base_pd_hint available
2025-09-03,B-GFVBLE,-0.0166439831482796,Company_B_45,B,Europe,0.515811908490511,0.0404443717235944,Small,,core,19,-0.0130870635919819,36702714.851999104,2025-06-11,,original base_pd_hint available
2025-09-04,B-GFVBLE,-0.0015453671718404,Company_B_45,B,Europe,0.515811908490511,0.0404443717235944,Small,,core,19,0.0003558120086072,36702714.851999104,2025-06-11,,original base_pd_hint available
2025-09-05,B-GFVBLE,-0.0099312043458115,Company_B_45,B,Europe,0.515811908490511,0.0404443717235944,Small,,core,19,-0.0087005818517411,36702714.851999104,2025-06-11,,original base_pd_hint available
2025-09-08,B-GFVBLE,0.0071767792772472,Company_B_45,B,Europe,0.515811908490511,0.0404443717235944,Small,,core,19,0.0023920822452534,36702714.851999104,2025-06-11,,original base_pd_hint available
2025-09-10,B-GFVBLE,-0.0224397422513705,Company_B_45,B,Europe,0.515811908490511,0.0404443717235944,Small,,core,19,-0.0320681829492234,36702714.851999104,2025-06-11,,original base_pd_hint available
2025-09-11,B-GFVBLE,-0.0097954992927058,Company_B_45,B,Europe,0.515811908490511,0.0404443717235944,Small,,core,19,-0.0042222927259599,36702714.851999104,2025-06-11,,original base_pd_hint available
2025-09-12,B-GFVBLE,-0.0057360066865821,Company_B_45,B,Europe,0.515811908490511,0.0404443717235944,Small,,core,19,0.0046539284908583,36702714.851999104,2025-06-11,,original base_pd_hint available
2025-10-01,B-GFVBLE,0.0161479441924309,Company_B_45,B,Europe,0.515811908490511,0.0404443717235944,Small,,core,19,,36702714.851999104,2025-06-11,,original base_pd_hint available
2025-10-02,B-GFVBLE,0.0264871202668533,Company_B_45,B,Europe,0.515811908490511,0.0404443717235944,Small,,core,19,-0.0139835436674951,36702714.851999104,2025-06-11,,original base_pd_hint available
2025-10-06,B-GFVBLE,0.0339701233047689,Company_B_45,B,Europe,0.515811908490511,0.0404443717235944,Small,,core,19,0.0191824545318301,36702714.851999104,2025-06-11,,original base_pd_hint available
2025-10-07,B-GFVBLE,-0.0257478364857937,Company_B_45,B,Europe,0.515811908490511,0.0404443717235944,Small,,core,19,-0.0315562534880117,36702714.851999104,2025-06-11,,original base_pd_hint available
2025-10-08,B-GFVBLE,-0.0032559161522837,Company_B_45,B,Europe,0.515811908490511,0.0404443717235944,Small,,core,19,-0.0126125562157682,36702714.851999104,2025-06-11,,original base_pd_hint available
2025-10-09,B-GFVBLE,-0.0062449129672153,Company_B_45,B,Europe,0.515811908490511,0.0404443717235944,Small,,core,19,-0.0182787295370303,36702714.851999104,2025-06-11,,original base_pd_hint available
2025-10-10,B-GFVBLE,,Company_B_45,B,Europe,0.515811908490511,0.0404443717235944,Small,,core,19,0.0022168841621003,36702714.851999104,2025-06-11,,original base_pd_hint available
2025-11-03,B-GFVBLE,-0.0373299520916146,Company_B_45,B,Europe,0.515811908490511,0.0404443717235944,Small,,core,19,-0.0005455947933683,36702714.851999104,2025-06-11,,original base_pd_hint available
2025-11-04,B-GFVBLE,-0.0110962226910818,Company_B_45,B,Europe,0.515811908490511,0.0404443717235944,Small,,core,19,-0.0227663271628853,36702714.851999104,2025-06-11,,original base_pd_hint available
2025-11-05,B-GFVBLE,0.0477372223082652,Company_B_45,B,Europe,0.515811908490511,0.0404443717235944,Small,,core,19,0.0329021640544153,36702714.851999104,2025-06-11,,original base_pd_hint available
2025-11-06,B-GFVBLE,0.0589083524682753,Company_B_45,B,Europe,0.515811908490511,0.0404443717235944,Small,,core,19,0.0261796770562837,36702714.851999104,2025-06-11,,original base_pd_hint available
2025-11-07,B-GFVBLE,-0.0081097146909537,Company_B_45,B,Europe,0.515811908490511,0.0404443717235944,Small,,core,19,-0.0026152260671159,36702714.851999104,2025-06-11,,original base_pd_hint available
2025-11-10,B-GFVBLE,-0.0088587534378959,Company_B_45,B,Europe,0.515811908490511,0.0404443717235944,Small,,core,19,-0.0099451696321556,36702714.851999104,2025-06-11,,original base_pd_hint available
2025-11-12,B-GFVBLE,0.0048444672780611,Company_B_45,B,Europe,0.515811908490511,0.0404443717235944,Small,,core,19,-0.0288607520326152,36702714.851999104,2025-06-11,,original base_pd_hint available
2025-12-01,B-GFVBLE,0.0045003407558111,Company_B_45,B,Europe,0.515811908490511,0.0404443717235944,Small,,core,19,0.0032907517570993,36702714.851999104,2025-06-11,,original base_pd_hint available
2025-12-03,B-GFVBLE,0.002702694663461,Company_B_45,B,Europe,0.515811908490511,0.0404443717235944,Small,,core,19,-0.0108077946280547,36702714.851999104,2025-06-11,,original base_pd_hint available
2025-12-04,B-GFVBLE,0.0190295426817304,Company_B_45,B,Europe,0.515811908490511,0.0404443717235944,Small,,core,19,0.0224254442272963,36702714.851999104,2025-06-11,,original base_pd_hint available
2025-12-05,B-GFVBLE,-0.0236923967603054,Company_B_45,B,Europe,0.515811908490511,0.0404443717235944,Small,,core,19,0.0141371876711961,36702714.851999104,2025-06-11,,original base_pd_hint available
2025-12-08,B-GFVBLE,0.0426602903475953,Company_B_45,B,Europe,0.515811908490511,0.0404443717235944,Small,,core,19,0.004564055137615,36702714.851999104,2025-06-11,,original base_pd_hint available
2025-12-09,B-GFVBLE,0.0308915015886468,Company_B_45,B,Europe,0.515811908490511,0.0404443717235944,Small,,core,19,,36702714.851999104,2025-06-11,,original base_pd_hint available
2025-12-10,B-GFVBLE,0.0327564211339827,Company_B_45,B,Europe,0.515811908490511,0.0404443717235944,Small,,core,19,0.0187045985583545,36702714.851999104,2025-06-11,,original base_pd_hint available
2025-12-11,B-GFVBLE,-0.013524265172003,Company_B_45,B,Europe,0.515811908490511,0.0404443717235944,Small,,core,19,-0.0061635450064645,36702714.851999104,2025-06-11,,original base_pd_hint available
2025-12-12,B-GFVBLE,0.0182744345606872,Company_B_45,B,Europe,0.515811908490511,0.0404443717235944,Small,,core,19,0.0093768957427672,36702714.851999104,2025-06-11,,original base_pd_hint available
2025-12-10,B-I67BWI,-0.0195984684616828,Company_B_19,B,Europe,0.4461228682382256,0.0430346886251349,Mid,stable,core,17,0.0187045985583545,24949401.62579115,2025-12-10,new,original base_pd_hint available
2025-12-11,B-I67BWI,-0.0130001327243335,Company_B_19,B,Europe,0.4461228682382256,0.0430346886251349,Mid,stable,core,17,-0.0061635450064645,24949401.62579115,2025-12-10,new,original base_pd_hint available
2025-12-12,B-I67BWI,-0.0086642907735902,Company_B_19,B,Europe,0.4461228682382256,0.0430346886251349,Mid,stable,core,17,0.0093768957427672,24949401.62579115,2025-12-10,new,original base_pd_hint available
2025-09-01,B-IOC2XD,-0.0111908058116256,Company_B_28,B,Europe,0.4363384716897764,0.0387879212756317,Large,manual review,core,13,-0.0182440765094434,,2025-08-20,new,original base_pd_hint available
2025-09-02,B-IOC2XD,0.0052999804149385,Company_B_28,B,Europe,0.4363384716897764,0.0387879212756317,Large,manual review,core,13,0.000493033588286,,2025-08-20,new,original base_pd_hint available
2025-09-03,B-IOC2XD,0.0077750566312035,Company_B_28,B,Europe,0.4363384716897764,0.0387879212756317,Large,manual review,core,13,-0.0130870635919819,,2025-08-20,new,original base_pd_hint available
2025-09-04,B-IOC2XD,-0.0242538852608768,Company_B_28,B,Europe,0.4363384716897764,0.0387879212756317,Large,manual review,core,13,0.0003558120086072,,2025-08-20,new,original base_pd_hint available
2025-09-05,B-IOC2XD,-0.0084876175674815,Company_B_28,B,Europe,0.4363384716897764,0.0387879212756317,Large,manual review,core,13,-0.0087005818517411,,2025-08-20,new,original base_pd_hint available
2025-09-08,B-IOC2XD,-0.021826838797468,Company_B_28,B,Europe,0.4363384716897764,0.0387879212756317,Large,manual review,core,13,0.0023920822452534,,2025-08-20,new,original base_pd_hint available
2025-09-09,B-IOC2XD,0.005213658243263,Company_B_28,B,Europe,0.4363384716897764,0.0387879212756317,Large,manual review,core,13,-0.0026480819129213,,2025-08-20,new,original base_pd_hint available
2025-09-11,B-IOC2XD,0.003533189811731,Company_B_28,B,Europe,0.4363384716897764,0.0387879212756317,Large,manual review,core,13,-0.0042222927259599,,2025-08-20,new,original base_pd_hint available
2025-09-12,B-IOC2XD,-0.0145102685078321,Company_B_28,B,Europe,0.4363384716897764,0.0387879212756317,Large,manual review,core,13,0.0046539284908583,,2025-08-20,new,original base_pd_hint available
2025-10-01,B-IOC2XD,-0.0248422744691418,Company_B_28,B,Europe,0.4363384716897764,0.0387879212756317,Large,manual review,core,13,,,2025-08-20,new,original base_pd_hint available
2025-10-02,B-IOC2XD,-0.021457581781052,Company_B_28,B,Europe,0.4363384716897764,0.0387879212756317,Large,manual review,core,13,-0.0139835436674951,,2025-08-20,new,original base_pd_hint available
2025-10-03,B-IOC2XD,0.0007942385288665,Company_B_28,B,Europe,0.4363384716897764,0.0387879212756317,Large,manual review,core,13,0.0012570528124232,,2025-08-20,new,original base_pd_hint available
2025-10-06,B-IOC2XD,-0.0189961507905109,Company_B_28,B,Europe,0.4363384716897764,0.0387879212756317,Large,manual review,core,13,0.0191824545318301,,2025-08-20,new,original base_pd_hint available
2025-10-07,B-IOC2XD,-0.0054379911164406,Company_B_28,B,Europe,0.4363384716897764,0.0387879212756317,Large,manual review,core,13,-0.0315562534880117,,2025-08-20,new,original base_pd_hint available
2025-10-08,B-IOC2XD,-0.0140033636834066,Company_B_28,B,Europe,0.4363384716897764,0.0387879212756317,Large,manual review,core,13,-0.0126125562157682,,2025-08-20,new,original base_pd_hint available
2025-10-09,B-IOC2XD,-0.0304195264514466,Company_B_28,B,Europe,0.4363384716897764,0.0387879212756317,Large,manual review,core,13,-0.0182787295370303,,2025-08-20,new,original base_pd_hint available
2025-10-10,B-IOC2XD,0.0227634426169965,Company_B_28,B,Europe,0.4363384716897764,0.0387879212756317,Large,manual review,core,13,0.0022168841621003,,2025-08-20,new,original base_pd_hint available
2025-11-03,B-IOC2XD,0.0447966289688315,Company_B_28,B,Europe,0.4363384716897764,0.0387879212756317,Large,manual review,core,13,-0.0005455947933683,,2025-08-20,new,original base_pd_hint available
2025-11-04,B-IOC2XD,0.0416825381522157,Company_B_28,B,Europe,0.4363384716897764,0.0387879212756317,Large,manual review,core,13,-0.0227663271628853,,2025-08-20,new,original base_pd_hint available
2025-11-05,B-IOC2XD,0.0366644873306301,Company_B_28,B,Europe,0.4363384716897764,0.0387879212756317,Large,manual review,core,13,0.0329021640544153,,2025-08-20,new,original base_pd_hint available
2025-11-06,B-IOC2XD,0.0233120223174053,Company_B_28,B,Europe,0.4363384716897764,0.0387879212756317,Large,manual review,core,13,0.0261796770562837,,2025-08-20,new,original base_pd_hint available
2025-11-07,B-IOC2XD,,Company_B_28,B,Europe,0.4363384716897764,0.0387879212756317,Large,manual review,core,13,-0.0026152260671159,,2025-08-20,new,original base_pd_hint available
2025-11-10,B-IOC2XD,-0.0261446053931957,Company_B_28,B,Europe,0.4363384716897764,0.0387879212756317,Large,manual review,core,13,-0.0099451696321556,,2025-08-20,new,original base_pd_hint available
2025-11-11,B-IOC2XD,-0.0138062799124235,Company_B_28,B,Europe,0.4363384716897764,0.0387879212756317,Large,manual review,core,13,0.0071147820767182,,2025-08-20,new,original base_pd_hint available
2025-11-12,B-IOC2XD,0.0066413626276434,Company_B_28,B,Europe,0.4363384716897764,0.0387879212756317,Large,manual review,core,13,-0.0288607520326152,,2025-08-20,new,original base_pd_hint available
2025-12-01,B-IOC2XD,-0.0177335772399528,Company_B_28,B,Europe,0.4363384716897764,0.0387879212756317,Large,manual review,core,13,0.0032907517570993,,2025-08-20,new,original base_pd_hint available
2025-12-02,B-IOC2XD,-0.0099767122189996,Company_B_28,B,Europe,0.4363384716897764,0.0387879212756317,Large,manual review,core,13,,,2025-08-20,new,original base_pd_hint available
2025-12-04,B-IOC2XD,0.0494121181632563,Company_B_28,B,Europe,0.4363384716897764,0.0387879212756317,Large,manual review,core,13,0.0224254442272963,,2025-08-20,new,original base_pd_hint available
2025-12-05,B-IOC2XD,0.0181656871211708,Company_B_28,B,Europe,0.4363384716897764,0.0387879212756317,Large,manual review,core,13,0.0141371876711961,,2025-08-20,new,original base_pd_hint available
2025-12-08,B-IOC2XD,0.0107127460002299,Company_B_28,B,Europe,0.4363384716897764,0.0387879212756317,Large,manual review,core,13,0.004564055137615,,2025-08-20,new,original base_pd_hint available
2025-12-09,B-IOC2XD,-0.0052779196676845,Company_B_28,B,Europe,0.4363384716897764,0.0387879212756317,Large,manual review,core,13,,,2025-08-20,new,original base_pd_hint available
2025-12-10,B-IOC2XD,-0.0010624762971043,Company_B_28,B,Europe,0.4363384716897764,0.0387879212756317,Large,manual review,core,13,0.0187045985583545,,2025-08-20,new,original base_pd_hint available
2025-12-11,B-IOC2XD,-0.0039312977163283,Company_B_28,B,Europe,0.4363384716897764,0.0387879212756317,Large,manual review,core,13,-0.0061635450064645,,2025-08-20,new,original base_pd_hint available
2025-12-12,B-IOC2XD,0.035386881646448,Company_B_28,B,Europe,0.4363384716897764,0.0387879212756317,Large,manual review,core,13,0.0093768957427672,,2025-08-20,new,original base_pd_hint available
2025-10-01,B-J2ILS4,-0.0162608584531681,Company_B_13,B,asia,0.5612485910550065,0.039659096654194,Large,stable,,15,,31923490.34543775,2025-09-24,review,original base_pd_hint available
2025-10-02,B-J2ILS4,-0.0240976083553814,Company_B_13,B,asia,0.5612485910550065,0.039659096654194,Large,stable,,15,-0.0139835436674951,31923490.34543775,2025-09-24,review,original base_pd_hint available
2025-10-03,B-J2ILS4,0.0060376766805356,Company_B_13,B,asia,0.5612485910550065,0.039659096654194,Large,stable,,15,0.0012570528124232,31923490.34543775,2025-09-24,review,original base_pd_hint available
2025-10-06,B-J2ILS4,0.0065923090614882,Company_B_13,B,asia,0.5612485910550065,0.039659096654194,Large,stable,,15,0.0191824545318301,31923490.34543775,2025-09-24,review,original base_pd_hint available
2025-10-07,B-J2ILS4,-0.0685154337385248,Company_B_13,B,asia,0.5612485910550065,0.039659096654194,Large,stable,,15,-0.0315562534880117,31923490.34543775,2025-09-24,review,original base_pd_hint available
2025-10-08,B-J2ILS4,0.0061990609126212,Company_B_13,B,asia,0.5612485910550065,0.039659096654194,Large,stable,,15,-0.0126125562157682,31923490.34543775,2025-09-24,review,original base_pd_hint available
2025-10-09,B-J2ILS4,-0.0049621180972108,Company_B_13,B,asia,0.5612485910550065,0.039659096654194,Large,stable,,15,-0.0182787295370303,31923490.34543775,2025-09-24,review,original base_pd_hint available
2025-10-10,B-J2ILS4,0.0098110237661543,Company_B_13,B,asia,0.5612485910550065,0.039659096654194,Large,stable,,15,0.0022168841621003,31923490.34543775,2025-09-24,review,original base_pd_hint available
2025-11-03,B-J2ILS4,-0.0009621751850753,Company_B_13,B,asia,0.5612485910550065,0.039659096654194,Large,stable,,15,-0.0005455947933683,31923490.34543775,2025-09-24,review,original base_pd_hint available
2025-11-04,B-J2ILS4,-0.0342573966404112,Company_B_13,B,asia,0.5612485910550065,0.039659096654194,Large,stable,,15,-0.0227663271628853,31923490.34543775,2025-09-24,review,original base_pd_hint available
2025-11-05,B-J2ILS4,0.0517604560375881,Company_B_13,B,asia,0.5612485910550065,0.039659096654194,Large,stable,,15,0.0329021640544153,31923490.34543775,2025-09-24,review,original base_pd_hint available
2025-11-06,B-J2ILS4,0.0060826049858413,Company_B_13,B,asia,0.5612485910550065,0.039659096654194,Large,stable,,15,0.0261796770562837,31923490.34543775,2025-09-24,review,original base_pd_hint available
2025-11-07,B-J2ILS4,-0.0007929869103699,Company_B_13,B,asia,0.5612485910550065,0.039659096654194,Large,stable,,15,-0.0026152260671159,31923490.34543775,2025-09-24,review,original base_pd_hint available
2025-11-10,B-J2ILS4,-0.0070776563775196,Company_B_13,B,asia,0.5612485910550065,0.039659096654194,Large,stable,,15,-0.0099451696321556,31923490.34543775,2025-09-24,review,original base_pd_hint available
2025-11-12,B-J2ILS4,-0.0420322918794635,Company_B_13,B,asia,0.5612485910550065,0.039659096654194,Large,stable,,15,-0.0288607520326152,31923490.34543775,2025-09-24,review,original base_pd_hint available
2025-12-01,B-J2ILS4,0.0369790870464251,Company_B_13,B,asia,0.5612485910550065,0.039659096654194,Large,stable,,15,0.0032907517570993,31923490.34543775,2025-09-24,review,original base_pd_hint available
2025-12-02,B-J2ILS4,0.0026811912832912,Company_B_13,B,asia,0.5612485910550065,0.039659096654194,Large,stable,,15,,31923490.34543775,2025-09-24,review,original base_pd_hint available
2025-12-03,B-J2ILS4,-0.0136224461294253,Company_B_13,B,asia,0.5612485910550065,0.039659096654194,Large,stable,,15,-0.0108077946280547,31923490.34543775,2025-09-24,review,original base_pd_hint available
2025-12-04,B-J2ILS4,0.0393435204644668,Company_B_13,B,asia,0.5612485910550065,0.039659096654194,Large,stable,,15,0.0224254442272963,31923490.34543775,2025-09-24,review,original base_pd_hint available
2025-12-05,B-J2ILS4,0.0263378301842242,Company_B_13,B,asia,0.5612485910550065,0.039659096654194,Large,stable,,15,0.0141371876711961,31923490.34543775,2025-09-24,review,original base_pd_hint available
2025-12-08,B-J2ILS4,-0.018098544183082,Company_B_13,B,asia,0.5612485910550065,0.039659096654194,Large,stable,,15,0.004564055137615,31923490.34543775,2025-09-24,review,original base_pd_hint available
2025-12-09,B-J2ILS4,0.0047482034551116,Company_B_13,B,asia,0.5612485910550065,0.039659096654194,Large,stable,,15,,31923490.34543775,2025-09-24,review,original base_pd_hint available
2025-12-10,B-J2ILS4,0.0250846522522699,Company_B_13,B,asia,0.5612485910550065,0.039659096654194,Large,stable,,15,0.0187045985583545,31923490.34543775,2025-09-24,review,original base_pd_hint available
2025-12-11,B-J2ILS4,-0.0084918484991437,Company_B_13,B,asia,0.5612485910550065,0.039659096654194,Large,stable,,15,-0.0061635450064645,31923490.34543775,2025-09-24,review,original base_pd_hint available
2025-12-12,B-J2ILS4,0.0036159527207201,Company_B_13,B,asia,0.5612485910550065,0.039659096654194,Large,stable,,15,0.0093768957427672,31923490.34543775,2025-09-24,review,original base_pd_hint available
2025-02-05,B-JI444W,0.0262450571058405,Company_B_20,B,North America,0.4746622431051985,0.0338857059003395,Small,manual review,legacy,42,0.0368528512948007,12592064.298202593,2025-02-05,,original base_pd_hint available
2025-02-07,B-JI444W,,Company_B_20,B,North America,0.4746622431051985,0.0338857059003395,Small,manual review,legacy,42,0.0037946313290671,12592064.298202593,2025-02-05,,original base_pd_hint available
2025-02-10,B-JI444W,0.0244513940568463,Company_B_20,B,North America,0.4746622431051985,0.0338857059003395,Small,manual review,legacy,42,,12592064.298202593,2025-02-05,,original base_pd_hint available
2025-02-11,B-JI444W,0.0283752922016838,Company_B_20,B,North America,0.4746622431051985,0.0338857059003395,Small,manual review,legacy,42,0.0062881352120187,12592064.298202593,2025-02-05,,original base_pd_hint available
2025-02-12,B-JI444W,-0.0330121861570971,Company_B_20,B,North America,0.4746622431051985,0.0338857059003395,Small,manual review,legacy,42,-0.0208527580455251,12592064.298202593,2025-02-05,,original base_pd_hint available
2025-03-03,B-JI444W,0.0327643970713947,Company_B_20,B,North America,0.4746622431051985,0.0338857059003395,Small,manual review,legacy,42,0.0241394851882321,12592064.298202593,2025-02-05,,original base_pd_hint available
2025-03-04,B-JI444W,0.0187130891821293,Company_B_20,B,North America,0.4746622431051985,0.0338857059003395,Small,manual review,legacy,42,-0.0101597991216656,12592064.298202593,2025-02-05,,original base_pd_hint available
2025-03-05,B-JI444W,-0.0125376150672766,Company_B_20,B,North America,0.4746622431051985,0.0338857059003395,Small,manual review,legacy,42,0.0075017569132821,12592064.298202593,2025-02-05,,original base_pd_hint available
2025-03-06,B-JI444W,0.0335282400929146,Company_B_20,B,North America,0.4746622431051985,0.0338857059003395,Small,manual review,legacy,42,0.0066686231237621,12592064.298202593,2025-02-05,,original base_pd_hint available
2025-03-07,B-JI444W,0.0127609923727964,Company_B_20,B,North America,0.4746622431051985,0.0338857059003395,Small,manual review,legacy,42,0.0112572342293805,12592064.298202593,2025-02-05,,original base_pd_hint available
2025-03-10,B-JI444W,-0.0006377825704858,Company_B_20,B,North America,0.4746622431051985,0.0338857059003395,Small,manual review,legacy,42,-0.017433239731723,12592064.298202593,2025-02-05,,original base_pd_hint available
2025-03-11,B-JI444W,-0.0441528024370323,Company_B_20,B,North America,0.4746622431051985,0.0338857059003395,Small,manual review,legacy,42,-0.0023939118081542,12592064.298202593,2025-02-05,,original base_pd_hint available
2025-03-12,B-JI444W,0.0645271886573556,Company_B_20,B,North America,0.4746622431051985,0.0338857059003395,Small,manual review,legacy,42,0.0319413685846036,12592064.298202593,2025-02-05,,original base_pd_hint available
2025-04-01,B-JI444W,0.0412768741764865,Company_B_20,B,North America,0.4746622431051985,0.0338857059003395,Small,manual review,legacy,42,0.0115957818789293,12592064.298202593,2025-02-05,,original base_pd_hint available
2025-04-02,B-JI444W,-0.0100186818994363,Company_B_20,B,North America,0.4746622431051985,0.0338857059003395,Small,manual review,legacy,42,0.0186776451485401,12592064.298202593,2025-02-05,,original base_pd_hint available
2025-04-03,B-JI444W,-0.007747693761173,Company_B_20,B,North America,0.4746622431051985,0.0338857059003395,Small,manual review,legacy,42,-0.0037462404383459,12592064.298202593,2025-02-05,,original base_pd_hint available
2025-04-04,B-JI444W,0.038946626905485,Company_B_20,B,North America,0.4746622431051985,0.0338857059003395,Small,manual review,legacy,42,0.0147203918974813,12592064.298202593,2025-02-05,,original base_pd_hint available
2025-04-07,B-JI444W,0.0042015088863599,Company_B_20,B,North America,0.4746622431051985,0.0338857059003395,Small,manual review,legacy,42,0.0246663868926757,12592064.298202593,2025-02-05,,original base_pd_hint available
2025-04-08,B-JI444W,-0.0368604802117529,Company_B_20,B,North America,0.4746622431051985,0.0338857059003395,Small,manual review,legacy,42,0.0056866936253566,12592064.298202593,2025-02-05,,original base_pd_hint available
2025-04-09,B-JI444W,-0.0440194467266066,Company_B_20,B,North America,0.4746622431051985,0.0338857059003395,Small,manual review,legacy,42,-0.0004650774196358,12592064.298202593,2025-02-05,,original base_pd_hint available
2025-04-10,B-JI444W,-0.0189440453543152,Company_B_20,B,North America,0.4746622431051985,0.0338857059003395,Small,manual review,legacy,42,-0.0095558031349188,12592064.298202593,2025-02-05,,original base_pd_hint available
2025-04-11,B-JI444W,0.0664684783637549,Company_B_20,B,North America,0.4746622431051985,0.0338857059003395,Small,manual review,legacy,42,0.0326847601054619,12592064.298202593,2025-02-05,,original base_pd_hint available
2025-05-01,B-JI444W,-0.0137811628618444,Company_B_20,B,North America,0.4746622431051985,0.0338857059003395,Small,manual review,legacy,42,0.0140277458538761,12592064.298202593,2025-02-05,,original base_pd_hint available
2025-05-02,B-JI444W,0.0294166725484462,Company_B_20,B,North America,0.4746622431051985,0.0338857059003395,Small,manual review,legacy,42,-0.0237675804038153,12592064.298202593,2025-02-05,,original base_pd_hint available
2025-05-05,B-JI444W,,Company_B_20,B,North America,0.4746622431051985,0.0338857059003395,Small,manual review,legacy,42,-0.0102126348852569,12592064.298202593,2025-02-05,,original base_pd_hint available
2025-05-06,B-JI444W,-0.0398845465980475,Company_B_20,B,North America,0.4746622431051985,0.0338857059003395,Small,manual review,legacy,42,-0.030025691323182,12592064.298202593,2025-02-05,,original base_pd_hint available
2025-05-07,B-JI444W,-0.0070193509039952,Company_B_20,B,North America,0.4746622431051985,0.0338857059003395,Small,manual review,legacy,42,-0.0045847799145338,12592064.298202593,2025-02-05,,original base_pd_hint available
2025-05-08,B-JI444W,-0.0373906685625857,Company_B_20,B,North America,0.4746622431051985,0.0338857059003395,Small,manual review,legacy,42,-0.0100549327049622,12592064.298202593,2025-02-05,,original base_pd_hint available
2025-05-09,B-JI444W,-0.0422309127736203,Company_B_20,B,North America,0.4746622431051985,0.0338857059003395,Small,manual review,legacy,42,-0.0108788433685402,12592064.298202593,2025-02-05,,original base_pd_hint available
2025-05-12,B-JI444W,0.0034508475410855,Company_B_20,B,North America,0.4746622431051985,0.0338857059003395,Small,manual review,legacy,42,0.013255782941715,12592064.298202593,2025-02-05,,original base_pd_hint available
2025-06-03,B-JI444W,0.0248941248813878,Company_B_20,B,North America,0.4746622431051985,0.0338857059003395,Small,manual review,legacy,42,-0.0167736228582782,12592064.298202593,2025-02-05,,original base_pd_hint available
2025-06-04,B-JI444W,0.0027886221818284,Company_B_20,B,North America,0.4746622431051985,0.0338857059003395,Small,manual review,legacy,42,-0.0043931427354546,12592064.298202593,2025-02-05,,original base_pd_hint available
2025-06-05,B-JI444W,-0.0313825438756661,Company_B_20,B,North America,0.4746622431051985,0.0338857059003395,Small,manual review,legacy,42,-0.0005637740370175,12592064.298202593,2025-02-05,,original base_pd_hint available
2025-06-06,B-JI444W,-0.0007379998212261,Company_B_20,B,North America,0.4746622431051985,0.0338857059003395,Small,manual review,legacy,42,,12592064.298202593,2025-02-05,,original base_pd_hint available
2025-06-09,B-JI444W,0.0132064312911974,Company_B_20,B,North America,0.4746622431051985,0.0338857059003395,Small,manual review,legacy,42,0.0184277164951934,12592064.298202593,2025-02-05,,original base_pd_hint available
2025-06-10,B-JI444W,0.0364744371257051,Company_B_20,B,North America,0.4746622431051985,0.0338857059003395,Small,manual review,legacy,42,0.0077210052577763,12592064.298202593,2025-02-05,,original base_pd_hint available
2025-06-11,B-JI444W,-0.0062998452722019,Company_B_20,B,North America,0.4746622431051985,0.0338857059003395,Small,manual review,legacy,42,-0.0023309390995482,12592064.298202593,2025-02-05,,original base_pd_hint available
2025-06-12,B-JI444W,0.0212888790068489,Company_B_20,B,North America,0.4746622431051985,0.0338857059003395,Small,manual review,legacy,42,0.008891025310106,12592064.298202593,2025-02-05,,original base_pd_hint available
2025-07-01,B-JI444W,0.005983031458463,Company_B_20,B,North America,0.4746622431051985,0.0338857059003395,Small,manual review,legacy,42,,12592064.298202593,2025-02-05,,original base_pd_hint available
2025-07-02,B-JI444W,0.0115053748901653,Company_B_20,B,North America,0.4746622431051985,0.0338857059003395,Small,manual review,legacy,42,-0.0047848339291268,12592064.298202593,2025-02-05,,original base_pd_hint available
2025-07-07,B-JI444W,-0.0358294903270844,Company_B_20,B,North America,0.4746622431051985,0.0338857059003395,Small,manual review,legacy,42,-0.0260411084866903,12592064.298202593,2025-02-05,,original base_pd_hint available
2025-07-08,B-JI444W,0.0327869076143371,Company_B_20,B,North America,0.4746622431051985,0.0338857059003395,Small,manual review,legacy,42,,12592064.298202593,2025-02-05,,original base_pd_hint available
2025-07-09,B-JI444W,0.0207659976021077,Company_B_20,B,North America,0.4746622431051985,0.0338857059003395,Small,manual review,legacy,42,-0.0023271599388046,12592064.298202593,2025-02-05,,original base_pd_hint available
2025-07-10,B-JI444W,-0.0030260652259872,Company_B_20,B,North America,0.4746622431051985,0.0338857059003395,Small,manual review,legacy,42,,12592064.298202593,2025-02-05,,original base_pd_hint available
2025-08-04,B-JI444W,0.0194928365252888,Company_B_20,B,North America,0.4746622431051985,0.0338857059003395,Small,manual review,legacy,42,0.0114973593521953,12592064.298202593,2025-02-05,,original base_pd_hint available
2025-08-05,B-JI444W,-0.008828419616925,Company_B_20,B,North America,0.4746622431051985,0.0338857059003395,Small,manual review,legacy,42,-0.0172789147832154,12592064.298202593,2025-02-05,,original base_pd_hint available
2025-08-07,B-JI444W,0.0500620593919208,Company_B_20,B,North America,0.4746622431051985,0.0338857059003395,Small,manual review,legacy,42,0.0187115199297718,12592064.298202593,2025-02-05,,original base_pd_hint available
2025-08-08,B-JI444W,0.0308864130959379,Company_B_20,B,North America,0.4746622431051985,0.0338857059003395,Small,manual review,legacy,42,0.0105064073241729,12592064.298202593,2025-02-05,,original base_pd_hint available
2025-08-11,B-JI444W,-0.012252784008172,Company_B_20,B,North America,0.4746622431051985,0.0338857059003395,Small,manual review,legacy,42,-0.0090665158126864,12592064.298202593,2025-02-05,,original base_pd_hint available
2025-08-12,B-JI444W,0.0186924856702115,Company_B_20,B,North America,0.4746622431051985,0.0338857059003395,Small,manual review,legacy,42,-0.0015097488640975,12592064.298202593,2025-02-05,,original base_pd_hint available
2025-09-01,B-JI444W,0.0054795177344503,Company_B_20,B,North America,0.4746622431051985,0.0338857059003395,Small,manual review,legacy,42,-0.0182440765094434,12592064.298202593,2025-02-05,,original base_pd_hint available
2025-09-02,B-JI444W,0.0112936037108116,Company_B_20,B,North America,0.4746622431051985,0.0338857059003395,Small,manual review,legacy,42,0.000493033588286,12592064.298202593,2025-02-05,,original base_pd_hint available
2025-09-03,B-JI444W,-0.0216336606315594,Company_B_20,B,North America,0.4746622431051985,0.0338857059003395,Small,manual review,legacy,42,-0.0130870635919819,12592064.298202593,2025-02-05,,original base_pd_hint available
2025-09-04,B-JI444W,0.0360374180038344,Company_B_20,B,North America,0.4746622431051985,0.0338857059003395,Small,manual review,legacy,42,0.0003558120086072,12592064.298202593,2025-02-05,,original base_pd_hint available
2025-09-05,B-JI444W,-0.0495165175186967,Company_B_20,B,North America,0.4746622431051985,0.0338857059003395,Small,manual review,legacy,42,-0.0087005818517411,12592064.298202593,2025-02-05,,original base_pd_hint available
2025-09-08,B-JI444W,-0.0113229003331492,Company_B_20,B,North America,0.4746622431051985,0.0338857059003395,Small,manual review,legacy,42,0.0023920822452534,12592064.298202593,2025-02-05,,original base_pd_hint available
2025-09-09,B-JI444W,0.0295920307939682,Company_B_20,B,North America,0.4746622431051985,0.0338857059003395,Small,manual review,legacy,42,-0.0026480819129213,12592064.298202593,2025-02-05,,original base_pd_hint available
2025-09-10,B-JI444W,-0.0066627615717036,Company_B_20,B,North America,0.4746622431051985,0.0338857059003395,Small,manual review,legacy,42,-0.0320681829492234,12592064.298202593,2025-02-05,,original base_pd_hint available
2025-09-11,B-JI444W,-0.0156278738319664,Company_B_20,B,North America,0.4746622431051985,0.0338857059003395,Small,manual review,legacy,42,-0.0042222927259599,12592064.298202593,2025-02-05,,original base_pd_hint available
2025-09-12,B-JI444W,,Company_B_20,B,North America,0.4746622431051985,0.0338857059003395,Small,manual review,legacy,42,0.0046539284908583,12592064.298202593,2025-02-05,,original base_pd_hint available
2025-10-01,B-JI444W,0.0249650646214979,Company_B_20,B,North America,0.4746622431051985,0.0338857059003395,Small,manual review,legacy,42,,12592064.298202593,2025-02-05,,original base_pd_hint available
2025-10-02,B-JI444W,-0.0083945128496079,Company_B_20,B,North America,0.4746622431051985,0.0338857059003395,Small,manual review,legacy,42,-0.0139835436674951,12592064.298202593,2025-02-05,,original base_pd_hint available
2025-10-06,B-JI444W,0.0417744235975646,Company_B_20,B,North America,0.4746622431051985,0.0338857059003395,Small,manual review,legacy,42,0.0191824545318301,12592064.298202593,2025-02-05,,original base_pd_hint available
2025-10-07,B-JI444W,-0.0263778847034048,Company_B_20,B,North America,0.4746622431051985,0.0338857059003395,Small,manual review,legacy,42,-0.0315562534880117,12592064.298202593,2025-02-05,,original base_pd_hint available
2025-10-08,B-JI444W,0.011064733086134,Company_B_20,B,North America,0.4746622431051985,0.0338857059003395,Small,manual review,legacy,42,-0.0126125562157682,12592064.298202593,2025-02-05,,original base_pd_hint available
2025-10-09,B-JI444W,-0.0643433899216735,Company_B_20,B,North America,0.4746622431051985,0.0338857059003395,Small,manual review,legacy,42,-0.0182787295370303,12592064.298202593,2025-02-05,,original base_pd_hint available
2025-10-10,B-JI444W,-0.0108051538751928,Company_B_20,B,North America,0.4746622431051985,0.0338857059003395,Small,manual review,legacy,42,0.0022168841621003,12592064.298202593,2025-02-05,,original base_pd_hint available
2025-11-03,B-JI444W,0.0235545331594047,Company_B_20,B,North America,0.4746622431051985,0.0338857059003395,Small,manual review,legacy,42,-0.0005455947933683,12592064.298202593,2025-02-05,,original base_pd_hint available
2025-11-04,B-JI444W,,Company_B_20,B,North America,0.4746622431051985,0.0338857059003395,Small,manual review,legacy,42,-0.0227663271628853,12592064.298202593,2025-02-05,,original base_pd_hint available
2025-11-05,B-JI444W,0.0315964995323966,Company_B_20,B,North America,0.4746622431051985,0.0338857059003395,Small,manual review,legacy,42,0.0329021640544153,12592064.298202593,2025-02-05,,original base_pd_hint available
2025-11-06,B-JI444W,0.040323875907102,Company_B_20,B,North America,0.4746622431051985,0.0338857059003395,Small,manual review,legacy,42,0.0261796770562837,12592064.298202593,2025-02-05,,original base_pd_hint available
2025-11-07,B-JI444W,0.0267121078292263,Company_B_20,B,North America,0.4746622431051985,0.0338857059003395,Small,manual review,legacy,42,-0.0026152260671159,12592064.298202593,2025-02-05,,original base_pd_hint available
2025-11-10,B-JI444W,-0.0047681883550604,Company_B_20,B,North America,0.4746622431051985,0.0338857059003395,Small,manual review,legacy,42,-0.0099451696321556,12592064.298202593,2025-02-05,,original base_pd_hint available
2025-11-11,B-JI444W,0.0051138770538189,Company_B_20,B,North America,0.4746622431051985,0.0338857059003395,Small,manual review,legacy,42,0.0071147820767182,12592064.298202593,2025-02-05,,original base_pd_hint available
2025-11-12,B-JI444W,-0.0086474828984495,Company_B_20,B,North America,0.4746622431051985,0.0338857059003395,Small,manual review,legacy,42,-0.0288607520326152,12592064.298202593,2025-02-05,,original base_pd_hint available
2025-12-01,B-JI444W,-0.0090500417033999,Company_B_20,B,North America,0.4746622431051985,0.0338857059003395,Small,manual review,legacy,42,0.0032907517570993,12592064.298202593,2025-02-05,,original base_pd_hint available
2025-12-03,B-JI444W,-0.0056940829886061,Company_B_20,B,North America,0.4746622431051985,0.0338857059003395,Small,manual review,legacy,42,-0.0108077946280547,12592064.298202593,2025-02-05,,original base_pd_hint available
2025-12-04,B-JI444W,0.019111512023722,Company_B_20,B,North America,0.4746622431051985,0.0338857059003395,Small,manual review,legacy,42,0.0224254442272963,12592064.298202593,2025-02-05,,original base_pd_hint available
2025-12-08,B-JI444W,-0.0299499351208265,Company_B_20,B,North America,0.4746622431051985,0.0338857059003395,Small,manual review,legacy,42,0.004564055137615,12592064.298202593,2025-02-05,,original base_pd_hint available
2025-12-09,B-JI444W,-0.0103656738220684,Company_B_20,B,North America,0.4746622431051985,0.0338857059003395,Small,manual review,legacy,42,,12592064.298202593,2025-02-05,,original base_pd_hint available
2025-12-10,B-JI444W,0.0348202300271875,Company_B_20,B,North America,0.4746622431051985,0.0338857059003395,Small,manual review,legacy,42,0.0187045985583545,12592064.298202593,2025-02-05,,original base_pd_hint available
2025-12-11,B-JI444W,0.0071971251787373,Company_B_20,B,North America,0.4746622431051985,0.0338857059003395,Small,manual review,legacy,42,-0.0061635450064645,12592064.298202593,2025-02-05,,original base_pd_hint available
2025-12-12,B-JI444W,-0.0071717047230566,Company_B_20,B,North America,0.4746622431051985,0.0338857059003395,Small,manual review,legacy,42,0.0093768957427672,12592064.298202593,2025-02-05,,original base_pd_hint available
2025-09-03,B-JRBLOP,-0.0322376335296385,Company_B_43,B,North America,0.397771971835267,0.0343267474415366,Mid,,legacy,31,-0.0130870635919819,16418342.675741987,2025-09-03,check formatting,original base_pd_hint available
2025-09-04,B-JRBLOP,-0.0098170399232733,Company_B_43,B,North America,0.397771971835267,0.0343267474415366,Mid,,legacy,31,0.0003558120086072,16418342.675741987,2025-09-03,check formatting,original base_pd_hint available
2025-09-05,B-JRBLOP,0.0090428105304919,Company_B_43,B,North America,0.397771971835267,0.0343267474415366,Mid,,legacy,31,-0.0087005818517411,16418342.675741987,2025-09-03,check formatting,original base_pd_hint available
2025-09-08,B-JRBLOP,0.003226253552957,Company_B_43,B,North America,0.397771971835267,0.0343267474415366,Mid,,legacy,31,0.0023920822452534,16418342.675741987,2025-09-03,check formatting,original base_pd_hint available
2025-09-10,B-JRBLOP,-0.0502435444336898,Company_B_43,B,North America,0.397771971835267,0.0343267474415366,Mid,,legacy,31,-0.0320681829492234,16418342.675741987,2025-09-03,check formatting,original base_pd_hint available
2025-09-11,B-JRBLOP,-0.0248884931947523,Company_B_43,B,North America,0.397771971835267,0.0343267474415366,Mid,,legacy,31,-0.0042222927259599,16418342.675741987,2025-09-03,check formatting,original base_pd_hint available
2025-09-12,B-JRBLOP,0.0001682618089612,Company_B_43,B,North America,0.397771971835267,0.0343267474415366,Mid,,legacy,31,0.0046539284908583,16418342.675741987,2025-09-03,check formatting,original base_pd_hint available
2025-10-01,B-JRBLOP,0.0158624332455558,Company_B_43,B,North America,0.397771971835267,0.0343267474415366,Mid,,legacy,31,,16418342.675741987,2025-09-03,check formatting,original base_pd_hint available
2025-10-02,B-JRBLOP,0.0415262812581145,Company_B_43,B,North America,0.397771971835267,0.0343267474415366,Mid,,legacy,31,-0.0139835436674951,16418342.675741987,2025-09-03,check formatting,original base_pd_hint available
2025-10-03,B-JRBLOP,0.0033702927816161,Company_B_43,B,North America,0.397771971835267,0.0343267474415366,Mid,,legacy,31,0.0012570528124232,16418342.675741987,2025-09-03,check formatting,original base_pd_hint available
2025-10-06,B-JRBLOP,0.0096061943776055,Company_B_43,B,North America,0.397771971835267,0.0343267474415366,Mid,,legacy,31,0.0191824545318301,16418342.675741987,2025-09-03,check formatting,original base_pd_hint available
2025-10-07,B-JRBLOP,-0.0473251111528516,Company_B_43,B,North America,0.397771971835267,0.0343267474415366,Mid,,legacy,31,-0.0315562534880117,16418342.675741987,2025-09-03,check formatting,original base_pd_hint available
2025-10-08,B-JRBLOP,-0.001265119964914,Company_B_43,B,North America,0.397771971835267,0.0343267474415366,Mid,,legacy,31,-0.0126125562157682,16418342.675741987,2025-09-03,check formatting,original base_pd_hint available
2025-10-09,B-JRBLOP,-0.0262997143679845,Company_B_43,B,North America,0.397771971835267,0.0343267474415366,Mid,,legacy,31,-0.0182787295370303,16418342.675741987,2025-09-03,check formatting,original base_pd_hint available
2025-10-10,B-JRBLOP,-0.0191210847397541,Company_B_43,B,North America,0.397771971835267,0.0343267474415366,Mid,,legacy,31,0.0022168841621003,16418342.675741987,2025-09-03,check formatting,original base_pd_hint available
2025-11-04,B-JRBLOP,-0.0372478211459363,Company_B_43,B,North America,0.397771971835267,0.0343267474415366,Mid,,legacy,31,-0.0227663271628853,16418342.675741987,2025-09-03,check formatting,original base_pd_hint available
2025-11-05,B-JRBLOP,0.0012692732145086,Company_B_43,B,North America,0.397771971835267,0.0343267474415366,Mid,,legacy,31,0.0329021640544153,16418342.675741987,2025-09-03,check formatting,original base_pd_hint available
2025-11-06,B-JRBLOP,0.0438169746194626,Company_B_43,B,North America,0.397771971835267,0.0343267474415366,Mid,,legacy,31,0.0261796770562837,16418342.675741987,2025-09-03,check formatting,original base_pd_hint available
2025-11-07,B-JRBLOP,0.0300658517694807,Company_B_43,B,North America,0.397771971835267,0.0343267474415366,Mid,,legacy,31,-0.0026152260671159,16418342.675741987,2025-09-03,check formatting,original base_pd_hint available
2025-11-10,B-JRBLOP,-0.0295141306207787,Company_B_43,B,North America,0.397771971835267,0.0343267474415366,Mid,,legacy,31,-0.0099451696321556,16418342.675741987,2025-09-03,check formatting,original base_pd_hint available
2025-11-11,B-JRBLOP,-0.031255252983667,Company_B_43,B,North America,0.397771971835267,0.0343267474415366,Mid,,legacy,31,0.0071147820767182,16418342.675741987,2025-09-03,check formatting,original base_pd_hint available
2025-11-12,B-JRBLOP,-0.0246658833579321,Company_B_43,B,North America,0.397771971835267,0.0343267474415366,Mid,,legacy,31,-0.0288607520326152,16418342.675741987,2025-09-03,check formatting,original base_pd_hint available
2025-12-01,B-JRBLOP,0.0280263689004822,Company_B_43,B,North America,0.397771971835267,0.0343267474415366,Mid,,legacy,31,0.0032907517570993,16418342.675741987,2025-09-03,check formatting,original base_pd_hint available
2025-12-02,B-JRBLOP,-0.0471419537749492,Company_B_43,B,North America,0.397771971835267,0.0343267474415366,Mid,,legacy,31,,16418342.675741987,2025-09-03,check formatting,original base_pd_hint available
2025-12-03,B-JRBLOP,-0.0180440933446868,Company_B_43,B,North America,0.397771971835267,0.0343267474415366,Mid,,legacy,31,-0.0108077946280547,16418342.675741987,2025-09-03,check formatting,original base_pd_hint available
2025-12-04,B-JRBLOP,0.0217125921957345,Company_B_43,B,North America,0.397771971835267,0.0343267474415366,Mid,,legacy,31,0.0224254442272963,16418342.675741987,2025-09-03,check formatting,original base_pd_hint available
2025-12-05,B-JRBLOP,0.0116261411426038,Company_B_43,B,North America,0.397771971835267,0.0343267474415366,Mid,,legacy,31,0.0141371876711961,16418342.675741987,2025-09-03,check formatting,original base_pd_hint available
2025-12-08,B-JRBLOP,0.0106132885592974,Company_B_43,B,North America,0.397771971835267,0.0343267474415366,Mid,,legacy,31,0.004564055137615,16418342.675741987,2025-09-03,check formatting,original base_pd_hint available
2025-12-09,B-JRBLOP,-0.0141391124347478,Company_B_43,B,North America,0.397771971835267,0.0343267474415366,Mid,,legacy,31,,16418342.675741987,2025-09-03,check formatting,original base_pd_hint available
2025-12-10,B-JRBLOP,-0.0037685911662615,Company_B_43,B,North America,0.397771971835267,0.0343267474415366,Mid,,legacy,31,0.0187045985583545,16418342.675741987,2025-09-03,check formatting,original base_pd_hint available
2025-12-11,B-JRBLOP,0.0043742128807011,Company_B_43,B,North America,0.397771971835267,0.0343267474415366,Mid,,legacy,31,-0.0061635450064645,16418342.675741987,2025-09-03,check formatting,original base_pd_hint available
2025-12-12,B-JRBLOP,0.0045057807688952,Company_B_43,B,North America,0.397771971835267,0.0343267474415366,Mid,,legacy,31,0.0093768957427672,16418342.675741987,2025-09-03,check formatting,original base_pd_hint available
2025-10-02,B-JS2LBB,-0.0130637805998071,Company_B_41,B,South America,0.4943045458786471,0.0423442153500894,Mid,watchlist,satellite,28,-0.0139835436674951,21391218.714301582,2025-10-01,,original base_pd_hint available
2025-10-03,B-JS2LBB,-0.0211254509662848,Company_B_41,B,South America,0.4943045458786471,0.0423442153500894,Mid,watchlist,satellite,28,0.0012570528124232,21391218.714301582,2025-10-01,,original base_pd_hint available
2025-10-06,B-JS2LBB,0.0033842233194405,Company_B_41,B,South America,0.4943045458786471,0.0423442153500894,Mid,watchlist,satellite,28,0.0191824545318301,21391218.714301582,2025-10-01,,original base_pd_hint available
2025-10-07,B-JS2LBB,-0.0520740354067029,Company_B_41,B,South America,0.4943045458786471,0.0423442153500894,Mid,watchlist,satellite,28,-0.0315562534880117,21391218.714301582,2025-10-01,,original base_pd_hint available
2025-10-08,B-JS2LBB,-0.0359659523197063,Company_B_41,B,South America,0.4943045458786471,0.0423442153500894,Mid,watchlist,satellite,28,-0.0126125562157682,21391218.714301582,2025-10-01,,original base_pd_hint available
2025-10-09,B-JS2LBB,-0.0101311148733745,Company_B_41,B,South America,0.4943045458786471,0.0423442153500894,Mid,watchlist,satellite,28,-0.0182787295370303,21391218.714301582,2025-10-01,,original base_pd_hint available
2025-10-10,B-JS2LBB,0.0091659889223479,Company_B_41,B,South America,0.4943045458786471,0.0423442153500894,Mid,watchlist,satellite,28,0.0022168841621003,21391218.714301582,2025-10-01,,original base_pd_hint available
2025-11-03,B-JS2LBB,0.0196591104040846,Company_B_41,B,South America,0.4943045458786471,0.0423442153500894,Mid,watchlist,satellite,28,-0.0005455947933683,21391218.714301582,2025-10-01,,original base_pd_hint available
2025-11-04,B-JS2LBB,-0.0513461276980978,Company_B_41,B,South America,0.4943045458786471,0.0423442153500894,Mid,watchlist,satellite,28,-0.0227663271628853,21391218.714301582,2025-10-01,,original base_pd_hint available
2025-11-05,B-JS2LBB,0.0450684639064272,Company_B_41,B,South America,0.4943045458786471,0.0423442153500894,Mid,watchlist,satellite,28,0.0329021640544153,21391218.714301582,2025-10-01,,original base_pd_hint available
2025-11-06,B-JS2LBB,0.0364133173213151,Company_B_41,B,South America,0.4943045458786471,0.0423442153500894,Mid,watchlist,satellite,28,0.0261796770562837,21391218.714301582,2025-10-01,,original base_pd_hint available
2025-11-07,B-JS2LBB,0.0378192462901774,Company_B_41,B,South America,0.4943045458786471,0.0423442153500894,Mid,watchlist,satellite,28,-0.0026152260671159,21391218.714301582,2025-10-01,,original base_pd_hint available
2025-11-10,B-JS2LBB,0.000171465430593,Company_B_41,B,South America,0.4943045458786471,0.0423442153500894,Mid,watchlist,satellite,28,-0.0099451696321556,21391218.714301582,2025-10-01,,original base_pd_hint available
2025-11-12,B-JS2LBB,-0.0266171389763204,Company_B_41,B,South America,0.4943045458786471,0.0423442153500894,Mid,watchlist,satellite,28,-0.0288607520326152,21391218.714301582,2025-10-01,,original base_pd_hint available
2025-12-01,B-JS2LBB,-0.0003714092230867,Company_B_41,B,South America,0.4943045458786471,0.0423442153500894,Mid,watchlist,satellite,28,0.0032907517570993,21391218.714301582,2025-10-01,,original base_pd_hint available
2025-12-02,B-JS2LBB,-0.0112444549943786,Company_B_41,B,South America,0.4943045458786471,0.0423442153500894,Mid,watchlist,satellite,28,,21391218.714301582,2025-10-01,,original base_pd_hint available
2025-12-03,B-JS2LBB,-0.0309153982078724,Company_B_41,B,South America,0.4943045458786471,0.0423442153500894,Mid,watchlist,satellite,28,-0.0108077946280547,21391218.714301582,2025-10-01,,original base_pd_hint available
2025-12-05,B-JS2LBB,0.0401220569725327,Company_B_41,B,South America,0.4943045458786471,0.0423442153500894,Mid,watchlist,satellite,28,0.0141371876711961,21391218.714301582,2025-10-01,,original base_pd_hint available
2025-12-08,B-JS2LBB,0.0159770771503665,Company_B_41,B,South America,0.4943045458786471,0.0423442153500894,Mid,watchlist,satellite,28,0.004564055137615,21391218.714301582,2025-10-01,,original base_pd_hint available
2025-12-09,B-JS2LBB,0.0170075439618858,Company_B_41,B,South America,0.4943045458786471,0.0423442153500894,Mid,watchlist,satellite,28,,21391218.714301582,2025-10-01,,original base_pd_hint available
2025-12-10,B-JS2LBB,-0.0081494949260211,Company_B_41,B,South America,0.4943045458786471,0.0423442153500894,Mid,watchlist,satellite,28,0.0187045985583545,21391218.714301582,2025-10-01,,original base_pd_hint available
2025-12-11,B-JS2LBB,-0.0183917144686581,Company_B_41,B,South America,0.4943045458786471,0.0423442153500894,Mid,watchlist,satellite,28,-0.0061635450064645,21391218.714301582,2025-10-01,,original base_pd_hint available
2025-12-12,B-JS2LBB,-0.0019679505834845,Company_B_41,B,South America,0.4943045458786471,0.0423442153500894,Mid,watchlist,satellite,28,0.0093768957427672,21391218.714301582,2025-10-01,,original base_pd_hint available
2025-07-09,B-KVE4NM,0.0255973469910155,Company_B_22,B,North America,0.448622896022981,0.0287784188073835,Mid,stable,,92,-0.0023271599388046,8331563.841794094,2025-07-09,,original base_pd_hint available
2025-07-10,B-KVE4NM,0.0376000151938053,Company_B_22,B,North America,0.448622896022981,0.0287784188073835,Mid,stable,,92,,8331563.841794094,2025-07-09,,original base_pd_hint available
2025-07-11,B-KVE4NM,-0.0409024143506586,Company_B_22,B,North America,0.448622896022981,0.0287784188073835,Mid,stable,,92,-0.0120507403461468,8331563.841794094,2025-07-09,,original base_pd_hint available
2025-08-01,B-KVE4NM,0.0212302644171253,Company_B_22,B,North America,0.448622896022981,0.0287784188073835,Mid,stable,,92,0.0040039417401903,8331563.841794094,2025-07-09,,original base_pd_hint available
2025-08-05,B-KVE4NM,-0.0061579764519173,Company_B_22,B,North America,0.448622896022981,0.0287784188073835,Mid,stable,,92,-0.0172789147832154,8331563.841794094,2025-07-09,,original base_pd_hint available
2025-08-06,B-KVE4NM,-0.0428804753516764,Company_B_22,B,North America,0.448622896022981,0.0287784188073835,Mid,stable,,92,0.0002102521817928,8331563.841794094,2025-07-09,,original base_pd_hint available
2025-08-07,B-KVE4NM,0.0322923032113383,Company_B_22,B,North America,0.448622896022981,0.0287784188073835,Mid,stable,,92,0.0187115199297718,8331563.841794094,2025-07-09,,original base_pd_hint available
2025-08-08,B-KVE4NM,-0.0272276925442329,Company_B_22,B,North America,0.448622896022981,0.0287784188073835,Mid,stable,,92,0.0105064073241729,8331563.841794094,2025-07-09,,original base_pd_hint available
2025-08-11,B-KVE4NM,0.007642433580241,Company_B_22,B,North America,0.448622896022981,0.0287784188073835,Mid,stable,,92,-0.0090665158126864,8331563.841794094,2025-07-09,,original base_pd_hint available
2025-08-12,B-KVE4NM,-0.0022460872162769,Company_B_22,B,North America,0.448622896022981,0.0287784188073835,Mid,stable,,92,-0.0015097488640975,8331563.841794094,2025-07-09,,original base_pd_hint available
2025-09-01,B-KVE4NM,-0.0126751589012802,Company_B_22,B,North America,0.448622896022981,0.0287784188073835,Mid,stable,,92,-0.0182440765094434,8331563.841794094,2025-07-09,,original base_pd_hint available
2025-09-02,B-KVE4NM,0.0300688398450858,Company_B_22,B,North America,0.448622896022981,0.0287784188073835,Mid,stable,,92,0.000493033588286,8331563.841794094,2025-07-09,,original base_pd_hint available
2025-09-03,B-KVE4NM,-0.0022344203547547,Company_B_22,B,North America,0.448622896022981,0.0287784188073835,Mid,stable,,92,-0.0130870635919819,8331563.841794094,2025-07-09,,original base_pd_hint available
2025-09-04,B-KVE4NM,0.0012021041016101,Company_B_22,B,North America,0.448622896022981,0.0287784188073835,Mid,stable,,92,0.0003558120086072,8331563.841794094,2025-07-09,,original base_pd_hint available
2025-09-05,B-KVE4NM,-0.0015363646415136,Company_B_22,B,North America,0.448622896022981,0.0287784188073835,Mid,stable,,92,-0.0087005818517411,8331563.841794094,2025-07-09,,original base_pd_hint available
2025-09-08,B-KVE4NM,0.0295205719081608,Company_B_22,B,North America,0.448622896022981,0.0287784188073835,Mid,stable,,92,0.0023920822452534,8331563.841794094,2025-07-09,,original base_pd_hint available
2025-09-09,B-KVE4NM,0.0014463930792124,Company_B_22,B,North America,0.448622896022981,0.0287784188073835,Mid,stable,,92,-0.0026480819129213,8331563.841794094,2025-07-09,,original base_pd_hint available
2025-09-10,B-KVE4NM,-0.0402864671768641,Company_B_22,B,North America,0.448622896022981,0.0287784188073835,Mid,stable,,92,-0.0320681829492234,8331563.841794094,2025-07-09,,original base_pd_hint available
2025-09-11,B-KVE4NM,-0.0150063157402577,Company_B_22,B,North America,0.448622896022981,0.0287784188073835,Mid,stable,,92,-0.0042222927259599,8331563.841794094,2025-07-09,,original base_pd_hint available
2025-09-12,B-KVE4NM,-0.0077822499691505,Company_B_22,B,North America,0.448622896022981,0.0287784188073835,Mid,stable,,92,0.0046539284908583,8331563.841794094,2025-07-09,,original base_pd_hint available
2025-10-01,B-KVE4NM,0.0152440667637299,Company_B_22,B,North America,0.448622896022981,0.0287784188073835,Mid,stable,,92,,8331563.841794094,2025-07-09,,original base_pd_hint available
2025-10-03,B-KVE4NM,-0.0053684459581309,Company_B_22,B,North America,0.448622896022981,0.0287784188073835,Mid,stable,,92,0.0012570528124232,8331563.841794094,2025-07-09,,original base_pd_hint available
2025-10-06,B-KVE4NM,-0.041009792966483,Company_B_22,B,North America,0.448622896022981,0.0287784188073835,Mid,stable,,92,0.0191824545318301,8331563.841794094,2025-07-09,,original base_pd_hint available
2025-10-07,B-KVE4NM,-0.0373013848239609,Company_B_22,B,North America,0.448622896022981,0.0287784188073835,Mid,stable,,92,-0.0315562534880117,8331563.841794094,2025-07-09,,original base_pd_hint available
2025-10-08,B-KVE4NM,-0.0231460780661487,Company_B_22,B,North America,0.448622896022981,0.0287784188073835,Mid,stable,,92,-0.0126125562157682,8331563.841794094,2025-07-09,,original base_pd_hint available
2025-10-10,B-KVE4NM,0.007489543018503,Company_B_22,B,North America,0.448622896022981,0.0287784188073835,Mid,stable,,92,0.0022168841621003,8331563.841794094,2025-07-09,,original base_pd_hint available
2025-11-03,B-KVE4NM,0.001551681727194,Company_B_22,B,North America,0.448622896022981,0.0287784188073835,Mid,stable,,92,-0.0005455947933683,8331563.841794094,2025-07-09,,original base_pd_hint available
2025-11-04,B-KVE4NM,-0.0402079548342831,Company_B_22,B,North America,0.448622896022981,0.0287784188073835,Mid,stable,,92,-0.0227663271628853,8331563.841794094,2025-07-09,,original base_pd_hint available
2025-11-05,B-KVE4NM,0.0522122298649041,Company_B_22,B,North America,0.448622896022981,0.0287784188073835,Mid,stable,,92,0.0329021640544153,8331563.841794094,2025-07-09,,original base_pd_hint available
2025-11-06,B-KVE4NM,0.0745140807832493,Company_B_22,B,North America,0.448622896022981,0.0287784188073835,Mid,stable,,92,0.0261796770562837,8331563.841794094,2025-07-09,,original base_pd_hint available
2025-11-07,B-KVE4NM,-0.0141273403227674,Company_B_22,B,North America,0.448622896022981,0.0287784188073835,Mid,stable,,92,-0.0026152260671159,8331563.841794094,2025-07-09,,original base_pd_hint available
2025-11-10,B-KVE4NM,0.0169261965223225,Company_B_22,B,North America,0.448622896022981,0.0287784188073835,Mid,stable,,92,-0.0099451696321556,8331563.841794094,2025-07-09,,original base_pd_hint available
2025-11-11,B-KVE4NM,0.0226088545957078,Company_B_22,B,North America,0.448622896022981,0.0287784188073835,Mid,stable,,92,0.0071147820767182,8331563.841794094,2025-07-09,,original base_pd_hint available
2025-11-12,B-KVE4NM,-0.0296662801776176,Company_B_22,B,North America,0.448622896022981,0.0287784188073835,Mid,stable,,92,-0.0288607520326152,8331563.841794094,2025-07-09,,original base_pd_hint available
2025-12-01,B-KVE4NM,-0.0035828579358984,Company_B_22,B,North America,0.448622896022981,0.0287784188073835,Mid,stable,,92,0.0032907517570993,8331563.841794094,2025-07-09,,original base_pd_hint available
2025-12-02,B-KVE4NM,-0.0089375400011285,Company_B_22,B,North America,0.448622896022981,0.0287784188073835,Mid,stable,,92,,8331563.841794094,2025-07-09,,original base_pd_hint available
2025-12-03,B-KVE4NM,-0.036016319511667,Company_B_22,B,North America,0.448622896022981,0.0287784188073835,Mid,stable,,92,-0.0108077946280547,8331563.841794094,2025-07-09,,original base_pd_hint available
2025-12-04,B-KVE4NM,0.0160231026406646,Company_B_22,B,North America,0.448622896022981,0.0287784188073835,Mid,stable,,92,0.0224254442272963,8331563.841794094,2025-07-09,,original base_pd_hint available
2025-12-05,B-KVE4NM,-0.0174279871719586,Company_B_22,B,North America,0.448622896022981,0.0287784188073835,Mid,stable,,92,0.0141371876711961,8331563.841794094,2025-07-09,,original base_pd_hint available
2025-12-08,B-KVE4NM,0.0122880536328036,Company_B_22,B,North America,0.448622896022981,0.0287784188073835,Mid,stable,,92,0.004564055137615,8331563.841794094,2025-07-09,,original base_pd_hint available
2025-12-09,B-KVE4NM,-0.0192195481993864,Company_B_22,B,North America,0.448622896022981,0.0287784188073835,Mid,stable,,92,,8331563.841794094,2025-07-09,,original base_pd_hint available
2025-12-10,B-KVE4NM,0.0343932555226812,Company_B_22,B,North America,0.448622896022981,0.0287784188073835,Mid,stable,,92,0.0187045985583545,8331563.841794094,2025-07-09,,original base_pd_hint available
2025-12-11,B-KVE4NM,-0.0449207908933035,Company_B_22,B,North America,0.448622896022981,0.0287784188073835,Mid,stable,,92,-0.0061635450064645,8331563.841794094,2025-07-09,,original base_pd_hint available
2025-12-12,B-KVE4NM,-0.0054664723891097,Company_B_22,B,North America,0.448622896022981,0.0287784188073835,Mid,stable,,92,0.0093768957427672,8331563.841794094,2025-07-09,,original base_pd_hint available
2025-09-10,B-MUVZTX,-0.0620575521873665,Company_B_11,B,North America,0.5619171116975393,0.0326251906128119,Mid,manual review,core,48,-0.0320681829492234,23049060.348269023,2025-09-10,new,original base_pd_hint available
2025-09-11,B-MUVZTX,-0.0185932576511438,Company_B_11,B,North America,0.5619171116975393,0.0326251906128119,Mid,manual review,core,48,-0.0042222927259599,23049060.348269023,2025-09-10,new,original base_pd_hint available
2025-10-01,B-MUVZTX,-0.0176904382690643,Company_B_11,B,North America,0.5619171116975393,0.0326251906128119,Mid,manual review,core,48,,23049060.348269023,2025-09-10,new,original base_pd_hint available
2025-10-02,B-MUVZTX,-0.0382456636526505,Company_B_11,B,North America,0.5619171116975393,0.0326251906128119,Mid,manual review,core,48,-0.0139835436674951,23049060.348269023,2025-09-10,new,original base_pd_hint available
2025-10-03,B-MUVZTX,0.0294377872941803,Company_B_11,B,North America,0.5619171116975393,0.0326251906128119,Mid,manual review,core,48,0.0012570528124232,23049060.348269023,2025-09-10,new,original base_pd_hint available
2025-10-06,B-MUVZTX,-0.0110355279856841,Company_B_11,B,North America,0.5619171116975393,0.0326251906128119,Mid,manual review,core,48,0.0191824545318301,23049060.348269023,2025-09-10,new,original base_pd_hint available
2025-10-07,B-MUVZTX,-0.0056617696325945,Company_B_11,B,North America,0.5619171116975393,0.0326251906128119,Mid,manual review,core,48,-0.0315562534880117,23049060.348269023,2025-09-10,new,original base_pd_hint available
2025-10-08,B-MUVZTX,-0.0313532959098392,Company_B_11,B,North America,0.5619171116975393,0.0326251906128119,Mid,manual review,core,48,-0.0126125562157682,23049060.348269023,2025-09-10,new,original base_pd_hint available
2025-10-09,B-MUVZTX,-0.0303029730135269,Company_B_11,B,North America,0.5619171116975393,0.0326251906128119,Mid,manual review,core,48,-0.0182787295370303,23049060.348269023,2025-09-10,new,original base_pd_hint available
2025-11-03,B-MUVZTX,0.0065360602986296,Company_B_11,B,North America,0.5619171116975393,0.0326251906128119,Mid,manual review,core,48,-0.0005455947933683,23049060.348269023,2025-09-10,new,original base_pd_hint available
2025-11-04,B-MUVZTX,-0.0554594448650625,Company_B_11,B,North America,0.5619171116975393,0.0326251906128119,Mid,manual review,core,48,-0.0227663271628853,23049060.348269023,2025-09-10,new,original base_pd_hint available
2025-11-06,B-MUVZTX,0.0438032026771344,Company_B_11,B,North America,0.5619171116975393,0.0326251906128119,Mid,manual review,core,48,0.0261796770562837,23049060.348269023,2025-09-10,new,original base_pd_hint available
2025-11-07,B-MUVZTX,0.0437858716489632,Company_B_11,B,North America,0.5619171116975393,0.0326251906128119,Mid,manual review,core,48,-0.0026152260671159,23049060.348269023,2025-09-10,new,original base_pd_hint available
2025-11-10,B-MUVZTX,,Company_B_11,B,North America,0.5619171116975393,0.0326251906128119,Mid,manual review,core,48,-0.0099451696321556,23049060.348269023,2025-09-10,new,original base_pd_hint available
2025-11-11,B-MUVZTX,-0.0203704058794108,Company_B_11,B,North America,0.5619171116975393,0.0326251906128119,Mid,manual review,core,48,0.0071147820767182,23049060.348269023,2025-09-10,new,original base_pd_hint available
2025-12-01,B-MUVZTX,-0.0316349782524338,Company_B_11,B,North America,0.5619171116975393,0.0326251906128119,Mid,manual review,core,48,0.0032907517570993,23049060.348269023,2025-09-10,new,original base_pd_hint available
2025-12-02,B-MUVZTX,-0.0441830312797171,Company_B_11,B,North America,0.5619171116975393,0.0326251906128119,Mid,manual review,core,48,,23049060.348269023,2025-09-10,new,original base_pd_hint available
2025-12-03,B-MUVZTX,-0.0069392266954743,Company_B_11,B,North America,0.5619171116975393,0.0326251906128119,Mid,manual review,core,48,-0.0108077946280547,23049060.348269023,2025-09-10,new,original base_pd_hint available
2025-12-04,B-MUVZTX,-0.0044528723756679,Company_B_11,B,North America,0.5619171116975393,0.0326251906128119,Mid,manual review,core,48,0.0224254442272963,23049060.348269023,2025-09-10,new,original base_pd_hint available
2025-12-05,B-MUVZTX,0.0278980569201261,Company_B_11,B,North America,0.5619171116975393,0.0326251906128119,Mid,manual review,core,48,0.0141371876711961,23049060.348269023,2025-09-10,new,original base_pd_hint available
2025-12-09,B-MUVZTX,-0.0057343795657135,Company_B_11,B,North America,0.5619171116975393,0.0326251906128119,Mid,manual review,core,48,,23049060.348269023,2025-09-10,new,original base_pd_hint available
2025-12-10,B-MUVZTX,0.0034833228180194,Company_B_11,B,North America,0.5619171116975393,0.0326251906128119,Mid,manual review,core,48,0.0187045985583545,23049060.348269023,2025-09-10,new,original base_pd_hint available
2025-12-11,B-MUVZTX,,Company_B_11,B,North America,0.5619171116975393,0.0326251906128119,Mid,manual review,core,48,-0.0061635450064645,23049060.348269023,2025-09-10,new,original base_pd_hint available
2025-12-12,B-MUVZTX,0.0233512477262837,Company_B_11,B,North America,0.5619171116975393,0.0326251906128119,Mid,manual review,core,48,0.0093768957427672,23049060.348269023,2025-09-10,new,original base_pd_hint available
2025-04-03,B-O2NB6I,0.0068573461382136,Company_B_30,B,Europe,0.4559347578430257,0.0352247537177965,Mid,manual review,satellite,70,-0.0037462404383459,7514761.7420182,2025-04-02,review,original base_pd_hint available
2025-04-04,B-O2NB6I,-0.0090238117640761,Company_B_30,B,Europe,0.4559347578430257,0.0352247537177965,Mid,manual review,satellite,70,0.0147203918974813,7514761.7420182,2025-04-02,review,original base_pd_hint available
2025-04-07,B-O2NB6I,0.0209306397691132,Company_B_30,B,Europe,0.4559347578430257,0.0352247537177965,Mid,manual review,satellite,70,0.0246663868926757,7514761.7420182,2025-04-02,review,original base_pd_hint available
2025-04-08,B-O2NB6I,0.0251413877174657,Company_B_30,B,Europe,0.4559347578430257,0.0352247537177965,Mid,manual review,satellite,70,0.0056866936253566,7514761.7420182,2025-04-02,review,original base_pd_hint available
2025-04-09,B-O2NB6I,-0.0179314964612038,Company_B_30,B,Europe,0.4559347578430257,0.0352247537177965,Mid,manual review,satellite,70,-0.0004650774196358,7514761.7420182,2025-04-02,review,original base_pd_hint available
2025-04-10,B-O2NB6I,-0.0131774183051626,Company_B_30,B,Europe,0.4559347578430257,0.0352247537177965,Mid,manual review,satellite,70,-0.0095558031349188,7514761.7420182,2025-04-02,review,original base_pd_hint available
2025-04-11,B-O2NB6I,0.0271381809481421,Company_B_30,B,Europe,0.4559347578430257,0.0352247537177965,Mid,manual review,satellite,70,0.0326847601054619,7514761.7420182,2025-04-02,review,original base_pd_hint available
2025-05-01,B-O2NB6I,0.0309127415654837,Company_B_30,B,Europe,0.4559347578430257,0.0352247537177965,Mid,manual review,satellite,70,0.0140277458538761,7514761.7420182,2025-04-02,review,original base_pd_hint available
2025-05-02,B-O2NB6I,-0.0415289734852736,Company_B_30,B,Europe,0.4559347578430257,0.0352247537177965,Mid,manual review,satellite,70,-0.0237675804038153,7514761.7420182,2025-04-02,review,original base_pd_hint available
2025-05-05,B-O2NB6I,-0.0306385496683215,Company_B_30,B,Europe,0.4559347578430257,0.0352247537177965,Mid,manual review,satellite,70,-0.0102126348852569,7514761.7420182,2025-04-02,review,original base_pd_hint available
2025-05-06,B-O2NB6I,-0.0020952599330172,Company_B_30,B,Europe,0.4559347578430257,0.0352247537177965,Mid,manual review,satellite,70,-0.030025691323182,7514761.7420182,2025-04-02,review,original base_pd_hint available
2025-05-07,B-O2NB6I,-0.0115041203292479,Company_B_30,B,Europe,0.4559347578430257,0.0352247537177965,Mid,manual review,satellite,70,-0.0045847799145338,7514761.7420182,2025-04-02,review,original base_pd_hint available
2025-05-08,B-O2NB6I,,Company_B_30,B,Europe,0.4559347578430257,0.0352247537177965,Mid,manual review,satellite,70,-0.0100549327049622,7514761.7420182,2025-04-02,review,original base_pd_hint available
2025-05-09,B-O2NB6I,-0.0137587695076234,Company_B_30,B,Europe,0.4559347578430257,0.0352247537177965,Mid,manual review,satellite,70,-0.0108788433685402,7514761.7420182,2025-04-02,review,original base_pd_hint available
2025-05-12,B-O2NB6I,0.0092034792762667,Company_B_30,B,Europe,0.4559347578430257,0.0352247537177965,Mid,manual review,satellite,70,0.013255782941715,7514761.7420182,2025-04-02,review,original base_pd_hint available
2025-06-02,B-O2NB6I,0.0203263354005103,Company_B_30,B,Europe,0.4559347578430257,0.0352247537177965,Mid,manual review,satellite,70,0.0084439877167436,7514761.7420182,2025-04-02,review,original base_pd_hint available
2025-06-03,B-O2NB6I,-0.0358292479442795,Company_B_30,B,Europe,0.4559347578430257,0.0352247537177965,Mid,manual review,satellite,70,-0.0167736228582782,7514761.7420182,2025-04-02,review,original base_pd_hint available
2025-06-04,B-O2NB6I,0.0325822419412598,Company_B_30,B,Europe,0.4559347578430257,0.0352247537177965,Mid,manual review,satellite,70,-0.0043931427354546,7514761.7420182,2025-04-02,review,original base_pd_hint available
2025-06-05,B-O2NB6I,-0.0422224974263138,Company_B_30,B,Europe,0.4559347578430257,0.0352247537177965,Mid,manual review,satellite,70,-0.0005637740370175,7514761.7420182,2025-04-02,review,original base_pd_hint available
2025-06-06,B-O2NB6I,0.0327033432695266,Company_B_30,B,Europe,0.4559347578430257,0.0352247537177965,Mid,manual review,satellite,70,,7514761.7420182,2025-04-02,review,original base_pd_hint available
2025-06-09,B-O2NB6I,0.0344970074020895,Company_B_30,B,Europe,0.4559347578430257,0.0352247537177965,Mid,manual review,satellite,70,0.0184277164951934,7514761.7420182,2025-04-02,review,original base_pd_hint available
2025-06-10,B-O2NB6I,-0.0125587422982547,Company_B_30,B,Europe,0.4559347578430257,0.0352247537177965,Mid,manual review,satellite,70,0.0077210052577763,7514761.7420182,2025-04-02,review,original base_pd_hint available
2025-06-12,B-O2NB6I,-0.0113756795111861,Company_B_30,B,Europe,0.4559347578430257,0.0352247537177965,Mid,manual review,satellite,70,0.008891025310106,7514761.7420182,2025-04-02,review,original base_pd_hint available
2025-07-01,B-O2NB6I,0.0159525848091684,Company_B_30,B,Europe,0.4559347578430257,0.0352247537177965,Mid,manual review,satellite,70,,7514761.7420182,2025-04-02,review,original base_pd_hint available
2025-07-02,B-O2NB6I,-0.0123136878228498,Company_B_30,B,Europe,0.4559347578430257,0.0352247537177965,Mid,manual review,satellite,70,-0.0047848339291268,7514761.7420182,2025-04-02,review,original base_pd_hint available
2025-07-03,B-O2NB6I,0.0159505882454914,Company_B_30,B,Europe,0.4559347578430257,0.0352247537177965,Mid,manual review,satellite,70,-0.0300041296283168,7514761.7420182,2025-04-02,review,original base_pd_hint available
2025-07-04,B-O2NB6I,0.0262109171999573,Company_B_30,B,Europe,0.4559347578430257,0.0352247537177965,Mid,manual review,satellite,70,0.0056822404651326,7514761.7420182,2025-04-02,review,original base_pd_hint available
2025-07-07,B-O2NB6I,-0.0401712242945044,Company_B_30,B,Europe,0.4559347578430257,0.0352247537177965,Mid,manual review,satellite,70,-0.0260411084866903,7514761.7420182,2025-04-02,review,original base_pd_hint available
2025-07-08,B-O2NB6I,0.0407413323666119,Company_B_30,B,Europe,0.4559347578430257,0.0352247537177965,Mid,manual review,satellite,70,,7514761.7420182,2025-04-02,review,original base_pd_hint available
2025-07-09,B-O2NB6I,0.0102444688907303,Company_B_30,B,Europe,0.4559347578430257,0.0352247537177965,Mid,manual review,satellite,70,-0.0023271599388046,7514761.7420182,2025-04-02,review,original base_pd_hint available
2025-07-10,B-O2NB6I,-0.0219274975526493,Company_B_30,B,Europe,0.4559347578430257,0.0352247537177965,Mid,manual review,satellite,70,,7514761.7420182,2025-04-02,review,original base_pd_hint available
2025-07-11,B-O2NB6I,-0.0095134219369621,Company_B_30,B,Europe,0.4559347578430257,0.0352247537177965,Mid,manual review,satellite,70,-0.0120507403461468,7514761.7420182,2025-04-02,review,original base_pd_hint available
2025-08-01,B-O2NB6I,-0.0081509555129606,Company_B_30,B,Europe,0.4559347578430257,0.0352247537177965,Mid,manual review,satellite,70,0.0040039417401903,7514761.7420182,2025-04-02,review,original base_pd_hint available
2025-08-04,B-O2NB6I,0.000454922036664,Company_B_30,B,Europe,0.4559347578430257,0.0352247537177965,Mid,manual review,satellite,70,0.0114973593521953,7514761.7420182,2025-04-02,review,original base_pd_hint available
2025-08-05,B-O2NB6I,-0.0280012825012893,Company_B_30,B,Europe,0.4559347578430257,0.0352247537177965,Mid,manual review,satellite,70,-0.0172789147832154,7514761.7420182,2025-04-02,review,original base_pd_hint available
2025-08-06,B-O2NB6I,0.0279573645736355,Company_B_30,B,Europe,0.4559347578430257,0.0352247537177965,Mid,manual review,satellite,70,0.0002102521817928,7514761.7420182,2025-04-02,review,original base_pd_hint available
2025-08-08,B-O2NB6I,0.0140639300844542,Company_B_30,B,Europe,0.4559347578430257,0.0352247537177965,Mid,manual review,satellite,70,0.0105064073241729,7514761.7420182,2025-04-02,review,original base_pd_hint available
2025-08-11,B-O2NB6I,-0.0129833843018244,Company_B_30,B,Europe,0.4559347578430257,0.0352247537177965,Mid,manual review,satellite,70,-0.0090665158126864,7514761.7420182,2025-04-02,review,original base_pd_hint available
2025-08-12,B-O2NB6I,0.0146605230482285,Company_B_30,B,Europe,0.4559347578430257,0.0352247537177965,Mid,manual review,satellite,70,-0.0015097488640975,7514761.7420182,2025-04-02,review,original base_pd_hint available
2025-09-01,B-O2NB6I,-0.0218926617453429,Company_B_30,B,Europe,0.4559347578430257,0.0352247537177965,Mid,manual review,satellite,70,-0.0182440765094434,7514761.7420182,2025-04-02,review,original base_pd_hint available
2025-09-02,B-O2NB6I,-0.0077101979145846,Company_B_30,B,Europe,0.4559347578430257,0.0352247537177965,Mid,manual review,satellite,70,0.000493033588286,7514761.7420182,2025-04-02,review,original base_pd_hint available
2025-09-03,B-O2NB6I,0.004756269447783,Company_B_30,B,Europe,0.4559347578430257,0.0352247537177965,Mid,manual review,satellite,70,-0.0130870635919819,7514761.7420182,2025-04-02,review,original base_pd_hint available
2025-09-04,B-O2NB6I,-0.0270680101120217,Company_B_30,B,Europe,0.4559347578430257,0.0352247537177965,Mid,manual review,satellite,70,0.0003558120086072,7514761.7420182,2025-04-02,review,original base_pd_hint available
2025-09-05,B-O2NB6I,0.018437538601964,Company_B_30,B,Europe,0.4559347578430257,0.0352247537177965,Mid,manual review,satellite,70,-0.0087005818517411,7514761.7420182,2025-04-02,review,original base_pd_hint available
2025-09-08,B-O2NB6I,0.0010445747409943,Company_B_30,B,Europe,0.4559347578430257,0.0352247537177965,Mid,manual review,satellite,70,0.0023920822452534,7514761.7420182,2025-04-02,review,original base_pd_hint available
2025-09-09,B-O2NB6I,-0.0209096170698709,Company_B_30,B,Europe,0.4559347578430257,0.0352247537177965,Mid,manual review,satellite,70,-0.0026480819129213,7514761.7420182,2025-04-02,review,original base_pd_hint available
2025-09-10,B-O2NB6I,-0.0352448406346973,Company_B_30,B,Europe,0.4559347578430257,0.0352247537177965,Mid,manual review,satellite,70,-0.0320681829492234,7514761.7420182,2025-04-02,review,original base_pd_hint available
2025-09-11,B-O2NB6I,0.000579019659024,Company_B_30,B,Europe,0.4559347578430257,0.0352247537177965,Mid,manual review,satellite,70,-0.0042222927259599,7514761.7420182,2025-04-02,review,original base_pd_hint available
2025-09-12,B-O2NB6I,0.0359188690955546,Company_B_30,B,Europe,0.4559347578430257,0.0352247537177965,Mid,manual review,satellite,70,0.0046539284908583,7514761.7420182,2025-04-02,review,original base_pd_hint available
2025-10-01,B-O2NB6I,0.0092715859684075,Company_B_30,B,Europe,0.4559347578430257,0.0352247537177965,Mid,manual review,satellite,70,,7514761.7420182,2025-04-02,review,original base_pd_hint available
2025-10-02,B-O2NB6I,-0.0510799192250688,Company_B_30,B,Europe,0.4559347578430257,0.0352247537177965,Mid,manual review,satellite,70,-0.0139835436674951,7514761.7420182,2025-04-02,review,original base_pd_hint available
2025-10-03,B-O2NB6I,-0.0428347445849245,Company_B_30,B,Europe,0.4559347578430257,0.0352247537177965,Mid,manual review,satellite,70,0.0012570528124232,7514761.7420182,2025-04-02,review,original base_pd_hint available
2025-10-07,B-O2NB6I,-0.0314683553835927,Company_B_30,B,Europe,0.4559347578430257,0.0352247537177965,Mid,manual review,satellite,70,-0.0315562534880117,7514761.7420182,2025-04-02,review,original base_pd_hint available
2025-10-08,B-O2NB6I,-0.0359283814853984,Company_B_30,B,Europe,0.4559347578430257,0.0352247537177965,Mid,manual review,satellite,70,-0.0126125562157682,7514761.7420182,2025-04-02,review,original base_pd_hint available
2025-10-09,B-O2NB6I,-0.0465557237283091,Company_B_30,B,Europe,0.4559347578430257,0.0352247537177965,Mid,manual review,satellite,70,-0.0182787295370303,7514761.7420182,2025-04-02,review,original base_pd_hint available
2025-10-10,B-O2NB6I,0.011507806158141,Company_B_30,B,Europe,0.4559347578430257,0.0352247537177965,Mid,manual review,satellite,70,0.0022168841621003,7514761.7420182,2025-04-02,review,original base_pd_hint available
2025-11-03,B-O2NB6I,-0.0016048510079786,Company_B_30,B,Europe,0.4559347578430257,0.0352247537177965,Mid,manual review,satellite,70,-0.0005455947933683,7514761.7420182,2025-04-02,review,original base_pd_hint available
2025-11-04,B-O2NB6I,0.0015673496862099,Company_B_30,B,Europe,0.4559347578430257,0.0352247537177965,Mid,manual review,satellite,70,-0.0227663271628853,7514761.7420182,2025-04-02,review,original base_pd_hint available
2025-11-05,B-O2NB6I,0.0601601089979106,Company_B_30,B,Europe,0.4559347578430257,0.0352247537177965,Mid,manual review,satellite,70,0.0329021640544153,7514761.7420182,2025-04-02,review,original base_pd_hint available
2025-11-06,B-O2NB6I,,Company_B_30,B,Europe,0.4559347578430257,0.0352247537177965,Mid,manual review,satellite,70,0.0261796770562837,7514761.7420182,2025-04-02,review,original base_pd_hint available
2025-11-07,B-O2NB6I,0.0171629891189311,Company_B_30,B,Europe,0.4559347578430257,0.0352247537177965,Mid,manual review,satellite,70,-0.0026152260671159,7514761.7420182,2025-04-02,review,original base_pd_hint available
2025-11-10,B-O2NB6I,-0.0099167101471726,Company_B_30,B,Europe,0.4559347578430257,0.0352247537177965,Mid,manual review,satellite,70,-0.0099451696321556,7514761.7420182,2025-04-02,review,original base_pd_hint available
2025-11-11,B-O2NB6I,-0.0218875372783646,Company_B_30,B,Europe,0.4559347578430257,0.0352247537177965,Mid,manual review,satellite,70,0.0071147820767182,7514761.7420182,2025-04-02,review,original base_pd_hint available
2025-11-12,B-O2NB6I,-0.0463094827847124,Company_B_30,B,Europe,0.4559347578430257,0.0352247537177965,Mid,manual review,satellite,70,-0.0288607520326152,7514761.7420182,2025-04-02,review,original base_pd_hint available
2025-12-01,B-O2NB6I,-0.0100145619337447,Company_B_30,B,Europe,0.4559347578430257,0.0352247537177965,Mid,manual review,satellite,70,0.0032907517570993,7514761.7420182,2025-04-02,review,original base_pd_hint available
2025-12-02,B-O2NB6I,-0.0027951540196444,Company_B_30,B,Europe,0.4559347578430257,0.0352247537177965,Mid,manual review,satellite,70,,7514761.7420182,2025-04-02,review,original base_pd_hint available
2025-12-03,B-O2NB6I,-0.0178237709600585,Company_B_30,B,Europe,0.4559347578430257,0.0352247537177965,Mid,manual review,satellite,70,-0.0108077946280547,7514761.7420182,2025-04-02,review,original base_pd_hint available
2025-12-04,B-O2NB6I,0.0346499985505414,Company_B_30,B,Europe,0.4559347578430257,0.0352247537177965,Mid,manual review,satellite,70,0.0224254442272963,7514761.7420182,2025-04-02,review,original base_pd_hint available
2025-12-05,B-O2NB6I,0.0193682224750738,Company_B_30,B,Europe,0.4559347578430257,0.0352247537177965,Mid,manual review,satellite,70,0.0141371876711961,7514761.7420182,2025-04-02,review,original base_pd_hint available
2025-12-08,B-O2NB6I,0.006926840587065,Company_B_30,B,Europe,0.4559347578430257,0.0352247537177965,Mid,manual review,satellite,70,0.004564055137615,7514761.7420182,2025-04-02,review,original base_pd_hint available
2025-12-09,B-O2NB6I,0.0099040026023496,Company_B_30,B,Europe,0.4559347578430257,0.0352247537177965,Mid,manual review,satellite,70,,7514761.7420182,2025-04-02,review,original base_pd_hint available
2025-12-10,B-O2NB6I,0.0115305787286806,Company_B_30,B,Europe,0.4559347578430257,0.0352247537177965,Mid,manual review,satellite,70,0.0187045985583545,7514761.7420182,2025-04-02,review,original base_pd_hint available
2025-12-11,B-O2NB6I,-0.0430539933195981,Company_B_30,B,Europe,0.4559347578430257,0.0352247537177965,Mid,manual review,satellite,70,-0.0061635450064645,7514761.7420182,2025-04-02,review,original base_pd_hint available
2025-12-12,B-O2NB6I,0.0147950008157981,Company_B_30,B,Europe,0.4559347578430257,0.0352247537177965,Mid,manual review,satellite,70,0.0093768957427672,7514761.7420182,2025-04-02,review,original base_pd_hint available
2025-05-02,B-PL1YFZ,-0.0409527384476524,Company_B_16,B,South America,0.5099477473015739,0.0343972954372526,Small,stable,,57,-0.0237675804038153,31587506.83072381,2025-04-23,legacy,original base_pd_hint available
2025-05-05,B-PL1YFZ,-0.012386340295589,Company_B_16,B,South America,0.5099477473015739,0.0343972954372526,Small,stable,,57,-0.0102126348852569,31587506.83072381,2025-04-23,legacy,original base_pd_hint available
2025-05-06,B-PL1YFZ,-0.052760021977836,Company_B_16,B,South America,0.5099477473015739,0.0343972954372526,Small,stable,,57,-0.030025691323182,31587506.83072381,2025-04-23,legacy,original base_pd_hint available
2025-05-07,B-PL1YFZ,-0.0534175658399455,Company_B_16,B,South America,0.5099477473015739,0.0343972954372526,Small,stable,,57,-0.0045847799145338,31587506.83072381,2025-04-23,legacy,original base_pd_hint available
2025-05-08,B-PL1YFZ,-0.0391909280934508,Company_B_16,B,South America,0.5099477473015739,0.0343972954372526,Small,stable,,57,-0.0100549327049622,31587506.83072381,2025-04-23,legacy,original base_pd_hint available
2025-05-09,B-PL1YFZ,-0.0136310420567004,Company_B_16,B,South America,0.5099477473015739,0.0343972954372526,Small,stable,,57,-0.0108788433685402,31587506.83072381,2025-04-23,legacy,original base_pd_hint available
2025-05-12,B-PL1YFZ,-0.0055055280956799,Company_B_16,B,South America,0.5099477473015739,0.0343972954372526,Small,stable,,57,0.013255782941715,31587506.83072381,2025-04-23,legacy,original base_pd_hint available
2025-06-02,B-PL1YFZ,0.0416259509955272,Company_B_16,B,South America,0.5099477473015739,0.0343972954372526,Small,stable,,57,0.0084439877167436,31587506.83072381,2025-04-23,legacy,original base_pd_hint available
2025-06-04,B-PL1YFZ,0.0046599447283661,Company_B_16,B,South America,0.5099477473015739,0.0343972954372526,Small,stable,,57,-0.0043931427354546,31587506.83072381,2025-04-23,legacy,original base_pd_hint available
2025-06-05,B-PL1YFZ,-0.0025169521664147,Company_B_16,B,South America,0.5099477473015739,0.0343972954372526,Small,stable,,57,-0.0005637740370175,31587506.83072381,2025-04-23,legacy,original base_pd_hint available
2025-06-06,B-PL1YFZ,0.0112022589634939,Company_B_16,B,South America,0.5099477473015739,0.0343972954372526,Small,stable,,57,,31587506.83072381,2025-04-23,legacy,original base_pd_hint available
2025-06-09,B-PL1YFZ,0.0237629544082438,Company_B_16,B,South America,0.5099477473015739,0.0343972954372526,Small,stable,,57,0.0184277164951934,31587506.83072381,2025-04-23,legacy,original base_pd_hint available
2025-06-10,B-PL1YFZ,0.0372928612187468,Company_B_16,B,South America,0.5099477473015739,0.0343972954372526,Small,stable,,57,0.0077210052577763,31587506.83072381,2025-04-23,legacy,original base_pd_hint available
2025-06-11,B-PL1YFZ,0.0035586640148101,Company_B_16,B,South America,0.5099477473015739,0.0343972954372526,Small,stable,,57,-0.0023309390995482,31587506.83072381,2025-04-23,legacy,original base_pd_hint available
2025-06-12,B-PL1YFZ,0.0291038574229329,Company_B_16,B,South America,0.5099477473015739,0.0343972954372526,Small,stable,,57,0.008891025310106,31587506.83072381,2025-04-23,legacy,original base_pd_hint available
2025-07-01,B-PL1YFZ,-0.0077594394865135,Company_B_16,B,South America,0.5099477473015739,0.0343972954372526,Small,stable,,57,,31587506.83072381,2025-04-23,legacy,original base_pd_hint available
2025-07-02,B-PL1YFZ,0.0012672492719742,Company_B_16,B,South America,0.5099477473015739,0.0343972954372526,Small,stable,,57,-0.0047848339291268,31587506.83072381,2025-04-23,legacy,original base_pd_hint available
2025-07-03,B-PL1YFZ,,Company_B_16,B,South America,0.5099477473015739,0.0343972954372526,Small,stable,,57,-0.0300041296283168,31587506.83072381,2025-04-23,legacy,original base_pd_hint available
2025-07-04,B-PL1YFZ,0.0200793076007851,Company_B_16,B,South America,0.5099477473015739,0.0343972954372526,Small,stable,,57,0.0056822404651326,31587506.83072381,2025-04-23,legacy,original base_pd_hint available
2025-07-07,B-PL1YFZ,-0.0531646535192761,Company_B_16,B,South America,0.5099477473015739,0.0343972954372526,Small,stable,,57,-0.0260411084866903,31587506.83072381,2025-04-23,legacy,original base_pd_hint available
2025-07-08,B-PL1YFZ,0.0276210127653492,Company_B_16,B,South America,0.5099477473015739,0.0343972954372526,Small,stable,,57,,31587506.83072381,2025-04-23,legacy,original base_pd_hint available
2025-07-09,B-PL1YFZ,-0.0094393387040271,Company_B_16,B,South America,0.5099477473015739,0.0343972954372526,Small,stable,,57,-0.0023271599388046,31587506.83072381,2025-04-23,legacy,original base_pd_hint available
2025-07-10,B-PL1YFZ,-0.0171989144896548,Company_B_16,B,South America,0.5099477473015739,0.0343972954372526,Small,stable,,57,,31587506.83072381,2025-04-23,legacy,original base_pd_hint available
2025-07-11,B-PL1YFZ,-0.0011278785095631,Company_B_16,B,South America,0.5099477473015739,0.0343972954372526,Small,stable,,57,-0.0120507403461468,31587506.83072381,2025-04-23,legacy,original base_pd_hint available
2025-08-01,B-PL1YFZ,-0.0224088331358571,Company_B_16,B,South America,0.5099477473015739,0.0343972954372526,Small,stable,,57,0.0040039417401903,31587506.83072381,2025-04-23,legacy,original base_pd_hint available
2025-08-04,B-PL1YFZ,0.0471319717895297,Company_B_16,B,South America,0.5099477473015739,0.0343972954372526,Small,stable,,57,0.0114973593521953,31587506.83072381,2025-04-23,legacy,original base_pd_hint available
2025-08-06,B-PL1YFZ,-0.0061316518950996,Company_B_16,B,South America,0.5099477473015739,0.0343972954372526,Small,stable,,57,0.0002102521817928,31587506.83072381,2025-04-23,legacy,original base_pd_hint available
2025-08-07,B-PL1YFZ,0.0591773333086811,Company_B_16,B,South America,0.5099477473015739,0.0343972954372526,Small,stable,,57,0.0187115199297718,31587506.83072381,2025-04-23,legacy,original base_pd_hint available
2025-08-08,B-PL1YFZ,0.0023142586633115,Company_B_16,B,South America,0.5099477473015739,0.0343972954372526,Small,stable,,57,0.0105064073241729,31587506.83072381,2025-04-23,legacy,original base_pd_hint available
2025-08-11,B-PL1YFZ,0.0011601194261425,Company_B_16,B,South America,0.5099477473015739,0.0343972954372526,Small,stable,,57,-0.0090665158126864,31587506.83072381,2025-04-23,legacy,original base_pd_hint available
2025-08-12,B-PL1YFZ,-0.0037683825260052,Company_B_16,B,South America,0.5099477473015739,0.0343972954372526,Small,stable,,57,-0.0015097488640975,31587506.83072381,2025-04-23,legacy,original base_pd_hint available
2025-09-01,B-PL1YFZ,-0.0094456704240718,Company_B_16,B,South America,0.5099477473015739,0.0343972954372526,Small,stable,,57,-0.0182440765094434,31587506.83072381,2025-04-23,legacy,original base_pd_hint available
2025-09-02,B-PL1YFZ,-0.0022563822844357,Company_B_16,B,South America,0.5099477473015739,0.0343972954372526,Small,stable,,57,0.000493033588286,31587506.83072381,2025-04-23,legacy,original base_pd_hint available
2025-09-03,B-PL1YFZ,-0.0144134942015668,Company_B_16,B,South America,0.5099477473015739,0.0343972954372526,Small,stable,,57,-0.0130870635919819,31587506.83072381,2025-04-23,legacy,original base_pd_hint available
2025-09-04,B-PL1YFZ,-0.019591130643126,Company_B_16,B,South America,0.5099477473015739,0.0343972954372526,Small,stable,,57,0.0003558120086072,31587506.83072381,2025-04-23,legacy,original base_pd_hint available
2025-09-05,B-PL1YFZ,-0.0162035672665725,Company_B_16,B,South America,0.5099477473015739,0.0343972954372526,Small,stable,,57,-0.0087005818517411,31587506.83072381,2025-04-23,legacy,original base_pd_hint available
2025-09-08,B-PL1YFZ,,Company_B_16,B,South America,0.5099477473015739,0.0343972954372526,Small,stable,,57,0.0023920822452534,31587506.83072381,2025-04-23,legacy,original base_pd_hint available
2025-09-09,B-PL1YFZ,-0.006433129662555,Company_B_16,B,South America,0.5099477473015739,0.0343972954372526,Small,stable,,57,-0.0026480819129213,31587506.83072381,2025-04-23,legacy,original base_pd_hint available
2025-09-10,B-PL1YFZ,-0.0135248040897044,Company_B_16,B,South America,0.5099477473015739,0.0343972954372526,Small,stable,,57,-0.0320681829492234,31587506.83072381,2025-04-23,legacy,original base_pd_hint available
2025-09-11,B-PL1YFZ,-0.0278677272774277,Company_B_16,B,South America,0.5099477473015739,0.0343972954372526,Small,stable,,57,-0.0042222927259599,31587506.83072381,2025-04-23,legacy,original base_pd_hint available
2025-09-12,B-PL1YFZ,-0.0265420086866487,Company_B_16,B,South America,0.5099477473015739,0.0343972954372526,Small,stable,,57,0.0046539284908583,31587506.83072381,2025-04-23,legacy,original base_pd_hint available
2025-10-01,B-PL1YFZ,-0.0339438864342235,Company_B_16,B,South America,0.5099477473015739,0.0343972954372526,Small,stable,,57,,31587506.83072381,2025-04-23,legacy,original base_pd_hint available
2025-10-02,B-PL1YFZ,-0.0125151170120273,Company_B_16,B,South America,0.5099477473015739,0.0343972954372526,Small,stable,,57,-0.0139835436674951,31587506.83072381,2025-04-23,legacy,original base_pd_hint available
2025-10-03,B-PL1YFZ,0.0214815006517203,Company_B_16,B,South America,0.5099477473015739,0.0343972954372526,Small,stable,,57,0.0012570528124232,31587506.83072381,2025-04-23,legacy,original base_pd_hint available
2025-10-06,B-PL1YFZ,0.0135796295730752,Company_B_16,B,South America,0.5099477473015739,0.0343972954372526,Small,stable,,57,0.0191824545318301,31587506.83072381,2025-04-23,legacy,original base_pd_hint available
2025-10-07,B-PL1YFZ,-0.0150024259378786,Company_B_16,B,South America,0.5099477473015739,0.0343972954372526,Small,stable,,57,-0.0315562534880117,31587506.83072381,2025-04-23,legacy,original base_pd_hint available
2025-10-09,B-PL1YFZ,-0.0097545699854286,Company_B_16,B,South America,0.5099477473015739,0.0343972954372526,Small,stable,,57,-0.0182787295370303,31587506.83072381,2025-04-23,legacy,original base_pd_hint available
2025-10-10,B-PL1YFZ,0.0189538254553621,Company_B_16,B,South America,0.5099477473015739,0.0343972954372526,Small,stable,,57,0.0022168841621003,31587506.83072381,2025-04-23,legacy,original base_pd_hint available
2025-11-03,B-PL1YFZ,,Company_B_16,B,South America,0.5099477473015739,0.0343972954372526,Small,stable,,57,-0.0005455947933683,31587506.83072381,2025-04-23,legacy,original base_pd_hint available
2025-11-05,B-PL1YFZ,0.050819075480974,Company_B_16,B,South America,0.5099477473015739,0.0343972954372526,Small,stable,,57,0.0329021640544153,31587506.83072381,2025-04-23,legacy,original base_pd_hint available
2025-11-06,B-PL1YFZ,0.0580647157062862,Company_B_16,B,South America,0.5099477473015739,0.0343972954372526,Small,stable,,57,0.0261796770562837,31587506.83072381,2025-04-23,legacy,original base_pd_hint available
2025-11-07,B-PL1YFZ,-0.0265547535587471,Company_B_16,B,South America,0.5099477473015739,0.0343972954372526,Small,stable,,57,-0.0026152260671159,31587506.83072381,2025-04-23,legacy,original base_pd_hint available
2025-11-10,B-PL1YFZ,-0.0072407967394924,Company_B_16,B,South America,0.5099477473015739,0.0343972954372526,Small,stable,,57,-0.0099451696321556,31587506.83072381,2025-04-23,legacy,original base_pd_hint available
2025-11-11,B-PL1YFZ,-0.0051274570849888,Company_B_16,B,South America,0.5099477473015739,0.0343972954372526,Small,stable,,57,0.0071147820767182,31587506.83072381,2025-04-23,legacy,original base_pd_hint available
2025-11-12,B-PL1YFZ,-0.0252921334202525,Company_B_16,B,South America,0.5099477473015739,0.0343972954372526,Small,stable,,57,-0.0288607520326152,31587506.83072381,2025-04-23,legacy,original base_pd_hint available
2025-12-01,B-PL1YFZ,0.0179995160821592,Company_B_16,B,South America,0.5099477473015739,0.0343972954372526,Small,stable,,57,0.0032907517570993,31587506.83072381,2025-04-23,legacy,original base_pd_hint available
2025-12-02,B-PL1YFZ,0.0046815398204499,Company_B_16,B,South America,0.5099477473015739,0.0343972954372526,Small,stable,,57,,31587506.83072381,2025-04-23,legacy,original base_pd_hint available
2025-12-03,B-PL1YFZ,-0.0175802128985276,Company_B_16,B,South America,0.5099477473015739,0.0343972954372526,Small,stable,,57,-0.0108077946280547,31587506.83072381,2025-04-23,legacy,original base_pd_hint available
2025-12-05,B-PL1YFZ,0.0010029401164346,Company_B_16,B,South America,0.5099477473015739,0.0343972954372526,Small,stable,,57,0.0141371876711961,31587506.83072381,2025-04-23,legacy,original base_pd_hint available
2025-12-08,B-PL1YFZ,-0.0294125466093764,Company_B_16,B,South America,0.5099477473015739,0.0343972954372526,Small,stable,,57,0.004564055137615,31587506.83072381,2025-04-23,legacy,original base_pd_hint available
2025-12-09,B-PL1YFZ,-0.0065475764267418,Company_B_16,B,South America,0.5099477473015739,0.0343972954372526,Small,stable,,57,,31587506.83072381,2025-04-23,legacy,original base_pd_hint available
2025-12-10,B-PL1YFZ,0.0019763909170769,Company_B_16,B,South America,0.5099477473015739,0.0343972954372526,Small,stable,,57,0.0187045985583545,31587506.83072381,2025-04-23,legacy,original base_pd_hint available
2025-12-11,B-PL1YFZ,-0.0072565878300871,Company_B_16,B,South America,0.5099477473015739,0.0343972954372526,Small,stable,,57,-0.0061635450064645,31587506.83072381,2025-04-23,legacy,original base_pd_hint available
2025-12-12,B-PL1YFZ,0.0095178741718131,Company_B_16,B,South America,0.5099477473015739,0.0343972954372526,Small,stable,,57,0.0093768957427672,31587506.83072381,2025-04-23,legacy,original base_pd_hint available
2025-08-01,B-QF30BG,-0.0226706194733866,Company_B_05,B,Europe,0.5803585019378602,0.0470453888181618,,stable,legacy,14,0.0040039417401903,22272730.31527194,2025-07-30,review,original base_pd_hint available
2025-08-01,B-QF30BG,-0.0226706194733866,Company_B_05,B,Europe,0.5803585019378602,0.0470453888181618,,stable,legacy,14,0.0040039417401903,22272730.31527194,2025-07-30,review,original base_pd_hint available
2025-08-04,B-QF30BG,0.0454493487094373,Company_B_05,B,Europe,0.5803585019378602,0.0470453888181618,,stable,legacy,14,0.0114973593521953,22272730.31527194,2025-07-30,review,original base_pd_hint available
2025-08-04,B-QF30BG,0.0454493487094373,Company_B_05,B,Europe,0.5803585019378602,0.0470453888181618,,stable,legacy,14,0.0114973593521953,22272730.31527194,2025-07-30,review,original base_pd_hint available
2025-08-05,B-QF30BG,-0.0177419970659043,Company_B_05,B,Europe,0.5803585019378602,0.0470453888181618,,stable,legacy,14,-0.0172789147832154,22272730.31527194,2025-07-30,review,original base_pd_hint available
2025-08-05,B-QF30BG,-0.0177419970659043,Company_B_05,B,Europe,0.5803585019378602,0.0470453888181618,,stable,legacy,14,-0.0172789147832154,22272730.31527194,2025-07-30,review,original base_pd_hint available
2025-08-06,B-QF30BG,-0.0036719843039976,Company_B_05,B,Europe,0.5803585019378602,0.0470453888181618,,stable,legacy,14,0.0002102521817928,22272730.31527194,2025-07-30,review,original base_pd_hint available
2025-08-06,B-QF30BG,-0.0036719843039976,Company_B_05,B,Europe,0.5803585019378602,0.0470453888181618,,stable,legacy,14,0.0002102521817928,22272730.31527194,2025-07-30,review,original base_pd_hint available
2025-08-07,B-QF30BG,0.0030827811464209,Company_B_05,B,Europe,0.5803585019378602,0.0470453888181618,,stable,legacy,14,0.0187115199297718,22272730.31527194,2025-07-30,review,original base_pd_hint available
2025-08-07,B-QF30BG,0.0030827811464209,Company_B_05,B,Europe,0.5803585019378602,0.0470453888181618,,stable,legacy,14,0.0187115199297718,22272730.31527194,2025-07-30,review,original base_pd_hint available
2025-08-11,B-QF30BG,-0.0176014103145955,Company_B_05,B,Europe,0.5803585019378602,0.0470453888181618,,stable,legacy,14,-0.0090665158126864,22272730.31527194,2025-07-30,review,original base_pd_hint available
2025-08-11,B-QF30BG,-0.0176014103145955,Company_B_05,B,Europe,0.5803585019378602,0.0470453888181618,,stable,legacy,14,-0.0090665158126864,22272730.31527194,2025-07-30,review,original base_pd_hint available
2025-08-12,B-QF30BG,-0.0175203198762254,Company_B_05,B,Europe,0.5803585019378602,0.0470453888181618,,stable,legacy,14,-0.0015097488640975,22272730.31527194,2025-07-30,review,original base_pd_hint available
2025-08-12,B-QF30BG,-0.0175203198762254,Company_B_05,B,Europe,0.5803585019378602,0.0470453888181618,,stable,legacy,14,-0.0015097488640975,22272730.31527194,2025-07-30,review,original base_pd_hint available
2025-09-01,B-QF30BG,-0.0294019751552576,Company_B_05,B,Europe,0.5803585019378602,0.0470453888181618,,stable,legacy,14,-0.0182440765094434,22272730.31527194,2025-07-30,review,original base_pd_hint available
2025-09-01,B-QF30BG,-0.0294019751552576,Company_B_05,B,Europe,0.5803585019378602,0.0470453888181618,,stable,legacy,14,-0.0182440765094434,22272730.31527194,2025-07-30,review,original base_pd_hint available
2025-09-02,B-QF30BG,-0.0005090809364876,Company_B_05,B,Europe,0.5803585019378602,0.0470453888181618,,stable,legacy,14,0.000493033588286,22272730.31527194,2025-07-30,review,original base_pd_hint available
2025-09-02,B-QF30BG,-0.0005090809364876,Company_B_05,B,Europe,0.5803585019378602,0.0470453888181618,,stable,legacy,14,0.000493033588286,22272730.31527194,2025-07-30,review,original base_pd_hint available
2025-09-03,B-QF30BG,-0.025321195340196,Company_B_05,B,Europe,0.5803585019378602,0.0470453888181618,,stable,legacy,14,-0.0130870635919819,22272730.31527194,2025-07-30,review,original base_pd_hint available
2025-09-03,B-QF30BG,-0.025321195340196,Company_B_05,B,Europe,0.5803585019378602,0.0470453888181618,,stable,legacy,14,-0.0130870635919819,22272730.31527194,2025-07-30,review,original base_pd_hint available
2025-09-04,B-QF30BG,-0.008649951109925,Company_B_05,B,Europe,0.5803585019378602,0.0470453888181618,,stable,legacy,14,0.0003558120086072,22272730.31527194,2025-07-30,review,original base_pd_hint available
2025-09-04,B-QF30BG,-0.008649951109925,Company_B_05,B,Europe,0.5803585019378602,0.0470453888181618,,stable,legacy,14,0.0003558120086072,22272730.31527194,2025-07-30,review,original base_pd_hint available
2025-09-05,B-QF30BG,-0.0359327587160791,Company_B_05,B,Europe,0.5803585019378602,0.0470453888181618,,stable,legacy,14,-0.0087005818517411,22272730.31527194,2025-07-30,review,original base_pd_hint available
2025-09-05,B-QF30BG,-0.0359327587160791,Company_B_05,B,Europe,0.5803585019378602,0.0470453888181618,,stable,legacy,14,-0.0087005818517411,22272730.31527194,2025-07-30,review,original base_pd_hint available
2025-09-08,B-QF30BG,0.006781485919367,Company_B_05,B,Europe,0.5803585019378602,0.0470453888181618,,stable,legacy,14,0.0023920822452534,22272730.31527194,2025-07-30,review,original base_pd_hint available
2025-09-08,B-QF30BG,0.006781485919367,Company_B_05,B,Europe,0.5803585019378602,0.0470453888181618,,stable,legacy,14,0.0023920822452534,22272730.31527194,2025-07-30,review,original base_pd_hint available
2025-09-09,B-QF30BG,-0.0005421470270267,Company_B_05,B,Europe,0.5803585019378602,0.0470453888181618,,stable,legacy,14,-0.0026480819129213,22272730.31527194,2025-07-30,review,original base_pd_hint available
2025-09-09,B-QF30BG,-0.0005421470270267,Company_B_05,B,Europe,0.5803585019378602,0.0470453888181618,,stable,legacy,14,-0.0026480819129213,22272730.31527194,2025-07-30,review,original base_pd_hint available
2025-09-10,B-QF30BG,0.0022474607530382,Company_B_05,B,Europe,0.5803585019378602,0.0470453888181618,,stable,legacy,14,-0.0320681829492234,22272730.31527194,2025-07-30,review,original base_pd_hint available
2025-09-10,B-QF30BG,0.0022474607530382,Company_B_05,B,Europe,0.5803585019378602,0.0470453888181618,,stable,legacy,14,-0.0320681829492234,22272730.31527194,2025-07-30,review,original base_pd_hint available
2025-09-12,B-QF30BG,-0.0129281894197908,Company_B_05,B,Europe,0.5803585019378602,0.0470453888181618,,stable,legacy,14,0.0046539284908583,22272730.31527194,2025-07-30,review,original base_pd_hint available
2025-09-12,B-QF30BG,-0.0129281894197908,Company_B_05,B,Europe,0.5803585019378602,0.0470453888181618,,stable,legacy,14,0.0046539284908583,22272730.31527194,2025-07-30,review,original base_pd_hint available
2025-10-01,B-QF30BG,-0.0432175805161169,Company_B_05,B,Europe,0.5803585019378602,0.0470453888181618,,stable,legacy,14,,22272730.31527194,2025-07-30,review,original base_pd_hint available
2025-10-01,B-QF30BG,-0.0432175805161169,Company_B_05,B,Europe,0.5803585019378602,0.0470453888181618,,stable,legacy,14,,22272730.31527194,2025-07-30,review,original base_pd_hint available
2025-10-02,B-QF30BG,-0.0237180714739655,Company_B_05,B,Europe,0.5803585019378602,0.0470453888181618,,stable,legacy,14,-0.0139835436674951,22272730.31527194,2025-07-30,review,original base_pd_hint available
2025-10-02,B-QF30BG,-0.0237180714739655,Company_B_05,B,Europe,0.5803585019378602,0.0470453888181618,,stable,legacy,14,-0.0139835436674951,22272730.31527194,2025-07-30,review,original base_pd_hint available
2025-10-03,B-QF30BG,-0.0405195912695353,Company_B_05,B,Europe,0.5803585019378602,0.0470453888181618,,stable,legacy,14,0.0012570528124232,22272730.31527194,2025-07-30,review,original base_pd_hint available
2025-10-03,B-QF30BG,-0.0405195912695353,Company_B_05,B,Europe,0.5803585019378602,0.0470453888181618,,stable,legacy,14,0.0012570528124232,22272730.31527194,2025-07-30,review,original base_pd_hint available
2025-10-06,B-QF30BG,0.0395052537252918,Company_B_05,B,Europe,0.5803585019378602,0.0470453888181618,,stable,legacy,14,0.0191824545318301,22272730.31527194,2025-07-30,review,original base_pd_hint available
2025-10-06,B-QF30BG,0.0395052537252918,Company_B_05,B,Europe,0.5803585019378602,0.0470453888181618,,stable,legacy,14,0.0191824545318301,22272730.31527194,2025-07-30,review,original base_pd_hint available
2025-10-07,B-QF30BG,-0.0326160798815253,Company_B_05,B,Europe,0.5803585019378602,0.0470453888181618,,stable,legacy,14,-0.0315562534880117,22272730.31527194,2025-07-30,review,original base_pd_hint available
2025-10-07,B-QF30BG,-0.0326160798815253,Company_B_05,B,Europe,0.5803585019378602,0.0470453888181618,,stable,legacy,14,-0.0315562534880117,22272730.31527194,2025-07-30,review,original base_pd_hint available
2025-10-08,B-QF30BG,-0.0161549560540313,Company_B_05,B,Europe,0.5803585019378602,0.0470453888181618,,stable,legacy,14,-0.0126125562157682,22272730.31527194,2025-07-30,review,original base_pd_hint available
2025-10-08,B-QF30BG,-0.0161549560540313,Company_B_05,B,Europe,0.5803585019378602,0.0470453888181618,,stable,legacy,14,-0.0126125562157682,22272730.31527194,2025-07-30,review,original base_pd_hint available
2025-10-09,B-QF30BG,-0.0331013487715424,Company_B_05,B,Europe,0.5803585019378602,0.0470453888181618,,stable,legacy,14,-0.0182787295370303,22272730.31527194,2025-07-30,review,original base_pd_hint available
2025-10-09,B-QF30BG,-0.0331013487715424,Company_B_05,B,Europe,0.5803585019378602,0.0470453888181618,,stable,legacy,14,-0.0182787295370303,22272730.31527194,2025-07-30,review,original base_pd_hint available
2025-10-10,B-QF30BG,0.0282395148484635,Company_B_05,B,Europe,0.5803585019378602,0.0470453888181618,,stable,legacy,14,0.0022168841621003,22272730.31527194,2025-07-30,review,original base_pd_hint available
2025-10-10,B-QF30BG,0.0282395148484635,Company_B_05,B,Europe,0.5803585019378602,0.0470453888181618,,stable,legacy,14,0.0022168841621003,22272730.31527194,2025-07-30,review,original base_pd_hint available
2025-11-03,B-QF30BG,-0.012287967751678,Company_B_05,B,Europe,0.5803585019378602,0.0470453888181618,,stable,legacy,14,-0.0005455947933683,22272730.31527194,2025-07-30,review,original base_pd_hint available
2025-11-03,B-QF30BG,-0.012287967751678,Company_B_05,B,Europe,0.5803585019378602,0.0470453888181618,,stable,legacy,14,-0.0005455947933683,22272730.31527194,2025-07-30,review,original base_pd_hint available
2025-11-04,B-QF30BG,-0.0264425318349465,Company_B_05,B,Europe,0.5803585019378602,0.0470453888181618,,stable,legacy,14,-0.0227663271628853,22272730.31527194,2025-07-30,review,original base_pd_hint available
2025-11-04,B-QF30BG,-0.0264425318349465,Company_B_05,B,Europe,0.5803585019378602,0.0470453888181618,,stable,legacy,14,-0.0227663271628853,22272730.31527194,2025-07-30,review,original base_pd_hint available
2025-11-05,B-QF30BG,0.0095770378068482,Company_B_05,B,Europe,0.5803585019378602,0.0470453888181618,,stable,legacy,14,0.0329021640544153,22272730.31527194,2025-07-30,review,original base_pd_hint available
2025-11-05,B-QF30BG,0.0095770378068482,Company_B_05,B,Europe,0.5803585019378602,0.0470453888181618,,stable,legacy,14,0.0329021640544153,22272730.31527194,2025-07-30,review,original base_pd_hint available
2025-11-06,B-QF30BG,0.0153592932229995,Company_B_05,B,Europe,0.5803585019378602,0.0470453888181618,,stable,legacy,14,0.0261796770562837,22272730.31527194,2025-07-30,review,original base_pd_hint available
2025-11-06,B-QF30BG,0.0153592932229995,Company_B_05,B,Europe,0.5803585019378602,0.0470453888181618,,stable,legacy,14,0.0261796770562837,22272730.31527194,2025-07-30,review,original base_pd_hint available
2025-11-07,B-QF30BG,0.0012303083469805,Company_B_05,B,Europe,0.5803585019378602,0.0470453888181618,,stable,legacy,14,-0.0026152260671159,22272730.31527194,2025-07-30,review,original base_pd_hint available
2025-11-07,B-QF30BG,0.0012303083469805,Company_B_05,B,Europe,0.5803585019378602,0.0470453888181618,,stable,legacy,14,-0.0026152260671159,22272730.31527194,2025-07-30,review,original base_pd_hint available
2025-11-10,B-QF30BG,0.0011160677304739,Company_B_05,B,Europe,0.5803585019378602,0.0470453888181618,,stable,legacy,14,-0.0099451696321556,22272730.31527194,2025-07-30,review,original base_pd_hint available
2025-11-10,B-QF30BG,0.0011160677304739,Company_B_05,B,Europe,0.5803585019378602,0.0470453888181618,,stable,legacy,14,-0.0099451696321556,22272730.31527194,2025-07-30,review,original base_pd_hint available
2025-11-11,B-QF30BG,0.0332069592241194,Company_B_05,B,Europe,0.5803585019378602,0.0470453888181618,,stable,legacy,14,0.0071147820767182,22272730.31527194,2025-07-30,review,original base_pd_hint available
2025-11-11,B-QF30BG,0.0332069592241194,Company_B_05,B,Europe,0.5803585019378602,0.0470453888181618,,stable,legacy,14,0.0071147820767182,22272730.31527194,2025-07-30,review,original base_pd_hint available
2025-11-12,B-QF30BG,-0.0279753486458433,Company_B_05,B,Europe,0.5803585019378602,0.0470453888181618,,stable,legacy,14,-0.0288607520326152,22272730.31527194,2025-07-30,review,original base_pd_hint available
2025-11-12,B-QF30BG,-0.0279753486458433,Company_B_05,B,Europe,0.5803585019378602,0.0470453888181618,,stable,legacy,14,-0.0288607520326152,22272730.31527194,2025-07-30,review,original base_pd_hint available
2025-12-01,B-QF30BG,-0.0093713967551382,Company_B_05,B,Europe,0.5803585019378602,0.0470453888181618,,stable,legacy,14,0.0032907517570993,22272730.31527194,2025-07-30,review,original base_pd_hint available
2025-12-01,B-QF30BG,-0.0093713967551382,Company_B_05,B,Europe,0.5803585019378602,0.0470453888181618,,stable,legacy,14,0.0032907517570993,22272730.31527194,2025-07-30,review,original base_pd_hint available
2025-12-03,B-QF30BG,-0.0003326383072547,Company_B_05,B,Europe,0.5803585019378602,0.0470453888181618,,stable,legacy,14,-0.0108077946280547,22272730.31527194,2025-07-30,review,original base_pd_hint available
2025-12-03,B-QF30BG,-0.0003326383072547,Company_B_05,B,Europe,0.5803585019378602,0.0470453888181618,,stable,legacy,14,-0.0108077946280547,22272730.31527194,2025-07-30,review,original base_pd_hint available
2025-12-04,B-QF30BG,,Company_B_05,B,Europe,0.5803585019378602,0.0470453888181618,,stable,legacy,14,0.0224254442272963,22272730.31527194,2025-07-30,review,original base_pd_hint available
2025-12-04,B-QF30BG,,Company_B_05,B,Europe,0.5803585019378602,0.0470453888181618,,stable,legacy,14,0.0224254442272963,22272730.31527194,2025-07-30,review,original base_pd_hint available
2025-12-05,B-QF30BG,0.0346922075404161,Company_B_05,B,Europe,0.5803585019378602,0.0470453888181618,,stable,legacy,14,0.0141371876711961,22272730.31527194,2025-07-30,review,original base_pd_hint available
2025-12-05,B-QF30BG,0.0346922075404161,Company_B_05,B,Europe,0.5803585019378602,0.0470453888181618,,stable,legacy,14,0.0141371876711961,22272730.31527194,2025-07-30,review,original base_pd_hint available
2025-12-08,B-QF30BG,0.0256494305678794,Company_B_05,B,Europe,0.5803585019378602,0.0470453888181618,,stable,legacy,14,0.004564055137615,22272730.31527194,2025-07-30,review,original base_pd_hint available
2025-12-08,B-QF30BG,0.0256494305678794,Company_B_05,B,Europe,0.5803585019378602,0.0470453888181618,,stable,legacy,14,0.004564055137615,22272730.31527194,2025-07-30,review,original base_pd_hint available
2025-12-09,B-QF30BG,-0.0052408326186933,Company_B_05,B,Europe,0.5803585019378602,0.0470453888181618,,stable,legacy,14,,22272730.31527194,2025-07-30,review,original base_pd_hint available
2025-12-09,B-QF30BG,-0.0052408326186933,Company_B_05,B,Europe,0.5803585019378602,0.0470453888181618,,stable,legacy,14,,22272730.31527194,2025-07-30,review,original base_pd_hint available
2025-12-10,B-QF30BG,0.0552405285791101,Company_B_05,B,Europe,0.5803585019378602,0.0470453888181618,,stable,legacy,14,0.0187045985583545,22272730.31527194,2025-07-30,review,original base_pd_hint available
2025-12-10,B-QF30BG,0.0552405285791101,Company_B_05,B,Europe,0.5803585019378602,0.0470453888181618,,stable,legacy,14,0.0187045985583545,22272730.31527194,2025-07-30,review,original base_pd_hint available
2025-12-11,B-QF30BG,0.0065099322206354,Company_B_05,B,Europe,0.5803585019378602,0.0470453888181618,,stable,legacy,14,-0.0061635450064645,22272730.31527194,2025-07-30,review,original base_pd_hint available
2025-12-11,B-QF30BG,0.0065099322206354,Company_B_05,B,Europe,0.5803585019378602,0.0470453888181618,,stable,legacy,14,-0.0061635450064645,22272730.31527194,2025-07-30,review,original base_pd_hint available
2025-04-02,B-QFZFP4,0.0068510717731595,Company_B_17,B,South America,0.4029850480348587,0.028786130409998,Large,,legacy,22,0.0186776451485401,21855705.622211523,2025-04-02,review,original base_pd_hint available
2025-04-03,B-QFZFP4,0.0021552698080357,Company_B_17,B,South America,0.4029850480348587,0.028786130409998,Large,,legacy,22,-0.0037462404383459,21855705.622211523,2025-04-02,review,original base_pd_hint available
2025-04-04,B-QFZFP4,-0.0171750637329555,Company_B_17,B,South America,0.4029850480348587,0.028786130409998,Large,,legacy,22,0.0147203918974813,21855705.622211523,2025-04-02,review,original base_pd_hint available
2025-04-07,B-QFZFP4,0.0034034784458773,Company_B_17,B,South America,0.4029850480348587,0.028786130409998,Large,,legacy,22,0.0246663868926757,21855705.622211523,2025-04-02,review,original base_pd_hint available
2025-04-08,B-QFZFP4,-0.0116089654902332,Company_B_17,B,South America,0.4029850480348587,0.028786130409998,Large,,legacy,22,0.0056866936253566,21855705.622211523,2025-04-02,review,original base_pd_hint available
2025-04-09,B-QFZFP4,0.0175983693071896,Company_B_17,B,South America,0.4029850480348587,0.028786130409998,Large,,legacy,22,-0.0004650774196358,21855705.622211523,2025-04-02,review,original base_pd_hint available
2025-04-10,B-QFZFP4,-0.004255451264719,Company_B_17,B,South America,0.4029850480348587,0.028786130409998,Large,,legacy,22,-0.0095558031349188,21855705.622211523,2025-04-02,review,original base_pd_hint available
2025-04-11,B-QFZFP4,0.036856630550396,Company_B_17,B,South America,0.4029850480348587,0.028786130409998,Large,,legacy,22,0.0326847601054619,21855705.622211523,2025-04-02,review,original base_pd_hint available
2025-05-01,B-QFZFP4,-0.0034192870231323,Company_B_17,B,South America,0.4029850480348587,0.028786130409998,Large,,legacy,22,0.0140277458538761,21855705.622211523,2025-04-02,review,original base_pd_hint available
2025-05-02,B-QFZFP4,-0.0013300283805746,Company_B_17,B,South America,0.4029850480348587,0.028786130409998,Large,,legacy,22,-0.0237675804038153,21855705.622211523,2025-04-02,review,original base_pd_hint available
2025-05-05,B-QFZFP4,0.0004311697998394,Company_B_17,B,South America,0.4029850480348587,0.028786130409998,Large,,legacy,22,-0.0102126348852569,21855705.622211523,2025-04-02,review,original base_pd_hint available
2025-05-07,B-QFZFP4,-0.0300806239747478,Company_B_17,B,South America,0.4029850480348587,0.028786130409998,Large,,legacy,22,-0.0045847799145338,21855705.622211523,2025-04-02,review,original base_pd_hint available
2025-05-08,B-QFZFP4,-0.006840641004068,Company_B_17,B,South America,0.4029850480348587,0.028786130409998,Large,,legacy,22,-0.0100549327049622,21855705.622211523,2025-04-02,review,original base_pd_hint available
2025-05-09,B-QFZFP4,0.0114980119585076,Company_B_17,B,South America,0.4029850480348587,0.028786130409998,Large,,legacy,22,-0.0108788433685402,21855705.622211523,2025-04-02,review,original base_pd_hint available
2025-05-12,B-QFZFP4,0.0453051330744737,Company_B_17,B,South America,0.4029850480348587,0.028786130409998,Large,,legacy,22,0.013255782941715,21855705.622211523,2025-04-02,review,original base_pd_hint available
2025-06-02,B-QFZFP4,-0.0298107505360968,Company_B_17,B,South America,0.4029850480348587,0.028786130409998,Large,,legacy,22,0.0084439877167436,21855705.622211523,2025-04-02,review,original base_pd_hint available
2025-06-03,B-QFZFP4,-0.0263593871495929,Company_B_17,B,South America,0.4029850480348587,0.028786130409998,Large,,legacy,22,-0.0167736228582782,21855705.622211523,2025-04-02,review,original base_pd_hint available
2025-06-04,B-QFZFP4,0.0041587184666716,Company_B_17,B,South America,0.4029850480348587,0.028786130409998,Large,,legacy,22,-0.0043931427354546,21855705.622211523,2025-04-02,review,original base_pd_hint available
2025-06-05,B-QFZFP4,0.0508314287103802,Company_B_17,B,South America,0.4029850480348587,0.028786130409998,Large,,legacy,22,-0.0005637740370175,21855705.622211523,2025-04-02,review,original base_pd_hint available
2025-06-06,B-QFZFP4,0.0192243190458387,Company_B_17,B,South America,0.4029850480348587,0.028786130409998,Large,,legacy,22,,21855705.622211523,2025-04-02,review,original base_pd_hint available
2025-06-09,B-QFZFP4,0.0296146137310983,Company_B_17,B,South America,0.4029850480348587,0.028786130409998,Large,,legacy,22,0.0184277164951934,21855705.622211523,2025-04-02,review,original base_pd_hint available
2025-06-10,B-QFZFP4,-0.0112506134865094,Company_B_17,B,South America,0.4029850480348587,0.028786130409998,Large,,legacy,22,0.0077210052577763,21855705.622211523,2025-04-02,review,original base_pd_hint available
2025-06-11,B-QFZFP4,0.0024925190717589,Company_B_17,B,South America,0.4029850480348587,0.028786130409998,Large,,legacy,22,-0.0023309390995482,21855705.622211523,2025-04-02,review,original base_pd_hint available
2025-06-12,B-QFZFP4,0.0097174623482306,Company_B_17,B,South America,0.4029850480348587,0.028786130409998,Large,,legacy,22,0.008891025310106,21855705.622211523,2025-04-02,review,original base_pd_hint available
2025-07-01,B-QFZFP4,0.0216620417470232,Company_B_17,B,South America,0.4029850480348587,0.028786130409998,Large,,legacy,22,,21855705.622211523,2025-04-02,review,original base_pd_hint available
2025-07-02,B-QFZFP4,0.0002448423182558,Company_B_17,B,South America,0.4029850480348587,0.028786130409998,Large,,legacy,22,-0.0047848339291268,21855705.622211523,2025-04-02,review,original base_pd_hint available
2025-07-03,B-QFZFP4,-0.056336110438325,Company_B_17,B,South America,0.4029850480348587,0.028786130409998,Large,,legacy,22,-0.0300041296283168,21855705.622211523,2025-04-02,review,original base_pd_hint available
2025-07-04,B-QFZFP4,0.0087591878133552,Company_B_17,B,South America,0.4029850480348587,0.028786130409998,Large,,legacy,22,0.0056822404651326,21855705.622211523,2025-04-02,review,original base_pd_hint available
2025-07-07,B-QFZFP4,0.0242091811448555,Company_B_17,B,South America,0.4029850480348587,0.028786130409998,Large,,legacy,22,-0.0260411084866903,21855705.622211523,2025-04-02,review,original base_pd_hint available
2025-07-08,B-QFZFP4,0.0266866354239,Company_B_17,B,South America,0.4029850480348587,0.028786130409998,Large,,legacy,22,,21855705.622211523,2025-04-02,review,original base_pd_hint available
2025-07-09,B-QFZFP4,0.0183009372690493,Company_B_17,B,South America,0.4029850480348587,0.028786130409998,Large,,legacy,22,-0.0023271599388046,21855705.622211523,2025-04-02,review,original base_pd_hint available
2025-07-10,B-QFZFP4,0.0055595166448462,Company_B_17,B,South America,0.4029850480348587,0.028786130409998,Large,,legacy,22,,21855705.622211523,2025-04-02,review,original base_pd_hint available
2025-07-11,B-QFZFP4,0.0064953280338291,Company_B_17,B,South America,0.4029850480348587,0.028786130409998,Large,,legacy,22,-0.0120507403461468,21855705.622211523,2025-04-02,review,original base_pd_hint available
2025-08-04,B-QFZFP4,0.0049653627549676,Company_B_17,B,South America,0.4029850480348587,0.028786130409998,Large,,legacy,22,0.0114973593521953,21855705.622211523,2025-04-02,review,original base_pd_hint available
2025-08-05,B-QFZFP4,-0.0227005238773603,Company_B_17,B,South America,0.4029850480348587,0.028786130409998,Large,,legacy,22,-0.0172789147832154,21855705.622211523,2025-04-02,review,original base_pd_hint available
2025-08-06,B-QFZFP4,-0.0038813476463442,Company_B_17,B,South America,0.4029850480348587,0.028786130409998,Large,,legacy,22,0.0002102521817928,21855705.622211523,2025-04-02,review,original base_pd_hint available
2025-08-07,B-QFZFP4,-0.0208125563598029,Company_B_17,B,South America,0.4029850480348587,0.028786130409998,Large,,legacy,22,0.0187115199297718,21855705.622211523,2025-04-02,review,original base_pd_hint available
2025-08-08,B-QFZFP4,,Company_B_17,B,South America,0.4029850480348587,0.028786130409998,Large,,legacy,22,0.0105064073241729,21855705.622211523,2025-04-02,review,original base_pd_hint available
2025-08-11,B-QFZFP4,-0.0129846007834531,Company_B_17,B,South America,0.4029850480348587,0.028786130409998,Large,,legacy,22,-0.0090665158126864,21855705.622211523,2025-04-02,review,original base_pd_hint available
2025-08-12,B-QFZFP4,0.0221037595885389,Company_B_17,B,South America,0.4029850480348587,0.028786130409998,Large,,legacy,22,-0.0015097488640975,21855705.622211523,2025-04-02,review,original base_pd_hint available
2025-09-01,B-QFZFP4,-0.0077610361540029,Company_B_17,B,South America,0.4029850480348587,0.028786130409998,Large,,legacy,22,-0.0182440765094434,21855705.622211523,2025-04-02,review,original base_pd_hint available
2025-09-02,B-QFZFP4,0.0040557866605423,Company_B_17,B,South America,0.4029850480348587,0.028786130409998,Large,,legacy,22,0.000493033588286,21855705.622211523,2025-04-02,review,original base_pd_hint available
2025-09-03,B-QFZFP4,-0.0187139599395512,Company_B_17,B,South America,0.4029850480348587,0.028786130409998,Large,,legacy,22,-0.0130870635919819,21855705.622211523,2025-04-02,review,original base_pd_hint available
2025-09-04,B-QFZFP4,0.0298155557770556,Company_B_17,B,South America,0.4029850480348587,0.028786130409998,Large,,legacy,22,0.0003558120086072,21855705.622211523,2025-04-02,review,original base_pd_hint available
2025-09-05,B-QFZFP4,0.0328991855915611,Company_B_17,B,South America,0.4029850480348587,0.028786130409998,Large,,legacy,22,-0.0087005818517411,21855705.622211523,2025-04-02,review,original base_pd_hint available
2025-09-08,B-QFZFP4,0.0010354630568085,Company_B_17,B,South America,0.4029850480348587,0.028786130409998,Large,,legacy,22,0.0023920822452534,21855705.622211523,2025-04-02,review,original base_pd_hint available
2025-09-09,B-QFZFP4,-0.0282390419284587,Company_B_17,B,South America,0.4029850480348587,0.028786130409998,Large,,legacy,22,-0.0026480819129213,21855705.622211523,2025-04-02,review,original base_pd_hint available
2025-09-10,B-QFZFP4,-0.0340296849121686,Company_B_17,B,South America,0.4029850480348587,0.028786130409998,Large,,legacy,22,-0.0320681829492234,21855705.622211523,2025-04-02,review,original base_pd_hint available
2025-09-11,B-QFZFP4,-0.0018894629766858,Company_B_17,B,South America,0.4029850480348587,0.028786130409998,Large,,legacy,22,-0.0042222927259599,21855705.622211523,2025-04-02,review,original base_pd_hint available
2025-09-12,B-QFZFP4,-0.0444311086706093,Company_B_17,B,South America,0.4029850480348587,0.028786130409998,Large,,legacy,22,0.0046539284908583,21855705.622211523,2025-04-02,review,original base_pd_hint available
2025-10-01,B-QFZFP4,0.0030246404086157,Company_B_17,B,South America,0.4029850480348587,0.028786130409998,Large,,legacy,22,,21855705.622211523,2025-04-02,review,original base_pd_hint available
2025-10-02,B-QFZFP4,-0.0018211246178681,Company_B_17,B,South America,0.4029850480348587,0.028786130409998,Large,,legacy,22,-0.0139835436674951,21855705.622211523,2025-04-02,review,original base_pd_hint available
2025-10-03,B-QFZFP4,0.0028428362475548,Company_B_17,B,South America,0.4029850480348587,0.028786130409998,Large,,legacy,22,0.0012570528124232,21855705.622211523,2025-04-02,review,original base_pd_hint available
2025-10-06,B-QFZFP4,0.015362787328027,Company_B_17,B,South America,0.4029850480348587,0.028786130409998,Large,,legacy,22,0.0191824545318301,21855705.622211523,2025-04-02,review,original base_pd_hint available
2025-10-07,B-QFZFP4,-0.0083644470564288,Company_B_17,B,South America,0.4029850480348587,0.028786130409998,Large,,legacy,22,-0.0315562534880117,21855705.622211523,2025-04-02,review,original base_pd_hint available
2025-10-08,B-QFZFP4,-0.0142726995351806,Company_B_17,B,South America,0.4029850480348587,0.028786130409998,Large,,legacy,22,-0.0126125562157682,21855705.622211523,2025-04-02,review,original base_pd_hint available
2025-10-09,B-QFZFP4,0.0046018247382281,Company_B_17,B,South America,0.4029850480348587,0.028786130409998,Large,,legacy,22,-0.0182787295370303,21855705.622211523,2025-04-02,review,original base_pd_hint available
2025-10-10,B-QFZFP4,0.0198910458667095,Company_B_17,B,South America,0.4029850480348587,0.028786130409998,Large,,legacy,22,0.0022168841621003,21855705.622211523,2025-04-02,review,original base_pd_hint available
2025-11-03,B-QFZFP4,-0.0155035037841136,Company_B_17,B,South America,0.4029850480348587,0.028786130409998,Large,,legacy,22,-0.0005455947933683,21855705.622211523,2025-04-02,review,original base_pd_hint available
2025-11-04,B-QFZFP4,-0.0394578671796688,Company_B_17,B,South America,0.4029850480348587,0.028786130409998,Large,,legacy,22,-0.0227663271628853,21855705.622211523,2025-04-02,review,original base_pd_hint available
2025-11-05,B-QFZFP4,0.0033605018734628,Company_B_17,B,South America,0.4029850480348587,0.028786130409998,Large,,legacy,22,0.0329021640544153,21855705.622211523,2025-04-02,review,original base_pd_hint available
2025-11-06,B-QFZFP4,-0.0157735552566624,Company_B_17,B,South America,0.4029850480348587,0.028786130409998,Large,,legacy,22,0.0261796770562837,21855705.622211523,2025-04-02,review,original base_pd_hint available
2025-11-07,B-QFZFP4,-0.017307139182751,Company_B_17,B,South America,0.4029850480348587,0.028786130409998,Large,,legacy,22,-0.0026152260671159,21855705.622211523,2025-04-02,review,original base_pd_hint available
2025-11-10,B-QFZFP4,0.0029033522080087,Company_B_17,B,South America,0.4029850480348587,0.028786130409998,Large,,legacy,22,-0.0099451696321556,21855705.622211523,2025-04-02,review,original base_pd_hint available
2025-11-11,B-QFZFP4,0.0020537278087199,Company_B_17,B,South America,0.4029850480348587,0.028786130409998,Large,,legacy,22,0.0071147820767182,21855705.622211523,2025-04-02,review,original base_pd_hint available
2025-11-12,B-QFZFP4,-0.025706606934654,Company_B_17,B,South America,0.4029850480348587,0.028786130409998,Large,,legacy,22,-0.0288607520326152,21855705.622211523,2025-04-02,review,original base_pd_hint available
2025-12-01,B-QFZFP4,-0.0050605639801205,Company_B_17,B,South America,0.4029850480348587,0.028786130409998,Large,,legacy,22,0.0032907517570993,21855705.622211523,2025-04-02,review,original base_pd_hint available
2025-12-02,B-QFZFP4,-0.0477759868794813,Company_B_17,B,South America,0.4029850480348587,0.028786130409998,Large,,legacy,22,,21855705.622211523,2025-04-02,review,original base_pd_hint available
2025-12-03,B-QFZFP4,0.0311186690279613,Company_B_17,B,South America,0.4029850480348587,0.028786130409998,Large,,legacy,22,-0.0108077946280547,21855705.622211523,2025-04-02,review,original base_pd_hint available
2025-12-04,B-QFZFP4,0.0260109653263848,Company_B_17,B,South America,0.4029850480348587,0.028786130409998,Large,,legacy,22,0.0224254442272963,21855705.622211523,2025-04-02,review,original base_pd_hint available
2025-12-05,B-QFZFP4,0.0252109306218044,Company_B_17,B,South America,0.4029850480348587,0.028786130409998,Large,,legacy,22,0.0141371876711961,21855705.622211523,2025-04-02,review,original base_pd_hint available
2025-12-08,B-QFZFP4,-0.0107646624641768,Company_B_17,B,South America,0.4029850480348587,0.028786130409998,Large,,legacy,22,0.004564055137615,21855705.622211523,2025-04-02,review,original base_pd_hint available
2025-12-09,B-QFZFP4,-0.005724390042059,Company_B_17,B,South America,0.4029850480348587,0.028786130409998,Large,,legacy,22,,21855705.622211523,2025-04-02,review,original base_pd_hint available
2025-12-10,B-QFZFP4,0.0426369456384914,Company_B_17,B,South America,0.4029850480348587,0.028786130409998,Large,,legacy,22,0.0187045985583545,21855705.622211523,2025-04-02,review,original base_pd_hint available
2025-12-11,B-QFZFP4,-0.0540616661695972,Company_B_17,B,South America,0.4029850480348587,0.028786130409998,Large,,legacy,22,-0.0061635450064645,21855705.622211523,2025-04-02,review,original base_pd_hint available
2025-12-12,B-QFZFP4,0.0252361905946251,Company_B_17,B,South America,0.4029850480348587,0.028786130409998,Large,,legacy,22,0.0093768957427672,21855705.622211523,2025-04-02,review,original base_pd_hint available
2025-09-02,B-TB1OZ6,-0.0398364055651232,Company_B_31,B,North America,0.3959413947487566,0.0181105376834935,,manual review,,86,0.000493033588286,,2025-08-20,legacy,original base_pd_hint available
2025-09-03,B-TB1OZ6,-0.0494911591394573,Company_B_31,B,North America,0.3959413947487566,0.0181105376834935,,manual review,,86,-0.0130870635919819,,2025-08-20,legacy,original base_pd_hint available
2025-09-04,B-TB1OZ6,0.0167957545466189,Company_B_31,B,North America,0.3959413947487566,0.0181105376834935,,manual review,,86,0.0003558120086072,,2025-08-20,legacy,original base_pd_hint available
2025-09-05,B-TB1OZ6,-0.0529145974977938,Company_B_31,B,North America,0.3959413947487566,0.0181105376834935,,manual review,,86,-0.0087005818517411,,2025-08-20,legacy,original base_pd_hint available
2025-09-08,B-TB1OZ6,0.0191151503449058,Company_B_31,B,North America,0.3959413947487566,0.0181105376834935,,manual review,,86,0.0023920822452534,,2025-08-20,legacy,original base_pd_hint available
2025-09-09,B-TB1OZ6,0.0165626780711999,Company_B_31,B,North America,0.3959413947487566,0.0181105376834935,,manual review,,86,-0.0026480819129213,,2025-08-20,legacy,original base_pd_hint available
2025-09-10,B-TB1OZ6,-0.046495586838094,Company_B_31,B,North America,0.3959413947487566,0.0181105376834935,,manual review,,86,-0.0320681829492234,,2025-08-20,legacy,original base_pd_hint available
2025-09-11,B-TB1OZ6,-0.0028861339688523,Company_B_31,B,North America,0.3959413947487566,0.0181105376834935,,manual review,,86,-0.0042222927259599,,2025-08-20,legacy,original base_pd_hint available
2025-09-12,B-TB1OZ6,,Company_B_31,B,North America,0.3959413947487566,0.0181105376834935,,manual review,,86,0.0046539284908583,,2025-08-20,legacy,original base_pd_hint available
2025-10-01,B-TB1OZ6,-0.0190156021971619,Company_B_31,B,North America,0.3959413947487566,0.0181105376834935,,manual review,,86,,,2025-08-20,legacy,original base_pd_hint available
2025-10-02,B-TB1OZ6,-0.0222385650401037,Company_B_31,B,North America,0.3959413947487566,0.0181105376834935,,manual review,,86,-0.0139835436674951,,2025-08-20,legacy,original base_pd_hint available
2025-10-03,B-TB1OZ6,0.0080172959376618,Company_B_31,B,North America,0.3959413947487566,0.0181105376834935,,manual review,,86,0.0012570528124232,,2025-08-20,legacy,original base_pd_hint available
2025-10-06,B-TB1OZ6,0.019958121908092,Company_B_31,B,North America,0.3959413947487566,0.0181105376834935,,manual review,,86,0.0191824545318301,,2025-08-20,legacy,original base_pd_hint available
2025-10-07,B-TB1OZ6,-0.0335402737609271,Company_B_31,B,North America,0.3959413947487566,0.0181105376834935,,manual review,,86,-0.0315562534880117,,2025-08-20,legacy,original base_pd_hint available
2025-10-08,B-TB1OZ6,0.0031963854325423,Company_B_31,B,North America,0.3959413947487566,0.0181105376834935,,manual review,,86,-0.0126125562157682,,2025-08-20,legacy,original base_pd_hint available
2025-10-09,B-TB1OZ6,,Company_B_31,B,North America,0.3959413947487566,0.0181105376834935,,manual review,,86,-0.0182787295370303,,2025-08-20,legacy,original base_pd_hint available
2025-10-10,B-TB1OZ6,-0.0146883708072755,Company_B_31,B,North America,0.3959413947487566,0.0181105376834935,,manual review,,86,0.0022168841621003,,2025-08-20,legacy,original base_pd_hint available
2025-11-03,B-TB1OZ6,-0.0223186919031718,Company_B_31,B,North America,0.3959413947487566,0.0181105376834935,,manual review,,86,-0.0005455947933683,,2025-08-20,legacy,original base_pd_hint available
2025-11-04,B-TB1OZ6,-0.0370095531565899,Company_B_31,B,North America,0.3959413947487566,0.0181105376834935,,manual review,,86,-0.0227663271628853,,2025-08-20,legacy,original base_pd_hint available
2025-11-05,B-TB1OZ6,0.0041991899673968,Company_B_31,B,North America,0.3959413947487566,0.0181105376834935,,manual review,,86,0.0329021640544153,,2025-08-20,legacy,original base_pd_hint available
2025-11-06,B-TB1OZ6,0.0197791970605076,Company_B_31,B,North America,0.3959413947487566,0.0181105376834935,,manual review,,86,0.0261796770562837,,2025-08-20,legacy,original base_pd_hint available
2025-11-07,B-TB1OZ6,0.0055036576304029,Company_B_31,B,North America,0.3959413947487566,0.0181105376834935,,manual review,,86,-0.0026152260671159,,2025-08-20,legacy,original base_pd_hint available
2025-11-10,B-TB1OZ6,-0.0001373110846818,Company_B_31,B,North America,0.3959413947487566,0.0181105376834935,,manual review,,86,-0.0099451696321556,,2025-08-20,legacy,original base_pd_hint available
2025-11-11,B-TB1OZ6,-0.0116782777956682,Company_B_31,B,North America,0.3959413947487566,0.0181105376834935,,manual review,,86,0.0071147820767182,,2025-08-20,legacy,original base_pd_hint available
2025-11-12,B-TB1OZ6,-0.0045782843618009,Company_B_31,B,North America,0.3959413947487566,0.0181105376834935,,manual review,,86,-0.0288607520326152,,2025-08-20,legacy,original base_pd_hint available
2025-12-01,B-TB1OZ6,0.0077537498815324,Company_B_31,B,North America,0.3959413947487566,0.0181105376834935,,manual review,,86,0.0032907517570993,,2025-08-20,legacy,original base_pd_hint available
2025-12-02,B-TB1OZ6,-0.0380749704132953,Company_B_31,B,North America,0.3959413947487566,0.0181105376834935,,manual review,,86,,,2025-08-20,legacy,original base_pd_hint available
2025-12-03,B-TB1OZ6,-0.0155378102055588,Company_B_31,B,North America,0.3959413947487566,0.0181105376834935,,manual review,,86,-0.0108077946280547,,2025-08-20,legacy,original base_pd_hint available
2025-12-04,B-TB1OZ6,0.0198887441851504,Company_B_31,B,North America,0.3959413947487566,0.0181105376834935,,manual review,,86,0.0224254442272963,,2025-08-20,legacy,original base_pd_hint available
2025-12-05,B-TB1OZ6,0.0658026465750766,Company_B_31,B,North America,0.3959413947487566,0.0181105376834935,,manual review,,86,0.0141371876711961,,2025-08-20,legacy,original base_pd_hint available
2025-12-08,B-TB1OZ6,0.0002196961105136,Company_B_31,B,North America,0.3959413947487566,0.0181105376834935,,manual review,,86,0.004564055137615,,2025-08-20,legacy,original base_pd_hint available
2025-12-09,B-TB1OZ6,-0.0457020906039099,Company_B_31,B,North America,0.3959413947487566,0.0181105376834935,,manual review,,86,,,2025-08-20,legacy,original base_pd_hint available
2025-12-10,B-TB1OZ6,0.0213202381485437,Company_B_31,B,North America,0.3959413947487566,0.0181105376834935,,manual review,,86,0.0187045985583545,,2025-08-20,legacy,original base_pd_hint available
2025-12-11,B-TB1OZ6,0.0168376488870849,Company_B_31,B,North America,0.3959413947487566,0.0181105376834935,,manual review,,86,-0.0061635450064645,,2025-08-20,legacy,original base_pd_hint available
2025-12-12,B-TB1OZ6,0.0201515989221542,Company_B_31,B,North America,0.3959413947487566,0.0181105376834935,,manual review,,86,0.0093768957427672,,2025-08-20,legacy,original base_pd_hint available
2025-01-01,B-TWSM8S,-0.0360563226271279,Company_B_12,B,South America,0.5091520178173208,0.0390654396673085,Mid,manual review,legacy,56,-0.0084609808135676,20770176.226030856,2025-01-01,review,original base_pd_hint available
2025-01-02,B-TWSM8S,-0.0177442644787262,Company_B_12,B,South America,0.5091520178173208,0.0390654396673085,Mid,manual review,legacy,56,0.0150606232546089,20770176.226030856,2025-01-01,review,original base_pd_hint available
2025-01-03,B-TWSM8S,-0.0467189951057438,Company_B_12,B,South America,0.5091520178173208,0.0390654396673085,Mid,manual review,legacy,56,-0.0129958013555349,20770176.226030856,2025-01-01,review,original base_pd_hint available
2025-01-06,B-TWSM8S,,Company_B_12,B,South America,0.5091520178173208,0.0390654396673085,Mid,manual review,legacy,56,0.013121934397316,20770176.226030856,2025-01-01,review,original base_pd_hint available
2025-01-07,B-TWSM8S,-0.045063493065232,Company_B_12,B,South America,0.5091520178173208,0.0390654396673085,Mid,manual review,legacy,56,-0.0321310013809564,20770176.226030856,2025-01-01,review,original base_pd_hint available
2025-01-08,B-TWSM8S,0.0155528801945112,Company_B_12,B,South America,0.5091520178173208,0.0390654396673085,Mid,manual review,legacy,56,0.0166518331610165,20770176.226030856,2025-01-01,review,original base_pd_hint available
2025-01-09,B-TWSM8S,-0.0087427309055929,Company_B_12,B,South America,0.5091520178173208,0.0390654396673085,Mid,manual review,legacy,56,-0.0078227017427365,20770176.226030856,2025-01-01,review,original base_pd_hint available
2025-01-10,B-TWSM8S,0.0051641764986314,Company_B_12,B,South America,0.5091520178173208,0.0390654396673085,Mid,manual review,legacy,56,,20770176.226030856,2025-01-01,review,original base_pd_hint available
2025-02-03,B-TWSM8S,-0.0270403466613251,Company_B_12,B,South America,0.5091520178173208,0.0390654396673085,Mid,manual review,legacy,56,-0.0129161605812873,20770176.226030856,2025-01-01,review,original base_pd_hint available
2025-02-04,B-TWSM8S,0.0056951964865656,Company_B_12,B,South America,0.5091520178173208,0.0390654396673085,Mid,manual review,legacy,56,0.0146645598591776,20770176.226030856,2025-01-01,review,original base_pd_hint available
2025-02-05,B-TWSM8S,0.0115895394268099,Company_B_12,B,South America,0.5091520178173208,0.0390654396673085,Mid,manual review,legacy,56,0.0368528512948007,20770176.226030856,2025-01-01,review,original base_pd_hint available
2025-02-06,B-TWSM8S,0.0182161831053293,Company_B_12,B,South America,0.5091520178173208,0.0390654396673085,Mid,manual review,legacy,56,-0.0028169333638068,20770176.226030856,2025-01-01,review,original base_pd_hint available
2025-02-07,B-TWSM8S,-0.0129647762025189,Company_B_12,B,South America,0.5091520178173208,0.0390654396673085,Mid,manual review,legacy,56,0.0037946313290671,20770176.226030856,2025-01-01,review,original base_pd_hint available
2025-02-10,B-TWSM8S,0.068380634724339,Company_B_12,B,South America,0.5091520178173208,0.0390654396673085,Mid,manual review,legacy,56,,20770176.226030856,2025-01-01,review,original base_pd_hint available
2025-02-12,B-TWSM8S,-0.0100984347723245,Company_B_12,B,South America,0.5091520178173208,0.0390654396673085,Mid,manual review,legacy,56,-0.0208527580455251,20770176.226030856,2025-01-01,review,original base_pd_hint available
2025-03-03,B-TWSM8S,0.0192343029143772,Company_B_12,B,South America,0.5091520178173208,0.0390654396673085,Mid,manual review,legacy,56,0.0241394851882321,20770176.226030856,2025-01-01,review,original base_pd_hint available
2025-03-04,B-TWSM8S,0.0273391374847721,Company_B_12,B,South America,0.5091520178173208,0.0390654396673085,Mid,manual review,legacy,56,-0.0101597991216656,20770176.226030856,2025-01-01,review,original base_pd_hint available
2025-03-05,B-TWSM8S,-0.0103506479005192,Company_B_12,B,South America,0.5091520178173208,0.0390654396673085,Mid,manual review,legacy,56,0.0075017569132821,20770176.226030856,2025-01-01,review,original base_pd_hint available
2025-03-06,B-TWSM8S,0.0156746488910878,Company_B_12,B,South America,0.5091520178173208,0.0390654396673085,Mid,manual review,legacy,56,0.0066686231237621,20770176.226030856,2025-01-01,review,original base_pd_hint available
2025-03-07,B-TWSM8S,0.0187666136323118,Company_B_12,B,South America,0.5091520178173208,0.0390654396673085,Mid,manual review,legacy,56,0.0112572342293805,20770176.226030856,2025-01-01,review,original base_pd_hint available
2025-03-10,B-TWSM8S,-0.00120833603059,Company_B_12,B,South America,0.5091520178173208,0.0390654396673085,Mid,manual review,legacy,56,-0.017433239731723,20770176.226030856,2025-01-01,review,original base_pd_hint available
2025-03-11,B-TWSM8S,0.0381635215351042,Company_B_12,B,South America,0.5091520178173208,0.0390654396673085,Mid,manual review,legacy,56,-0.0023939118081542,20770176.226030856,2025-01-01,review,original base_pd_hint available
2025-03-12,B-TWSM8S,-0.0106294410478698,Company_B_12,B,South America,0.5091520178173208,0.0390654396673085,Mid,manual review,legacy,56,0.0319413685846036,20770176.226030856,2025-01-01,review,original base_pd_hint available
2025-04-01,B-TWSM8S,0.0279225643079217,Company_B_12,B,South America,0.5091520178173208,0.0390654396673085,Mid,manual review,legacy,56,0.0115957818789293,20770176.226030856,2025-01-01,review,original base_pd_hint available
2025-04-02,B-TWSM8S,-0.0148286490021103,Company_B_12,B,South America,0.5091520178173208,0.0390654396673085,Mid,manual review,legacy,56,0.0186776451485401,20770176.226030856,2025-01-01,review,original base_pd_hint available
2025-04-03,B-TWSM8S,-0.0107862037627529,Company_B_12,B,South America,0.5091520178173208,0.0390654396673085,Mid,manual review,legacy,56,-0.0037462404383459,20770176.226030856,2025-01-01,review,original base_pd_hint available
2025-04-04,B-TWSM8S,0.012679251705822,Company_B_12,B,South America,0.5091520178173208,0.0390654396673085,Mid,manual review,legacy,56,0.0147203918974813,20770176.226030856,2025-01-01,review,original base_pd_hint available
2025-04-07,B-TWSM8S,0.0448722881516249,Company_B_12,B,South America,0.5091520178173208,0.0390654396673085,Mid,manual review,legacy,56,0.0246663868926757,20770176.226030856,2025-01-01,review,original base_pd_hint available
2025-04-09,B-TWSM8S,-0.0039136845273318,Company_B_12,B,South America,0.5091520178173208,0.0390654396673085,Mid,manual review,legacy,56,-0.0004650774196358,20770176.226030856,2025-01-01,review,original base_pd_hint available
2025-04-10,B-TWSM8S,0.0292391149781088,Company_B_12,B,South America,0.5091520178173208,0.0390654396673085,Mid,manual review,legacy,56,-0.0095558031349188,20770176.226030856,2025-01-01,review,original base_pd_hint available
2025-05-01,B-TWSM8S,-0.0065949556415791,Company_B_12,B,South America,0.5091520178173208,0.0390654396673085,Mid,manual review,legacy,56,0.0140277458538761,20770176.226030856,2025-01-01,review,original base_pd_hint available
2025-05-02,B-TWSM8S,-0.0308671426059382,Company_B_12,B,South America,0.5091520178173208,0.0390654396673085,Mid,manual review,legacy,56,-0.0237675804038153,20770176.226030856,2025-01-01,review,original base_pd_hint available
2025-05-05,B-TWSM8S,0.0376673818426129,Company_B_12,B,South America,0.5091520178173208,0.0390654396673085,Mid,manual review,legacy,56,-0.0102126348852569,20770176.226030856,2025-01-01,review,original base_pd_hint available
2025-05-06,B-TWSM8S,-0.0185211272713545,Company_B_12,B,South America,0.5091520178173208,0.0390654396673085,Mid,manual review,legacy,56,-0.030025691323182,20770176.226030856,2025-01-01,review,original base_pd_hint available
2025-05-07,B-TWSM8S,-0.0330473597491005,Company_B_12,B,South America,0.5091520178173208,0.0390654396673085,Mid,manual review,legacy,56,-0.0045847799145338,20770176.226030856,2025-01-01,review,original base_pd_hint available
2025-05-08,B-TWSM8S,-0.0183958567019921,Company_B_12,B,South America,0.5091520178173208,0.0390654396673085,Mid,manual review,legacy,56,-0.0100549327049622,20770176.226030856,2025-01-01,review,original base_pd_hint available
2025-05-09,B-TWSM8S,8.26707037513072e-05,Company_B_12,B,South America,0.5091520178173208,0.0390654396673085,Mid,manual review,legacy,56,-0.0108788433685402,20770176.226030856,2025-01-01,review,original base_pd_hint available
2025-05-12,B-TWSM8S,0.006405350068194,Company_B_12,B,South America,0.5091520178173208,0.0390654396673085,Mid,manual review,legacy,56,0.013255782941715,20770176.226030856,2025-01-01,review,original base_pd_hint available
2025-06-02,B-TWSM8S,-0.0043297523026212,Company_B_12,B,South America,0.5091520178173208,0.0390654396673085,Mid,manual review,legacy,56,0.0084439877167436,20770176.226030856,2025-01-01,review,original base_pd_hint available
2025-06-03,B-TWSM8S,0.0160929652216701,Company_B_12,B,South America,0.5091520178173208,0.0390654396673085,Mid,manual review,legacy,56,-0.0167736228582782,20770176.226030856,2025-01-01,review,original base_pd_hint available
2025-06-04,B-TWSM8S,-0.0334122831755511,Company_B_12,B,South America,0.5091520178173208,0.0390654396673085,Mid,manual review,legacy,56,-0.0043931427354546,20770176.226030856,2025-01-01,review,original base_pd_hint available
2025-06-05,B-TWSM8S,0.0055728308778414,Company_B_12,B,South America,0.5091520178173208,0.0390654396673085,Mid,manual review,legacy,56,-0.0005637740370175,20770176.226030856,2025-01-01,review,original base_pd_hint available
2025-06-06,B-TWSM8S,-5.252356387958762e-05,Company_B_12,B,South America,0.5091520178173208,0.0390654396673085,Mid,manual review,legacy,56,,20770176.226030856,2025-01-01,review,original base_pd_hint available
2025-06-09,B-TWSM8S,0.0149773285239554,Company_B_12,B,South America,0.5091520178173208,0.0390654396673085,Mid,manual review,legacy,56,0.0184277164951934,20770176.226030856,2025-01-01,review,original base_pd_hint available
2025-06-10,B-TWSM8S,0.0237028062680942,Company_B_12,B,South America,0.5091520178173208,0.0390654396673085,Mid,manual review,legacy,56,0.0077210052577763,20770176.226030856,2025-01-01,review,original base_pd_hint available
2025-06-11,B-TWSM8S,-0.0146316984505732,Company_B_12,B,South America,0.5091520178173208,0.0390654396673085,Mid,manual review,legacy,56,-0.0023309390995482,20770176.226030856,2025-01-01,review,original base_pd_hint available
2025-06-12,B-TWSM8S,-0.0073519320163697,Company_B_12,B,South America,0.5091520178173208,0.0390654396673085,Mid,manual review,legacy,56,0.008891025310106,20770176.226030856,2025-01-01,review,original base_pd_hint available
2025-07-01,B-TWSM8S,0.0155927859008125,Company_B_12,B,South America,0.5091520178173208,0.0390654396673085,Mid,manual review,legacy,56,,20770176.226030856,2025-01-01,review,original base_pd_hint available
2025-07-02,B-TWSM8S,-0.0243010285515911,Company_B_12,B,South America,0.5091520178173208,0.0390654396673085,Mid,manual review,legacy,56,-0.0047848339291268,20770176.226030856,2025-01-01,review,original base_pd_hint available
2025-07-03,B-TWSM8S,-0.0624321007565138,Company_B_12,B,South America,0.5091520178173208,0.0390654396673085,Mid,manual review,legacy,56,-0.0300041296283168,20770176.226030856,2025-01-01,review,original base_pd_hint available
2025-07-04,B-TWSM8S,-0.0008820867377275,Company_B_12,B,South America,0.5091520178173208,0.0390654396673085,Mid,manual review,legacy,56,0.0056822404651326,20770176.226030856,2025-01-01,review,original base_pd_hint available
2025-07-07,B-TWSM8S,-0.0284430431293169,Company_B_12,B,South America,0.5091520178173208,0.0390654396673085,Mid,manual review,legacy,56,-0.0260411084866903,20770176.226030856,2025-01-01,review,original base_pd_hint available
2025-07-08,B-TWSM8S,-0.0147181861063688,Company_B_12,B,South America,0.5091520178173208,0.0390654396673085,Mid,manual review,legacy,56,,20770176.226030856,2025-01-01,review,original base_pd_hint available
2025-07-09,B-TWSM8S,-0.0192607924750733,Company_B_12,B,South America,0.5091520178173208,0.0390654396673085,Mid,manual review,legacy,56,-0.0023271599388046,20770176.226030856,2025-01-01,review,original base_pd_hint available
2025-07-10,B-TWSM8S,-0.0237068125208528,Company_B_12,B,South America,0.5091520178173208,0.0390654396673085,Mid,manual review,legacy,56,,20770176.226030856,2025-01-01,review,original base_pd_hint available
2025-08-01,B-TWSM8S,-0.0081121364215406,Company_B_12,B,South America,0.5091520178173208,0.0390654396673085,Mid,manual review,legacy,56,0.0040039417401903,20770176.226030856,2025-01-01,review,original base_pd_hint available
2025-08-04,B-TWSM8S,-0.0058225670885081,Company_B_12,B,South America,0.5091520178173208,0.0390654396673085,Mid,manual review,legacy,56,0.0114973593521953,20770176.226030856,2025-01-01,review,original base_pd_hint available
2025-08-05,B-TWSM8S,-0.0116814449587214,Company_B_12,B,South America,0.5091520178173208,0.0390654396673085,Mid,manual review,legacy,56,-0.0172789147832154,20770176.226030856,2025-01-01,review,original base_pd_hint available
2025-08-06,B-TWSM8S,-0.0033200599547396,Company_B_12,B,South America,0.5091520178173208,0.0390654396673085,Mid,manual review,legacy,56,0.0002102521817928,20770176.226030856,2025-01-01,review,original base_pd_hint available
2025-08-07,B-TWSM8S,,Company_B_12,B,South America,0.5091520178173208,0.0390654396673085,Mid,manual review,legacy,56,0.0187115199297718,20770176.226030856,2025-01-01,review,original base_pd_hint available
2025-08-08,B-TWSM8S,-0.0108419735246256,Company_B_12,B,South America,0.5091520178173208,0.0390654396673085,Mid,manual review,legacy,56,0.0105064073241729,20770176.226030856,2025-01-01,review,original base_pd_hint available
2025-08-11,B-TWSM8S,-0.0090693064145207,Company_B_12,B,South America,0.5091520178173208,0.0390654396673085,Mid,manual review,legacy,56,-0.0090665158126864,20770176.226030856,2025-01-01,review,original base_pd_hint available
2025-08-12,B-TWSM8S,-0.0156676667154402,Company_B_12,B,South America,0.5091520178173208,0.0390654396673085,Mid,manual review,legacy,56,-0.0015097488640975,20770176.226030856,2025-01-01,review,original base_pd_hint available
2025-09-01,B-TWSM8S,0.0597074941326137,Company_B_12,B,South America,0.5091520178173208,0.0390654396673085,Mid,manual review,legacy,56,-0.0182440765094434,20770176.226030856,2025-01-01,review,original base_pd_hint available
2025-09-02,B-TWSM8S,-0.0319763463996205,Company_B_12,B,South America,0.5091520178173208,0.0390654396673085,Mid,manual review,legacy,56,0.000493033588286,20770176.226030856,2025-01-01,review,original base_pd_hint available
2025-09-03,B-TWSM8S,-0.0137706940173775,Company_B_12,B,South America,0.5091520178173208,0.0390654396673085,Mid,manual review,legacy,56,-0.0130870635919819,20770176.226030856,2025-01-01,review,original base_pd_hint available
2025-09-04,B-TWSM8S,-0.0034478663940369,Company_B_12,B,South America,0.5091520178173208,0.0390654396673085,Mid,manual review,legacy,56,0.0003558120086072,20770176.226030856,2025-01-01,review,original base_pd_hint available
2025-09-08,B-TWSM8S,-0.0201552464588567,Company_B_12,B,South America,0.5091520178173208,0.0390654396673085,Mid,manual review,legacy,56,0.0023920822452534,20770176.226030856,2025-01-01,review,original base_pd_hint available
2025-09-10,B-TWSM8S,-0.0535838519181699,Company_B_12,B,South America,0.5091520178173208,0.0390654396673085,Mid,manual review,legacy,56,-0.0320681829492234,20770176.226030856,2025-01-01,review,original base_pd_hint available
2025-09-11,B-TWSM8S,0.0024375621323062,Company_B_12,B,South America,0.5091520178173208,0.0390654396673085,Mid,manual review,legacy,56,-0.0042222927259599,20770176.226030856,2025-01-01,review,original base_pd_hint available
2025-09-12,B-TWSM8S,0.0076342932465472,Company_B_12,B,South America,0.5091520178173208,0.0390654396673085,Mid,manual review,legacy,56,0.0046539284908583,20770176.226030856,2025-01-01,review,original base_pd_hint available
2025-10-01,B-TWSM8S,0.0450352060517624,Company_B_12,B,South America,0.5091520178173208,0.0390654396673085,Mid,manual review,legacy,56,,20770176.226030856,2025-01-01,review,original base_pd_hint available
2025-10-02,B-TWSM8S,-0.0236688056660665,Company_B_12,B,South America,0.5091520178173208,0.0390654396673085,Mid,manual review,legacy,56,-0.0139835436674951,20770176.226030856,2025-01-01,review,original base_pd_hint available
2025-10-03,B-TWSM8S,0.0064008012201401,Company_B_12,B,South America,0.5091520178173208,0.0390654396673085,Mid,manual review,legacy,56,0.0012570528124232,20770176.226030856,2025-01-01,review,original base_pd_hint available
2025-10-06,B-TWSM8S,0.0253068353600732,Company_B_12,B,South America,0.5091520178173208,0.0390654396673085,Mid,manual review,legacy,56,0.0191824545318301,20770176.226030856,2025-01-01,review,original base_pd_hint available
2025-10-08,B-TWSM8S,-0.0084636354409066,Company_B_12,B,South America,0.5091520178173208,0.0390654396673085,Mid,manual review,legacy,56,-0.0126125562157682,20770176.226030856,2025-01-01,review,original base_pd_hint available
2025-10-09,B-TWSM8S,0.0101009635464324,Company_B_12,B,South America,0.5091520178173208,0.0390654396673085,Mid,manual review,legacy,56,-0.0182787295370303,20770176.226030856,2025-01-01,review,original base_pd_hint available
2025-10-10,B-TWSM8S,-0.0367055871297774,Company_B_12,B,South America,0.5091520178173208,0.0390654396673085,Mid,manual review,legacy,56,0.0022168841621003,20770176.226030856,2025-01-01,review,original base_pd_hint available
2025-11-04,B-TWSM8S,-0.0495011694650517,Company_B_12,B,South America,0.5091520178173208,0.0390654396673085,Mid,manual review,legacy,56,-0.0227663271628853,20770176.226030856,2025-01-01,review,original base_pd_hint available
2025-11-05,B-TWSM8S,0.039843813388728,Company_B_12,B,South America,0.5091520178173208,0.0390654396673085,Mid,manual review,legacy,56,0.0329021640544153,20770176.226030856,2025-01-01,review,original base_pd_hint available
2025-11-06,B-TWSM8S,0.0408475487342365,Company_B_12,B,South America,0.5091520178173208,0.0390654396673085,Mid,manual review,legacy,56,0.0261796770562837,20770176.226030856,2025-01-01,review,original base_pd_hint available
2025-11-07,B-TWSM8S,0.0012861185266461,Company_B_12,B,South America,0.5091520178173208,0.0390654396673085,Mid,manual review,legacy,56,-0.0026152260671159,20770176.226030856,2025-01-01,review,original base_pd_hint available
2025-11-10,B-TWSM8S,-0.0045093981288564,Company_B_12,B,South America,0.5091520178173208,0.0390654396673085,Mid,manual review,legacy,56,-0.0099451696321556,20770176.226030856,2025-01-01,review,original base_pd_hint available
2025-11-11,B-TWSM8S,-0.0162950138771434,Company_B_12,B,South America,0.5091520178173208,0.0390654396673085,Mid,manual review,legacy,56,0.0071147820767182,20770176.226030856,2025-01-01,review,original base_pd_hint available
2025-12-01,B-TWSM8S,,Company_B_12,B,South America,0.5091520178173208,0.0390654396673085,Mid,manual review,legacy,56,0.0032907517570993,20770176.226030856,2025-01-01,review,original base_pd_hint available
2025-12-02,B-TWSM8S,-0.0451416492899922,Company_B_12,B,South America,0.5091520178173208,0.0390654396673085,Mid,manual review,legacy,56,,20770176.226030856,2025-01-01,review,original base_pd_hint available
2025-12-03,B-TWSM8S,-0.0079106430234431,Company_B_12,B,South America,0.5091520178173208,0.0390654396673085,Mid,manual review,legacy,56,-0.0108077946280547,20770176.226030856,2025-01-01,review,original base_pd_hint available
2025-12-04,B-TWSM8S,-0.0298090080384491,Company_B_12,B,South America,0.5091520178173208,0.0390654396673085,Mid,manual review,legacy,56,0.0224254442272963,20770176.226030856,2025-01-01,review,original base_pd_hint available
2025-12-08,B-TWSM8S,,Company_B_12,B,South America,0.5091520178173208,0.0390654396673085,Mid,manual review,legacy,56,0.004564055137615,20770176.226030856,2025-01-01,review,original base_pd_hint available
2025-12-09,B-TWSM8S,-0.0050404423077356,Company_B_12,B,South America,0.5091520178173208,0.0390654396673085,Mid,manual review,legacy,56,,20770176.226030856,2025-01-01,review,original base_pd_hint available
2025-12-10,B-TWSM8S,0.0421334442846022,Company_B_12,B,South America,0.5091520178173208,0.0390654396673085,Mid,manual review,legacy,56,0.0187045985583545,20770176.226030856,2025-01-01,review,original base_pd_hint available
2025-12-11,B-TWSM8S,0.0131976766466189,Company_B_12,B,South America,0.5091520178173208,0.0390654396673085,Mid,manual review,legacy,56,-0.0061635450064645,20770176.226030856,2025-01-01,review,original base_pd_hint available
2025-12-12,B-TWSM8S,-0.0139771884160086,Company_B_12,B,South America,0.5091520178173208,0.0390654396673085,Mid,manual review,legacy,56,0.0093768957427672,20770176.226030856,2025-01-01,review,original base_pd_hint available
2025-05-07,B-TZJXP7,-0.0075802946678602,Company_B_08,B,Europe,0.4868862469796655,0.037441431258324,Mid,watchlist,core,20,-0.0045847799145338,30813029.8054204,2025-05-07,,original base_pd_hint available
2025-05-08,B-TZJXP7,-0.02678943805044,Company_B_08,B,Europe,0.4868862469796655,0.037441431258324,Mid,watchlist,core,20,-0.0100549327049622,30813029.8054204,2025-05-07,,original base_pd_hint available
2025-05-09,B-TZJXP7,0.0125022960870226,Company_B_08,B,Europe,0.4868862469796655,0.037441431258324,Mid,watchlist,core,20,-0.0108788433685402,30813029.8054204,2025-05-07,,original base_pd_hint available
2025-05-12,B-TZJXP7,-0.0279777007527572,Company_B_08,B,Europe,0.4868862469796655,0.037441431258324,Mid,watchlist,core,20,0.013255782941715,30813029.8054204,2025-05-07,,original base_pd_hint available
2025-06-02,B-TZJXP7,-0.0036775503101652,Company_B_08,B,Europe,0.4868862469796655,0.037441431258324,Mid,watchlist,core,20,0.0084439877167436,30813029.8054204,2025-05-07,,original base_pd_hint available
2025-06-03,B-TZJXP7,-0.0046152307045628,Company_B_08,B,Europe,0.4868862469796655,0.037441431258324,Mid,watchlist,core,20,-0.0167736228582782,30813029.8054204,2025-05-07,,original base_pd_hint available
2025-06-04,B-TZJXP7,-0.0168788530345418,Company_B_08,B,Europe,0.4868862469796655,0.037441431258324,Mid,watchlist,core,20,-0.0043931427354546,30813029.8054204,2025-05-07,,original base_pd_hint available
2025-06-05,B-TZJXP7,-0.0208906965211793,Company_B_08,B,Europe,0.4868862469796655,0.037441431258324,Mid,watchlist,core,20,-0.0005637740370175,30813029.8054204,2025-05-07,,original base_pd_hint available
2025-06-06,B-TZJXP7,0.0240894782638205,Company_B_08,B,Europe,0.4868862469796655,0.037441431258324,Mid,watchlist,core,20,,30813029.8054204,2025-05-07,,original base_pd_hint available
2025-06-09,B-TZJXP7,-0.0121884466469262,Company_B_08,B,Europe,0.4868862469796655,0.037441431258324,Mid,watchlist,core,20,0.0184277164951934,30813029.8054204,2025-05-07,,original base_pd_hint available
2025-06-10,B-TZJXP7,0.0023416834671946,Company_B_08,B,Europe,0.4868862469796655,0.037441431258324,Mid,watchlist,core,20,0.0077210052577763,30813029.8054204,2025-05-07,,original base_pd_hint available
2025-06-12,B-TZJXP7,0.0111980489266662,Company_B_08,B,Europe,0.4868862469796655,0.037441431258324,Mid,watchlist,core,20,0.008891025310106,30813029.8054204,2025-05-07,,original base_pd_hint available
2025-07-01,B-TZJXP7,0.0281988869923905,Company_B_08,B,Europe,0.4868862469796655,0.037441431258324,Mid,watchlist,core,20,,30813029.8054204,2025-05-07,,original base_pd_hint available
2025-07-02,B-TZJXP7,0.0036211702866884,Company_B_08,B,Europe,0.4868862469796655,0.037441431258324,Mid,watchlist,core,20,-0.0047848339291268,30813029.8054204,2025-05-07,,original base_pd_hint available
2025-07-03,B-TZJXP7,-0.0708260095234092,Company_B_08,B,Europe,0.4868862469796655,0.037441431258324,Mid,watchlist,core,20,-0.0300041296283168,30813029.8054204,2025-05-07,,original base_pd_hint available
2025-07-04,B-TZJXP7,0.0169680952373969,Company_B_08,B,Europe,0.4868862469796655,0.037441431258324,Mid,watchlist,core,20,0.0056822404651326,30813029.8054204,2025-05-07,,original base_pd_hint available
2025-07-07,B-TZJXP7,-0.0449895288983571,Company_B_08,B,Europe,0.4868862469796655,0.037441431258324,Mid,watchlist,core,20,-0.0260411084866903,30813029.8054204,2025-05-07,,original base_pd_hint available
2025-07-08,B-TZJXP7,0.0177479905509019,Company_B_08,B,Europe,0.4868862469796655,0.037441431258324,Mid,watchlist,core,20,,30813029.8054204,2025-05-07,,original base_pd_hint available
2025-07-09,B-TZJXP7,0.0068567970391559,Company_B_08,B,Europe,0.4868862469796655,0.037441431258324,Mid,watchlist,core,20,-0.0023271599388046,30813029.8054204,2025-05-07,,original base_pd_hint available
2025-07-10,B-TZJXP7,0.0101654199029986,Company_B_08,B,Europe,0.4868862469796655,0.037441431258324,Mid,watchlist,core,20,,30813029.8054204,2025-05-07,,original base_pd_hint available
2025-07-11,B-TZJXP7,-0.025160834585001,Company_B_08,B,Europe,0.4868862469796655,0.037441431258324,Mid,watchlist,core,20,-0.0120507403461468,30813029.8054204,2025-05-07,,original base_pd_hint available
2025-08-01,B-TZJXP7,-0.0149212811530712,Company_B_08,B,Europe,0.4868862469796655,0.037441431258324,Mid,watchlist,core,20,0.0040039417401903,30813029.8054204,2025-05-07,,original base_pd_hint available
2025-08-04,B-TZJXP7,-0.0265339448839156,Company_B_08,B,Europe,0.4868862469796655,0.037441431258324,Mid,watchlist,core,20,0.0114973593521953,30813029.8054204,2025-05-07,,original base_pd_hint available
2025-08-05,B-TZJXP7,-0.0337926414871089,Company_B_08,B,Europe,0.4868862469796655,0.037441431258324,Mid,watchlist,core,20,-0.0172789147832154,30813029.8054204,2025-05-07,,original base_pd_hint available
2025-08-06,B-TZJXP7,-0.0134543785166295,Company_B_08,B,Europe,0.4868862469796655,0.037441431258324,Mid,watchlist,core,20,0.0002102521817928,30813029.8054204,2025-05-07,,original base_pd_hint available
2025-08-07,B-TZJXP7,-0.0365140875581395,Company_B_08,B,Europe,0.4868862469796655,0.037441431258324,Mid,watchlist,core,20,0.0187115199297718,30813029.8054204,2025-05-07,,original base_pd_hint available
2025-08-08,B-TZJXP7,-0.0090480324741863,Company_B_08,B,Europe,0.4868862469796655,0.037441431258324,Mid,watchlist,core,20,0.0105064073241729,30813029.8054204,2025-05-07,,original base_pd_hint available
2025-08-11,B-TZJXP7,-0.026856839552135,Company_B_08,B,Europe,0.4868862469796655,0.037441431258324,Mid,watchlist,core,20,-0.0090665158126864,30813029.8054204,2025-05-07,,original base_pd_hint available
2025-08-12,B-TZJXP7,-0.0008803167400018,Company_B_08,B,Europe,0.4868862469796655,0.037441431258324,Mid,watchlist,core,20,-0.0015097488640975,30813029.8054204,2025-05-07,,original base_pd_hint available
2025-09-01,B-TZJXP7,-0.0181347815243855,Company_B_08,B,Europe,0.4868862469796655,0.037441431258324,Mid,watchlist,core,20,-0.0182440765094434,30813029.8054204,2025-05-07,,original base_pd_hint available
2025-09-02,B-TZJXP7,0.0130760153573899,Company_B_08,B,Europe,0.4868862469796655,0.037441431258324,Mid,watchlist,core,20,0.000493033588286,30813029.8054204,2025-05-07,,original base_pd_hint available
2025-09-03,B-TZJXP7,-0.020724091425915,Company_B_08,B,Europe,0.4868862469796655,0.037441431258324,Mid,watchlist,core,20,-0.0130870635919819,30813029.8054204,2025-05-07,,original base_pd_hint available
2025-09-04,B-TZJXP7,0.0257319570788655,Company_B_08,B,Europe,0.4868862469796655,0.037441431258324,Mid,watchlist,core,20,0.0003558120086072,30813029.8054204,2025-05-07,,original base_pd_hint available
2025-09-05,B-TZJXP7,0.0306612612257917,Company_B_08,B,Europe,0.4868862469796655,0.037441431258324,Mid,watchlist,core,20,-0.0087005818517411,30813029.8054204,2025-05-07,,original base_pd_hint available
2025-09-08,B-TZJXP7,-0.0171738734355346,Company_B_08,B,Europe,0.4868862469796655,0.037441431258324,Mid,watchlist,core,20,0.0023920822452534,30813029.8054204,2025-05-07,,original base_pd_hint available
2025-09-09,B-TZJXP7,0.0237623568911043,Company_B_08,B,Europe,0.4868862469796655,0.037441431258324,Mid,watchlist,core,20,-0.0026480819129213,30813029.8054204,2025-05-07,,original base_pd_hint available
2025-09-10,B-TZJXP7,-0.0292550728767248,Company_B_08,B,Europe,0.4868862469796655,0.037441431258324,Mid,watchlist,core,20,-0.0320681829492234,30813029.8054204,2025-05-07,,original base_pd_hint available
2025-09-12,B-TZJXP7,0.0012421822327426,Company_B_08,B,Europe,0.4868862469796655,0.037441431258324,Mid,watchlist,core,20,0.0046539284908583,30813029.8054204,2025-05-07,,original base_pd_hint available
2025-10-01,B-TZJXP7,-0.0472070507715369,Company_B_08,B,Europe,0.4868862469796655,0.037441431258324,Mid,watchlist,core,20,,30813029.8054204,2025-05-07,,original base_pd_hint available
2025-10-02,B-TZJXP7,0.0507688105082891,Company_B_08,B,Europe,0.4868862469796655,0.037441431258324,Mid,watchlist,core,20,-0.0139835436674951,30813029.8054204,2025-05-07,,original base_pd_hint available
2025-10-03,B-TZJXP7,0.0013877232604694,Company_B_08,B,Europe,0.4868862469796655,0.037441431258324,Mid,watchlist,core,20,0.0012570528124232,30813029.8054204,2025-05-07,,original base_pd_hint available
2025-10-06,B-TZJXP7,0.0547008301055176,Company_B_08,B,Europe,0.4868862469796655,0.037441431258324,Mid,watchlist,core,20,0.0191824545318301,30813029.8054204,2025-05-07,,original base_pd_hint available
2025-10-07,B-TZJXP7,-0.0245682767474592,Company_B_08,B,Europe,0.4868862469796655,0.037441431258324,Mid,watchlist,core,20,-0.0315562534880117,30813029.8054204,2025-05-07,,original base_pd_hint available
2025-10-08,B-TZJXP7,-0.0342475660745003,Company_B_08,B,Europe,0.4868862469796655,0.037441431258324,Mid,watchlist,core,20,-0.0126125562157682,30813029.8054204,2025-05-07,,original base_pd_hint available
2025-10-09,B-TZJXP7,-0.012181912498531,Company_B_08,B,Europe,0.4868862469796655,0.037441431258324,Mid,watchlist,core,20,-0.0182787295370303,30813029.8054204,2025-05-07,,original base_pd_hint available
2025-10-10,B-TZJXP7,-0.0302911598126674,Company_B_08,B,Europe,0.4868862469796655,0.037441431258324,Mid,watchlist,core,20,0.0022168841621003,30813029.8054204,2025-05-07,,original base_pd_hint available
2025-11-03,B-TZJXP7,-0.0145171488352606,Company_B_08,B,Europe,0.4868862469796655,0.037441431258324,Mid,watchlist,core,20,-0.0005455947933683,30813029.8054204,2025-05-07,,original base_pd_hint available
2025-11-04,B-TZJXP7,-0.0378527307896408,Company_B_08,B,Europe,0.4868862469796655,0.037441431258324,Mid,watchlist,core,20,-0.0227663271628853,30813029.8054204,2025-05-07,,original base_pd_hint available
2025-11-05,B-TZJXP7,0.0554390381051835,Company_B_08,B,Europe,0.4868862469796655,0.037441431258324,Mid,watchlist,core,20,0.0329021640544153,30813029.8054204,2025-05-07,,original base_pd_hint available
2025-11-06,B-TZJXP7,0.0295999947146247,Company_B_08,B,Europe,0.4868862469796655,0.037441431258324,Mid,watchlist,core,20,0.0261796770562837,30813029.8054204,2025-05-07,,original base_pd_hint available
2025-11-07,B-TZJXP7,-0.0254310398433176,Company_B_08,B,Europe,0.4868862469796655,0.037441431258324,Mid,watchlist,core,20,-0.0026152260671159,30813029.8054204,2025-05-07,,original base_pd_hint available
2025-11-11,B-TZJXP7,0.0044146447279853,Company_B_08,B,Europe,0.4868862469796655,0.037441431258324,Mid,watchlist,core,20,0.0071147820767182,30813029.8054204,2025-05-07,,original base_pd_hint available
2025-11-12,B-TZJXP7,-0.0461929078481686,Company_B_08,B,Europe,0.4868862469796655,0.037441431258324,Mid,watchlist,core,20,-0.0288607520326152,30813029.8054204,2025-05-07,,original base_pd_hint available
2025-12-01,B-TZJXP7,-0.0029004921892505,Company_B_08,B,Europe,0.4868862469796655,0.037441431258324,Mid,watchlist,core,20,0.0032907517570993,30813029.8054204,2025-05-07,,original base_pd_hint available
2025-12-02,B-TZJXP7,-0.0309443918136699,Company_B_08,B,Europe,0.4868862469796655,0.037441431258324,Mid,watchlist,core,20,,30813029.8054204,2025-05-07,,original base_pd_hint available
2025-12-03,B-TZJXP7,-0.028208263680332,Company_B_08,B,Europe,0.4868862469796655,0.037441431258324,Mid,watchlist,core,20,-0.0108077946280547,30813029.8054204,2025-05-07,,original base_pd_hint available
2025-12-04,B-TZJXP7,0.0414264202409918,Company_B_08,B,Europe,0.4868862469796655,0.037441431258324,Mid,watchlist,core,20,0.0224254442272963,30813029.8054204,2025-05-07,,original base_pd_hint available
2025-12-05,B-TZJXP7,-0.009164908760643,Company_B_08,B,Europe,0.4868862469796655,0.037441431258324,Mid,watchlist,core,20,0.0141371876711961,30813029.8054204,2025-05-07,,original base_pd_hint available
2025-12-08,B-TZJXP7,-0.0014473030049543,Company_B_08,B,Europe,0.4868862469796655,0.037441431258324,Mid,watchlist,core,20,0.004564055137615,30813029.8054204,2025-05-07,,original base_pd_hint available
2025-12-09,B-TZJXP7,-1.2803168732242404e-05,Company_B_08,B,Europe,0.4868862469796655,0.037441431258324,Mid,watchlist,core,20,,30813029.8054204,2025-05-07,,original base_pd_hint available
2025-12-11,B-TZJXP7,-0.0301366284417335,Company_B_08,B,Europe,0.4868862469796655,0.037441431258324,Mid,watchlist,core,20,-0.0061635450064645,30813029.8054204,2025-05-07,,original base_pd_hint available
2025-12-12,B-TZJXP7,0.007569039795832,Company_B_08,B,Europe,0.4868862469796655,0.037441431258324,Mid,watchlist,core,20,0.0093768957427672,30813029.8054204,2025-05-07,,original base_pd_hint available
2025-06-02,B-VQT2JW,0.0075403002032761,Company_B_07,B,South America,0.5361921853928844,0.0442446315886971,Mid,manual review,satellite,62,0.0084439877167436,10857774.987546274,2025-05-21,,original base_pd_hint available
2025-06-03,B-VQT2JW,-0.0043740503892323,Company_B_07,B,South America,0.5361921853928844,0.0442446315886971,Mid,manual review,satellite,62,-0.0167736228582782,10857774.987546274,2025-05-21,,original base_pd_hint available
2025-06-04,B-VQT2JW,0.029718997915924,Company_B_07,B,South America,0.5361921853928844,0.0442446315886971,Mid,manual review,satellite,62,-0.0043931427354546,10857774.987546274,2025-05-21,,original base_pd_hint available
2025-06-05,B-VQT2JW,0.0092852383176542,Company_B_07,B,South America,0.5361921853928844,0.0442446315886971,Mid,manual review,satellite,62,-0.0005637740370175,10857774.987546274,2025-05-21,,original base_pd_hint available
2025-06-06,B-VQT2JW,0.0245000159429269,Company_B_07,B,South America,0.5361921853928844,0.0442446315886971,Mid,manual review,satellite,62,,10857774.987546274,2025-05-21,,original base_pd_hint available
2025-06-09,B-VQT2JW,0.0040167958544666,Company_B_07,B,South America,0.5361921853928844,0.0442446315886971,Mid,manual review,satellite,62,0.0184277164951934,10857774.987546274,2025-05-21,,original base_pd_hint available
2025-06-10,B-VQT2JW,-0.0269890053318972,Company_B_07,B,South America,0.5361921853928844,0.0442446315886971,Mid,manual review,satellite,62,0.0077210052577763,10857774.987546274,2025-05-21,,original base_pd_hint available
2025-06-11,B-VQT2JW,0.0083405630872128,Company_B_07,B,South America,0.5361921853928844,0.0442446315886971,Mid,manual review,satellite,62,-0.0023309390995482,10857774.987546274,2025-05-21,,original base_pd_hint available
2025-06-12,B-VQT2JW,0.0202174499207951,Company_B_07,B,South America,0.5361921853928844,0.0442446315886971,Mid,manual review,satellite,62,0.008891025310106,10857774.987546274,2025-05-21,,original base_pd_hint available
2025-07-01,B-VQT2JW,0.019392866027225,Company_B_07,B,South America,0.5361921853928844,0.0442446315886971,Mid,manual review,satellite,62,,10857774.987546274,2025-05-21,,original base_pd_hint available
2025-07-02,B-VQT2JW,-0.0037935893759989,Company_B_07,B,South America,0.5361921853928844,0.0442446315886971,Mid,manual review,satellite,62,-0.0047848339291268,10857774.987546274,2025-05-21,,original base_pd_hint available
2025-07-03,B-VQT2JW,-0.073063670876947,Company_B_07,B,South America,0.5361921853928844,0.0442446315886971,Mid,manual review,satellite,62,-0.0300041296283168,10857774.987546274,2025-05-21,,original base_pd_hint available
2025-07-04,B-VQT2JW,0.0047770785373772,Company_B_07,B,South America,0.5361921853928844,0.0442446315886971,Mid,manual review,satellite,62,0.0056822404651326,10857774.987546274,2025-05-21,,original base_pd_hint available
2025-07-07,B-VQT2JW,-0.0506676702429921,Company_B_07,B,South America,0.5361921853928844,0.0442446315886971,Mid,manual review,satellite,62,-0.0260411084866903,10857774.987546274,2025-05-21,,original base_pd_hint available
2025-07-08,B-VQT2JW,0.0084897260489367,Company_B_07,B,South America,0.5361921853928844,0.0442446315886971,Mid,manual review,satellite,62,,10857774.987546274,2025-05-21,,original base_pd_hint available
2025-07-09,B-VQT2JW,0.004619612425038,Company_B_07,B,South America,0.5361921853928844,0.0442446315886971,Mid,manual review,satellite,62,-0.0023271599388046,10857774.987546274,2025-05-21,,original base_pd_hint available
2025-07-10,B-VQT2JW,-0.0036832322014166,Company_B_07,B,South America,0.5361921853928844,0.0442446315886971,Mid,manual review,satellite,62,,10857774.987546274,2025-05-21,,original base_pd_hint available
2025-07-11,B-VQT2JW,-0.0030067632710235,Company_B_07,B,South America,0.5361921853928844,0.0442446315886971,Mid,manual review,satellite,62,-0.0120507403461468,10857774.987546274,2025-05-21,,original base_pd_hint available
2025-08-01,B-VQT2JW,-0.0013235821742044,Company_B_07,B,South America,0.5361921853928844,0.0442446315886971,Mid,manual review,satellite,62,0.0040039417401903,10857774.987546274,2025-05-21,,original base_pd_hint available
2025-08-04,B-VQT2JW,-0.0159094756447744,Company_B_07,B,South America,0.5361921853928844,0.0442446315886971,Mid,manual review,satellite,62,0.0114973593521953,10857774.987546274,2025-05-21,,original base_pd_hint available
2025-08-05,B-VQT2JW,0.0330546226076244,Company_B_07,B,South America,0.5361921853928844,0.0442446315886971,Mid,manual review,satellite,62,-0.0172789147832154,10857774.987546274,2025-05-21,,original base_pd_hint available
2025-08-07,B-VQT2JW,-0.0177396540345433,Company_B_07,B,South America,0.5361921853928844,0.0442446315886971,Mid,manual review,satellite,62,0.0187115199297718,10857774.987546274,2025-05-21,,original base_pd_hint available
2025-08-08,B-VQT2JW,0.0164767282401657,Company_B_07,B,South America,0.5361921853928844,0.0442446315886971,Mid,manual review,satellite,62,0.0105064073241729,10857774.987546274,2025-05-21,,original base_pd_hint available
2025-08-11,B-VQT2JW,0.0008331261806381,Company_B_07,B,South America,0.5361921853928844,0.0442446315886971,Mid,manual review,satellite,62,-0.0090665158126864,10857774.987546274,2025-05-21,,original base_pd_hint available
2025-08-12,B-VQT2JW,0.0087184987992964,Company_B_07,B,South America,0.5361921853928844,0.0442446315886971,Mid,manual review,satellite,62,-0.0015097488640975,10857774.987546274,2025-05-21,,original base_pd_hint available
2025-09-01,B-VQT2JW,0.0145430263211132,Company_B_07,B,South America,0.5361921853928844,0.0442446315886971,Mid,manual review,satellite,62,-0.0182440765094434,10857774.987546274,2025-05-21,,original base_pd_hint available
2025-09-02,B-VQT2JW,0.0065083402499338,Company_B_07,B,South America,0.5361921853928844,0.0442446315886971,Mid,manual review,satellite,62,0.000493033588286,10857774.987546274,2025-05-21,,original base_pd_hint available
2025-09-03,B-VQT2JW,,Company_B_07,B,South America,0.5361921853928844,0.0442446315886971,Mid,manual review,satellite,62,-0.0130870635919819,10857774.987546274,2025-05-21,,original base_pd_hint available
2025-09-04,B-VQT2JW,0.0099434322915563,Company_B_07,B,South America,0.5361921853928844,0.0442446315886971,Mid,manual review,satellite,62,0.0003558120086072,10857774.987546274,2025-05-21,,original base_pd_hint available
2025-09-05,B-VQT2JW,-0.0031547249233835,Company_B_07,B,South America,0.5361921853928844,0.0442446315886971,Mid,manual review,satellite,62,-0.0087005818517411,10857774.987546274,2025-05-21,,original base_pd_hint available
2025-09-08,B-VQT2JW,0.0016420863661658,Company_B_07,B,South America,0.5361921853928844,0.0442446315886971,Mid,manual review,satellite,62,0.0023920822452534,10857774.987546274,2025-05-21,,original base_pd_hint available
2025-09-09,B-VQT2JW,-0.0039295925968839,Company_B_07,B,South America,0.5361921853928844,0.0442446315886971,Mid,manual review,satellite,62,-0.0026480819129213,10857774.987546274,2025-05-21,,original base_pd_hint available
2025-09-10,B-VQT2JW,-0.0503533332467826,Company_B_07,B,South America,0.5361921853928844,0.0442446315886971,Mid,manual review,satellite,62,-0.0320681829492234,10857774.987546274,2025-05-21,,original base_pd_hint available
2025-09-11,B-VQT2JW,-0.042638519098191,Company_B_07,B,South America,0.5361921853928844,0.0442446315886971,Mid,manual review,satellite,62,-0.0042222927259599,10857774.987546274,2025-05-21,,original base_pd_hint available
2025-09-12,B-VQT2JW,0.0535923619177467,Company_B_07,B,South America,0.5361921853928844,0.0442446315886971,Mid,manual review,satellite,62,0.0046539284908583,10857774.987546274,2025-05-21,,original base_pd_hint available
2025-10-01,B-VQT2JW,-0.0100027721685228,Company_B_07,B,South America,0.5361921853928844,0.0442446315886971,Mid,manual review,satellite,62,,10857774.987546274,2025-05-21,,original base_pd_hint available
2025-10-02,B-VQT2JW,-0.0308436222220163,Company_B_07,B,South America,0.5361921853928844,0.0442446315886971,Mid,manual review,satellite,62,-0.0139835436674951,10857774.987546274,2025-05-21,,original base_pd_hint available
2025-10-03,B-VQT2JW,-0.0022455550888175,Company_B_07,B,South America,0.5361921853928844,0.0442446315886971,Mid,manual review,satellite,62,0.0012570528124232,10857774.987546274,2025-05-21,,original base_pd_hint available
2025-10-06,B-VQT2JW,-0.0258640524350168,Company_B_07,B,South America,0.5361921853928844,0.0442446315886971,Mid,manual review,satellite,62,0.0191824545318301,10857774.987546274,2025-05-21,,original base_pd_hint available
2025-10-07,B-VQT2JW,-0.0042151607272365,Company_B_07,B,South America,0.5361921853928844,0.0442446315886971,Mid,manual review,satellite,62,-0.0315562534880117,10857774.987546274,2025-05-21,,original base_pd_hint available
2025-10-08,B-VQT2JW,-0.04070293736989,Company_B_07,B,South America,0.5361921853928844,0.0442446315886971,Mid,manual review,satellite,62,-0.0126125562157682,10857774.987546274,2025-05-21,,original base_pd_hint available
2025-10-09,B-VQT2JW,-0.0341896020798026,Company_B_07,B,South America,0.5361921853928844,0.0442446315886971,Mid,manual review,satellite,62,-0.0182787295370303,10857774.987546274,2025-05-21,,original base_pd_hint available
2025-10-10,B-VQT2JW,0.003839110942091,Company_B_07,B,South America,0.5361921853928844,0.0442446315886971,Mid,manual review,satellite,62,0.0022168841621003,10857774.987546274,2025-05-21,,original base_pd_hint available
2025-11-03,B-VQT2JW,-0.0095118270781708,Company_B_07,B,South America,0.5361921853928844,0.0442446315886971,Mid,manual review,satellite,62,-0.0005455947933683,10857774.987546274,2025-05-21,,original base_pd_hint available
2025-11-04,B-VQT2JW,-0.0303149880316019,Company_B_07,B,South America,0.5361921853928844,0.0442446315886971,Mid,manual review,satellite,62,-0.0227663271628853,10857774.987546274,2025-05-21,,original base_pd_hint available
2025-11-05,B-VQT2JW,0.0265065228433206,Company_B_07,B,South America,0.5361921853928844,0.0442446315886971,Mid,manual review,satellite,62,0.0329021640544153,10857774.987546274,2025-05-21,,original base_pd_hint available
2025-11-06,B-VQT2JW,0.0353708180347802,Company_B_07,B,South America,0.5361921853928844,0.0442446315886971,Mid,manual review,satellite,62,0.0261796770562837,10857774.987546274,2025-05-21,,original base_pd_hint available
2025-11-07,B-VQT2JW,-0.0252038896120768,Company_B_07,B,South America,0.5361921853928844,0.0442446315886971,Mid,manual review,satellite,62,-0.0026152260671159,10857774.987546274,2025-05-21,,original base_pd_hint available
2025-11-10,B-VQT2JW,0.012117648340685,Company_B_07,B,South America,0.5361921853928844,0.0442446315886971,Mid,manual review,satellite,62,-0.0099451696321556,10857774.987546274,2025-05-21,,original base_pd_hint available
2025-11-12,B-VQT2JW,0.0224195159645614,Company_B_07,B,South America,0.5361921853928844,0.0442446315886971,Mid,manual review,satellite,62,-0.0288607520326152,10857774.987546274,2025-05-21,,original base_pd_hint available
2025-12-01,B-VQT2JW,-0.0393575697178665,Company_B_07,B,South America,0.5361921853928844,0.0442446315886971,Mid,manual review,satellite,62,0.0032907517570993,10857774.987546274,2025-05-21,,original base_pd_hint available
2025-12-02,B-VQT2JW,-0.0048389415879261,Company_B_07,B,South America,0.5361921853928844,0.0442446315886971,Mid,manual review,satellite,62,,10857774.987546274,2025-05-21,,original base_pd_hint available
2025-12-03,B-VQT2JW,0.0170639015659727,Company_B_07,B,South America,0.5361921853928844,0.0442446315886971,Mid,manual review,satellite,62,-0.0108077946280547,10857774.987546274,2025-05-21,,original base_pd_hint available
2025-12-04,B-VQT2JW,0.0508052393723827,Company_B_07,B,South America,0.5361921853928844,0.0442446315886971,Mid,manual review,satellite,62,0.0224254442272963,10857774.987546274,2025-05-21,,original base_pd_hint available
2025-12-05,B-VQT2JW,0.0049150630884388,Company_B_07,B,South America,0.5361921853928844,0.0442446315886971,Mid,manual review,satellite,62,0.0141371876711961,10857774.987546274,2025-05-21,,original base_pd_hint available
2025-12-08,B-VQT2JW,-0.035794700528302,Company_B_07,B,South America,0.5361921853928844,0.0442446315886971,Mid,manual review,satellite,62,0.004564055137615,10857774.987546274,2025-05-21,,original base_pd_hint available
2025-12-09,B-VQT2JW,-0.0110153835517447,Company_B_07,B,South America,0.5361921853928844,0.0442446315886971,Mid,manual review,satellite,62,,10857774.987546274,2025-05-21,,original base_pd_hint available
2025-12-10,B-VQT2JW,0.0151217003839519,Company_B_07,B,South America,0.5361921853928844,0.0442446315886971,Mid,manual review,satellite,62,0.0187045985583545,10857774.987546274,2025-05-21,,original base_pd_hint available
2025-12-11,B-VQT2JW,0.0034466285476238,Company_B_07,B,South America,0.5361921853928844,0.0442446315886971,Mid,manual review,satellite,62,-0.0061635450064645,10857774.987546274,2025-05-21,,original base_pd_hint available
2025-12-12,B-VQT2JW,-0.0362084409475938,Company_B_07,B,South America,0.5361921853928844,0.0442446315886971,Mid,manual review,satellite,62,0.0093768957427672,10857774.987546274,2025-05-21,,original base_pd_hint available
2025-05-01,B-WMAEKB,0.0218004922345779,Company_B_27,B,North America,0.4479411587144589,0.0406882090142755,,,satellite,98,0.0140277458538761,26069893.72346353,2025-04-16,legacy,original base_pd_hint available
2025-05-02,B-WMAEKB,0.0056159510600847,Company_B_27,B,North America,0.4479411587144589,0.0406882090142755,,,satellite,98,-0.0237675804038153,26069893.72346353,2025-04-16,legacy,original base_pd_hint available
2025-05-05,B-WMAEKB,-0.0360430619669428,Company_B_27,B,North America,0.4479411587144589,0.0406882090142755,,,satellite,98,-0.0102126348852569,26069893.72346353,2025-04-16,legacy,original base_pd_hint available
2025-05-06,B-WMAEKB,,Company_B_27,B,North America,0.4479411587144589,0.0406882090142755,,,satellite,98,-0.030025691323182,26069893.72346353,2025-04-16,legacy,original base_pd_hint available
2025-05-07,B-WMAEKB,0.0085882790406675,Company_B_27,B,North America,0.4479411587144589,0.0406882090142755,,,satellite,98,-0.0045847799145338,26069893.72346353,2025-04-16,legacy,original base_pd_hint available
2025-05-08,B-WMAEKB,0.0276385448665802,Company_B_27,B,North America,0.4479411587144589,0.0406882090142755,,,satellite,98,-0.0100549327049622,26069893.72346353,2025-04-16,legacy,original base_pd_hint available
2025-05-09,B-WMAEKB,0.0211233192987716,Company_B_27,B,North America,0.4479411587144589,0.0406882090142755,,,satellite,98,-0.0108788433685402,26069893.72346353,2025-04-16,legacy,original base_pd_hint available
2025-05-12,B-WMAEKB,0.0143428508201398,Company_B_27,B,North America,0.4479411587144589,0.0406882090142755,,,satellite,98,0.013255782941715,26069893.72346353,2025-04-16,legacy,original base_pd_hint available
2025-06-02,B-WMAEKB,0.0568461852649657,Company_B_27,B,North America,0.4479411587144589,0.0406882090142755,,,satellite,98,0.0084439877167436,26069893.72346353,2025-04-16,legacy,original base_pd_hint available
2025-06-03,B-WMAEKB,-0.0086666214003454,Company_B_27,B,North America,0.4479411587144589,0.0406882090142755,,,satellite,98,-0.0167736228582782,26069893.72346353,2025-04-16,legacy,original base_pd_hint available
2025-06-04,B-WMAEKB,0.0044603453143126,Company_B_27,B,North America,0.4479411587144589,0.0406882090142755,,,satellite,98,-0.0043931427354546,26069893.72346353,2025-04-16,legacy,original base_pd_hint available
2025-06-05,B-WMAEKB,-0.0108328389978607,Company_B_27,B,North America,0.4479411587144589,0.0406882090142755,,,satellite,98,-0.0005637740370175,26069893.72346353,2025-04-16,legacy,original base_pd_hint available
2025-06-06,B-WMAEKB,0.0439658095201468,Company_B_27,B,North America,0.4479411587144589,0.0406882090142755,,,satellite,98,,26069893.72346353,2025-04-16,legacy,original base_pd_hint available
2025-06-10,B-WMAEKB,0.0449806757877185,Company_B_27,B,North America,0.4479411587144589,0.0406882090142755,,,satellite,98,0.0077210052577763,26069893.72346353,2025-04-16,legacy,original base_pd_hint available
2025-06-11,B-WMAEKB,0.0352969373599384,Company_B_27,B,North America,0.4479411587144589,0.0406882090142755,,,satellite,98,-0.0023309390995482,26069893.72346353,2025-04-16,legacy,original base_pd_hint available
2025-06-12,B-WMAEKB,-0.0032679348263905,Company_B_27,B,North America,0.4479411587144589,0.0406882090142755,,,satellite,98,0.008891025310106,26069893.72346353,2025-04-16,legacy,original base_pd_hint available
2025-07-01,B-WMAEKB,0.0005617557472302,Company_B_27,B,North America,0.4479411587144589,0.0406882090142755,,,satellite,98,,26069893.72346353,2025-04-16,legacy,original base_pd_hint available
2025-07-02,B-WMAEKB,0.0156759773563958,Company_B_27,B,North America,0.4479411587144589,0.0406882090142755,,,satellite,98,-0.0047848339291268,26069893.72346353,2025-04-16,legacy,original base_pd_hint available
2025-07-03,B-WMAEKB,-0.043220134297704,Company_B_27,B,North America,0.4479411587144589,0.0406882090142755,,,satellite,98,-0.0300041296283168,26069893.72346353,2025-04-16,legacy,original base_pd_hint available
2025-07-04,B-WMAEKB,-0.0017963426706721,Company_B_27,B,North America,0.4479411587144589,0.0406882090142755,,,satellite,98,0.0056822404651326,26069893.72346353,2025-04-16,legacy,original base_pd_hint available
2025-07-07,B-WMAEKB,-0.0644727286123971,Company_B_27,B,North America,0.4479411587144589,0.0406882090142755,,,satellite,98,-0.0260411084866903,26069893.72346353,2025-04-16,legacy,original base_pd_hint available
2025-07-09,B-WMAEKB,-0.0267754299727748,Company_B_27,B,North America,0.4479411587144589,0.0406882090142755,,,satellite,98,-0.0023271599388046,26069893.72346353,2025-04-16,legacy,original base_pd_hint available
2025-07-10,B-WMAEKB,0.0112130030519992,Company_B_27,B,North America,0.4479411587144589,0.0406882090142755,,,satellite,98,,26069893.72346353,2025-04-16,legacy,original base_pd_hint available
2025-07-11,B-WMAEKB,0.0003525304391292,Company_B_27,B,North America,0.4479411587144589,0.0406882090142755,,,satellite,98,-0.0120507403461468,26069893.72346353,2025-04-16,legacy,original base_pd_hint available
2025-08-01,B-WMAEKB,-0.0013573144193981,Company_B_27,B,North America,0.4479411587144589,0.0406882090142755,,,satellite,98,0.0040039417401903,26069893.72346353,2025-04-16,legacy,original base_pd_hint available
2025-08-04,B-WMAEKB,-0.030836831249055,Company_B_27,B,North America,0.4479411587144589,0.0406882090142755,,,satellite,98,0.0114973593521953,26069893.72346353,2025-04-16,legacy,original base_pd_hint available
2025-08-05,B-WMAEKB,-0.017235356884436,Company_B_27,B,North America,0.4479411587144589,0.0406882090142755,,,satellite,98,-0.0172789147832154,26069893.72346353,2025-04-16,legacy,original base_pd_hint available
2025-08-06,B-WMAEKB,-0.0373413607576462,Company_B_27,B,North America,0.4479411587144589,0.0406882090142755,,,satellite,98,0.0002102521817928,26069893.72346353,2025-04-16,legacy,original base_pd_hint available
2025-08-07,B-WMAEKB,0.0054827826149543,Company_B_27,B,North America,0.4479411587144589,0.0406882090142755,,,satellite,98,0.0187115199297718,26069893.72346353,2025-04-16,legacy,original base_pd_hint available
2025-08-08,B-WMAEKB,0.042401082801762,Company_B_27,B,North America,0.4479411587144589,0.0406882090142755,,,satellite,98,0.0105064073241729,26069893.72346353,2025-04-16,legacy,original base_pd_hint available
2025-08-11,B-WMAEKB,-0.0257909913286169,Company_B_27,B,North America,0.4479411587144589,0.0406882090142755,,,satellite,98,-0.0090665158126864,26069893.72346353,2025-04-16,legacy,original base_pd_hint available
2025-09-01,B-WMAEKB,-0.0470659492417347,Company_B_27,B,North America,0.4479411587144589,0.0406882090142755,,,satellite,98,-0.0182440765094434,26069893.72346353,2025-04-16,legacy,original base_pd_hint available
2025-09-02,B-WMAEKB,,Company_B_27,B,North America,0.4479411587144589,0.0406882090142755,,,satellite,98,0.000493033588286,26069893.72346353,2025-04-16,legacy,original base_pd_hint available
2025-09-03,B-WMAEKB,-0.0474358801155597,Company_B_27,B,North America,0.4479411587144589,0.0406882090142755,,,satellite,98,-0.0130870635919819,26069893.72346353,2025-04-16,legacy,original base_pd_hint available
2025-09-04,B-WMAEKB,-0.011784447567901,Company_B_27,B,North America,0.4479411587144589,0.0406882090142755,,,satellite,98,0.0003558120086072,26069893.72346353,2025-04-16,legacy,original base_pd_hint available
2025-09-05,B-WMAEKB,0.0047842743083475,Company_B_27,B,North America,0.4479411587144589,0.0406882090142755,,,satellite,98,-0.0087005818517411,26069893.72346353,2025-04-16,legacy,original base_pd_hint available
2025-09-09,B-WMAEKB,0.0359067719702385,Company_B_27,B,North America,0.4479411587144589,0.0406882090142755,,,satellite,98,-0.0026480819129213,26069893.72346353,2025-04-16,legacy,original base_pd_hint available
2025-09-10,B-WMAEKB,-0.0151568514909745,Company_B_27,B,North America,0.4479411587144589,0.0406882090142755,,,satellite,98,-0.0320681829492234,26069893.72346353,2025-04-16,legacy,original base_pd_hint available
2025-09-11,B-WMAEKB,0.0434800146557222,Company_B_27,B,North America,0.4479411587144589,0.0406882090142755,,,satellite,98,-0.0042222927259599,26069893.72346353,2025-04-16,legacy,original base_pd_hint available
2025-09-12,B-WMAEKB,-0.0066745100194738,Company_B_27,B,North America,0.4479411587144589,0.0406882090142755,,,satellite,98,0.0046539284908583,26069893.72346353,2025-04-16,legacy,original base_pd_hint available
2025-10-01,B-WMAEKB,-0.0192039173188965,Company_B_27,B,North America,0.4479411587144589,0.0406882090142755,,,satellite,98,,26069893.72346353,2025-04-16,legacy,original base_pd_hint available
2025-10-02,B-WMAEKB,-0.0016912377543407,Company_B_27,B,North America,0.4479411587144589,0.0406882090142755,,,satellite,98,-0.0139835436674951,26069893.72346353,2025-04-16,legacy,original base_pd_hint available
2025-10-03,B-WMAEKB,0.0315092172629312,Company_B_27,B,North America,0.4479411587144589,0.0406882090142755,,,satellite,98,0.0012570528124232,26069893.72346353,2025-04-16,legacy,original base_pd_hint available
2025-10-06,B-WMAEKB,0.0480488356767779,Company_B_27,B,North America,0.4479411587144589,0.0406882090142755,,,satellite,98,0.0191824545318301,26069893.72346353,2025-04-16,legacy,original base_pd_hint available
2025-10-07,B-WMAEKB,-0.0318080407447369,Company_B_27,B,North America,0.4479411587144589,0.0406882090142755,,,satellite,98,-0.0315562534880117,26069893.72346353,2025-04-16,legacy,original base_pd_hint available
2025-10-08,B-WMAEKB,0.0122356524256746,Company_B_27,B,North America,0.4479411587144589,0.0406882090142755,,,satellite,98,-0.0126125562157682,26069893.72346353,2025-04-16,legacy,original base_pd_hint available
2025-10-09,B-WMAEKB,-0.0217943411300844,Company_B_27,B,North America,0.4479411587144589,0.0406882090142755,,,satellite,98,-0.0182787295370303,26069893.72346353,2025-04-16,legacy,original base_pd_hint available
2025-10-10,B-WMAEKB,0.0199826858772993,Company_B_27,B,North America,0.4479411587144589,0.0406882090142755,,,satellite,98,0.0022168841621003,26069893.72346353,2025-04-16,legacy,original base_pd_hint available
2025-11-03,B-WMAEKB,-0.0116278238363311,Company_B_27,B,North America,0.4479411587144589,0.0406882090142755,,,satellite,98,-0.0005455947933683,26069893.72346353,2025-04-16,legacy,original base_pd_hint available
2025-11-04,B-WMAEKB,-0.0118880085340118,Company_B_27,B,North America,0.4479411587144589,0.0406882090142755,,,satellite,98,-0.0227663271628853,26069893.72346353,2025-04-16,legacy,original base_pd_hint available
2025-11-05,B-WMAEKB,-0.0171166542105776,Company_B_27,B,North America,0.4479411587144589,0.0406882090142755,,,satellite,98,0.0329021640544153,26069893.72346353,2025-04-16,legacy,original base_pd_hint available
2025-11-07,B-WMAEKB,0.0209167225099496,Company_B_27,B,North America,0.4479411587144589,0.0406882090142755,,,satellite,98,-0.0026152260671159,26069893.72346353,2025-04-16,legacy,original base_pd_hint available
2025-11-10,B-WMAEKB,-0.008847631467606,Company_B_27,B,North America,0.4479411587144589,0.0406882090142755,,,satellite,98,-0.0099451696321556,26069893.72346353,2025-04-16,legacy,original base_pd_hint available
2025-11-11,B-WMAEKB,-0.0032718191097964,Company_B_27,B,North America,0.4479411587144589,0.0406882090142755,,,satellite,98,0.0071147820767182,26069893.72346353,2025-04-16,legacy,original base_pd_hint available
2025-11-12,B-WMAEKB,-0.0321693002787137,Company_B_27,B,North America,0.4479411587144589,0.0406882090142755,,,satellite,98,-0.0288607520326152,26069893.72346353,2025-04-16,legacy,original base_pd_hint available
2025-12-01,B-WMAEKB,0.0075770468967897,Company_B_27,B,North America,0.4479411587144589,0.0406882090142755,,,satellite,98,0.0032907517570993,26069893.72346353,2025-04-16,legacy,original base_pd_hint available
2025-12-02,B-WMAEKB,-0.0182412672195194,Company_B_27,B,North America,0.4479411587144589,0.0406882090142755,,,satellite,98,,26069893.72346353,2025-04-16,legacy,original base_pd_hint available
2025-12-03,B-WMAEKB,,Company_B_27,B,North America,0.4479411587144589,0.0406882090142755,,,satellite,98,-0.0108077946280547,26069893.72346353,2025-04-16,legacy,original base_pd_hint available
2025-12-04,B-WMAEKB,0.0191767682760227,Company_B_27,B,North America,0.4479411587144589,0.0406882090142755,,,satellite,98,0.0224254442272963,26069893.72346353,2025-04-16,legacy,original base_pd_hint available
2025-12-05,B-WMAEKB,0.0312382607439769,Company_B_27,B,North America,0.4479411587144589,0.0406882090142755,,,satellite,98,0.0141371876711961,26069893.72346353,2025-04-16,legacy,original base_pd_hint available
2025-12-08,B-WMAEKB,-0.0024022744600276,Company_B_27,B,North America,0.4479411587144589,0.0406882090142755,,,satellite,98,0.004564055137615,26069893.72346353,2025-04-16,legacy,original base_pd_hint available
2025-12-09,B-WMAEKB,0.031169391440875,Company_B_27,B,North America,0.4479411587144589,0.0406882090142755,,,satellite,98,,26069893.72346353,2025-04-16,legacy,original base_pd_hint available
2025-12-10,B-WMAEKB,,Company_B_27,B,North America,0.4479411587144589,0.0406882090142755,,,satellite,98,0.0187045985583545,26069893.72346353,2025-04-16,legacy,original base_pd_hint available
2025-12-11,B-WMAEKB,-0.0282316660030805,Company_B_27,B,North America,0.4479411587144589,0.0406882090142755,,,satellite,98,-0.0061635450064645,26069893.72346353,2025-04-16,legacy,original base_pd_hint available
2025-12-12,B-WMAEKB,0.0033403208737184,Company_B_27,B,North America,0.4479411587144589,0.0406882090142755,,,satellite,98,0.0093768957427672,26069893.72346353,2025-04-16,legacy,original base_pd_hint available
2025-08-01,B-WWOGAM,-0.0051113306945057,Company_B_23,B,Asia,0.4840351692577983,0.030429586987347,,watchlist,satellite,37,0.0040039417401903,,2025-07-16,check formatting,original base_pd_hint available
2025-08-04,B-WWOGAM,0.0165646737426333,Company_B_23,B,Asia,0.4840351692577983,0.030429586987347,,watchlist,satellite,37,0.0114973593521953,,2025-07-16,check formatting,original base_pd_hint available
2025-08-05,B-WWOGAM,-0.0198512872118342,Company_B_23,B,Asia,0.4840351692577983,0.030429586987347,,watchlist,satellite,37,-0.0172789147832154,,2025-07-16,check formatting,original base_pd_hint available
2025-08-06,B-WWOGAM,0.0179926281009203,Company_B_23,B,Asia,0.4840351692577983,0.030429586987347,,watchlist,satellite,37,0.0002102521817928,,2025-07-16,check formatting,original base_pd_hint available
2025-08-07,B-WWOGAM,0.0226158376037464,Company_B_23,B,Asia,0.4840351692577983,0.030429586987347,,watchlist,satellite,37,0.0187115199297718,,2025-07-16,check formatting,original base_pd_hint available
2025-08-08,B-WWOGAM,0.0136318469554531,Company_B_23,B,Asia,0.4840351692577983,0.030429586987347,,watchlist,satellite,37,0.0105064073241729,,2025-07-16,check formatting,original base_pd_hint available
2025-08-11,B-WWOGAM,-0.0272527389471489,Company_B_23,B,Asia,0.4840351692577983,0.030429586987347,,watchlist,satellite,37,-0.0090665158126864,,2025-07-16,check formatting,original base_pd_hint available
2025-08-12,B-WWOGAM,-0.0283416830984285,Company_B_23,B,Asia,0.4840351692577983,0.030429586987347,,watchlist,satellite,37,-0.0015097488640975,,2025-07-16,check formatting,original base_pd_hint available
2025-09-01,B-WWOGAM,-0.0163471699837664,Company_B_23,B,Asia,0.4840351692577983,0.030429586987347,,watchlist,satellite,37,-0.0182440765094434,,2025-07-16,check formatting,original base_pd_hint available
2025-09-02,B-WWOGAM,0.0013492972040928,Company_B_23,B,Asia,0.4840351692577983,0.030429586987347,,watchlist,satellite,37,0.000493033588286,,2025-07-16,check formatting,original base_pd_hint available
2025-09-03,B-WWOGAM,0.0083692159113804,Company_B_23,B,Asia,0.4840351692577983,0.030429586987347,,watchlist,satellite,37,-0.0130870635919819,,2025-07-16,check formatting,original base_pd_hint available
2025-09-04,B-WWOGAM,-0.001994471126866,Company_B_23,B,Asia,0.4840351692577983,0.030429586987347,,watchlist,satellite,37,0.0003558120086072,,2025-07-16,check formatting,original base_pd_hint available
2025-09-05,B-WWOGAM,-0.0185436918560185,Company_B_23,B,Asia,0.4840351692577983,0.030429586987347,,watchlist,satellite,37,-0.0087005818517411,,2025-07-16,check formatting,original base_pd_hint available
2025-09-08,B-WWOGAM,0.0171947518270724,Company_B_23,B,Asia,0.4840351692577983,0.030429586987347,,watchlist,satellite,37,0.0023920822452534,,2025-07-16,check formatting,original base_pd_hint available
2025-09-09,B-WWOGAM,0.0202778849599817,Company_B_23,B,Asia,0.4840351692577983,0.030429586987347,,watchlist,satellite,37,-0.0026480819129213,,2025-07-16,check formatting,original base_pd_hint available
2025-09-10,B-WWOGAM,-0.0611726498764457,Company_B_23,B,Asia,0.4840351692577983,0.030429586987347,,watchlist,satellite,37,-0.0320681829492234,,2025-07-16,check formatting,original base_pd_hint available
2025-09-11,B-WWOGAM,,Company_B_23,B,Asia,0.4840351692577983,0.030429586987347,,watchlist,satellite,37,-0.0042222927259599,,2025-07-16,check formatting,original base_pd_hint available
2025-09-12,B-WWOGAM,-0.0442218539964096,Company_B_23,B,Asia,0.4840351692577983,0.030429586987347,,watchlist,satellite,37,0.0046539284908583,,2025-07-16,check formatting,original base_pd_hint available
2025-10-01,B-WWOGAM,-0.0582044642278028,Company_B_23,B,Asia,0.4840351692577983,0.030429586987347,,watchlist,satellite,37,,,2025-07-16,check formatting,original base_pd_hint available
2025-10-02,B-WWOGAM,-0.0155100559577074,Company_B_23,B,Asia,0.4840351692577983,0.030429586987347,,watchlist,satellite,37,-0.0139835436674951,,2025-07-16,check formatting,original base_pd_hint available
2025-10-03,B-WWOGAM,,Company_B_23,B,Asia,0.4840351692577983,0.030429586987347,,watchlist,satellite,37,0.0012570528124232,,2025-07-16,check formatting,original base_pd_hint available
2025-10-06,B-WWOGAM,,Company_B_23,B,Asia,0.4840351692577983,0.030429586987347,,watchlist,satellite,37,0.0191824545318301,,2025-07-16,check formatting,original base_pd_hint available
2025-10-07,B-WWOGAM,-0.0438366577287805,Company_B_23,B,Asia,0.4840351692577983,0.030429586987347,,watchlist,satellite,37,-0.0315562534880117,,2025-07-16,check formatting,original base_pd_hint available
2025-10-08,B-WWOGAM,-0.0200758652464859,Company_B_23,B,Asia,0.4840351692577983,0.030429586987347,,watchlist,satellite,37,-0.0126125562157682,,2025-07-16,check formatting,original base_pd_hint available
2025-10-09,B-WWOGAM,-0.008974951682352,Company_B_23,B,Asia,0.4840351692577983,0.030429586987347,,watchlist,satellite,37,-0.0182787295370303,,2025-07-16,check formatting,original base_pd_hint available
2025-10-10,B-WWOGAM,-0.0253739544241929,Company_B_23,B,Asia,0.4840351692577983,0.030429586987347,,watchlist,satellite,37,0.0022168841621003,,2025-07-16,check formatting,original base_pd_hint available
2025-11-03,B-WWOGAM,-0.0338018028920713,Company_B_23,B,Asia,0.4840351692577983,0.030429586987347,,watchlist,satellite,37,-0.0005455947933683,,2025-07-16,check formatting,original base_pd_hint available
2025-11-04,B-WWOGAM,-0.0171378586653998,Company_B_23,B,Asia,0.4840351692577983,0.030429586987347,,watchlist,satellite,37,-0.0227663271628853,,2025-07-16,check formatting,original base_pd_hint available
2025-11-05,B-WWOGAM,-0.0141085493365882,Company_B_23,B,Asia,0.4840351692577983,0.030429586987347,,watchlist,satellite,37,0.0329021640544153,,2025-07-16,check formatting,original base_pd_hint available
2025-11-06,B-WWOGAM,0.0163944673424972,Company_B_23,B,Asia,0.4840351692577983,0.030429586987347,,watchlist,satellite,37,0.0261796770562837,,2025-07-16,check formatting,original base_pd_hint available
2025-11-07,B-WWOGAM,0.0504642005870616,Company_B_23,B,Asia,0.4840351692577983,0.030429586987347,,watchlist,satellite,37,-0.0026152260671159,,2025-07-16,check formatting,original base_pd_hint available
2025-11-12,B-WWOGAM,-0.0168477888043141,Company_B_23,B,Asia,0.4840351692577983,0.030429586987347,,watchlist,satellite,37,-0.0288607520326152,,2025-07-16,check formatting,original base_pd_hint available
2025-12-01,B-WWOGAM,0.0208133177383224,Company_B_23,B,Asia,0.4840351692577983,0.030429586987347,,watchlist,satellite,37,0.0032907517570993,,2025-07-16,check formatting,original base_pd_hint available
2025-12-02,B-WWOGAM,-0.0058331381628006,Company_B_23,B,Asia,0.4840351692577983,0.030429586987347,,watchlist,satellite,37,,,2025-07-16,check formatting,original base_pd_hint available
2025-12-03,B-WWOGAM,-0.0218544681723485,Company_B_23,B,Asia,0.4840351692577983,0.030429586987347,,watchlist,satellite,37,-0.0108077946280547,,2025-07-16,check formatting,original base_pd_hint available
2025-12-04,B-WWOGAM,0.0429971669790121,Company_B_23,B,Asia,0.4840351692577983,0.030429586987347,,watchlist,satellite,37,0.0224254442272963,,2025-07-16,check formatting,original base_pd_hint available
2025-12-05,B-WWOGAM,0.0423204415494709,Company_B_23,B,Asia,0.4840351692577983,0.030429586987347,,watchlist,satellite,37,0.0141371876711961,,2025-07-16,check formatting,original base_pd_hint available
2025-12-08,B-WWOGAM,0.0221476924089438,Company_B_23,B,Asia,0.4840351692577983,0.030429586987347,,watchlist,satellite,37,0.004564055137615,,2025-07-16,check formatting,original base_pd_hint available
2025-12-09,B-WWOGAM,0.0655627865053529,Company_B_23,B,Asia,0.4840351692577983,0.030429586987347,,watchlist,satellite,37,,,2025-07-16,check formatting,original base_pd_hint available
2025-12-10,B-WWOGAM,0.0333104638316536,Company_B_23,B,Asia,0.4840351692577983,0.030429586987347,,watchlist,satellite,37,0.0187045985583545,,2025-07-16,check formatting,original base_pd_hint available
2025-12-11,B-WWOGAM,0.0196947475944712,Company_B_23,B,Asia,0.4840351692577983,0.030429586987347,,watchlist,satellite,37,-0.0061635450064645,,2025-07-16,check formatting,original base_pd_hint available
2025-12-12,B-WWOGAM,0.0225345729019281,Company_B_23,B,Asia,0.4840351692577983,0.030429586987347,,watchlist,satellite,37,0.0093768957427672,,2025-07-16,check formatting,original base_pd_hint available
2025-03-12,B-ZWRIDU,0.0214999621335876,Company_B_46,B,Europe,,0.0356932437470504,Large,manual review,legacy,65,0.0319413685846036,37937669.966764405,2025-03-12,new,original base_pd_hint available
2025-04-02,B-ZWRIDU,0.0010817921793095,Company_B_46,B,Europe,,0.0356932437470504,Large,manual review,legacy,65,0.0186776451485401,37937669.966764405,2025-03-12,new,original base_pd_hint available
2025-04-04,B-ZWRIDU,0.0174220626924008,Company_B_46,B,Europe,,0.0356932437470504,Large,manual review,legacy,65,0.0147203918974813,37937669.966764405,2025-03-12,new,original base_pd_hint available
2025-04-07,B-ZWRIDU,-0.0198290514570355,Company_B_46,B,Europe,,0.0356932437470504,Large,manual review,legacy,65,0.0246663868926757,37937669.966764405,2025-03-12,new,original base_pd_hint available
2025-04-08,B-ZWRIDU,0.0165165485221976,Company_B_46,B,Europe,,0.0356932437470504,Large,manual review,legacy,65,0.0056866936253566,37937669.966764405,2025-03-12,new,original base_pd_hint available
2025-04-09,B-ZWRIDU,-0.0161483336021046,Company_B_46,B,Europe,,0.0356932437470504,Large,manual review,legacy,65,-0.0004650774196358,37937669.966764405,2025-03-12,new,original base_pd_hint available
2025-04-10,B-ZWRIDU,-0.0086248522784507,Company_B_46,B,Europe,,0.0356932437470504,Large,manual review,legacy,65,-0.0095558031349188,37937669.966764405,2025-03-12,new,original base_pd_hint available
2025-04-11,B-ZWRIDU,0.0043129167864745,Company_B_46,B,Europe,,0.0356932437470504,Large,manual review,legacy,65,0.0326847601054619,37937669.966764405,2025-03-12,new,original base_pd_hint available
2025-05-01,B-ZWRIDU,,Company_B_46,B,Europe,,0.0356932437470504,Large,manual review,legacy,65,0.0140277458538761,37937669.966764405,2025-03-12,new,original base_pd_hint available
2025-05-02,B-ZWRIDU,-0.0153533905731131,Company_B_46,B,Europe,,0.0356932437470504,Large,manual review,legacy,65,-0.0237675804038153,37937669.966764405,2025-03-12,new,original base_pd_hint available
2025-05-05,B-ZWRIDU,0.007566092489616,Company_B_46,B,Europe,,0.0356932437470504,Large,manual review,legacy,65,-0.0102126348852569,37937669.966764405,2025-03-12,new,original base_pd_hint available
2025-05-06,B-ZWRIDU,-0.0240403234617037,Company_B_46,B,Europe,,0.0356932437470504,Large,manual review,legacy,65,-0.030025691323182,37937669.966764405,2025-03-12,new,original base_pd_hint available
2025-05-07,B-ZWRIDU,0.0404791534854414,Company_B_46,B,Europe,,0.0356932437470504,Large,manual review,legacy,65,-0.0045847799145338,37937669.966764405,2025-03-12,new,original base_pd_hint available
2025-05-09,B-ZWRIDU,-0.0688792424526855,Company_B_46,B,Europe,,0.0356932437470504,Large,manual review,legacy,65,-0.0108788433685402,37937669.966764405,2025-03-12,new,original base_pd_hint available
2025-05-12,B-ZWRIDU,0.0064427959536743,Company_B_46,B,Europe,,0.0356932437470504,Large,manual review,legacy,65,0.013255782941715,37937669.966764405,2025-03-12,new,original base_pd_hint available
2025-06-02,B-ZWRIDU,0.0158329572247138,Company_B_46,B,Europe,,0.0356932437470504,Large,manual review,legacy,65,0.0084439877167436,37937669.966764405,2025-03-12,new,original base_pd_hint available
2025-06-03,B-ZWRIDU,-0.0429103828318116,Company_B_46,B,Europe,,0.0356932437470504,Large,manual review,legacy,65,-0.0167736228582782,37937669.966764405,2025-03-12,new,original base_pd_hint available
2025-06-04,B-ZWRIDU,0.0104011687684118,Company_B_46,B,Europe,,0.0356932437470504,Large,manual review,legacy,65,-0.0043931427354546,37937669.966764405,2025-03-12,new,original base_pd_hint available
2025-06-05,B-ZWRIDU,-0.0120849898339773,Company_B_46,B,Europe,,0.0356932437470504,Large,manual review,legacy,65,-0.0005637740370175,37937669.966764405,2025-03-12,new,original base_pd_hint available
2025-06-06,B-ZWRIDU,-0.0072884008533093,Company_B_46,B,Europe,,0.0356932437470504,Large,manual review,legacy,65,,37937669.966764405,2025-03-12,new,original base_pd_hint available
2025-06-09,B-ZWRIDU,0.077573937550141,Company_B_46,B,Europe,,0.0356932437470504,Large,manual review,legacy,65,0.0184277164951934,37937669.966764405,2025-03-12,new,original base_pd_hint available
2025-06-10,B-ZWRIDU,,Company_B_46,B,Europe,,0.0356932437470504,Large,manual review,legacy,65,0.0077210052577763,37937669.966764405,2025-03-12,new,original base_pd_hint available
2025-06-11,B-ZWRIDU,0.0211590628303807,Company_B_46,B,Europe,,0.0356932437470504,Large,manual review,legacy,65,-0.0023309390995482,37937669.966764405,2025-03-12,new,original base_pd_hint available
2025-06-12,B-ZWRIDU,0.0063913510929181,Company_B_46,B,Europe,,0.0356932437470504,Large,manual review,legacy,65,0.008891025310106,37937669.966764405,2025-03-12,new,original base_pd_hint available
2025-07-01,B-ZWRIDU,0.0306552661697702,Company_B_46,B,Europe,,0.0356932437470504,Large,manual review,legacy,65,,37937669.966764405,2025-03-12,new,original base_pd_hint available
2025-07-02,B-ZWRIDU,-0.0642752053594722,Company_B_46,B,Europe,,0.0356932437470504,Large,manual review,legacy,65,-0.0047848339291268,37937669.966764405,2025-03-12,new,original base_pd_hint available
2025-07-03,B-ZWRIDU,-0.0386313039784675,Company_B_46,B,Europe,,0.0356932437470504,Large,manual review,legacy,65,-0.0300041296283168,37937669.966764405,2025-03-12,new,original base_pd_hint available
2025-07-04,B-ZWRIDU,-0.0015189206731783,Company_B_46,B,Europe,,0.0356932437470504,Large,manual review,legacy,65,0.0056822404651326,37937669.966764405,2025-03-12,new,original base_pd_hint available
2025-07-07,B-ZWRIDU,-0.0169944923689134,Company_B_46,B,Europe,,0.0356932437470504,Large,manual review,legacy,65,-0.0260411084866903,37937669.966764405,2025-03-12,new,original base_pd_hint available
2025-07-09,B-ZWRIDU,-0.0044681277456639,Company_B_46,B,Europe,,0.0356932437470504,Large,manual review,legacy,65,-0.0023271599388046,37937669.966764405,2025-03-12,new,original base_pd_hint available
2025-07-10,B-ZWRIDU,-0.0286220944838439,Company_B_46,B,Europe,,0.0356932437470504,Large,manual review,legacy,65,,37937669.966764405,2025-03-12,new,original base_pd_hint available
2025-07-11,B-ZWRIDU,-0.0552651072519322,Company_B_46,B,Europe,,0.0356932437470504,Large,manual review,legacy,65,-0.0120507403461468,37937669.966764405,2025-03-12,new,original base_pd_hint available
2025-08-01,B-ZWRIDU,-0.006956946145769,Company_B_46,B,Europe,,0.0356932437470504,Large,manual review,legacy,65,0.0040039417401903,37937669.966764405,2025-03-12,new,original base_pd_hint available
2025-08-04,B-ZWRIDU,0.0309077374534717,Company_B_46,B,Europe,,0.0356932437470504,Large,manual review,legacy,65,0.0114973593521953,37937669.966764405,2025-03-12,new,original base_pd_hint available
2025-08-05,B-ZWRIDU,-0.0100377183985919,Company_B_46,B,Europe,,0.0356932437470504,Large,manual review,legacy,65,-0.0172789147832154,37937669.966764405,2025-03-12,new,original base_pd_hint available
2025-08-06,B-ZWRIDU,0.0245012741184053,Company_B_46,B,Europe,,0.0356932437470504,Large,manual review,legacy,65,0.0002102521817928,37937669.966764405,2025-03-12,new,original base_pd_hint available
2025-08-07,B-ZWRIDU,0.0340837576047751,Company_B_46,B,Europe,,0.0356932437470504,Large,manual review,legacy,65,0.0187115199297718,37937669.966764405,2025-03-12,new,original base_pd_hint available
2025-08-08,B-ZWRIDU,0.002923871431256,Company_B_46,B,Europe,,0.0356932437470504,Large,manual review,legacy,65,0.0105064073241729,37937669.966764405,2025-03-12,new,original base_pd_hint available
2025-08-11,B-ZWRIDU,0.0379730588798701,Company_B_46,B,Europe,,0.0356932437470504,Large,manual review,legacy,65,-0.0090665158126864,37937669.966764405,2025-03-12,new,original base_pd_hint available
2025-08-12,B-ZWRIDU,-0.0209375448403533,Company_B_46,B,Europe,,0.0356932437470504,Large,manual review,legacy,65,-0.0015097488640975,37937669.966764405,2025-03-12,new,original base_pd_hint available
2025-09-01,B-ZWRIDU,-0.0175467978495638,Company_B_46,B,Europe,,0.0356932437470504,Large,manual review,legacy,65,-0.0182440765094434,37937669.966764405,2025-03-12,new,original base_pd_hint available
2025-09-02,B-ZWRIDU,-0.0103162399297256,Company_B_46,B,Europe,,0.0356932437470504,Large,manual review,legacy,65,0.000493033588286,37937669.966764405,2025-03-12,new,original base_pd_hint available
2025-09-03,B-ZWRIDU,-0.0038212365063335,Company_B_46,B,Europe,,0.0356932437470504,Large,manual review,legacy,65,-0.0130870635919819,37937669.966764405,2025-03-12,new,original base_pd_hint available
2025-09-04,B-ZWRIDU,0.0282570476783411,Company_B_46,B,Europe,,0.0356932437470504,Large,manual review,legacy,65,0.0003558120086072,37937669.966764405,2025-03-12,new,original base_pd_hint available
2025-09-05,B-ZWRIDU,0.0225337084283995,Company_B_46,B,Europe,,0.0356932437470504,Large,manual review,legacy,65,-0.0087005818517411,37937669.966764405,2025-03-12,new,original base_pd_hint available
2025-09-08,B-ZWRIDU,0.0153206513609787,Company_B_46,B,Europe,,0.0356932437470504,Large,manual review,legacy,65,0.0023920822452534,37937669.966764405,2025-03-12,new,original base_pd_hint available
2025-09-09,B-ZWRIDU,0.0156901130616653,Company_B_46,B,Europe,,0.0356932437470504,Large,manual review,legacy,65,-0.0026480819129213,37937669.966764405,2025-03-12,new,original base_pd_hint available
2025-09-10,B-ZWRIDU,-0.0433162304247798,Company_B_46,B,Europe,,0.0356932437470504,Large,manual review,legacy,65,-0.0320681829492234,37937669.966764405,2025-03-12,new,original base_pd_hint available
2025-09-11,B-ZWRIDU,-0.0095759586559299,Company_B_46,B,Europe,,0.0356932437470504,Large,manual review,legacy,65,-0.0042222927259599,37937669.966764405,2025-03-12,new,original base_pd_hint available
2025-09-12,B-ZWRIDU,0.0144959272677694,Company_B_46,B,Europe,,0.0356932437470504,Large,manual review,legacy,65,0.0046539284908583,37937669.966764405,2025-03-12,new,original base_pd_hint available
2025-10-01,B-ZWRIDU,0.0297053596348356,Company_B_46,B,Europe,,0.0356932437470504,Large,manual review,legacy,65,,37937669.966764405,2025-03-12,new,original base_pd_hint available
2025-10-02,B-ZWRIDU,0.0130954837675989,Company_B_46,B,Europe,,0.0356932437470504,Large,manual review,legacy,65,-0.0139835436674951,37937669.966764405,2025-03-12,new,original base_pd_hint available
2025-10-06,B-ZWRIDU,0.0035855698495756,Company_B_46,B,Europe,,0.0356932437470504,Large,manual review,legacy,65,0.0191824545318301,37937669.966764405,2025-03-12,new,original base_pd_hint available
2025-10-07,B-ZWRIDU,-0.0622622054365497,Company_B_46,B,Europe,,0.0356932437470504,Large,manual review,legacy,65,-0.0315562534880117,37937669.966764405,2025-03-12,new,original base_pd_hint available
2025-10-08,B-ZWRIDU,0.0132919304393532,Company_B_46,B,Europe,,0.0356932437470504,Large,manual review,legacy,65,-0.0126125562157682,37937669.966764405,2025-03-12,new,original base_pd_hint available
2025-10-09,B-ZWRIDU,-0.0134173304266604,Company_B_46,B,Europe,,0.0356932437470504,Large,manual review,legacy,65,-0.0182787295370303,37937669.966764405,2025-03-12,new,original base_pd_hint available
2025-10-10,B-ZWRIDU,0.037166463145647,Company_B_46,B,Europe,,0.0356932437470504,Large,manual review,legacy,65,0.0022168841621003,37937669.966764405,2025-03-12,new,original base_pd_hint available
2025-11-03,B-ZWRIDU,0.0269654957929179,Company_B_46,B,Europe,,0.0356932437470504,Large,manual review,legacy,65,-0.0005455947933683,37937669.966764405,2025-03-12,new,original base_pd_hint available
2025-11-04,B-ZWRIDU,-0.0203974978103127,Company_B_46,B,Europe,,0.0356932437470504,Large,manual review,legacy,65,-0.0227663271628853,37937669.966764405,2025-03-12,new,original base_pd_hint available
2025-11-06,B-ZWRIDU,0.0312581416393611,Company_B_46,B,Europe,,0.0356932437470504,Large,manual review,legacy,65,0.0261796770562837,37937669.966764405,2025-03-12,new,original base_pd_hint available
2025-11-10,B-ZWRIDU,0.0107689075114291,Company_B_46,B,Europe,,0.0356932437470504,Large,manual review,legacy,65,-0.0099451696321556,37937669.966764405,2025-03-12,new,original base_pd_hint available
2025-11-11,B-ZWRIDU,0.0136315770896376,Company_B_46,B,Europe,,0.0356932437470504,Large,manual review,legacy,65,0.0071147820767182,37937669.966764405,2025-03-12,new,original base_pd_hint available
2025-11-12,B-ZWRIDU,-0.0108430630848958,Company_B_46,B,Europe,,0.0356932437470504,Large,manual review,legacy,65,-0.0288607520326152,37937669.966764405,2025-03-12,new,original base_pd_hint available
2025-12-01,B-ZWRIDU,0.0119582755883623,Company_B_46,B,Europe,,0.0356932437470504,Large,manual review,legacy,65,0.0032907517570993,37937669.966764405,2025-03-12,new,original base_pd_hint available
2025-12-02,B-ZWRIDU,0.0086934090205642,Company_B_46,B,Europe,,0.0356932437470504,Large,manual review,legacy,65,,37937669.966764405,2025-03-12,new,original base_pd_hint available
2025-12-04,B-ZWRIDU,0.0176590608524196,Company_B_46,B,Europe,,0.0356932437470504,Large,manual review,legacy,65,0.0224254442272963,37937669.966764405,2025-03-12,new,original base_pd_hint available
2025-12-09,B-ZWRIDU,-0.0132895492587296,Company_B_46,B,Europe,,0.0356932437470504,Large,manual review,legacy,65,,37937669.966764405,2025-03-12,new,original base_pd_hint available
2025-12-10,B-ZWRIDU,0.0199772246582047,Company_B_46,B,Europe,,0.0356932437470504,Large,manual review,legacy,65,0.0187045985583545,37937669.966764405,2025-03-12,new,original base_pd_hint available
2025-12-11,B-ZWRIDU,-0.0225318531068236,Company_B_46,B,Europe,,0.0356932437470504,Large,manual review,legacy,65,-0.0061635450064645,37937669.966764405,2025-03-12,new,original base_pd_hint available
