simulation_id,systematic_factor_F,analytical_conditional_loss
1,-1.0390230625314243,21930719.268645756
2,-1.2410904059976735,29483513.226615548
3,0.4329163663336542,2099688.293596579
4,-0.23630128426869787,6177361.1315798815
5,-0.22010550035683055,6017283.675872136
6,0.31362936932400526,2539807.728751693
7,-1.3332380584017025,33573165.81381041
8,0.8047033230853913,1173122.5789832768
9,0.29852419198756697,2602005.2999231424
10,-1.9373303310187695,71129074.23875117
11,0.34635324223495795,2410285.46527162
12,-0.5732121358251755,10631578.471709887
13,-1.3440795231740634,34082310.29726931
14,-1.1606796091702514,26252847.3205939
15,1.706113934271841,315190.1761135387
16,0.08136618802124214,3691364.332827082
17,0.07499213280775607,3729610.9794207704
18,-0.5931416583499404,10975020.81995696
19,0.31883309871862303,2518738.651621588
20,1.4451842270597663,453731.08750774106
21,0.8234515933457526,1139783.0780303583
22,-1.154592702221192,26020714.452881284
23,-0.4672705630446878,8971531.560166076
24,0.7944792508295949,1191740.6171179137
25,0.008294719387378982,4154801.3325105063
26,1.216091429822332,631783.9447828986
27,-0.5147734118903419,9682572.876106102
28,0.4155995274933191,2158308.8208573735
29,0.3612288029676773,2353690.152644834
30,1.1314199495269188,715836.2712731254
31,-0.7937004398855954,15062375.016941722
32,0.577303281489354,1671191.4087678331
33,-2.133910914437345,86984239.11892852
34,0.48737164029892394,1925939.4070899175
35,0.9591491015466019,926694.2209912952
36,1.3254371674104122,538756.3510533276
37,0.12422056995946054,3444387.3364355844
38,0.6852534947663219,1411459.2641065964
39,-0.42578183278610904,8391959.102773387
40,-1.7172539554570996,55321215.35552569
41,-1.7040096064332906,54444211.21471352
42,0.9875402550437233,887770.6323309853
43,-1.3458458734130183,34165828.54169345
44,1.4584154062407744,445278.9436615577
45,-1.00694169109063,20898333.75107643
46,-0.35323407815902114,7464731.499474722
47,-0.4080202883054506,8155088.463203703
48,1.2928079076106005,564845.8705006292
49,1.0207143438304203,844506.4362572804
50,0.3507240688448281,2393511.27751136
51,-1.534580317811366,44018585.90053181
52,-0.9487626055020676,19134061.37218625
53,0.3919713085217023,2241057.9700990575
54,1.311802661566894,549494.4556889408
55,-0.30339797295366966,6886620.184490915
56,1.3757106410276727,501101.8629616253
57,-0.09051264712936051,4876564.726597083
58,-1.4955479177931752,41828637.90125958
59,0.528749995774392,1804008.7704712525
60,-1.366795809277579,35168536.07751868
61,-0.596029646302877,11025654.153469881
62,-0.7686533431992761,14484087.546855735
63,-0.7404514853220894,13857469.14606678
64,-1.7701465663325464,58910721.19068274
65,-0.14462367732202588,5323951.355201547
66,-1.2693298569138527,30692060.225571666
67,0.021504382711248576,4066852.7667564508
68,0.8993171845084061,1014858.4486400604
69,0.10521686565047464,3551760.0823782017
70,1.2262786356316486,622417.3233692886
71,-1.422028641160184,37920178.281183586
72,-1.04363185069691,22082601.293850902
73,0.0787025729167239,3707298.2078203564
74,0.7130578089576569,1351725.8209517726
75,1.487163648759841,427504.6823892018
76,-0.2830666180433048,6663617.217354887
77,-1.1700935240996146,26615253.685616132
78,0.7278721768406866,1320999.4890707026
79,-1.464009630833982,40117425.469752885
80,-1.3710222711876912,35373543.73053429
81,-0.9882231836370304,20315737.054864027
82,0.5633831102841254,1708185.0135731576
83,0.22606303586948442,2922995.957457081
84,2.2112069110458203,161877.0112064602
85,0.11176588520237932,3514377.0714673903
86,1.2179317737775455,630080.5505166738
87,1.5383667495431463,397749.22459802777
88,-0.5069124235463198,9561277.973296113
89,1.2351061686374054,614423.0499190122
90,0.23646834516386667,2874501.3645794275
91,0.2690303943921958,2728029.0966460463
92,-0.5450141264470608,10163076.648832012
93,1.0023616260440704,868153.1646601744
94,0.2767330899343275,2694520.111188076
95,-0.051592150447027765,4578279.952201215
96,-1.3349776225410763,33654458.77279263
97,-1.3016037906206208,32121485.719051275
98,-0.29203464917437627,6761091.864128035
99,0.11154238286296964,3515646.2253933675
100,0.07323028922386594,3740253.6406933023
101,-0.34350250033629587,7348224.58245077
102,-0.10491132562280994,4991797.456922613
103,-0.03913673304649034,4486755.039486925
104,0.6878178665215873,1405834.75233248
105,0.9433181031351763,949191.7414529874
106,0.39153568043375325,2242614.2326242486
107,1.3724543115466656,503451.49893778085
108,0.06550943471845394,3787258.049508165
109,0.5999237017301265,1612864.0105936904
110,-0.604076294279684,11167901.513164992
111,-0.4756496383911874,9093189.127044708
112,1.0727409067615852,781169.5482129997
113,-0.7742150289312438,14610704.860486677
114,0.09967164627872799,3583730.1428132653
115,-1.4475670433184422,39245895.138245136
116,-0.4167908319367361,8271230.588158315
117,0.43639262954929664,2088121.9772511348
118,-1.4973419673265362,41927544.75499835
119,1.0051557829948663,864507.4222211742
120,0.27833597724562376,2687600.6474717394
121,0.30384600520159216,2579914.218558053
122,-0.7617017685555485,14327248.464074487
123,0.08417937682090162,3674611.3793287147
124,2.8378329339561073,75684.29525662707
125,-0.33056609043318286,7196103.37441209
126,-0.5120711754819641,9640711.82036279
127,1.0395379312681223,820972.7749919448
128,1.1331177062137914,714036.3398494828
129,-1.0200844187460973,21316048.379630834
130,0.8493824719576613,1095327.7669700661
131,0.7638851307456115,1249357.179625025
132,-0.6467843306152732,11952383.33775387
133,0.5370409661414199,1780566.4527178623
134,-0.5331699050604652,9972222.899200205
135,1.1467311952207113,699779.7562294976
136,1.2891148136844792,567884.6454630523
137,0.4858716501663032,1930518.372906789
138,-1.6735666594236636,52461969.4020709
139,0.7078873238574693,1362627.6342263736
140,0.5265915027830677,1810164.7885773054
141,-0.383643209774621,7840550.681578026
142,-0.27717469007594214,6600332.476511507
143,-1.8312138949057544,63224229.176749915
144,-0.926767407355371,18502124.642857123
145,0.054255084223433336,3856852.2824627017
146,-0.7942927546084728,15076303.223418117
147,-1.4076115099070665,37186735.65674936
148,0.5057675360960802,1870698.7382501112
149,-0.5669045699426551,10525026.77792254
150,0.9323252187736741,965158.5875253889
151,-0.06618609679657583,4687914.618288424
152,-0.5530708807191184,10294889.09784693
153,0.17348905762206934,3181196.4510661163
154,0.13603974240374642,3379285.0768915107
155,0.4953350025112878,1901819.5991416571
156,-0.7578793082576983,14241675.781240731
157,-0.4269011430245451,8407108.046541316
158,-0.6597966476835284,12201532.177094778
159,-0.13233652548435315,5218885.056693819
160,-0.7134460502313248,13281033.80953486
161,-1.7000278866631255,54182279.57651995
162,-1.8514678144317624,64693757.17944908
163,0.02636617424193913,4034960.2802588395
164,0.030128403143363684,4010454.792068572
165,-0.41750127440713664,8280708.5185546
166,-0.0733843130737881,4742959.0039418
167,0.23484125909258918,2882029.5382675906
168,-1.289936685121197,31598765.218345094
169,0.9446901528149149,947218.8783334588
170,3.429924456269448,38955.6508046748
171,0.6678626379998283,1450237.436181364
172,0.27977660159256634,2681397.3064057883
173,-0.26306746496297356,6451207.591624632
174,-0.03207758849807468,4435704.20638417
175,-0.18396033200288137,5674725.690174219
176,-1.8051613924677126,61362225.795849614
177,0.2267864563485024,2919597.340343521
178,-0.06838181619016748,4704636.72985486
179,-0.749773753299975,14061776.23026052
180,-0.9683315374829862,19712273.217559643
181,-0.8620144565500131,16748458.384333879
182,-0.6898896606031146,12796504.862346662
183,-0.9927598678135771,20455617.226958834
184,-1.7275515296837545,56009170.65438052
185,0.7365600385282473,1303325.7316682863
186,0.9776450754724193,901133.2026590558
187,-0.42035417646302226,8318875.073494664
188,-1.2546567667274366,30059226.173666976
189,1.06045169308612,795653.215731661
190,0.2008779172409625,3043886.514011249
191,-2.229095266360982,95126264.91013044
192,0.44010558017928103,2075841.5340904016
193,0.07838635146116145,3709194.5026380937
194,0.5498737950865313,1744910.8296544875
195,-0.29064821281406344,6745931.229488641
196,0.9616480779337737,923195.5947606576
197,0.14170603638328755,3348521.329708203
198,-0.6874114934211087,12746501.686963098
199,-1.2543947955095658,30048023.742498804
200,-0.9285762658452537,18553385.655305654
201,-1.3742532274717039,35530881.391498104
202,1.6579422144306775,336770.5652506747
203,-0.9873381044370906,20288545.189235393
204,-0.008047479046415517,4266274.946834387
205,-1.5101400394794684,42637999.8705702
206,1.8430638534992383,261770.15123031693
207,1.28526951139484,571067.6375948823
208,0.7492067520838048,1278046.0222401798
209,1.6212437503124355,354309.12452783453
210,0.4747955143184182,1964684.689293218
211,1.4466892277170675,452760.8588194301
212,0.08830708664237451,3650170.2663237327
213,0.44307259451880093,2066082.4296273703
214,0.78755209302072,1204533.7678122064
215,-0.19962806476643818,5820766.348560463
216,-0.9685468939269821,19718721.254804738
217,-0.25627948486695135,6380643.715531574
218,-0.4339509852913858,8503133.212471554
219,-1.1512387981163625,25893541.890786197
220,1.2202955588866888,627899.9961141119
221,-0.5282466129880499,9893903.41384748
222,-0.08614483869608139,4842139.682711206
223,-0.44768396512278585,8693249.327520693
224,-0.23895395573468373,6203979.05335526
225,0.34631518552701385,2410432.0521112666
226,0.44155968822686414,2071052.6845010305
227,-0.49809811747409105,9427008.564069327
228,-0.6479274039665122,11974076.887452172
229,1.7136855343490973,311939.61925979547
230,-0.9094109285166188,18016637.71231489
231,-0.4979012654269584,9424030.676019426
232,1.047780563020548,810891.3190147285
233,-1.3407291344762955,33924329.85933459
234,1.1897193347151636,656751.7887079925
235,0.7351152599528974,1306247.3552567866
236,-0.6217697845295416,11486816.273525449
237,-2.2201991718267537,94354655.81167704
238,0.6782737158095664,1426889.2628465195
239,-0.3213953999994388,7090138.9859569315
240,2.177888690289093,168889.18618491403
241,0.5125085482341777,1850874.0504586964
242,0.20976796735639142,3000637.4262572126
243,-0.9811930048320853,20100630.57757877
244,1.0453775656084292,813816.5203016057
245,0.5333342499894004,1791007.246584925
246,-0.996854508065532,20582590.805115797
247,-1.0247493800209129,21466050.268398743
248,-0.6747863259685604,12494580.448455378
249,-0.48300851321289373,9201344.775239192
250,-0.8731408763866134,17038729.38223446
251,-0.6618372632028755,12241043.734475855
252,-0.5746353842994378,10655762.470146555
253,0.2669567688466697,2737123.2334660455
254,0.8820844109404418,1041889.609346738
255,0.20560533597580533,3020809.0216238042
256,-0.9733032710066161,19861607.23143072
257,-0.016698846169747063,4326506.966302351
258,0.2467949560987151,2827192.069409111
259,0.42028112087944314,2142294.4801149596
260,1.1066021625370608,742716.6146312668
261,-0.012746087853571826,4298881.433413954
262,0.6564687892677389,1476253.5567926662
263,-1.4506752482690444,39409562.55227856
264,-1.2015098498335148,27854804.487363063
265,-0.9055345689051509,17909776.093143977
266,-0.25980420460761194,6417188.916432054
267,-0.7827516493587775,14807030.320007803
268,0.3718090372947249,2314277.596993054
269,-0.7857389421340459,14876302.366448686
270,2.0656297762767974,195136.97217752368
271,1.4674626944633422,439599.1480656861
272,-0.48408913691897776,9217331.028663097
273,0.5820871542500201,1658673.4480439709
274,0.5300089345361494,1800428.425538858
275,0.6474955132185435,1497089.9072836065
276,0.057577214028726675,3836174.8924663165
277,0.0655244291373627,3787166.1840307335
278,1.1618336287927515,684324.2845842171
279,-0.9639239570700203,19580712.265078492
280,0.7121607863279802,1353610.513426832
281,0.8835809411276611,1039511.8661138728
282,-0.6881480956569747,12761345.37277672
283,0.07323461233623497,3740227.488555692
284,1.6765548440638804,328244.18790488836
285,0.9263217562524352,973999.9795476999
286,-0.6451093495158858,11920661.860811215
287,-0.5618835770960192,10440936.318858597
288,-1.0092753060131872,20971978.176197
289,1.3918512474018063,489631.4612873886
290,0.8243536899826344,1138204.6131798306
291,0.8620253553092605,1074328.3378979191
292,-0.10830027436698646,5019313.902950263
293,1.6286405406236364,350694.4265528707
294,0.8302158330963317,1128003.8738096196
295,-0.4532964711284374,8772126.132853117
296,0.1350778531378488,3384536.032189841
297,-0.2946629117106968,6789923.9817302665
298,1.1016744398364886,748182.8649209263
299,0.3016713610287569,2588917.7359660324
300,0.7809411480163201,1216879.4322233377
301,-0.8306772154497308,15954792.633580713
302,0.2769760961353028,2693469.9022470866
303,-0.003447556920068155,4234595.461282286
304,-0.5966218901568575,11036064.93415602
305,2.3809326522966625,130852.75173701525
306,-0.23899427259299263,6204384.483173983
307,-0.26170020110414033,6436932.574400971
308,0.9532415937069825,935021.6697265655
309,0.035384237783689536,3976473.0390091436
310,0.36950997957720777,2322783.1608088734
311,0.16127281940654603,3244473.3119002418
312,1.1163174979280397,732065.7943152328
313,-1.1887704283234792,27346543.821284715
314,-1.0294564408318232,21618333.376900166
315,0.3954077563890234,2228820.729372541
316,-0.3183946252939082,7055799.738060199
317,-0.39179591111947587,7944407.058248736
318,0.21569033239811833,2972176.6451192265
319,0.3818421669271277,2277536.224747765
320,-0.6332255228982638,11697866.244026879
321,-0.12735091009433797,5176847.168243876
322,0.0731649188643915,3740649.1133319093
323,-0.0848133684784922,4831694.261117295
324,0.30171930958969717,2588718.868188233
325,-0.24158531516096873,6230495.323787183
326,0.23880154794242453,2863741.4538177433
327,-0.9077295778611962,17970217.257478703
328,1.2012560666105931,645699.7417996738
329,-0.6730242942158491,12459793.811401231
330,0.14276348436234415,3342811.955612835
331,-1.335441112866396,33676144.38683186
332,-0.1313170808433587,5210261.583560812
333,2.091313608992168,188752.01288316504
334,2.25347287706001,153445.82207713096
335,0.7277783175782274,1321191.811182354
336,2.3983887168065405,128059.22498048785
337,0.07811079246161629,3710847.760520159
338,-0.5743116287150576,10650256.585743975
339,-0.20714534975690885,5892156.347764067
340,0.38587859098369176,2262926.3307343978
341,0.9474119701150655,943318.2155316742
342,-1.097522091660143,23926738.92348181
343,-0.7011010206792909,13025018.01468687
344,1.756484964899963,294250.01839328517
345,0.34549898234925724,2413578.130431931
346,1.6770677310720794,328012.6437988584
347,0.10385256859656872,3559598.6458533965
348,-0.8232852034075071,15772626.089076292
349,-0.39739572182285016,8016517.572509593
350,-0.24979989196742974,6313997.606434967
351,0.5555426243333464,1729399.755172422
352,0.13550954865652995,3382178.374868013
353,0.3735681423003795,2307791.4894220657
354,1.4682351434531489,439117.9151066881
355,0.5252430717351929,1814021.6931175666
356,1.3928037339290626,488963.621804941
357,0.15524045982328444,3276193.2935663145
358,-0.04360317963869719,4519361.401322485
359,1.331690126951412,533908.6282853947
360,1.9358944800168172,231304.94718355392
361,-0.47764836328674276,9122443.192829296
362,-0.8223639749039416,15750056.766620148
363,0.597267471475738,1619600.6474470014
364,-0.04198988585982654,4507556.420582012
365,0.5154778759090777,1842211.5151233594
366,0.29156214503718003,2631200.679881276
367,0.4096384532469815,2178880.5843241294
368,0.32216015011064913,2505362.843925443
369,0.02500294318495255,4043877.1773986607
370,-0.13738653791615382,5261814.00713476
371,0.7945875787664288,1191541.7093671064
372,1.1409639145900055,705781.4340024174
373,0.8382237303357879,1114226.7589942568
374,-0.9309626530669678,18621206.404581793
375,0.4461067440146885,2056152.0150712247
376,-0.9022319995056505,17819179.97387967
377,-0.5567722632047142,10355990.924154194
378,-0.13928660445788027,5278057.271658378
379,-1.3185952673407932,32894949.083653856
380,0.7789953431782765,1220538.7568613682
381,-1.1132247093692496,24488175.72653994
382,0.33849639378890745,2440745.4144445076
383,-1.1463054399680612,25707423.914834946
384,-1.3284414947823118,33349807.65729763
385,-1.3760157691957935,35616937.613467
386,1.449807582125245,450757.7947784521
387,0.5927589475084231,1631102.959528025
388,-1.8435964713377373,64120390.8186393
389,1.0917045621898447,759375.9591470265
390,-0.42485064467362127,8379376.420639443
391,0.45953797509138433,2012788.0723690686
392,-0.2639336497931665,6460267.233672119
393,-0.5060214647068442,9547622.875197643
394,0.2592521911272579,2771187.446947566
395,-0.5527156616974449,10289043.318039715
396,-0.1503301332570128,5373462.918761466
397,-0.1581327394474735,5441906.466672303
398,-1.6814262393250237,52969226.37258534
399,0.6455446679571378,1501660.8577818864
400,0.5514851122920795,1740487.121625746
401,-0.29388363269289314,6781362.663765267
402,0.42814466236006055,2115673.756132053
403,1.4753839769909254,434691.600866617
404,-0.31874746397666387,7059828.945174359
405,0.4451557594926265,2059259.1039379225
406,0.5157021205257669,1841559.046095654
407,0.3100101998918637,2554568.6513457843
408,-0.19741064425088767,5799872.654439621
409,0.3180545412889652,2521879.3622578587
410,1.6549920965868783,338144.3700039678
411,0.5771871006377024,1671496.6531018899
412,-0.5467039430016252,10190588.640674224
413,1.2907621806897989,566526.9491139482
414,0.37812073496551357,2291092.886871355
415,-0.6685312050457403,12371499.811898034
416,-0.466188968623543,8955942.575106366
417,1.9541870990810155,225779.61354948854
418,-0.2640832837293966,6461833.564640862
419,-1.0494060244270318,22274168.961616166
420,-1.602391526349568,48012762.830503784
421,-0.36728337734556493,7636123.960583771
422,0.34306709070246466,2422977.1969523025
423,1.606770745392621,361501.5589227309
424,0.07702446916664889,3717372.62985859
425,0.7951817942199556,1190451.2620320898
426,-0.9292769050549657,18573274.89782975
427,0.40020333465400953,2211859.7072358425
428,0.7970851070049472,1186965.6375469547
429,0.20072782359782793,3044622.1735697165
430,0.6911403978921968,1398582.6314663829
431,0.037841632524401835,3960685.014307291
432,2.2564490764099188,152870.9079394484
433,-2.108325362354447,84842151.20084739
434,1.2151268550061365,632678.7416355348
435,0.5660538327095981,1701021.2120502826
436,0.8018605230397461,1178267.9943927506
437,0.5296724350480876,1801384.6787708437
438,-0.8701844941899188,16961162.71579268
439,-1.0899891349809705,23661305.931101315
440,0.6915116960039419,1397774.6610306255
441,0.7860246601013465,1207374.286544665
442,2.693849717565582,89600.9894699063
443,0.4725527162506502,1971679.6716882403
444,-1.2566331949786838,30143850.7705584
445,2.30510330690675,143806.00523108212
446,1.6443645476644573,343145.0220670488
447,-0.34381841049043266,7351978.559814153
448,-0.9886826534678891,20329865.715154715
449,-0.9133145826938436,18124827.11561594
450,0.7025471552588716,1373985.1603024094
451,1.6802256205548673,326590.98472419713
452,0.18357580290323824,3129903.7064795056
453,0.9562545729323985,930764.4544133423
454,-1.5519215233278287,45017134.02075832
455,1.982301197447123,217572.2073912467
456,-0.17043250977910152,5551569.089899469
457,-0.2109953378632199,5929054.956184774
458,0.4412525999974557,2072063.0645185292
459,-1.0561699717659554,22500393.65688747
460,-1.4742901112447218,40669510.734522775
461,0.402142385696408,2205039.853285357
462,-0.26674807567666586,6489790.846979771
463,-1.1913823151335317,27450122.132213563
464,-1.1613403703340055,26278149.87678196
465,1.5601026600282548,385814.20887922787
466,-0.30467997344487535,6900925.350528746
467,-0.3630171596011383,7583676.158902324
468,-0.4870565528691618,9261367.308250675
469,-1.6552416400586236,51291528.01740219
470,-0.6352869789525963,11736230.714211904
471,-0.5423595168999841,10120000.027871814
472,1.454219976783178,447940.12389462383
473,-0.43528774662293773,8521460.631428972
474,-0.5583018074761646,10381341.242222138
475,-0.038649402565707494,4483211.764991083
476,-0.7157296056732931,13328901.163997773
477,1.3987616294575018,484808.8140491733
478,-1.0418064702371175,22022337.817206148
479,1.2729087953095533,581431.9631815401
480,-0.818586089502725,15657809.10016607
481,1.5212405380297322,407439.87937339034
482,-0.10300383164254706,4976376.198831337
483,1.89130885056246,245414.11891871097
484,-0.9893339533889179,20349907.885006763
485,0.9537236194772553,934339.1833861355
486,-1.091449556852302,23712568.98548383
487,0.5029576966888043,1879027.8033502563
488,-0.2510563095889778,6326866.513963711
489,-1.2016766313606666,27861509.66654737
490,0.1929855815751756,3082818.139103857
491,-1.213173907280226,28326940.511718635
492,0.9701173151571586,911443.6977664988
493,-0.11294627161396929,5057284.145324425
494,1.0682608062942547,786416.3722994244
495,-0.6219868528323034,11490781.724095594
496,-1.3335670395791595,33588527.93739105
497,0.8647904689723633,1069793.2002925642
498,-1.0171769628670002,21223020.418573607
499,-0.9418699634426985,18934002.323433578
500,-0.03448504284843084,4453048.446424388
501,0.1511429125732296,3297920.3210097128
502,0.3849461097244073,2266292.7819035077
503,-1.5880659926701628,47148970.12117019
504,0.08559698969013854,3666198.637532798
505,0.47076929271266027,1977260.5125792832
506,-0.7011854053463537,13026752.305788415
507,-0.6431853086215029,11884321.334415007
508,-1.8685825243175256,65950242.18957539
509,-0.057169289958007505,4619869.293885901
510,-0.3502986138348994,7429398.8340082
511,-0.8028074755852364,15277833.147477768
512,0.614471160181902,1576489.4003059163
513,-0.9262290067738234,18486891.330977827
514,-1.3161657128245006,32783464.979106486
515,1.2957974989394905,562398.9578201515
516,0.5774953293035261,1670686.9662346316
517,-1.29173245813489,31678778.790192816
518,0.3782768353398758,2290522.5527936956
519,0.4027437233838547,2202929.3325175457
520,-0.6850310089622236,12698641.429200858
521,-0.9323057945675463,18659475.124231447
522,-1.2917398377495997,31679107.932430882
523,0.3859698700842751,2262597.073747655
524,1.100752331582977,749210.5754237833
525,0.06375266403513712,3798036.8557466636
526,-1.2007664387368204,27824932.97336145
527,-0.08182365496298036,4808322.260866507
528,-1.3783846485300217,35732849.62071277
529,-0.9700182546743732,19762825.324526425
530,-0.5956934397053841,11019748.276746891
531,0.5209643904514335,1826317.1428454602
532,-0.6557461109635561,12123457.751734367
533,-0.053359503507159546,4591418.330739368
534,0.3476483816457945,2405302.3544925046
535,-1.1511759255642156,25891162.869068142
536,-0.8489935299577924,16414439.35766245
537,-0.620651811528565,11466413.360141357
538,1.5485813534509287,392090.51889976463
539,-0.25283274575523346,6345106.0104376655
540,0.2866572903512339,2651972.311893724
541,1.0709072903870487,783312.3808968626
542,-0.11467556947072254,5071490.524640542
543,1.1347494861793779,712310.9793293234
544,0.23038545979393898,2902749.6079146517
545,-0.5558600201316158,10340899.726005103
546,0.7060193215299314,1366589.158619751
547,0.9898676299019404,884658.8002132047
548,0.034977317744846824,3979093.532165697
549,-0.5324931818470949,9961422.55825113
550,-0.07144302859268899,4728050.414065567
551,0.37774302934297366,2292473.496763057
552,0.5162945847008463,1839836.3595699084
553,1.592469064452753,368767.60645660677
554,-0.796663396324146,15132166.721145112
555,0.030797759335934087,4006110.738747961
556,-0.31406893553384524,7006586.163629471
557,-0.8868050886619632,17401402.523365263
558,-0.12324675374536305,5142495.972099638
559,1.5177500527839287,409446.6674505182
560,-0.5818755758670374,10779600.602901084
561,0.10897173324665173,3530277.272400572
562,0.39043015071116755,2246568.738506457
563,-0.67363700653024,12471879.891568733
564,0.3797245712365605,2285240.077098518
565,-1.7995822940666666,60967665.690800324
566,1.125814484216183,721814.0996092
567,1.8489133765510977,259723.88319219367
568,-1.1138274298405695,24509946.00005561
569,0.8687364385530439,1063356.7402252497
570,0.6585271131869455,1471517.4038322044
571,-0.02992258404364083,4420236.523684824
572,0.34954396047425423,2398028.2823802
573,-1.5319159974652812,43866563.59358047
574,-0.22422638506612974,6057619.702167588
575,0.10405823670368003,3558415.8523300765
576,1.330383239262794,534917.8607760323
577,0.4399877157539401,2076230.205817018
578,-0.4226680909934766,8349956.352661667
579,0.513002412779057,1849430.3249170207
580,0.7260161524974833,1324808.0950497885
581,-1.2347144186544459,29216035.119138706
582,-0.4270610693649096,8409274.682839967
583,0.9474230078693876,943302.4323951094
584,0.5320877845799289,1794532.6165262966
585,0.2897930463100708,2638673.209196253
586,0.16908395219379702,3203866.678168962
587,0.034814145459673755,3980144.824785266
588,-0.12304613641634758,5140822.694716807
589,-1.6158862404219954,48836219.4134945
590,-0.5859029975332273,10849077.334433543
591,-1.1482188642258389,25779477.344382055
592,-0.5961961964035296,11028580.919309333
593,1.289759633794456,567352.7869819816
594,-0.9142994473374261,18152214.011505164
595,-0.666518332230745,12332135.1683885
596,-1.6576309082523328,51443158.5101136
597,-0.41618099162085803,8263103.183865428
598,0.9619144563344773,922823.4970537123
599,-0.9157743309096603,18193296.307644214
600,0.0768099958791607,3718662.217044708
601,-0.5361597716624699,10020074.67564491
602,2.2207576398815965,159927.4531278182
603,0.5132979551836955,1848566.9236825416
604,1.2269124896688368,621839.5428485334
605,-1.616628477731989,48881785.456942804
606,0.908981027608476,1000029.5299249764
607,-1.431803111173399,38423570.33581332
608,-0.5814543124950553,10772357.886123931
609,1.2438200153844046,606641.2926288915
610,0.30171129148800463,2588752.1223525642
611,0.38501095399936214,2266058.5122038606
612,1.8071442963702096,274735.3081079744
613,1.7141283594077186,311750.6635363683
614,-2.356482172406634,106373710.39883229
615,0.49971785056269397,1888679.761412853
616,1.0962956744565746,754199.2067347342
617,0.3969423548212737,2223378.477859342
618,0.5967696504236342,1620866.4991947901
619,0.21417434498426016,2979435.4172677533
620,0.37911694059659307,2287455.646406152
621,-0.3143672109080834,7009968.803975261
622,-0.8752778073873257,17094994.915111903
623,0.32295037460513104,2502196.7122891312
624,0.5077889268960287,1864730.762418026
625,-1.3045251068391714,32253434.537034225
626,0.5049026706976018,1873258.286418272
627,-0.799877626216295,15208211.778372176
628,-2.7094089054440866,138555314.95623714
629,-0.5399282134270478,10080700.117842788
630,-0.5896711842081238,10914466.843894532
631,1.28083637870272,574761.3989765927
632,-1.6487446908256311,50880693.37577088
633,3.9158158421429725,23184.15153563458
634,0.24391112504217946,2840322.4962462294
635,0.7243561011494141,1328224.436122057
636,-0.33712761700383953,7272871.5404335195
637,-0.46878934587892385,8993465.941201635
638,-0.7811831528592874,14770777.267336326
639,-0.09554786852749798,4916554.989804485
640,1.7079500233066607,314398.49321403226
641,-0.9744022304088931,19894750.25815919
642,-0.27387873600885343,6565189.833612014
643,-1.3420386281981789,33986008.332202755
644,1.0057466653909102,863738.5694653265
645,-1.817649596801605,62250773.21966178
646,0.19341558912416104,3080683.8726090197
647,1.2310581706358321,618074.977055008
648,0.20937662406903884,3002527.9195281384
649,1.1256300236505004,722011.7309365786
650,-0.1293697636145218,5193828.840943047
651,1.2344743970727339,614991.4557200107
652,-0.991762881680697,20424804.93672137
653,-0.40033473262601055,8054618.718429637
654,0.26795408292983075,2732745.493780382
655,0.979524138818684,898579.1377405901
656,0.961022443661382,924070.1630081685
657,0.5133755702121643,1848340.2482415356
658,0.24556161070452798,2832799.968944521
659,-0.6605425785881175,12215961.417074867
660,-1.3627589041174517,34973577.31279531
661,-0.9278583142363196,18533024.613924295
662,1.0123846782538704,855151.6816684726
663,0.077929546515519,3711935.5817847443
664,-1.1944924782819146,27573881.809044737
665,-0.6208210796260583,11469500.288607072
666,-0.45630393982213796,8814676.686562646
667,-0.6309106148865429,11654925.84726821
668,-0.3594580191571657,7540190.494541209
669,1.1510803522241786,695290.4592988088
670,1.0591713225296366,797178.8290226205
671,-1.3811249743797314,35867296.681339115
672,-0.7281742690765185,13592592.169114148
673,0.6983472631273622,1382988.0286747408
674,-1.3408936212727707,33932072.56888673
675,0.28016655269348795,2679720.71730369
676,0.4069579851999229,2188197.3861389463
677,1.3065325107903374,553707.5493979823
678,-0.002233170148777318,4226271.78099739
679,0.21353556457779352,2982499.4466333976
680,-0.8337386692310403,16030796.882170143
681,-0.5670758484649435,10527906.657359762
682,1.746646174901576,298215.80285745556
683,0.17814040788156185,3157437.3486804906
684,-0.5357118253682086,10012891.490188127
685,2.0284506768287365,204811.2481544645
686,-0.8651056092989204,16828650.836526774
687,0.6110986623088506,1584844.3058361183
688,-0.0003202088001911867,4213193.459949418
689,0.2710432958323615,2719231.0901572094
690,0.5891279362165369,1640429.078999607
691,-0.06225494908669016,4658125.080581975
692,-0.11582599376779631,5080963.528415324
693,-0.25090456147215334,6325310.851477342
694,-0.30662912127319075,6922730.877299576
695,0.6108986828656711,1585341.1920411172
696,-0.4431214738222947,8629635.230201935
697,1.298871785755181,559894.7899014377
698,-0.3491259673477815,7415330.091816575
699,1.9358290696340572,231324.9730000924
700,0.050954000401112524,3877510.825838764
701,0.5275639064518215,1807388.7714186502
702,0.7091045118886335,1360052.8641463711
703,0.019499858986460467,4080076.3399576247
704,0.06082581788629625,3816064.054958253
705,0.4160371540028659,2156806.5592493536
706,0.2927949914699719,2626006.168775261
707,2.539624782879174,107759.29501883719
708,0.8490123259691811,1095949.1411185325
709,1.6578314086886312,336822.0532826481
710,0.6345081037378167,1527799.3834482313
711,1.0097093734399387,858601.3188487387
712,-1.5481141421932876,44796547.05049181
713,-0.3922518941773036,7950255.191059847
714,-1.3789337697779387,35759759.92184283
715,-0.07726333838204864,4772890.678996898
716,2.6129852628469816,98654.60210031546
717,-0.11355841659448297,5062308.4219867
718,-1.2202540191404392,28616707.6590259
719,0.30092012233380044,2592035.5795485764
720,-1.0800729708381391,23315724.76852677
721,1.6232720465667714,353313.84665294416
722,-0.7280531978300484,13590003.62068899
723,-0.2308627572491263,6123142.079126595
724,2.2128751561335283,161534.5703120556
725,0.4630769951819044,2001521.8002843964
726,1.213649372999538,634052.0167402587
727,-0.2643391325232655,6464512.595464108
728,1.1774909483225648,668691.3355395513
729,1.197007797728637,649745.8299218446
730,-1.010414825809313,21008021.34878528
731,-0.66208880127015,12245922.460093807
732,1.0659929895444307,789086.8129129265
733,0.5496115895359902,1745631.8052773902
734,-1.8808326836731109,66857759.33086166
735,-0.8132030623791657,15527218.063763337
736,0.8473174363115777,1098799.2146562864
737,0.6414107724664634,1511395.631578728
738,-0.16260171455243658,5481498.924599433
739,-0.5854009790118999,10840393.91031762
740,0.2660476906816332,2741119.9619542067
741,-0.5271313219753857,9876243.394427374
742,-0.6928164010164078,12855794.993168116
743,-1.4858241705484945,41295494.963000104
744,0.8725821757334217,1057123.6278685383
745,0.48684495581581627,1927545.9015934186
746,0.8038639621045117,1174639.309736445
747,2.2213256198186113,159812.3433848203
748,-0.9138347536795455,18139287.315368537
749,-1.024498753078572,21457968.12684992
750,1.1020552889401392,747758.8453907815
751,-0.9158996177524414,18196789.94262638
752,-0.5027658173948454,9497884.943115082
753,0.25372130539680865,2795910.437040523
754,-0.2120348596629891,5939057.100589117
755,0.07164766677869157,3749840.0301364684
756,-0.21846010970160307,6001252.799284955
757,0.6285523556515501,1542103.937723941
758,-0.5102308829938368,9612302.817348348
759,0.8964751942216272,1019264.1253438296
760,1.5291922553271549,402908.5245176095
761,-0.2621235534339393,6441349.276550699
762,-0.8438531571413217,16284244.630871529
763,-1.652713986186416,51131434.08829897
764,-1.9477707511946338,71933428.03071696
765,-0.08998237267113161,4872372.278443126
766,-0.17539170656036854,5596405.142825054
767,-1.186117357128505,27241662.539433006
768,-0.43347217281189415,8496577.839595674
769,-0.2489912389251545,6305728.643560321
770,1.2775656907824342,577503.3047139479
771,-0.6381865452191542,11790393.412154818
772,-0.05033691979001971,4568971.65793012
773,-0.429025705288582,8435935.241296066
774,-1.5840325257787669,46907691.14372805
775,0.1739964366592811,3178595.878163766
776,-0.40555836506761994,8122772.906900266
777,-1.00673370416592,20891781.036692057
778,-0.20342253173193078,5856693.484213323
779,1.4342282849420296,460863.2587644172
780,0.9979379518231533,873958.9704356408
781,-0.4317126476337782,8472530.409855649
782,1.2212310193242548,627039.3182468321
783,-0.7599300493678325,14287526.55491798
784,-0.11536493839227403,5077164.90766424
785,0.9258155871458429,974749.3861009154
786,-0.5616015884469071,10436232.667977985
787,0.7358283375231425,1304804.5051182888
788,-1.497167136760135,41917898.845029235
789,2.877746835807487,72265.15580857941
790,1.285988168541105,570471.2845074618
791,1.4032179475428124,481726.45542590925
792,-0.21325272125091554,5950796.518612292
793,0.5488904494461675,1747616.3085496067
794,2.280673351107543,148280.11358512408
795,-0.523565367103027,9819980.785582405
796,-0.7887051731186162,14945380.08503672
797,-0.8544846541728548,16554558.571177846
798,-0.2248267877865403,6063518.899618911
799,0.6869341231261793,1407770.4069722162
800,0.9791413924602647,899098.742722282
801,-0.9846172355023479,20205152.912662037
802,1.9555262573846008,225380.9327971806
803,-0.8206424543872846,15707959.785777949
804,-0.7866994087898291,14898637.62952936
805,-0.3573546622974685,7514606.335587654
806,-0.5812666949467283,10769133.694577834
807,1.0922759278785883,758729.6205328053
808,0.9378969109455806,957030.1227067172
809,0.02701687628131014,4030711.06581528
810,0.9684992526716285,913676.4254132772
811,-0.2144791870329572,5962642.155343926
812,0.3473167095565038,2406577.459976436
813,1.0202298509689633,845121.6846297553
814,-1.6548430234301053,51266259.06311694
815,-0.3093075537560738,6952805.62402326
816,-0.39974856539941694,8047005.641110132
817,-2.485789430491344,118071791.43225656
818,1.2439349467627843,606539.3752010891
819,0.6004885597398057,1611435.2487795872
820,-0.5638801174504497,10474297.000959145
821,-0.9975746555426553,20604993.489814013
822,1.4304971562934021,463320.20298025967
823,-0.06512007318150391,4679817.591705669
824,1.7354749007674102,302790.7144613276
825,-0.9622676556067331,19531474.117027685
826,-0.016975150121727203,4328444.726822757
827,0.4182753006546434,2149140.581464684
828,-0.3186827827765715,7059090.155366801
829,-1.2471838272351987,29740986.59593328
830,-0.6674475342816365,12350292.449006464
831,0.14439789696948083,3334007.010041802
832,-1.2396152361605146,29421452.876414873
833,1.4975154477076131,421296.7485832095
834,-0.8723978091627653,17019203.496285364
835,1.6458850702482202,342424.5721853803
836,-1.4324506452487111,38457094.17591616
837,-0.2620814007154066,6440909.376273676
838,0.23914245728129796,2862172.775495398
839,0.14538112816920618,3328721.55359791
840,0.5558289664284162,1728620.1194232544
841,-0.5912666231846037,10942265.120122734
842,0.7394422440161361,1297518.0668415048
843,-0.47847850963727667,9134620.162836894
844,2.5515549271715625,106216.73651109108
845,-0.7609891255282145,14311258.798439367
846,-1.210924208984233,28235371.027618885
847,0.40120539839379754,2208332.602728094
848,-1.2459170927663314,29687312.510327715
849,-0.30041083613035485,6853401.384911007
850,-0.16459466997370234,5499247.838932776
851,-0.10901991052292306,5025176.504984529
852,-0.30140913541207026,6864485.509378194
853,0.07820489272242875,3710283.1074782335
854,-1.7012432092825527,54262142.967185065
855,1.6636880250340593,334112.5598676692
856,0.2179268233637862,2961501.1718511176
857,-0.9641877529529324,19588564.424598534
858,0.4438322898937292,2063591.3473477184
859,-0.6184736957175293,11426761.192209747
860,-0.2749478645613788,6576568.988729725
861,-0.6992589726208708,12987213.442105541
862,-1.128680258319832,25051616.602587007
863,0.14066704979794403,3354140.7384464648
864,1.4798669635661792,431940.9314273225
865,1.366362873948687,507879.30335132376
866,0.2727962138988761,2711593.2733978285
867,-1.472058889368865,40549219.6226639
868,-0.9895699838928353,20357175.421012852
869,2.037290551627975,202463.44883836643
870,-0.1708402577861408,5555241.990398556
871,-0.16026534873958806,5460764.399531271
872,-0.5926902902462176,10967127.210429132
873,0.7807442499290385,1217249.1914122554
874,0.760420627958799,1256066.228500952
875,-0.39002045894194026,7921676.19890552
876,0.20054804900151016,3045503.5497936853
877,-1.5500638404102136,44909411.28446467
878,-0.937568077143934,18810081.765811354
879,-0.2770331488535152,6598819.506823395
880,0.07287039100387567,3742431.4532568986
881,1.0846593951872818,767394.7174031999
882,0.13818736108296387,3367591.2511553457
883,0.721777842244573,1333548.977027205
884,-0.624325463154203,11533586.01210932
885,1.1543663436624805,691919.3113718819
886,-0.45523851496949874,8799579.970870143
887,-0.5797840590625114,10743686.957122825
888,-1.6761470490369574,52628160.57496394
889,-1.2261365227011027,28859295.516542733
890,-0.38760139059950427,7890807.178960497
891,-0.27068419377174097,6531304.699311176
892,1.3741930354924052,502195.4078199179
893,-2.393294854853431,109681471.84405664
894,-0.029482574887757764,4417085.025824806
895,1.194053625489632,652575.6563471382
896,-0.15081907681118112,5377726.522753077
897,-0.7718493354837509,14556723.561833397
898,-1.2797286801630283,31146979.008967467
899,0.8926113269504984,1025286.824668841
900,0.7860164223144622,1207389.6254268826
901,-0.13554271004665833,5246099.294335468
902,-0.12413123373523195,5149879.605683842
903,0.6292331075470227,1540461.769827781
904,-0.7933014556157836,15052999.596701525
905,0.8929190474906291,1024805.7790152434
906,1.0108889982981684,857078.4217621534
907,0.1432385597677379,3340250.169657383
908,-0.049613696597162485,4563617.178735127
909,-0.22558008317571204,6070928.386629177
910,0.24232526965920212,2847569.8371570185
911,-1.0555523783070906,22479656.12950906
912,0.9516438364542009,937287.7216442958
913,-0.12400032913204946,5148786.146187377
914,1.6708426372055352,330835.2431841115
915,1.8915536448073051,245334.08329625308
916,-1.8284905006464895,63028088.88542694
917,-0.5823249796125891,10787332.232795341
918,-0.22493496035865437,6064582.343979494
919,-1.4057350698348987,37092067.45829957
920,0.3426285341029228,2424676.218695803
921,1.0581306756180329,798421.130092187
922,0.43333413682380534,2098294.750370062
923,0.7774489437942487,1223455.3061460347
924,-0.40686698487448775,8139934.503287474
925,-0.7120406631678624,13251653.927515479
926,-0.22258048327904198,6041477.228211542
927,0.5677573148537812,1696468.3929280157
928,-0.0312638592841318,4429857.206250252
929,0.404488114413941,2196818.916209896
930,-0.7958045914207446,15111907.370677266
931,-0.3009843357858597,6859766.801590183
932,-0.36240457450695845,7576174.1535496665
933,-0.2744052763901286,6570791.57981088
934,0.01510692802097551,4109208.4351807428
935,-0.9834194597521462,20168537.514211517
936,0.016953068272213805,4096940.021068869
937,0.7105447927094302,1357012.8398175598
938,0.019482636968758047,4080190.13981809
939,-1.081170285074745,23353753.31326566
940,-0.16478257339566674,5500924.227949366
941,1.083288932917988,768965.184172189
942,1.7355940272863808,302741.52053118526
943,-0.13865727113005039,5272671.690991084
944,-0.7808240607366113,14762488.954624806
945,0.8213953968574438,1143389.694938628
946,-1.0320635787217793,21703081.910160143
947,-1.1443016699307822,25632149.052986477
948,-0.8098284011152961,15445857.062082449
949,0.17535346623618353,3171651.1204757015
950,0.8446106491643467,1103367.3021572253
951,0.7373527769701483,1301725.6100276462
952,1.139972716812357,706818.5272942783
953,0.508171366977191,1863603.8884721857
954,0.2777808821112377,2689994.844842782
955,0.18825327474515358,3106406.587908863
956,1.310447258744202,550574.6434969583
957,0.7157297754978927,1346128.3540089636
958,-0.3373740220636174,7275770.003274733
959,-0.5923435666179224,10961067.300262397
960,0.8760727429386256,1051500.0128064964
961,1.0813624319510284,771178.7184077476
962,-0.46010092490344695,8868682.519192908
963,-0.8299036922466276,15935640.904197238
964,0.6045601757321009,1601175.8119991086
965,-1.1837261323494481,27147417.330667824
966,0.11370156511235718,3503404.8853078904
967,1.2998350820438072,559112.6420642866
968,-2.7201711654691327,139539740.4830598
969,0.3973755110195157,2221844.8501167377
970,1.4730320242139328,436142.4111023549
971,2.3148055525613946,142071.21276600286
972,0.4974350146944888,1895511.8285354143
973,-0.9984818892682576,20633246.476652257
974,2.0489044284933335,199424.43086346204
975,1.7652531269937606,290765.04592712404
976,-0.003155708620649553,4232593.555332846
977,-2.011845363830932,76967687.29370427
978,0.1388364261533876,3364065.2250877223
979,0.7964206940019404,1188181.1703697443
980,0.5303156067420889,1799557.3984523548
981,-0.16392129335564734,5493244.461745403
982,-0.8407598465514755,16206349.511854185
983,0.9668612106494925,915942.7153361033
984,1.5798072053114558,375335.2723350269
985,-0.20000318849086451,5824308.352129869
986,-0.8800150682691485,17220324.16531634
987,-0.7815060771871529,14778234.429333048
988,-0.22876050354018498,6102310.39477752
989,-0.6399473166641437,11823398.692538375
990,-0.3313382179444738,7205095.6510838745
991,-0.346870127354353,7388339.114904985
992,1.051035388316178,806947.2652582339
993,1.0402828537559197,820056.1321498837
994,0.9959709343891071,876553.9827016889
995,-0.5036357481142797,9511150.830719704
996,0.2034563324374071,3031277.2951600812
997,-0.09787217058720325,4935125.698043649
998,-0.38520802004333815,7860381.464815087
999,-0.1112909847196633,5043723.123133441
1000,-0.4252214374175182,8384384.5639527235
1001,0.9173093681235742,987436.2318147653
1002,0.21319371228821343,2984140.535093611
1003,1.9171172451973237,237133.84003154485
1004,-0.3283879950202569,7170796.335467278
1005,0.2566062678987298,2782986.449333343
1006,0.8506875913299726,1093139.830428741
1007,1.0390208780167385,821609.670095226
1008,0.5768661847064396,1672340.1070195313
1009,0.5262985415429989,1811002.0106858423
1010,1.9208548587598477,235960.67612145437
1011,-0.06380998355076685,4669886.019069968
1012,-0.700824406288099,13019334.487271162
1013,-0.7127274129822858,13266003.001887716
1014,1.6566569510005194,337368.3234800596
1015,-0.2064500721572073,5885517.103531861
1016,0.10403102675417701,3558572.313247448
1017,0.41668041727659516,2154600.375722551
1018,-2.281332505579661,99696263.08565421
1019,-0.36662583619901945,7628017.27647553
1020,-0.46292883325752665,8909112.388795627
1021,-0.753077762823331,14134852.598293206
1022,0.5301591551668992,1800001.7054627265
1023,1.5203001392617643,407979.4754459704
1024,-0.07771362117515714,4776377.466202893
1025,-0.9687346798746704,19724345.31339615
1026,2.468217885830142,117532.86656128395
1027,1.0648727994832903,790409.4939007949
1028,-1.1384897149649533,25414857.07198957
1029,-0.3929959969231697,7959807.559575531
1030,1.4069360791938839,479171.1313539039
1031,0.8074009346898834,1168262.1014300224
1032,-0.10596470904902491,5000334.129669835
1033,0.5296205964912613,1801532.0392548968
1034,-1.8928650471886284,67755692.30623867
1035,1.1720944227487107,674035.2149171829
1036,0.20365557646553586,3030305.168029308
1037,-0.40278272007157223,8086488.740778877
1038,1.2436491999302057,606792.8007224204
1039,0.09330047113550453,3620824.453654122
1040,-0.007128018532390752,4259923.555778144
1041,-1.3972683991444266,36667180.02583343
1042,-0.6198873115562235,11452481.009196177
1043,0.6777588814299367,1428034.4433069997
1044,-2.0119256126531044,76974094.57120487
1045,-0.6526337233296128,12063785.22825524
1046,1.1308411602197945,716451.0171761196
1047,-0.2089819431222122,5909729.87890282
1048,-1.0103009605638522,21004417.349780377
1049,-1.7803196735728912,59616872.271241836
1050,-1.7209893655683814,55570155.792821154
1051,-0.9185699188164592,18271393.95710065
1052,-0.9978648767257281,20614027.85004875
1053,-0.6077035572985181,11232590.436066628
1054,1.4135262806480378,474678.40121902595
1055,2.0962253140323894,187557.74215262732
1056,-0.44494612944050466,8655021.86854526
1057,-1.2803164924894639,31172853.99874439
1058,-1.157304655328907,26123926.38868107
1059,1.1270187940886816,720525.2402654453
1060,0.6499689422281715,1491315.6407469371
1061,-0.3705948934398241,7677079.014748711
1062,-0.4445279427657509,8649197.212783067
1063,-0.8531653209341693,16520794.182363339
1064,-0.6956393987078318,12913226.323218482
1065,-0.9077911790454012,17971916.11803804
1066,0.2620724473836429,2758667.8145987745
1067,-1.2110471085659185,28240367.14772501
1068,0.11184909446866427,3513904.68859343
1069,0.3880192063757052,2255217.9203151073
1070,0.6973923928842058,1385043.5950206888
1071,-0.9882624627643944,20316944.548470207
1072,0.41949785945578427,2144965.135294492
1073,-0.08807209373020024,4857299.233572494
1074,0.9326740608307633,964647.4977014955
1075,-0.9051558413989943,17899365.96309365
1076,0.38875450630146907,2252576.3919557678
1077,0.7299960112647133,1316655.5874416404
1078,-0.20684741084405286,5889310.402186295
1079,-0.18324288942043823,5668126.332469717
1080,-1.1316822694626592,25162313.647201937
1081,-1.5127025172219497,42781280.86705964
1082,-1.2100416618624228,28199514.924010735
1083,-0.24009433743398303,6215456.959840108
1084,-0.116146616705732,5083606.808743241
1085,-0.2821029403687227,6653225.656093435
1086,-0.10294598334304483,4975909.267595416
1087,0.5180570715911128,1834721.623222389
1088,0.0451077807844617,3914373.229631498
1089,-0.36191933177349994,7570236.7915728325
1090,-0.34129607147560026,7322057.7711838335
1091,-0.4469204883907959,8682572.766923048
1092,-0.6509539427734264,12031694.256806446
1093,-1.1098139425862428,24365286.670811202
1094,-1.5169731080887119,43020835.50493406
1095,1.1302730248389008,717055.0039189758
1096,2.307989772722959,143287.43120585976
1097,-0.1200059796729195,5115532.445023178
1098,0.2610153056722397,2763353.811707584
1099,0.6698642059760238,1445717.4663712005
1100,-1.1086548435448769,24323643.622278176
1101,0.12639881097596012,3432293.5824075765
1102,0.06025100999290836,3819614.648870574
1103,0.6733691507031393,1437838.4194101635
1104,0.7589874295500836,1258852.8295868428
1105,-0.5219214493798,9794147.039676705
1106,-0.13061730861868767,5204350.467448246
1107,-0.07667481661406783,4768337.287763085
1108,1.2552127883448845,596628.7172038548
1109,1.5710305723856695,379963.415209048
1110,0.23700343928002213,2872030.026094207
1111,0.98661050448424,889017.0538351437
1112,-0.009959948996437047,4279516.462127079
1113,-0.7377885711314408,13799614.889649961
1114,0.3571007013621172,2369256.226196299
1115,-0.8816334178632758,17263328.37512068
1116,1.0189576277551746,846739.5590040915
1117,-1.1999443514542139,27791930.759967484
1118,0.9460088737432197,945326.8471342996
1119,-1.1199005437106584,24730221.04849942
1120,-1.1427905249547599,25575502.582573995
1121,-0.9425514818095433,18953700.496917427
1122,0.7738729537688808,1230228.1704979914
1123,-0.3814291607330505,7812575.438066375
1124,-1.037301638865828,21874221.9586481
1125,-2.1836725452503947,91208608.8870088
1126,0.9861634274278978,889617.0749334412
1127,0.2979198811194532,2604526.15693359
1128,-0.5291666814782532,9908494.945544433
1129,-0.18378564339334585,5673118.122093285
1130,-0.6067048826968477,11214744.692685446
1131,-0.004649039463814035,4242847.006505908
1132,0.6779402343528441,1427630.9369333591
1133,3.765461817479771,27174.95437478972
1134,-0.7902088098979156,14980509.074428227
1135,-1.73076286006063,56224794.85957768
1136,-1.03885406961657,21925167.325002264
1137,-0.5465291640098604,10187739.760441013
1138,-0.5169680576860142,9716698.95076812
1139,0.11875714885636439,3474912.451365845
1140,0.35748063079560244,2367819.149708651
1141,-0.057802428165633996,4624614.653758992
1142,-1.5415385260345535,44417364.75430567
1143,-1.10922082694791,24343970.22141536
1144,1.4717642594372164,436926.64410828135
1145,1.333566697132859,532463.1034593917
1146,0.9105937974714334,997577.4757999871
1147,-0.4141646379520204,8236286.220144477
1148,0.5095168255168032,1859645.113305242
1149,-0.19024222834920562,5732836.986283002
1150,-1.9690540989233338,73587215.3205932
1151,-0.596011169020377,11025329.49968032
1152,0.2747644962936703,2703043.4535413
1153,1.7351493619811469,302925.19265165634
1154,-0.457081840428994,8825715.087308183
1155,-0.31275948691370525,6991755.115840036
1156,0.2034220924945211,3031444.3867567913
1157,0.6703184297111686,1444693.80846885
1158,-0.3561721393335586,7500260.029954648
1159,-0.8444707959643042,16299838.486511514
1160,-0.3243350971736918,7123938.387268982
1161,-0.7104615348950938,13218714.08514516
1162,-0.38569695352825895,7866587.720961517
1163,-0.04254701299775783,4511629.578680869
1164,0.025703821889545588,4039290.236658317
1165,0.3484875828324302,2402079.194237552
1166,-1.905381695808748,68696575.86199798
1167,1.0399190577428135,820503.652736988
1168,-0.19090083519527506,5738963.683003629
1169,-0.5766620458496882,10690290.03806731
1170,1.0657164293204664,789413.1429647018
1171,-0.28975930113496323,6736228.632844577
1172,0.5367882105131222,1781276.361477912
1173,0.0752528310406579,3728038.814185986
1174,-1.4412434887674264,38914472.85018146
1175,-2.9569819733888316,160917113.0903185
1176,-0.6308486463034024,11653778.405638712
1177,1.407907446518845,478506.0011774324
1178,0.06900995076794714,3765872.9885221263
1179,-1.7388971325065437,56773265.42566691
1180,-0.7407576714986579,13864135.692262016
1181,0.13695325687100343,3374305.9084755606
1182,-0.8358678322232305,16083849.693952685
1183,1.4332296978297978,461519.422323759
1184,0.5311420826262495,1797212.1977359075
1185,-0.18817202550234038,5713621.247110826
1186,0.10977548959820131,3525695.9699486964
1187,0.2285257353519171,2911442.863772558
1188,0.39980392565627154,2213267.197072934
1189,1.1090940481642562,739968.8780836663
1190,-0.8058762317110897,15351067.691507239
1191,-1.4964509207860106,41878399.84158251
1192,-0.1391820191296023,5277161.891814451
1193,-0.13597913049882004,5249814.6067916425
1194,0.7501148349506194,1276251.0052218437
1195,-0.6324548259890024,11683553.66442326
1196,-0.31170683475184185,6979854.963293705
1197,0.8464895759827792,1100194.1972499937
1198,0.8863756909873661,1035087.0064004083
1199,1.1084369837165038,740692.3354829242
1200,-0.20772797215094668,5897725.56962154
1201,1.5273174066221396,403971.8993053252
1202,-0.5913326194556627,10943416.457696754
1203,2.3725096216196873,132225.0497029163
1204,2.3454933282053334,136736.4676209614
1205,-0.558828011279817,10390076.09309276
1206,0.022381403406996955,4061080.841954138
1207,0.8121018003691906,1159843.465302634
1208,-1.3418032838002345,33974916.951904625
1209,-0.9507764761039266,19192866.20585108
1210,-0.5182836368887227,9737211.064372571
1211,0.4790412865601461,1951513.6810195597
1212,-0.2641712331397522,6462754.372300913
1213,-4.829436008511157,278165867.3848062
1214,-1.9069772057681431,68817006.0682012
1215,-0.5737894441938849,10641381.860570882
1216,1.7720163574842502,288108.23456397554
1217,1.480127260604224,431781.80751313723
1218,-1.3988339502313676,36745465.74999462
1219,0.09288655873914789,3623247.8298044056
1220,0.820499100430488,1144965.629877838
1221,-0.22854267118679505,6100155.867663152
1222,-0.1335322787481488,5229018.116352911
1223,0.31235963134356853,2544976.3275728617
1224,-0.7861938893062339,14886878.146871217
1225,1.8526264944683157,258434.20044071
1226,-0.4231876446038758,8356950.6512739565
1227,1.0715518581431793,782558.3915459953
1228,1.063601016572811,791914.0752286186
1229,1.757845549052227,293706.21891542827
1230,0.007894963319072872,4157492.6810155865
1231,1.580824391618725,374802.9193553941
1232,0.4387298506724771,2080382.895775843
1233,1.586335756297455,371932.95299042517
1234,0.7593074880772408,1258229.962602988
1235,-0.6093246209712052,11261615.139508301
1236,-0.6919709019563812,12838640.521769106
1237,-0.26057036002539935,6425159.939344656
1238,-0.29973363203054776,6845892.410227616
1239,1.0767481812534119,776508.5238580998
1240,0.04090838871295777,3941071.1912065414
1241,0.8932258236044021,1024326.4504132257
1242,-1.2048379043827233,27988854.269722797
1243,0.39634755789771525,2225486.203964709
1244,-0.8101409662436312,15453376.428358097
1245,0.019914121514330654,4077339.9395857994
1246,-0.41343667057877515,8226625.237311165
1247,-1.2170780093356524,28486425.452971477
1248,-0.2819374345751195,6651442.57674034
1249,-0.6407990876312758,11839396.158083782
1250,0.03447561838344579,3982326.798522526
1251,-0.8339185131120695,16035271.93630556
1252,-1.4512880146348341,39441888.18008443
1253,0.13628103962702082,3377969.1417220873
1254,0.12343872002695044,3448738.830195968
1255,-1.1319906472390286,25173708.118958455
1256,0.7618613865019133,1253271.5401018609
1257,-0.7398707898650465,13844833.897398187
1258,-1.6556722269186772,51318832.77940197
1259,-1.5816933275964542,46768150.723161004
1260,1.5820538173492034,374160.60113647976
1261,1.9378768951977319,230698.93326917084
1262,-0.4735675230426143,9062810.721190235
1263,-0.8769708688586054,17139692.061211627
1264,0.40282877671450906,2202630.989803538
1265,0.30150110720736656,2589623.9953161213
1266,2.373862508647626,132003.55278781173
1267,-0.6015009351163583,11122186.629548036
1268,2.7490458472812023,83954.38762465795
1269,1.1029392233608022,746775.7165182054
1270,1.100434998100283,749564.6041240197
1271,0.042506010618078884,3930892.4741938165
1272,-1.95205299985782,72264664.60846442
1273,-0.50285218997237,9499201.274530917
1274,-0.9093985431125156,18016295.371993877
1275,1.2552275628640979,596615.8501005471
1276,0.9514870659730883,937510.3823153591
1277,-2.862520837719536,152471815.1003278
1278,-1.2339578845060957,29184428.890590988
1279,0.1585571176674375,3258714.204488396
1280,-0.2680798934189654,6503808.154405922
1281,-2.0383903051793832,79100496.69759281
1282,-0.10189346215108414,4967421.352311776
1283,-0.2962941364787679,6807879.416850039
1284,1.5660560928057006,382614.52051316586
1285,0.048331236666098114,3894004.453326512
1286,-0.6421589938965788,11864979.367108447
1287,-1.1027529401961196,24112539.291888956
1288,0.6806476404384243,1421621.3476039632
1289,0.8114942779807295,1160927.8082917875
1290,0.9491715853343754,940805.6805907396
1291,0.8546224348025078,1086571.5836021046
1292,0.4528149456609918,2034373.3167931582
1293,-1.0108715824675367,21022483.769568685
1294,1.7931944360856842,279961.5867294684
1295,0.9688202067887097,913233.0808623779
1296,0.0759559078708888,3723802.2036444815
1297,1.313761165763484,547937.7148835195
1298,0.3394752372383458,2436928.9048940768
1299,-1.085444170329989,23502374.278145783
1300,0.5108613960231723,1855697.7550270786
1301,2.4884325290655966,114669.0047148565
1302,1.1495207983559856,696896.6618924886
1303,-0.8551841635364138,16572485.731741106
1304,0.9930767531425521,880387.266461195
1305,-1.152253894443908,25931977.192949932
1306,1.8395403727713069,263011.376013618
1307,1.7780021793881735,285779.27902718267
1308,0.5015146217514306,1883320.529389592
1309,1.0091942379893717,859267.2739455103
1310,-0.7226281431939106,13474482.216801893
1311,0.8551751215428351,1085652.3945093572
1312,0.8242728942388872,1138345.8922610884
1313,-0.04307875796250099,4515520.627748125
1314,1.619790860185625,355023.9572548071
1315,1.7204854538714873,309051.9942280423
1316,0.6983507924875798,1382980.4369580143
1317,0.22849176663305684,2911601.8989526033
1318,-0.37894376007002806,7781287.548732011
1319,2.807839191628845,78372.05873364184
1320,1.3978279583549487,485457.354815263
1321,0.5222127659689912,1822720.7376231619
1322,1.2403331905012227,609742.1830590204
1323,0.15639239628076113,3270111.631931514
1324,0.3892965015511184,2250631.361343795
1325,0.6586519807435582,1471230.6040519997
1326,-1.5752039923145316,46382536.407420844
1327,0.2701461869171162,2723148.559189395
1328,1.0256808847894432,838227.2996903908
1329,-0.7211781733532501,13443761.21030159
1330,-0.10920633463629313,5026696.350226364
1331,-0.20176012878220545,5840926.3162279865
1332,0.11330546372070466,3505647.294065234
1333,0.04270375409370382,3929634.4741155
1334,-1.0386370796516804,21918040.310160853
1335,0.23397226701411042,2886058.486751957
1336,0.9005827915594381,1012903.0656500409
1337,1.0863186919202539,765497.9054940494
1338,-0.7025125682519017,13054056.753810292
1339,-1.3575093142001888,34721299.81089112
1340,-1.078736648588692,23269484.594769873
1341,-2.215826957325429,93976181.75483868
1342,2.113466624386267,183431.89942515604
1343,0.10962291171230458,3526565.176673041
1344,-0.5606212823883221,10419896.589913277
1345,0.42406193512359025,2129451.8421398164
1346,-0.8170544835442418,15620551.118565897
1347,0.1641414910095933,3229499.456801927
1348,-0.9431738351970658,18971704.46945421
1349,-0.03940920648522981,4488737.365394499
1350,1.5461634620444,393421.9244167324
1351,-0.09811595135691581,4937077.530655009
1352,-1.1296614480941747,25087752.13223782
1353,-0.6652391820194423,12307180.582364704
1354,0.1088302373549794,3531084.4082016335
1355,-0.26286030820157136,6449042.747981272
1356,0.5793596873557845,1665798.2695118443
1357,-0.005810942990974718,4250842.1931751575
1358,-0.8486546542798499,16405827.409225158
1359,-0.07132798847078674,4727168.414327163
1360,-0.7798285250374509,14739533.02698487
1361,-1.2454694525324317,29668363.81991527
1362,-1.497415230828128,41931587.39107001
1363,0.8873586176387623,1033535.560639394
1364,-0.017434450526842407,4331667.8084883625
1365,1.209905638694853,637546.2479305954
1366,0.6453430221865577,1502134.1664858956
1367,1.6993181939498854,318139.63018394954
1368,1.6991962666718774,318192.8269301678
1369,-0.4435409865195864,8635465.568508709
1370,0.3312943655207413,2469017.2872481802
1371,1.512488738953438,412492.16113959457
1372,-1.0941596564490146,23807948.13836292
1373,-0.337888494268927,7281825.390241767
1374,-0.5803609458413307,10753581.367122289
1375,-0.6114840772012207,11300389.842566635
1376,1.2602580901062126,592252.3092127948
1377,-1.9752118108041252,74069159.23952544
1378,-0.9860546276459525,20249170.21425447
1379,0.5479558441437169,1750191.7731926674
1380,-0.048707926952605125,4556920.107293737
1381,1.0003990830337448,870723.7403015047
1382,0.27872236716385534,2685935.396371316
1383,-1.998778147668192,75927702.11050013
1384,-0.25261234050086845,6342840.184661537
1385,0.3878307579001576,2255895.4305752628
1386,-1.1194347396722446,24713267.11682358
1387,1.4315848839864707,462602.4536296324
1388,-0.5490021553871561,10228120.105647512
1389,0.08869286954489902,3647894.433442196
1390,0.16739688253983906,3212592.711424349
1391,0.7573076769066038,1262127.1831285323
1392,0.20268761617378592,3035030.9244249673
1393,0.7325242459509893,1311504.3273822614
1394,-0.26127295431655617,6432478.276024155
1395,0.7769046810275845,1224483.5643692696
1396,-0.6174720360733625,11408569.69170789
1397,-0.8737620339065851,17055067.279897645
1398,0.30906250542080527,2558448.505690652
1399,1.6332323305420844,348471.00646039925
1400,-0.5016449628447969,9480818.831495866
1401,-0.9534520283368494,19271239.33606789
1402,0.9435129546762899,948911.2967343503
1403,-0.24574125239660058,6272603.495234307
1404,0.49227335326718596,1911055.232084511
1405,0.1400495612285401,3357485.0220482275
1406,1.1761701214411622,669995.0099150054
1407,0.7985788708203448,1184237.657650081
1408,-0.41026742333989075,8184693.769545484
1409,-0.2614118647960024,6433926.16505073
1410,1.1239957893388066,723765.2154871338
1411,-0.07296632599716524,4739744.977858686
1412,0.34689594601806084,2408196.084424383
1413,-0.25036350980876715,6319767.279451014
1414,-0.9636714304043184,19573198.14563046
1415,2.0278020310384672,204984.71624338266
1416,-1.6890363608535506,53463378.01183467
1417,0.8866973825030062,1034578.9759792886
1418,1.7094051931176155,313772.6196651921
1419,0.11226694072842691,3511533.5351916105
1420,0.6691267762231781,1447381.0042377114
1421,1.1225756445282247,725292.7363853977
1422,-0.09590595042653956,4919411.417079205
1423,-1.6044737870204513,48139206.61157191
1424,1.3168456305654048,545495.7541554976
1425,-0.05741032845776729,4621675.295143895
1426,-1.294013682237006,31780654.2414795
1427,0.8249064250086846,1137238.6049883794
1428,0.1915523075262158,3089942.9062370174
1429,-1.3488894484189733,34310110.23866241
1430,-0.451611297866317,8748370.687905563
1431,-0.9484676556012429,19125462.261918023
1432,0.3933262689227857,2236224.610383646
1433,-1.2461552023447227,29697395.71460092
1434,-1.2170952457835806,28487131.195362505
1435,0.6115952799554301,1583611.0769082385
1436,-0.1661713925877453,5513330.455036309
1437,0.9523771781765642,936246.912856088
1438,1.9641703364086829,222826.30696852517
1439,0.1479798030894962,3314793.339991903
1440,0.7612929460411103,1254373.3726290744
1441,0.8792232955410082,1046451.6806989636
1442,0.13805399953491934,3368316.201420593
1443,-0.617897027098769,11416284.761845823
1444,-0.9992012181614424,20655671.805677738
1445,0.3210213341878842,2509932.9488451923
1446,-2.068665698424954,81564933.7896635
1447,-0.09614294499105212,4921302.8436670685
1448,1.3950061979778583,487423.1769933304
1449,-1.7924219916645032,60463463.72836144
1450,0.8013535788668861,1179188.079126607
1451,0.5534530931828651,1735100.210036402
1452,-1.6298191816419234,49696324.34622772
1453,-0.319596194260829,7069530.19573999
1454,0.1188164253537528,3474579.7852827837
1455,0.657668518016531,1473491.0541399608
1456,1.218916365617481,629171.2802117154
1457,-0.7682275587601349,14474435.87152787
1458,1.0132543081241128,854033.5682376714
1459,-0.008620183731362158,4270235.876911012
1460,-0.2912878492184526,6752921.466838993
1461,1.3095613069238612,551281.9563014717
1462,0.28226240886782145,2670728.139780036
1463,-0.19253418272932873,5754186.036098499
1464,0.13503069193739534,3384793.699619896
1465,0.4614089044466327,2006823.8414433498
1466,0.83732732385499,1115760.0019726192
1467,-0.29074638374471545,6747003.622842944
1468,0.521959057350199,1823451.0368245111
1469,-0.02943640944561574,4416754.5043909075
1470,-0.2962023145324836,6806867.4616063
1471,0.9597623210211834,925834.3814799192
1472,-2.3397040560040074,104873562.76232056
1473,1.031037628776456,831511.2347901103
1474,-0.7084670145819135,13177218.2461438
1475,0.3540478364689628,2380836.545604421
1476,-0.17821195911925383,5622063.755803656
1477,-0.4744170397729421,9075193.473106649
1478,-0.6065154039278569,11211361.845511215
1479,0.814487175593767,1155596.339652732
1480,0.2189262459671878,2956743.365910571
1481,1.1988396635151963,647997.7740651882
1482,-0.6160078187737438,11382026.748553451
1483,0.4731424324663655,1969837.9070665007
1484,-0.712246105377086,13255944.960027782
1485,-1.040442659778746,21977405.449203584
1486,-0.7981094388514021,15166335.290340703
1487,-0.7541224311857411,14158030.89217472
1488,0.30660298895224175,2568546.2157898224
1489,-1.8150126975749972,62062539.6368869
1490,0.5155820519722186,1841908.3711095324
1491,-0.17704434869433755,5611426.670596896
1492,0.11074282589690605,3520190.324628632
1493,1.3912845205627549,490029.2983593723
1494,-0.5735412957094697,10637166.948343707
1495,0.8238214534773012,1139135.6241339971
1496,0.939041735139126,955369.0754518168
1497,-0.06936269094668507,4712126.228250807
1498,0.09764871827043584,3595465.901798316
1499,-0.012639371498339004,4298138.076435684
1500,-0.28131954454492836,6644789.890402664
1501,-1.0987297278996986,23969526.01395247
1502,3.7034064678563277,29027.684613735455
1503,-0.9837014034508095,20177151.14822451
1504,0.15097327614841832,3298822.981101155
1505,0.6061750123831796,1597125.9231166786
1506,0.10025521458164659,3580351.9073552927
1507,-0.3908719334980158,7932569.587286802
1508,0.1849430186590696,3123016.7494014925
1509,0.37542812253279734,2300953.978611074
1510,1.0875409568279828,764103.9271658193
1511,0.8686348846232742,1063521.869291735
1512,0.5850261917714362,1651031.8482734533
1513,0.4535482155193661,2032007.3468081402
1514,0.6259820202420203,1548321.0001727552
1515,1.4139420078403475,474396.54159637756
1516,0.12181740897032035,3457780.3594200932
1517,1.3101297585904086,550828.0103985866
1518,0.033802603741530116,3986668.3134902623
1519,1.368364425207529,506419.70899618766
1520,-0.5190079275533837,9748521.69774551
1521,-0.520341202080584,9769375.252477787
1522,0.3681184112216699,2327947.1586051243
1523,1.0174871773328673,848613.6786862955
1524,-0.7209050796564044,13437982.364350736
1525,0.2779308723581966,2689347.7004110743
1526,-0.6685271245717933,12371419.893326633
1527,2.501182739129123,112902.83120135542
1528,0.4187135564722511,2147642.818549019
1529,-0.9572314531273473,19382429.47124418
1530,1.2689785257883452,584770.3158891019
1531,1.7773791393657932,286020.7134747333
1532,-0.0565658394087668,4615351.005028468
1533,0.11421495807028725,3500500.6433610315
1534,-1.037138008109206,21868858.13476991
1535,0.7550810039020218,1266481.6197540301
1536,-1.2808441531580743,31196095.76147038
1537,0.6683109995143448,1449223.6417470938
1538,1.0264232838619052,837293.0276367848
1539,-0.09573075952872671,4918013.7074004095
1540,-0.8563077039052779,16601316.790632846
1541,1.888434810281586,246355.96506481952
1542,1.2063752724072898,640860.531049726
1543,1.321263613263813,542018.747008843
1544,0.9039727099352669,1007685.4534194908
1545,-0.04943162971587691,4562270.218554056
1546,0.8735544996526514,1055553.9001121905
1547,-0.20969918708317076,5916606.986995133
1548,-0.5025701334892527,9494903.338390853
1549,0.09300815677790122,3622535.7256958247
1550,0.34696067935287744,2407946.9899425395
1551,-0.2848598864726507,6682997.055244065
1552,-0.328865719284925,7176339.473084319
1553,2.0570527783563604,197322.64408185365
1554,0.12921885418348708,3416700.8879155945
1555,0.5766789308859439,1672832.467652935
1556,1.9613890203000917,223644.74334712233
1557,-1.2325217616908712,29124507.38370694
1558,0.11002030950354817,3524301.73489807
1559,1.2439500479912629,606525.9853069969
1560,0.8688389153594083,1063190.1383467393
1561,0.5808734064874054,1661840.0895689742
1562,0.6417394431020014,1510619.2216325786
1563,0.26896956565989955,2728295.4241265357
1564,-1.0347659436476604,21791229.42867312
1565,1.0517638312899078,806067.4101634014
1566,0.4095274913026438,2179265.4462885717
1567,-1.0049633472045896,20836077.701217126
1568,1.2090376680769377,638359.3604528389
1569,-0.8323901439426823,15997277.67444234
1570,-0.7189788095639339,13397286.678519463
1571,0.14883330271655557,3310231.823393412
1572,0.9844506549501308,891919.8202012854
1573,-1.2802868295300094,31171547.85038865
1574,-0.2860147033493839,6695506.547760275
1575,1.0257402281851389,838152.5776664976
1576,-0.25750848889329636,6393362.9281822555
1577,-0.09072588144403831,4878251.6173282545
1578,-1.4419380426687742,38950773.09600785
1579,0.14587232592706045,3326084.2823448367
1580,1.5169866511404129,409887.0200162538
1581,1.0205481715526015,844717.4008719563
1582,-0.2415857405124194,6230499.619120854
1583,-0.20379965163536876,5860276.183507342
1584,-1.1170327441193364,24625997.01222924
1585,1.049743883002082,808509.7698199275
1586,-0.34580146161910824,7375586.199584308
1587,1.0919415296014543,759107.8252908443
1588,-0.5816549689785867,10775807.165579278
1589,-0.2235080296310928,6050569.049983678
1590,-1.8348755211281862,63488487.86671425
1591,2.7408547950541697,84766.68781669385
1592,-0.2300627705314455,6115206.544486297
1593,-0.10152430941423322,4964447.810425034
1594,-1.7902019443940267,60307636.19304874
1595,0.23578847516580673,2877644.51028915
1596,0.3976319138989329,2220937.5518195583
1597,-0.3455859335862044,7373016.810415194
1598,0.35650747844033237,2371501.892087014
1599,1.7973722113163235,278384.9014439516
1600,1.8299032029205617,266439.8390675934
1601,0.4707170812614519,1977424.1457299232
1602,-0.2927986851149763,6769460.908078048
1603,-1.8625192208881542,65503572.56045603
1604,-0.060485916078477836,4644781.877130153
1605,0.17170855368500304,3190339.6944551175
1606,-0.050842115877361815,4572715.698121237
1607,0.4058988375013518,2191890.2098930287
1608,-0.9586094403636884,19423110.412379414
1609,-0.9247867225619474,18446138.847544402
1610,0.0036680510887830927,4186058.451676869
1611,-0.1327789918210548,5222632.316638417
1612,-0.17960526273532024,5634783.219756195
1613,-0.6468692224576702,11953993.166256536
1614,-1.3834478567818378,35981565.351299584
1615,0.40966971309500505,2178772.1750089177
1616,0.06694750910631844,3778457.7813789626
1617,-1.9380322131018948,71183004.709453
1618,1.3882075679320525,492195.48482336686
1619,0.5005546405351099,1886181.882077965
1620,-0.6249940551727231,11545851.092099726
1621,0.6209047097238198,1560679.738753071
1622,0.2181031803345034,2960661.0432625315
1623,0.3638725454877126,2343777.04247223
1624,-0.7798431167866677,14739869.259337107
1625,0.8276807701997666,1132403.1190055585
1626,1.432698542435062,461868.858117777
1627,-0.038136999467657126,4479489.235606561
1628,-1.2030087927881836,27915114.623756867
1629,-1.2304146455704168,29036769.899013042
1630,-0.25690398748605253,6387103.69139607
1631,-0.5698864113907017,10575270.78564092
1632,0.6709874922369695,1443187.377471525
1633,-0.9163137621435327,18208342.65579218
1634,-0.7754974742525574,14640045.073278608
1635,0.637991815640989,1519497.188179598
1636,-0.6736704354452642,12472539.610608006
1637,-0.29322407685650675,6774124.955238165
1638,-2.2914588837403094,100589422.14169256
1639,0.2385721077900124,2864797.7102588313
1640,-0.0932419837111383,4898200.719520606
1641,-0.09999625772356945,4952158.262093559
1642,1.6396790493004785,345375.65508184506
1643,0.1595927425241264,3253275.947961164
1644,0.4302151812005835,2108721.876343768
1645,-0.1750516990270218,5593319.650092253
1646,0.6180690993979842,1567627.191361759
1647,-1.036635554030393,21852394.77436964
1648,-0.8590599781222048,16672134.323834382
1649,0.23761791050819095,2869194.781471405
1650,-0.5788910335109386,10728387.388637062
1651,-0.4156943143812064,8256622.752159015
1652,0.4623714229376451,2003762.6793353886
1653,1.2549177969760215,596885.6880048711
1654,-0.17086696948515073,5555482.6877652155
1655,-1.1069507694319887,24262530.65176215
1656,0.6428625278120749,1507969.366654974
1657,-0.6423638607209152,11868837.926978612
1658,-1.4793186926226018,40941569.549698904
1659,-0.7563667441914605,14207944.658065198
1660,2.693174548695193,89672.63234313503
1661,1.0586291275351756,797825.8285399672
1662,-1.4896533222888375,41504852.51318162
1663,0.7942718152145006,1192121.6014796402
1664,0.01815291850763238,4088986.3847755827
1665,-0.49380546215695503,9362276.018944558
1666,-0.12191246851977294,5131377.412874665
1667,0.2925579141989121,2627004.253401944
1668,0.642691843231514,1508371.7706279622
1669,-0.5144523569856869,9677590.217905182
1670,-0.13611468647940833,5250969.150487594
1671,-0.37726802669656145,7760261.320314482
1672,-0.4380619512180486,8559618.0783254
1673,1.113761555517655,734851.7168546814
1674,0.2529446792926718,2799400.105609838
1675,-0.5024562908703747,9493169.150169741
1676,0.5888691810247412,1641095.822413547
1677,-0.6828223390328363,12654385.790358564
1678,0.7925646237570193,1195262.0299297064
1679,-0.29180876977901615,6758619.594264926
1680,0.03151296169854793,4001474.420499259
1681,0.6267393198824683,1546486.5184832034
1682,-0.743257624390076,13918677.919868998
1683,0.13080623889569726,3407955.706166324
1684,1.1944433827354277,652201.5384729104
1685,0.5253470280713116,1813724.0413091301
1686,0.11422648575203383,3500435.4599674945
1687,-0.05266034892690103,4586216.33133808
1688,0.795010559339106,1190765.3867829782
1689,1.9758427414881041,219427.78180681576
1690,0.5083508314558743,1863075.3357402857
1691,1.2093243708645975,638090.6533453321
1692,0.36548734789058085,2337743.4339784584
1693,0.8821580719018216,1041772.4378897347
1694,-0.7925716132972402,15035863.433890346
1695,0.27457384293870707,2703870.394665146
1696,-1.3324716339197,33537398.079049896
1697,-0.4852231097333765,9234135.264917336
1698,-1.7342356876312015,56458555.273548886
1699,-0.6645708555283268,12294161.225541577
1700,1.1637317315073137,682408.1691836728
1701,-1.5916434109181135,47363678.15841307
1702,0.19920606509923444,3052091.142134217
1703,1.5346413619428811,399835.3742486125
1704,1.3737951609695884,502482.53762661153
1705,1.3439427379620006,524547.3028336568
1706,1.0884111691264875,763113.1342547295
1707,0.16436152249350452,3228353.8657155456
1708,0.8096723740461724,1164186.1420965535
1709,1.7006359790206098,317565.31015047856
1710,-0.14606330452077734,5336399.009205885
1711,2.346665032881994,136537.26971600464
1712,-0.24619245033781648,6277191.970219719
1713,-0.7334151098083774,13705082.49466044
1714,0.8864425254422549,1034981.4362924222
1715,1.4328503789585556,461768.9384691797
1716,0.6585646884189964,1471431.0936245583
1717,-0.6148453557925182,11360995.500014298
1718,1.164485075962441,681649.290955722
1719,1.8834905634344998,247985.66357320722
1720,1.0871638003921371,764533.776340768
1721,-1.277894725106783,31066359.991981216
1722,-0.4586119377461185,8847466.14277983
1723,0.9355199174651556,960488.8600778048
1724,0.5197843895293321,1829723.4123564023
1725,-0.6688012485029378,12376789.853355933
1726,0.4277374089387272,2117043.9419441307
1727,0.41151271329985656,2172390.559639558
1728,0.14120169668525817,3351247.8719114754
1729,-2.185641198432654,91377230.68951665
1730,-2.019745154042519,77599615.28182204
1731,0.40422985432842734,2197722.459863746
1732,-1.1570706849327996,26115008.47165563
1733,-0.5713107751262606,10599351.794367308
1734,1.1789986111576056,667206.6186151273
1735,-0.1957641991708707,5784407.239523204
1736,1.6397518872173118,345340.8565564756
1737,-0.33033546560139304,7193419.629425992
1738,0.06984547229557012,3760786.8668664834
1739,0.13324258012970647,3394577.936054284
1740,0.43512534910974715,2092330.7893025598
1741,0.5485727914337245,1748491.2225486569
1742,0.04942204111132224,3887136.136789752
1743,-1.588169253838952,47155158.26108771
1744,1.8637752095351245,254604.50476480127
1745,0.49967992171373865,1888793.063856457
1746,-1.5636673382617001,45702426.36810707
1747,1.3510432147361375,519204.63876831194
1748,-0.7667754745827384,14441564.560865864
1749,0.8726509861938513,1057012.4575933677
1750,2.0226710159211887,206362.7026044819
1751,-0.552469766327383,10284998.514278468
1752,-0.3645029725330886,7601902.295557476
1753,0.3685758178762198,2326248.445074631
1754,-1.532180906463353,43881662.27417883
1755,-0.4409444062824636,8599439.755993906
1756,0.6847475370429397,1412571.8084799182
1757,-0.6534240498785606,12078911.641766297
1758,-0.3785029394305961,7775750.979857299
1759,-0.10037181170857112,4955175.871348736
1760,0.3082959111084627,2561591.397392414
1761,-0.3194037810090646,7067329.705637037
1762,0.5336827975083513,1790022.7529676019
1763,0.05675011482464569,3841312.3184199343
1764,0.742123784304651,1292139.4288706663
1765,2.0699368464372276,194049.61037326217
1766,-0.46687932569968255,8965889.64802695
1767,0.5815383240001102,1660104.5467908804
1768,-0.32914911011289283,7179629.704197666
1769,-0.2946667393023037,6789966.058684796
1770,-0.008381790729733739,4268586.656029453
1771,-2.2677077230347678,98498116.24919671
1772,0.5452528117236869,1757662.906781776
1773,-0.41972537110040764,8310448.173759791
1774,-1.0184541008195005,21263840.613622364
1775,1.0531626999066688,804380.6804586097
1776,2.1473894003649225,175606.93471302782
1777,-0.53194186238168,9952631.905062541
1778,-2.6561085532306454,133672332.08304065
1779,-0.24977823634581825,6313776.024990194
1780,-0.4507904897677284,8736822.513763322
1781,-0.5772494551782327,10700317.405592706
1782,-0.9338036488465743,18702234.322431397
1783,0.49243692193518196,1910560.6327958044
1784,-2.106121223308404,84658614.52349976
1785,0.23475503244735096,2882429.056028332
1786,0.08966236255866304,3642181.5211803745
1787,0.7359787081957566,1304500.459385142
1788,1.0443286421424205,815096.9591743207
1789,-0.3055726612760777,6910903.640091681
1790,0.33841795989986223,2441051.4961090893
1791,-0.2901056411228957,6740007.347050801
1792,-0.21633492475719818,5980610.0330118425
1793,0.582855126617344,1656673.1064042677
1794,1.2544616858820166,597283.2498038878
1795,-0.5551672084451857,10329452.585950352
1796,-0.5253713994366389,9848437.368729498
1797,0.20834785037285278,3007503.5382423517
1798,0.18698522462554443,3112758.6589952926
1799,0.36535340647422904,2338243.283722107
1800,0.5321984489917929,1794219.3306976974
1801,1.2563676140128206,595623.8931768283
1802,0.10181450096763969,3571341.2254056404
1803,0.8886996351080363,1031422.9218849859
1804,-1.7940909526556945,60580765.93477872
1805,-0.5745809241848598,10654836.115787324
1806,-0.87815998364539,17171147.776286107
1807,-0.27108237975944455,6535518.900910247
1808,-0.7222041206838729,13465491.57004454
1809,-2.092258326461987,83507991.2606474
1810,0.33093749460580624,2470426.9932602094
1811,-1.4479937134955054,39268332.29842623
1812,1.7737302495021647,287439.2503427201
1813,-0.39327690530832915,7963416.607783599
1814,-0.8739947671837273,17061192.343323104
1815,0.8244272151395887,1138076.0636796749
1816,0.5420183189409967,1766647.0355897339
1817,-2.014784529278616,77202519.9730257
1818,-1.0174190442714552,21230752.64639737
1819,-0.7606237141553059,14303066.396664564
1820,-2.1575313794766076,88980160.80665226
1821,-0.8263223241048546,15847241.693963973
1822,-0.3803377220579298,7798820.593780682
1823,0.1940598666483808,3077488.95279698
1824,0.585807283197366,1649007.2240402068
1825,-0.5660319055186319,10510365.42908096
1826,0.4731336082650324,1969865.4529953406
1827,-1.027668313927216,21560373.821674336
1828,-1.075481915820266,23157190.26821057
1829,0.2994139321753295,2598298.376792625
1830,-1.3028490153600139,32177677.25784387
1831,-1.0912894275120448,23706943.588077765
1832,1.0827743999247015,769555.7051095052
1833,-0.8494490677426195,16426022.525608145
1834,0.4838543425757225,1936694.506733665
1835,1.43012697747339,463564.74840738135
1836,-0.3240294654552265,7120417.008210412
1837,0.618005186871384,1567784.1572142094
1838,0.21806759189788785,2960830.559569194
1839,0.33670891766956296,2447730.778178182
1840,-2.7598877773693387,143166254.60784686
1841,-0.30904388920052056,6949839.37849657
1842,-0.32815052665932726,7168042.502099637
1843,0.24226145488992712,2847861.8682188448
1844,1.4074342859406421,478829.86466761725
1845,0.5697729622281882,1691097.8140372578
1846,-0.20725948498467395,5893246.941983831
1847,-0.8859492406599364,17378484.655817438
1848,1.1819345504497187,664325.6307095463
1849,-0.5310458253473831,9938360.648932915
1850,-0.0036890524408269235,4236252.700956282
1851,0.9430429498239541,949587.9140378133
1852,-1.7710343850005659,58972147.3240557
1853,-1.8979124947184236,68134280.81025599
1854,0.6917772291223555,1397197.145859664
1855,0.913377388444787,993360.4600553535
1856,0.9849975750929725,891183.8142599581
1857,1.1892685837297459,657187.7566457097
1858,-0.3438696154063824,7352587.207463446
1859,-0.18308889896222913,5666710.855607042
1860,0.407326053106089,2186915.5981236747
1861,0.6198372905414254,1563291.1734301415
1862,1.3220222934204404,541424.0972216695
1863,1.0989557139851451,751217.3382861319
1864,-0.43186424384665256,8474599.675166618
1865,0.8451428721104273,1102467.500070134
1866,-0.677163788298107,12541661.239256935
1867,0.2940959038529288,2620536.35732413
1868,-1.427178656934404,38184788.97056256
1869,2.128804112157333,179846.74250382083
1870,-1.7918612899900173,60424085.09201389
1871,0.9218249525863093,980679.4173942361
1872,0.27170583110827634,2716341.6841181563
1873,-0.06920060101421072,4710887.759238543
1874,0.6544275079325759,1480966.416115835
1875,-0.21000472392302497,5919538.961139812
1876,-0.5118046456576468,9636592.35681814
1877,-0.4871539169338928,9262815.61195098
1878,0.08211015442791685,3686926.3555730823
1879,0.8497793182187757,1094661.988600681
1880,0.5939524550454871,1628049.688236535
1881,-0.6693058001507002,12386679.495468449
1882,-0.4150378252089724,8247888.982071891
1883,-0.9946372458114562,20513748.846199494
1884,-1.5035043184054884,42268562.26239496
1885,0.0035376594993326476,4186942.7979919007
1886,0.8151416319293464,1154433.992313155
1887,-0.2540629231569396,6357767.275570944
1888,-1.6718052141809203,52348717.79046189
1889,-1.6374138728613468,50169385.482668474
1890,-0.9528933710559733,19254851.633593783
1891,0.3966805934036447,2224305.8012164608
1892,-0.3329842515289316,7224302.332426784
1893,2.1300735807039928,179553.52968512053
1894,-0.8156744019372328,15587048.378821831
1895,0.27541675899781715,2700216.2987315794
1896,-0.018118264003530903,4336470.873361923
1897,-0.7362471028195807,13766227.34275487
1898,0.9079052817072473,1001668.685634166
1899,0.05295938955903293,3864947.5207289685
1900,-0.7407198591291781,13863312.248561313
1901,-0.6673238528612718,12347874.17958265
1902,0.1638019349523226,3231268.168116104
1903,-0.7778804994663104,14694708.588701516
1904,-0.10904163930806421,5025353.627831737
1905,-0.3484511133130061,7407245.404594928
1906,0.3322093312576716,2465406.810288118
1907,-2.474318383854428,117026286.83822693
1908,0.8185184508050306,1148456.3818452267
1909,0.34192350481198175,2427410.17791515
1910,0.5420384604739104,1766590.9414749267
1911,1.0316918065544864,830695.0394473665
1912,0.602077327329323,1607423.7396131046
1913,0.9043849781045622,1007052.8760110518
1914,-0.863536130882238,16787891.315433174
1915,-0.2825300638132807,6657829.45514643
1916,1.2272607012764083,621522.3841036808
1917,1.001780978374103,868912.8552101464
1918,-1.182969400089023,27117648.455728646
1919,-0.5348513882414756,9999107.489761408
1920,-1.0917074414343089,23721630.945688415
1921,-0.11762998070581608,5095853.898892922
1922,0.4458514789541342,2056985.544926548
1923,-0.6504836434262022,12022723.91940474
1924,0.42483231755501333,2126844.870101726
1925,0.3185272122269668,2519972.1184370555
1926,1.1765062671606097,669662.9677311045
1927,-0.46482219906926026,8936280.764862556
1928,-0.6533760621451453,12077992.675152045
1929,-0.8935638566494146,17583343.89667155
1930,0.06045308730098277,3818366.03286892
1931,0.21131564477824302,2993172.912811671
1932,-0.05239306457958399,4584229.193824915
1933,0.3306010335426909,2471756.84036652
1934,0.6271016317162748,1545609.6662391948
1935,1.0537699277513302,803649.6832997221
1936,-1.0590613520045065,22597699.238969307
1937,1.328841192243798,536111.3768248947
1938,-0.7889346969384364,14950737.488320401
1939,0.26806180487585934,2732273.0775593603
1940,1.7050437213788132,315652.64815193927
1941,0.8738030210056499,1055153.0855930834
1942,2.025791553116336,205523.42327572813
1943,0.6385739175283158,1518114.6065626394
1944,-0.3213089153915431,7089147.009966685
1945,-0.11178210533172422,5047742.847895312
1946,0.3534529634217468,2383099.8851290457
1947,-2.106535409045227,84693091.09557351
1948,0.5449719186803434,1758441.209403677
1949,-0.005682103744792234,4249954.885738462
1950,-1.148783439234375,25800769.670417905
1951,-1.1139932326914321,24515937.670669895
1952,-0.4745807566112216,9077581.721843071
1953,0.6670043249862945,1452180.2695059604
1954,-0.8711515726491996,16986500.880747825
1955,-0.6019110969976593,11129455.478009459
1956,2.211806997393901,161753.73797920757
1957,-1.1137089920346268,24505666.73323948
1958,0.02634962081526006,4035068.4366469476
1959,-0.5343784391773884,9991538.688544305
1960,1.4087557925193925,477925.93653599283
1961,-0.6618110436726482,12240535.296551054
1962,0.6095359768630979,1588731.465812434
1963,-0.940788084720272,18902769.66240633
1964,-0.23795544332452825,6193946.292693535
1965,0.2757523193070094,2698763.0418457096
1966,-0.2824228600781513,6656673.652256779
1967,1.4601259035277607,444198.95730009745
1968,1.17642635071029,669741.8923920303
1969,0.016105595723283978,4102567.236506093
1970,-0.38191961627243565,7818764.101042995
1971,-0.6451838462222763,11922071.025479447
1972,0.39928302671605015,2215104.209879051
1973,2.3092390308137967,143063.64227883628
1974,2.086417751328701,189950.89055591237
1975,-0.22088765221007,6024918.993182781
1976,0.8762548861239678,1051207.444245623
1977,1.2700695304700398,583841.5301189313
1978,-0.4205108137572648,8320975.529670941
1979,-0.09950356749184176,4948202.247876087
1980,-0.5180364403091613,9733353.68523764
1981,1.0018903631236908,868769.6869087052
1982,0.4154101492963442,2158959.2464376604
1983,-0.17056949984662487,5552802.794936327
1984,-0.4928905951629973,9348535.34012157
1985,-0.6425744087749095,11872804.720418159
1986,-0.8649200265920747,16823826.582085785
1987,1.2627908005020707,590068.5846508789
1988,0.17957720364048532,3150135.027996701
1989,1.3058909687167644,554222.8194444862
1990,3.4942871974346994e-05,4210769.907249808
1991,-1.2378100707320743,29345653.62430999
1992,2.1803306108680958,168363.88064564124
1993,2.1714960893788797,170273.06148055877
1994,-0.06561802790235907,4683598.07495231
1995,1.1901417548425226,656343.5078104767
1996,-1.057255237322483,22536874.518960327
1997,-0.28354267633556485,6668756.567830674
1998,-0.7919525339790886,15021341.917347992
1999,-0.982849556366201,20151136.30304147
2000,-0.5299764102614554,9921353.619907124
2001,1.4098699867174034,477165.26715046045
2002,1.019498997357902,846050.6965170907
2003,-0.23534419461314082,6167785.12048201
2004,0.7317463899432088,1313086.9202636862
2005,0.5198129854816993,1829640.7866416136
2006,-2.253083254118955,97216799.22035521
2007,0.6859459269209488,1409938.1872405894
2008,-1.179245842861676,26971561.33110039
2009,0.2288825636682188,2909772.800387414
2010,0.9258397621048174,974713.5798989931
2011,-1.1377023644222748,25385539.47543963
2012,-1.1537784230578572,25989790.97923333
2013,-0.13915783706557336,5276954.88503081
2014,0.7615651991267878,1253845.5242785534
2015,0.9193866440550309,984321.7545958702
2016,0.47933339225260063,1950610.9286442057
2017,0.4871170897156274,1926715.6629595598
2018,0.1859375311060847,3118016.9449848887
2019,1.7977491300262902,278243.1387024321
2020,0.00656381870111478,4166467.3075853195
2021,1.018896063348668,846817.9345507293
2022,-0.32713084723753744,7156229.443289667
2023,-0.8115752123114013,15487922.894273976
2024,-1.4759936089803831,40761526.08653741
2025,1.4304750462433842,463334.8052181247
2026,-0.5077292232209933,9573812.95980423
2027,1.0092344087328267,859215.322137969
2028,0.6846085341660101,1412877.6228419896
2029,1.1118517712387346,736940.8364910226
2030,-0.5586285337680157,10386763.992322614
2031,0.01826824231654182,4088222.7439944916
2032,0.46028970847423123,2010389.4409151694
2033,1.13387666538398,713233.2923571955
2034,1.7398541804643677,300988.080175841
2035,-0.31526107592375696,7020115.437693393
2036,-0.0705598577601189,4721283.480906289
2037,1.4139891518368548,474364.58994806185
2038,0.984669171518238,891625.6778071573
2039,0.10896931663143691,3530291.0559324613
2040,-2.020334305477341,77646839.0774402
2041,-1.2346695371832936,29214159.301473267
2042,-0.3440007561294878,7354146.23779198
2043,-1.2292029666332045,28986414.560632076
2044,0.9982588563806599,873536.398751037
2045,-0.0993961053411344,4947339.810884784
2046,-0.10999558815675942,5033135.940920146
2047,0.23437704558893258,2884181.0721885697
2048,1.667286101331076,332459.91829999746
2049,-0.5960731664199144,11026418.85642975
2050,0.42172818034998577,2137369.6107253674
2051,1.1459914327498184,700546.4801107775
2052,-0.10318358271139974,4977827.366965991
2053,0.7115786884734764,1354835.0232939802
2054,-0.6963663042591253,12928053.261790337
2055,-2.2408108682613723,96145494.93467318
2056,0.23888354404046858,2863364.071786609
2057,-0.5503233000793464,10249755.042477977
2058,-0.7482704742735667,14028643.131524358
2059,-0.1798391141001343,5636920.854999827
2060,-0.04114430910749314,4501381.487462173
2061,0.88647362554879,1034932.3152386297
2062,-0.16917412640529927,5540249.1160605475
2063,0.6341194852906744,1528728.4836393741
2064,0.13726652426476865,3372600.1519359145
2065,-0.6890274083545013,12779086.037802238
2066,-0.18862597585783197,5717829.346705668
2067,-2.581466538431096,126825675.35839686
2068,-0.04946716648151439,4562533.093824588
2069,-1.8300371497594237,63139436.779550046
2070,-0.004335069798975948,4240689.156932153
2071,0.26382571422193773,2750914.1587071232
2072,0.19350463686859926,3080242.0894299825
2073,-0.929576337306475,18581780.747019727
2074,0.2811915812925804,2675318.782140918
2075,-0.6422222624541299,11866170.871392887
2076,-1.2301339498252848,29025098.332777616
2077,-0.46120673690408925,8884470.881281454
2078,0.11378340910412078,3502941.732671711
2079,-1.6224717236289925,49241500.23941195
2080,0.9129476992275054,994010.1703082736
2081,-1.9490068687212894,72028964.43420996
2082,1.0636693013904743,791833.2123765599
2083,0.5343017138875427,1788275.9856742255
2084,-1.1396309875583785,25457403.640199378
2085,-0.39634079599273003,8002884.415725282
2086,0.21862407939208622,2958181.016994973
2087,0.07318670096205637,3740517.332925688
2088,0.8286459633324721,1130726.0064036546
2089,1.1555391738215064,690720.3859670728
2090,2.2290616476969047,158253.71260803277
2091,-0.18403474343568835,5675410.597457881
2092,1.515287880456259,410868.7938735055
2093,-1.2361397206537001,29275656.35160355
2094,-0.5255305287078156,9850948.457187755
2095,-0.4100217080664899,8181451.46667028
2096,0.34615141909177904,2411062.9532311545
2097,0.08112597902360719,3692798.410752228
2098,-0.9380827091037603,18824868.316026993
2099,0.41134305166935015,2172977.2194928564
2100,0.7825027934052861,1213951.0172857223
2101,-1.0621697124752985,22702710.139031846
2102,1.2351128370268167,614417.0534116946
2103,0.5653400420511522,1702932.7465152724
2104,-1.6065185285980559,48263591.36877982
2105,-0.30915442707466523,6951082.786175111
2106,0.7977192378206976,1185806.7415406755
2107,0.13624982819040835,3378139.326480865
2108,0.9014801545264661,1011519.0722523688
2109,-1.565474881099616,45808525.36029021
2110,-0.009623869023812189,4277186.514643806
2111,0.8669984888542832,1066186.4733432191
2112,-0.4683508998903648,8987128.56182253
2113,-0.969417904856913,19744819.347279605
2114,-0.1550921516568974,5415131.912987696
2115,-0.8948718146763462,17618749.656714633
2116,-0.4138162293997402,8231661.05452406
2117,-0.530875718178135,9935653.550600478
2118,-1.7640912978391081,58492796.82992204
2119,-1.7670479869418563,58696638.79688928
2120,2.423165771611495,124207.99467253988
2121,0.22844760240252168,2911808.6809737
2122,-0.7022212229324364,13048058.182834802
2123,-1.915964234280834,69497427.30559132
2124,-0.6008028498183525,11109825.56957104
2125,-1.7474136233496076,57351024.42922917
2126,-0.34740930021045197,7394781.522360672
2127,-2.0477610799324975,79859717.11507264
2128,1.785223302757567,282997.46601120057
2129,0.4429970369828886,2066330.358423466
2130,-0.8076694233825359,15394009.797900824
2131,-1.3173573474609883,32838107.944148548
2132,-0.2677232800339863,6500051.890500407
2133,1.612713600960427,358528.88737601857
2134,0.40747381923117604,2186401.225966048
2135,0.4464853166483,2054916.4919448302
2136,-0.7905128960083587,14987622.537022002
2137,1.0081568745086045,860610.043086198
2138,-1.1334302284517306,25226957.631165363
2139,1.707686660455984,314511.9142514227
2140,0.052721873540134946,3866433.3435166
2141,-1.559874055307565,45480323.94836525
2142,-1.0932447327427852,23775711.91532463
2143,0.5157099199575567,1841536.356989751
2144,-2.255570371792476,97434352.01679598
2145,0.07910988310947087,3704857.1321596415
2146,0.22841345523818846,2911968.572293221
2147,-0.7935649913516079,15059191.617913019
2148,-0.6427072734329045,11875308.575641926
2149,-0.5427494744313466,10126316.960926171
2150,-0.29647957981093714,6809923.610298899
2151,-1.0461477408730104,22165894.64895283
2152,-0.2687976555882639,6511374.953209948
2153,-0.7669780021834565,14446145.116831511
2154,0.2612996421912924,2762092.6254402106
2155,-0.06519631931283734,4680396.254919807
2156,-1.0323561357375035,21712609.80299027
2157,0.15076157882237606,3299949.807959055
2158,0.6681467314843604,1449594.9826696506
2159,-0.40051013114418454,8056898.13779146
2160,-2.7573524143387638,142935091.19740728
2161,-0.4225934184393421,8348951.568040223
2162,0.6248505935397053,1551066.0470680567
2163,0.77358978557781,1230766.1889497235
2164,1.1460940327536553,700440.0863329251
2165,-0.9586704227712223,19424912.475838125
2166,-1.5323324144485986,43890299.23420852
2167,-0.7363574110859498,13768614.085588435
2168,-1.5341202370753768,43992307.7913056
2169,-0.19099567313251326,5739846.450208125
2170,-2.112856054548484,85219922.25805497
2171,-0.46605463022506827,8954008.186543467
2172,1.3565553341575685,515098.17349971796
2173,-0.727801877835482,13584631.764977103
2174,-1.7575981935957903,58046646.916922964
2175,0.4539861726068574,2030595.6045337752
2176,-0.13919991436769985,5277315.086432149
2177,0.012932292842214097,4123707.5745618306
2178,0.8474202664375882,1098626.073204854
2179,-0.4540680963300872,8783024.337422607
2180,-1.2373786328474077,29327560.913734328
2181,-0.5301246108524335,9923708.807001362
2182,0.7760512973332496,1226097.687555343
2183,-0.7210175560319277,13440362.160507767
2184,1.4869966376781192,427605.65976209095
2185,-0.5335950747069818,9979014.234689271
2186,0.4390675877697326,2079267.047056278
2187,1.6628665406711316,334491.151402683
2188,-0.6553416799979693,12115688.121383274
2189,-0.1355514334590869,5246173.532291709
2190,1.7516011569297332,296211.20441083034
2191,-0.6881162281265586,12760702.858236793
2192,0.18236889112177573,3135996.121746483
2193,-1.6511388867566577,51031838.02209751
2194,-0.5814544654595878,10772360.515180487
2195,0.7946140210946167,1191493.1623141367
2196,0.46831337965035924,1984972.8102117116
2197,0.35760320402342377,2367355.7116512563
2198,0.7005047160953002,1378355.5380780285
2199,0.6140672592829346,1577487.556766126
2200,-1.586394591811962,47048885.258301504
2201,-0.3322177781019414,7215352.527347557
2202,1.6255435411040458,352202.8986080382
2203,1.2189962744954388,629097.5470641106
2204,-0.6272869399719262,11588006.790938072
2205,-0.4794147774866143,9148372.5691205
2206,0.7926981707656751,1195016.0487755549
2207,1.1781046991288855,668086.4930007075
2208,1.0151060788390736,851657.9291169908
2209,0.0033632812339039987,4188125.7676765183
2210,-1.274651073330746,30924179.897008
2211,-2.2418216635172756,96233592.20549193
2212,0.9225182596691981,979646.39992549
2213,-0.12235453134923882,5135058.441093092
2214,0.5105745259673716,1856539.2037737078
2215,0.28237906880000796,2670228.509781587
2216,0.06243627521037195,3806134.09843958
2217,0.32355875723156613,2499761.9755689916
2218,-0.7035875339585584,13076211.688032666
2219,1.5080605697954896,415074.7291321288
2220,0.12109052496849457,3461841.8113841116
2221,1.647954660281807,341446.6514583921
2222,0.6622434427909067,1463006.870395404
2223,0.03773418133123288,3961374.0247881697
2224,0.9703007594788313,911190.9377265512
2225,-0.26748495252025606,6497542.744147564
2226,-0.8404686404719002,16199033.85355643
2227,0.4715281708593666,1974883.7503462483
2228,0.23927494827909027,2861563.3631529147
2229,-0.6454397775274062,11926913.364458399
2230,-0.8972496961909604,17683281.440004513
2231,-0.2503261353305098,6319384.521024276
2232,-1.2145128165164025,28381553.33363087
2233,-0.5374770915219681,10041227.54327349
2234,0.3752597066648868,2301572.227930983
2235,0.1282060414994901,3422292.627936964
2236,2.0531830840743246,198317.69397933528
2237,-0.4672207623875179,8970813.210088063
2238,0.8952445705271541,1021178.2027881935
2239,-0.19261679466423792,5754957.0229373835
2240,0.24043939350270954,2856213.065488844
2241,0.7036146426158651,1371706.8161606085
2242,0.10468506563081045,3554813.44196854
2243,-0.6559617875082542,12127603.083772661
2244,-0.019356722356146827,4345183.42696923
2245,0.587204711277958,1645391.5469235645
2246,0.890311942562986,1028889.014657201
2247,-0.19159505190692408,5745428.692391774
2248,1.6044063905222703,362691.7936079542
2249,0.17792331944497197,3158542.179606644
2250,-0.578050187704208,10714000.708253464
2251,1.1056160195947586,743807.0580149742
2252,-2.1913633695406514,91867974.86773571
2253,-2.6669225781248076,134663824.01345158
2254,-0.3714136741948429,7687238.285675385
2255,-1.6674287372863208,52068019.34753436
2256,0.020174612657398918,4075620.2242610264
2257,0.6140953688844661,1577418.0681983375
2258,2.150887828755619,174821.40768311897
2259,0.9284794066767581,970812.4079292746
2260,0.9530385239087904,935309.3507539075
2261,1.7682624793965103,289579.53376130003
2262,1.5406946727588025,396451.7213985223
2263,2.368818190391877,132831.53584037264
2264,0.26953026630364524,2725841.514590018
2265,0.8745761672372213,1053907.1988420174
2266,-0.8310299220445461,15963532.271623818
2267,1.1182704363265894,729944.8444500504
2268,-1.266425106670591,30565940.375768486
2269,-0.4706133693757382,9019877.029620653
2270,-1.4879096341291407,41409421.78795741
2271,-0.6683540263699179,12368030.105007054
2272,-0.4664937965079536,8960333.40146492
2273,-0.43557818060670933,8525447.631972436
2274,-1.2299974478963616,29019423.84541957
2275,-0.2429157616755235,6243944.939204746
2276,-1.6813559062517298,52964673.129784055
2277,-0.10125069805127151,4962245.010552677
2278,-0.13704223266983773,5258875.96747341
2279,-0.21559746634020444,5973463.286926269
2280,1.1967023968920654,650037.7566735876
2281,-0.43062374904671824,8457681.498511238
2282,0.5031629054853473,1878418.200136031
2283,-1.9305810803977883,70611549.63440771
2284,0.6270627579349248,1545703.7218337741
2285,0.22491926596958667,2928377.6751937065
2286,-0.7039595554408876,13083887.168369565
2287,0.018957202656369132,4083663.6570681357
2288,0.3644851600798959,2341486.144779958
2289,1.885476974359481,247329.47483622085
2290,1.47206464651856,436740.68607980164
2291,0.7209675926004077,1335226.954436833
2292,-0.9545425613233051,19303264.65632142
2293,-0.19631399758760404,5789567.049626274
2294,1.252770646127738,598759.7378414968
2295,-0.05188841088343711,4580479.687043554
2296,0.17773467314581778,3159502.581447804
2297,-1.1639597030333177,26378651.916352388
2298,-1.714783335588635,55156949.05029929
2299,0.03537029345056377,3976562.8090807823
2300,-1.1318238589769136,25167544.801341373
2301,-0.9148707835487072,18168118.52234254
2302,-0.7035451643652886,13075337.792304901
2303,-0.6397534657594547,11819760.741910292
2304,1.7362785896529118,302458.99860387243
2305,-1.4310852569096584,38386431.39643343
2306,0.7920823946613211,1196150.7002477392
2307,-0.19155818275441264,5745085.16014132
2308,-0.29342483511503886,6776327.192377174
2309,0.4269506144703577,2119693.6976680006
2310,0.8632373992830635,1072337.9054907418
2311,-2.029705406305551,78399758.30351934
2312,-0.7808269677371749,14762556.034823582
2313,-0.0032276232687926303,4233086.758226452
2314,-0.5909938165070928,10937507.091968425
2315,-0.9038705345387176,17864076.910862528
2316,0.9192487041861884,984528.2420002846
2317,-0.6884779577477801,12767997.842056043
2318,1.4706095152129215,437642.31264150236
2319,0.9410548692958418,952455.6848375875
2320,0.10680438558135381,3542661.1464907876
2321,0.1007490615612181,3577495.5982310525
2322,0.7329672105400677,1310603.995711977
2323,-1.3494679509811096,34337587.69625703
2324,-0.819934774104281,15690684.365012664
2325,-0.08218201142061475,4811117.701154403
2326,-1.8869911301192397,67316536.1021524
2327,1.2080402011542888,639295.1782271678
2328,0.18413487887197508,3127085.6411401546
2329,0.47860359315082845,1952867.190258581
2330,-1.085373497237649,23499910.1325955
2331,-1.1351407668108728,25290352.73179537
2332,0.06318049269645655,3801554.1867913236
2333,-0.44444068930495345,8647982.39341067
2334,0.5847216887397994,1651821.8427819293
2335,0.40177546688259574,2206328.6657185866
2336,-0.7011143717886208,13025292.395112684
2337,1.4873133061308328,427414.21961286245
2338,0.9378635587929801,957078.5604470129
2339,1.5464906611244178,393241.4618498744
2340,0.9417691123582861,951424.3327349534
2341,0.1925487653973614,3084987.7527752477
2342,-0.034195921070991606,4450961.891285327
2343,-0.5174169251531849,9723692.896175247
2344,-0.24181697129698748,6232835.0948333545
2345,0.9388311988991962,955674.3140244575
2346,-0.7015116455586566,13033459.286477197
2347,-0.3768481204023736,7755001.247239902
2348,0.667156717902286,1451835.119758623
2349,2.5353916871392697,108312.63925421519
2350,-0.8775409060199556,17154764.806490492
2351,-0.8825340248875462,17287301.898075406
2352,0.5937119239406509,1628664.5382539886
2353,0.9505517526043871,938839.9869355552
2354,-1.5374691128524254,44183836.54160045
2355,1.0684449970657703,786199.9099198561
2356,-1.004132034152513,20809965.612204775
2357,0.9942836705083213,878786.5391845086
2358,1.250346350211122,600883.3939683425
2359,-0.08946496790732023,4868285.068168629
2360,1.124870481382712,722826.1237697884
2361,-0.19190717869957008,5748337.7858394515
2362,0.7917774328060916,1196713.0590434275
2363,1.3898301320482265,491051.88829098095
2364,-0.2477402696813882,6292957.832068845
2365,-2.1910031693214465,91837056.3212534
2366,-0.4524504110675338,8760191.660122104
2367,1.7168947902750227,310573.08099695167
2368,0.6517678216681936,1487130.9106945882
2369,-1.4298048340746718,38320253.903875664
2370,-1.134490724452641,25266245.44887999
2371,-1.0358158575723309,21825559.689373426
2372,-0.6546272402500061,12101974.256831061
2373,-1.0257610753100603,21498701.966965817
2374,1.969751701547239,221193.97586548742
2375,0.6814403716160717,1419866.807721899
2376,0.49645561241924513,1898450.911745171
2377,0.6458071208105949,1501045.056980847
2378,-1.8032860923329033,61229436.67561985
2379,1.7081083607789187,314330.324696902
2380,1.3586875152217022,513519.27047936403
2381,1.2851935066273437,571130.7473319421
2382,-0.007050443586726925,4259388.125905946
2383,1.4563240791845338,446603.3038878292
2384,0.45360566179346984,2031822.1119737115
2385,0.3353124353001234,2453202.575608664
2386,-1.2338428969487265,29179627.409513474
2387,2.069345176486714,194198.58150950316
2388,1.0199885402107491,845428.3009215979
2389,1.1685274279607536,677592.864032663
2390,1.184475495857007,661843.1535829274
2391,0.3019548545907596,2587742.1691674693
2392,1.025710080661702,838190.5369146685
2393,1.4135427317943539,474667.2439860616
2394,0.11737640960656524,3482670.513817778
2395,-1.321517088186146,33029415.61564342
2396,-0.5451352703302212,10165046.635972885
2397,-0.18678049320055048,5700740.997776262
2398,-0.29473411756578954,6790706.794199863
2399,-1.2052523545697873,28005584.79066394
2400,0.7091839566361622,1359884.9907363034
2401,-0.4762550097487237,9102040.001823027
2402,0.5337037353895605,1789963.6307401855
2403,0.9616870215862815,923141.1852246531
2404,-0.18269615943381617,5663102.395675278
2405,0.5972726821989384,1619587.4032096849
2406,-0.1622383038818674,5478268.616941781
2407,1.0256400066462612,838278.7754371081
2408,-0.12914280531121486,5191916.994283264
2409,0.7266742347245767,1323456.3625204533
2410,-1.008528384996672,20948382.203365527
2411,-0.7241758261117505,13507345.406442957
2412,-1.641418085742434,50419999.8469605
2413,-0.335543585816597,7254265.587002282
2414,1.8622343612683065,255130.0222578209
2415,-0.34572415383507193,7374664.484149634
2416,0.051370246681243154,3874899.731506767
2417,-0.7763482551972015,14659539.399451412
2418,-0.07517784372753877,4756774.879600372
2419,0.27227602136367407,2713857.5439935494
2420,-0.30927990619082474,6952494.52848918
2421,0.6082448144044184,1591950.8003706126
2422,0.7194775531510957,1338318.586929196
2423,-1.1107201760897838,24397887.019508094
2424,-1.2649775404415577,30503244.535856918
2425,-0.9797562817570523,20056917.099159468
2426,1.692105353177698,321303.60045969905
2427,0.07958469342222152,3702013.582204618
2428,0.3021110085145109,2587094.8792409534
2429,1.1924313272626819,654135.3668060581
2430,0.6352314490817942,1526071.6132832263
2431,-0.5151908581596445,9689055.173709119
2432,1.3353472611840553,531095.488936374
2433,0.4283772664575549,2114891.58503149
2434,-0.48269939552876845,9196776.743734457
2435,-0.4420481516189555,8614735.666971345
2436,-1.2010117138454088,27834785.63197361
2437,-0.8925602131529978,17556219.05191875
2438,0.41775411284938047,2150923.1859391946
2439,-0.5657917819780454,10506334.605241485
2440,-0.9889042659700594,20336683.358683523
2441,-0.5379241687046633,10048416.185827883
2442,-0.2140989852873796,5958967.532420961
2443,-0.7595437430775639,14278879.069252372
2444,-1.2212385692260594,28657193.17673601
2445,0.46500958675349574,1995397.3405878877
2446,0.9234809766797695,978213.9013821468
2447,-1.7920236219495729,60435484.272417285
2448,0.45735193769797705,2019780.2866635474
2449,-0.9210400316164131,18340647.691932555
2450,-0.9367870917297476,18787661.963782012
2451,0.7402146404545861,1295966.3579526073
2452,-1.0007476182183122,20703953.47141144
2453,0.8469547145807346,1099410.1845891979
2454,1.8458572403930376,260790.7465439428
2455,-0.1305807215327291,5204041.593610739
2456,0.18866516349148568,3104346.1672430667
2457,-1.1201982473027132,24741061.7455448
2458,-0.7039182809015718,13083035.392563548
2459,0.2642388559289942,2749090.3532282305
2460,-0.625816449513292,11560954.503386397
2461,0.4849903652323025,1933213.9516633693
2462,-1.4601130371872038,39909612.75216189
2463,-0.8340065610724162,16037463.246952936
2464,1.0918302392122068,759233.7400618108
2465,0.9313344666809553,966611.7280180936
2466,1.0826622318166017,769684.5036835276
2467,0.17852427731360374,3155484.68673741
2468,0.14839415094279487,3312578.0612237216
2469,-1.2334128825322717,29161677.183004078
2470,0.5759552284531058,1674736.7877338128
2471,0.1603033381975196,3249549.8552958174
2472,0.2669287392570157,2737246.3746537217
2473,-1.1905098165629326,27415485.97268618
2474,-1.5416205616219092,44422081.383274734
2475,0.13767055050621033,3370401.5102941333
2476,-0.8281339292548803,15891901.791009206
2477,0.863676143741482,1071618.3670043077
2478,-2.133768794970802,86972282.52343673
2479,-0.49456204029121975,9373653.979844837
2480,0.2821250498119731,2671316.5435412377
2481,-1.4992599977237484,42033473.17989166
2482,1.900717999810462,242358.5965758184
2483,0.5419690005363865,1766784.395110955
2484,2.1677055770796705,171099.62019178996
2485,1.8048413413658,275590.5839475461
2486,-0.8403503157666645,16196062.164888816
2487,0.9399949725657146,953988.3671971362
2488,0.8020153270692638,1177987.1834264984
2489,-0.4355574714466114,8525163.282285776
2490,-1.0374102547989548,21877783.022178207
2491,-0.39851019452272307,8030944.831431371
2492,-1.6294517675070868,49673514.267789625
2493,0.34138832526547763,2429487.628543181
2494,1.9418249457780146,229497.29789763544
2495,-0.9690037205254954,19732405.355513074
2496,-1.3208735210046885,32999760.732379638
2497,-0.5073846170926636,9568522.551490495
2498,-0.8404050201796033,16197435.98795553
2499,-1.7805715129997601,59634417.05279722
2500,0.34196392534234266,2427253.349034291
2501,-1.1841570455066688,27164380.96352461
2502,-0.7503509541525313,14074517.25231239
2503,0.14960282219476498,3306124.6425797334
2504,-0.3706908292275115,7678268.688773732
2505,-0.3082410182976821,6940814.6823739
2506,-0.45911307697660997,8854601.327226428
2507,0.25732026546222536,2779797.416691858
2508,0.5146460539018797,1844633.9277865416
2509,0.8871972311883534,1033790.1211039186
2510,-0.8207084323873451,15709571.279644817
2511,0.2390041331139449,2862809.160968647
2512,-1.7869959967465443,60083026.025983736
2513,-0.8878484249653767,17429377.657338344
2514,-0.5127417265736863,9651083.278114513
2515,0.6310273167821226,1536142.4636068908
2516,0.04720570965907742,3901104.3194183884
2517,-0.29932620255318915,6841378.65202442
2518,-1.0199730749892568,21312479.27165813
2519,0.37837969962319223,2290146.8047186784
2520,-1.9935812054314708,75515949.52369423
2521,0.2980644085920277,2603923.0371212475
2522,0.6901164727475839,1400813.3283834895
2523,1.2439911611520729,606489.5328935419
2524,-0.9820763713033436,20127549.22851519
2525,0.7390756378113578,1298255.2524805649
2526,-0.8928645521221508,17564440.263600428
2527,0.1502043663128044,3302917.6329950946
2528,0.7954410404145921,1189975.8514713824
2529,0.06794528407790061,3772364.1367712514
2530,1.846366209984692,260612.73316240305
2531,-1.7340837644662823,56448316.58368592
2532,0.5875889042830444,1644398.9574792907
2533,0.026014718010845428,4037257.2478859974
2534,0.8498457212667311,1094550.6282311545
2535,1.0040706313143442,865921.3366722069
2536,-0.6028566889046677,11146230.311828589
2537,-0.4546644515206397,8791456.047011135
2538,0.9138836374895454,992595.5720877774
2539,0.14906081776464059,3309016.9568571867
2540,0.24909170459937177,2816779.4408933856
2541,1.0027740013835984,867614.0678315839
2542,-0.9911957516402302,20407295.671645302
2543,0.5681949787814992,1695300.7391636658
2544,1.7261877958452507,306653.29409706424
2545,0.2781523948830901,2688392.2184561226
2546,1.4371892132120074,458923.6707647774
2547,0.09749248649774747,3596373.8882605885
2548,-0.3735867306649566,7714264.833361439
2549,-1.7261443663709157,55914848.970445625
2550,-2.1053560753901572,84594939.07035957
2551,-0.7505511922809034,14078939.76151121
2552,0.3567019535446461,2370765.456550942
2553,-1.7910910555492208,60370015.40983101
2554,0.09272189790394496,3624212.3461726774
2555,-0.03930553637579728,4487983.030238124
2556,1.9789991629467254,218518.71706590737
2557,-0.8905837992021228,17502913.45589333
2558,-0.7759916690780594,14651365.878696607
2559,-0.6757442940593337,12513531.117761003
2560,0.18021806748773445,3146883.5102329315
2561,0.3348270905206168,2455107.255752303
2562,1.7646889577142224,290987.8952597846
2563,0.5373246431678489,1779770.0495000375
2564,1.6597817892620061,335917.0423502788
2565,1.129762719743366,717597.9816337272
2566,0.6691807717600314,1447259.1291990392
2567,0.5260639393475562,1811672.7477407972
2568,0.2726736034995273,2712126.7907388858
2569,-1.5226324407238732,43339762.47203215
2570,-0.8668778039178925,16874782.25602128
2571,0.41565356254842517,2158123.273141005
2572,0.22572437722617297,2924588.3683168907
2573,-0.6900001875312234,12798739.279125122
2574,-0.10435798181784774,4987318.98592586
2575,-2.0684814626601598,81549837.01846215
2576,-0.6687822736644712,12376418.074760588
2577,-0.6366419532337851,11761511.833870832
2578,1.6798626209598473,326754.05699842464
2579,0.6163175554217063,1571934.8973874259
2580,0.060682669035769236,3816947.973019664
2581,0.9234454568554193,978266.7140294393
2582,0.8669720028646246,1066229.6601582465
2583,-0.33684731927677136,7269575.77408095
2584,-0.24236914532157608,6238415.665680647
2585,1.042776161209723,816996.0926363717
2586,-1.6134891152219597,48689254.72863534
2587,0.215523362620316,2972975.2295369003
2588,-1.2585219091364968,30224898.771228414
2589,-0.3439262263207731,7353260.17099907
2590,1.1105020039531057,738421.2310331624
2591,-1.4578686679680337,39790276.15949661
2592,-0.4773818817385499,9118537.636796726
2593,-1.5254579799718724,43499621.43488359
2594,-0.7595650430702903,14279355.744917119
2595,-0.5308401588445647,9935087.745864514
2596,-0.5375859291162248,10042977.111565858
2597,-0.18521418962459846,5686277.602921294
2598,0.2145724977583849,2977527.240207279
2599,-0.10348850836332246,4980290.06634495
2600,0.925621584448007,975036.7799959858
2601,0.582453949959835,1657717.7363334175
2602,1.492341561442073,424387.01804734743
2603,2.4358533387420516,122286.20341141337
2604,0.5551399596592814,1730496.7326507387
2605,0.3202264586715151,2513127.924259425
2606,-0.8508820440548341,16462507.74652417
2607,0.931163484798205,966862.745449769
2608,0.3272782899937877,2484929.7300242446
2609,1.9497775575231202,227097.94373815582
2610,-1.7078208191907498,54695675.065966636
2611,0.707887764030504,1362626.7021756512
2612,-1.0503473089998119,22305533.03882349
2613,0.5794874820997953,1665463.7195681613
2614,0.014809448091906714,4111188.7978476775
2615,0.6340496270543344,1528895.5623867493
2616,-0.0702327162007492,4718779.365851651
2617,0.8055761330016565,1171547.6202279518
2618,-0.8881113604601475,17436434.154509746
2619,0.3908742853032677,2244979.187633174
2620,1.4702662504328436,437855.3041277065
2621,-1.2857267296565353,31411813.30776387
2622,1.4035327976573762,481509.4932781744
2623,0.6155052565287772,1573936.8827479617
2624,1.570625077804861,380178.7595581433
2625,-0.7002654923623932,13007857.673994627
2626,-0.022662877664606486,4368528.9071730655
2627,0.44292276105814155,2066574.112103382
2628,0.06351669473715012,3799487.0379650737
2629,0.6650351409078927,1456648.0269152825
2630,1.087094511091049,764612.7745297545
2631,-1.0157599283554841,21177808.573100388
2632,0.8610975442344762,1075854.6699248208
2633,-0.34598560061704503,7377782.083020048
2634,-0.08530361953295959,4835537.659812705
2635,-1.4614137819243471,39978895.75756378
2636,-1.62923188420818,49659866.64648398
2637,0.045571607776282004,3911435.692836119
2638,-0.9727689825182237,19845511.41531637
2639,0.13302340935173612,3395779.187148967
2640,0.7605731944014997,1255769.9766212315
2641,0.999068770384666,872470.8708082341
2642,-0.6856889481498786,12711852.648821656
2643,1.1119107497967164,736876.2234671365
2644,1.6370150125278573,346651.0745578136
2645,-1.4738405902791465,40645254.92283206
2646,-0.05104708583651694,4574235.624570275
2647,-0.3667838049315747,7629964.071550515
2648,0.10309391510824825,3563965.115841226
2649,1.452742308392656,448881.57354351255
2650,1.7797789286721029,285092.0120086489
2651,1.3392958057835984,528076.3802879177
2652,1.6262496929896724,351858.3192815904
2653,-0.2859999289008259,6695346.358689204
2654,0.5058307762447276,1870511.7243921265
2655,-1.3608361793843167,34881014.18047791
2656,2.1448894786205925,176170.6770715198
2657,-0.3488758061140963,7412332.176999674
2658,1.9569985978230775,224943.5077829732
2659,-0.9976578932969092,20607584.262500238
2660,0.5716218091135706,1686187.3904677923
2661,-0.773683906586234,14598569.505892213
2662,-0.7528445947466673,14129684.029520817
2663,0.3017706710533587,2588505.8628397165
2664,-0.4601810145931685,8869825.098253451
2665,-0.2034408207933639,5856867.182993254
2666,-0.43307389212294045,8491128.751381094
2667,1.2844808880210088,571722.8329111601
2668,-0.5461229751565586,10181121.859678725
2669,-0.15787638502848209,5439643.991797964
2670,1.0153909481629824,851293.1025480457
2671,0.5775040702667833,1670664.0105900746
2672,-0.6648810009005569,12300201.416109685
2673,-1.0349469320199158,21797144.081695605
2674,-0.19026192566807154,5733020.126358806
2675,-0.37849185920434597,7775611.865220036
2676,-0.887858612107012,17429651.005673617
2677,1.373376893919186,502784.5777986701
2678,-0.49943364495085574,9447235.712776933
2679,-1.1869787283808804,27275677.833569527
2680,2.5349543296363053,108369.9908729075
2681,1.8145482042454102,272005.54883586074
2682,-0.5573510742348989,10365577.057114955
2683,-0.47901193113035423,9142452.901070686
2684,1.7100275663579845,313505.3564038139
2685,-0.5057158315913016,9542942.967099197
2686,2.3565493452533386,134869.73446126157
2687,0.6710282474450525,1443095.6686118124
2688,0.5520538853318191,1738928.4281919159
2689,1.3765488702093207,500498.9765991627
2690,-0.5089580313006742,9592700.543501647
2691,0.7364416508755492,1303564.8732751308
2692,0.13145498319949486,3404388.2455134597
2693,-0.7929853708335509,15045575.96237635
2694,-0.151278906809787,5381739.337744045
2695,1.603950443377655,362921.81845740066
2696,1.3350478731847117,531325.1737441812
2697,0.18437230423548628,3125889.6677367967
2698,-0.5293812857403158,9911901.354750209
2699,-0.2783344396009977,6612742.225226776
2700,-0.047576876585765336,4548571.256193533
2701,-0.602236111911398,11135218.555431185
2702,-0.858994422987105,16670444.384821242
2703,0.6720341170548617,1440834.1774064437
2704,0.4196615647619456,2144406.6691882326
2705,-0.627405571539087,11590191.831156755
2706,-0.7533739600721574,14141420.833331078
2707,-0.7607419594311876,14305716.943257641
2708,-0.7782835992575725,14703973.702200849
2709,-0.6520685322851736,12052978.701358005
2710,1.86612917323846,253803.9919177744
2711,0.555041941190813,1730763.874564592
2712,0.2217224731952714,2943473.485384994
2713,-1.1366376022531757,25345937.38472933
2714,0.010505427021075202,4139949.603198998
2715,0.9262117546077089,974162.7894211407
2716,-0.3777297975702284,7766049.840923059
2717,-1.512969668287329,42796238.42751414
2718,0.4829025907357215,1939615.5392817124
2719,1.0726800514503538,781240.564250197
2720,-0.6667232356579396,12336136.977708437
2721,-0.5421609328698765,10116784.606613865
2722,-1.93341772550742,70828824.3333738
2723,-0.6176325684486412,11411483.335354568
2724,-2.3575122579097956,106465970.30034181
2725,-2.627873505159745,131082547.2230478
2726,-0.03185447283353907,4434100.24852184
2727,-0.35400563732991713,7474045.612406502
2728,0.3281000621114069,2481665.0915127518
2729,0.6713781648145933,1442308.52549135
2730,-0.27408301803985197,6567362.585105354
2731,-0.3831807188831787,7834698.896386475
2732,0.5564389711923013,1726960.465098771
2733,0.05091286691429709,3877768.9513562117
2734,-0.3753555788696949,7736332.657386392
2735,0.01028816199020004,4141406.8246707283
2736,0.8088918875325334,1165584.9646037444
2737,-0.5491098743895519,10229882.468136154
2738,0.15910501063544114,3255835.9593132306
2739,0.06898150346237934,3766046.280642271
2740,-0.6908272585865475,12815470.946316175
2741,-0.5930573373153725,10973545.788811477
2742,0.8251441394938881,1136823.423463602
2743,1.2097781945062105,637665.5666930568
2744,-1.0986150636551195,23965460.618049376
2745,-0.5150591795060399,9687009.957772989
2746,0.6721099514347558,1440663.8314889688
2747,0.3047914049169569,2576010.155401465
2748,0.20513124895840984,3023115.2080072113
2749,-0.6236663044000422,11521506.021592528
2750,-1.664068207559953,51853146.292505525
2751,-1.2604744327055435,30308869.07397624
2752,-0.016378217297502752,4324259.446882444
2753,-0.3084844636679613,6943549.920020854
2754,1.0724318248131446,781530.3084287303
2755,-0.3811655295414992,7809250.863010792
2756,-0.7356013650947091,13752263.183994887
2757,0.8904482025815471,1028675.1737846477
2758,-0.21314106406762073,5949719.255245446
2759,0.030120502747091025,4010506.0933409454
2760,1.494680506628508,422986.9294630766
2761,0.0053698275053171195,4174533.919061208
2762,0.1944232586645486,3075688.4215710233
2763,-0.08867059036253509,4862016.624902204
2764,0.14919476641285478,3308301.921986602
2765,-0.9622284202494886,19530309.062627196
2766,0.7102684536907856,1357595.5538960022
2767,-0.862295104400318,16755724.844937647
2768,-1.1039246340009066,24154325.416566473
2769,-1.444404003300412,39079857.35204748
2770,-2.4472028794738696,114559849.9611839
2771,-0.17798372734296294,5619982.956159111
2772,-1.3378313604925567,33788151.37343414
2773,0.7447690227379046,1286856.811608045
2774,-1.5699255339839344,46070497.25011423
2775,0.20348366893503575,3031143.8993031904
2776,-0.4083190280022091,8159018.257598113
2777,-1.838481179849469,63749318.25217647
2778,-1.241933571275653,29519032.73390462
2779,-1.132676224341167,25199055.538878568
2780,0.9695746014746486,912191.9212928449
2781,0.4160799419156432,2156659.7375964206
2782,0.262328559649835,2757533.778193674
2783,-1.8883110973565576,67415088.14320044
2784,0.5630184643512748,1709165.5789296103
2785,0.36639229460982015,2334369.2116451217
2786,-0.636213534990572,11753512.862067314
2787,-0.9137203554745535,18136106.28405533
2788,-1.6313585524028795,49791968.562251635
2789,0.1445104828371243,3333401.358699048
2790,0.11531743445282241,3494272.2812968045
2791,-0.1066620683035923,5005993.614615143
2792,0.6253911202097909,1549753.9908578056
2793,-1.805793782209535,61407042.81442401
2794,1.6488029039610392,341046.7329850256
2795,-1.1227103919141728,24832699.714041732
2796,0.8256952998876803,1135861.4136198037
2797,0.9725308816290974,908124.1708713155
2798,0.4843376650767447,1935212.898727238
2799,1.219323331427423,628795.864616683
2800,-0.35433464262487346,7478020.757615228
2801,1.0354549638651183,826016.6333771619
2802,-0.999078279815253,20651837.651726976
2803,-0.5199385806183164,9763073.406171478
2804,-1.1013559941442912,24062800.148781933
2805,-0.23721850566875297,6186552.065168645
2806,0.17690287747712985,3163740.840277343
2807,-1.125667549166563,24940937.334007125
2808,0.3536082317801624,2382508.9135660282
2809,-0.4484463973199854,8703923.957132503
2810,-0.28293117344729746,6662155.72083859
2811,-1.4049332422773058,37051670.04717096
2812,0.3483484824880595,2402613.133685848
2813,-0.8352291980409776,16067919.98994313
2814,1.180403433476496,665826.3999666502
2815,-0.23044944438158413,6119040.914400289
2816,-1.34355127446892,34057363.96619482
2817,-0.6307699171237949,11652320.769955358
2818,0.7016166012539089,1375974.5198844518
2819,0.6113069097726143,1584327.0507437044
2820,-0.045125620257776916,4530530.156129281
2821,0.07301652473524671,3741547.0147559103
2822,-0.6796357487473667,12590789.378828976
2823,-0.004731364519684741,4243412.993537518
2824,0.017993351291819806,4090043.2308169324
2825,-0.3927738529943797,7956954.63205518
2826,-0.9482164351266678,19118140.757866163
2827,-0.2391164423066778,6205613.19260277
2828,0.21583106886250134,2971503.7008706913
2829,0.271176866122247,2718648.316890025
2830,0.610120459795186,1587276.396421053
2831,2.499280592894129,113164.37672035044
2832,0.22905734895515614,2908955.1125840372
2833,0.10348362085610113,3561721.462228468
2834,-1.2849564757180423,31377703.97280358
2835,-0.2355398985582556,6169742.009076171
2836,-0.28075609432783283,6638729.064925466
2837,-0.35408030495449255,7474947.588692214
2838,-0.4448694299744839,8653953.286315087
2839,-0.05703719680092936,4618879.876151965
2840,-1.3555996291635288,34629876.08462646
2841,0.3410903417124057,2430645.1347730565
2842,0.9235491342225887,978112.5699137043
2843,-0.9978872019439103,20614722.96015352
2844,-0.37692898860168084,7756013.9946854925
2845,-0.4434625716257707,8634375.477807537
2846,0.10774106665874693,3537303.674836611
2847,0.006819334659740237,4164743.0902723535
2848,-0.8787267559449647,17186158.906875893
2849,-1.2373775174345318,29327514.14967825
2850,0.49032665540132503,1916951.9629796774
2851,-0.3053314093042419,6908205.574423769
2852,-0.5601402710649933,10411889.80543919
2853,0.5181120050289767,1834562.4462037084
2854,-0.26719234302225,6494463.417129217
2855,0.06113441382801594,3814159.238825594
2856,-1.0558731914395838,22490426.326625638
2857,-0.1390744217609732,5276240.883625857
2858,0.16696225965273126,3214844.653693723
2859,-0.807443672123957,15388597.63231166
2860,-1.5703263657286572,46094141.593460485
2861,-1.4397951266656128,38838856.308653355
2862,-0.2397648757435562,6212138.780074808
2863,-0.7434975222670652,13923922.268192695
2864,0.23148619749953056,2897616.8123462973
2865,-0.8609048409031178,16719756.368841572
2866,1.1001201509389489,749916.0379692347
2867,-1.0188059212876854,21275097.56837352
2868,-1.022821544803338,21403949.963510774
2869,0.40756121352245156,2186097.0667484934
2870,-0.17609131998215544,5602759.314258955
2871,-0.5650827131849488,10494440.441392187
2872,-0.4202764624801552,8317833.144813509
2873,0.5741710522064211,1679441.34498752
2874,-0.29261970255459613,6767499.466712235
2875,1.0656103478381478,789538.3535876344
2876,-2.044111114303653,79563611.78897443
2877,0.3974288268855715,2221656.156691677
2878,0.3444447519075322,2417647.99536685
2879,-0.4400691672611641,8587329.227652483
2880,0.828705929490442,1130621.8971731185
2881,-0.8749367450420912,17086003.51429728
2882,3.310410843538673,44394.80857779754
2883,1.8739013818682377,251180.71689807822
2884,0.04957397092716389,3886180.4778939346
2885,1.0370958720242989,823985.5436919285
2886,0.8246536756964202,1137680.22320917
2887,0.9896711059503153,884921.1093930843
2888,-0.8179335610693499,15641925.742900709
2889,-0.4194856255187476,8307237.419611078
2890,0.5994864523506168,1613970.9135355526
2891,0.060415451129033584,3818598.551671605
2892,-1.1459853428496065,25695386.54777409
2893,-0.5812494739945907,10768837.799930502
2894,-0.38224043191580687,7822814.801109429
2895,-0.9837872043127852,20179773.082278375
2896,-1.2004447222392665,27812014.020567536
2897,-0.3820284723526573,7820138.316321575
2898,-0.29659962466771067,6811247.22032959
2899,-0.7699751253334829,14514087.436029585
2900,-2.928576630110718,158391927.50872558
2901,0.592999044214226,1630488.2517091923
2902,-0.4409461737918757,8599464.229436722
2903,0.9589259802230233,927007.2885485882
2904,0.30441413059144895,2577567.390537944
2905,-0.8783279899911717,17175596.242907215
2906,0.5772328743375716,1671376.3839175282
2907,0.5634770945989784,1707932.3772811724
2908,0.4829873339174405,1939355.2661480666
2909,2.2700411993407057,150275.7650137024
2910,-0.6538446615037458,12086969.179294782
2911,-0.4992002142553264,9443697.29677271
2912,1.1664272660843642,679697.0571085103
2913,1.5568192150573796,387591.5244137435
2914,0.522571041457852,1821689.9655873629
2915,1.449207923690231,451142.2259470916
2916,-1.1683269261230025,26546930.105011024
2917,0.0066675279572694715,4165767.392219402
2918,-0.4154435593132711,8253285.70870305
2919,0.11136739671304038,3516640.207383117
2920,0.08326404016884753,3680053.831813391
2921,-1.2907382348736904,31634459.709962297
2922,0.81078314448878,1162198.4565256382
2923,0.12215008109041856,3455923.182704854
2924,0.12279303633891642,3452336.7039644998
2925,-0.7977957084755969,15158916.155771378
2926,-0.23865954731667816,6201019.251945025
2927,0.9834409070903044,893280.3861309879
2928,0.41723007936668266,2152717.07681033
2929,-0.5220944992360655,9796863.404333027
2930,-1.0212131025360678,21352257.49508516
2931,-0.9996904559433984,20670936.128559884
2932,-0.21436257856426438,5961514.903693621
2933,0.7201167127507554,1336991.4868673095
2934,0.9120744881630289,995331.9109072315
2935,-2.176810629741447,90621726.89451633
2936,-0.20604737299614567,5881675.106037003
2937,-0.9979288066059565,20616018.402872182
2938,-0.46690863130544646,8966312.136381393
2939,-0.4812103008896669,9174802.022773655
2940,-0.5330697998051164,9970624.537466152
2941,0.5824738479080778,1657665.9074263114
2942,1.3386498004042817,528569.0372463508
2943,0.09230947582431251,3626629.2956174556
2944,-0.17462833575226117,5589480.091463048
2945,0.38620329204995585,2261755.3133479278
2946,-1.604706383228611,48153344.84270746
2947,-0.7589979272454218,14266669.18106825
2948,0.6694633631802196,1446621.4602507406
2949,0.11796170489337697,3479379.7151634106
2950,-1.3766516489034208,35648023.6402176
2951,1.599632754544577,365108.0933791377
2952,0.5110257293092659,1855215.9118643915
2953,1.2756183329237845,579142.6037777307
2954,-0.8676496084554401,16894908.485515352
2955,-0.20551704031354373,5876619.207098027
2956,-0.12107244094093453,5124389.835975423
2957,-0.31909541659467966,7063804.569310908
2958,-0.821538988309347,15729870.256647104
2959,0.6318441431808186,1534180.30626736
2960,-1.3170829607100163,32825519.473939862
2961,0.1622509311076488,3239359.805375952
2962,1.5095970243336372,414176.6367022446
2963,-1.7306043467287204,56214139.45306453
2964,-0.6212910928625986,11478075.997373153
2965,-1.1954466962884975,27611944.04033838
2966,-0.7309813841850479,13652737.68470132
2967,-1.2933843340436966,31752522.734035898
2968,-0.7074339186526638,13155772.457958512
2969,0.11410498699990092,3501122.53816714
2970,-1.7759951589033331,59316078.0671121
2971,0.4528386793831262,2034296.692481892
2972,-1.840357775150611,63885308.87441508
2973,-1.4252334947710228,38084683.55989357
2974,-1.0245416304025943,21459350.634518698
2975,-0.5125730448668337,9648473.259803142
2976,-1.5335599065921761,43960318.76216764
2977,0.5610168273860104,1714558.7103530243
2978,0.012603578375180254,4125903.7443383993
2979,-0.4627844157481117,8907043.383135099
2980,0.09957335986553727,3584299.4354926213
2981,0.007488109215471609,4160233.6285975217
2982,0.6570349071059792,1474949.3286913808
2983,1.536968825602262,398530.62730991683
2984,-1.5622036290405057,45616634.848257534
2985,0.015270406662678983,4108120.5478827953
2986,0.6638526425582325,1459337.9086124178
2987,0.244746941012034,2836510.474503243
2988,0.6010058539009874,1610127.9658838187
2989,0.956297401403733,930704.0899290681
2990,0.7562876024062583,1264120.0407591192
2991,-0.09544971440712822,4915772.302854395
2992,-0.5106392918143347,9618600.570458079
2993,1.2989778097523412,559808.6452866406
2994,-0.9326254306375972,18668592.467830252
2995,0.030245629236513333,4009693.6618761653
2996,0.7419090093391294,1292569.3509024028
2997,-0.439444863358339,8578700.938859874
2998,-1.13805620501118,25398711.48683806
2999,0.3426999472002915,2424399.4714675187
3000,-0.3829576629021692,7831878.145557223
3001,-0.4540214760631026,8782365.51526995
3002,1.7599251967374274,292877.1770451668
3003,-1.2412402337269786,29489822.398902327
3004,-0.00017997251079528446,4212236.319911163
3005,0.014874654914069228,4110754.624842675
3006,1.539577553705847,397073.7814632133
3007,0.34163366054934813,2428535.0615739156
3008,0.23567317750801564,2878177.900234513
3009,1.3432647993090463,525060.5467404972
3010,0.9024316620711439,1010053.7858880243
3011,0.4319719565548606,2102842.088870136
3012,0.30144373870745983,2589862.020396434
3013,0.8071457942955711,1168720.8851326464
3014,-0.016400699591442712,4324417.003069922
3015,0.8583806034550242,1080337.6343682024
3016,-0.9270601749195725,18510412.789903443
3017,0.0003346889232882801,4208725.5394138135
3018,-1.6144237124547058,48746518.24231246
3019,0.0044935297054892265,4180464.2458518166
3020,-0.38771789665922446,7892291.1879687
3021,-0.13362951309605675,5229842.964808324
3022,1.607953659480032,360907.6905940621
3023,-1.6045225675382913,48142171.47520349
3024,1.6013601006503526,364231.7055948339
3025,0.13645885828320375,3376999.727593131
3026,-0.8190258911006149,15668522.711771492
3027,-1.9608837124886942,72950136.77946825
3028,-0.11802203758283553,5099095.77014811
3029,-0.687961042758091,12757574.435882894
3030,1.5936979421382629,368136.97674030793
3031,0.7461160440501521,1284175.5948055193
3032,1.3069990301816803,553333.1817183393
3033,2.016996878065115,207898.59986520812
3034,1.6041863677903099,362802.774730873
3035,1.0748389681893757,778725.4461974425
3036,0.7273708403869737,1322027.0961415677
3037,-0.343748628945749,7351149.180365258
3038,-1.0626259293403122,22718157.895938143
3039,0.39403267362661737,2233709.054282851
3040,1.1009436027186896,748997.2738670418
3041,0.24385017026988728,2840600.7074873806
3042,0.4014438149682359,2207494.2769034225
3043,1.7743502727520724,287197.66126804845
3044,-0.02438609623039829,4380747.089861565
3045,-0.5096078782843207,9602703.570949439
3046,1.4520511908899834,449322.64323353145
3047,-0.527130788605173,9876234.956028283
3048,0.8598964224854175,1077834.0679120622
3049,0.15322797944908007,3286845.999418273
3050,1.2204430264834638,627764.2320377594
3051,-1.534508285731985,44014470.962635316
3052,-0.5985378943514403,11069809.355021616
3053,0.46837171490347485,1984789.256002963
3054,-0.17269006382195165,5571935.057340027
3055,0.28876889094707764,2643009.1764572114
3056,1.558444651752053,386710.556033689
3057,-0.826583294235886,15853668.140356645
3058,0.6510331540208478,1488838.465337832
3059,-0.1496126649534025,5367212.681177615
3060,0.35913416877369436,2361575.200794251
3061,-0.3835480546507772,7839346.358746816
3062,-0.5544579681940254,10317746.520408612
3063,0.3607750117314935,2355396.0836455263
3064,0.7977575849841044,1185736.6994525066
3065,-0.48362674596763233,9210487.356673628
3066,2.822266672842851,77066.17515233422
3067,-0.3354732409377031,7253440.4024357
3068,0.7103165441616839,1357494.1267986589
3069,2.060731711949022,196381.81287912192
3070,-0.25370316159569223,6354061.945542362
3071,0.8978368663749992,1017150.6980149046
3072,1.091731591390428,759345.3698326551
3073,-1.4101440629391448,37314794.361835495
3074,-0.6024096860782427,11138297.483761307
3075,1.2714904073499813,582634.3317259029
3076,-1.3062729176266705,32332583.390577152
3077,0.45687816207591736,2021299.0386211425
3078,0.2708011207971004,2720288.0396538507
3079,-0.013485398252239088,4304034.836059135
3080,-0.314659888457219,7013289.5209805
3081,-0.5688241696023321,10557345.895969838
3082,-1.2975074481939322,31937183.124243468
3083,0.6806359570652138,1421647.2233964226
3084,0.5540091688354201,1733581.2530367847
3085,0.38758821994918885,2256767.714950917
3086,-1.4890933626285403,41474188.99745978
3087,1.0793141488276032,773539.7400685226
3088,0.4915472725417174,1913252.375298221
3089,-1.6164956698403536,48873630.26519777
3090,0.8161190144486999,1152700.4335838812
3091,1.1820526480765263,664210.0266302032
3092,-0.9937875080233007,20487419.46376893
3093,-0.9872441324664739,20285660.007155135
3094,-0.5514265792654117,10267855.694709912
3095,-0.8255234461031261,15827583.881566286
3096,0.285182354492185,2658251.6110337856
3097,-0.4824994527710882,9193823.224071428
3098,0.4947496953548782,1903581.5903697321
3099,-0.4196625066218276,8309606.154816214
3100,0.29200827736926516,2629319.70797759
3101,-0.4455570713500334,8663538.11437931
3102,-0.5312309316187194,9941307.246061822
3103,-0.6935204156773946,12870095.18359413
3104,-0.15815963263417693,5442143.868892776
3105,-1.635028475422181,50020482.10047438
3106,0.7391177013719776,1298170.646886767
3107,-0.15265434843557407,5393760.308363521
3108,0.2536158816633703,2796383.881775005
3109,-1.287797850546933,31503675.557566233
3110,-0.873821388096349,17056629.172490716
3111,0.8704767187070869,1060531.2628999767
3112,0.4879830376277148,1924076.2786274105
3113,-1.2213756366686586,28662833.206019767
3114,1.6973880353194433,318982.91418327886
3115,-0.22272061887495093,6042849.969806984
3116,-2.296016313992925,100992111.49905853
3117,-0.09495757539620635,4911849.840921015
3118,-0.4685621530254912,8990181.515541408
3119,0.8049767511746452,1172628.943671396
3120,-0.9631601274478301,19557991.73015458
3121,-0.25159465617696547,6332388.486171666
3122,1.2794583947729532,575914.8644093542
3123,0.3324445263957642,2464479.6087438227
3124,-0.8052863782737936,15336966.232895501
3125,-1.0100321851983247,20995912.35847771
3126,0.19509687983415366,3072353.629276898
3127,-0.2522522892224674,6339140.480911335
3128,1.0115334431991678,856247.6725241885
3129,-0.8974564718881759,17688902.988728784
3130,-1.662722891767021,51767288.46767735
3131,1.610087167973254,359839.3102705541
3132,0.6000680977368809,1612498.6458173834
3133,-1.0377185445942325,21887893.289706834
3134,0.3396555542379108,2436226.524184101
3135,0.17058784192824003,3196108.5787895047
3136,-0.15353681683787906,5401486.9454021165
3137,-1.2589097068398294,30241561.511502307
3138,0.6727042285789977,1439329.6511488052
3139,1.3739879154688797,502343.4121188128
3140,0.25261140675004473,2800898.9987384356
3141,-0.2569098274983743,6387164.132113178
3142,-0.19888121097571337,5813720.7589058075
3143,-0.043029312010551914,4515158.66391209
3144,-0.06994342240317337,4716566.070405974
3145,-0.39494240267763037,7984847.303594381
3146,1.2660958532039615,587232.1342173408
3147,0.6954611776797113,1389210.860225155
3148,-0.4409231572564899,8599145.541158501
3149,-1.0248908390912561,21470613.163636222
3150,-0.15476201805652506,5412232.7741548065
3151,1.2864090379267306,570122.35605486
3152,-1.3108713286591647,32541552.45445226
3153,0.5435685679131602,1762335.0600139066
3154,-0.6726762367716453,12452933.076597037
3155,0.59246829757276,1631847.4229505204
3156,0.05780464822528935,3834763.436771675
3157,1.5730171591383877,378910.34971185174
3158,-0.6450952932162412,11920395.992255516
3159,0.552002539312928,1739069.0790825475
3160,0.8037948841982867,1174764.2270448261
3161,0.11084354876905406,3519617.559501038
3162,-0.06483018878994472,4677618.196906045
3163,0.17689172710624754,3163797.694472006
3164,0.5420483804263336,1766563.315121657
3165,0.9507576838486089,938547.0693418707
3166,0.7208064470376728,1335560.9440957434
3167,0.6940721726758132,1392216.3333995703
3168,0.02101577407894743,4070072.0448577907
3169,-2.6782117898514284,135698528.14583284
3170,0.34237577009382025,2425656.0184309385
3171,-0.35250910315482265,7455990.090856008
3172,-0.23680813625587074,6182438.322769949
3173,0.050450946028825085,3880668.8481811797
3174,-0.23056155673878684,6120153.098520296
3175,1.0478263327440929,810835.7132042098
3176,1.4634287829641717,442121.6984641761
3177,-2.443039691370919,114181841.86460575
3178,0.04854836134496218,3892636.333017665
3179,-0.7051700218826009,13108890.34508819
3180,0.752144672387233,1272248.2878025235
3181,-0.26564980582726305,6478254.064894997
3182,1.566049076740868,382618.27404498804
3183,-0.06802924103360199,4701947.557834356
3184,-0.40118737218422373,8065705.223926987
3185,-0.07457469032935589,4752124.176071895
3186,-0.30495580066809325,6904006.979447428
3187,-1.3812717858976118,35874510.50816279
3188,0.35054777364489664,2394185.5070906435
3189,0.8995990076410896,1014422.677570882
3190,0.45779554040988196,2018359.3386789153
3191,1.1382215015119217,708654.870871479
3192,0.6840184472226751,1414176.62906734
3193,1.3988808243915558,484726.08801750396
3194,0.6821075843633253,1418391.8529608082
3195,-0.37896527830076954,7781557.909383028
3196,-0.005594931292129474,4249354.64098211
3197,-0.4849046614716887,9229413.233358355
3198,0.6703967146231047,1444517.459766548
3199,-0.5560986939791415,10344846.070407664
3200,0.5282998478687447,1805290.7762157535
3201,0.749065876746902,1278324.7323837094
3202,1.466221562782547,440373.5833098641
3203,1.5720713870640253,379411.2898303318
3204,0.26574408905338864,2742456.0758920577
3205,0.5279856625818257,1806186.1315239186
3206,-2.349016126494867,105705554.91681144
3207,-0.9713178532784036,19801853.02516889
3208,-0.15563287345722915,5419883.726035584
3209,-0.13526939458730156,5243773.857946909
3210,-0.2966064916482699,6811322.943053847
3211,0.9577848258038795,928610.2518770514
3212,-0.588202410995165,10888934.794421172
3213,-0.7779688606572117,14696739.081866464
3214,-0.38567056322308246,7866252.614836087
3215,0.43747590352825494,2084531.2778577982
3216,-1.6771087891202208,52690188.72270938
3217,-0.4065022618918077,8135147.885920994
3218,0.2928280487396273,2625867.0302945664
3219,-0.9205531319117346,18326978.164023396
3220,-0.5373742316162519,10039574.334392803
3221,0.42716045936118735,2118986.6469238536
3222,1.1893314319668062,657126.9507419612
3223,-0.5393389211399335,10071196.703708425
3224,-0.09783184854276598,4934802.933901654
3225,-1.2747717086576518,30929458.422290914
3226,-1.1318813217844566,25169668.078117754
3227,-1.2047443698389362,27985079.60224044
3228,-0.5111528703621593,9626525.684322083
3229,0.18086544099809576,3143602.458515563
3230,0.23491788236593758,2881674.5640688366
3231,0.3571562001768694,2369046.246445042
3232,-0.4547772195205252,8793051.323683403
3233,0.9314480230959669,966445.0552156261
3234,0.9299180418531556,968693.284936028
3235,-0.23568077456324618,6171151.041213706
3236,1.0401329287576437,820240.5291952319
3237,1.0091653510227967,859304.6348220016
3238,-0.9070265006796945,17950837.697278686
3239,-0.30177544315114657,6868557.048942499
3240,-0.9662169396400545,19649058.139099527
3241,-0.20542414859045652,5875734.073160954
3242,0.4756719240179198,1961958.3429528093
3243,-1.0390175771150283,21930539.036552224
3244,-0.31156227757853006,6978222.310778746
3245,-0.3859038223264656,7869215.039005745
3246,-1.1119485093554176,24442133.321508873
3247,0.8195066658025297,1146713.3068283577
3248,-0.6307813503322585,11652532.44004569
3249,0.49993078377680533,1888043.8116892742
3250,0.06350611401757847,3799552.0764356377
3251,0.13740899897981898,3371824.6616356643
3252,3.388799558312392,40740.960783913055
3253,-0.7926882235465079,15038600.156896455
3254,0.381810096908221,2277652.694510596
3255,1.5760129497083701,377328.4023925409
3256,-0.0774405415970876,4774262.555546227
3257,1.4310635533939216,462946.3070390684
3258,0.20812371902979931,3008588.663027372
3259,-1.1278962729613342,25022775.257615145
3260,0.31295857776082275,2542536.8997652084
3261,1.442725030668932,455321.3759790856
3262,-0.889075983507812,17462344.07117356
3263,-0.12683311729873856,5172500.690795983
3264,-0.08685785053007222,4847742.601185485
3265,-0.3395815922110255,7301788.208136592
3266,0.30519390304756105,2574349.8794351523
3267,0.884243368970024,1038461.2317127704
3268,1.912573565409735,238568.77029017865
3269,-2.147102176898853,88096778.71749869
3270,0.48889720131319353,1921294.0399336424
3271,-0.9254481664946063,18464818.34955755
3272,0.7465486599150873,1283315.742368824
3273,1.0972822835811522,753091.7392825556
3274,-0.14267646322563077,5307161.021399048
3275,0.9977351410784454,874226.1480532449
3276,0.5088038022573143,1861741.959970853
3277,-0.308384273938892,6942424.107056374
3278,1.2870079981960114,569626.180143057
3279,-0.14430607103442866,5321209.098695835
3280,0.8004513586878125,1180827.4701462882
3281,-1.1093790850079945,24349656.437492862
3282,0.27123661003802374,2718387.6931786556
3283,1.0085471929951435,860104.5474699187
3284,-0.31194464673777,6982541.667890991
3285,0.19783002819899123,3058861.08871051
3286,-0.1730156866200357,5574878.720884929
3287,0.686696459644464,1408291.4405402814
3288,0.2875486271534036,2648185.020362942
3289,-0.733666820758817,13710506.917622969
3290,0.13873526500631436,3364614.5315436595
3291,0.4612959987457412,2007183.2431118784
3292,0.024118643466605444,4049672.0602414934
3293,1.177375644348075,668805.0323012675
3294,-1.3445381298810273,34103979.320654444
3295,0.9247419935303398,976340.939492439
3296,-0.1324397886156564,5219759.35445003
3297,-0.3248987184827495,7130436.712949934
3298,0.272622295634797,2712350.0799361127
3299,-0.6383754907441676,11793930.995025735
3300,0.9631598038125522,921086.0383410275
3301,-1.6867323974888966,53313463.18917549
3302,1.2320697831489729,617160.1341380342
3303,-1.151379395545212,25898862.589058015
3304,0.3084340867787501,2561024.6083241887
3305,-0.19678116737289042,5793954.993519226
3306,0.3075622469267088,2564603.022389609
3307,-2.5141191619844196,120658355.94237216
3308,-0.3187399227390562,7059742.805114962
3309,0.6441929757285995,1504836.603265104
3310,0.6253137654537337,1549941.6873389005
3311,0.2758974439295232,2698134.780927061
3312,0.22214928075903664,2941453.4053615183
3313,-1.4998342924175363,42065227.64366509
3314,-1.2083175133537356,28129573.819005262
3315,1.8615448523204698,255365.57500438875
3316,-1.4049016140809276,37050077.24765479
3317,1.0157179613887088,850874.5108049902
3318,0.40151892516795457,2207230.241322261
3319,1.7448278812426514,298955.18630332995
3320,1.3955519647872274,487042.2805088786
3321,-1.131207521238328,25144780.309903014
3322,-1.1928225794967888,27507376.157660358
3323,-0.485273176295583,9234877.876190478
3324,-0.6281435846901605,11603793.812921934
3325,-0.7669240035876116,14444923.702687813
3326,-0.32197999741413014,7096847.876639173
3327,-0.49359174018678537,9359064.32264256
3328,0.7445787625395218,1287235.9996566074
3329,-1.0250105425689808,21474474.969140414
3330,0.4669309830973661,1989327.7730173653
3331,-1.5334728812499783,43955351.99784712
3332,-1.4234005056378158,37990530.85867603
3333,-0.9311842464249627,18627515.222322118
3334,-1.2178815792535085,28519342.624357853
3335,1.2151316600722546,632674.280754608
3336,-0.8098094883078848,15445402.1846628
3337,-1.3623690275506286,34954792.73069505
3338,-1.5119746982990965,42740549.87655178
3339,-0.300785810529116,6857562.661834685
3340,-3.342371159378247,193498916.84413105
3341,-0.626767920684143,11578451.695012419
3342,2.1708565813220373,170412.19890758346
3343,0.9338408934946353,962940.0769188801
3344,0.17731471365355897,3161641.6782959895
3345,-1.9924317551713278,75425022.88856317
3346,-1.0371355622846554,21868777.96915433
3347,-0.8070942523550113,15380224.0623856
3348,-0.3608819515045831,7557558.803599582
3349,0.8373656605908235,1115694.3834560523
3350,-1.9240164515438167,70110045.74240087
3351,-0.19849721688817668,5810101.576916346
3352,-0.5138691998437038,9668546.116002118
3353,-0.04772899989583652,4549693.257220143
3354,-2.1695901673090545,90005646.94991562
3355,0.10922961210506377,3528806.736592657
3356,-1.1529514116978457,25958415.383681383
3357,-1.6340081897443328,49956882.6023466
3358,-0.3025996776336099,6877727.170586154
3359,-0.5727962314888548,10624521.241557682
3360,-0.14992041471620438,5369892.758942269
3361,-1.5929600600857536,47442868.122911006
3362,0.2507090727694606,2809470.5940900086
3363,-1.2441427517754855,29612261.7534364
3364,-1.1625466117587686,26324392.89330174
3365,0.5978727755215731,1618062.8927200378
3366,-0.916830109172821,18222755.513050437
3367,1.407905684138306,478507.20702541625
3368,0.7594734295836812,1257907.1523108475
3369,-0.6646244038981414,12295203.900240498
3370,0.5564103062877481,1727038.4168659677
3371,0.7879057352541895,1203877.125927501
3372,-0.8340206296288574,16037813.40607993
3373,-0.024529094436397104,4381762.542653407
3374,0.6625847342747504,1462227.914298427
3375,-1.7058916276234266,54568295.53148169
3376,0.6810689649868671,1420688.5507312112
3377,0.483215911425473,1938653.4144767397
3378,0.00793008534235081,4157256.152119891
3379,2.0241174536542474,205973.2035251999
3380,-0.37578346164754023,7741680.091898355
3381,-1.9955847883902342,75674566.78668725
3382,0.1223274756340381,3454933.2755823303
3383,-0.6314531851000661,11664976.902191
3384,1.0515020633839316,806383.4690983717
3385,0.4797059454898679,1949460.1870528292
3386,-1.4962192201939586,41865627.40461339
3387,-0.6765555776543175,12529601.088594522
3388,-0.5988044932684916,11074512.403410615
3389,-0.9198592874759117,18307514.426820435
3390,1.2185638742916183,629496.6416372753
3391,1.4545527895438541,447728.3822712974
3392,-0.7377810186728136,13799451.123994863
3393,-0.007379109654677883,4261657.077847067
3394,0.8537078637191386,1088094.4609785834
3395,0.6379920165006058,1519496.71087777
3396,-0.36114500202618255,7560771.61998908
3397,-0.5446038991187505,10156408.424963465
3398,-0.7896849460640145,14968261.626652917
3399,0.6765767171195275,1430667.6940098733
3400,1.1406067642743485,706154.9311645511
3401,-0.16148585790682862,5471586.262534896
3402,0.6182233186505919,1567248.5051357157
3403,-2.1348278770424467,87061399.0411675
3404,0.2547898533382263,2791116.3825405636
3405,-0.12004381725416019,5115846.438959541
3406,0.678845289070541,1425619.0130949083
3407,1.0577797460564555,798840.5334049958
3408,2.2066515488173457,162816.23416907986
3409,0.7979657755026052,1185356.511021518
3410,1.5254545907871706,405031.5123767894
3411,1.3754894555953494,501261.08058685675
3412,-0.5919574259653005,10954322.211870637
3413,2.048931916208246,199417.29879262848
3414,-1.6020765467250624,47993655.54725282
3415,0.3333714523836752,2460828.937735988
3416,-1.7179757162953297,55369261.475353725
3417,0.2527787980889565,2800146.0528959995
3418,-0.20993490554693273,5918868.847109512
3419,1.0703770922614637,783933.1739141433
3420,1.31547355822089,546580.5476230643
3421,-1.1878128004001787,27308648.48815997
3422,-0.9730978909429773,19855418.654494528
3423,-0.8258977157615078,15836790.68683829
3424,1.727369395070937,306158.8379838936
3425,-0.1562678400798727,5425469.067045761
3426,0.48320525598231845,1938686.1263150168
3427,1.116525681131036,731839.3835003198
3428,-0.523903492178813,9825302.422927992
3429,0.06548447192986055,3787410.9926704536
3430,-0.5733813551815073,10634451.129087674
3431,0.10542191212733325,3550583.5110396203
3432,0.861655863053953,1074935.907945036
3433,-0.3679971993394755,7644934.046637104
3434,0.6161195111569494,1572422.7479615232
3435,-1.0346152985080972,21786307.443703063
3436,0.31171693902989595,2547596.620466849
3437,1.6113209523874992,359223.0725197428
3438,0.8625546043536735,1073458.713491631
3439,-1.6759177886812608,52613381.2147977
3440,0.2549301689408116,2790487.4843879854
3441,0.5732154512309029,1681966.8124099176
3442,0.052524426484159316,3867668.9495225814
3443,0.07880264808882961,3706698.289538995
3444,0.011901724477034685,4130596.85520461
3445,0.18021743469601406,3146886.719097729
3446,0.7082195214786483,1361924.4098467545
3447,-0.7103381292882692,13216143.11636047
3448,-0.978546870438308,20020184.50371013
3449,0.8608200482216543,1076311.6260685478
3450,-0.12277235703425056,5138540.078153093
3451,1.6652397614346188,333398.7155323334
3452,1.8319219502219435,265717.5679531242
3453,-1.4108821008976207,37352175.79173758
3454,-0.30163320524170284,6866975.781190435
3455,-1.2735785055616993,30877280.222147603
3456,-0.350329274962649,7429767.03894877
3457,-0.5441761705112054,10149460.169062603
3458,0.05431784122459492,3856460.626986486
3459,-0.4936506279517937,9359949.149825133
3460,-1.2413051221255276,29492555.156694047
3461,0.624665679126434,1551515.1711691425
3462,1.7446995958121418,299007.42850247986
3463,0.6581799954537886,1472314.9855533454
3464,0.47623071928109023,1960222.1015152053
3465,-0.8530680421850811,16518307.091729444
3466,-0.6980584650114094,12962630.362739649
3467,-0.16760463891481334,5526162.798927689
3468,-0.3802270264702908,7797426.873824003
3469,-1.483169956393949,41150827.071883544
3470,-0.2991310797876395,6839217.997506832
3471,-0.30625539841572935,6918544.717081285
3472,0.6925001264605015,1395626.1775058664
3473,0.5870031705318226,1645912.4937847045
3474,-0.3446043266204808,7361325.794292805
3475,-0.9318839212092482,18647447.60767221
3476,1.3097009540474416,551170.401062333
3477,-0.7631121588621071,14358942.128465239
3478,-0.8543166311859357,16550255.059270957
3479,-0.9049699275411044,17894257.706277903
3480,-0.943327188312027,18976143.126807354
3481,-0.7335510541109759,13708011.875437833
3482,2.1851803185069807,167326.0210956742
3483,0.08818637454700481,3650882.6750980783
3484,-1.3360765316707606,33705891.82939658
3485,-2.211495218694919,93601708.0898867
3486,-0.0110226034389528,4286891.9882377265
3487,0.4327178518645354,2100350.810052239
3488,1.7143145838931682,311671.2384849214
3489,-0.02037387085933444,4352352.28577069
3490,-1.908132737340856,68904295.90687606
3491,-1.029596498631849,21622878.84598293
3492,0.01391891267522339,4117122.987181255
3493,-0.2773691950404493,6602412.147152493
3494,-0.005791518677197943,4250708.407211963
3495,0.9154599648692573,990217.9534304026
3496,-0.002547666150821139,4228425.8185496945
3497,0.5661496237538078,1700764.8550085183
3498,-0.026817904780134412,4398048.118486787
3499,-0.7942219571344018,15074637.809164222
3500,0.09773998220339257,3594935.6029682723
3501,0.01551683113893417,4106481.2392046493
3502,-1.4292823364357266,38293273.5742873
3503,0.19069270093280638,3094224.091870707
3504,-0.20929892726235583,5912768.219851286
3505,-0.3429565534299519,7341741.491391234
3506,1.0935954121558573,757239.2709815942
3507,-1.4156061817396963,37592117.680968836
3508,0.1154951993241789,3493269.0705277086
3509,1.3849366793609736,494509.71780522354
3510,-1.0935110453672177,23785091.283319008
3511,0.891910267349117,1026383.6631151476
3512,0.9866907133606302,888909.4517828249
3513,-0.9873134104437856,20287786.985060226
3514,0.8002567172421491,1181181.4644608418
3515,-0.8834254169261219,17311059.591056183
3516,0.15866417138490754,3258151.6146862116
3517,0.6031018646636159,1604842.4491299773
3518,-1.9676555363072734,73477969.6438083
3519,-0.6175783381062099,11410498.982414486
3520,-1.4123911088617298,37428694.46881266
3521,0.05861831201604598,3829718.1618881505
3522,0.07981206089005635,3700652.707655828
3523,-1.018374194170885,21261284.617741924
3524,-2.0173983489898393,77411637.31664686
3525,-1.0291513135606247,21608433.570994265
3526,0.07543953929615986,3726913.266862478
3527,0.5652345422049891,1703215.4671252167
3528,-1.4024391087915031,36926224.025474116
3529,-0.28156811137541327,6647465.3657988105
3530,1.2284108249666035,620476.0772336199
3531,1.8769369425507165,250164.3590608504
3532,0.02477462367635693,4045372.5671429187
3533,0.7812156691634156,1216364.1026206522
3534,0.18248307950588338,3135419.1853772392
3535,-0.4881304444530686,9277353.656099733
3536,0.24508872700291198,2834953.1622140906
3537,0.35829295336923334,2364749.588025168
3538,1.5195042543212174,408436.7652172777
3539,-0.08788061396904356,4855790.947571964
3540,-0.9692484191420112,19739738.666292258
3541,-0.8025328414426772,15271294.71772581
3542,-0.8625112678900013,16761323.634065557
3543,0.8588236874271306,1079605.1826773803
3544,1.4789398743216426,432508.20068497176
3545,-0.8542035017581694,16547358.08630288
3546,0.036373144687206906,3970111.946874591
3547,-1.6528748538198805,51141613.180353805
3548,-1.476567518854746,40792560.31749793
3549,1.3260707352008667,538262.9814896171
3550,1.529476558556183,402747.5431559972
3551,0.7712393567828397,1235241.6731240987
3552,-0.4851044654134856,9232375.705017392
3553,-0.842353697927283,16246443.250588842
3554,-0.07936971776676024,4789223.567285989
3555,0.606259257925567,1596914.9382285534
3556,-0.6003084986293561,11101079.920395132
3557,-0.42125772698802155,8330998.480784987
3558,-0.5863754778641108,10857255.868192665
3559,-1.3661967147736833,35139550.61825903
3560,-0.7905525023004499,14988549.271771302
3561,0.5871849315596716,1645442.6662805805
3562,-0.8257790493178496,15833871.03717079
3563,0.4190138229361334,2146617.269653336
3564,0.5833210637941783,1655460.7153744455
3565,0.25847949502078926,2774627.8002648465
3566,-0.8870379117971847,17407641.74781823
3567,0.22010136953887344,2951159.1775532747
3568,-0.6190815879995534,11437814.701172147
3569,0.8419055334429779,1107952.8489950998
3570,0.22621219703765535,2922294.867909663
3571,-0.11558221154766389,5078954.659831552
3572,1.1101028331011253,738859.6495353617
3573,-1.2188101801361317,28557420.192625575
3574,0.0070070664424415835,4163476.7395936926
3575,1.535548202559367,399326.45184640965
3576,-1.4732805298701892,40615049.26974538
3577,1.754902605513362,294883.862759635
3578,0.5404158131485677,1771116.0098147849
3579,-0.22792385384735647,6094039.4077650085
3580,1.0618914284309753,793941.479775971
3581,-1.0972335412425813,23916525.0634453
3582,-0.3215184961674027,7091551.13053789
3583,-0.38647292335372924,7876447.267947123
3584,-0.09801796921820273,4936292.94284595
3585,0.6699505950158511,1445522.7172710712
3586,0.6781972256653491,1427059.3434661524
3587,1.2275325924194884,621274.8621545895
3588,-0.9665912755819055,19660235.738717634
3589,1.3345302712794345,531722.5244572705
3590,-0.13897609797967664,5275399.395662388
3591,-1.7568306808171996,57994046.75057816
3592,-0.3950728326561915,7986527.97349343
3593,-1.6459544803497335,50704920.4569354
3594,0.4420551315259864,2069423.6634553098
3595,-0.28036347391858457,6634509.015347237
3596,0.4178406017619043,2150627.263673435
3597,0.287081272052243,2650170.115672188
3598,-0.3317229337690051,7209580.20396402
3599,1.391948215839096,489563.42580931564
3600,-0.8453543079470351,16322168.514238054
3601,0.5089740217956101,1861241.1561913497
3602,0.4176996382044979,2151109.5929986653
3603,-0.991074788952195,20403562.83611136
3604,1.2280421953565648,620811.2232140361
3605,1.4332059557189538,461535.03555268433
3606,-0.41806910296492383,8288291.436463397
3607,-0.08190800519165727,4808980.106960709
3608,0.10918031599349864,3529087.7958428124
3609,-0.4871558189438243,9262843.906778445
3610,-0.2708010307880044,6532540.9658099
3611,0.5520026109724677,1739068.8827789975
3612,-0.1171404186981334,5091808.667278751
3613,-1.9453800610447505,71748839.14232199
3614,-0.9907274372142124,20392847.094251942
3615,-1.3431053439417817,34036316.12160948
3616,0.39623267237771737,2225893.5525393942
3617,0.3548776758223138,2377682.945125971
3618,-0.40863120979736645,8163126.844300583
3619,0.4295499317547648,2110952.8866593824
3620,-0.4141169688408607,8235653.257876694
3621,0.513892667825871,1846830.8032164797
3622,0.44179867923056093,2070266.7133910675
3623,-0.535805277043574,10014389.657642702
3624,0.9630197412047609,921281.2724002188
3625,-0.009875078765561922,4278927.959764542
3626,0.2708381736145271,2720126.2987538553
3627,0.6428051956466962,1508104.5196465373
3628,-1.0766302196426916,23196755.87264159
3629,-0.4526117796784823,8762466.703794288
3630,-0.07941078815036963,4789542.58507522
3631,0.14085316422971209,3353133.4211859587
3632,0.357108100278164,2369228.2312834053
3633,0.1327935446914265,3397039.516935776
3634,-2.511536528503076,120422316.85933231
3635,-0.34591706537477585,7376964.71583894
3636,0.4088700590852347,2181547.1462369743
3637,0.5154828536111477,1842197.0292184236
3638,-1.774060618503427,59181813.884318106
3639,1.3936763108014947,488352.6876440805
3640,-0.11545650710314921,5077919.112949139
3641,-0.2857129082239224,6692235.142399151
3642,-0.27266510354354667,6552296.209581388
3643,0.7383785017820973,1299658.3078292303
3644,-0.519943263450062,9763146.679631453
3645,0.08320028762324735,3680433.200303453
3646,0.07448570262781762,3732666.982480589
3647,2.533381841021454,108576.47537184742
3648,0.7311941252021154,1314211.7656911751
3649,-0.3961341053768729,8000215.930024032
3650,-0.14973778555284062,5368302.148580739
3651,-0.9668072345751931,19666686.781098306
3652,0.8013692365070436,1179159.649634423
3653,-0.26083331978864666,6427898.007295622
3654,-0.023797518186199972,4376570.004895335
3655,-0.9904344371528592,20383811.92434824
3656,2.480128132292445,115835.95396998241
3657,2.0009803073356323,212303.28715708925
3658,1.5129389452590896,412230.5872038402
3659,0.42310995356841047,2132677.9473017543
3660,0.18853044654661721,3105019.9171482185
3661,0.23968301052457464,2859687.258554002
3662,2.2876928678265354,146978.8099578994
3663,0.5977740773839868,1618313.5270335262
3664,-1.109600778322899,24357623.774562456
3665,1.304929957031484,554995.6595463253
3666,1.4036366176935648,481437.9747397736
3667,0.31391052178536905,2538664.73850785
3668,-0.4784149928007528,9133687.915356
3669,-0.24941028168674104,6310012.269261495
3670,0.137640748494726,3370563.6376778046
3671,-0.0870561581292989,4849302.0790097425
3672,2.143555722903467,176472.27170139086
3673,0.7797375776417579,1219141.5135100821
3674,1.355747642946216,515697.66476392176
3675,0.5049705120736401,1873057.3789470305
3676,-0.5073483181766784,9567965.452369848
3677,-0.5214356391033153,9786525.129103689
3678,0.5290877037996883,1803047.61681878
3679,-0.5112881443557827,9628614.161615347
3680,-0.6100374530735395,11274400.65314361
3681,-0.017215326199602206,4330129.829374022
3682,0.15515859381444097,3276625.9464482805
3683,-0.6552163418351556,12113281.16614744
3684,2.0368994307184916,202566.68994313775
3685,0.3877833511698644,2256065.9006487825
3686,1.7171627749784188,310459.27050692734
3687,0.6237038141503566,1553853.5842702498
3688,0.07091279761804298,3754299.832308638
3689,-0.6951072090995482,12902381.1312223
3690,0.04948520542882458,3886738.7957923496
3691,-0.5707478830562089,10589829.028972099
3692,0.5338058601662046,1789675.290716539
3693,-0.5859438717776729,10849784.627704427
3694,-1.704491634845917,54475975.022206634
3695,-1.1464466542111351,25712735.82683106
3696,-0.6121231866358172,11311889.740045393
3697,0.5826178726283419,1657290.811873304
3698,0.7142472520045063,1349231.029282938
3699,1.1557249817621285,690530.6508076586
3700,-0.9245707532303971,18440043.411317017
3701,1.1963742979169307,650351.5390486965
3702,0.21374203334453187,2981508.726611384
3703,-0.7509512342552579,14087779.032153815
3704,-0.8956317102558236,17639348.984620534
3705,1.853558500874013,258111.60460173458
3706,0.06942748699503279,3763330.4207193796
3707,0.8005802568266306,1180593.105402267
3708,-0.298774103802322,6835266.830490324
3709,-2.8036242582328623,147145187.6890829
3710,0.895786918835837,1020334.175273778
3711,-0.8043073719936507,15313587.535860244
3712,-1.395108283382353,36559370.7352761
3713,1.7685644417710586,289460.8743732669
3714,-1.000026263635399,20681419.10247659
3715,-0.13047704840740584,5203166.468649836
3716,0.27964500883263743,2681963.331961881
3717,-0.28361837109330235,6669574.100589513
3718,0.2705978553329678,2721175.4993308824
3719,-0.6147448848415995,11359179.507914955
3720,-1.123898035063258,24876122.067091744
3721,-1.1213114314647061,24781633.20619264
3722,-0.5607224949109839,10421582.09329068
3723,1.674569501449176,329142.1830422809
3724,-1.7966202949286858,60758794.56079601
3725,-0.8125799446028782,15512165.698822172
3726,0.44679037482990897,2053921.4570987811
3727,-2.0304649220166655,78460926.84009613
3728,-0.5118446208596675,9637210.102648655
3729,-0.017819048895339164,4334368.542845239
3730,-1.5230607504944211,43363967.81825121
3731,-1.4813009198992877,41049176.48288369
3732,-0.35098658990939186,7437664.933673901
3733,1.9264796882419444,234207.31819939124
3734,0.8576145785278037,1081605.1859257536
3735,1.3580550100359239,513987.09392600146
3736,1.3815210620001752,496939.0848484135
3737,-0.20925034106307233,5912302.413133917
3738,-0.3817692369525705,7816866.077620704
3739,0.03413287801954402,3984537.1649183836
3740,-0.33885539743632437,7293219.300139088
3741,-0.6275909628015504,11593607.27709682
3742,1.3903919861404699,490656.56804487144
3743,-0.8686810165478964,16921838.155352525
3744,-1.6346820114708063,49998879.24708598
3745,1.5032830654213465,417881.0144117749
3746,-0.0235977537786684,4375153.20909101
3747,-2.179984259865651,90892991.6604995
3748,-0.7927898426374785,15040985.424917705
3749,-0.8233797832709068,15774944.882219082
3750,-0.08916624058295616,4865926.855733836
3751,0.46429732630347176,1997652.2402112952
3752,-0.031038419498254154,4428238.698755312
3753,-0.8024999405424967,15270511.591919225
3754,0.6171238395765717,1569950.3921059894
3755,-1.1251790177342698,24923028.78875031
3756,0.20146369485830418,3041017.1662532333
3757,-0.4464968601149887,8676654.166903691
3758,-0.12041427231582418,5118921.66777187
3759,0.7738515812536899,1230268.7694572343
3760,2.1169782048850387,182604.0675195559
3761,-0.4003827910946032,8055243.207483491
3762,0.06750897976067652,3775027.5186847392
3763,0.22415500606739872,2931979.3850197718
3764,0.901548726860078,1011413.3972562851
3765,-0.03490110843892717,4456052.870466735
3766,0.6265450021776683,1546957.0145319619
3767,-2.5517511450605217,124102092.90296678
3768,0.3950236609316823,2230185.0410214486
3769,-0.0791687567571299,4787662.89291142
3770,0.20905330857054483,3004090.7087099813
3771,-0.36526272993407305,7611238.603438226
3772,-0.3784224753368154,7774740.790963183
3773,-0.32281771660054365,7106472.480325893
3774,0.8983214658079177,1016399.6931461225
3775,-0.3854481424612172,7863428.851707588
3776,-1.5685180441857751,45987538.44749023
3777,0.22592208059692187,2923658.6365425005
3778,-0.8410534069503741,16213727.348774448
3779,-0.24404903881382947,6255424.012357853
3780,0.9356239155222776,960337.2531987358
3781,1.820174538209482,269951.31681725127
3782,-0.1898344292445515,5729046.693422357
3783,0.6320780683725219,1533618.8653276544
3784,0.014068304147422559,4116126.894103191
3785,0.5024603678578482,1880506.052486922
3786,0.09416578875085366,3615763.52163964
3787,1.228775623178753,620144.6085653557
3788,-0.562950858964942,10458757.180035582
3789,-0.3053732676088313,6908673.626688069
3790,-0.3141835614748138,7007885.907948103
3791,1.4679433382373996,439299.6406101995
3792,-0.04922659581766293,4560753.824112112
3793,0.9203483164511213,982883.4812310683
3794,-0.28227456673190804,6655075.173227584
3795,-0.6010551291163226,11114291.199637368
3796,0.30507777804834396,2574828.773114002
3797,-1.431299139202854,38397494.01748966
3798,0.09569447909496766,3606840.367384344
3799,-0.026055019931846713,4392613.186085788
3800,-0.0013077751867136597,4219940.0249675345
3801,0.38121034785433655,2279831.9642832126
3802,-0.08666156013547419,4846199.482464326
3803,-0.26364534778839205,6457250.417012256
3804,1.6552011280029315,338046.8248641158
3805,-1.5312714537374938,43829842.709397234
3806,-0.4624374148502765,8902073.951799199
3807,0.537016123166383,1780636.2154305545
3808,-0.45041833155530814,8731591.376958692
3809,0.27371667851133075,2707591.49263874
3810,0.6647832695428183,1457220.5300162346
3811,0.24192575885912537,2849398.598432468
3812,-0.13424904462039244,5235101.567750946
3813,0.1135064415554133,3504509.335605452
3814,-0.12404333971335485,5149145.392322781
3815,1.1420713576188615,704624.6645946844
3816,-0.567563480133912,10536109.81201125
3817,-0.7302301065142677,13636616.600820702
3818,1.1790744448059605,667132.0337796585
3819,-0.8131532966496043,15526015.406767527
3820,1.6657596187602244,333159.9434570853
3821,-0.7461091887475602,13981133.614489324
3822,0.3556522148077108,2374743.4112441894
3823,0.20481251384104696,3024666.704914105
3824,-0.5010242694613191,9471380.844395814
3825,-0.7093412213693919,13195391.105418952
3826,-0.5124190068017732,9646090.414682819
3827,-0.051937031439160834,4580840.796519358
3828,-1.071785547730722,23030221.11364984
3829,-0.652684198923636,12064750.77093927
3830,0.2829837501242074,2667640.333028594
3831,1.625736485154282,352108.7111208164
3832,-0.629438355075727,11627693.52053038
3833,2.166319113764633,171403.0720384765
3834,-1.5228064021095895,43349592.50485958
3835,1.3800164743276229,498013.3736450975
3836,-0.5123978020800533,9645762.438887062
3837,-1.6842186746431502,53150207.136355676
3838,0.7612019667784871,1254549.8172704913
3839,0.6787446812724145,1425842.5144366147
3840,-0.4078020952706166,8152219.389034193
3841,0.2946031237510837,2618406.8942047353
3842,-0.009223714965219867,4274414.031526033
3843,0.7173628498131799,1342719.3608798252
3844,0.7998603129831574,1181902.7545625975
3845,-0.6102367015404196,11277976.87237302
3846,0.7511658853912541,1274176.7282405118
3847,-1.1813174470586334,27052756.481091704
3848,0.05694986012788926,3840070.984931061
3849,-0.6877958464701462,12754244.98801054
3850,2.3195545313536234,141230.62708471363
3851,-0.8380970022434503,16139565.213558363
3852,0.9973431788733105,874742.758246699
3853,0.5526490951116634,1737298.856775985
3854,1.5041379596672775,417377.3227391362
3855,-0.06025313126028144,4643028.92802676
3856,1.6472588803326935,341775.07563621085
3857,0.6162417609915383,1572121.5860592506
3858,0.2559374556130726,2785977.085414466
3859,-0.6620445354651213,12245063.767079135
3860,1.1291927252954779,718204.9973384155
3861,-0.19543884133843584,5781355.938589122
3862,1.3138903903175687,547835.1687994435
3863,0.42443023348945086,2128205.1061325744
3864,-2.2109294712027556,93552836.6676556
3865,0.662375505614824,1462705.401094515
3866,0.7908260370827954,1198469.272242351
3867,-0.7088002122355531,13184141.952407666
3868,-0.9215680611451367,18355482.191557217
3869,-0.4798231732893419,9154377.554289153
3870,0.37878708727783444,2288659.306816495
3871,1.2335107357984407,615859.5664743166
3872,-0.987354588199773,20289051.32037611
3873,1.2221697096779265,626176.9593072524
3874,0.29935621134880425,2598538.6932818224
3875,-1.0036635296089695,20795262.160653934
3876,-1.3858885917991495,36101930.642327756
3877,-0.7679882984525486,14469014.921027564
3878,1.2322315470617131,617013.9811613149
3879,-1.3845344481380837,36035112.93277624
3880,0.6243635783540307,1552249.2153219278
3881,-0.5114170040763427,9630604.014137095
3882,0.53594509604223,1783646.546618707
3883,-1.015698282999092,21175843.621719386
3884,1.8542067568451648,257887.48754617714
3885,-1.4459734543864147,39162177.53134797
3886,0.5806542722687354,1662412.4838548757
3887,-0.6191020514569563,11438186.970751548
3888,-0.024845970259000347,4384013.574484383
3889,1.414247572393276,474189.48842478934
3890,0.16551713556422687,3222344.010826698
3891,-1.0239623995567821,21440680.8332917
3892,-0.35544897619972227,7491499.857246433
3893,0.02722451645106568,4029356.0888093505
3894,-1.5307162181471055,43798227.3283476
3895,0.7594953425221076,1257864.5310909906
3896,1.8455508249881076,260897.98129823533
3897,-0.3907174187071661,7930591.710188861
3898,-0.17426415937059286,5586179.410599112
3899,-0.933526812458809,18694324.931500312
3900,-0.36854708635935485,7651727.594824644
3901,-1.0124462137741042,21072408.27860237
3902,-1.1830479662662206,27120737.892612915
3903,-0.15699115501844835,5431838.543354293
3904,-3.0366645424965166,167924575.27003106
3905,0.6425210261097981,1508774.6006614862
3906,-0.6043407824940622,11172606.472840477
3907,-0.28463993043707636,6680617.006107939
3908,0.6166711458085667,1571064.2806238956
3909,2.8493682739795676,74678.02749751
3910,-1.7761802818435801,59328935.81015365
3911,-0.7694487294844179,14502133.22248424
3912,-0.4666284803423022,8962274.086999588
3913,1.3048238338301072,555081.0753725158
3914,0.8434368002464209,1105354.6436659736
3915,-1.2374666432261274,29331250.968702916
3916,-1.5198937559908088,43185216.633659914
3917,-1.1024960753254056,24103386.91721507
3918,0.043626766118597185,3923767.879072387
3919,0.945733983750465,945720.9095941624
3920,-1.6580401943096927,51469162.473081835
3921,1.3293617880542388,535708.1199552489
3922,-0.576848413002418,10693470.449501427
3923,-0.2937437272142781,6779826.759556374
3924,1.4064193737838766,479525.35129060416
3925,-1.3387501603605956,33831283.45685909
3926,0.3688615920087706,2325187.7926959717
3927,-0.14235795863834036,5304419.67647282
3928,-1.750157090465649,57537904.793684885
3929,2.879716469728202,72100.9308276532
3930,-1.2579767740511014,30201488.10495831
3931,0.5169189433214697,1838022.763141498
3932,0.9794074475973311,898737.5199948389
3933,0.7637120978533197,1249691.3537680737
3934,-1.450498325924601,39400232.906289004
3935,0.7364865450494317,1303474.1821086993
3936,1.7638424225894678,291322.6360093604
3937,-0.5637521399604909,10472155.551428786
3938,-0.10644140810899692,5004202.1318277875
3939,0.5125603374512526,1850722.598420077
3940,0.12279895412807226,3452303.7115082224
3941,0.5327877668739098,1792551.9655292346
3942,-1.1476658603362575,25758635.656585753
3943,1.0168346751323096,849446.7384835376
3944,-0.5020639351965319,9487194.646187436
3945,-0.37201258070182136,7694677.711463977
3946,1.162664930894088,683484.3756442007
3947,1.1810707624148993,665171.8455100443
3948,0.08781562783579287,3653071.6031769747
3949,-0.7896417866040507,14967253.008118423
3950,-0.4370871158457487,8546191.001761466
3951,-0.9020592768136528,17814453.14645696
3952,0.37433008221806696,2304987.957369476
3953,-1.883531097270568,67058570.35158761
3954,1.0860192835808256,765839.79640979
3955,-2.2039291897367983,92948835.54257736
3956,-0.9087795575860792,17999193.626553945
3957,-0.9722658120059362,19830363.543425936
3958,-2.1967938658393935,92334550.41563836
3959,-0.23276338873507602,6142036.4971702155
3960,-0.0013790093648922718,4220427.083900004
3961,0.6583309083248741,1471968.1728482689
3962,1.2689189801560403,584821.0541815142
3963,1.7590138305330725,293240.1688875185
3964,0.2800992637204257,2680009.947972411
3965,1.3839089202236101,495239.34253436
3966,-1.4097707238417487,37295895.57794666
3967,-0.20977470915647778,5917331.573146961
3968,-0.4765239698782151,9105975.016596973
3969,-0.3006067242768949,6855574.942785695
3970,-0.6381448972194559,11789613.780825343
3971,0.017260960060466478,4094897.5568940453
3972,-0.4238583857827358,8365988.665362715
3973,-0.07098671335270607,4724552.869446174
3974,1.4139563612864645,474386.81335772946
3975,-0.5157126569685315,9697163.758513061
3976,0.147267773960625,3318603.6890692003
3977,-0.723469247603034,13492332.840734888
3978,0.9431752722817055,949397.370706019
3979,0.9945132854062515,878482.357334895
3980,-0.010493747426904024,4283219.772697883
3981,0.9963990155123358,875988.5256527833
3982,1.0741274120198971,779553.4340654707
3983,0.8489201604771898,1096103.920417928
3984,-1.0161342866665775,21189744.68483897
3985,1.0202095990681146,845147.4126593026
3986,-0.7505043802148168,14077905.743608048
3987,-1.757018608537834,58006923.37841046
3988,0.41066240001218274,2175332.451759168
3989,-0.7174286991921859,13364621.167143045
3990,0.9335023067291767,963435.1949641197
3991,0.2074866030138725,3011675.4373936625
3992,-1.1483474876127757,25784326.941322535
3993,0.5034144958984191,1877671.0961598128
3994,-0.21507718605492823,5968426.32481239
3995,-1.489784367284201,41512030.93662879
3996,-1.2280267325670384,28937600.18948522
3997,0.8113756716739298,1161139.6301901913
3998,0.1444642543379022,3333650.029515234
3999,-0.5491347843729456,10230290.055138448
4000,-0.5484202413297495,10218604.572370294
4001,-0.7479929147757014,14022533.461765492
4002,-1.2557147127727777,30104500.35672133
4003,1.0716761738782639,782413.0622834755
4004,1.2497113036974514,601441.0435037098
4005,-1.3362516746213216,33714094.83200873
4006,0.532259677279493,1794046.0209145604
4007,-2.1010558686932908,84237440.03040458
4008,-0.6694801567302124,12390098.754157387
4009,-0.05327449769125127,4590785.535118851
4010,0.004044841558546968,4183504.0323352474
4011,-0.09203236978734469,4888600.006762252
4012,1.9929847677724069,214541.0104027046
4013,1.3567864965860497,514926.7386515872
4014,-0.8786440619167607,17183967.99583539
4015,-0.6949446610678702,12899070.350907661
4016,-0.3384025709343785,7287881.055158747
4017,0.8211998115618305,1143733.3899668083
4018,2.044177006682932,200655.27297143848
4019,-0.274081665001864,6567348.191807656
4020,0.7963975729211369,1188223.4938918715
4021,-0.2650192522183761,6471639.565444802
4022,-1.0072317132519362,20907474.01118849
4023,0.7221912870796731,1332693.620573469
4024,1.2977300782695482,560823.3463620294
4025,1.8566621309810938,257040.56841493002
4026,1.0496394575304147,808636.2497941079
4027,-0.13332695457610297,5227276.758787542
4028,0.28920434371146425,2641164.700892118
4029,-0.36438873061401955,7600499.397570202
4030,0.5667202248251677,1699238.6478286486
4031,-0.12316500409946714,5141814.061740647
4032,-1.1061048722577393,24232242.701840315
4033,0.3085735184393466,2560452.7987684007
4034,0.055602925037919845,3848449.52138055
4035,-0.015176676234221127,4315847.463137606
4036,-0.3032888315043209,6885403.680969056
4037,0.6360205700912851,1524189.0856498005
4038,-1.0874557122357826,23572602.76313881
4039,0.39463048275008766,2231582.5146457637
4040,0.4794025021433494,1950397.4085013526
4041,1.2713032392699408,582793.1967193518
4042,0.21887388014318296,2956992.461070135
4043,-0.4349290870442933,8516539.541355282
4044,-0.504952954910482,9531271.27467162
4045,-0.5793548148528466,10736330.43660555
4046,0.8509071855858709,1092772.1561827743
4047,0.7115932546930411,1354804.367244572
4048,-2.6424369495994644,132418479.49880418
4049,-1.5164499427635223,42991437.69464213
4050,-0.9834215112904616,20168600.178902097
4051,-0.2676176308907139,6498939.483090428
4052,0.6752367775959416,1433658.6024116925
4053,0.0730339173653161,3741441.7642959566
4054,0.6333176443867405,1530647.3927707125
4055,-0.33714862356186204,7273118.596450675
4056,-0.0807900574650733,4800268.587831965
4057,1.8656681570588745,253960.5490100733
4058,-0.3017746890845434,6868548.664992294
4059,0.29598383675439277,2612619.297971201
4060,0.04174741756346495,3935722.267255771
4061,1.0312326474052953,831267.8262046757
4062,-1.0994933223233219,23996614.02853998
4063,0.1779797794057016,3158254.7990848306
4064,-0.5622314302887422,10446741.391785588
4065,2.157491382942304,173349.3468157494
4066,1.2997689033236823,559166.3376442705
4067,0.1070069401027893,3541501.9081786885
4068,-0.07498380759577514,4755278.236345429
4069,-0.8158849084864556,15592154.378675852
4070,-0.2558437058463959,6376139.759303612
4071,-0.18145203098144247,5651686.53654519
4072,0.04589416855437056,3909394.1509591937
4073,0.053194120698007503,3863479.6890135203
4074,-0.3057239583812086,6912596.215208665
4075,-0.7016084870934463,13035450.81395094
4076,-0.5030080542168055,9501577.113179548
4077,0.46913553166746863,1982387.512511187
4078,-0.47670199454372864,9108580.50416889
4079,-0.15929071595315886,5452137.979605192
4080,1.3275211715447393,537135.3619674259
4081,-0.12980817911844286,5197523.950940412
4082,0.097628015178786,3595586.2104171235
4083,1.7241927315615055,307490.166173621
4084,-0.5394842008161495,10073538.80807995
4085,-0.2095646745719016,5915316.6434086645
4086,-0.7446767023862365,13949726.611429516
4087,-0.0014691787599638705,4221043.6926425155
4088,-0.06575041673633152,4684603.690792049
4089,-0.3119663891169671,6982787.355291578
4090,0.6967081625655597,1386518.5413064489
4091,1.2916846223626763,565768.2562798788
4092,1.2151707566021854,632637.9859674857
4093,0.1330551006721658,3395605.463623013
4094,0.5788509973552023,1667130.654776522
4095,0.5563132797616431,1727302.299688649
4096,-0.5549812322004061,10326381.808848653
4097,1.3543191090586466,516759.8338736806
4098,0.863119121914666,1072531.9681435344
4099,-0.690325048376407,12805308.78803233
4100,-1.550875524507327,44956456.75178075
4101,-0.12278619394886285,5138655.418120762
4102,-0.7059666063366774,13125368.719623461
4103,0.6063566269674614,1596671.1233984365
4104,0.21105955218860675,2994406.739444662
4105,1.4565612356201256,446452.90409065504
4106,-0.0043046524449796494,4240480.16361731
4107,0.8187103150783865,1148117.7386713764
4108,-1.138580634940728,25418244.375018608
4109,-0.6563670962841562,12135396.773950042
4110,-1.3086012505095588,32438258.92604071
4111,0.003932703110435452,4184264.100645479
4112,-0.47470207988958635,9079351.937866053
4113,-0.29741224735829236,6820213.829231748
4114,-0.6832316498076927,12662576.347934358
4115,0.7270807095066188,1322622.1753307704
4116,2.001568591240869,212139.67443878786
4117,0.09816657541571233,3592457.8944700174
4118,0.7045539012798563,1369705.463812556
4119,0.1267567378083855,3430310.4988002693
4120,-0.5161675380989933,9704237.77325894
4121,-0.7112848205629315,13235877.905003648
4122,1.3714174849981564,504202.1621696506
4123,-1.7537301564230094,57781852.35099474
4124,-1.3217794612560383,33041511.47959376
4125,0.8046114204930834,1173288.545718534
4126,0.3924140350884239,2239477.499609861
4127,0.11049327445339484,3521609.819775582
4128,-2.8394075920533415,150386289.3221963
4129,0.9739765047215231,906142.1455859978
4130,1.3275009781607636,537151.043263604
4131,1.0806824432141084,771961.6647204112
4132,-1.4528565089690346,39524721.12287722
4133,-0.8781066047827505,17169734.629519753
4134,0.03999844912332142,3946880.5194069333
4135,-0.07253077323235664,4736398.213565398
4136,0.5992780477506384,1614498.7743885682
4137,0.03279343209788709,3993187.323032269
4138,0.038059955815582296,3959285.4318833794
4139,-0.8587203649266534,16663381.146722235
4140,-0.8869060896608756,17404108.91449552
4141,0.46768421554156675,1986953.6284154167
4142,-0.42120716778847617,8330319.64894975
4143,1.3186291818691025,544089.1514255742
4144,0.7904046760145651,1199247.9539375852
4145,0.024464111924291338,4047407.1783695854
4146,0.32358201543058823,2499668.945363531
4147,0.18753991464656675,3109978.4001998943
4148,-0.8972616827867453,17683607.27227095
4149,-1.1831214552185891,27123627.942433637
4150,-1.1862716397895894,27247752.539999563
4151,2.095239227165806,187796.82821792035
4152,-2.05507756212956,80454737.40557964
4153,-0.5786909923332366,10724963.065993352
4154,-0.31082038877131857,6969849.201085464
4155,0.2018919669839646,3038921.094445456
4156,-0.6680660134727755,12362391.867081966
4157,1.4440681629366896,454452.0552742568
4158,0.11829907658942122,3477484.2988479687
4159,-2.461167353378731,115829145.6839363
4160,-0.13747294438938415,5262551.591947381
4161,-0.08931447418359247,4867096.897641111
4162,1.2896072154795073,567478.4550785111
4163,-0.5743126877395218,10650274.59141949
4164,-0.886361721173692,17389526.657861143
4165,0.8876424836092712,1033087.9718408972
4166,-0.8306217497210802,15953418.656543106
4167,0.47254491764645645,1971704.0398588346
4168,-0.8384484912845837,16148366.248569986
4169,-0.19535327003291375,5780553.691718691
4170,-0.20000115249028938,5824289.121968012
4171,-0.7415853308325265,13882171.051886512
4172,1.6000985511897299,364871.53729327465
4173,-0.5380591265991297,10050587.167198638
4174,-0.018825987846313594,4341447.547525946
4175,0.2534341277865172,2797200.30962687
4176,1.7627499685207249,291755.2508819269
4177,0.347923342172726,2404245.8065587673
4178,-0.5310678645983983,9938711.434883254
4179,-0.6443856150581466,11906979.999244168
4180,-0.5216369699591696,9789683.13273736
4181,0.4226457944399062,2134252.7515989393
4182,-0.1828247003244611,5664283.167374732
4183,0.029933920586314472,4011717.859185594
4184,-0.43670167448132463,8540887.684362752
4185,1.8397448017390807,262939.1827890257
4186,-0.3622674098032476,7574495.364186415
4187,-1.7164050491621856,55264738.84496789
4188,0.33797381434684454,2442785.4875927246
4189,0.14088043542998366,3352985.8457692517
4190,-0.9341932142034708,18713369.48600926
4191,-1.6544588343361406,51241912.41269343
4192,-0.05188184193430123,4580430.901034139
4193,0.5569925359381268,1725455.8179912462
4194,0.2918202418660368,2630112.329064466
4195,1.7395091555990736,301129.6693404632
4196,0.1139654842440172,3501911.599132475
4197,0.7846546007286158,1209928.2131561728
4198,0.24735226092140836,2824661.8121784283
4199,0.40261414491034664,2203383.9375420213
4200,0.6491578434982903,1493206.567824873
4201,1.6956330012120797,319751.8361313134
4202,1.1436288710186013,703001.2566700607
4203,-0.02806307902072482,4406933.551976828
4204,0.26930205785923417,2726839.9952065772
4205,-1.3892739384626496,36269387.44622809
4206,0.03583292831053848,3973585.5803850554
4207,1.2780037095606966,577135.2754312004
4208,0.44428748660246353,2062100.2348071537
4209,-0.6729863712703125,12459046.121421147
4210,1.6574799852051207,336985.4066262136
4211,1.7325062942029212,304019.48362634337
4212,1.6292195465859634,350413.2001854588
4213,-0.0017032268328640203,4222644.617506239
4214,-0.3813707813026006,7811839.113347529
4215,0.04638971630741549,3906259.852331928
4216,0.6912402551587584,1398365.2864984032
4217,-0.14733247896450016,5347396.963901156
4218,0.5977427406384662,1618393.1122042462
4219,-0.41358695057646816,8228618.727272703
4220,-0.1540246362412907,5405762.891617596
4221,1.115209839964728,733271.7105453385
4222,0.033716843369628574,3987221.885291562
4223,0.6606309332819972,1466693.1664520106
4224,-0.1539594742448389,5405191.523308015
4225,-0.3353623127104833,7252139.3395767845
4226,0.41377236604260187,2164592.793152214
4227,0.5644891020065016,1705214.519851295
4228,1.12675575712054,720806.5308951071
4229,0.7317461353224167,1313087.4386362676
4230,-0.2441365091500133,6256310.875598814
4231,-1.2434086335297572,29581255.048042174
4232,0.32759940998335446,2483653.493498567
4233,-1.8126021151360727,61890749.44545456
4234,-0.8684055177937943,16914641.202100866
4235,-0.5760599669038946,10680021.524751257
4236,0.10577093677111087,3548581.696667793
4237,1.078345855111857,774658.5961381186
4238,1.5504453342113966,391067.51362280536
4239,-0.8641003180407631,16802533.04566184
4240,0.0908958552893771,3634926.1135839475
4241,-1.6775203158262137,52716744.84528823
4242,-0.925665487376082,18470959.271807805
4243,-0.04682900475554906,4543059.303915097
4244,0.8954440792659091,1020867.6311182922
4245,-0.5858640508295686,10848403.436310187
4246,1.8734847295244483,251320.5775300313
4247,1.043982788204419,815519.6256674302
4248,0.5209171862778217,1826453.277787802
4249,0.057372721615203896,3837444.4222089723
4250,-1.1301685829740509,25106446.218103405
4251,0.6486996451615382,1494275.8926796182
4252,-0.0219134039785271,4363225.634513338
4253,0.6706657733459476,1443911.537626926
4254,1.2629397162148757,589940.4618181685
4255,0.4515744525010453,2038382.4471159051
4256,-0.26779557927847797,6500813.256467637
4257,-1.0098633638066918,20990571.794187874
4258,-0.9766590860993757,19962966.27720647
4259,-0.5519840243907684,10277012.863337014
4260,-1.2498539028526956,29854379.75030136
4261,-1.71670220681668,55284504.20472966
4262,-0.22473657482092882,6062632.157526782
4263,-0.4832698317543261,9205208.152554063
4264,-0.46636122149248527,8958423.498471064
4265,-0.9026404388460277,17830362.022753593
4266,-1.1008669437271477,24045407.789111495
4267,-1.5697870335699893,46062329.31114971
4268,-0.10367171325227481,4981770.288491648
4269,-0.48161682729360905,9180796.149568059
4270,0.359310240387464,2360911.341799739
4271,-1.224322653461935,28784315.612491272
4272,-1.283478195417252,31312323.535873465
4273,-0.16445518840686,5498003.777185047
4274,1.1011656319072636,748749.7540170107
4275,0.730235642243027,1316166.4206167168
4276,0.10791855945535016,3536289.4128713342
4277,0.03285776745302921,3992771.409463312
4278,-0.3483108229150628,7405565.822586658
4279,-0.11777955901397762,5097090.500370471
4280,-1.289093028031185,31561230.176362388
4281,0.18027107300529838,3146614.7330081505
4282,-0.8314102357368347,15972960.855912404
4283,1.1011799653323069,748733.7780472997
4284,-0.15759016705755366,5437119.062923072
4285,-0.39176512408341974,7944012.355427064
4286,-1.167855414878205,26528718.947935767
4287,0.1415187012635301,3349533.828872824
4288,0.5499172849818831,1744791.2775625645
4289,3.627252848981465,31486.451107668217
4290,-1.266711446940883,30578354.35085723
4291,-0.4830378890245928,9201778.994259909
4292,-0.36424409083733444,7598723.574888392
4293,-1.6624730241826757,51751352.1646908
4294,-0.8532528320106307,16523031.835933853
4295,0.11961390886660264,3470107.381442127
4296,-1.357096963073226,34701543.264970005
4297,-1.0675974153117551,22887080.753115103
4298,1.38888889849395,491714.92228557833
4299,0.4943647124516068,1904741.4632765264
4300,-0.8262551544469416,15845588.01010835
4301,0.8745066595783901,1054019.1425449254
4302,-0.4787698624715072,9138897.573449047
4303,-0.7203961295909425,13427218.794719543
4304,-0.83143695752491,15973623.52204544
4305,0.8015673063177539,1178800.0784339416
4306,1.4092650524705381,477578.0957289664
4307,1.3524767815405834,518133.21135552955
4308,0.625685144689641,1549040.777692905
4309,-0.30916075466076803,6951153.969927411
4310,1.1293210737873685,718068.264047425
4311,0.586017392032505,1648463.0587488236
4312,0.07255513814651693,3744340.1680459897
4313,-0.8877040040023022,17425502.869588733
4314,-0.7279502655997702,13587803.250800949
4315,-0.34302344574184357,7342535.532833482
4316,-0.11905692548178766,5107663.058641733
4317,0.26361619534774045,2751839.552299164
4318,-0.8562537739517561,16599931.86379939
4319,-0.3855400154185086,7864595.113439744
4320,0.15168664745762453,3295028.7315259036
4321,0.53539066603685,1785206.9787848785
4322,1.976673108151371,219188.22407877533
4323,-1.109957493864415,24370448.247202415
4324,-1.0413106695055823,22005993.897747375
4325,0.12141667829946666,3460018.8331417246
4326,-0.4665846361992915,8961642.283689491
4327,0.7718954551681769,1233990.646975177
4328,-0.6752429588356206,12503610.27541862
4329,1.543073265951113,395130.7934847109
4330,1.5561415809227883,387959.4479890424
4331,0.45259417844652394,2035086.2080789304
4332,-0.3818215280163513,7817526.022086772
4333,-0.5830437382122532,10799708.847455347
4334,-0.9996307975627199,20669074.246965073
4335,0.7459949068604255,1284416.4726378391
4336,-0.6392028828834874,11809433.840222104
4337,1.3493375497849946,520482.58843497955
4338,-1.1512186947115266,25892781.18227954
4339,0.09772455565698532,3595025.2349652885
4340,1.369945602416751,505269.9126656861
4341,-1.0672266992083377,22874447.372743968
4342,0.7535696709660505,1269446.25102745
4343,1.4508267646531585,450105.23900564515
4344,0.12171136604500944,3458372.5692321793
4345,-0.8107785572191789,15468725.29067218
4346,-0.15941358586184629,5453224.744839892
4347,-0.482865119467138,9199225.481627444
4348,-0.06709546992119488,4694832.937229514
4349,-0.619494681062435,11445331.874052817
4350,-1.1889987592913607,27355585.75519306
4351,-0.5512547648593167,10265034.86409675
4352,-0.245524945007406,6270404.925968378
4353,-0.49459144631407637,9374096.476943955
4354,0.4271073216978649,2119165.6655534753
4355,-1.2614600806163632,30351329.03816564
4356,0.10852550407644673,3532823.3392106737
4357,1.8322664239845265,265594.5390198525
4358,0.6161831420419444,1572265.985977043
4359,2.679119256561654,91178.66545955233
4360,0.2732374340666936,2709674.2783665666
4361,1.3736781163395644,502567.038189176
4362,1.2013373330963493,645622.6104653633
4363,-0.3516671168439315,7445850.386001117
4364,-0.054862082243183015,4602618.254013653
4365,-0.6065904781820838,11212702.06340347
4366,-0.8306197237533484,15953368.472037148
4367,-0.09964343967497005,4949325.017321089
4368,0.9923954563816303,881292.2525108773
4369,-0.4988787162115177,9438826.013417596
4370,-1.60243395503054,48015337.031939924
4371,1.0060767958539687,863309.326462181
4372,-0.7309629078223779,13652341.002969632
4373,0.4654565044891244,1993983.8308223893
4374,-1.130208670361815,25107924.42524294
4375,0.17273697444933053,3185055.2680923254
4376,0.12041003087605674,3465648.474603844
4377,1.4333869293605577,461416.0387446636
4378,-0.6955770499627872,12911955.313653605
4379,-0.08722246696528115,4850610.309055285
4380,-0.04058924580125069,4497332.702767254
4381,0.3650020374974131,2339555.0688104564
4382,0.10181961001669051,3571311.7396618747
4383,0.7499133235646229,1276649.1034171188
4384,0.04072530819881709,3942239.3346813186
4385,-0.033309706908141425,4444572.338166669
4386,-1.2294816180070742,28997988.552739576
4387,-1.8491723049821152,64526251.8589892
4388,-0.6579143789944192,12165192.76971363
4389,2.0766404400270693,192370.65890968833
4390,-0.16010088554785823,5459307.790633283
4391,-0.28419817245173895,6675839.457660275
4392,0.048168089285018645,3895032.779512423
4393,-1.3388057589557856,33833894.84868789
4394,0.9968140936007173,875440.6195857119
4395,0.3126209554762227,2543911.6919928766
4396,0.6672829486973796,1451549.2894675466
4397,-0.573921341558864,10643622.8424348
4398,0.3157145234780445,2531343.4504865617
4399,-0.34346733879673885,7347806.872112176
4400,-0.4222400347034759,8344198.071888435
4401,0.2848105645749021,2659836.8682666323
4402,-1.5467014506099375,44714893.401371844
4403,0.5078495568653859,1864552.0663365358
4404,1.209293736760911,638119.358743805
4405,-1.2185949536046394,28548591.069482047
4406,-0.14548737401061518,5331415.773835039
4407,-0.9756403413672261,19932148.14628408
4408,-0.18884848943440163,5719893.163811738
4409,1.2059903415018536,641223.033135548
4410,0.08744920098867422,3655236.3395967362
4411,-0.3341818189936158,7238307.646460806
4412,0.9436925284896671,948652.9196557734
4413,1.3903140190476115,490711.4047988529
4414,1.448275364644486,451740.7900715402
4415,0.4199753092600106,2143336.7811665377
4416,-0.09141991968037089,4883746.191508418
4417,0.1547705906104826,3278677.2963579665
4418,1.5863225455595766,371939.80322749424
4419,0.5402780333500771,1771500.7958425176
4420,-0.21684609323580245,5985568.770798812
4421,1.1425964602101988,704076.8923287387
4422,-0.387794965547691,7893273.0110538015
4423,2.00497519217093,211194.9964894897
4424,0.19998377974695594,3048271.6800668193
4425,-0.800193604503594,15215706.315287668
4426,0.9146345300945867,991462.2170154533
4427,-0.9416248467261649,18926922.06455158
4428,-1.5497154949763494,44889231.64721456
4429,1.7416890722222869,300236.3280308775
4430,0.3093148841468586,2557414.673768656
4431,-0.29141005402123227,6754257.78799749
4432,-2.387141255855291,109127088.40108702
4433,2.099379131965553,186795.34931012607
4434,-0.522448938080805,9802429.28658262
4435,2.029218034356368,204606.24437191783
4436,-1.038066730474061,21899316.794147015
4437,1.5318860047963307,401386.08134133957
4438,0.20095611919649034,3043503.29218568
4439,-0.8481041549662347,16391846.129505191
4440,1.4347361711791515,460529.92383125296
4441,-0.7329649615638053,13695386.664843569
4442,0.8027439728395251,1176666.3946091684
4443,-0.8570761048580439,16621060.758803751
4444,0.8343509724031306,1120867.035080883
4445,-0.6588452255038924,12183151.138735784
4446,1.660153590505093,335744.82554424525
4447,0.85056419309079,1093346.4983910117
4448,-1.0008439466649428,20706964.294619292
4449,-2.252451432229899,97161556.09612302
4450,0.40220802160723856,2204809.387987771
4451,1.502086679608301,418587.0318930629
4452,-0.018804629955167716,4341297.275664384
4453,2.1049895171442627,185447.65728559304
4454,0.9761509761108713,903169.5906590172
4455,1.443928881950226,454542.11786957283
4456,-1.6824372095495868,53034702.65880893
4457,-0.29012705710616393,6740241.07292947
4458,0.3737626310618344,2307075.538027911
4459,0.9851532366183259,890974.455663116
4460,-2.678547323054644,135729274.78883836
4461,-0.5720695885582215,10612201.968901644
4462,-8.498461888085135e-05,4211588.133948653
4463,1.1858910681311132,660464.5280387026
4464,0.5451319913507519,1757997.6333130146
4465,0.06950698265547361,3762846.533387175
4466,-1.490721501601995,41563391.775047556
4467,0.3547893021426532,2378018.581236853
4468,1.1571458855511454,689081.5837576557
4469,-2.024648283826746,77993031.39607915
4470,-0.700391756389751,13010449.57161336
4471,-0.14535527110156532,5330273.409773945
4472,0.16674498544967906,3215971.038061999
4473,0.6062855473481349,1596849.1049043296
4474,-0.01321978482794613,4302182.645461296
4475,-1.8755579562476123,66466167.33724282
4476,-0.8545819714498506,16557051.586233988
4477,-1.1150614067706925,24554568.307946075
4478,0.6937510368817039,1392912.1742835646
4479,-0.6896324507725895,12791306.508222204
4480,-0.2981994781139663,6828911.339322135
4481,1.3736886013085992,502559.467913856
4482,-1.0431909065218845,22068030.847870518
4483,1.8247559288423896,268291.3362655803
4484,-0.3740274787308329,7719757.770559573
4485,0.5338938919992364,1789426.7799636612
4486,-0.5876065711759256,10878593.333826449
4487,-0.266929907230247,6491702.85415264
4488,0.7182360193705993,1340900.4051813202
4489,-0.4356409781926317,8526309.938189192
4490,-0.7003093576889824,13008758.069370614
4491,0.9275176870332943,972231.804459674
4492,1.2325062072198494,616765.9132504949
4493,-0.6111904106257262,11295109.423742738
4494,0.09853589928865943,3590314.219384861
4495,-0.9887432723727911,20331730.384270515
4496,0.4176497169858176,2151280.433447916
4497,1.2120805560933727,635513.7361547197
4498,0.17513387330914618,3172773.857411946
4499,1.5021043613992793,418576.5878672713
4500,-0.9530339489550875,19258974.197728217
4501,-1.398851316628263,36746334.870368354
4502,-0.8867470871857634,17399848.504832983
4503,-1.2092450445280047,28167181.992471896
4504,1.2721861817022242,582044.1846993777
4505,0.2575599009896302,2778727.9417820256
4506,-0.030287490093915216,4422851.827963625
4507,-0.7414321830332696,13878832.2028252
4508,0.8455916703424401,1101709.3492635146
4509,0.4360301506827644,2089324.9166517758
4510,-0.578566519648894,10722832.855869593
4511,0.5480211038083096,1750011.809608793
4512,1.1661196957837017,680005.8129673322
4513,1.1383324865731566,708538.3372947109
4514,1.2116303318253103,635933.9020356534
4515,0.57503510333722,1677161.2607754266
4516,-0.14153944900566687,5297381.314720209
4517,-1.9320614709685422,70724898.36487293
4518,1.160841370355555,685328.2834873674
4519,0.9594339104559216,926294.7630427916
4520,-0.11645900809988195,5086183.551298402
4521,1.5629080195229688,384302.7986239851
4522,-0.7746849748510534,14621450.158906931
4523,1.829879413934017,266448.3633349947
4524,-1.466139997621805,40231377.316060185
4525,0.566880190907594,1698811.0393619814
4526,0.983053873836025,893802.4789438185
4527,0.306922810666658,2567230.837662716
4528,0.27025012941730164,2722694.3679838423
4529,-1.2653681543168567,30520152.324133046
4530,-0.13760728277003179,5263698.5394263575
4531,0.2718158215971829,2715862.307446525
4532,-0.10375807488654568,4982468.208896419
4533,0.03668052739861717,3968136.8271129015
4534,0.959773251785761,925819.0624443132
4535,-1.464544186156633,40145996.18035165
4536,-0.35665043326820317,7506059.43746233
4537,-0.887514804393532,17420427.849460606
4538,-1.1896952212105831,27383180.963232405
4539,-0.26810387853790246,6504060.87027804
4540,0.14618961522463098,3324381.8725856254
4541,-0.33225105300987207,7215740.839335116
4542,0.4281521937022785,2115648.425979916
4543,0.7680868808759651,1241271.5594569077
4544,-0.926389306648123,18491425.630603977
4545,-2.466698160062884,116332414.50324127
4546,1.4335909510732108,461281.92737804184
4547,1.215211052280739,632600.5803364031
4548,0.391925859585346,2241220.2819569074
4549,-0.8242053443703287,15795198.159484526
4550,1.7188894940054416,309727.05731292395
4551,-0.12199289273890127,5132046.90344846
4552,-0.009886684957906466,4279008.433940255
4553,0.9216518248885384,980937.5574700333
4554,-0.04278200378344947,4513348.709187493
4555,0.20403377606861897,3028460.783371761
4556,0.6286772904299405,1541802.4209771606
4557,0.8593846831569043,1078678.5755701477
4558,0.6397236290622992,1515387.7671749128
4559,0.4558743301329777,2024520.9008255224
4560,0.8186613856540246,1148204.0896791385
4561,-0.8866149930268876,17396309.80539895
4562,0.029834999123919174,4012360.459430693
4563,0.4624910139417533,2003382.6769754388
4564,0.2948256569008387,2617473.197027979
4565,0.637990926450687,1519499.301160522
4566,-0.9787845696521525,20027399.30505238
4567,-0.24546538758830166,6269799.712486763
4568,0.21669056915649856,2967397.319553606
4569,-0.7266491104257351,13560017.089639286
4570,0.06607045897526871,3783822.396122287
4571,0.11936954622300021,3471477.1779785263
4572,-1.4606179457554722,39936495.76376204
4573,-0.9905709007961315,20388019.583499234
4574,0.1474060356934722,3317863.4455533978
4575,0.09304306226879273,3622331.338020295
4576,0.6017320719402987,1608294.5854941176
4577,0.5877738200801851,1643921.4394105307
4578,0.3762711414176358,2297861.8759466102
4579,-0.04484095807039663,4528439.737760453
4580,1.006639765867092,862577.8703865147
4581,-1.0027265876394518,20765884.557655122
4582,-1.4046616042610744,37037992.01238326
4583,0.15360147336400834,3284866.3004221544
4584,0.13765530145468033,3370484.466410996
4585,0.42756590424881863,2117621.238598394
4586,-2.3352306419940083,104474438.04113702
4587,-0.6597612045782776,12200846.96613439
4588,-0.8605934261118154,16711709.106102126
4589,1.175871611044681,670290.0261470479
4590,0.6014440763530838,1609021.3839967134
4591,-1.7640138696587409,58487464.46952813
4592,-0.5884833468836288,10893813.984453967
4593,-0.3360225698883188,7259886.783858572
4594,1.4405851114286314,456710.1797515341
4595,1.4434884312254181,454827.0534558018
4596,-0.1353694865128432,5244625.345484204
4597,0.35671727509614864,2370707.447206751
4598,-1.7273468050319092,55995441.88839127
4599,-0.7302893891348659,13637888.05889765
4600,-0.6366998806695985,11762593.787119268
4601,0.8187988602297934,1147961.4911534784
4602,0.5918485204662575,1633436.1000107853
4603,1.4736282403454424,435774.12998117565
4604,1.5443768573750072,394408.91558156465
4605,-0.48564405751251516,9240380.755421145
4606,0.7578746681313703,1261020.9316573406
4607,0.9440379378437608,948156.1450563592
4608,0.4667384028170491,1989935.2506523496
4609,0.38889080242930174,2252087.1085321447
4610,0.29183498926504853,2630050.155820811
4611,0.6161193540289649,1572423.1350847431
4612,-0.36042999820221494,7552041.904123394
4613,1.4085417814281893,478072.1958701186
4614,0.595198179043985,1624869.2560517108
4615,0.485316010993808,1932217.4432043273
4616,2.1784446363268204,168769.43023253555
4617,0.9542188275899401,933638.59004288
4618,2.1761105993630827,169272.84193893263
4619,1.9581179075501827,224611.59957824714
4620,1.4813187431069972,431054.2569797002
4621,0.8648246927201391,1069737.1974625764
4622,-1.1616370123342197,26289515.803818904
4623,-0.5468435237376477,10192864.339156207
4624,-0.7206382643849647,13432338.602135543
4625,-0.6841650721806903,12681273.237833515
4626,1.126630760642641,720940.2433202327
4627,-0.09002131628651304,4872680.05074035
4628,3.6818911621124486,29700.93673496274
4629,0.95439407704873,933390.7919667045
4630,1.254759076045439,597024.0017822796
4631,-0.8065330799688762,15366784.717971455
4632,-0.31077934564931764,6969386.268351442
4633,1.1870661200616586,659322.5156133535
4634,1.0038762352967794,866174.8908911126
4635,-0.7724590426850909,14570618.519826448
4636,1.3275695132415752,537097.8239596816
4637,0.6229096649082805,1555787.062707916
4638,-0.5966507137242951,11036571.848031532
4639,-0.957348198889719,19385873.12008571
4640,-0.7159948996563826,13334472.58117213
4641,-0.9991974253131569,20655553.506483965
4642,-0.8880765958129028,17435501.01567648
4643,0.34046261087205193,2433085.4036440733
4644,0.2822610829896666,2670733.8187926593
4645,0.042423313984956974,3931418.693002645
4646,0.6191928989855621,1564869.9049090438
4647,-1.803950109865757,61276436.265714124
4648,2.0721546714647303,193492.33929780585
4649,-0.44840081370575263,8703285.395653306
4650,0.4306183183037473,2107371.0943734106
4651,1.722205365380479,308326.3270001154
4652,-1.1640721461733758,26382973.433279395
4653,-0.5248905598256105,9840853.35783083
4654,-2.405540595403322,110786320.49930368
4655,1.1755486108841078,670609.4044417052
4656,1.1080888701198268,741075.9345202283
4657,-0.6962370663692088,12925415.992694214
4658,0.4672620966551889,1988283.7574087416
4659,-1.1056024516859382,24214268.346832827
4660,-0.7777529847049014,14691778.8217169
4661,-0.7178553568248379,13373604.744116407
4662,-0.21363047962643014,5954442.549891977
4663,-0.8031086203347051,15285005.678103976
4664,0.12368020893874643,3447394.1914608823
4665,-0.03577165643282573,4462345.74317919
4666,0.7428781935588379,1290630.5071257036
4667,0.43024385816978566,2108625.7592766094
4668,-1.5784761691109161,46576703.53136346
4669,-1.6552655758691908,51293045.60680902
4670,0.6825007958852823,1417523.371074543
4671,-0.2797863660621272,6628310.818278997
4672,-1.460736088034945,39942787.973594196
4673,1.2912396449088734,566134.1042073383
4674,0.6144557114915475,1576527.5662528058
4675,-0.4063960100927728,8133753.954273228
4676,-1.2085338598279953,28138342.23840087
4677,0.0535852459446059,3861035.143991461
4678,-1.0507751294197447,22319800.80340625
4679,-2.2417725553761936,96229311.53447358
4680,-0.6527945628508185,12066862.164622236
4681,1.3209021358861286,542302.3222881039
4682,0.43036010239120426,2108236.18841043
4683,-0.5270993611393716,9875737.75728672
4684,-0.24497378216108548,6264806.299875065
4685,0.9665942161486516,916312.6844552996
4686,0.043114440881546624,3927023.081286429
4687,0.6691772361528965,1447267.1091977844
4688,1.3233340477288438,540397.6324520695
4689,1.0693869406825998,785093.9369979503
4690,-0.33305703751341004,7225152.791142192
4691,-0.1742224501423019,5585801.506614463
4692,1.3218465066521228,541561.8145245514
4693,0.319325163090718,2516755.7462793225
4694,-0.8272844920686139,15870947.03670586
4695,1.6177069886788156,356052.0214028463
4696,1.317874495980688,544683.852157596
4697,0.7139454004913012,1349863.68344696
4698,-0.660387829319565,12212966.641277498
4699,0.6380918065865947,1519259.5997147842
4700,0.05174270179187092,3872564.850977663
4701,0.007347826702233639,4161179.1259972057
4702,-0.6403418655207288,11830806.347301317
4703,-0.2129908859135356,5948270.648616167
4704,1.327402699460803,537227.3693376041
4705,-0.3093815268782703,6953638.050612252
4706,0.3970242604936841,2223088.399164519
4707,-0.059523365822754644,4637537.859639106
4708,0.8423764743236506,1107153.0772069974
4709,-1.2459164748398956,29687286.34665337
4710,1.9604367821787432,223925.72072300568
4711,-1.4930337787068315,41690315.75646946
4712,-0.5701352017718954,10579473.2046257
4713,-0.6017450206825685,11126511.747968655
4714,0.9671908614344508,915486.1462154643
4715,0.012765836764266313,4124819.5340490765
4716,-0.3085398262266434,6944172.0955773555
4717,1.3474744194833523,521882.4521723553
4718,1.562135440773886,384718.37904566544
4719,-0.7492958102062627,14051234.270046659
4720,-1.2398351335566744,29430697.238220703
4721,0.8513753779132737,1091988.686898361
4722,-1.1873629300064767,27290861.142814647
4723,0.4150202971925747,2160298.849166694
4724,-0.6628371779988755,12260448.446752217
4725,0.9486985679817952,941480.3893922671
4726,-0.9150525997296548,18173182.418430816
4727,0.9255740486661813,975107.2129555579
4728,-0.8404428902841004,16198387.103379821
4729,-1.842535828617102,64043350.13586789
4730,1.0144144592051383,852544.3743829983
4731,0.07588828139439839,3724209.4952293457
4732,-0.46090507582434054,8880161.188446252
4733,-0.9889658084189261,20338576.993822332
4734,-0.22401660679296273,6055559.888464155
4735,-0.5257149057518338,9853858.726872014
4736,0.18613185227359694,3117040.9754900127
4737,-0.6888054469565146,12774605.660421353
4738,-0.001326793843616151,4220070.058200236
4739,2.2469615816077138,154712.06762545966
4740,1.0476371485861247,811065.5804199025
4741,-1.0746018618281847,23126906.477948345
4742,-0.051882232224532296,4580433.799611434
4743,-0.02141816121681449,4359724.8659347445
4744,-1.7080466545845296,54710598.64569173
4745,-0.06195783628990387,4655881.369389442
4746,-1.7628796768133013,58409387.96449028
4747,-1.984344784730507,74786791.84909786
4748,-0.21747560632787802,5991681.1513379635
4749,-1.5954212140315327,47591136.509333536
4750,-1.2538181265531094,30023376.033485323
4751,-1.652637849912171,51126616.93785188
4752,0.7197667879146142,1337717.8698329797
4753,0.6318250599139705,1534226.1173513946
4754,1.1659506660763965,680175.5590556174
4755,0.17840276698235671,3156102.649923485
4756,-0.5577755524214557,10372612.54229515
4757,1.2153167505623947,632502.4742797987
4758,0.12753694733502485,3425991.8244819394
4759,-0.3244804697035813,7125613.917242342
4760,0.12892064725605845,3418346.318593709
4761,0.10251603833183918,3567294.779857018
4762,-1.2226321423534228,28714577.886358924
4763,1.022875076545231,841768.4366995977
4764,1.108427098268459,740703.225651015
4765,-0.3095538291015847,6955577.3638508255
4766,0.3790790655057943,2287593.8221131456
4767,-0.5227942975205199,9807855.505838271
4768,-0.48844603197877745,9282056.656558568
4769,-0.004062942947310686,4238819.782158072
4770,1.6264343191538964,351768.2891330268
4771,0.8441268915699727,1104185.8471802557
4772,1.0810777371217748,771506.4145229756
4773,-0.2920561416122049,6761327.14715299
4774,1.445313747308612,453647.49994314456
4775,-0.7084015645640609,13175858.620189631
4776,-0.450806143228029,8737042.608622773
4777,0.8705843808607644,1060356.7292586034
4778,-0.4525672734339257,8761839.178679438
4779,-1.2504687440366429,29880540.270648297
4780,-0.9548853661916189,19313341.405526318
4781,0.024124919131933903,4049630.9056974957
4782,-0.15823984657458434,5442852.026633544
4783,-0.4025928008987435,8084011.824692246
4784,0.4252852108067737,2125313.833708135
4785,-0.9887180042298106,20330953.104808766
4786,-1.375450305783661,35589311.44610889
4787,-0.504038488379525,9517298.388045363
4788,0.6112285963585438,1584521.5484888232
4789,0.25045475640062864,2810618.5474047726
4790,0.49476407087153335,1903538.2942729557
4791,2.3656501741931617,133354.51035407092
4792,-0.42471693527738047,8377571.175600883
4793,0.02088766144533606,4070916.563099672
4794,-1.4824197598316682,41110004.45144256
4795,0.5467245141197145,1753591.0020697014
4796,0.052048176116779345,3870650.9322355743
4797,-0.746719840868659,13994541.913475338
4798,0.29985501620185034,2596462.713886867
4799,0.3846222737410925,2267463.1150408704
4800,-0.15906018733983798,5450099.572884352
4801,0.24921061740425138,2816241.4101977674
4802,-1.0987332919286814,23969652.385211796
4803,-0.19601106546821626,5786723.492293004
4804,-1.4084352501978576,37228351.70022112
4805,-0.7097612955882361,13204131.829496473
4806,-0.5690731851696481,10561545.333638484
4807,0.2480559446666081,2821470.302369062
4808,0.8180616586497982,1149263.0555168265
4809,-2.516464073303248,120872706.2127227
4810,0.4938519522399776,1906287.4517445534
4811,-0.01235050851705001,4296126.587335568
4812,1.6359064345560583,347183.34493135806
4813,0.9818824759272544,895384.6514218596
4814,-0.7571618418111481,14225666.632034138
4815,1.1496335092241659,696780.4448026746
4816,0.34601578313291237,2411585.6129136346
4817,-0.5560484588236991,10344015.339673461
4818,-0.19734551792097665,5799260.12852307
4819,0.06835248928749937,3769880.1116903666
4820,-0.5738761647608003,10642855.222467473
4821,-0.2292614294542076,6107267.793812601
4822,0.9655597014468279,917747.7098714742
4823,-1.1213066643684892,24781459.34352978
4824,0.9600368865251803,925449.6712794545
4825,0.033890331568990566,3986102.122671362
4826,1.5204580293331866,407888.82396199525
4827,0.10274734858257922,3565961.6144873993
4828,-0.5969663140042619,11042123.686265135
4829,0.30120410180752244,2590856.531800563
4830,0.6799144168653046,1423246.223922185
4831,0.7565623992777957,1263582.857707834
4832,-0.10639596115960928,5003833.239676227
4833,1.3831805878178565,495757.1130684879
4834,-0.4996781598116697,9450943.512464378
4835,0.9609920429199689,924112.6826042401
4836,0.303167782609086,2582718.733158342
4837,-0.0019358402115100138,4224236.337254437
4838,0.9065868200302283,1003681.6066155187
4839,-0.6776797836694843,12551901.378496287
4840,0.45541532670805734,2025995.8881746095
4841,-0.5632425483766936,10463632.682577156
4842,-0.537779949611914,10046096.721029978
4843,0.3726800887849976,2311063.5238788426
4844,-0.7670063905197779,14446787.281213894
4845,-0.41802441954816205,8287694.479106855
4846,-0.06023983396141975,4642928.814934917
4847,-2.433320919948301,113300161.9103247
4848,-0.5902874125811907,10925195.803513484
4849,-1.0204361600800513,21327326.808639027
4850,-0.31237662960146373,6987424.637593864
4851,-0.2845430983490905,6679569.492834377
4852,-0.02091761376951231,4356189.4813151555
4853,0.2284462726518926,2911814.9072538298
4854,1.2664032866231034,586969.0466888051
4855,0.6332239280173511,1530871.8341270175
4856,1.07768786520186,775419.8970769036
4857,0.5075362391270944,1865475.708090498
4858,0.8067999323831713,1169343.1075725555
4859,-0.41591301078837184,8259534.229550604
4860,-0.4822590140572534,9190272.715159435
4861,0.6816219852371063,1419465.1679653483
4862,-0.5512899470900792,10265612.421996407
4863,-2.2082236077622803,93319212.11452198
4864,0.8363039605708998,1117513.1514394584
4865,-0.7056217867765261,13118233.317028228
4866,1.3777145108152475,499661.9239512801
4867,-1.0620902845125373,22700021.585973226
4868,0.7562025549601299,1264286.3438475195
4869,0.7455900185542236,1285221.9299718875
4870,0.13139174654425603,3404735.817518097
4871,-1.415622621292243,37592954.68567029
4872,-0.5725875372984537,10620981.714874772
4873,-1.4696181569313647,40417931.327648215
4874,-0.15293270199219325,5396196.299220778
4875,-2.0208281937110293,77686437.19545256
4876,0.41187805626350465,2171127.828462088
4877,0.5018074939491824,1882448.490037605
4878,0.225378558040011,2926215.3697779453
4879,-1.2539943077625617,30030904.558101114
4880,0.02447746891644682,4047319.6360695357
4881,-1.1555685265749907,26057813.28296015
4882,-1.940408914909784,71365777.90537183
4883,-1.4255952941452705,38103288.245692216
4884,1.3471001441812058,522164.1607496195
4885,1.2601848511851448,592315.5873865976
4886,0.8056869835938059,1171347.755142055
4887,0.7286699675978665,1319365.9772492035
4888,0.16608279390909206,3219406.439578864
4889,-0.24696397879787577,6285045.755279968
4890,0.619177556864387,1564907.5129379053
4891,0.24289324427208603,2844972.013105438
4892,1.0955975674957348,754983.8956730326
4893,-1.0919394757868297,23729787.058288462
4894,0.026761459461732574,4032378.447698272
4895,-0.31554111913927174,7023297.292290207
4896,-0.06302887246074822,4663974.638973946
4897,-2.0532906432627933,80309234.62891242
4898,-1.4679923538953865,40330651.313892975
4899,0.24889216221792002,2817682.5246776594
4900,0.005974258491093438,4170448.406550748
4901,-2.032548189655223,78628816.62651007
4902,-0.6051266384714662,11186597.076345537
4903,-1.2895206373822037,31580250.46058966
4904,0.7567813008417449,1263155.1145702305
4905,-0.39837952612609806,8029251.9739657305
4906,-1.3274686305976784,33304646.988851894
4907,0.7328554255652953,1310831.138285537
4908,-1.3369542415376297,33747015.924019024
4909,-0.5313197576376708,9942721.511691814
4910,0.26443727157942565,2748214.894816726
4911,-0.7698803640784752,14511934.781355329
4912,0.0720147442048195,3747614.3150527375
4913,1.1968324369614973,649913.4364566071
4914,-0.26019307830802096,6421233.507049788
4915,0.22219490863422978,2941237.533020988
4916,-0.5977877979011799,11056587.12081974
4917,-0.18713306268401597,5704001.7026081635
4918,-1.7118193793548424,54960286.04391423
4919,0.9737381712096106,906468.592736189
4920,-0.31082788668624906,6969933.774677832
4921,1.6357851725879615,347241.622213748
4922,-0.004131404791994128,4239290.002185746
4923,-0.12555920040803747,5161822.6635672655
4924,0.17797342915151207,3158287.120464381
4925,0.4390275691148236,2079399.2319655686
4926,1.3715798055134667,504084.56108955346
4927,2.2856835906254815,147349.98689767005
4928,1.9771685752496666,219045.42257197067
4929,0.6475035119101005,1497071.1961522333
4930,-1.3469628195620074,34218722.97559315
4931,-0.5523330723314208,10282750.651506437
4932,2.214963325117735,161107.07294352388
4933,-0.5576408299935388,10370379.101440206
4934,-0.06366972439520042,4668823.995086341
4935,0.22233482769643959,2940575.6564753437
4936,0.8560667833696352,1084171.1984289235
4937,0.5420197826163414,1766642.9591948248
4938,1.1926397482041262,653934.7599927603
4939,0.37069740752638425,2318386.120583605
4940,0.6633267433393891,1460535.8825824442
4941,-1.082821701669639,23411084.655486725
4942,-0.3143408787697255,7009670.115516714
4943,0.6557488325361985,1477913.9622412662
4944,-0.08252120147439562,4813765.133557351
4945,0.31783496073478706,2522765.8857868356
4946,2.276977831001127,148970.37942702216
4947,-0.8016466841914486,15250214.723961331
4948,1.0958248337909742,754728.3459588841
4949,-2.062532149741595,81062983.31474546
4950,0.47215360692028635,1972927.1664907807
4951,0.028587923734716775,4020470.498107461
4952,0.7548125579375573,1267007.665315637
4953,1.5861654491801216,372021.27395964717
4954,-1.6208834265586267,49143548.3685343
4955,0.005088106429903538,4176439.531481978
4956,-0.24377040645496306,6252599.7834533965
4957,1.9662060252260283,222229.39680267786
4958,-0.17590411071906836,5601058.300219118
4959,0.9856157808575995,890352.6642723611
4960,-1.2126909642877541,28307262.83131002
4961,0.5750576568412986,1677101.789546307
4962,-0.818153554711624,15647279.021243155
4963,-0.3491952480828185,7416160.557167858
4964,-3.618916330943014,214426862.84301975
4965,-1.0375467829047056,21882259.92050204
4966,1.3139574653195936,547781.9497314055
4967,-0.9958650658928648,20551845.504469525
4968,0.7283420675644474,1320037.1073174016
4969,1.0360861170538265,825234.7634477571
4970,-0.9788300563908865,20028780.208479006
4971,0.8289228203916958,1130245.431144497
4972,0.8103218424529016,1163023.5008610887
4973,2.2047014962727935,163220.15712040695
4974,-1.9983818646651903,75896267.22583535
4975,-1.4311415451844398,38389342.560873434
4976,0.5587331955357093,1720733.4949007367
4977,0.06910325762038984,3765304.6491713533
4978,0.33699624227851993,2446606.532254511
4979,-0.9986485844015607,20638441.36088292
4980,-0.07012952008397468,4717989.725158922
4981,-0.5308261396092131,9934864.686330073
4982,-0.852245916945249,16497301.639420567
4983,-0.8054198711201617,15340156.57170053
4984,-1.058784557160558,22588368.44403185
4985,2.541005307644071,107579.51892185547
4986,2.242873235479515,155513.0973864403
4987,-1.3879938883694745,36206000.11712272
4988,-1.8180344515069613,62278273.33873003
4989,0.19918427308705214,3052198.2364065065
4990,-0.7061629997611774,13129434.33323864
4991,0.7942128627042749,1192229.8996479656
4992,0.4063321774851764,2190378.5432159025
4993,2.175786974216244,169342.7747802306
4994,0.9588294405530836,927142.7812051323
4995,1.2620709634797418,590688.3398706489
4996,-0.5162664385118586,9705776.46279547
4997,1.1901949275651518,656292.134435928
4998,-2.7817887848985037,145160874.37641376
4999,0.7154252962847197,1346764.960169876
5000,-1.064427476683139,22779247.487307936
5001,0.01948600353851797,4080167.8939041756
5002,0.4733546182933002,1969175.6618053205
5003,-0.12023709812896971,5117450.675087932
5004,-0.17225410087625084,5567996.33249752
5005,0.7949321257252431,1190909.300160638
5006,-1.1517406640249164,25912538.439623404
5007,-0.47017833846100615,9013571.178780772
5008,-0.148270866169423,5355543.0567056425
5009,0.8068493160018142,1169254.2424207397
5010,0.2884804836861701,2644231.5343951876
5011,-1.9859323681406147,74911879.64661981
5012,0.0010827772318481325,4203627.70651275
5013,0.4845064361544807,1934695.8163990353
5014,-0.34195260037492203,7329834.222824497
5015,-1.1474433815678844,25750254.821516234
5016,-0.25299375390180723,6346761.723728415
5017,1.0777997028639068,775290.4427305984
5018,-1.9278030100796537,70399094.21232073
5019,-1.110806576395544,24400997.06337724
5020,-0.34538851467943654,7370664.075956785
5021,1.8021385365215676,276598.1317333928
5022,0.9280569988879066,971435.5630811086
5023,-0.8528568536110324,16512908.875806531
5024,0.40635658217053916,2190293.442011221
5025,-1.4760349271716158,40763759.79617747
5026,-0.9239274261115185,18421897.01674972
5027,-0.4193953630471188,8306028.9060826115
5028,-0.4040767113725398,8103384.571103197
5029,-1.0710364426261514,23004562.324370906
5030,0.23567482169125006,2878170.2931998875
5031,0.28763502577456385,2647818.2096536234
5032,1.320609090000824,542532.3327975443
5033,0.25312870408702465,2798572.8084643204
5034,0.5037117972789779,1876788.6536026744
5035,0.7988520047187601,1183739.5710871408
5036,-1.1851786207520951,27204632.009327814
5037,0.23324300900739642,2889444.053330875
5038,-0.3363726709874013,7263998.154089596
5039,0.5315233943137964,1796131.2725193945
5040,-0.2814619966657271,6646323.058979817
5041,-0.030000083136455708,4420791.833952176
5042,0.4962239833104226,1899146.7038933563
5043,0.2594975623958857,2770095.8758953433
5044,-0.9173542276403425,18237395.700631324
5045,0.9363087750044998,959339.5163528777
5046,-1.8865609569377446,67284435.07865027
5047,-1.1924018225547905,27490639.878867555
5048,-0.12424733999670233,5150849.647623696
5049,-0.10621541918337406,5002368.052614784
5050,-0.4344312389048933,8509713.239707652
5051,-0.13497004452237002,5241228.095243232
5052,2.0122381528309976,209196.54830471205
5053,0.7553456157868162,1265963.3147188583
5054,0.5303108297174484,1799570.9630266556
5055,-0.24526981168329315,6267812.706289471
5056,0.2007902272262109,3044316.290172111
5057,0.337297821396537,2445427.0868836585
5058,-2.6384927287229853,132056690.64572379
5059,-0.01227157702080322,4295577.11560217
5060,3.028166686225703,60836.52859128454
5061,-1.425235103408548,38084766.265263714
5062,-1.57835678066998,46569609.33791842
5063,0.0005484732162324054,4207268.072760375
5064,-0.7661293860568633,14426960.94837361
5065,0.3035896566629294,2580973.873599019
5066,1.1118444208533338,736948.8895192018
5067,-1.1518742040865277,25917595.137161035
5068,1.8601031461288404,255858.87849659522
5069,0.1755990656650023,3170395.8996542008
5070,-0.08036520268137096,4796962.099632537
5071,0.9135112949936826,993158.080163836
5072,-0.7678858371020516,14466694.013127305
5073,1.3126438955286068,548825.1993399491
5074,0.8706168337351107,1060304.1251719878
5075,-0.456828677250218,8822121.239109887
5076,2.8171242972001314,77528.833103704
5077,-0.046243560007110586,4538749.1655034125
5078,-1.6565600376489429,51375161.46671991
5079,-1.8544656905876382,64912879.76335951
5080,-1.5361036077855936,44105669.71200247
5081,-2.5853622315211924,127182921.14602846
5082,-1.2306581819443096,29046899.43721764
5083,1.1957545050430651,650944.7367434906
5084,-0.14766279013661268,5350262.966428677
5085,0.14603840707033378,3325193.0659056855
5086,1.7938528166721375,279712.4580225617
5087,-0.5509989763079433,10260836.724866332
5088,-0.2887692518380169,6725438.287141702
5089,0.9085003751256603,1000761.5630277443
5090,-1.1406973770505402,25497212.5298064
5091,0.40765215703130075,2185780.6019356954
5092,0.40344551543134505,2200468.9050189704
5093,1.0432840390198195,816374.2858961223
5094,-0.8815979255940851,17262384.208487168
5095,0.7832597042490776,1212534.3506904019
5096,-1.6959797803003829,53916801.63981259
5097,-0.33375099768302857,7233266.213388164
5098,1.8768761708676234,250184.66151608
5099,-0.6476074601957308,11968001.181023372
5100,1.6973633347354076,318993.721872596
5101,0.5189975221911441,1831998.5384804888
5102,-0.04953798728207134,4563057.02035071
5103,-0.9766134653147255,19961585.30387021
5104,1.3824070388065341,496307.67770868767
5105,-1.5212106306898054,43259479.71651336
5106,0.9203171645461221,982930.0365433727
5107,1.274044854038828,580470.8775930341
5108,0.5267444002646319,1809728.0007502548
5109,0.035312876750920125,3976932.4648536993
5110,-0.7249306384400271,13523399.915088944
5111,-0.2498769981403067,6314786.623253096
5112,-1.2433183853149874,29577445.07759365
5113,0.9618329429918676,922937.3439956112
5114,-0.41013349895957724,8182926.43355971
5115,-0.7837574105399574,14830319.693283845
5116,-0.9969387139344412,20585209.220897976
5117,-0.052076417861344884,4581876.191617067
5118,-0.6453424811297865,11925072.253544537
5119,-2.330692448233791,104069910.0085531
5120,-0.2059090581423267,5880356.072223406
5121,1.193216389612571,653380.0864610252
5122,0.726328388114742,1324166.5654438054
5123,-0.034026119946366756,4449736.917809256
5124,-0.5248428921403906,9840101.82724722
5125,-1.498931886299651,42015338.676313736
5126,1.3582396784786503,513850.45833592385
5127,1.0460865163904725,812952.32189671
5128,0.09046426303559202,3637463.064527186
5129,-0.5370494230291405,10034355.578631205
5130,-1.5272384473940719,43600568.77981687
5131,0.2642866960465725,2748879.244607473
5132,1.2686221331095409,585074.0665004506
5133,0.7812534249503101,1216293.2458435956
5134,0.5785708502264556,1667864.908499074
5135,0.11500545603739806,3496033.633052325
5136,-1.6409631204857282,50391483.006535076
5137,0.9461526638903605,945120.7902229448
5138,-0.1449083046626987,5326410.066502879
5139,-0.4157446132392244,8257292.286159002
5140,-1.2368923291330762,29307178.199778575
5141,-0.4503840859943537,8731110.166139124
5142,-0.5812267072533951,10768446.62802398
5143,-0.17772554449340977,5617630.015846935
5144,1.145188101782469,701380.1215770656
5145,-1.2520586308584642,29948273.17105961
5146,-0.7488872326199676,14042228.089778086
5147,-0.3473436406102268,7393996.682368675
5148,-0.9290025641267686,18565484.847089894
5149,-0.7710207883883344,14537860.87681516
5150,0.1414135894303188,3350102.0689618066
5151,0.9594051194569763,926335.1353673408
5152,0.4110420518301009,2174018.429708682
5153,1.225973673250297,622695.515664808
5154,0.06051551793400226,3817980.36394664
5155,-0.8515363199450451,16479190.744402442
5156,-0.20612265434873758,5882393.147021107
5157,-0.6625736847833331,12255332.202777594
5158,1.1509698364606369,695404.1484279558
5159,0.8292217826110312,1129726.7300797533
5160,0.49000565733238655,1917926.1241986197
5161,-1.781803367024962,59720280.31510502
5162,1.0982211838559115,752039.4592777714
5163,0.09761557189790977,3595658.5220712833
5164,-0.8590075537014499,16670782.867743382
5165,-0.18497136764871586,5684038.634204556
5166,1.1248605896410584,722836.7364111311
5167,1.1431074175317126,703544.3193624759
5168,0.1263183495731803,3432739.5377316773
5169,-1.2744971809887136,30917447.221197743
5170,0.5301786999130746,1799946.194023638
5171,-1.9309843600826702,70642418.19992572
5172,0.3338212113890134,2459059.5946681397
5173,1.0402965850618382,820039.2458606136
5174,-0.9083045580976272,17986079.861980435
5175,1.5336447902500538,400395.4785564962
5176,0.8233411174028243,1139976.5464451206
5177,-0.6586526805703318,12179434.422831317
5178,0.514445207172557,1845219.3293203674
5179,0.27219686402054916,2714202.267520554
5180,-1.2064321612013114,28053256.11939965
5181,-0.5233211090139736,9816138.207214683
5182,-0.06323253272567933,4665515.195956509
5183,-1.1640062233991193,26380439.757904842
5184,0.14816501817093616,3313802.9146261113
5185,0.04329529574051641,3925873.656292935
5186,-0.7380989835086343,13806347.352262989
5187,-1.614391012882899,48744513.94868248
5188,1.2024024468871375,644612.6195188347
5189,-0.2667359012814442,6489662.849838549
5190,-1.4351889411204635,38599101.11516551
5191,0.3521339072665637,2388126.523373013
5192,0.6738695373829509,1436717.2723687524
5193,0.02358041726079089,4053203.2162051266
5194,2.0663549752590815,194953.41321495856
5195,0.004282009859856584,4181896.9785806434
5196,0.6446625577620188,1503732.5358444601
5197,-1.3939856344657184,36503435.52061644
5198,0.6032726017852895,1604412.7070631536
5199,0.6804015166242934,1422166.55661428
5200,-0.6911294493946997,12821589.365803508
5201,-0.7280954052355376,13590905.978850521
5202,0.6561924837576808,1476890.5550384833
5203,1.1502263825052508,696169.4744701732
5204,1.7302779232686345,304945.4866488962
5205,0.2683342830693926,2731078.496399743
5206,0.535244083751632,1785619.7711725887
5207,-1.6953482149506276,53875457.82029837
5208,-1.0787186354137084,23268861.828322098
5209,-0.003985909738369084,4238290.754038576
5210,-0.11333658121787914,5060487.095589786
5211,-0.42567392839577234,8390500.105872568
5212,1.1803969995519343,665832.7141336396
5213,-1.9524517452228098,72295546.91961047
5214,0.01698637695969485,4096719.011202147
5215,-0.2562586720389729,6380428.53485792
5216,0.44968808909250485,2044494.7747067474
5217,-1.688615852042251,53435996.151289865
5218,-0.3695228626230669,7663797.285479203
5219,-0.83710545928007,16114761.146297552
5220,-0.6051612683574716,11187213.974015452
5221,0.9819103947215129,895346.9072881486
5222,0.3406713960614603,2432273.4809908927
5223,0.06511695094079979,3789663.4640887375
5224,-0.48417850529201845,9218654.30045346
5225,1.811933719926901,272966.03036858863
5226,-1.7979190449268725,60850326.71900519
5227,-0.7142242869365685,13297329.04263143
5228,-0.37951313522015784,7788444.41388088
5229,0.6612454698102829,1465287.1408912935
5230,-0.0922590582894789,4890397.795506774
5231,0.06177468429788459,3810210.235164323
5232,-1.5753466348161962,46390988.99369185
5233,-0.5239462148189887,9825975.016805097
5234,0.05448839426188441,3855396.439362848
5235,0.1349381627557018,3385299.2953966954
5236,-0.2918841934086939,6759445.013498653
5237,2.085391193292201,190203.34724663582
5238,-0.8065094938716344,15366220.096822498
5239,-1.820066206316491,62423569.9801544
5240,1.044919324767717,814375.6354411716
5241,0.7577563664145839,1261251.6639114607
5242,-0.6063314602453118,11208078.742574288
5243,0.726552236870809,1323706.8413761617
5244,0.7510683419604792,1274369.081931538
5245,1.6730248125640295,329842.74617994187
5246,0.44592570505522233,2056743.134336095
5247,0.8626729097827545,1073264.4253999388
5248,-0.5436439512767132,10140820.850539234
5249,0.25679940551153785,2782123.438373363
5250,-0.23885736556927264,6203007.840996856
5251,-0.5206370370345544,9774008.156765254
5252,1.7225395448276104,308185.54884230235
5253,-1.3686283181046657,35257310.85749775
5254,2.1282663732535725,179971.10693373746
5255,0.11396773089497596,3501898.8900995525
5256,0.0211575350647521,4069137.7635711213
5257,1.7635799356928683,291426.5165443654
5258,0.08920321105291747,3644886.0174050527
5259,-0.13284503869886924,5223191.9002926815
5260,0.4969998747977666,1896817.0489136444
5261,-0.45225248700157017,8757402.02192396
5262,1.0908130421937454,760385.652108783
5263,-0.5983477956360724,11066456.996082474
5264,-0.13722114288209494,5260402.446689072
5265,-0.21649920736058198,5982203.25923036
5266,-0.5904206464142501,10927516.811489249
5267,0.30407642130948825,2578962.1430738815
5268,-0.6753146078922575,12505027.676051864
5269,-0.19330052736875708,5761341.994630563
5270,-1.2791401603605774,31121090.04102
5271,-0.8786313213479438,17183630.467165902
5272,0.7895089932247856,1200904.9806899508
5273,-2.2987028436139316,101229695.34674543
5274,-0.35651238563339777,7504385.132786024
5275,1.5139988732702745,411615.4803659686
5276,0.2684411822591591,2730609.9831135883
5277,-0.6785852804749845,12569890.24561445
5278,-0.16759645797304099,5526089.46772563
5279,-0.4486319906768044,8706524.32358866
5280,-1.4964974261280612,41880963.77567438
5281,-1.4725191823050503,40574013.9294634
5282,-1.0190229265446005,21282043.516922753
5283,-0.8448762775630052,16310083.25515691
5284,-0.853216272838716,16522096.98650395
5285,-1.5943759773890869,47528129.32602685
5286,-1.1209911541980415,24769954.533711143
5287,-0.34719959772179354,7392275.199741341
5288,1.0642371307826526,791161.1345365297
5289,-0.8219076036301353,15738886.952011248
5290,1.1425799877591052,704094.068907901
5291,-0.6302515614298495,11642727.936562184
5292,-1.6006397987215941,47906565.02639994
5293,0.778952688998157,1220619.104397552
5294,-2.203659974591617,92925633.4068222
5295,-1.5654906413103369,45809451.20279992
5296,-1.4601150832510394,39909721.66454265
5297,-0.7218041155493784,13457015.275000528
5298,-1.3635802337050402,35013175.11217493
5299,-0.6351685280805599,11734023.092256796
5300,-0.43311680429063537,8491715.69252595
5301,-0.598804631438432,11074514.8413454
5302,-0.5371923693987807,10036652.003021317
5303,1.96778777148117,221766.82353505897
5304,0.20355791534326464,3030781.6242350377
5305,-0.8539579417141817,16541071.461705536
5306,0.6293730257559581,1540124.4759316782
5307,0.6194773656847441,1564172.7665032053
5308,0.6548955259490234,1479884.4641268007
5309,-0.3816783648014211,7815719.346031298
5310,0.7067651577372508,1365005.9803463714
5311,0.9006105049839468,1012860.2931713293
5312,-0.17292764922216539,5574082.700946813
5313,0.03766684236422153,3961805.8851740374
5314,-1.0816278604302156,23369626.694231756
5315,0.06502133197159178,3790249.719136376
5316,0.7958888992682974,1189155.0360836573
5317,1.7571195757961477,293996.2376594132
5318,1.4744801683327873,435248.4895920521
5319,0.6697877772654716,1445889.7847843072
5320,1.181993258488087,664268.1595171875
5321,-0.1364759840231996,5254047.597575203
5322,0.18172142214291584,3139269.515638379
5323,-0.7364164596624831,13769891.878648367
5324,-0.1164792360012529,5086350.44507447
5325,0.02535586285773709,4041566.814953673
5326,0.7031486535699639,1372700.8861510921
5327,-0.6721420277512099,12442409.896452818
5328,-1.1522646882783332,25932386.143321224
5329,0.7969436115218081,1187224.390127689
5330,0.504469086283617,1874542.8496162689
5331,-1.254871774712283,30068422.87281327
5332,0.6437504801924526,1505877.7695523128
5333,0.3009292790842009,2591997.5531951403
5334,-0.13332457811347526,5227256.6073656725
5335,-1.4646722428199974,40152842.72087965
5336,-0.7807792176783086,14761454.218611106
5337,-1.5452704923633516,44632290.44549025
5338,-1.678680385610328,52791651.44442237
5339,0.030338926707422106,4009088.0010499763
5340,1.678294805685191,327459.4113862346
5341,1.049717286055979,808541.9819732979
5342,-0.7092810826009223,13194140.204424959
5343,0.2809285419293823,2676447.6791332657
5344,0.5584563656106722,1721483.6113006647
5345,0.023642312598125142,4052796.9789820914
5346,0.4549028653035524,2027643.9866415076
5347,-1.2581105003013646,30207229.58909375
5348,0.10043645683171482,3579303.3696173285
5349,-0.6270331204286195,11583333.068062304
5350,0.20711544020760522,3013475.1901439195
5351,-0.7659257094570682,14422360.043152003
5352,1.0583634882254696,798143.0220947596
5353,0.9243812896949974,976876.2920856684
5354,0.17993330467051283,3148327.8715827335
5355,-0.7462094130702561,13983333.459579937
5356,0.2609204997032121,2763774.4594624764
5357,1.3276336872109458,537047.9964008867
5358,0.24580679687300733,2831684.219827013
5359,-0.27734908413712706,6602197.088981277
5360,-0.580862306863423,10762187.43747671
5361,0.5814384842336594,1660365.0230265432
5362,-0.9764915728867135,19957895.945925023
5363,-0.1730470550188891,5575162.376253497
5364,-0.03386020068347682,4448540.277199539
5365,0.5658174175253725,1701654.0828861056
5366,0.7637904436136973,1249540.034761053
5367,0.03394156886120986,3985771.4775861274
5368,-0.5094459580254663,9600210.213025028
5369,1.1758141402130196,670346.8404607092
5370,-0.35663573875182064,7505881.198292033
5371,0.36153767552546556,2352529.7461094283
5372,-0.5000191972276995,9456117.306587722
5373,-1.1078964965298124,24296431.04974768
5374,-0.4107403904338017,8190938.259305748
5375,-1.2560892672372193,30120542.34915631
5376,0.5421632460563799,1766243.455652625
5377,-0.07879876001978083,4784790.8141480815
5378,-1.241194084416943,29487878.95760768
5379,-0.4940978224882012,9366671.166257199
5380,-2.343971860406938,105254680.51538786
5381,-1.4221813098094787,37928002.672554635
5382,-1.4324341148140916,38456238.09852263
5383,0.21156321857814192,2991980.6254526414
5384,0.5425817969426704,1765078.456449754
5385,-0.17214038620512154,5566969.429029027
5386,1.181247050636862,664999.0486874557
5387,-0.8905575560806676,17502206.63413965
5388,-0.8203212507942201,15700116.630551843
5389,0.6954343673098623,1389268.8063059512
5390,1.6114381523196717,359164.59538599686
5391,0.45212067142842943,2036616.1150552263
5392,-0.6044788392897332,11175063.099546045
5393,-1.0756622017220272,23163398.32218612
5394,-0.15789029876030042,5439766.764373876
5395,0.8172467910566884,1150703.5753360998
5396,0.7311436078840599,1314314.709756129
5397,0.027745770897960275,4025956.6240000585
5398,0.12234062747790192,3454859.896443754
5399,0.5160512202960131,1840543.7768308728
5400,-0.36285279723115094,7581662.587590806
5401,-0.45685658476467783,8822517.338610098
5402,-0.472749275748644,9050899.166086813
5403,1.8659294248438285,253871.8115519343
5404,0.01913792676831003,4082468.59649773
5405,-0.04608505404614975,4537582.928064983
5406,0.8549731435433542,1085988.2134538759
5407,-1.8190621239468283,62351740.81168163
5408,-1.1400965348307672,25474776.355210185
5409,-1.107452544199533,24280512.205004867
5410,-0.4433419411184647,8632698.783582546
5411,-0.09209530694139485,4889099.073211267
5412,-0.06197301070626768,4655995.935900712
5413,0.7011379823521778,1376998.911243975
5414,0.13670708620604102,3375646.938713111
5415,-0.041402412827622144,4503265.418435639
5416,-0.9095540608317446,18020594.40078854
5417,1.8633797610742933,254739.26037117784
5418,-1.3621200473415407,34942800.722202614
5419,-1.152260357811279,25932222.072517242
5420,-0.45331336511589904,8772364.598448524
5421,-0.08792068443913145,4856106.543735799
5422,-0.5664115867831799,10516741.938062605
5423,-0.28391523565870885,6672781.306716053
5424,-0.31552936548796917,7023163.718672584
5425,0.938876244499414,955608.9974377142
5426,0.15623702829517738,3270931.224339783
5427,-0.3240795727993719,7120994.209948042
5428,0.008652138970641755,4152396.5065422175
5429,-0.7499746230420691,14066208.981588049
5430,1.6132122303382121,358280.69903766614
5431,1.7750478725529384,286926.11429473205
5432,-0.8546295726472496,16558271.128548559
5433,-0.13724349459957247,5260593.184827111
5434,-0.4924308906240811,9341638.216063026
5435,-1.0092603042461856,20971504.027735688
5436,-0.8572833652616345,16626389.923472604
5437,0.47983083786405895,1949074.578731954
5438,-0.32959009244580606,7184752.55134404
5439,-0.14016069085346658,5285546.4732667385
5440,-0.9951006594018416,20528120.325972006
5441,-0.7260458161380167,13547151.638158543
5442,-0.7954806412848341,15104271.786033995
5443,0.2611809541571808,2762618.998884992
5444,-0.22247622142090426,6040456.099577708
5445,0.7992968379084433,1182928.851877735
5446,-1.6257381597493858,49443355.119843885
5447,1.5085530289336302,414786.6423672116
5448,-0.4021366589376755,8078065.859597553
5449,0.817689221317812,1149921.2099203574
5450,0.6917804082939142,1397190.2329250695
5451,-0.2548917971191967,6366312.317274912
5452,0.2882150375007768,2645357.0924609974
5453,-0.8661275073951997,16855237.623115517
5454,0.2159740152556428,2970820.3499786067
5455,-0.9039237858040281,17865537.72709644
5456,-1.4639797994835593,40115831.49480276
5457,0.474023426784347,1967089.7916350581
5458,-1.8579621658171834,65168967.20166991
5459,0.676921079947258,1429900.101550428
5460,0.3557134844203068,2374511.041561785
5461,0.0648367969731112,3791381.39312702
5462,0.4423238907250352,2068540.5408281977
5463,-0.5162638344399754,9705735.945727622
5464,-1.7230755809144436,55709492.22432941
5465,2.228183255586474,158429.82966572195
5466,-0.9367971312658357,18787950.018878482
5467,0.8003852303729208,1180947.7249985698
5468,-0.38854988374713684,7902896.6260718675
5469,0.4105931351321226,2175572.2753176335
5470,0.7643418002314577,1248475.6815992019
5471,-0.5842375415603565,10820295.272862403
5472,0.20784482567893514,3009939.4780353615
5473,0.24525632114492976,2834189.8587852265
5474,-0.5655453458341158,10502199.345804619
5475,1.1776246598559077,668559.5140931812
5476,0.33010638115894503,2473713.278398098
5477,1.5381607616566046,397864.2602585934
5478,-1.1442261604705488,25629316.029345684
5479,-0.17851713394380875,5624847.247786963
5480,-0.522973721417671,9810675.71445822
5481,1.8276093945406942,267263.1719244466
5482,0.12873302542855844,3419381.983401508
5483,-0.0013707758058842758,4220370.784584833
5484,0.10627477818827517,3545693.9677524343
5485,0.2831782302677185,2666808.463511861
5486,0.16626780816538364,3218446.2208342804
5487,1.3147911243875983,547120.9740034121
5488,1.7720956892179007,288077.2308544337
5489,-2.542179836901922,123225525.52194992
5490,0.8247321298466731,1137543.1239908182
5491,0.8949954176753966,1021566.1967163276
5492,-2.466176170218908,116284903.94506271
5493,-0.44904526960484126,8712317.515065584
5494,0.6257319548472281,1548927.2625848833
5495,1.0407245892570764,819513.0890993146
5496,-0.4789022192370845,9140841.367801558
5497,0.3774378601611228,2293589.599075987
5498,-0.3673750124939894,7637254.378682439
5499,-0.05477846787683758,4601994.286934384
5500,0.9234331868270719,978284.958430842
5501,-0.7414260799353622,13878699.161638716
5502,-0.21261312467652535,5944628.341415502
5503,1.3763548277903594,500638.4685804774
5504,0.1330876580563799,3395427.002019282
5505,-0.2011413246878874,5835068.008420758
5506,-1.1018991197933572,24082128.125494115
5507,-0.9416026565786711,18926281.212365992
5508,0.28437045853550463,2661714.6775067956
5509,-0.09558163005323318,4916824.235174017
5510,1.6561506431426773,337604.12247228716
5511,1.3716323645490718,504046.488550931
5512,-0.8187029864543564,15660656.070143832
5513,0.35422590193541026,2380159.485999198
5514,-1.4233258736970698,37986701.036257245
5515,-0.95725858582915,19383229.75614416
5516,-1.0389867299610251,21929525.528011445
5517,-0.39315665713270515,7961871.491019491
5518,0.09832996062408764,3591509.393079114
5519,-0.34837274150947783,7406307.077227032
5520,-0.7584594634825668,14254633.193822362
5521,-1.5701714994102807,46085005.31300648
5522,-0.25763844022088983,6394709.285051932
5523,1.0494795576443388,808829.9617037125
5524,-1.2208601308289029,28641625.952280365
5525,-1.1197952932306487,24726389.37473311
5526,0.015344930963564407,4107624.7141974564
5527,0.2010039698490705,3043268.828691497
5528,-1.4197456236929216,37803316.107504286
5529,0.5286070838005692,1804415.6753256142
5530,0.08014836431041618,3698640.7464314117
5531,3.146803633463777,53227.345971735456
5532,-1.6585154709974572,51499369.92620171
5533,-0.6372796187773552,11773427.147181304
5534,-0.5016213438780783,9480459.526678506
5535,-0.7017263969368224,13037875.989947444
5536,1.2624223129257846,590385.7513060677
5537,2.272722582718016,149769.6512983599
5538,-0.9439856806425279,18995213.01129751
5539,1.0233014930371926,841229.2295603015
5540,-0.3956420209766205,7993866.344833934
5541,0.8033358842938103,1175594.6211739676
5542,-0.32108826818238917,7086616.810032375
5543,-1.297752863040488,31948201.199872512
5544,-0.8134225298375576,15532522.80942835
5545,-0.23518838104987028,6166227.544581369
5546,1.5896137577263105,370237.4898388505
5547,0.7687763030245468,1239950.1988899042
5548,-0.3164453838214134,7033581.2360344315
5549,0.15219810103878717,3292311.1822393155
5550,0.7292885524580666,1318100.8736076797
5551,-0.8360116816486037,16087439.765383676
5552,-0.42831262238012596,8426249.079379058
5553,0.12704592079643182,3428709.1432600617
5554,0.15640996454415257,3270018.9695995464
5555,0.868515840847659,1063715.4721884741
5556,-0.38138036931066627,7811960.039778269
5557,-0.738632724879792,13817930.655878158
5558,-0.09305751775998411,4896735.390229235
5559,0.22566985378725515,2924844.8270236733
5560,-0.11403857197393732,5066252.872456262
5561,-0.343314997179698,7345997.360274009
5562,-1.4830512723460894,41144366.811645046
5563,-0.1246816683880899,5154479.986443282
5564,-0.3430226318482711,7342525.871049901
5565,-0.3739420643494683,7718692.973492864
5566,0.48126908196836177,1944639.7102317212
5567,1.2758448730592795,578951.6400505131
5568,0.31741765629872465,2524451.579074315
5569,-0.6496041423619546,12005965.46898925
5570,-0.7142305372327604,13297459.990674144
5571,0.09029598903946144,3638452.687842915
5572,-0.06742257078044145,4697323.9622095125
5573,-0.20274218719560425,5850235.606389964
5574,1.949671403734463,227129.78634648933
5575,1.12301553806252,724819.2096957839
5576,0.899570750617349,1014466.3611530088
5577,0.9330686273042458,964069.7670026134
5578,1.3291425451791337,535877.9064562628
5579,-0.4505143686566063,8732941.005267864
5580,-0.6568229486543845,12144167.98727676
5581,-1.4028292899885317,36945827.52372116
5582,-0.9771379689558981,19977467.466326196
5583,0.523289315927938,1819625.304170874
5584,2.6173142656637722,98144.83358728625
5585,-0.9723049897227729,19831542.617345598
5586,-2.1243668350343294,86182714.4098893
5587,-0.3472963438356193,7393431.386780543
5588,0.5670516213648997,1698352.9108792904
5589,-1.0908224335189567,23690544.419745795
5590,-0.057043991942374875,4618930.7686134735
5591,0.24526384639366794,2834155.5901901852
5592,-0.7705265239966822,14526619.176267426
5593,0.09386280261673118,3617534.7582557704
5594,0.28927080413032596,2640883.307179041
5595,-0.7682514143793122,14474976.473745644
5596,0.055579560870466276,3848595.020667527
5597,-0.8722381253504077,17015010.05107902
5598,0.028740758793818953,4019475.681180577
5599,-0.6217583958660137,11486608.258644046
5600,1.236989050977743,612732.4090512898
5601,-0.11052139166543616,5037430.607093164
5602,0.18280838581771566,3133776.1731842533
5603,2.0965189216562217,187486.6199266182
5604,0.07655633299165258,3720188.0314600947
5605,0.13272370709578474,3397422.525621938
5606,0.5108707135600136,1855670.43148279
5607,0.24101694698822462,2853563.192642304
5608,-1.8722251168157023,66219385.59440417
5609,1.790593670471279,280948.1187400896
5610,0.4140239045688622,2163726.5718694767
5611,-0.5269445262532146,9873288.539305234
5612,1.6574846353112533,336983.24452979065
5613,1.3150630892500188,546905.5322722007
5614,-0.29980884165717614,6846725.949816638
5615,-0.3882143184056591,7898617.464781879
5616,-2.1276497444584486,86458090.02177024
5617,-0.43908131764816516,8573680.368112909
5618,0.05777272415661113,3834961.525572641
5619,0.1778587115804011,3158871.065752247
5620,2.1382988208386795,177666.61824178477
5621,-0.252805415176858,6344825.001216039
5622,0.8906742143528046,1028320.5851647962
5623,1.0920857402812933,758944.697868326
5624,-0.599722476114354,11090720.947334383
5625,-0.6263930003405435,11571554.07195488
5626,0.3824545410520388,2275313.4326184643
5627,-0.390889420814582,7932793.465142202
5628,0.6597914300103338,1468616.2098978078
5629,1.3724606743708747,503446.8960291309
5630,-0.9150036287012181,18171818.366416518
5631,0.5941937804701983,1627433.0534964907
5632,-0.8545614906718153,16556526.893855676
5633,2.2719489980692495,149915.4701254776
5634,-0.7347985810170339,13734921.1725383
5635,0.13995979245937964,3357971.488437583
5636,-0.6762052814252718,12522660.024659915
5637,1.1343652719638202,712716.8205145675
5638,-0.7291237960555746,13612909.271872733
5639,1.354313742495964,516763.8286287395
5640,-1.3342138882300127,33618749.21057551
5641,0.037894516191375016,3960345.952424862
5642,0.17837371867857277,3156250.3988016085
5643,0.6719926812343956,1440927.2632309862
5644,-0.24424607211789046,6257421.911969182
5645,1.1532388269286729,693074.0445832271
5646,-2.3419340510409117,105072661.98233818
5647,-0.5314813926717142,9945295.518177427
5648,1.0807997211387406,771826.5683378201
5649,-0.328055621232599,7166942.208947727
5650,0.3301497848866939,2473541.544750426
5651,0.5685821684097603,1694268.451669055
5652,0.3607628691035073,2355441.7488853317
5653,-0.5443828306205294,10152816.70105312
5654,-1.165849026931687,26451342.336329572
5655,0.38335075129195856,2272064.4386268007
5656,-0.1695258617406811,5543410.884573659
5657,-1.2165255596714295,28463813.09071259
5658,-0.38589119164367586,7869054.599671561
5659,-0.599191921240673,11081350.361897303
5660,0.30932108263529146,2557389.2880211906
5661,-2.090906715225566,83396154.97323029
5662,0.1732753822878572,3182292.2971193823
5663,0.8110241442204332,1161767.6738365556
5664,-0.7146123427379184,13305461.354960985
5665,0.10380983498171692,3559844.456386351
5666,1.0721536608510647,781855.1351825118
5667,0.429998585206402,2109447.99227873
5668,1.508037604545749,415088.1690928902
5669,-1.4732830604458784,40615185.71401312
5670,-0.8902288292038106,17493355.005362105
5671,-2.3796458246611665,108452582.58720072
5672,0.5768727103346946,1672322.9514417679
5673,-0.16397505344182184,5493723.510678352
5674,-0.5213354394012708,9784953.796335516
5675,0.7634945632252464,1250111.607936087
5676,1.9039685922536995,241312.86359369496
5677,-0.8696154389578254,16946268.97852141
5678,-0.05766768687661681,4623604.359305896
5679,-0.3630812561616732,7584461.534997554
5680,-0.8953764589923527,17632427.20039767
5681,0.9533040599613681,934933.1953568229
5682,-0.5877734909452711,10881489.471096266
5683,-0.031218592409974752,4429532.172366792
5684,0.36047098011994116,2356539.743456726
5685,-0.1205977429370289,5120445.3829327505
5686,-2.067357484232107,81457761.3006535
5687,-1.674801742598482,52541473.132104374
5688,-1.1901127087315004,27399733.651235696
5689,3.0998091278396824,56108.35207229881
5690,-0.995511923393898,20540881.906233292
5691,-1.596882575060196,47679323.14068071
5692,0.2203440322139148,2950007.395824551
5693,0.7980612699353105,1185182.16672828
5694,0.5283560207786768,1805130.7455124187
5695,-0.2576866068008237,6395208.384652081
5696,-1.1209894378941265,24769891.96247182
5697,1.417666130089874,471879.79205480387
5698,-0.9373488144188251,18803784.97946197
5699,-0.5559202828279597,10341896.00195322
5700,0.2161996412291075,2969742.0805687835
5701,-0.1854426972758381,5688385.386446845
5702,-1.0094340466394187,20976995.932475332
5703,-0.4213860487944205,8332721.631427443
5704,-0.3712365876088263,7685039.918112804
5705,0.8370539393030364,1116228.0561961625
5706,0.9073534316270704,1002510.6786838131
5707,-1.3336770322085245,33593665.38262564
5708,0.4331958038006313,2098756.07640557
5709,0.8928956082836507,1024842.4119626898
5710,0.5497303115123935,1745305.321663436
5711,0.42293961107248557,2133255.7464963356
5712,0.04357241001063666,3924113.1159599875
5713,0.8220031344843441,1142322.4425793234
5714,-0.2724789527887246,6550320.756708723
5715,-0.6027025477894858,11143494.210432831
5716,-0.20179723502554472,5841277.792100313
5717,-1.1967594271034765,27664377.417792846
5718,-0.23389131969988006,6153276.703938935
5719,1.1044234215385684,745128.1088152381
5720,0.4736026812197236,1968401.7370517766
5721,0.6277342596937583,1544079.8638555743
5722,-0.3481349850045664,7403461.185819234
5723,0.8767812459979276,1050362.4652228793
5724,0.15946484152878107,3253947.076391663
5725,-1.0784868597185526,23260849.95692373
5726,0.5829683020740537,1656378.5324767819
5727,0.11526154902321514,3494587.7297993232
5728,-0.4525991358244496,8762288.424707467
5729,-0.3775756051548391,7764116.496276033
5730,-1.0547056875246776,22451252.704904307
5731,1.060328062741764,795800.3886090895
5732,1.4186183459209403,471238.6421259323
5733,-0.7871795936459575,14909815.663904347
5734,-0.3285703155263247,7172911.343773768
5735,0.9336074397404004,963281.4288985737
5736,1.8676833727880584,253276.9898860246
5737,1.5747818287773732,377977.62023392
5738,0.5766981673189651,1672781.880814669
5739,0.2434580360900687,2842391.166983621
5740,-0.08028125444890231,4796309.032273304
5741,1.1041237308871839,745460.4778894301
5742,1.8481135355978762,260002.62914844707
5743,0.8735300549948332,1055593.333186637
5744,0.498554474055644,1892158.2839983683
5745,0.05037565096028794,3881141.752393357
5746,0.9051508542710309,1005878.8580255628
5747,0.9065602817297143,1003722.167650218
5748,0.15197786869691265,3293481.0799809736
5749,-0.29871392114624523,6834600.923755188
5750,-0.8630851558260535,16776195.938866878
5751,-1.1315730264604715,25158278.189239796
5752,1.7083329377387733,314233.6663944911
5753,-2.339682052097462,104871598.64900534
5754,1.2153404655047182,632480.4650374162
5755,-1.0193293169208908,21291853.878227133
5756,0.06677802468872714,3779493.856271487
5757,1.3237210053400716,540095.2395936677
5758,0.7024419491536672,1374209.9193570835
5759,-2.247704918710578,96746853.11277086
5760,1.9109737059464988,239076.31847679472
5761,-0.7545357545123917,14167211.073145786
5762,-1.4503651161375348,39393209.43189641
5763,1.1587312532732092,687468.6874368733
5764,-1.2460535399293364,29693090.287250374
5765,0.7881524727693189,1203419.2102612571
5766,-0.963312604535938,19562525.387435306
5767,0.6284726427714116,1542296.3487745146
5768,0.3032100560094846,2582543.836545961
5769,1.417466257531139,472014.49259201495
5770,1.3160979684801304,546086.5817713467
5771,-0.10606655988631794,5001160.309604947
5772,-0.43712552112209696,8546719.597663064
5773,2.9224273063602384,68639.70970725184
5774,-0.1104647312538975,5036967.638805572
5775,-1.5643068829720999,45739946.78388796
5776,0.9199574025118731,983467.858389173
5777,-1.1110747832753614,24410653.50840118
5778,0.5450493824461141,1758226.5355070918
5779,-1.1519688078789971,25921177.952352818
5780,-0.3173263745613422,7043614.717816519
5781,1.758858671257574,293302.01763722836
5782,-2.114101650493723,85323898.93763135
5783,0.43782477724052604,2083376.2473472697
5784,-0.7304094302084069,13640462.96442327
5785,0.06982892492051013,3760887.528884485
5786,0.5386448492331521,1776068.5813473847
5787,1.6343124523260664,347950.260763359
5788,-0.6290731908414869,11620948.386891294
5789,-0.21467089497368386,5964495.851880996
5790,0.36079980752910173,2355302.8360074093
5791,-0.5604794085558586,10417534.38652067
5792,0.1681635177125251,3208624.42879668
5793,-1.5083023271891676,42535455.97846048
5794,-1.4729489546665206,40597174.20408491
5795,1.1727444746361018,673389.0542551843
5796,-0.5430516762938358,10131214.928230362
5797,1.0473415908410109,811424.8371450574
5798,-1.884650812867408,67141993.1997302
5799,1.268500503946422,585177.7694414589
5800,-1.26177556733738,30364929.737375177
5801,-2.07514441420371,82096579.49364446
5802,0.01715503321558632,4095600.1282420107
5803,0.27673355245373416,2694518.111899272
5804,1.371800196893275,503924.9358038913
5805,-0.6313732023982019,11663494.717831027
5806,-0.8388208576473974,16157694.788487028
5807,0.9923148775745734,881399.3538810181
5808,-0.32293718120018555,7107846.059507414
5809,-0.7877429690535368,14922940.064570984
5810,-0.193227470108774,5760659.420414054
5811,2.141563503682485,176923.83641815517
5812,1.7471227737434145,298022.33633890847
5813,-1.3268702770384937,33276894.991223026
5814,-0.4405005290173527,8593295.83878381
5815,1.4032039827783884,481736.08098061994
5816,0.6774928950908667,1428626.475637464
5817,-1.1967838170512148,27665352.380859703
5818,0.24321742634197832,2843490.35102588
5819,0.26320824940875726,2753642.27095336
5820,1.2309960628173005,618131.1918127561
5821,1.0362889893668943,824983.6157165545
5822,-0.6118404980611248,11306801.782584492
5823,-0.33631474622698193,7263317.764084416
5824,0.5295512494219642,1801729.1906360106
5825,0.151754261198848,3294669.342132601
5826,0.9305469425999326,967768.4684255263
5827,-1.1050603334615372,24194886.463571575
5828,0.0010753393254035442,4203678.361224993
5829,1.482474002446418,430350.1126169684
5830,0.8991134196943559,1015173.6464250957
5831,-0.05341292089047545,4591816.02242721
5832,0.3249826168392579,2494073.299820161
5833,-0.20175292411964396,5840858.075026035
5834,-0.32032388134867235,7077858.307999194
5835,0.016646824281536615,4098972.5777676897
5836,-0.4776332648258795,9122221.866564913
5837,1.1802905039770617,665937.2369089263
5838,0.35572547280171457,2374465.577470611
5839,1.1594667744525633,686721.7864933569
5840,-1.0748835261075946,23136595.219924424
5841,0.182204333449871,3136827.7402486703
5842,-1.210103983874555,28202045.717462204
5843,0.2024965222312321,3035964.773728954
5844,1.6328895989261616,348636.4234296236
5845,-0.48386180002861034,9213965.690343129
5846,0.7320717140542303,1312424.783025451
5847,0.06311502273256317,3801956.863890461
5848,-1.1680316712865182,26535525.276100602
5849,-0.6725661341868571,12450763.526014742
5850,0.14584967715840913,3326205.837979045
5851,-0.7108112182606117,13226001.735734574
5852,0.5809749631127878,1661574.8867389152
5853,-0.16809447449440126,5530555.288318773
5854,0.30350347440528846,2581330.221949729
5855,-0.2809254874416201,6640550.590701269
5856,0.353103933698961,2384428.892980409
5857,-1.8834659075496998,67053715.20925596
5858,-0.012567836457392656,4297639.855593333
5859,1.0568905389039882,799904.3095173924
5860,-0.39457622372216133,7980130.704688408
5861,-0.34853761525271004,7408281.207301239
5862,-0.01447155192327343,4310918.589802146
5863,0.729767409131869,1317122.4206351351
5864,0.5373520411611902,1779693.1513745598
5865,0.6018502380955822,1607996.4762332875
5866,-0.6853140628300256,12704323.49176221
5867,0.7570823664367501,1262567.0708631496
5868,1.3339353659827236,532179.6206397401
5869,1.2088296478515428,638554.400783908
5870,0.07106557399726847,3753372.213160367
5871,1.7783024769150673,285662.99144376983
5872,0.22084081417270807,2947650.8959274297
5873,0.27783235635628634,2689772.7371445503
5874,-0.9132248262842342,18122333.024129596
5875,-0.790574026722601,14989052.93675391
5876,-0.4544412237380219,8788298.972009705
5877,0.2525661652948082,2801102.535918255
5878,-0.04776586163044612,4549965.176679744
5879,1.1307700485225458,716526.5860708551
5880,0.16850539379221896,3206856.417731047
5881,0.3869740893846386,2258977.9959393837
5882,-1.2540200689710503,30032005.506062318
5883,0.5055852746923019,1871237.8315405734
5884,-1.8150548762854757,62065547.95265676
5885,1.7813183009631775e-05,4210886.767765112
5886,0.09646015843021445,3602379.439989122
5887,0.867076831368487,1066058.7426604442
5888,-1.033636068577633,21754336.79453885
5889,-1.5946318930910683,47543550.744131185
5890,-1.2910874678868685,31650021.713120952
5891,0.006416809762443219,4167459.6487348764
5892,-1.7672051728240306,58707487.56547904
5893,-0.9476217806999684,19100820.190149605
5894,1.9945404410526013,214103.56846593562
5895,-0.11717146291515543,5092065.088893685
5896,0.3132352744133667,2541410.768960319
5897,0.9199046002238759,983546.8210877453
5898,1.6705876259169299,330951.442973706
5899,0.8898312758740882,1029643.7335320445
5900,0.5419830853527023,1766745.1655359834
5901,0.20593288733404438,3019216.7105782996
5902,0.9168204206387026,988170.8507399035
5903,0.22941372817561378,2907288.616891821
5904,0.2256231821207196,2925064.3721850724
5905,-1.4556753824090982,39673909.81347459
5906,0.7108634240572012,1356341.2734890857
5907,-0.044782049134435974,4528007.261059885
5908,0.01475145136004363,4111575.002216627
5909,-1.472506979366947,40573356.4586128
5910,1.6134319003890718,358171.4204622651
5911,-1.4296782111443176,38313714.1438956
5912,-0.00873239205295727,4271012.365494863
5913,-0.8804805850361261,17232684.404971123
5914,0.4067916261307994,2188776.9844450806
5915,-1.799078715819204,60932125.255392134
5916,-0.5297629582992875,9917962.405528905
5917,-1.9252117420962749,70201222.31222777
5918,-1.0762486395689517,23183601.858804904
5919,0.3418976841728786,2427510.36572041
5920,0.7496256450717477,1277217.658810732
5921,-3.5434507428384756,208944698.02329722
5922,-0.43567850141580095,8526825.229361162
5923,1.4495925907453202,450895.58081824
5924,1.1069937234676064,742284.1200618903
5925,-1.578507306184424,46578553.85307714
5926,-0.6138950665391757,11343830.186887559
5927,1.4658997148079294,440574.65323640854
5928,-0.8229886032539332,15765356.422675371
5929,2.670838745524842,92079.12883256016
5930,-1.5748000830859266,46358607.66600072
5931,-0.8051504645600167,15333718.660876675
5932,-0.0715661777334622,4728994.768118663
5933,0.13213346657137062,3400661.3307803934
5934,-1.8488308521763288,64501356.49050988
5935,2.3967858733256793,128312.9281821902
5936,0.9283324317414328,971029.1833443344
5937,-1.7089898664028547,54772955.40376777
5938,-0.6226738448268802,11503340.362510849
5939,0.16606931669829503,3219476.3973862813
5940,0.15865773711125056,3258185.425338885
5941,-0.6276657615294102,11594985.555895576
5942,0.47818302026213017,1954168.6816760746
5943,0.4724669289788588,1971947.7470913406
5944,-0.3932075560179671,7962525.475452952
5945,0.24361064812727692,2841694.2120985053
5946,-0.6794126349464662,12586347.798648013
5947,-1.116112254753864,24592622.52812472
5948,0.37592169969063444,2299143.0663265577
5949,-0.5261399357699045,9860570.681740073
5950,-0.09104350340416746,4880765.401961575
5951,-0.002296956777517394,4226708.576933334
5952,-0.3109684371068652,6971519.315977866
5953,0.13173630357326455,3402842.44419557
5954,-0.1006359868121458,4957299.646395962
5955,1.3708699260191983,504599.0899238949
5956,-1.7412239723266576,56930761.800977625
5957,0.04248266082266603,3931041.047384058
5958,0.5304389810132295,1799207.1088798775
5959,0.21974984168006167,2952828.5005776933
5960,0.5268019229983336,1809563.702080877
5961,-0.5186044366229428,9742219.169019872
5962,0.06604768065106612,3783961.8264434393
5963,-0.6694002629650061,12388531.869846113
5964,1.1423205855089322,704364.6194564452
5965,1.1297426430385407,717619.352873071
5966,-1.5304194809710319,43781337.59296542
5967,-0.6213823611609108,11479741.950994907
5968,-1.209551524037575,28179617.721563384
5969,0.36175436496823965,2351716.017804145
5970,0.9050053464404505,1006101.7952519562
5971,1.0874165557577307,764245.6794767228
5972,0.46819666635668805,1985340.106532156
5973,0.11162819799174725,3515158.8704695385
5974,-0.9884805610239,20323650.328570955
5975,0.3000096936210602,2595819.309239363
5976,-1.0515851861461536,22346837.642920353
5977,1.4758346756540939,434414.1922075682
5978,0.9702424670356067,911271.2482032625
5979,0.596301913814586,1622056.8025448783
5980,0.8526581183857221,1089845.2338218547
5981,-0.8533364472349693,16525170.128950149
5982,0.442396956166754,2068300.52125734
5983,3.0150306772703632,61750.293142295384
5984,-0.3686446073756534,7652933.028164892
5985,0.5908394765015775,1636026.072523059
5986,-0.18279468954369607,5664007.467561367
5987,0.5696632040701444,1691389.79757259
5988,0.4064930924808342,2189817.482482454
5989,-1.201350123549507,27848384.194997806
5990,-0.6084961193617237,11246772.189212332
5991,-1.0990751339182963,23981775.84915184
5992,-0.5184633729870617,9740016.676530033
5993,0.6310217716006877,1536155.7931362342
5994,0.1414725591345907,3349783.2635080838
5995,-1.8379927690316868,63713951.585465506
5996,1.359992187577979,512555.759985314
5997,-1.2624983939155814,30396109.39919174
5998,-1.4216999047379408,37903334.38206435
5999,-0.7794575093346118,14730986.214040443
6000,-0.8645286789464568,16813657.523494817
6001,0.6442734789719393,1504647.2655999074
6002,0.5529395173852034,1736504.3183031809
6003,-2.0655870799076697,81312821.75354995
6004,-0.49716193380416007,9412854.47830483
6005,-0.18351841441291417,5670659.830433296
6006,-0.5829820676737348,10798646.387036111
6007,1.3184750149546218,544210.5789355659
6008,0.705568784671935,1367546.451472247
6009,-1.328426213345979,33349097.918104365
6010,-1.1360354917255118,25323565.826460518
6011,0.2969769442232581,2608464.622461568
6012,-2.5157945133878012,120811497.57817702
6013,0.4580736379008428,2017469.0695292556
6014,0.9709563441653556,910288.2517883116
6015,0.28411733731911665,2662795.295039502
6016,-0.9283880236730698,18548045.201089744
6017,0.8844587994556654,1038119.7962800806
6018,0.3863992305227887,2261048.976387458
6019,-0.5769657123618286,10695472.659551272
6020,-0.11462374967991495,5071064.238657652
6021,-1.2441369993353997,29612018.687439702
6022,0.8300007750077854,1128376.367612719
6023,-0.4571095183817601,8826108.083158707
6024,-1.4033581374008586,36972410.45974143
6025,0.3814436432517722,2278983.9962345273
6026,0.17822820628819552,3156990.6276683807
6027,1.726429601960601,306552.0350666673
6028,1.7024422543982496,316779.9604394186
6029,-0.9983969737292225,20630600.609599706
6030,0.906775569398621,1003393.1735087609
6031,0.7539124586014887,1268773.1922671923
6032,-0.2273383451906633,6088257.7720934255
6033,-1.0152315714720983,21160972.293860245
6034,0.9648494280409369,918734.3636272246
6035,-1.0113034785109307,21036166.997255646
6036,-0.8334377509329473,16023311.671677124
6037,2.6448466273747826,94970.7621641542
6038,-0.3980974783394136,8025599.124360523
6039,0.12786565819258233,3424173.9826254607
6040,0.07962164136394854,3701792.4010774833
6041,0.6238913320274252,1553397.4133373606
6042,-0.32431807530624895,7123742.222475848
6043,-1.0279777908897165,21570395.421215437
6044,1.1998554593065394,647030.6566853152
6045,-0.21736534890355166,5990610.1380627705
6046,0.38567825020856367,2263649.163734073
6047,0.5107905061246674,1855905.652455861
6048,-0.872506446041959,17022056.933850408
6049,1.61738505162743,356211.14008221834
6050,0.24974666039155113,2813817.354176277
6051,3.1839089527811506,51067.35423639048
6052,-0.6487258748034526,11989252.43773748
6053,-0.013295736011992033,4302712.190336144
6054,-1.2342825952440735,29197991.14559233
6055,0.3923029664832314,2239873.889647088
6056,0.3910290786083215,2244425.4597382545
6057,0.49286243289536846,1909274.5995337104
6058,0.882288099997266,1041565.6384569159
6059,1.6790246263652129,327130.85822566337
6060,-0.13789131288538034,5266124.340264318
6061,-1.0921121190770517,23735857.096559886
6062,0.7625220921963053,1251992.1595105932
6063,-0.7515590225881951,14101218.44648097
6064,-0.8048652217787324,15326905.008943122
6065,0.23644645282531213,2874602.5212067175
6066,1.6915232623404712,321560.4550984306
6067,0.15658510691905997,3269095.3427723544
6068,-0.8921304475689121,17544615.52678377
6069,0.38700402074368545,2258870.2195860073
6070,0.44118453016697123,2072287.0971452587
6071,0.01084973674368579,4137641.3413907834
6072,-1.5664613121560955,45866498.83446882
6073,1.2265092666482267,622207.0273717163
6074,-1.69167205046703,53635207.88571255
6075,-2.1145767118090193,85363568.28874555
6076,-0.9851907784355536,20222706.46389521
6077,-0.27294339832231024,6555250.601808233
6078,0.4024676838305007,2203897.8900257642
6079,0.43002647769251584,2109354.4709447064
6080,-0.2084721563246067,5904846.746973683
6081,-0.22365767199199602,6052037.117031543
6082,-1.9260540175111334,70265507.76759718
6083,0.7737955080072693,1230375.2922654485
6084,-0.11823934765306732,5100893.570629579
6085,0.8492535050540094,1095544.2244688508
6086,1.8730594539534025,251463.42215207848
6087,1.4520961255841878,449293.9515399806
6088,-1.5759888102985071,46429055.630818896
6089,0.793444133481546,1193643.046698106
6090,1.1684480672838207,677672.248315584
6091,1.5181985841566399,409188.1843470241
6092,0.918232427300225,986050.9783852958
6093,-0.45693462079463615,8823625.017991105
6094,0.2961763524025589,2611813.3725796486
6095,-0.1139695123236211,5065685.361644643
6096,-0.6186661779155698,11430260.068225848
6097,-0.43515604558229315,8519653.270030187
6098,0.5818822914180622,1659207.4848215166
6099,0.05338502340500354,3862286.3447942683
6100,0.32148350991364033,2508077.1829371396
6101,-1.1146220556642112,24538672.901112337
6102,0.4814308929871168,1944141.4222386952
6103,-2.319103015377736,103038608.30854641
6104,1.6043300794561357,362730.28123634396
6105,1.1046541219873383,744872.3619635772
6106,0.48666530194612956,1928094.2030677851
6107,0.10879542187794626,3531283.035174312
6108,0.5096599228842178,1859224.5932962843
6109,-0.5981880343423102,11063640.376545697
6110,0.23977538104438845,2859262.752214865
6111,-0.13026690935324547,5201393.095713412
6112,-1.3521909192821828,34467151.0756039
6113,-0.37843202656326164,7774860.695426393
6114,1.0623496181299974,793397.5619907692
6115,0.7808989904848802,1216958.5907021887
6116,-0.41082284460364776,8192027.359080983
6117,0.31564735711556635,2531615.6437046616
6118,0.036082776558690445,3971978.653606309
6119,-1.3997964708202009,36793659.64613407
6120,-0.08205384197554912,4810117.699028925
6121,0.39156205835903174,2242519.9666573345
6122,-0.000886789777728321,4217062.725851469
6123,0.07907110551596785,3705089.46205959
6124,-0.12558200719954218,5162013.637026006
6125,0.5513733465234382,1740793.5825468134
6126,-1.0156617427948034,21174678.974223554
6127,1.2577025358020304,594464.6641845009
6128,-0.31376964380524575,7003193.609259193
6129,1.549017807185463,391850.71648448484
6130,-2.174634704673872,90435908.41516724
6131,-0.5517532700486337,10273221.309666513
6132,-1.4803077885875637,40995237.78828001
6133,0.7051217844652943,1368496.9324388287
6134,2.2284451749637424,158377.2920666832
6135,0.13667551048936227,3375818.988836766
6136,-0.7171860071870988,13359513.618458698
6137,0.8130798901933066,1158099.9801278443
6138,0.9166366543860099,988447.1018151338
6139,-2.1315977488304427,86789710.46166044
6140,0.281747696262002,2672933.698743057
6141,0.21883510356931216,2957176.928423627
6142,-1.4652690571541547,40184762.65835808
6143,-0.5867738411471853,10864155.999367356
6144,0.9570727130976205,929612.0560225801
6145,1.8070010948942503,274788.40447986143
6146,0.4570092960347641,2020878.551581589
6147,0.9288756876731227,970228.1862524975
6148,-0.3105384648037915,6966669.939244505
6149,1.0052414187376884,864395.9478098821
6150,0.8851418692344178,1037037.9947047054
6151,0.04432309221093572,3919347.965891784
6152,-0.48575864886416964,9242081.621085735
6153,-1.2881320116891712,31518516.894785725
6154,-0.842319784260966,16245589.207728896
6155,1.497416924410801,421355.3629700079
6156,0.9890253883963437,885783.5668188417
6157,0.8030067446903555,1176190.465374385
6158,0.7834506160386523,1212177.310163829
6159,-0.5164048740117975,9707930.630915085
6160,0.6522975322130503,1485901.0130135417
6161,1.0964920121289463,753978.6775514515
6162,0.8203345519190546,1145255.2030513915
6163,-1.1729796273477362,26727188.359992463
6164,-1.82029963387228,62440275.52842997
6165,0.5428021085661435,1764465.5628272463
6166,-0.12981913744468726,5197616.344998334
6167,-0.25604054636250295,6378173.798052521
6168,-0.6948050017947794,12896226.40216283
6169,-0.14025296181432229,5286337.673482403
6170,-0.845584804811552,16327998.688544903
6171,-0.5391321832323063,10067864.707101341
6172,1.0269027527749475,836690.2370039376
6173,-1.0904258053534106,23676623.834662728
6174,-0.8487409634926211,16408020.422458643
6175,2.07001324917553,194030.38293599826
6176,0.21315385994858108,2984331.909738039
6177,-0.458788100236322,8849973.698280387
6178,-1.5592072639990382,45441360.07102427
6179,0.34766391005887276,2405242.6730520055
6180,-0.25200415602233667,6336592.032596794
6181,-0.2813456974077291,6645071.339524814
6182,-0.9546949299407455,19307742.958099775
6183,0.34623350985810547,2410746.681695775
6184,1.5604087964173974,385648.9571419368
6185,0.6754018569387752,1433289.7679788992
6186,-0.51384577218185,9668182.949145459
6187,-1.1091181303738453,24340280.932393532
6188,-0.1619417147673367,5475633.684206481
6189,-1.3166242657443623,32804483.67466674
6190,0.44495845280996266,2059904.364712452
6191,-1.2868483963065727,31461537.090401463
6192,0.6959059457709286,1388249.9428080365
6193,1.629245232670187,350400.73008991044
6194,-0.1371404871782382,5259714.229603473
6195,1.9428636883066586,229182.3044876231
6196,-0.06658208737648481,4690925.969704695
6197,0.4257599230886849,2123710.2699137297
6198,-0.06988768223517225,4716139.739955992
6199,-1.6845958775725185,53174684.45792664
6200,-0.8445968992977076,16303023.947959388
6201,-0.5656375139209792,10503745.76761848
6202,0.12761988277808356,3425533.0806554817
6203,-0.27598527968768966,6587629.2067940645
6204,-0.34135209828430874,7322721.08179918
6205,-0.9856403854517651,20236476.247370668
6206,-0.17204059433941735,5566068.411330775
6207,-1.705700469517146,54555684.063071944
6208,-0.4900978851963399,9306710.637699306
6209,0.44495284277969105,2059922.7145281215
6210,-1.4083293899616247,37223001.5862878
6211,0.3628312086556107,2347676.5067464863
6212,0.10543362699208034,3550516.302312065
6213,0.8119992012530388,1160026.5146146023
6214,1.28512648165652,571186.4071084204
6215,-0.9556785660456979,19336675.33888831
6216,-0.3905759553579315,7928781.3202519445
6217,2.2950855559988765,145622.12602920635
6218,-0.5978017682061848,11056833.24383211
6219,-0.3857323953962201,7867037.786421602
6220,-0.495673743860838,9390396.699314063
6221,-1.1790623892709238,26964380.718618054
6222,-0.9333105021461849,18688146.877016455
6223,0.2069934016032584,3014067.191520622
6224,-0.5300827599966633,9923043.663702933
6225,-1.398004717297079,36703984.009125166
6226,-0.040335255187016764,4495481.249715118
6227,-0.21734973068471405,5990458.441919957
6228,-1.4240530774022802,38024030.63755346
6229,-0.33482702397423847,7245864.222191612
6230,0.1374774890658661,3371451.934764784
6231,0.04556002755426602,3911509.0061459397
6232,-0.8478401442446645,16385144.759751128
6233,0.3712695289331208,2316270.6452494585
6234,-1.6256330156945307,49436848.96605649
6235,-2.1780415695126583,90726906.58401911
6236,0.2166673233043048,2967508.3030326176
6237,0.017985766533119417,4090093.473100196
6238,-0.3273796452363393,7159110.022862909
6239,-2.0112832071239173,76922810.19235313
6240,1.0800056615124325,772741.772070453
6241,-1.2277650458777916,28926749.142942727
6242,-1.8383540934144795,63740114.637391925
6243,1.3640881938488143,509543.6671444036
6244,0.30082214650386774,2592442.491827978
6245,-0.14805460136919824,5353664.574312013
6246,-0.037106514743158854,4472012.356799648
6247,0.28648302889113425,2652713.4027803303
6248,-0.08716846519690542,4850185.47776777
6249,0.15586419268931537,3272898.8530149143
6250,0.6639424075183872,1459133.5320764359
6251,1.76664945640112,290214.3037760052
6252,-1.321165834109366,33013227.61619468
6253,0.0982020742251133,3592251.7912555654
6254,0.20837835628501264,3007355.8759292867
6255,1.0498374381866042,808396.474063886
6256,-1.0227420482679104,21401392.536336347
6257,1.6599606101023885,335834.20107571455
6258,0.1167466690941224,3486214.751818356
6259,-1.268257317123168,30645443.713207792
6260,0.13241043566760666,3399141.13574062
6261,0.49405450758705893,1905676.583948337
6262,1.8202869637228543,269910.44518978865
6263,0.33643856893090246,2448789.0897359685
6264,0.3067635059440521,2567885.9466642025
6265,0.503329526718204,1877923.3794286244
6266,-0.11229506665518646,5051944.761899896
6267,-1.5888499202251885,47195962.51202598
6268,-0.1609299012812902,5466654.123000098
6269,1.5412217462226863,396158.5971822863
6270,0.558466139400191,1721457.121750796
6271,-0.6264264936241223,11572170.10921885
6272,0.7408164461936521,1294758.7244438184
6273,-1.2351390127241921,29233785.831770495
6274,-1.2108360523509185,28231787.725213014
6275,0.7460167970505686,1284372.941067299
6276,-0.12856070792205584,5187016.752364501
6277,1.0168702761309023,849401.2633970887
6278,-0.5747748615645403,10658135.29650635
6279,-0.3128676039902453,6992978.499723096
6280,-0.4237425735605915,8364427.457009479
6281,-0.3092569322743158,6952236.032128006
6282,1.3898591272296388,491031.4787548997
6283,-0.07114263675333649,4725747.691452233
6284,0.1902321583104966,3096520.282465273
6285,1.184651255030506,661671.8118483482
6286,0.8093999975830893,1164674.1037690558
6287,0.541625810782553,1767740.5432241457
6288,-0.23269823489111865,6141387.839325637
6289,-0.473180054636218,9057168.304363785
6290,-0.4024371012272895,8081981.748196243
6291,0.5716790696802903,1686035.549612054
6292,-0.8682650957125774,16910973.967585616
6293,-1.9283164313671344,70438333.72020653
6294,-0.05991497348411545,4640483.670661748
6295,0.5582472074089208,1722050.5879562667
6296,-2.274043546400728,99054761.62245789
6297,1.614186733000229,357796.19683290104
6298,0.1931584261141294,3081960.0734372064
6299,-0.32734791055287915,7158742.535869734
6300,-0.12653620501618984,5170009.985104035
6301,-0.15110897300794054,5380256.022152568
6302,0.0028627360100998123,4191523.309420135
6303,-1.088080610286067,23594456.060857847
6304,-1.498288866369939,41979815.739027925
6305,0.40453013572596963,2196671.937861411
6306,-0.6589242883591215,12184677.605984714
6307,0.08567440150427985,3665739.8066656245
6308,0.6517517012063385,1487168.356530192
6309,1.295326563397901,562783.638636514
6310,-2.36198258686926,106866563.51488541
6311,0.409977127084626,2177706.3609116706
6312,0.36516579987375297,2338943.590678349
6313,-1.0575442650560436,22546598.66762422
6314,0.013253313051144643,4121563.9531429857
6315,-1.0772481841597144,23218072.180534102
6316,-0.6870027038577796,12738270.899355648
6317,-0.09765966618043567,4933424.911395317
6318,-0.6408022966438756,11839456.466399629
6319,1.21908331690104,629017.2424022319
6320,-1.8124443115137125,61879513.16995174
6321,-0.14952384541358685,5366439.433387936
6322,-0.23754132340883247,6189790.052027451
6323,-1.340968351011354,33935590.695313424
6324,-0.5459622838692201,10178504.903092787
6325,0.7570640544596898,1262602.8296455818
6326,0.036794117752767884,3967407.1926645017
6327,0.5866349429596892,1646864.7449442502
6328,0.48414723941592863,1935796.5002019838
6329,0.8584495849151443,1080223.5678229204
6330,0.12659964808626545,3431180.705878696
6331,1.4814751253937763,430958.86598962743
6332,-2.3271355741263653,103753124.47788814
6333,0.46932196856581293,1981801.7422362987
6334,-0.027112662206466583,4400149.842011582
6335,-0.08810631174942603,4857568.8184339525
6336,0.7989374085165036,1183583.8746815259
6337,0.6458249507466716,1501003.231761697
6338,0.888664704313983,1031477.8931453922
6339,-1.2752003356859882,30948219.271864638
6340,-0.8509995915823519,16465503.895031458
6341,0.9012025918920124,1011946.9375413326
6342,-0.7592673352102938,14272694.627535673
6343,-1.7500560779328442,57531017.40613278
6344,0.49928356435499144,1889977.503055919
6345,-0.18210558098481786,5657680.513333572
6346,1.5236530256372387,406059.1978087902
6347,-1.5559118614720644,45249135.05005353
6348,0.9352095201835577,960941.5056193866
6349,0.43911226061790404,2079119.4993203997
6350,2.42395989592165,124086.72174471688
6351,-0.34466880805680195,7362093.215843399
6352,1.391740625007791,489709.08937961585
6353,1.461496018701401,443335.9603745021
6354,-0.9880168567314283,20309395.31882279
6355,-1.2882744311771486,31524843.962138925
6356,-0.010912939879882663,4286130.256410051
6357,-0.6924099129532271,12847545.020606412
6358,0.5568996224044268,1725708.2704696907
6359,-0.7088313146252277,13184788.419652086
6360,0.7707981208954161,1236083.7658418398
6361,-0.8509724155574804,16464811.166189754
6362,1.374181775733031,502203.53105707694
6363,0.3925475020723114,2239001.269078993
6364,-0.742959652892535,13912166.58230818
6365,0.36213995003354227,2350268.7626705267
6366,1.156841930585879,689391.2856035907
6367,-2.9041142226440444,156206959.19831297
6368,1.2270903776641682,621677.4965632258
6369,0.5512253585570143,1741199.4517132607
6370,0.5190796418105599,1831760.9615297462
6371,-0.2745791880995663,6572642.823761347
6372,1.6707160074591707,330892.9383172217
6373,0.5968075744032159,1620770.0300083791
6374,-1.6868581577198776,53321639.23302349
6375,-0.5574559745889001,10367315.297616916
6376,0.4717031694409575,1974336.0889310732
6377,1.4549232281021862,447492.8317496414
6378,-1.474545834158724,40683314.065236054
6379,-1.6584911673320393,51497824.96216567
6380,1.0874358354729678,764223.7087982765
6381,-0.9579761722047907,19404405.715591755
6382,-0.40881322149194016,8165523.206246862
6383,0.6992823963774008,1380978.0841775564
6384,0.024206034357504496,4049099.006594383
6385,-1.7369644564899465,56642652.891054966
6386,0.21977663303607844,2952701.240563964
6387,-0.21870269525835023,6003613.620312136
6388,-0.5767024786548814,10690979.959632277
6389,0.10239706161557492,3567980.704550269
6390,-0.3408283792785336,7316522.982430256
6391,0.6437512149537893,1505876.0400708506
6392,-0.23388031301055665,6153166.920219156
6393,-1.1388046383934107,25426591.43489514
6394,-0.5186631573330294,9743136.143647911
6395,-0.8315408087315131,15976199.136300227
6396,-0.3387489712195344,7291964.326871895
6397,-0.953574266947527,19274826.738083858
6398,0.4414397891605747,2071447.1145572125
6399,-1.8338809718432014,63416649.57197954
6400,-0.7498432324157983,14063309.334810354
6401,1.779811645564014,285079.37395653606
6402,0.7472558097624487,1281911.5529251876
6403,1.10213451977381,747670.6661903437
6404,0.2986458650173778,2601498.051208697
6405,-0.09999473258961133,4952146.011266856
6406,-1.5819348876705541,46782547.31498756
6407,-0.15422179111818413,5407491.997256847
6408,-0.3716337740465322,7689971.479343498
6409,0.8491599438508712,1095701.2858069087
6410,-0.37294871177903294,7706320.115751102
6411,0.753461888153367,1269657.9595231672
6412,2.1809528398156934,168230.31912344787
6413,0.30924624142073665,2557695.8156909
6414,-0.8662604564001294,16858699.35036808
6415,-0.6073596728608823,11226442.386443025
6416,0.05030112524130302,3881609.8821940124
6417,-0.5161918550005796,9704616.073166994
6418,-0.3738549892965091,7717607.621648465
6419,-1.1103595875524228,24384910.985404283
6420,-1.626779730873894,49507836.84898416
6421,0.9128283175141616,994190.7619453615
6422,0.5404746241579023,1770951.7914567187
6423,0.39341049060171723,2235924.536457573
6424,0.033876040959722804,3986194.3479571505
6425,2.394067245952851,128744.52845102691
6426,0.3113265720505511,2549189.53134613
6427,1.624145431160863,352886.2319529968
6428,-0.005001615143331773,4245271.510692706
6429,1.4846027038208918,429055.9549423665
6430,-0.17930291712426888,5632020.6751808375
6431,0.8991575829455591,1015105.32268967
6432,-1.0938485066404688,23796980.98437081
6433,0.7915392613933095,1197152.4501754045
6434,1.6946676137460512,320175.6703184801
6435,-1.8164771064570584,62167035.06111566
6436,0.08188610558730565,3688262.300621629
6437,1.2666952433411178,586719.3224161614
6438,0.6751938461720249,1433754.5399433614
6439,-1.390677255642507,36338975.92007139
6440,0.6013727044109524,1609201.554929078
6441,0.8833927500219049,1039810.5515473486
6442,-0.5432483970824026,10134404.516484732
6443,1.9128429949425327,238483.41310490717
6444,0.7383699409189363,1299675.5474234999
6445,-1.2795951495274713,31141103.494272
6446,0.6164214628743617,1571679.0017524173
6447,-0.06805040106015656,4702108.906619737
6448,-0.5332814879389843,9974004.810882902
6449,1.1500421423113456,696359.2761971722
6450,0.7965306613572105,1187979.895292751
6451,-0.1529610126385804,5396444.119305024
6452,-1.1401306653187326,25476050.385349564
6453,-1.5001094682329819,42080449.055659145
6454,-0.06598167562267995,4686360.8373956075
6455,0.6449036887743921,1503165.928347149
6456,-0.886159414361228,17384110.166973606
6457,-1.334952765839434,33653296.09432126
6458,0.4011942664602819,2208371.7531846943
6459,-0.5768608982682923,10693683.54646143
6460,-0.9094706199553841,18018287.702546153
6461,-0.04351362212629528,4518705.264554804
6462,-0.014993455031444987,4314566.185604023
6463,0.6885506425997959,1404231.8979270386
6464,-1.8764480033518292,66532156.04748902
6465,0.4279394163685911,2116364.181421422
6466,-0.14861557393096983,5358538.55935082
6467,0.7050360086944822,1368679.402237441
6468,1.4310786163902218,462936.3680204393
6469,-0.7805045260106054,14755117.2694164
6470,0.5042789133186459,1875106.5585949875
6471,-1.7635706357501553,58456945.27343553
6472,-1.1355814095212267,25306705.26170784
6473,0.5974965550414172,1619018.4872600238
6474,2.6854006429799493,90502.15059192067
6475,-0.030808619475631217,4426589.501679812
6476,0.9808887305370033,896729.2371562852
6477,1.2284957666286391,620398.8789836409
6478,1.2423260562338825,607967.78624537
6479,1.3750918825817677,501547.40800946543
6480,1.8721754437850848,251760.6390189952
6481,-0.024232844286890282,4379659.087370218
6482,-0.2424567602298866,6239301.604121344
6483,-0.8158252333408725,15590706.75677887
6484,1.1440699052684848,702542.3007152617
6485,0.15860630510122195,3258455.7018294567
6486,0.0044706996600534,4180618.8615816287
6487,-0.11019825917171372,5034790.885675893
6488,0.5477381177185967,1750792.3280175852
6489,0.5669777760273602,1698550.2382478875
6490,-0.7968613471730095,15136839.939388897
6491,-0.24441510460365307,6259136.389128104
6492,-2.1111895532348175,85080890.00602134
6493,0.9187853716196928,985222.1622899054
6494,-0.11326691821130198,5059915.279566634
6495,-0.18194522294352702,5656209.217839345
6496,0.7993376909149693,1182854.4259676612
6497,0.3023895417498892,2585940.7177070067
6498,-2.53564587069978,122627372.10892941
6499,0.1022337103013533,3568922.676773101
6500,0.8421700132637905,1107503.6221828063
6501,-1.4269823774338763,38174678.76702865
6502,0.8042327279874515,1173972.6900370093
6503,1.1262979860370637,721296.3532199194
6504,0.14026285887446738,3356329.428668975
6505,-0.0666755127917929,4691636.71660566
6506,-0.7649384603590655,14400077.953534354
6507,0.4351252865313653,2092330.997352315
6508,-0.1573662347756983,5435144.415154341
6509,0.42054430123833647,2141397.9025755036
6510,-1.1134998461467396,24498111.642552324
6511,0.5827364899909111,1656981.9539135348
6512,1.6210638126860506,354397.5688161775
6513,0.22014079123253702,2950972.033736591
6514,1.3352099311000256,531200.8324931536
6515,0.11575979616145214,3491776.370472318
6516,-0.20331513566346057,5855673.602611905
6517,0.34381532595111847,2420081.291718963
6518,0.4240783773210402,2129396.167013079
6519,-1.5144232395449282,42877688.1672016
6520,0.4490952863758594,2046419.5655602985
6521,0.2598797264217433,2768396.6445568553
6522,0.9128128331718359,994214.1880664072
6523,-0.6589699066791449,12185558.440966345
6524,-0.35445038859037015,7479419.728450858
6525,0.2754283776435812,2700165.9667765577
6526,1.6508379006409684,340089.411062023
6527,0.15931269916072857,3254745.58994791
6528,-2.1448580796425545,87907132.1000238
6529,-0.8199897606516767,15692026.039543912
6530,0.01161966629050424,4132484.4255662328
6531,-0.5159422005878792,9700732.852898365
6532,-0.4461048861355837,8671181.29334382
6533,0.11543783218171853,3493592.78816531
6534,0.29322273746543037,2624206.368692339
6535,0.6835195141879573,1415275.957646306
6536,-1.751828413483736,57651934.4433293
6537,0.2026327625073161,3035298.9564113077
6538,-1.1724626680192274,26707109.94001848
6539,1.4731521613655152,436068.17517888267
6540,-0.9430064566689565,18966860.910361003
6541,0.651896667644256,1486831.65327148
6542,-1.1506683619811333,25871963.960165765
6543,0.942075445533322,950982.3616078261
6544,0.298346431232797,2602746.559357801
6545,0.5775632775851011,1670508.528210531
6546,0.3573978962786628,2368132.0145083
6547,-0.8899479593756,17485795.20623314
6548,-1.6684012607452987,52130310.47611515
6549,0.6048985274725146,1600326.3556668558
6550,0.23306167945859793,2890286.5067313826
6551,0.19043615657345184,3095502.9646747042
6552,-0.5399904601509238,10081704.460292365
6553,-0.597696610501367,11054980.746759137
6554,-1.2772935786292134,31039970.403450586
6555,0.33910296701593123,2438379.6565536293
6556,1.0522540983388777,805475.8209116122
6557,0.2534326241697949,2797207.0648103217
6558,2.4486371989430396,120383.4167785087
6559,0.7329453997543095,1310648.311069134
6560,0.8819682468102383,1042074.41867057
6561,1.0733303071421014,780482.099419636
6562,0.7147868608366118,1348100.8404053885
6563,-0.11402056163571042,5066104.862937252
6564,-0.2833469942248376,6666643.582838702
6565,0.18957662465694913,3099791.6825861214
6566,0.36265900641145904,2348321.9963782732
6567,-0.17194817568886056,5565234.09578641
6568,-0.11240241552794435,5052824.551738308
6569,2.059423408570056,196715.81641350358
6570,-0.03351671797669138,4446064.047398376
6571,-0.2005528748288538,5829502.485614499
6572,0.25955793533370614,2769827.365754071
6573,-0.03316769350834852,4443549.29017046
6574,-0.5049034667159399,9530514.599813739
6575,0.7959552444133633,1189033.4930342017
6576,0.33261077674488104,2463824.4238060955
6577,0.7961526648766494,1188671.9007903864
6578,1.3983084626427207,485123.4712112625
6579,-1.4010373379903556,36855861.13028758
6580,0.012557220550950552,4126213.5602345783
6581,0.9735338729646761,906748.5222417036
6582,0.23940047870942086,2860986.090250407
6583,0.8137508564697447,1156905.5721227454
6584,0.21574226473927582,2971928.3076539836
6585,0.9174506973178278,987224.0009835603
6586,-0.6797019527731658,12592107.600357944
6587,-1.3846611400590099,36041360.30817081
6588,-0.40083026755992723,8061060.140067038
6589,1.7212624869254032,308723.9132854556
6590,1.9666703107414656,222093.5075395303
6591,0.7909443398886469,1198250.7437150548
6592,-0.15378090967820948,5403626.101593206
6593,1.3600518134550468,512511.7731399546
6594,-0.3963588550369051,8003117.608744303
6595,1.6683086342845106,331991.9084002877
6596,0.002406408719936819,4194623.143617963
6597,0.49716897303077356,1896309.7198897013
6598,-1.8574142899918666,65128802.89992426
6599,0.008838921291267237,4151140.339700288
6600,-0.7191250176495142,13400371.550030705
6601,0.2832232508654814,2666615.930562852
6602,1.0660540335181379,789014.8030972456
6603,1.3925644468243739,489131.30487794225
6604,-0.844862411288037,16309732.817917641
6605,-1.3322026520108508,33524852.201644514
6606,-2.540928478123838,123110953.4133291
6607,-1.3571734696667066,34705208.18881666
6608,0.2615386763390989,2761032.838951573
6609,-1.0566992109542055,22518177.517570365
6610,0.23810692928870278,2866940.448890173
6611,-0.16307081209052648,5485671.477510057
6612,1.0867313160905832,765027.0052665144
6613,1.3883379067465105,492103.5132084309
6614,-1.9527799316527306,72320969.49834548
6615,-0.011177750786332985,4287969.887770005
6616,-1.6651342805574716,51921248.68054465
6617,-0.95081062196523,19193864.638801493
6618,0.3760249255377522,2298764.5226611793
6619,2.173928680348375,169744.9633139695
6620,0.7235996640840036,1329784.2636646316
6621,-2.6535116934051417,133434195.70730849
6622,1.8048038417544279,275604.5350776802
6623,0.050405079897505214,3880956.911697267
6624,1.4580417309655875,445515.26138301543
6625,-0.5823259373204455,10787348.715012407
6626,0.9751830017551388,904491.5373425775
6627,0.6791997578228229,1424831.8523338519
6628,0.3683007481675238,2327269.842588978
6629,-1.4398702658409464,38842776.51152652
6630,-0.3187936938647875,7060357.030304329
6631,-0.4523949279666148,8759409.56760484
6632,-0.5346921205062389,9996558.049502112
6633,-0.245540125361127,6270559.1956713125
6634,-0.8157326807995893,15588461.825232428
6635,0.1096159745645884,3526604.7014574967
6636,-0.8971952494822226,17681801.47995273
6637,-0.2289340769619957,6104027.707453415
6638,-1.7524642407405917,57695351.279789776
6639,-0.713695271196301,13286250.14020612
6640,-0.9908736762474973,20397357.942724895
6641,0.6585875697246444,1471378.5379491576
6642,0.14398956014248324,3336204.586721526
6643,0.6764954922457005,1430848.8096428986
6644,-0.2540105530066353,6357227.76135011
6645,0.08601604831966564,3663715.515606896
6646,0.2137182003041351,2981623.0698352945
6647,-0.7481445080800745,14025870.045216052
6648,-0.7704215822859177,14524233.379555063
6649,0.237502060544687,2869729.1067159497
6650,2.876588177682615,72361.95692706265
6651,0.061389865721608185,3812583.18669639
6652,-1.5769971424791671,46488870.60909491
6653,0.09694422835780866,3599562.099524521
6654,0.8485779025653153,1096678.9001289415
6655,-0.40257805356721954,8083819.521638003
6656,1.3439461152861398,524544.7473528611
6657,1.383191252467849,495749.5273048935
6658,0.5507569502998905,1742484.7554255612
6659,-0.5082318967494757,9581535.0616919
6660,0.6378079592545158,1519934.1517255013
6661,0.12311101216524042,3450564.4027452734
6662,-0.44906070573870194,8712533.965318764
6663,-0.3186574331926657,7058800.632683369
6664,1.6763822563134438,328322.1437541748
6665,1.2223246730536679,626034.7212685312
6666,-0.2482548137749603,6298207.574770491
6667,0.19473158741797808,3074161.565177632
6668,-0.09795442801467555,4935784.206221897
6669,-1.4455641171982432,39140694.777358435
6670,-2.2430133413909705,96337486.88818645
6671,-0.11205838510153675,5050005.553655441
6672,-1.1960830587345062,27637351.545890167
6673,1.0743847045546768,779253.9310321343
6674,-0.9607624414896475,19486822.216543484
6675,0.3152881919509892,2533071.682952342
6676,1.2079732181717329,639358.0747327472
6677,-0.11458315688040478,5070730.334526482
6678,1.0824555168443697,769921.9280760813
6679,-1.9259093173497672,70254461.57230428
6680,1.2825404407269478,573338.4694754145
6681,-0.5710968293221271,10595731.39193438
6682,-1.8948803826593064,67906719.2699598
6683,-1.4688892140027312,40378781.48958132
6684,0.1983561284932903,3056270.9159006653
6685,-2.1465767086843353,88052357.97426172
6686,0.10765035336806192,3537822.1599619417
6687,-0.07472766653691867,4753303.288969195
6688,-0.0025364704844113286,4228349.118438511
6689,-0.6505509817870188,12024007.923783796
6690,1.1341096590985276,712986.960401782
6691,-0.8919676145120148,17540220.88675889
6692,-1.1665367860708393,26477844.701400258
6693,-0.25527188142166285,6370234.485064369
6694,0.9163735096429642,988842.8247797184
6695,-1.2417160595316528,29509866.436936032
6696,-0.4378273176877927,8556384.443454282
6697,0.1382995867835125,3366981.318448397
6698,1.0247624935965145,839384.6051328563
6699,-0.1964942270484637,5791259.483172278
6700,-1.2953551923379443,31840684.949679155
6701,1.378958688065016,498770.1656471784
6702,2.706986104811187,88219.70345232525
6703,0.9241838049862681,977169.5301133287
6704,1.2440791855431435,606411.4953149521
6705,-1.710469534759705,54870868.06488854
6706,-1.1392390358465272,25442784.976505492
6707,-0.2388239236521765,6202671.618215426
6708,0.30262248384469365,2584975.881605111
6709,-0.6831004568067197,12659950.55666623
6710,-0.02976310317688004,4419094.004474406
6711,1.5636234943429672,383918.3767664259
6712,0.6966750918207203,1386589.871701934
6713,-0.7185490581964619,13388223.093916262
6714,1.050160068919395,808005.8982572341
6715,2.703272454109362,88607.76859158295
6716,0.3020638227800411,2587290.4560987544
6717,-0.38596783121753375,7870028.1512709
6718,-1.5359229259151355,44095334.09390466
6719,-0.4958555851900278,9393138.04077539
6720,-1.870722655000288,66108299.12547787
6721,-2.4929351161276028,118723632.75684586
6722,-0.45562349651547024,8805032.145326778
6723,0.8453068769415067,1102190.3835658103
6724,-0.5472572622214111,10199612.706089856
6725,-0.8647068018927795,16818285.31013184
6726,-0.4895696794139595,9298820.297519024
6727,-0.7103497210628132,13216384.593614588
6728,-0.7519846889558142,14110637.829040242
6729,-0.17293455693349669,5574145.155262438
6730,-0.7262809845450477,13552165.335252212
6731,0.5329641348616855,1792053.2814011415
6732,1.6123773197144224,358696.37562487024
6733,-0.894597585356698,17611321.11690677
6734,0.6817305879716783,1419225.049761173
6735,-0.46831493629164134,8986608.928600252
6736,1.11964936246947,728451.2992696721
6737,0.3656708189298154,2337058.927034716
6738,0.3400896712881534,2434536.3882798827
6739,-0.45947804719130747,8859801.245518798
6740,-0.2380881365288587,6195278.628943304
6741,3.5162968924127593,35475.18008336303
6742,0.3534466358292533,2383123.971994397
6743,1.4731943317630731,436042.1202694874
6744,-0.5037719843882579,9513229.95812849
6745,0.09209848385271335,3627866.423260897
6746,0.6627771919322505,1461788.8466681056
6747,-0.12498376311303931,5157006.558594946
6748,0.44525231712417235,2058943.4041377816
6749,0.8923994966310754,1025618.110035041
6750,0.5131284375290176,1849062.1029677838
6751,-0.6882521741687494,12763444.018783987
6752,0.6921007852409775,1396493.7765857128
6753,0.7698908364359246,1237817.2262791207
6754,-0.9121425667662124,18092284.025975022
6755,0.4873917330237259,1925878.1479603713
6756,2.2562019717986654,152918.5494237929
6757,-2.006263874143607,76522657.93830293
6758,-0.42066531631756865,8323047.864122726
6759,-0.4040284214277404,8102753.425961942
6760,-1.2774727393169518,31047833.463923346
6761,1.268613386820827,585081.523055098
6762,0.4273733313919746,2118269.6477893633
6763,1.864481632646989,254363.9767258077
6764,0.7418099171743777,1292767.7581473752
6765,1.0182322345240378,847663.5294541516
6766,-0.4074632775755297,8147766.1364701325
6767,0.14047898243525256,3355158.93994348
6768,0.5796760211615889,1664970.2780618148
6769,-0.30105423564963857,6860543.035357477
6770,0.0501152286303085,3882777.8329210384
6771,0.6917532609495739,1397249.2645063712
6772,-1.5483324870545079,44809176.71600678
6773,1.2099575031938936,637497.6970971093
6774,-1.0715942267149154,23023665.54451237
6775,-0.5374337668239832,10040531.178268434
6776,-0.17659994241564198,5607383.339838894
6777,1.3133297782339284,548280.1941749203
6778,0.3403327950487993,2433590.3723446997
6779,-0.7281067465757536,13591148.456457905
6780,0.054072137305049055,3857994.252790665
6781,1.2775243607205404,577538.0440080959
6782,2.2203668450719536,160006.70747805995
6783,-0.17853637805949205,5625022.818885799
6784,0.26000536745996683,2767838.236522834
6785,-0.9869782395984469,20277498.357908923
6786,1.3884784011642766,492004.3965406635
6787,0.6778377647822987,1427858.9147006855
6788,2.4909842650392435,114313.075982317
6789,-0.6555932871097703,12120521.262353731
6790,-0.8730913723217201,17037427.91615794
6791,-1.234915539272414,29224442.140265934
6792,-1.1096784359926208,24360415.200742457
6793,-0.29162720522525176,6756632.999751581
6794,2.0098299947802527,209856.82012969823
6795,0.07938056667181073,3703235.786754044
6796,-0.858969574730642,16669803.864658892
6797,-2.0603923281137293,80888183.18345687
6798,-0.6525828356060223,12062811.875482913
6799,0.01908063647004049,4082847.3973332024
6800,-0.21587457950517175,5976147.809744236
6801,-1.179023015182838,26962839.771764338
6802,-0.8877685884935075,17427235.563936085
6803,0.03588233083506818,3973267.790262812
6804,-1.4503449228710963,39392144.82446418
6805,0.3899227970808323,2248385.981951001
6806,1.500244997674463,419676.4225374159
6807,2.3327703677671887,138920.52809719846
6808,0.5987558334922412,1615822.272185479
6809,-0.9876591324936977,20298404.292363316
6810,0.5364229655277137,1782302.7414127716
6811,-1.3711833613559343,35381375.6435502
6812,0.022511388188411835,4060226.081353871
6813,0.6850760311110269,1411849.3811068619
6814,-1.270142311896939,30727410.28764692
6815,-1.3819669835621011,35908685.2481668
6816,0.6259991185997053,1548279.5557988624
6817,-1.468760653254937,40371879.670331046
6818,-0.6697507897964534,12395407.816198256
6819,1.0762891780496635,777040.8811601086
6820,-1.2487416313813733,29807101.314924557
6821,-0.47444515400164444,9075603.55136623
6822,1.4636688552326567,441971.1281297751
6823,-0.1876930381046817,5709184.396585066
6824,-0.6978270182609919,12957895.964063305
6825,0.3536982874082828,2382166.2198161525
6826,0.14992516649011936,3304405.7338300105
6827,1.7058986169140506,315283.1610322005
6828,-0.6377138531323564,11781547.685687695
6829,-1.2086939717514449,28144832.93980085
6830,-0.2655235990304305,6476929.622960891
6831,1.7767319501703605,286271.74577443267
6832,0.11325589836306615,3505927.996488958
6833,0.33387803440893443,2458836.1478478564
6834,2.2976283259097543,145158.72809884822
6835,-1.3630694511598105,34988545.29508059
6836,1.0255726608901452,838363.5879255356
6837,-0.3993199110248234,8041442.757361709
6838,-1.4999595726083474,42072157.05373619
6839,-0.21928719746885192,6009305.729257646
6840,-0.829717550165626,15931035.31735055
6841,-0.5554400478136723,10333959.19379383
6842,1.1215628551298173,726384.2359821727
6843,0.22676502998219927,2919697.942606773
6844,-0.7896243229137997,14966844.906685207
6845,-0.628343579848287,11607482.424369289
6846,-0.44800060907584954,8697681.044523934
6847,0.14687866234882904,3320687.871931493
6848,1.6823089992365376,325656.79809335445
6849,-1.2183402553259943,28538145.596411034
6850,0.7327966763829223,1310950.5310209617
6851,-1.7064031451985697,54602051.45494193
6852,0.5357230170953584,1784271.4114083815
6853,1.2608336290530715,591755.3020325941
6854,2.0900154762821654,189069.0687521882
6855,0.6968562827438629,1386199.1081320369
6856,0.27301352505129445,2710647.948671379
6857,-0.9485082987810731,19126646.989363924
6858,1.320974081923855,542245.8684381227
6859,-0.9224451010215814,18380145.436245747
6860,2.853774159053745,74297.6189298185
6861,-0.48915974320044725,9292701.105982691
6862,0.974949380614138,904810.9016435833
6863,-1.8292099838969542,63079872.701800555
6864,1.344603602909389,524047.5131553572
6865,0.12680639301188973,3430035.4779839553
6866,-0.5189109523740009,9747006.588648163
6867,0.3879307980035134,2255535.739880791
6868,1.254769402646293,597015.0018362004
6869,0.4224464034133651,2134929.61984834
6870,-2.2677958590569425,98505853.327048
6871,-0.4433765307579304,8633179.527314082
6872,1.2852440281599338,571088.7964752701
6873,0.36491816626558954,2339868.3028511866
6874,0.02975526825144132,4012878.4723096597
6875,1.1930762328444169,653514.8567157948
6876,-1.0481691335890209,22233012.922212236
6877,0.7662281389832043,1244841.533142234
6878,-0.41735332894321625,8278733.926189569
6879,-0.042266726481994595,4509579.93965398
6880,-0.22891521083187052,6103841.025234276
6881,-1.125990297520104,24952774.56123942
6882,1.3155926692814481,546486.282158854
6883,1.1960649244555108,650647.5638596477
6884,-0.1194845748720523,5111207.548815989
6885,-0.18263003032649378,5662495.031695222
6886,-1.4883958563625483,41436016.35711527
6887,-0.08644959296259698,4844533.67611859
6888,-0.49165049963700735,9329940.917088635
6889,1.2641915200839664,588864.6440221699
6890,-0.5505832413099517,10254016.953996973
6891,-0.6300856932146827,11639659.906721918
6892,0.5309262688793892,1797824.2793499264
6893,-1.7956722285990134,60692028.627163626
6894,0.31040987574902174,2552934.2067837017
6895,1.6813126441764186,326103.1938840775
6896,0.12391836902446621,3446068.6123465314
6897,0.10213354873605122,3569500.388039868
6898,1.4527277943119556,448890.83150637953
6899,-0.30523006402990954,6907072.478394833
6900,0.47039176241465563,1978444.0293328608
6901,-0.5866114160138824,10861342.098186698
6902,-0.2261214429888582,6076258.798057393
6903,-0.3702059613429336,7672257.815696538
6904,-1.4505972300310235,39405448.21531245
6905,0.3782286706880908,2290698.5131968507
6906,-0.40601660551830077,8128778.38980346
6907,0.4441963132268158,2062398.8062836237
6908,-0.6560260992618108,12128839.421887046
6909,1.1792147090515401,666994.1032476481
6910,-0.21334248768800634,5951662.721471248
6911,-1.8756118552473577,66470162.43154365
6912,-1.3457337060070753,34160520.2166088
6913,-0.8714703247792207,16994859.892850958
6914,-1.0023204580549114,20753161.715106804
6915,-0.4823018484793551,9190905.145532466
6916,-0.9542985304240602,19296094.19939706
6917,-0.706650828533317,13139538.133017521
6918,1.5708794109306803,380043.6761670201
6919,-0.5586792313631573,10387605.67373054
6920,0.6799217676590448,1423229.924278575
6921,0.23710633168358303,2871555.06711121
6922,0.19196103169635875,3087909.4286251734
6923,-1.1561014543639538,26078092.720257793
6924,-0.05898528072829535,4633493.263285298
6925,-0.179073029274359,5629921.082938204
6926,-0.2942584096875663,6785478.712586061
6927,0.3009560761430275,2591886.2730970187
6928,-0.36079381496343743,7556482.630113116
6929,-0.6363008379426536,11755142.474457847
6930,-0.7149176610674841,13311863.025053984
6931,-0.7454001941657058,13965580.875220425
6932,-0.7880163782733852,14929313.227112042
6933,-1.212774342323008,28310659.299695335
6934,1.6189322249216531,355447.1613676723
6935,0.9743622610661147,905614.0402958423
6936,0.2640343558575802,2749992.958614095
6937,1.0847888865745778,767246.5076023742
6938,0.2401455994213174,2857561.994159268
6939,-0.2285673025773527,6100399.452974248
6940,-0.7217177126452733,13455185.008006068
6941,0.8040614055505044,1174282.3401745427
6942,-0.21992927712627083,6015564.721178235
6943,-0.4491813705891698,8714226.14453279
6944,-0.9566785242000858,19366127.069012187
6945,-0.49471752971218386,9375993.987365725
6946,0.5255978864538343,1813005.9848524563
6947,0.6255502051721772,1549368.05653476
6948,0.018003103829934343,4089978.6298409407
6949,-1.6770893981716417,52688937.62333837
6950,1.2544896367193266,597258.878611702
6951,0.9747455638592596,905089.6219025473
6952,-0.002320647359058725,4226870.816128698
6953,-1.1302319437019483,25108782.654370584
6954,-0.20250218443848958,5847959.172200397
6955,-0.8352102279864182,16067447.03161477
6956,-0.24639529965905757,6279255.936371109
6957,-0.6322111195608582,11679031.239007285
6958,-0.09872888839160877,4941988.437724281
6959,-0.7199864745984205,13418560.99153628
6960,0.4260548180371607,2122714.7588737244
6961,1.3760191868488088,500879.8525725709
6962,-0.41842671898355455,8293070.586267114
6963,-0.5961731261827512,11028175.465022968
6964,0.021578274965419607,4066366.140147832
6965,-2.895335542703866,155420653.80902842
6966,0.8225435367313971,1141374.3313485172
6967,1.246205144940359,604530.0559534422
6968,-1.4520524440715594,39482242.035991006
6969,0.15385862422112906,3283503.9854329494
6970,1.0710037620230848,783199.4823163007
6971,-0.05552601510116548,4607575.836802508
6972,-0.3234786024137379,7114074.476113966
6973,-0.9638997864149806,19579992.939136934
6974,0.5954926973129288,1624118.2846686877
6975,-2.0843466059712648,82854241.02260922
6976,-0.7030603290046252,13065341.673942985
6977,2.912865432103536,69398.26708679847
6978,-0.1857752703999695,5691454.472684073
6979,-0.8410130334364698,16212712.490362352
6980,0.7631124595057961,1250850.1564090634
6981,2.717865052437621,87093.75370084072
6982,0.49253422289105625,1910266.4775311917
6983,-0.01896242066710848,4342407.5983759845
6984,-1.1581278054852364,26155321.41283261
6985,-0.2955134388308101,6799280.192290489
6986,0.5346539170871629,1787282.7616836247
6987,-1.0431140089399769,22065490.713970546
6988,-1.7016190875045185,54286858.42718156
6989,-0.09356158091366179,4900740.523297682
6990,0.5945845864076243,1626434.9879340825
6991,0.8210907515356106,1143925.0851201885
6992,1.0203477258409264,844971.9530690023
6993,-1.8852752989245634,67188543.99918425
6994,-0.5523178590988579,10282500.506675784
6995,-0.778727441149938,14714181.467448402
6996,0.11576008575163378,3491774.7371311327
6997,-0.5905798984879178,10930291.685596095
6998,-0.08914766209948033,4865780.2314058775
6999,1.1607399458286252,685430.9981169562
7000,1.0634928509808403,792042.1831395656
7001,-0.14142332299533397,5296383.503783477
7002,-0.5187063974689692,9743811.428627918
7003,0.5033628226928034,1877824.5156193676
7004,0.8412979784481779,1108985.5365878579
7005,-0.3174842523446172,7045414.250978797
7006,0.15293467507381098,3288401.5108188544
7007,-1.7602515035330049,58228709.70545716
7008,-0.0051533380376289715,4246315.271753309
7009,-0.07810162549351704,4779384.050136585
7010,0.008025576216317424,4156613.138684159
7011,-0.7406852379648023,13862558.339737525
7012,-0.2532577272067542,6349477.194722849
7013,-0.08331565152215399,4819971.671999081
7014,0.864183390733294,1070787.1283700417
7015,0.763950417649384,1249231.1173457436
7016,-0.40927250110305485,8171573.111917636
7017,-0.3160028295341935,7028546.345632324
7018,-0.9423799935755955,18948742.200363662
7019,-0.6165032174590814,11391000.66553497
7020,-1.2224164054630478,28705688.125812247
7021,0.06087077898057106,3815786.471328748
7022,-0.6635579696565836,12274454.286259698
7023,-0.24014767116802258,6215994.276578743
7024,-0.1398503997930469,5282886.673812007
7025,-0.372757977485769,7703946.611736014
7026,-0.05138428328671092,4576737.172946648
7027,-0.5282351122967514,9893721.152553305
7028,-0.7055745071524838,13117255.23435653
7029,1.0983566105175366,751887.8101362115
7030,0.8098235151315238,1163915.467333212
7031,0.49790505684118086,1894102.9741282295
7032,-1.2396650413972612,29423546.45428341
7033,-0.34109603964696794,7319690.041645645
7034,0.7900249476424896,1199950.1595519802
7035,-0.45681722788486623,8821958.739896791
7036,-0.9592632230242019,19442437.740036543
7037,-0.228643829378701,6101156.305079936
7038,-0.46144123288118416,8887822.412793912
7039,1.3676422416699356,506945.81760475255
7040,0.23574833116113553,2877830.2129083904
7041,-1.6893928251284145,53486596.571987964
7042,1.1408075469460806,705944.9322533432
7043,-1.0013843976689893,20723863.61782488
7044,-0.6084417867591796,11245799.445106415
7045,1.0066036477067986,862624.7779619548
7046,-0.586706044738674,10862981.390140876
7047,0.2060553272023922,3018621.720423471
7048,-1.4256613771881441,38106687.145857185
7049,-0.9293934331582632,18576584.65227309
7050,-0.8157112374639937,15587941.743051989
7051,1.3792969923080236,498527.9892857226
7052,1.378164707153259,499339.04627525643
7053,-1.9340633064165724,70878320.8697429
7054,-1.0680175465955497,22901405.34947492
7055,-0.24132102680535428,6227827.022969668
7056,0.7360244628037945,1304407.9596474082
7057,-0.7255063552348913,13535657.047139466
7058,-0.08193208582767646,4809167.928048789
7059,1.2832354023239871,572759.2652166123
7060,0.26777465730221645,2733532.554669662
7061,-0.7729889780811537,14582705.422562499
7062,-1.9669310760529188,73421411.43748121
7063,1.2077631463260876,639555.3742453202
7064,0.5094977209013556,1859701.263550965
7065,0.7414165455734961,1293555.705531076
7066,-0.4653617875824292,8944038.090005567
7067,1.052442166408716,805249.0097597503
7068,-0.21953387296779173,6011709.557166673
7069,-0.15293498688788604,5396216.299863041
7070,-0.15110784402117247,5380246.168835132
7071,-0.12224769325652443,5134168.565132484
7072,2.597279059623023,100529.10303225585
7073,-0.7258196123915988,13542330.687939906
7074,1.5966727007752992,366615.3285836527
7075,0.31853957308832476,2519922.2619679756
7076,0.45065124497315906,2041371.50151486
7077,-0.7965741490596554,15130060.206175895
7078,-0.5979061518530203,11058672.395776602
7079,-0.4920035649031155,9335231.274204962
7080,1.6585934902088726,336468.1133153731
7081,-0.9774886656031362,19988092.882827748
7082,-0.08529451170504539,4835466.22960842
7083,-0.8525111233634725,16504075.070019105
7084,-0.08296332596505712,4817218.182729941
7085,0.7014593775031265,1376310.9378383802
7086,0.0428331812167601,3928811.3087376794
7087,-1.8599521856862455,65314969.327423625
7088,0.4546383583502416,2028495.2005297267
7089,0.296109397312262,2612093.636527418
7090,-0.5000485019256261,9456562.007872872
7091,-1.0953785053678653,23850950.536128566
7092,-0.65553280101002,12119359.214766754
7093,-0.48064958246299316,9166540.560897207
7094,0.012309847503228307,4127867.1875327737
7095,0.6468172089002063,1498677.5464217109
7096,-0.22053247802220075,6021450.614536295
7097,-0.9372438567344581,18800771.467112865
7098,1.0219745963376,842908.3263004158
7099,-0.44948440495992203,8718477.238598093
7100,0.3599332228310675,2358564.00872039
7101,-0.6116236758041685,11302900.783739995
7102,-0.6499007749181899,12011615.197544979
7103,-0.848709894090519,16407230.95575736
7104,-0.6695554622477905,12391575.823308505
7105,-0.2652588611515958,6474152.274067188
7106,0.38641060815840605,2261007.968291427
7107,0.3454979276808458,2413582.198435148
7108,0.3091529277515502,2558078.0543617103
7109,-0.5220200671180725,9795694.954461055
7110,-0.13358258917105287,5229444.888332203
7111,-0.37671759587338266,7753366.9043090325
7112,0.2222139205720318,2941147.589492524
7113,-2.1530437861377885,88599644.16989426
7114,0.7954477589383256,1189963.5336058857
7115,0.07979245714618916,3700770.022922632
7116,1.0253807493080955,838605.3242850672
7117,0.1104499613878899,3521856.2520326264
7118,0.8429229840309266,1106225.7443845507
7119,-1.5993086247050128,47825969.84123965
7120,-1.181871616182926,27074511.01185904
7121,0.1495019973141641,3306662.481491513
7122,-0.117528553442385,5095015.545153614
7123,-0.06615341339060644,4687666.160829337
7124,-0.7624096728315206,14343148.106826453
7125,1.5128950014013405,412256.11093690584
7126,-0.10401012662831627,4984505.693187828
7127,-0.6335020992557793,11703006.560150892
7128,-1.9101454633194543,69056478.15032773
7129,-0.24987212086842206,6314736.711914221
7130,-0.12050582055279559,5119681.91495941
7131,-0.4846905704193346,9226239.944149565
7132,0.5433827931086761,1762851.2041828374
7133,-0.3164226642032943,7033322.671234602
7134,2.000385568145892,212468.83831759077
7135,0.21680945384489486,2966829.7909704014
7136,-0.990772563550791,20394238.955461115
7137,-1.870246368380841,66073105.57125846
7138,1.07342437124186,780372.4480228575
7139,-0.934679385786295,18727274.258952048
7140,-0.013291965186608131,4302685.897931677
7141,-1.4513047595117694,39442771.80741763
7142,0.3523895584984966,2387151.432946175
7143,-0.8986430550370352,17721193.23370079
7144,0.18397928756515353,3127869.649628521
7145,0.9372582679578146,957958.0893236494
7146,1.9441402899456595,228795.84121913585
7147,-0.5684229628671877,10550583.225628654
7148,-0.8055145990659758,15342420.837967414
7149,1.1645658859550048,681567.9417940354
7150,-1.215837521108993,28435671.431067612
7151,-3.3157017332728933,191362763.66682488
7152,-2.251239571110633,97055624.20680447
7153,-0.33242720263369585,7217796.814119799
7154,-1.6889518954561147,53457877.241267085
7155,0.9337357616271679,963093.7828135989
7156,-0.7239746301376986,13503069.048187759
7157,-1.436618582579282,38673396.76829867
7158,-0.7170261659297436,13356150.687177757
7159,-0.37221391417344585,7697180.190045974
7160,-0.584931024661522,10832271.081583776
7161,-0.3795696552936548,7789155.203541433
7162,-0.737098972495166,13784669.21911328
7163,-0.24220380411527304,6236744.118990018
7164,0.0266557747025825,4033068.570919644
7165,0.11072489877987766,3520292.2779509877
7166,0.7524998286818788,1271549.313853364
7167,0.9268413841570539,973231.2897884652
7168,0.6800225672465908,1423006.4312979283
7169,-0.20988276716037704,5918368.474055952
7170,-0.5490123680454297,10228287.179847635
7171,-0.8341351458863869,16040663.91515585
7172,-1.0066608212168062,20889485.253055952
7173,0.2384535549933033,2865343.640056926
7174,0.09967751911414136,3583696.1292067403
7175,-0.1820023368549251,5656733.198020884
7176,2.3178229232872933,141536.48126126968
7177,-1.8558783113993307,65016274.92064931
7178,-0.6917756244937205,12834681.54313277
7179,0.030922679469317753,4005300.548259533
7180,-1.0756776025576347,23163928.708163567
7181,2.015274194076946,208367.42361137684
7182,-0.021955976713611436,4363526.704810613
7183,-0.14152386325213565,5297247.383461562
7184,0.5864245309940153,1647409.1391067046
7185,-0.8876418334639362,17423835.083700176
7186,1.4608397753076834,443749.07942757173
7187,0.7538347156978187,1268925.806103724
7188,-2.0547138009910437,80425108.1766354
7189,-0.9377612758636107,18815631.596932653
7190,1.064241350670184,791156.1422231139
7191,0.6380309928448347,1519404.0945583493
7192,0.3806227983251525,2281969.0074110413
7193,2.2968171460623816,145306.37915335144
7194,-1.3818015554205703,35900550.82708477
7195,-0.04784176252654746,4550525.129480397
7196,-1.6670396466288868,52043111.23268337
7197,0.12576227162155537,3435823.2041612696
7198,0.14020348541890337,3356651.0583761525
7199,0.20933455694541744,3002731.209376439
7200,0.7485085801877822,1279427.9307813372
7201,0.6510386304923543,1488825.7289597797
7202,-1.3217788171175537,33041481.779414274
7203,1.2659607238505055,587347.8124518223
7204,0.2742500798805411,2705275.284979711
7205,2.491253405635388,114275.60703233168
7206,-1.630649988576465,49747928.84889712
7207,0.8217799114252976,1142714.3225902529
7208,-1.7103152439132985,54860653.18402307
7209,-1.4144403310005158,37532795.19109819
7210,-0.44050196871440295,8593315.759445185
7211,0.3000553727028381,2595629.3315658383
7212,0.4903042812738873,1917019.8469262316
7213,-0.1541899572819018,5407212.767879407
7214,-0.6598352167120141,12202277.861628557
7215,-1.2915774296711584,31671864.90827596
7216,-0.6246316821916519,11539201.96305144
7217,-0.011155649203131952,4287816.318393522
7218,1.3005448358866454,558537.1213978915
7219,0.5960124306428953,1622793.945144504
7220,1.2388623390865114,611055.4100373165
7221,0.5315254261453124,1796125.5146026376
7222,-0.1642399776538417,5496084.823485886
7223,1.9019730804542183,241954.23359397397
7224,0.8437900119201598,1104756.2497179832
7225,-0.33487901944523557,7246473.524561717
7226,-1.642061585707937,50460352.097671345
7227,1.1738703785269715,672271.481283432
7228,0.32566615468600885,2491347.159706548
7229,1.2795252234150054,575858.8660859311
7230,1.8690757950300474,252805.8775578173
7231,0.16236486596649088,3238764.6979795755
7232,-0.08212073118480599,4810639.555171603
7233,-0.9038503169359889,17863522.319121648
7234,-0.16533913213258375,5505892.58304528
7235,-0.26715130238831397,6494031.6341134515
7236,-0.39138595400419834,7939152.80078079
7237,-0.8327074897502754,16005159.948382333
7238,-1.6321291834203637,49839895.41681149
7239,0.03583839297032025,3973550.426765555
7240,-0.34639253720457136,7382637.129858499
7241,0.1330062829642813,3395873.0733037395
7242,-0.37429643048342726,7723111.527068541
7243,0.5798977501676956,1664390.1692382833
7244,1.9204649572214934,236082.75607746877
7245,-1.016329963088031,21195985.997353666
7246,-0.13253725759070142,5220584.729226291
7247,0.3351951709054403,2453662.6259786393
7248,-1.3496292167072692,34345250.462698095
7249,1.7656365820849078,290613.6876070765
7250,1.209294301682843,638118.8293763127
7251,0.42430495998234835,2128629.087199645
7252,-1.0739234135644211,23103583.33306051
7253,-0.037756123331333866,4476724.248675732
7254,-2.0597402592184033,80834948.92337787
7255,-0.5865349686835583,10860017.94144009
7256,-0.7118166361295463,13246976.189844048
7257,1.561562603345376,385026.8359787256
7258,1.3768208774616892,500303.5094294834
7259,-1.623063567991569,49278033.281795874
7260,-0.36734759201197403,7636916.1004111655
7261,-0.9501850200284154,19175579.181243062
7262,-0.2548402130150661,6365780.194364913
7263,-1.222423566624002,28705983.17613879
7264,-0.03614939470612993,4465079.062283534
7265,-0.5764206566523518,10686171.995692048
7266,-1.9412049872897679,71427050.81479537
7267,-0.5811599991598233,10767300.545574777
7268,0.8387558192099054,1113317.7213363305
7269,-1.5239101393333423,43411998.30770245
7270,-0.9791814263126931,20039450.046442878
7271,0.9599397257463781,925585.789425501
7272,0.05488525506354199,3852921.3298077565
7273,-0.533629045351552,9979557.046685658
7274,-2.1546451418222516,88735358.10291255
7275,0.9068265447935773,1003315.2918455165
7276,0.4414099162792483,2071545.3990995486
7277,-0.026290201513048922,4394287.939929971
7278,0.9443979952632395,947638.6007660197
7279,0.8827062630162293,1040900.8810645095
7280,2.16477675006981,171741.35265710793
7281,-1.6135916928120062,48695537.52515609
7282,-0.460798911586527,8878644.94934648
7283,-1.1830928906317284,27122504.57220464
7284,-1.1451455019353125,25663826.448659398
7285,0.9173529723540734,987370.7471152021
7286,0.6306725426687962,1536995.5171088693
7287,0.18066882425575448,3144598.590533533
7288,1.4465275604762722,452864.97149247344
7289,-0.010101159635960954,4280495.818252021
7290,-1.7788441446890915,59514139.03124591
7291,-2.323967733708475,103471189.19141123
7292,-0.23116511709099005,6126144.019416783
7293,1.6206570587464255,354597.5894870543
7294,-0.594261285518291,10994624.334693864
7295,-1.073398757540275,23085560.935560726
7296,0.8821802845681395,1041737.107282129
7297,-1.2385837128518926,29378119.61091938
7298,-1.1893755838187259,27370513.444506858
7299,-1.1455101020417284,25677523.64626336
7300,0.7025894297649651,1373894.857337565
7301,-0.29952900793115483,6843625.090442828
7302,-0.7963600856377058,15125008.73310728
7303,1.5057059824524572,416455.20197845984
7304,2.038472280499698,202151.87382404847
7305,-0.9942769862229732,20502582.481345832
7306,-0.18224245870905403,5658936.676819648
7307,-0.8590407801361561,16671639.404918704
7308,-0.4131672424340915,8223052.401447361
7309,-0.554149719120586,10312662.791202225
7310,1.1297221766709935,717641.1396105058
7311,0.6618197774339597,1463974.445433698
7312,0.6829398529756087,1416554.2959825778
7313,0.9570527356574329,929640.1771442839
7314,-0.24575149100169438,6272707.5803147135
7315,-0.19700999150360965,5796105.455768529
7316,0.13809908487176872,3368071.1007328047
7317,1.997468878352664,213282.8136080323
7318,0.8245644473692569,1137836.171819961
7319,0.1439035037745003,3336667.9116418045
7320,0.2077356144956026,3010468.6102292007
7321,0.615511120821764,1573922.4200241389
7322,-0.17916672710176595,5630776.74187389
7323,-0.7232617916755811,13487927.998468867
7324,-0.6343971508113123,11719656.157125363
7325,-1.430012788431844,38330996.038628295
7326,-0.31600711102667745,7028595.038725707
7327,-1.415352466119416,37579201.760244295
7328,0.8906191046238258,1028407.034442333
7329,-1.3575667222034378,34724051.02884433
7330,0.2898372200890977,2638486.356059643
7331,0.9464182290211138,944740.3518314819
7332,0.6115495738452786,1583724.5346028781
7333,-0.11169091144689625,5046996.201428273
7334,-1.7498040705712303,57513836.85677513
7335,-0.9472226397917974,19089202.160099763
7336,-0.8295067834443598,15925821.92094456
7337,-1.6479510754035596,50830657.78817546
7338,0.19862442236972225,3054950.8799109426
7339,-0.4613110027868494,8885960.949666755
7340,-0.8229824118256285,15765204.703351995
7341,-0.00267734778921947,4229314.353783595
7342,-0.03990567787805567,4492351.614044812
7343,-1.5059086021844383,42402152.04110219
7344,1.536240759376407,398938.26708941726
7345,0.9569181039149117,929829.7145411347
7346,-0.6549696930235386,12108545.91023509
7347,-1.1361287541974836,25327029.930284113
7348,-0.6364675715513639,11758255.345049506
7349,0.4583208791078102,2016677.9246031805
7350,-0.3016561906150371,6867231.286760419
7351,0.28803926804218694,2646102.67121539
7352,-0.06146843321732193,4652187.90766891
7353,-0.5601736809584928,10412445.74795318
7354,0.6870467749672908,1407523.5098167874
7355,-1.3893038213912678,36270868.23985676
7356,-0.07034798488409992,4719661.541083962
7357,0.19692132836368229,3063340.240000468
7358,1.845946953792962,260759.35924508344
7359,-1.6701632815173164,52243292.84048583
7360,-0.26536117563060646,6475225.509537977
7361,-1.250627490547745,29887297.68648853
7362,-0.03750065895552292,4474870.658183419
7363,-2.511969102470438,120461848.75650498
7364,1.3882648176635037,492155.085095377
7365,-0.10826502044135586,5019026.878830707
7366,-0.7354784364719013,13749606.32415687
7367,-0.28523694369861174,6687078.972834397
7368,-0.9217666281518297,18361063.512558952
7369,0.8054724504973935,1171734.5940691512
7370,2.9961141092554375,63092.9257976819
7371,1.0399047430028718,820521.267282478
7372,0.5489688288728088,1747400.5016756137
7373,-0.5569722552471416,10359302.189453669
7374,0.6011032058750332,1609882.0672756738
7375,0.3624598526998433,2349068.741741031
7376,-0.1741745825296396,5585367.836345398
7377,-1.294243671279077,31790939.55166662
7378,-0.8115791412084026,15488017.625758944
7379,0.037598203028100394,3962246.134282053
7380,0.0899591756684714,3640434.3190672537
7381,-1.176929691113228,26881020.199195776
7382,0.3617937717042536,2351568.066106019
7383,0.9746756898328306,905185.196184405
7384,0.24265269145518767,2846071.964702363
7385,-0.7269255937396545,13565916.975287795
7386,-0.8125775831722675,15512108.680181263
7387,-1.017719464173103,21240351.647143334
7388,-0.7866082515256916,14896516.483775934
7389,0.4778869215301695,1955085.5235699362
7390,1.5349779057511233,399646.42122255807
7391,1.069385954198672,785095.0943873683
7392,-0.384740322144724,7854449.228572887
7393,1.1669050452738128,679217.7381212133
7394,0.3270532363529204,2485824.572126263
7395,-0.667453747460487,12350413.943315426
7396,0.2849402058626248,2659283.9861319256
7397,-0.029651054428835297,4418291.466671124
7398,0.37369004530765065,2307342.713472653
7399,-0.40561206488464374,8123476.448080883
7400,-0.21831072560601994,5999799.464854766
7401,0.40784720434835203,2185102.038025738
7402,0.6212789581003246,1559765.232472234
7403,0.18074533819786553,3144210.904574532
7404,-0.6521909938084222,12055319.409527972
7405,1.8300102476942928,266401.48564537824
7406,2.0760546714803474,192516.71907536683
7407,1.0215964910232214,843387.4540620724
7408,-1.6043018309316137,48128756.16414796
7409,1.0026120951975321,867825.6842031907
7410,-1.3806648449382029,35844694.64058861
7411,-1.9464556156261121,71831854.73565117
7412,0.3543750355644687,2379592.587873077
7413,-0.7290699334816949,13611756.01714236
7414,-0.9284134992811235,18548767.867303997
7415,-1.8417696318665715,63987729.215845905
7416,0.4613031365541196,2007160.5200335735
7417,0.6992244714926334,1381102.4960111035
7418,2.410456333798686,126167.04845456431
7419,-1.2249325621794733,28809509.68349835
7420,0.6715912194945102,1441829.479113179
7421,0.31642746191054527,2528456.1177397068
7422,1.3977977075069274,485478.383373524
7423,0.9338544368068733,962920.2781114125
7424,-0.5746242973053942,10655573.87665021
7425,-0.47131199266664575,9030012.605359351
7426,-0.6989714140280658,12981321.080934998
7427,0.12069956677734908,3464028.2975601656
7428,0.16346153477022704,3233042.272169469
7429,0.8132282934917061,1157835.6895340031
7430,-0.24740817944512397,6289571.911590914
7431,1.2247795654729898,623786.1062077599
7432,-0.6275029141914092,11591985.047388593
7433,-0.4106121878355749,8189245.168769796
7434,-0.17431134207061602,5586606.937356805
7435,-0.1355267052447671,5245963.093053642
7436,-0.9197232389681484,18303700.152510233
7437,-0.673054163848359,12460382.751590833
7438,-1.3109751635590174,32546283.360132877
7439,-0.36969905711366513,7665978.672808448
7440,-0.5792009397554615,10733694.443262905
7441,-0.1671961059019298,5522502.032008467
7442,-1.0702052607221788,22976120.84855376
7443,-1.0366571573739856,21853102.406796817
7444,0.9370382458428355,958278.0115134476
7445,-1.4215990493411976,37898167.846373044
7446,-0.27406973355651987,6567221.269265056
7447,-0.7698033870790157,14510186.34100004
7448,-1.8037243098134255,61260451.631836034
7449,-1.769321843765731,58853694.955059215
7450,-0.3718897441539385,7693151.30221294
7451,-0.980709352352655,20085905.723688934
7452,-0.8545029668993886,16555027.669577224
7453,0.25772206438586953,2778004.4596945215
7454,0.12825657513419847,3422013.4102293677
7455,-0.14168812879287074,5298659.117717932
7456,-0.16402938880211515,5494207.728137073
7457,-2.1754863812976803,90508623.12117246
7458,-0.9928728623103227,20459111.936502203
7459,0.5519466889310849,1739222.082237521
7460,-0.3942395890255202,7975797.046702782
7461,0.5012747585533833,1884035.0474179497
7462,1.4972784979045026,421437.73210565624
7463,0.029128681924285995,4016951.775554246
7464,0.17221936481076855,3187713.8258617134
7465,0.7404606956122715,1295472.4586274573
7466,-1.9309566506805829,70640296.9946667
7467,1.4563176499748955,446607.3819371571
7468,-0.5742173547114241,10648653.842529953
7469,0.13855176009308723,3365611.1998455566
7470,-1.159921271137439,26223833.256026033
7471,1.256866151353738,595190.681667453
7472,0.4395092186859436,2077808.8859530643
7473,0.3942991029031797,2232761.04593733
7474,-0.29818631630170056,6828765.834834004
7475,-0.12678533591249724,5172099.786410964
7476,-0.6544291723667606,12098174.872327823
7477,-0.2739031755065671,6565449.735686713
7478,-0.18907532221418452,5721997.804522529
7479,0.348346933390207,2402619.0806219922
7480,-0.9343113992857445,18716748.800086048
7481,-0.5822960816662334,10786834.908433136
7482,0.9723158097777312,908419.4440056657
7483,-0.19736244751549414,5799419.348496116
7484,-1.2686349269155504,30661849.54597296
7485,0.5263436913728783,1810872.9554147879
7486,0.61356492971935,1578729.889150894
7487,0.8735572990401154,1055549.3843609062
7488,0.5843531482045569,1652778.5068408418
7489,1.3362083708270653,530435.4670808947
7490,-2.109460174961257,84936708.78977469
7491,-1.8670862502905148,65839859.875008576
7492,-0.2555819156413139,6373435.560637107
7493,0.5446342925551376,1759377.1879572591
7494,0.2017412521204503,3039658.5617600437
7495,0.686945765575811,1407744.8882847682
7496,-0.19820757988097734,5807373.201565453
7497,-0.7101917141922448,13213093.383209458
7498,0.6309924340344086,1536226.3169276768
7499,0.5682819165988309,1695068.8963924786
7500,0.8814872700173659,1042839.9940262611
7501,0.1730936133003596,3183224.814197167
7502,-0.8691286389913321,16933537.445944257
7503,1.4761772848947041,434203.44370690116
7504,-0.5174744106582803,9724588.94451888
7505,-2.2972407064084717,101100372.16037555
7506,0.13369706668440712,3392088.328539531
7507,-1.540400691468009,44351981.39616137
7508,-1.922931239677562,70027319.11633614
7509,0.2959515931688395,2612754.303943638
7510,-0.460912017306531,8880260.33550105
7511,-0.7845567611267801,14848853.403059114
7512,0.899810871889177,1014095.2129770966
7513,0.8297702827480689,1128775.7401643808
7514,-0.14536895564206476,5330391.735914055
7515,-1.7140963584840214,55111327.804141775
7516,1.0946051404270905,756100.9286746096
7517,0.8201258906941508,1145622.5183617529
7518,-0.10185036760135273,4967074.131710505
7519,0.09568661778992177,3606886.197347257
7520,-0.38869824761965516,7904789.29649075
7521,-0.23541507139567786,6168493.762650746
7522,0.8100231107678126,1163558.1193770838
7523,-0.9215081275283703,18353797.87456288
7524,-2.42272636609777,112340306.40803057
7525,0.5184851966824741,1833481.456524981
7526,-1.553094389803063,45085238.83929327
7527,-0.08698428577113262,4848736.82135214
7528,0.2719063307490015,2715467.902673548
7529,-0.8762839776172393,17121545.333563812
7530,-0.17001280482870226,5547791.011889873
7531,0.42403010314529327,2129559.633105204
7532,-0.49247119953934454,9342242.790379683
7533,0.5665054633607042,1699812.9089194126
7534,-2.2467163014610176,96660546.13114674
7535,-0.1110199701242289,5041506.295997256
7536,2.670923977217862,92069.80991336287
7537,0.5654572735807776,1702618.6449935487
7538,-1.1456136306468496,25681414.09584411
7539,0.20370088839488615,3030084.132290812
7540,-1.388214448010524,36216916.080910705
7541,-1.2792749709678755,31127018.83922919
7542,0.487527816614357,1925463.3070709454
7543,-1.0754458565137017,23155948.75498734
7544,0.18752232050869408,3110066.5477201417
7545,0.3950965381299109,2229926.11356468
7546,-0.0034048913668643294,4234302.741193069
7547,-0.035897859343412636,4463258.7613412915
7548,0.7420952491473894,1292196.5398692791
7549,-0.5120338002775372,9640134.050367124
7550,0.6829565315700482,1416517.497268319
7551,-0.3885980931989673,7903511.58317245
7552,-0.6069679972188896,11219443.793315202
7553,-0.9704039093996039,19774399.688739594
7554,0.07194240577633863,3748052.821173424
7555,0.2920338110859566,2629212.0954136495
7556,0.32679399370958434,2486855.767796414
7557,-0.398810238650077,8034833.329024297
7558,-0.32720649241220473,7157105.141665501
7559,-1.2009363473080346,27831757.86630245
7560,-0.46195351233210474,8895148.410323525
7561,0.4562574751228555,2023290.5401641533
7562,-0.08602046094398086,4841162.976207195
7563,-0.47236324712378763,9045284.83553687
7564,-0.1874664897392643,5707087.078136699
7565,-0.2071466588423702,5892168.855307517
7566,-2.2493001055630235,96886164.00628482
7567,0.30024738947749957,2594830.897857401
7568,0.5845712581200411,1652212.2628156138
7569,-0.8242203174010568,15795565.707453774
7570,-0.5005974879568617,9464896.633529518
7571,2.7518593264522035,83677.38163665733
7572,-0.269128207512454,6514862.623061848
7573,1.0245721865184336,839624.6350028111
7574,-0.09793084778788022,4935595.426752622
7575,-1.2095126929845843,28178041.861980055
7576,0.270781807987014,2720372.3467937876
7577,-0.8687564845185608,16923810.11411111
7578,0.6103090046356971,1586807.3141417727
7579,2.078404699767857,191931.49164018437
7580,1.9278118917012643,233794.17596522378
7581,-1.227858490999397,28930623.539175052
7582,0.2509352503378954,2808450.0618384443
7583,0.4982738930588359,1892998.2315467545
7584,-0.45604881193950847,8811059.331387509
7585,0.919008025408829,984888.6344429813
7586,-0.6858697766242305,12715485.879239265
7587,0.08190027845148588,3688177.7769156476
7588,-0.8995581703263857,17746132.128310993
7589,-1.1998680465794342,27788869.177064925
7590,-0.42340937500071724,8359937.345618094
7591,-1.1538167232460756,25991244.798680477
7592,0.04971525102943421,3885292.0211958317
7593,-0.7374798625027069,13792922.393913152
7594,0.32542512665793816,2492308.0944611956
7595,0.23634864113228202,2875054.518646691
7596,1.293124486447204,564586.2084278117
7597,-0.7688406426590222,14488335.124128968
7598,-1.5977748304835167,47733221.43257018
7599,0.8917988838265332,1026558.0432035943
7600,-0.2857139229498568,6692246.1392075885
7601,-0.3246280430774251,7127315.20924909
7602,0.3823877441239866,2275555.7821044964
7603,-0.41800357889512574,8287416.068366374
7604,-0.7707413098944376,14531503.349386621
7605,1.2634046437292332,589540.646609242
7606,0.2580927506492975,2776351.3948277165
7607,0.06275402633285812,3804177.9735147436
7608,2.087654871733858,189647.1484365308
7609,0.1807780258472652,3144045.2955481233
7610,0.1872740719376405,3111310.558866396
7611,0.8129219267255415,1158381.3670803376
7612,-0.6615485499056502,12235446.221580701
7613,-1.919560093564763,69770657.11217721
7614,1.090448372183471,760799.0784752428
7615,0.7443877468265956,1287616.8128916074
7616,1.079002979723296,773899.1029447793
7617,0.6819157058241323,1418815.857487219
7618,1.454562976554374,447721.9028421005
7619,0.7892348645198356,1201412.6103303048
7620,0.3398545913096997,2435451.4677015226
7621,-0.272280991775959,6548220.61692843
7622,-0.8593417108511403,16679398.844973067
7623,-0.2899553244084393,6738367.072390778
7624,2.104806276594446,185491.50220020447
7625,1.747625448194056,297818.4357518517
7626,-0.5646745282533066,10487599.223996088
7627,-0.5077296102158897,9573818.902545048
7628,-0.0989523633110418,4943780.157779935
7629,-1.5864545486545558,47052473.00529836
7630,-0.14333038743958967,5312793.735426456
7631,1.065067094431759,790179.9056260353
7632,0.2833309881222003,2666155.2448115232
7633,0.029314439907895565,4015743.765821055
7634,-0.2586746151452807,6405454.574363444
7635,0.6817776112970704,1419121.095589736
7636,0.38584284076411357,2263055.3005522517
7637,-0.7853245838440831,14866676.120546868
7638,0.909074490058296,999887.2534209909
7639,-0.3245563020452279,7126488.096679618
7640,-0.07610694417519336,4763947.79914076
7641,0.9685464369401255,913611.2337093146
7642,-1.2405524666352146,29460869.86754811
7643,-0.6948509922651394,12897162.863555696
7644,-1.3484026254353194,34287000.54498329
7645,-0.8456794229933955,16330392.501681723
7646,0.7480421421237382,1280352.047868966
7647,-1.8226116908563783,62605879.56281604
7648,0.1629664481957759,3235624.354359997
7649,-0.8588559297348427,16666874.690609964
7650,0.1376785965361272,3370357.7400589706
7651,0.6459350524022209,1500744.984090777
7652,0.17526626791659625,3172096.9001699015
7653,-1.4530986451897143,39537519.889117785
7654,1.7232517029284942,307885.77910002734
7655,-1.0341059691628285,21769673.397991903
7656,-0.479146097797733,9144424.017152498
7657,-0.005788428360756187,4250687.122890545
7658,0.026583275338116597,4033542.0621961574
7659,1.213463741008171,634224.785327817
7660,1.3302221933574856,535042.3713663475
7661,1.5113080627027218,413179.01327520976
7662,0.6638176341317124,1459417.623878605
7663,0.5713997105011281,1686776.4771672364
7664,0.5746349360018166,1678216.8292141196
7665,-1.602281964613085,48006116.01507276
7666,0.5624568925539912,1710676.8532539373
7667,-1.282561941250539,31271854.52366456
7668,-1.2468780186382535,29728021.69877785
7669,0.07911059143672036,3704852.888465356
7670,1.0879738018991205,763610.9312494393
7671,0.06171100532905477,3810602.802523451
7672,0.02437404365352635,4047997.53978143
7673,-1.384419452174617,36029443.01849299
7674,-2.1591604904877695,89118448.22962235
7675,-0.8444594992762035,16299553.15153327
7676,0.594909828930526,1625604.854113719
7677,0.30352888759459024,2581225.137629449
7678,1.9611022491987053,223729.3196589431
7679,-1.0208177273175483,21339567.45374207
7680,2.699912833912259,88960.47970467599
7681,1.8657490050594614,253933.08596402287
7682,0.043218112071902515,3926364.156154433
7683,-1.9189666150081515,69725523.38978902
7684,0.5978598430336176,1618095.7311857324
7685,0.3034628301539232,2581498.2963773534
7686,2.2054058024474417,163074.14193107586
7687,-1.1574021785909936,26127644.293837655
7688,0.09049244887688615,3637297.329743839
7689,-1.6190061691721607,49027944.52034644
7690,-1.209140770691008,28162951.996428076
7691,-0.1911620752422182,5741395.675015283
7692,0.20858415392524962,3006359.917545016
7693,-1.7265070480611864,55939149.95037378
7694,-0.5388350550194816,10063077.734705783
7695,-0.027520361871503238,4403058.5539066885
7696,0.2949622058013711,2616900.4400739544
7697,-1.3255901974356645,33217584.896454893
7698,0.4502488703600063,2042675.6952200418
7699,1.0565096037362884,800360.4979061857
7700,1.8182752797105266,270642.8215644418
7701,1.5985769434095836,365644.91723732644
7702,0.39273187512501156,2238343.5712272194
7703,0.05018783447635774,3882321.6226419215
7704,0.9442843365993743,947801.9402372023
7705,1.0843784616090815,767716.3673550877
7706,-0.26174477098863985,6437397.417085527
7707,-0.49284722489339217,9347884.430062583
7708,0.9430211508082651,949619.3083951146
7709,0.25436661238390057,2793014.2445254126
7710,1.548515264949112,392126.8442564028
7711,0.5899132660399878,1638407.238890543
7712,-0.40686598235667976,8139921.3425104115
7713,-0.5408302552757891,10095263.793058522
7714,0.31161766206633756,2548001.627114716
7715,-0.4162450271358064,8263956.227114209
7716,-1.7822501136680728,59751437.80782233
7717,-0.7211777836901062,13443752.963124031
7718,-0.8354068481373585,16072349.747086994
7719,0.31014942992739614,2553999.1576636196
7720,-0.5112280638892293,9627686.533575568
7721,0.46336094239721765,2000620.7305056658
7722,-0.2191955391605766,6008412.771289641
7723,0.20543250324118853,3021649.5534581947
7724,-0.21711247430913153,5988154.494397652
7725,0.05013667374601625,3882643.0793985934
7726,1.3371479896467084,529716.2930893747
7727,0.17784586690346463,3158936.455726262
7728,0.7297927302088989,1317070.703280156
7729,0.5623454056166239,1710977.0485268563
7730,-0.3082014270938524,6940369.954397888
7731,0.004777908390865711,4178538.7854133
7732,-0.3869345879733206,7882318.936657771
7733,-0.17405628032029397,5584296.1876919605
7734,0.6167069177722048,1570976.2305730525
7735,0.5047971607419215,1873570.7916088777
7736,-2.2788750642056277,99479851.5910119
7737,-1.2537560802480334,30020725.050730698
7738,0.8644548113944407,1070342.6276688674
7739,-0.20718543739248335,5892539.373561166
7740,0.6483803939713505,1495021.4266506007
7741,-0.2862312028304102,6697854.33431099
7742,0.44130593724463874,2071887.5376916737
7743,-0.9482945016185662,19120415.641638074
7744,-1.3711672383252402,35380591.71098749
7745,0.3556495337248151,2374753.579994637
7746,-1.036392678326977,21844440.57682337
7747,1.3340613492850213,532082.7853645848
7748,0.5531781907204192,1735851.640649617
7749,-1.5691043858757001,46022085.41266937
7750,-0.1973435488970678,5799241.610468369
7751,1.0004201094784202,870696.1560562326
7752,1.5390332347993492,397377.2714387677
7753,-1.1504852463329052,25865040.416886993
7754,-0.10367888062571087,4981828.206965028
7755,-0.17191951142153353,5564975.352520209
7756,0.5532471688334661,1735663.0606749349
7757,-0.3568561598527436,7508555.261254961
7758,0.2783377950553406,2687592.810637572
7759,0.5249430632877538,1814880.9763007646
7760,0.2975415182450557,2606105.766687714
7761,0.6074798465047269,1593861.3858264934
7762,1.9904037098473373,215268.98246209967
7763,2.4536049237863695,119652.96347911148
7764,0.32939718038285487,2476521.092953817
7765,-0.5317585935460849,9949711.372783208
7766,0.16537032701722415,3223106.8641504343
7767,-0.04338679810115654,4517776.261564937
7768,-1.1311401905971794,25142294.495642975
7769,-0.5899721163790941,10919705.030249225
7770,-1.0745250231286037,23124263.96827146
7771,-0.16853227332583778,5534484.0955615025
7772,0.4629370581737683,2001966.028289671
7773,-0.9243092715445282,18432665.851581488
7774,-0.34016391493717696,7308666.5901588835
7775,0.31838813022830553,2520533.164085294
7776,1.4968016726548816,421721.5972901436
7777,0.042331805418331855,3932001.0676117125
7778,0.5410879480961558,1769240.15561109
7779,-0.4076033757797726,8149607.23124373
7780,1.0856834180576531,766223.5139465809
7781,0.031981607393174294,3998439.363267853
7782,0.859532642556013,1078434.3300326758
7783,-0.15298981467831294,5396696.252509695
7784,-0.31153784374709126,6977946.388149626
7785,0.7063327717502337,1365923.5642294118
7786,0.019286966191350025,4081483.3214070187
7787,-0.18218081506169076,5658370.922215292
7788,0.1320713872623116,3401002.1596015687
7789,-0.8467897891600208,16358508.225182002
7790,0.2152468516158479,2974298.213745529
7791,-0.45655135670333147,8818186.081474865
7792,0.17302420229364418,3183580.9826491997
7793,-1.037997838820847,21897056.14390341
7794,-0.1995702837674032,5820220.957548276
7795,-0.11408689966945185,5066650.052367179
7796,-1.0340445987777587,21767669.861782927
7797,-1.0367340653158277,21855621.740363434
7798,0.6659835663569554,1454494.3917781482
7799,0.02502548626837545,4043729.5607657316
7800,0.33349929392697203,2460325.8774600513
7801,0.9290278867321441,970003.9053990233
7802,1.0654733820576288,789700.0494647985
7803,1.3511533067680626,519122.2716506212
7804,-1.437292342839922,38708447.64086154
7805,0.45526296350286216,2026485.7487462757
7806,-0.06961739549382337,4714072.992702234
7807,0.9366947275986668,958777.7321154764
7808,-0.9430833698553921,18969086.469308954
7809,-0.1209034458936692,5122985.240827076
7810,-0.22437790724717763,6059107.93122232
7811,-0.6546681581749342,12102759.293715622
7812,-0.14007004473072976,5284769.32087558
7813,-0.20631435749728752,5884222.023836199
7814,1.3919948114854446,489530.736826244
7815,-0.7334975123960786,13706858.068467941
7816,1.222314827792382,626043.7570068567
7817,0.18278180325339002,3133910.3995950585
7818,0.390963667621571,2244659.4311277648
7819,-0.907373481736702,17960399.51785731
7820,-0.7336806025700433,13710803.975934245
7821,0.39347784764695015,2235684.5797856245
7822,-0.2136698928558817,5954823.084454553
7823,1.2416182533736513,608597.3508403522
7824,0.6330371201737671,1531319.3239565885
7825,-0.03116130163649944,4429120.836673019
7826,-0.6581026198346556,12168822.402988952
7827,-0.8733728531639968,17044829.264668643
7828,1.2419639586638045,608289.7700188273
7829,1.5812445414495357,374583.2736664334
7830,0.06479131341782442,3791660.377024538
7831,-0.016542069334748825,4325407.856814341
7832,0.9583638425567642,927796.5432666165
7833,-1.5000328604582243,42076211.08101989
7834,0.33256887082304504,2463989.556090457
7835,0.543835129521506,1761594.7404825583
7836,-0.962008603343773,19523782.954828084
7837,0.506689663931561,1867973.7593659381
7838,0.13113753593595154,3406133.418746664
7839,-0.19880586564587455,5813010.4450905025
7840,-0.0594476727256803,4636968.686546761
7841,-0.8532006824430536,16521698.341250554
7842,0.04281615265906125,3928919.6015340686
7843,-0.9151852911492344,18176878.899587847
7844,0.18874106511144004,3103966.6321407803
7845,-1.4590192886629114,39851423.593420185
7846,-0.5133626873330103,9660697.264612552
7847,0.4608767078693117,2008518.5194784075
7848,0.5529196189260441,1736558.7444040803
7849,1.996701682816653,213497.49614347526
7850,-0.7783962164412784,14706563.129460275
7851,0.15946899495935352,3253925.280078624
7852,0.5217295790737131,1824111.8534250248
7853,-0.22187900384849124,6034610.317113324
7854,0.6298632695345342,1538943.2845586173
7855,0.06119201744574246,3813803.7860975065
7856,-0.5708695389949314,10591886.461835679
7857,-1.4826610971408687,41123133.824924715
7858,-0.6027847568495818,11144953.393605681
7859,0.48863443327602457,1922093.3376317509
7860,-1.566854666025557,45889630.79173845
7861,-0.7627490636097911,14350776.643340483
7862,0.13321285974834432,3394740.8047658596
7863,0.7653184853911275,1246592.6300420715
7864,1.6134350217184987,358169.867969624
7865,2.352688855811315,135518.29141387745
7866,0.9216747362219205,980903.3916029515
7867,-0.7188520325664339,13394612.32120312
7868,-0.36443154796635335,7601025.167720029
7869,-0.06247707774637692,4659803.243708195
7870,0.5500614053535551,1744395.1575748764
7871,-1.796409341705966,60743934.816647604
7872,-1.9421252091933676,71497912.68580516
7873,-0.656351710984919,12135100.843879167
7874,0.7394344054040538,1297533.824366048
7875,-0.006119684585124571,4252969.238479891
7876,-0.04670738532712445,4542163.582869534
7877,-0.5814247046736759,10771849.017303938
7878,0.5199597339693783,1829216.830196931
7879,-0.14573163065205402,5333528.635053217
7880,0.20413169045335455,3027983.4673839896
7881,0.608505827118019,1591299.4471073814
7882,0.24178438040599737,2850046.0482199737
7883,-1.024316012206701,21452076.819408987
7884,-0.7908883614831633,14996410.042937078
7885,-2.097739670594757,83962170.21107508
7886,1.2099678676108616,637487.9953535134
7887,0.5984346428897744,1616636.8642010447
7888,0.8278242039056609,1132153.7217255104
7889,0.5332904749236181,1791130.932079234
7890,0.16241402049531373,3238507.9873893205
7891,-0.17105601036738283,5557186.419851529
7892,-1.0936259675378768,23789139.74410238
7893,0.46968057149501546,1980675.5483491407
7894,-1.2172777443755443,28494604.434140366
7895,-0.13106931102377523,5208167.854701899
7896,-2.116402340685455,85516083.63144901
7897,0.8272721484842518,1133113.937099289
7898,-0.41874451240468036,8297319.79574433
7899,-1.0926093193263589,23753345.75281388
7900,0.7959200827951106,1189097.9068039542
7901,0.5037116388978378,1876789.1235899432
7902,-1.1094869028831749,24353530.980367966
7903,2.020126416821953,207049.91288338756
7904,0.02563880614108557,4039715.51396099
7905,0.06122289348529121,3813613.274206326
7906,0.7202823569079139,1336647.7844487021
7907,0.8403653119375424,1110572.8318243471
7908,-0.9653944149869005,19624517.379742924
7909,-0.13800930090284377,5267132.362746819
7910,-0.1109698731862832,5041096.623332791
7911,1.0656837185672916,789451.7499951483
7912,0.08731732525698876,3656015.74024837
7913,0.3274335356269649,2484312.6479827333
7914,0.20405269061041323,3028368.5721724173
7915,0.22685027435613941,2919297.719623248
7916,-1.407059278764571,37158856.14560459
7917,-0.5014996542468367,9478608.523885384
7918,-0.07254645089987494,4736518.638698518
7919,-1.389949448900006,36302872.36348754
7920,-0.2587475906911752,6406212.013989388
7921,0.39292339707479795,2237660.584566551
7922,-0.15553102879301645,5418988.406565691
7923,-0.038575171236521155,4482672.29270991
7924,1.9005385052152406,242416.48777619988
7925,-1.714552710549875,55141630.90363094
7926,-0.964679304733361,19603203.38226597
7927,0.25017212547355094,2811894.8762814337
7928,-0.779082087581594,14722342.53622687
7929,1.0010377413064644,869886.3148677236
7930,0.728789232931123,1319121.96054028
7931,0.43818076795384575,2082198.3425870438
7932,1.3302561372112731,535016.1254724211
7933,0.3726901222450412,2311026.5286717317
7934,1.1064774402289475,742854.432657483
7935,-0.8861835814878716,17384757.129344895
7936,-0.8779011998587692,17164297.735877283
7937,0.9920886860222908,881700.0714161422
7938,0.04999235876804789,3883549.9952390045
7939,0.7854342442872351,1208474.1754572343
7940,-1.9423372755155792,71514247.9535088
7941,1.0107619635276146,857242.2838391906
7942,1.631779805825252,349172.65309816157
7943,-1.0158479343584255,21180614.047332797
7944,-0.5695262823199917,10569190.513933651
7945,1.2963883028214125,561916.769281111
7946,1.6519194495035596,339581.8288589691
7947,0.1270766300111136,3428539.1353325536
7948,-1.0944881668722335,23819531.870037954
7949,-0.18437270001906533,5678522.296625414
7950,0.6474915887989259,1497099.0876668463
7951,0.25606811018885056,2785392.5950103705
7952,-0.17885935384754179,5627970.259631272
7953,1.095865335177123,754682.8139811998
7954,-0.036381131586997476,4466756.7489702245
7955,-0.17260413205361833,5571158.483669603
7956,0.8604760106510707,1076878.4452473263
7957,-1.5082396505122357,42531961.75550308
7958,-0.9380807434906477,18824811.819860537
7959,-1.6650387785142728,51915145.49106479
7960,0.621278892554038,1559765.3925903898
7961,0.580918477696393,1661722.3860653955
7962,0.8576552397560953,1081537.863303231
7963,-1.6068124746133354,48281490.414201505
7964,-1.2673708508177235,30606957.468951754
7965,0.0022248500676174143,4195857.117534158
7966,0.4003449125725933,2211361.0200578873
7967,-0.13696110281525523,5258183.905663551
7968,-0.5102323998581361,9612326.200403584
7969,0.037912042483451716,3960233.589679318
7970,-1.1032049508902244,24128652.082693294
7971,1.7297198071537592,305177.9020880225
7972,-0.33187617253662294,7211367.238871535
7973,-1.8500546122916768,64590605.87975934
7974,-0.6420117759535902,11862207.322962735
7975,0.046807348423517275,3903620.3445921047
7976,-2.0835836414131887,82791310.61278762
7977,1.090267120157238,761004.654362349
7978,-0.14869428875566532,5359222.824041816
7979,-0.7511959894641211,14093189.63550504
7980,-2.5837368674016696,127033866.82446353
7981,0.07557353397069334,3726105.7098632976
7982,-1.8668645823580334,65823515.749158844
7983,-0.7779327648353284,14695909.587935843
7984,0.05455014378576554,3855011.2188179786
7985,0.2086429165759825,3006075.597696959
7986,-0.4976174510004011,9419738.852429435
7987,0.10941007906472501,3527778.0082624117
7988,-0.0042433350862459765,4240058.892418818
7989,0.21960238987713812,2953529.003488551
7990,0.42491451292238547,2126566.9177016364
7991,-1.5417665171043144,44430473.95229693
7992,-0.2444963336313739,6259960.451238065
7993,0.33159859237369865,2467816.193138743
7994,-0.3451028519652609,7367260.999839818
7995,0.07469356352609424,3731412.3582431395
7996,0.6258740850991079,1548582.6490760224
7997,-0.3815604309183438,7814231.362328826
7998,-0.3012346272335877,6862546.672358967
7999,-1.4175426273252882,37690806.420636594
8000,1.6377174519513389,346314.27374445245
8001,-0.6151698034987786,11366861.70083227
8002,1.308116369933251,552437.674187841
8003,0.16813542176187424,3208769.7713150852
8004,-0.988954248230646,20338221.27993281
8005,-0.5869774958907571,10867685.152426852
8006,0.5629152384330386,1709443.270085693
8007,0.4678589380935411,1986403.3364687243
8008,-0.42107601001079603,8328558.9126092605
8009,0.3974752775425042,2221491.773939605
8010,-0.0019669600352418487,4224449.329049938
8011,-0.6945614872444097,12891268.997845424
8012,0.1581993962060714,3260594.827488022
8013,-1.758502419103831,58108653.56640349
8014,1.2342145509705964,615225.4058312329
8015,0.48761048127676176,1925211.3555460817
8016,0.31020797534131,2553759.728140612
8017,0.9386662802248118,955913.4887202346
8018,0.5680245288495137,1695755.3859668542
8019,-0.4585603927027718,8846732.563311534
8020,-0.8300316485609287,15938807.542334177
8021,0.05871443618182937,3829122.5716173793
8022,0.10914286519343877,3529301.3349203477
8023,-1.236503902919743,29290906.13075765
8024,0.10864666202734949,3532131.8584900103
8025,0.34290419863180777,2423608.116540786
8026,0.474686794495402,1965023.1724228514
8027,-0.7705900921035528,14528064.540397298
8028,-0.6257528364490977,11559785.573697785
8029,0.2547753315636082,2791181.4778511804
8030,-0.05742501101376774,4621785.328393334
8031,1.0800138695834922,772732.305750788
8032,0.2313320794940048,2898334.9097200837
8033,-0.25340188151756876,6350960.58283697
8034,0.022169356876529427,4062475.619758407
8035,-0.6020411961117467,11131762.02149617
8036,0.35418251368691234,2380324.443035774
8037,0.031421767736499184,4002065.28501308
8038,-0.045280878851765786,4531670.7082800055
8039,2.259343882370143,152314.0277692842
8040,-1.6629863077045737,51784092.33267612
8041,-0.4709667126737397,9025001.93595597
8042,1.2499451207324364,601235.6575957325
8043,-0.9809224897252009,20092393.547404293
8044,-0.2087818330768344,5907812.592269891
8045,0.3728350777790696,2310492.1196882827
8046,-1.6796252387657513,52852711.98322442
8047,1.618007763539064,355903.43318740354
8048,1.5849773313378792,372638.0743060126
8049,-1.3726525434040748,35452866.04537172
8050,0.6901915315896539,1400649.6791664446
8051,0.6408788091264073,1512653.1679602372
8052,-0.021427980892744357,4359794.251625885
8053,-0.9559779819708001,19345489.871886376
8054,0.6059951074726816,1597576.5761156625
8055,0.3230462988446159,2501812.6621303135
8056,0.2033343717873686,3031872.5087018763
8057,-0.4673969196116101,8973354.440875337
8058,-0.5562863994834962,10347950.689344153
8059,1.2055716719957634,641617.5612100301
8060,0.6458978921524092,1500832.1396376144
8061,-0.2265309687652811,6080294.209670896
8062,-1.2025489751342395,27896602.4222365
8063,1.1879647563745637,658450.5949261504
8064,-0.2540156458682346,6357280.22572494
8065,1.4992789135171456,420249.1276351899
8066,-0.3613565137020929,7563355.925459671
8067,0.7732647280267507,1231384.10580174
8068,-0.516505967390242,9709504.015119122
8069,-0.657927833217381,12165452.158410408
8070,0.682614911612259,1417271.4303854562
8071,0.36956433354757584,2322581.6992342076
8072,-0.20309194538827963,5853554.651318133
8073,-0.1238934706679313,5147893.718817579
8074,0.0478263733401278,3897187.5259925663
8075,-0.482329220886804,9191309.30838594
8076,-1.1163616954573345,24601662.805201937
8077,0.7708383716296809,1236006.922541481
8078,-1.546433916129255,44699441.659660205
8079,-0.1659435466790295,5511293.211603113
8080,-0.2655487119537584,6477193.142198758
8081,1.4887418768882053,426551.75652683916
8082,-1.2343870412777878,29202354.649952855
8083,0.1890730174344526,3102307.3117548227
8084,0.9181612537046078,986157.7158206305
8085,-0.2312267156089292,6126755.7710810425
8086,1.2688926932855162,584843.4545128961
8087,-0.1440567208958204,5319057.164105687
8088,-1.1773704978397432,26898232.4424472
8089,0.32088593690806433,2510476.8763401457
8090,0.6986279434981253,1382384.4180972832
8091,-1.2973645644276077,31930769.641236305
8092,-1.0698934298894551,22965458.358348068
8093,-0.24110942409045277,6225691.4609788535
8094,-1.5645955065086403,45756886.57410613
8095,1.9735997060469863,220076.35001156406
8096,-0.5989296675098612,11076721.244507072
8097,0.2817511264245915,2672918.994169315
8098,-0.0536558560965633,4593625.10936478
8099,-0.17270155891046596,5572038.947742241
8100,-0.3568786871187192,7508828.605745454
8101,-1.4082257015106354,37217761.79548324
8102,1.0801371858284061,772590.100951375
8103,1.050340608840521,807787.4260906661
8104,0.9612883073498365,923698.4058815285
8105,0.13797069330756734,3368769.13307916
8106,0.935454267040706,960584.577557969
8107,-1.4887078508538627,41453087.82753007
8108,-0.23338469683588417,6148225.519856344
8109,-0.7270052005990342,13567616.149914723
8110,-1.316437922095585,32795940.961686485
8111,0.7120412849265848,1353861.8025887022
8112,-2.0807742699033076,82559763.33465084
8113,-0.5646278365882168,10486816.938124102
8114,0.10266641881131619,3566427.998501006
8115,-0.9521288955788342,19232446.40873858
8116,0.8135165626738781,1157322.4964339754
8117,2.3541417013714248,135273.80660431893
8118,-0.2684704584712499,6507924.495439503
8119,-0.003603950081083163,4235668.619418347
8120,1.4824573592386463,430360.2478640032
8121,1.9290472905616478,233411.78015033397
8122,-0.3389691275623474,7294560.6347287195
8123,-1.1934861679090032,27533788.500278965
8124,-0.7109102330491315,13228065.953475073
8125,0.20111047280202352,3042747.041272715
8126,0.46033777463645015,2010236.1729902579
8127,-1.342227011160495,33994888.52831508
8128,-0.583801942133249,10812779.306194581
8129,-0.46411462598163133,8926118.27436141
8130,0.2564417972294986,2783721.5832576146
8131,-0.2708189898367112,6532731.013139937
8132,-0.511679172382904,9634653.636726854
8133,0.18034824339435868,3146223.4640716687
8134,1.1050935833081745,744385.4526577636
8135,-0.8205565041249795,15705860.700975645
8136,-0.9507075235208967,19190850.156299595
8137,-0.34195181818084375,7329824.953081921
8138,-0.33640031962451533,7264322.939762057
8139,-1.3913944176675364,36374578.14669269
8140,0.3182568648794566,2521062.796610176
8141,0.1177437357322125,3480604.866746526
8142,-0.4362492285164679,8534666.513595559
8143,0.9151827058755465,990635.7078111711
8144,3.537904467068981,34657.8720076372
8145,-0.1584972246798882,5445124.874736976
8146,-0.07373855063237593,4745684.556366236
8147,-0.08925288195544867,4866610.701721578
8148,1.1569777602611446,689252.869127985
8149,-0.5867730653754253,10864142.558022615
8150,-0.0650920301352084,4679604.779611213
8151,0.33246266603209,2464408.1125021125
8152,-0.8100288252262859,15450678.272216244
8153,1.0938872165536886,756910.1076069344
8154,0.0898578986673667,3641030.3941696933
8155,0.4613086039119854,2007143.1149847582
8156,-1.02606876551717,21508640.975907296
8157,-0.8161454972973365,15598477.27546556
8158,1.1537236968021987,692577.2146259573
8159,-0.996611676840005,20575041.49981631
8160,-0.7478385087993039,14019135.725168806
8161,1.1559301401349316,690321.221931073
8162,0.7581552801148875,1260473.8136482053
8163,0.05761149999065904,3835962.0801424407
8164,0.49417867112210656,1905302.232043394
8165,-1.605493824203992,48201229.87604623
8166,0.08542020307568783,3667246.696294083
8167,-0.5367824981799874,10030068.792728873
8168,0.4236383852322226,2130886.5527649187
8169,-1.0138694207966064,21117620.58002975
8170,-0.28315436806933547,6664564.240801889
8171,0.8901504243902888,1029142.5563150686
8172,-1.1044886690565092,24174462.488455746
8173,1.780119097646442,284960.6401400455
8174,-1.6055661886415802,48205632.04285932
8175,-0.5535321047601144,10302484.112604639
8176,0.8126873089416142,1158799.436195496
8177,-1.1751911675589335,26813224.740848664
8178,-1.9416860315903823,71464089.27547708
8179,-0.5590143395181741,10393170.774277214
8180,2.0736063528134023,193128.54440283164
8181,0.757469036959899,1261812.249956422
8182,-0.20844333320216327,5904570.776549861
8183,-1.0568085899546467,22521854.453173954
8184,-0.9068466086651927,17945882.171502665
8185,0.27115899361808826,2718726.2879712763
8186,1.5962307778634166,366840.9410401664
8187,-0.9783390871296667,20013879.599703014
8188,-1.4376063571006796,38724791.60372513
8189,-0.5778591871053502,10710735.288318487
8190,-0.3949969898583616,7985550.650832957
8191,0.941355723590971,952021.1112104701
8192,0.008512160649549115,4153338.154722184
8193,-0.07857861439445263,4783082.767747368
8194,0.9988982098540039,872695.1448885846
8195,-0.027480817882124652,4402776.3444287395
8196,0.05196569104149038,3871167.639503693
8197,-0.6294006505656988,11626996.890508283
8198,-0.07217942406573036,4733700.196641917
8199,-0.26200359899642967,6440097.525616444
8200,1.4296254574739689,463896.28576183284
8201,-0.6032903568927136,11153931.603717739
8202,-0.7073589820242019,13154218.131134002
8203,-0.6207019109709926,11467326.93782087
8204,0.8213261921622307,1143511.293266363
8205,0.04081155750014249,3941688.978072733
8206,-0.11690489162301425,5089863.662288739
8207,-0.12426452852200559,5150993.269462377
8208,1.1917717996875448,654770.6082592459
8209,-1.7178491626195294,55360835.172523364
8210,-1.5044458234479718,42320839.25278174
8211,0.31106654745641404,2550251.1458183317
8212,-0.8639906563076202,16799686.21282041
8213,0.15871295143400468,3257895.2982458314
8214,-0.5841435402180184,10818672.925046463
8215,-1.1497631477585963,25837753.192004118
8216,-1.6193064023611203,49046420.98846396
8217,-0.37154530862317614,7688872.804220896
8218,0.3811944174492712,2279889.8791211317
8219,1.3883052937790967,492126.52428897587
8220,-1.5684580959767809,45984007.34058272
8221,0.007731244512251544,4158595.4233248774
8222,1.1263333783718334,721258.469995312
8223,0.478412211713935,1953459.3206772683
8224,-0.5760578415540418,10679985.29332531
8225,-0.46161917647233636,8890366.4847658
8226,0.33791072847355547,2443031.885091793
8227,0.14430865477516006,3334487.1649490497
8228,-2.4707695051406815,116703070.06823644
8229,1.7489618577076518,297277.0981667957
8230,1.1859384177407155,660418.4682363556
8231,-0.4921774315164609,9337837.565341108
8232,-0.8792375643278715,17199697.931521572
8233,1.2467431401553608,604054.9480798441
8234,-0.19713890786511742,5797317.34602274
8235,-0.9625187464485568,19538931.458178785
8236,1.9950746250800313,213953.590050624
8237,-2.4951563350858694,118926339.33716978
8238,-0.6045521346177575,11176367.547842123
8239,-0.47227091295311124,9043942.441941142
8240,-0.8249868258847943,15814391.850739107
8241,-0.5635709821631536,10469124.947892489
8242,0.6272415009706216,1545271.3008175378
8243,0.7316787209925757,1313224.6924980483
8244,0.5234133431299525,1819269.0397647999
8245,2.544380381775501,107141.41711882602
8246,1.5984618985608376,365703.46407502564
8247,-0.2904875205596053,6744176.232014465
8248,-0.2566893472389493,6384882.682359851
8249,1.3124463384124732,548982.2888151121
8250,-0.6005045811227007,11104548.067701438
8251,0.8161123050743156,1152712.3243603115
8252,1.325689700665912,538559.6400558385
8253,0.0260494740526728,4037030.0382221024
8254,1.197787439136312,649001.2320345714
8255,-0.32754317824442153,7161004.025264579
8256,-0.6469660272018842,11955829.151404351
8257,2.1442624900317018,176312.38262931217
8258,0.03749514466056467,3962907.238456025
8259,1.7708829341769725,288551.59349376516
8260,0.44812749624937154,2049565.9823076671
8261,-2.1279506681336198,86483349.22572066
8262,-0.3252481926277739,7134468.93012155
8263,-0.8911501637653907,17518173.935392935
8264,-1.238437536444776,29371983.070944343
8265,-0.6914657942241654,12828402.504167983
8266,0.7798539629774185,1218922.574669836
8267,0.8944425929324623,1022427.6486266229
8268,0.0800350876210005,3699318.308613922
8269,0.40933743410938733,2179924.807815559
8270,0.2852836411925692,2657819.908690717
8271,0.37332590367123086,2308683.540312925
8272,0.2778193182599042,2689828.993810533
8273,0.2964989776981729,2610463.3472525217
8274,0.7544962006225704,1267627.8959995012
8275,1.570614966825861,380184.1308748623
8276,-0.8052869230441674,15336979.251102896
8277,-1.005199747693608,20843508.413959622
8278,-1.8065171309081363,61458329.38748996
8279,0.41470834966549536,2161371.3812841657
8280,0.5809462888907276,1661649.7614839762
8281,1.7817440860040563,284334.0029628699
8282,-1.8252901343519643,62798041.002030164
8283,-1.888114623804476,67400414.02182533
8284,0.5131357552322752,1849040.7242987743
8285,0.20442276837978185,3026564.968188364
8286,-0.7122882676397768,13256825.755041992
8287,0.38965173193164365,2249357.5119557814
8288,-0.13101248002156737,5207687.734455414
8289,1.0966307513836226,753822.8857880803
8290,1.4285863140437842,464584.05593425775
8291,-0.48128085002614196,9175841.981114
8292,0.8608622362779096,1076242.1410924466
8293,0.16123198672902525,3244686.962215642
8294,-1.5311184538774603,43821129.21197095
8295,1.2067724258647887,640486.7522207065
8296,-0.08023043887554575,4795913.760714974
8297,0.3342717285120463,2457288.5908354516
8298,-1.3974246725381094,36674988.82428693
8299,0.7881822491666346,1203363.961335338
8300,0.4195293315849084,2144857.7591550327
8301,0.802632060175596,1176869.1518258099
8302,-1.1008019255015005,24043096.31516963
8303,-0.3901233953018742,7922992.346236514
8304,-0.7590518058273944,14267874.0153327
8305,0.4947865999023818,1903470.4435441727
8306,-0.8144131323899616,15556487.234120935
8307,-1.3976262194762405,36685061.75074018
8308,0.9658259429075406,917378.1626502052
8309,-0.516322191938042,9706643.975975191
8310,-0.9200943952621038,18314107.61034857
8311,0.5067543670798348,1867782.711398947
8312,1.4938987457610913,423454.32385085366
8313,-0.21620754627854427,5979374.995870407
8314,1.9225441364753926,235432.56721738004
8315,-0.7340958883177985,13719757.9978272
8316,0.684060221991322,1414084.625293409
8317,0.6545787968584066,1480616.5788304086
8318,0.4837300444004595,1937075.7302332965
8319,0.38604987994148693,2262308.5075316443
8320,1.2952629605391597,562835.614261285
8321,-0.14968619480284392,5367852.903707356
8322,1.1370857344888077,709848.6140548063
8323,-1.4795762109238577,40955537.536329165
8324,-0.22384698637650804,6053894.8927852865
8325,-1.503927043684563,42292028.3048647
8326,-0.8649945947692927,16825764.84468621
8327,-0.1447662997575951,5325183.236307129
8328,-2.4208996723322653,112174949.842165
8329,-0.3696584039539646,7665475.309918573
8330,-0.5796099997983449,10740703.298196945
8331,0.9447819422905925,947087.0520072553
8332,0.07891204174852212,3706042.6229630103
8333,-1.7952321276483567,60661049.92811697
8334,-1.1593439201107538,26201761.678658694
8335,0.19899925981398384,3053107.617750454
8336,1.2471877920161796,603662.5795785018
8337,-1.7400172188446967,56849047.000018775
8338,-1.0442904847495018,22104380.492570408
8339,1.285008083677087,571284.7432159338
8340,0.44615114449335064,2056007.0679546075
8341,-1.8781750848986543,66660304.78792223
8342,-0.6575603297027766,12158368.794677544
8343,0.43102126067562047,2106021.8665741743
8344,0.43086443659052875,2106546.8752854494
8345,-0.31139630958065073,6976348.3037408935
8346,0.6889282272035462,1403406.7355263128
8347,0.3046753487992742,2576489.084251909
8348,0.23135155816384934,2898244.14070395
8349,0.03907579241964444,3952779.9094184814
8350,-1.0932622804177348,23776329.836871665
8351,-1.1000857652487819,24017648.458834324
8352,0.47506483943891004,1963846.4478574877
8353,1.6700490481213057,331197.0026516267
8354,-1.0162121188001745,21192227.03401266
8355,-1.024442779869086,21456163.480541218
8356,1.1812338933902886,665011.9436695273
8357,0.21044890344545997,2997350.888977053
8358,1.883581678867551,247955.52223826558
8359,-1.6775143898897846,52716362.3789989
8360,-0.4422580518976886,8617647.484360468
8361,0.7961542597189655,1188668.9801792847
8362,0.43993567049267246,2076401.8553214637
8363,0.6459417215472044,1500729.3428626931
8364,-0.889098942991205,17462961.18715505
8365,0.15013347970339355,3303295.3849816932
8366,-0.6668105343399315,12337842.310085787
8367,-1.5272400272145346,43600658.424808666
8368,-1.620621854312039,49127429.47668373
8369,0.09913968661960525,3586812.450240959
8370,0.33940182889405024,2437214.909247143
8371,-0.667513176552645,12351576.093698202
8372,-0.42222654957814476,8344016.7304899935
8373,-0.4333237468794935,8494546.750025522
8374,-0.8801284223883573,17223333.169892978
8375,-1.9778168366989017,74273509.05227093
8376,-1.0073783261594447,20912095.95015493
8377,-0.21747873745935292,5991711.569146909
8378,1.3721485758184564,503672.72449592117
8379,0.29302657490603906,2625031.5913166343
8380,1.2833488418729202,572664.781541499
8381,-0.06077879430278287,4646988.296289951
8382,-1.148071261328301,25773913.08664398
8383,-1.0543978105361764,22440932.199691713
8384,0.10003443815315835,3581629.5845243684
8385,-0.5109399874533562,9623239.893554224
8386,0.41536513516356904,2159113.8789790366
8387,0.44689030203306174,2053595.625213129
8388,-0.06978448742742749,4715350.553464986
8389,2.2639824356358034,151426.42521958845
8390,-1.4261392029373843,38131270.277016565
8391,-0.5395856691640893,10075174.923520299
8392,-0.4981198214458503,9427336.947220454
8393,0.35744435951185005,2367956.3061382193
8394,-0.12117617910847707,5125252.242316439
8395,-0.4915382451492421,9328259.491625156
8396,-1.2858121008734347,31415595.636969164
8397,1.0917678700174365,759304.3149121719
8398,1.0226424771242726,842062.7176671668
8399,-2.3991685559940588,110211151.53377426
8400,0.6544745839630535,1480857.54914234
8401,-0.24667367832678183,6282089.497189224
8402,-0.3980592972311986,8025104.758559217
8403,-1.232063342619249,29105401.124484044
8404,1.4242727400261868,467451.04046149494
8405,0.1930867398388348,3082315.9214693164
8406,-1.012642742806121,21078646.574791867
8407,-1.5743122921627695,46329720.88800365
8408,0.0691097571715974,3765265.0631453157
8409,-1.343904155847969,34074027.072972044
8410,0.5285323809277267,1804628.4107458773
8411,0.29436358282258424,2619412.336782446
8412,-0.7287339617729196,13604564.552024117
8413,0.17390223166279906,3179078.5614105496
8414,-0.9732206438646313,19859117.280333325
8415,0.1452153091023305,3329612.329248015
8416,-0.25611711653773606,6378965.204284885
8417,-0.41749862636200663,8280673.1717163185
8418,0.821633986225621,1142970.5796298678
8419,0.4889813815496817,1921038.0509123695
8420,1.2290605663123133,619885.8331879805
8421,0.9244260317111294,976809.8693765737
8422,1.8494974963933466,259520.52639483014
8423,0.6973455477944084,1385144.5225789219
8424,-0.44569512617719703,8665463.657489784
8425,0.14363200595336134,3338130.07914657
8426,-1.355278949637469,34614542.22009767
8427,0.7773137726997825,1223710.5947344797
8428,0.012688522657739242,4125336.110799284
8429,-0.020798626605688403,4355349.496635417
8430,-0.21842305704207587,6000892.287202105
8431,2.1911536395742623,166057.52315355284
8432,0.0661824981826562,3783136.6595116253
8433,0.07343031865802835,3739043.7819801457
8434,0.23597370137864426,2876787.829944981
8435,0.25982076509269453,2768658.7365603326
8436,-0.26574986413730556,6479304.288925965
8437,0.6220305667338288,1557930.3234357259
8438,0.8862842765898907,1035231.4210728593
8439,0.7273608941585882,1322047.491861507
8440,0.14350013875794362,3338840.4940940137
8441,-0.1355988647200231,5246577.200038366
8442,0.4179896447081586,2150117.4119952074
8443,-0.25084730524446786,6324723.981276292
8444,-0.6811648112427997,12621268.26805482
8445,-0.8247908911344927,15809577.573431212
8446,0.22242212319809365,2940162.7893032557
8447,-1.097558444010848,23928025.955623016
8448,-0.06874671242405489,4707421.506468331
8449,0.13284364399716905,3396764.785667918
8450,1.169332560924489,676788.0622519666
8451,-1.9416925828359801,71464593.76214397
8452,-1.1858475399817587,27231014.746479753
8453,0.2242692825375726,2931440.5473763444
8454,-2.041787315024415,79375347.91000132
8455,-0.7607057369968808,14304904.945167376
8456,-1.2868639593670836,31462227.44515925
8457,1.3137970554306844,547909.2325512931
8458,0.6628374153140436,1461651.4833414052
8459,0.6485627112493398,1494595.620591752
8460,-0.33532264280917695,7251674.111965772
8461,-2.2955199425561927,100948231.36256485
8462,1.500323228820665,419630.08388219646
8463,0.5710470927667248,1687712.1930755398
8464,-0.6670698518866031,12342909.240895288
8465,1.484399646541245,429179.2200226989
8466,1.8105960864295128,273458.89277288376
8467,0.20968791757930755,3001024.0295805936
8468,-1.0190915347832072,21284239.95343389
8469,-0.3261193393996812,7144529.927073335
8470,-0.9529476429339385,19256443.109205462
8471,-1.890596599561681,67585912.83097331
8472,-0.556875902085616,10357706.745575147
8473,-0.18238119123382512,5660210.145658466
8474,-0.3758594410732796,7742630.0164198615
8475,1.577357540235941,376620.75320318836
8476,0.20131079287115183,3041765.866747678
8477,0.8182039566713827,1149011.6990232882
8478,-0.5948876194308207,11005605.272752816
8479,1.06044047217366,795666.5721933274
8480,-0.40446200589622555,8108422.048277504
8481,-0.008904228909825493,4272201.763885364
8482,0.4513784458082113,2039016.6725026276
8483,1.084165953587751,767959.7715460112
8484,-0.6264606933291139,11572799.171523876
8485,0.26750058048769765,2734735.259950098
8486,-0.668035062970473,12361786.112940146
8487,1.9605630933647875,223888.42739121514
8488,2.700217996528465,88928.37749681165
8489,0.1399059445360971,3358263.330566765
8490,0.04257708515913681,3930440.2667037686
8491,0.42871096078534604,2113770.0072548017
8492,-0.8076628707238511,15393852.679820145
8493,-0.9607449031325194,19486302.475674734
8494,0.3152990687183039,2533027.5763076707
8495,1.0011945944404583,869680.7776728454
8496,0.22336530767566162,2935705.764884701
8497,-0.558849544921444,10390433.695305498
8498,-0.1989532271709374,5814399.768139911
8499,-0.3280024421734839,7166325.745996348
8500,-0.30328049930332945,6885310.817955683
8501,-0.3811758647657731,7809381.171480107
8502,0.3046487748293491,2576598.7600269387
8503,0.2774116038799092,2691588.8093598145
8504,-2.2054933892894146,93083683.93073815
8505,0.012577960007146302,4126074.9526039003
8506,1.3274199350103826,537213.982855074
8507,-0.5510007711571309,10260866.177187286
8508,1.8457158904036817,260840.20804194268
8509,0.34519778207433455,2414740.1909360993
8510,1.2252232625460397,623380.6306550872
8511,1.6188474174396614,355488.9915174792
8512,0.4947748345237734,1903505.8770433185
8513,0.09829128341981395,3591733.9030855005
8514,0.5469299950112554,1753023.2665618667
8515,0.5422695456915048,1765947.5035843065
8516,0.32655573439311775,2487803.888336593
8517,0.5506253298915172,1742846.0988152397
8518,-0.45756310245344983,8832550.877631223
8519,-0.25309885969121393,6347842.800451938
8520,-0.4085819448680349,8162478.340911239
8521,-0.7374039951793702,13791278.125955425
8522,2.394387595996112,128693.58639086323
8523,1.4438916044093917,454566.22579236556
8524,-1.457799351279581,39786594.67012999
8525,-1.5768938814437503,46482742.65205094
8526,-0.5257905194694701,9855052.477458956
8527,-1.2494538776863333,29837369.236627147
8528,0.29824832083845026,2603155.77159034
8529,1.126444600935162,721139.4336949753
8530,0.38760680620373106,2256700.857335645
8531,-1.5110350277264288,42688004.06195324
8532,0.4220549250757629,2136259.2135830163
8533,0.19271569810215458,3084158.4330698797
8534,-0.35585076613424915,7496365.77896166
8535,-0.5543466954858012,10315911.104403865
8536,0.0795899638161553,3701982.0312709645
8537,-0.40530332823773907,8119432.383925683
8538,1.5160393195397421,410434.1941668915
8539,-1.6792819155198906,52830519.677558325
8540,-0.1612197511485337,5469224.9570079995
8541,-0.46629376207161816,8957451.815006368
8542,0.015528298487270603,4106404.9702057033
8543,-0.6012236378486377,11117274.942684585
8544,0.5537063207220836,1734408.329091585
8545,-0.16644487780537293,5515776.765770427
8546,1.693978065929644,320478.7835461395
8547,-0.15989225341331598,5457460.5463298885
8548,-1.1706624838078705,26637289.387741495
8549,1.0859358809365103,765935.0623357035
8550,-0.3282236710199903,7168890.619791662
8551,0.4484953879411662,2048369.3219442226
8552,1.3632001322946115,510195.07441886095
8553,0.5118741790866744,1852730.2499052589
8554,0.8968157501299251,1018735.1136441428
8555,3.13032100292613,54218.86107817193
8556,0.40892143074818493,2181368.764941642
8557,-0.3689958747176465,7657276.494974145
8558,0.03812988091660891,3958837.276399339
8559,-0.002589947520944857,4228715.495621584
8560,0.3950052952392749,2230250.2979439097
8561,1.822712914323948,269030.1784206077
8562,-0.2884766889947194,6722252.965050009
8563,-0.9342010600126973,18713593.80762534
8564,1.3463602303895845,522721.56694245024
8565,0.3856006670766828,2263929.1495108083
8566,-0.7415450848233894,13881293.557244455
8567,1.6349501380669749,347643.22520991776
8568,1.1118271156714015,736967.8493255859
8569,0.326697707966985,2487238.8787392396
8570,-0.07159406754586656,4729208.664055744
8571,-1.5056966106112402,42390360.93080085
8572,-0.20881047516278622,5908086.978830676
8573,-0.1464778818364157,5339989.016895061
8574,-0.6610303295355789,12225405.09706673
8575,0.9814654737844851,895948.6111581933
8576,0.13008961177674355,3411900.896087378
8577,1.6020364192193928,363889.2011680681
8578,-1.6209998252485307,49150722.35570133
8579,-1.9805683794853082,74489649.80767243
8580,-0.13788038028503066,5266030.948111018
8581,-0.5016503778964446,9480901.210107652
8582,0.391087823584474,2244215.3539130804
8583,1.1682180448299686,677902.3962540849
8584,-0.37887911946638436,7780475.442475267
8585,1.2083252639380717,639027.5817313673
8586,-0.4299590281523488,8448629.349446684
8587,0.9097229626507212,998900.6907080681
8588,-1.205583551117206,28018960.424614068
8589,0.8401365297612424,1110962.564376518
8590,-0.6052680979826346,11189117.242601926
8591,-1.5291810387471452,43710897.5344135
8592,-0.667689904468567,12355032.656817155
8593,0.2943626694472487,2619416.171322818
8594,2.325973713635149,140103.24231053924
8595,-0.5881337376958803,10887742.417609693
8596,-0.09191553691822855,4887673.704415545
8597,0.1396471208063295,3359666.451647513
8598,-0.6967355268458292,12935590.499614747
8599,-0.9156057948646972,18188597.608626947
8600,-0.314177645141862,7007818.816810787
8601,-1.317605516510648,32849496.849733397
8602,0.6289954185201527,1541034.933758907
8603,1.8882532961128564,246415.58365986592
8604,0.40974641774360626,2178506.1866926076
8605,0.3652650399966481,2338573.115235886
8606,-1.1317355095354689,25164280.54316107
8607,-0.7536677658423531,14147938.820356369
8608,-0.11372710878971654,5063693.868546195
8609,1.2420503551997875,608212.927768872
8610,0.5453006046182186,1757530.5175425103
8611,1.2204206762211707,627784.8064542301
8612,0.2814366397860328,2674267.496823414
8613,-1.6867263445538374,53313069.6902542
8614,0.27283523156323397,2711423.5176917617
8615,1.3291090279304862,535903.8681353158
8616,0.8666256177215296,1066794.6318745213
8617,0.6403834514209924,1513825.1642078348
8618,-0.8113341083306833,15482110.534641668
8619,-0.9254720173286073,18465492.223239154
8620,1.2387637085078953,611143.580990687
8621,-1.3956067615550503,36584227.920963496
8622,0.7743109945989983,1229396.387751496
8623,-0.8033848627742818,15291587.803892309
8624,0.34655529681045494,2409507.3462383444
8625,-0.9036086742336438,17856894.978242848
8626,1.0034799138830481,866692.0678492823
8627,0.4928137479294977,1909421.6954935573
8628,1.0631037419803098,792503.216760302
8629,-1.0807368421539838,23338725.582459223
8630,1.3146030886149866,547269.9840657457
8631,-0.7965398219478825,15129250.050312813
8632,0.0212869702816558,4068284.905509932
8633,0.22044474667774144,2949529.497279671
8634,-1.2677261878224233,30622379.89535839
8635,-2.8327548688491806,149784803.3842991
8636,-0.808473445349347,15413299.564205242
8637,1.3573303236135503,514523.67152471805
8638,0.521887064317852,1823658.3243633294
8639,-0.13302750359091953,5224738.149867444
8640,-0.3826523147909593,7828018.339673303
8641,0.09983266713729178,3582797.6800567103
8642,1.5495602637041646,391552.8979141828
8643,-1.3737429761689446,35505998.102431245
8644,0.18274032150881014,3134119.869936076
8645,-0.11166472741942962,5046781.841147485
8646,0.6192527956444998,1564723.0897972144
8647,-1.095178946656486,23843905.356220268
8648,0.11338684268089798,3505186.4720832077
8649,0.04142012396860807,3937807.9318887126
8650,-1.4416153349077059,38933903.934933685
8651,-1.4784389447638848,40893877.53385469
8652,0.4409301695965946,2073124.4768780512
8653,-0.9202257627916836,18317792.502664812
8654,-0.11690378696852469,5089854.541700276
8655,-0.31751124864383257,7045722.007220007
8656,2.4664141720797876,117792.26747742126
8657,-0.4664389685148515,8959543.490440514
8658,2.054132473267191,198073.0512334584
8659,0.4398825875653382,2076576.9423869855
8660,-1.5048554582855416,42343598.69054945
8661,0.43977747722041716,2076923.680513977
8662,-1.3912928013778676,36369531.97517355
8663,0.07879360577531463,3706752.49122288
8664,1.1462465247750706,700281.9880978606
8665,-0.15162602301242706,5384770.50936622
8666,0.010202371833448362,4141982.372067611
8667,-2.0304629486122856,78460767.88142374
8668,0.3286907203937955,2479321.3391914885
8669,2.4577313899906503,119049.9782804384
8670,0.05877491757067974,3828747.874065204
8671,-0.38452136200020137,7851673.458894592
8672,0.8220531041450325,1142234.7378180204
8673,-1.3741624699585544,35526454.46704295
8674,0.06066311662783213,3817068.721725334
8675,0.05256472152884118,3867416.754172164
8676,-0.45074526254912023,8736186.628373818
8677,1.1809830404144603,665257.8483482449
8678,1.575122799397227,377797.6898609868
8679,0.9799531577798547,897997.098537611
8680,0.8566537719746584,1083197.2938849167
8681,0.164790773201711,3226120.1752655883
8682,0.3155985463812885,2531813.469327334
8683,2.0486866226072866,199480.95370615445
8684,-1.3030892228910624,32188525.704939093
8685,-1.723383652460396,55730086.48529331
8686,-0.2284734256410744,6099471.134675636
8687,-1.0683291350924675,22912034.085140362
8688,-1.6072068111793532,48305509.520030096
8689,-0.5911049778754643,10939445.623203356
8690,0.4214218741891264,2138411.096518548
8691,-0.7624132597671502,14343228.711363506
8692,-0.38669868054822837,7879318.021751442
8693,0.7870732676764184,1205423.4574110038
8694,-0.41871620113530755,8296941.160564104
8695,-2.939031844971504,159322918.14907292
8696,0.10763804297906544,3537892.5277697328
8697,-0.04251959968914557,4511429.073149961
8698,0.05839399044424904,3831108.4360604663
8699,0.11772019637673539,3480737.2020733943
8700,-0.7542625851122219,14161143.186967215
8701,0.40620645647650105,2190816.997575552
8702,-0.7581545279809551,14247821.290668733
8703,0.7713296830140017,1235069.3620340752
8704,-0.2922383708515985,6763322.3797133425
8705,-0.6070443801958603,11220808.306050824
8706,-0.26348208796051037,6455542.6694791345
8707,-0.21477502041171811,5965502.919797931
8708,1.020985371534441,844162.4739482112
8709,-0.05043752143807351,4569716.976813917
8710,-0.03633529438327131,4466424.85466047
8711,0.5849784770150874,1651155.6118711294
8712,0.03825174947716051,3958056.334190499
8713,0.3671948167557739,2331381.12553124
8714,-0.5563297887393303,10348668.46709314
8715,-1.5672238565542016,45911349.132061206
8716,0.5948991571328219,1625632.0852275493
8717,-1.0756186753434012,23161899.382998288
8718,-0.566173094836476,10512736.185146011
8719,0.8855791597855807,1036346.0761571815
8720,-1.6757881499436684,52605025.187813945
8721,-0.29119638870841685,6751921.507836828
8722,-0.31457393839158193,7012314.1719908565
8723,-0.3149825008621924,7016951.669433489
8724,-0.678626713014956,12570713.933509223
8725,-0.6736415248314803,12471969.058253095
8726,-2.0428492638646527,79461357.55314958
8727,0.2131248786765953,2984471.0884255394
8728,0.5169265719893401,1838000.6154769228
8729,-0.00771354860485285,4263967.137124223
8730,0.6631282918742696,1460988.2160897804
8731,0.18396343751146602,3127949.5277221506
8732,-0.5918366345078945,10952213.040454883
8733,-0.05390085526163087,4595450.293073426
8734,0.39477022101826437,2231085.7384355143
8735,-0.8008814274309118,15232032.139673807
8736,0.3551067114699318,2376813.3149865475
8737,1.1708676568747407,675256.4726810289
8738,-0.8332903655981047,16019646.684910927
8739,1.7663501255105962,290332.26871407503
8740,0.5064029268800868,1868820.6498210584
8741,1.812025088052632,272932.4010367496
8742,-1.1463724196825895,25709943.3078914
8743,-0.45659703929519224,8818834.197277255
8744,-0.09202100649691752,4888509.905865442
8745,0.6078883982312401,1592840.6855557305
8746,-0.9488215280541569,19135779.638434514
8747,-1.277116749831704,31032211.244723488
8748,0.5020978199567897,1881584.4495527525
8749,0.3744529049746903,2304536.3665159754
8750,-0.0861708360401829,4842343.858171473
8751,-0.33219775574854116,7215118.880082538
8752,0.021633914903971815,4065999.755365295
8753,-0.05021176683339581,4568044.6187648345
8754,-0.07410865714256672,4748533.888616207
8755,2.1470476324242567,175683.8856190115
8756,-0.46380081208471197,8921614.70741909
8757,0.07285941789410655,3742497.873891052
8758,0.6469118541077328,1498455.9130725646
8759,-0.3454811112699678,7371767.501749381
8760,0.1322417560874656,3400066.8814710956
8761,1.4363316244786857,459484.51978572883
8762,-0.2903484976059574,6742658.258277535
8763,0.369870339230018,2321447.835837579
8764,0.5674701221543129,1697235.0606341315
8765,1.8486558004044322,259813.61262865266
8766,0.23045684942869452,2902416.4308854905
8767,0.3137497264479453,2539318.36670329
8768,-0.566173588921476,10512744.48238304
8769,0.1007632432188889,3577413.6087652063
8770,0.383495685907692,2271539.4664124167
8771,-0.15106588501945062,5379879.981251212
8772,1.43553406839202,460006.78395638417
8773,-0.3590613516134652,7535359.125369011
8774,1.377203434202029,500028.74179167754
8775,0.6650878734272532,1456528.1961312024
8776,-0.5812190525450699,10768315.109956456
8777,-1.570007589716548,46075336.88685668
8778,-0.5135796594117314,9664058.686838195
8779,-1.2904349161511999,31620948.6024056
8780,-0.06668468830497631,4691706.526445788
8781,0.8416483157987814,1108389.927524799
8782,0.6624576345152767,1462517.9526877124
8783,-0.8138570516156791,15543030.508859286
8784,-1.68474388039701,53184290.58085592
8785,1.247253047788618,603605.0201289221
8786,-1.1366397356424,25346016.68079061
8787,-0.08543872781407716,4836597.401589836
8788,-1.0356595677930434,21820446.33779254
8789,0.9098302994292343,998737.4931248844
8790,-0.8311056119637862,15965408.342344169
8791,1.564810006821352,383281.80285562
8792,-1.7601912841322054,58224573.7867308
8793,0.35857640632471394,2363679.4632936027
8794,1.959364432962983,224242.6105342357
8795,-0.5705844412496014,10587065.516421013
8796,1.6244895266161863,352717.91771134053
8797,-0.9441446286875975,18999818.677274045
8798,-1.084042067605554,23453528.58372898
8799,0.43408984960923175,2095776.3945412189
8800,-0.7598598828169894,14285955.514362883
8801,-2.3617712969626163,106847621.97403766
8802,1.362856095651672,510447.6757804653
8803,-0.3006733793025267,6856314.695830976
8804,0.17366643665104672,3180287.046455889
8805,0.39318247327338834,2236737.0376041303
8806,0.7047140396089687,1369364.5535105048
8807,0.7640971064961328,1248947.9256643946
8808,0.5495392609172024,1745830.7393228041
8809,0.5509505791851557,1741953.3204655945
8810,-0.7861974401497577,14886960.71751236
8811,-0.2420458103290798,6235147.266608871
8812,-0.9763962336396281,19955010.69948642
8813,-0.41510957972197987,8248843.149406514
8814,0.9879229628560109,887258.1217726556
8815,-1.7215948248787902,55610571.44974634
8816,-0.5241041578644381,9828461.939087726
8817,-0.7134293854904571,13280685.075362265
8818,-0.8816048732315347,17262569.026135877
8819,-0.3303995820048658,7194165.643410484
8820,0.7554966567883317,1265667.566271554
8821,0.014275623453946215,4114744.9616166814
8822,0.38217897005673535,2276313.419429599
8823,-1.2158910746599507,28437861.023923095
8824,-0.04113830944006827,4501337.704597404
8825,1.5348933088797263,399693.90900226985
8826,0.18714502242981493,3111957.4471196053
8827,-0.3341150141521417,7237525.6764505245
8828,-0.5497812364729251,10240872.98267826
8829,-0.4114215139817521,8199939.1334409
8830,0.16984907317061762,3199917.2488527126
8831,0.4803383075259482,1947508.5741083578
8832,-1.576609441521096,46465865.633484095
8833,-0.6434883210555908,11890037.589777803
8834,0.4466947996611045,2054233.1488341168
8835,0.31715430589295446,2525515.978057226
8836,-0.6408549089030254,11840445.271829864
8837,-1.246469712755559,29710718.498881496
8838,-0.1295992861957724,5195763.004812831
8839,-0.028581526634222813,4410638.479666913
8840,0.039766411286370845,3948363.3086453965
8841,0.30776108692597115,2563786.4405452986
8842,-1.9887956318678233,75137734.46779892
8843,-1.0864375005617835,23537031.855501093
8844,0.518586165187774,1833189.1052300287
8845,0.9833641970431369,893383.8389150115
8846,-0.1533290747943785,5399667.022565478
8847,0.8272182137599842,1133207.7948532738
8848,0.8093371956773187,1164786.6441505116
8849,-2.1274277789094267,86439460.32956555
8850,-0.5289068672587647,9904372.419160036
8851,-0.7452230809312491,13961698.15855523
8852,-1.8701641880080726,66067034.175237685
8853,-0.22856699176762277,6100396.379247494
8854,1.5460269172863448,393497.2609715462
8855,-1.0998292782081314,24008540.076375667
8856,0.7100943680979165,1357962.7831734938
8857,0.985665512576664,890285.8384725333
8858,1.2870191933143778,569616.9106474278
8859,-2.45235360207356,115027785.03042252
8860,-0.3220190915343763,7097296.746422298
8861,-1.6084796067466463,48383090.820132725
8862,0.7127264087105104,1352421.7861436503
8863,-0.01645455211573452,4324794.425790748
8864,0.3763370230287044,2297620.411267249
8865,1.017656456157288,848397.7016829916
8866,1.3129698961224456,548566.0841693004
8867,-0.6958280887251606,12917073.572317956
8868,1.1091673823125439,739888.1813810618
8869,0.1529362037695348,3288393.401576209
8870,-1.492297445732875,41649867.07574456
8871,0.1827622534659339,3134009.118356331
8872,-1.5336547927423094,43965734.61546931
8873,-0.02918063205874883,4414923.71856552
8874,-0.5018006560485653,9483187.650248172
8875,0.6818912148542864,1418869.986183903
8876,-0.7551989296652895,14181952.106210912
8877,0.8851712025447291,1036991.5655539957
8878,-0.221301305877732,6028960.938975219
8879,0.25769069669358413,2778144.3895867746
8880,-0.49895519090439755,9439984.525915045
8881,0.10988032240618653,3525098.884367052
8882,0.2403219367642822,2856752.2786794677
8883,-1.4254041222428802,38093456.83098075
8884,-1.7210871918320048,55576684.65522602
8885,0.31617505329336837,2529477.9585957713
8886,0.833089983495492,1123038.2524757306
8887,1.046693505207737,812213.2006006874
8888,-0.932206767775992,18656651.273200482
8889,0.7364158586309832,1303616.9794759282
8890,1.4460648477228777,453163.1009403741
8891,-0.10667128060641794,5006068.420887344
8892,1.1922618538859588,654298.5355941486
8893,-0.6959524784457665,12919610.370915119
8894,-0.19000421915898053,5730624.504461208
8895,0.35105505376614576,2392245.9791396055
8896,-0.34190872887907053,7329314.321681054
8897,-1.042295229305316,22038459.870062724
8898,-0.062041415079208934,4656512.422637441
8899,0.4487239407563268,2047626.263742983
8900,1.7475482456108347,297849.74149011786
8901,-0.8640579615442011,16801433.413896307
8902,-0.25881875716366415,6406950.761837814
8903,-0.3017079837065995,6867807.0534119895
8904,-0.5769055787803853,10694446.180943498
8905,-0.34929965641983163,7417412.2676379625
8906,-1.3400135999913605,33890664.26794794
8907,1.2029425647519476,644101.1111103343
8908,-0.003911439175659814,4237779.388442103
8909,-0.009481417172709448,4276199.3231180245
8910,-0.2665267637249917,6487464.443205436
8911,-1.6365841761567494,50117560.11997491
8912,0.714732337298045,1348214.992124171
8913,0.389877605737991,2248547.922821644
8914,2.0864864819736795,189934.0013187113
8915,1.0699847720738282,784392.872150221
8916,1.7053536140821908,315518.65666015336
8917,0.47574010533996586,1961746.4095849437
8918,-0.9139749796914701,18143187.21088375
8919,-1.7746202887733675,59220638.348235644
8920,-0.9562345960063666,19353047.180847302
8921,-1.0610616558351034,22665228.275408167
8922,0.1692390541487567,3203065.6638595676
8923,-1.9361985113165914,71042152.62751684
8924,1.0648124504205558,790480.8199336457
8925,-1.0602596279343304,22638131.512192458
8926,2.2514327355971284,153841.3147937133
8927,0.43405267292933203,2095900.2092582036
8928,-0.26787562899868766,6501656.34354989
8929,-1.024423557423938,21455543.755240746
8930,-1.7633667467042482,58442909.571684465
8931,-0.3389652512246843,7294514.913172608
8932,-0.6332975992799943,11699205.616180332
8933,-1.089817242277017,23655278.444412686
8934,1.7599810776963392,292854.9362137587
8935,-0.39925865397058447,8040648.096557604
8936,-0.49310404758476717,9351739.513998974
8937,0.9542323162039933,933619.5149899264
8938,-0.71130249661155,13236246.641662993
8939,0.5466005315055679,1753933.6545131286
8940,-1.052967201971683,22393029.569827057
8941,-1.4525350056263178,39507731.919207364
8942,0.4739314838037211,1967376.4050252966
8943,-0.3879020978133267,7894638.025828616
8944,0.497095850884064,1896529.083732015
8945,-0.49929222126431716,9445091.81588042
8946,-1.1613517885350046,26278587.29285505
8947,0.6383723532445665,1518593.2023223976
8948,0.8430226789644104,1106056.6687784647
8949,0.8205776149329178,1144827.487257616
8950,1.582673101776293,373837.5138157628
8951,-0.2928768727613756,6770317.92973461
8952,-0.5874122250934398,10875222.258870441
8953,-0.5845628960559011,10825912.276123555
8954,1.4375934376837423,458659.5752766723
8955,0.01856500100879973,4086258.3581587374
8956,-1.1591111111095902,26192865.992799282
8957,-0.6043673288768759,11173078.807942713
8958,1.1918054912171283,654738.1411215354
8959,1.3968096454949839,486165.7736363239
8960,0.4231606498484896,2132506.0177803123
8961,-0.17830620091908764,5622923.186470039
8962,-0.9967979364832987,20580831.852255497
8963,0.29136372681676753,2632037.6924778903
8964,0.5779863628534891,1669397.9211153504
8965,-0.03983710326603108,4491852.22500317
8966,-1.992653443204569,75442555.32691489
8967,-0.25768429099409074,6395184.387501943
8968,-0.7509781649599894,14088374.273285316
8969,-0.42156017581359434,8335060.423933573
8970,-0.30232887883784454,6874713.037628154
8971,-2.4258535547423663,112623483.6514135
8972,-0.822135010049556,15744451.885621775
8973,0.9240038271733066,977436.855040681
8974,0.04675806915637085,3903931.7039044527
8975,-1.267426524548916,30609373.42296135
8976,-0.17615983249619926,5603381.95880984
8977,0.09248893961958947,3625577.368128023
8978,-0.6066554280769447,11213861.664610444
8979,0.8216229377284572,1142989.9842262883
8980,-0.6295980368080023,11630644.242941067
8981,1.5155547873520416,410714.3685171408
8982,-1.6606573170671295,51635644.239705116
8983,-1.1795995667775685,26985411.012920383
8984,0.17672619364622355,3164641.849825661
8985,0.26041348939009523,2766025.1514178785
8986,0.7301933057644029,1316252.8294662165
8987,1.142837026389169,703826.0947354625
8988,-0.33660304260744495,7266704.740464082
8989,1.0844838255900175,767595.7156340728
8990,1.1314205002325781,715835.6866278986
8991,0.07711812075730133,3716809.663358467
8992,-0.3847910621874126,7855092.599379473
8993,0.20796235156317713,3009370.1675473093
8994,-0.7377851808439267,13799541.375266887
8995,2.4357045762685074,122308.54284460991
8996,0.24599490043991148,2830828.538826144
8997,-0.11777187236587727,5097026.945593844
8998,-0.7002688736819793,13007927.078103017
8999,0.47046011657612313,1978229.6915135658
9000,1.5003001460178158,419643.755933215
9001,1.6412841354978165,344609.71842407994
9002,0.4210999370254731,2139506.3001399925
9003,-0.3962886440247223,8002211.024370516
9004,-0.06909494755928058,4710080.676636021
9005,0.260247758100216,2766761.2663384853
9006,-1.1777817890092872,26914300.41680037
9007,-1.358529781211996,34770229.715293325
9008,-1.0006714480396108,20701572.9818057
9009,1.5252968643842753,405121.37133730686
9010,0.7825237246454331,1213911.8177952317
9011,0.2177040178955586,2962562.9220400434
9012,0.4952955404396802,1901938.3408803414
9013,0.6838056677953943,1414645.347892291
9014,0.33422397852482655,2457476.2356228633
9015,2.728720083552651,85986.22842089743
9016,0.18306651593942028,3132473.073520617
9017,-0.27314059003732066,6557344.795291714
9018,0.3029130299858387,2583772.973759573
9019,0.4149480676045963,2160547.1382373264
9020,-1.0014738899426958,20726663.10716271
9021,-0.8706009303039994,16972069.4679751
9022,-0.2805376908132238,6636381.245371746
9023,-1.3215387424149097,33030413.78251809
9024,1.8816827653708241,248584.53400664916
9025,-0.3334640244279513,7229909.988245121
9026,0.20354030905031126,3030867.527681021
9027,-1.2190191757966746,28565995.84260472
9028,0.6646515833771266,1457519.947156418
9029,1.1479864054374358,698480.880556041
9030,-0.4998236211786473,9453149.938003702
9031,-0.700525034746864,13013185.978811646
9032,-0.4232793126253774,8358185.288113934
9033,1.0847198874750437,767325.4768987583
9034,0.44941748213271887,2045373.1828419052
9035,1.2991976187922514,559630.0963082167
9036,-1.2226725462791637,28716243.039855123
9037,0.03425494924334248,3983749.7729354966
9038,0.03922994368460156,3951793.656943001
9039,-0.9000060749898707,17758349.963231623
9040,1.8184117299766018,270593.0755413131
9041,-0.5427986446349442,10127113.737850918
9042,-0.01790777807641601,4334991.860076947
9043,-0.229706538321468,6111676.1502053365
9044,-1.3410387037693152,33938903.021513864
9045,-0.012666825426178883,4298329.300588063
9046,2.005938166265399,210928.8075073674
9047,2.478202857487936,116108.39049933698
9048,2.4508946763744173,120050.86101282285
9049,0.8198611221851653,1146088.7827125604
9050,-1.9050173572883613,68669090.96523958
9051,-0.3405863828826138,7313660.744765139
9052,-0.864110127621187,16802787.724861868
9053,-0.37583821117865074,7742364.580516309
9054,-0.3945573446173628,7979887.60434478
9055,-1.1204783797216005,24751266.26003413
9056,-0.5787380644257838,10725768.756776575
9057,1.3967856868228423,486182.45482240414
9058,-0.951393707717786,19210921.29459743
9059,0.13827490828978956,3367115.433301892
9060,0.06475642387702205,3791874.394230136
9061,-0.10469930311421308,4990080.983005187
9062,-0.2363089695544785,6177438.085075917
9063,-0.050657934046432936,4571350.357094096
9064,1.454898428116429,447508.5970464034
9065,0.533759380789273,1789806.5149668136
9066,1.0500753088121724,808108.4888517675
9067,-1.205029223546732,27996576.42086237
9068,0.8863377005998067,1035147.020249497
9069,-1.483305851503441,41158225.07711928
9070,-1.758325081637784,58096489.60641263
9071,1.1948511575106058,651810.3756221362
9072,-1.2521827573752602,29953566.456662823
9073,0.9144173504407674,991789.8730434838
9074,-0.7101099224619314,13211389.998669498
9075,-1.1931562084425247,27520652.746281993
9076,-0.21206590825168298,5939356.103612617
9077,-0.08533870089526516,4835812.803248232
9078,-0.9588625997806839,19430592.377039324
9079,0.9653877986652274,917986.3986074236
9080,0.37230704229012146,2312439.4515308184
9081,0.49657342923514547,1898097.103494884
9082,1.9897107192581842,215464.90521182012
9083,0.9542011573902468,933663.5791590268
9084,-1.1646464968478918,26405056.58731265
9085,0.14670346649344138,3321626.703518542
9086,-0.9341511138008647,18712165.82300525
9087,-0.5040070855382973,9516818.907782942
9088,-1.5710038082468232,46134121.78878982
9089,1.6167983401466925,356501.3267157345
9090,0.4980012985777269,1893814.644653678
9091,-0.19540765954129521,5781063.590633366
9092,-1.9689580348810496,73579708.93202353
9093,-1.3014968456565312,32116663.380864758
9094,0.885643796294249,1036243.8446846028
9095,1.7759345993424585,286581.35925233667
9096,-0.8896152835769412,17476844.807974566
9097,0.9791304500444151,899113.6025711125
9098,-1.2553731519015783,30089877.461165015
9099,-1.7299006600864848,56166852.12510362
9100,2.2581480607383266,152543.79498509577
9101,0.6512366116564313,1488365.3705962973
9102,1.99494773402097,213989.20558484585
9103,0.771911097001527,1233960.838120591
9104,1.057812820176292,798800.9956711237
9105,0.6239432184067141,1553271.2153606697
9106,1.3432599682660875,525064.2061271184
9107,-0.06636756687375533,4689294.384847718
9108,-1.3229377860519071,33094953.824710395
9109,-1.1038996482324388,24153433.708519254
9110,1.512739924285511,412346.19765801827
9111,0.17253262046724147,3186104.603856188
9112,0.6166020619725482,1571234.3401275384
9113,0.2664521418782513,2739341.0643551336
9114,-1.0280748383221714,21573538.87936159
9115,-0.8471394064601601,16367370.004431972
9116,2.777466857582462,81202.43382872241
9117,0.5370317981757404,1780592.1973742615
9118,0.9824087361280115,894673.4747590631
9119,-0.37606264941695083,7745171.165649455
9120,1.3953213813049334,487203.1673570478
9121,-0.29770428691249096,6823439.077826555
9122,-1.1095758697225377,24356728.485462893
9123,-0.8376622337396631,16128684.943947734
9124,2.0588765863901437,196855.6054001554
9125,-0.9529711326600786,19257131.961052015
9126,-0.5492443511090658,10232083.013467215
9127,-0.7144913705892492,13302925.699662108
9128,-0.3477161094725406,7398449.94499124
9129,-0.4691650104213139,8998899.296082515
9130,-1.4993016822584637,42035777.46051804
9131,0.36014505369121846,2357766.404126577
9132,-1.4127421062308592,37446509.73169285
9133,0.6746411443045347,1434990.252863908
9134,1.0841921655006062,767929.7442164795
9135,-0.8465955625532255,16353587.025525477
9136,0.24661881008886993,2827992.2873419994
9137,0.9352904953843704,960823.3991848342
9138,-0.038695052129320055,4483543.553298779
9139,-0.7724192734924342,14569711.825671742
9140,-0.0956881066531041,4917673.474144651
9141,-0.4141047783651693,8235491.397308591
9142,-1.2422323337761703,29531626.82494242
9143,-0.15585038046961625,5421796.331025103
9144,-0.20982808324058252,5917843.7166049825
9145,-0.06609326838789945,4687208.976435086
9146,-0.11193991203887217,5049035.145795563
9147,0.06095066029960701,3815293.345636955
9148,0.010639572605645315,4139050.1325661973
9149,-0.7944445407354378,15079874.353499407
9150,0.22535947332997458,2926305.1861494174
9151,-0.6405291077364227,11834323.348571168
9152,-0.7170969756582976,13357640.36974817
9153,0.5960129943248926,1622792.5094365932
9154,2.117354647147817,182515.57178380113
9155,-0.5021213023352731,9488067.965299733
9156,3.0875539014868276,56887.58000403817
9157,-0.33365230872011337,7232111.848578814
9158,0.33989999720956754,2435274.6915428126
9159,-0.029791995559873545,4419300.967091684
9160,0.39983994194488465,2213140.239917559
9161,1.0725927092199636,781342.5018005595
9162,-0.12375524210023398,5146739.534018916
9163,-0.07035751863559166,4719734.512294217
9164,-0.17521288854392786,5594782.197764879
9165,-0.4599483586566412,8866506.365276137
9166,-0.5165844492997999,9710725.650430372
9167,1.8189450574288328,270398.73643849697
9168,0.030113230544207212,4010553.316023724
9169,-1.3304159431894942,33441609.36474584
9170,-1.8731276911198698,66286167.65574059
9171,0.11100825187225286,3518681.172753803
9172,0.3628396156100244,2347644.998506354
9173,-0.5284776836183448,9897566.068975328
9174,-1.6237984292935894,49323419.632038966
9175,1.07870640374474,774241.7805561573
9176,-0.5446704142050051,10157489.340296514
9177,-1.1642129243012154,26388384.776374247
9178,-1.0215492202942142,21363050.75125765
9179,0.6166184814762362,1571193.9194686397
9180,-1.0947789849122587,23829790.51551445
9181,-0.6623559814133996,12251106.570597935
9182,0.952608540605863,935918.8052374878
9183,-1.6149969435045486,48781662.98081774
9184,-0.9952985760635574,20534260.842345864
9185,0.5797022576898546,1664901.6244247705
9186,-0.6246069820514124,11538748.875366658
9187,-1.0076917480701795,20921979.493053097
9188,1.566803993812878,382214.63304158836
9189,-0.13817446849718182,5268543.784696957
9190,0.9054103205843702,1005481.4527409233
9191,-0.9021230056358504,17816197.0549973
9192,-2.170160751849776,90054276.29114358
9193,1.8224384066824313,269129.62444714195
9194,-0.41114447449554886,8196276.968018225
9195,-0.30997769105581513,6960350.320449456
9196,0.25191590114748114,2804029.6996642314
9197,0.20398361257607442,3028705.3518118225
9198,0.6303392116905518,1537797.4663540442
9199,-1.8440518811568893,64153485.883492835
9200,0.9377774410490939,957203.6424775209
9201,1.0223769439186048,842398.8015489607
9202,0.6216385864017734,1558886.984250182
9203,0.8710577406790574,1059589.71912076
9204,-1.3969884149454934,36653192.69684841
9205,-0.6290648143641493,11620793.704039387
9206,1.2204337630950222,627772.7593122402
9207,0.7302001989136457,1316238.7601223488
9208,-0.17461213208981785,5589333.189685465
9209,1.130643750342515,716660.82177379
9210,-0.6757054776439564,12512762.722864455
9211,0.7185313653480838,1340285.7428912697
9212,0.2692525698687153,2727056.5698435665
9213,1.0895764781442083,761788.5309094874
9214,-1.2384647482708802,29373125.354848266
9215,-0.7063949457734994,13134237.444451194
9216,-0.21647009719459812,5981920.915740975
9217,-0.6550963545751656,12110977.388754651
9218,-1.1301451150697286,25105580.882047016
9219,-0.11586270651148431,5081266.125892977
9220,-1.3391245151371003,33848869.4299559
9221,-0.03951238886226993,4489488.278587762
9222,-0.33877692598028797,7292293.947686647
9223,-0.19784601238437907,5803969.029704096
9224,0.26320699201376085,2753647.829281448
9225,-0.3905784183108786,7928812.836669589
9226,-0.7987521879351279,15181545.479083832
9227,-2.5754467715054243,126273715.21478616
9228,-0.12346077280314573,5144281.629522751
9229,0.43884098623455575,2080015.646322039
9230,-1.24779928645295,29767093.117812198
9231,1.498229983702875,420871.9186974301
9232,-1.027109000063429,21542272.150018852
9233,0.9540766143427836,933839.7277599114
9234,0.9119824258031821,995471.3713818819
9235,-1.4921243652215646,41640363.435020365
9236,0.07791367582149375,3712030.851660779
9237,-0.8089423056268659,15424558.45612316
9238,1.502325274439467,418446.1263084528
9239,-0.9184431649172293,18267846.495909784
9240,0.4722278859610836,1972694.9302302436
9241,1.3332564236982445,532701.8119185533
9242,0.6698085800381492,1445842.880090075
9243,-1.1609732797948318,26264090.35706169
9244,-0.5767542249325901,10691862.989384033
9245,-0.267672015577124,6499512.0901732845
9246,0.7355457913191162,1305376.010077694
9247,-0.9678849274647022,19698907.08205756
9248,1.1695327299653016,676588.1367069371
9249,-0.4226342477200695,8349500.947233701
9250,-0.23813770692985434,6195776.424622765
9251,-0.3154391309786189,7022138.337495775
9252,-2.2222163228805334,94529435.68070129
9253,0.1575858420645529,3263823.008535805
9254,0.10050553706203101,3578903.803318809
9255,-1.0791333046193265,23283201.726512726
9256,0.9417998145239205,951380.0263436475
9257,2.238049169917153,156464.25020644482
9258,0.549069823354256,1747122.468666398
9259,-0.29609902111305464,6805729.258049929
9260,2.2874874299285106,147016.71276372293
9261,0.6294382912410954,1539967.1703251686
9262,0.20612835430476656,3018266.9063727856
9263,2.055832911505672,197635.71666630864
9264,-0.13641827629193573,5253555.775974246
9265,0.9741483601975041,905906.8323663688
9266,-0.5503620710155938,10250390.6107959
9267,-0.7305703566369842,13643915.576279495
9268,-0.2560979510756838,6378767.106743526
9269,0.1048219279092882,3554027.3838405306
9270,-0.5480643670309562,10212789.435350522
9271,0.6316501751934295,1534646.010993548
9272,0.40416703007333926,2197942.314067395
9273,-0.7632374624666446,14361761.018156951
9274,0.7255873413166922,1325689.6824352571
9275,-0.17248816608588058,5570110.659031495
9276,-1.565790018213846,45827040.734257646
9277,-0.3956548225273193,7994031.466789346
9278,-1.9917839457655424,75373801.34145896
9279,0.7267404326204382,1323320.4699332176
9280,-0.2219167084045393,6034979.216994686
9281,0.20951215369960244,3001873.0672302363
9282,0.3396275774458354,2436335.4871690525
9283,-2.950906123965965,160378105.00038192
9284,-0.7002456273844994,13007449.93746605
9285,-0.2973404465354925,6819421.099705139
9286,-0.16836991584935213,5533026.774890161
9287,-0.5569283435909911,10358575.058326973
9288,0.1754630240050579,3171091.1246852432
9289,-2.7493783229111375,142207724.2229804
9290,-0.13338461795202516,5227765.744220888
9291,-1.6882765683559393,53413909.88717055
9292,0.3852696347041995,2265124.199909703
9293,-1.7797186154839026,59575011.05181245
9294,-0.7320678480417698,13676082.518399365
9295,0.09051861468710998,3637143.4797738795
9296,-0.6834294601976191,12666536.430180993
9297,-0.5075037964211205,9570351.880173601
9298,-0.1565080338261811,5427583.374467972
9299,0.19503823883333557,3072643.78668828
9300,1.4290460743211764,464279.61982801504
9301,0.2843889762068739,2661635.640199937
9302,0.1907240849436562,3094067.6799009563
9303,-0.5729361176024353,10626894.387246793
9304,0.07888951867984721,3706177.6085530357
9305,-0.05217642121929397,4582619.18526796
9306,-0.2610561361942634,6430218.984919379
9307,-0.6321866780324007,11678577.772111703
9308,-0.6784504751028105,12567210.634927625
9309,0.07839741089065166,3709128.1655662833
9310,0.3962485085224075,2225837.397850983
9311,0.24090338321426483,2854084.0345071782
9312,-0.007850120073240678,4264910.83671576
9313,-0.565413111620356,10499981.062034102
9314,-0.10912116777070849,5026001.9598542135
9315,-2.5908725751247386,127688286.57566729
9316,0.5155993017566244,1841858.1806634478
9317,1.2008869441427805,646050.2080498036
9318,-0.11652685301500094,5086743.339082003
9319,-0.39299882386506063,7959843.871557288
9320,0.4211050513308388,2139488.8971267827
9321,-0.055379472038474285,4606481.13841709
9322,0.17708367107024717,3162819.1449705604
9323,-0.8980710092723089,17705619.68320483
9324,1.263632109557467,589345.1446353821
9325,0.4075450045166368,2186153.475783587
9326,-0.17132333508007672,5559596.574332674
9327,-0.2970778308791383,6816522.418142975
9328,0.2922360817482891,2628359.780865688
9329,0.7954773591845037,1189909.2655859871
9330,0.831103384867807,1126467.9681885673
9331,0.3032739850937942,2582279.3677172116
9332,-1.229899529769016,29015353.871019173
9333,-0.7497551359135373,14061365.451033544
9334,-0.9718032332861292,19816446.657275297
9335,-0.6298737227796314,11635740.243430099
9336,0.6163330281483681,1571896.7895089537
9337,-0.2525610278858754,6342312.791897543
9338,1.6470276686398913,341884.29021952767
9339,-0.8760661009679885,17115792.94443802
9340,1.8235003558396767,268745.1381066761
9341,-0.5058273810166346,9544650.77621756
9342,0.540293571996885,1771457.3957266512
9343,-1.0339697107319967,21765225.23570496
9344,0.01735803061157941,4094253.833066134
9345,-0.6170988227369677,11401798.630286347
9346,-0.3424953235421993,7336268.776829116
9347,-0.2068397347020458,5889237.096870679
9348,-1.5866513741660377,47064252.129986025
9349,0.8654315685264033,1068744.6427453472
9350,0.09829877369393791,3591690.4230895294
9351,0.7088699815353583,1360548.5746649068
9352,-0.21812663304241817,5998008.937526514
9353,-1.3274554619851684,33304036.025902268
9354,1.6171383343168955,356333.13428641367
9355,0.15478243640285702,3278614.6489087488
9356,-1.2428496589738456,29557663.440856077
9357,-0.30622563226428057,6918211.406263695
9358,1.7583778550478664,293493.7699343732
9359,0.16679608849416616,3215706.0753158787
9360,0.27262901300976766,2712320.8451852584
9361,-0.723557312385621,13494203.09448931
9362,-0.6616062508800734,12236564.723931098
9363,0.12059331787757469,3464622.7524018297
9364,1.0095020798494925,858869.2362622179
9365,0.19383830558057843,3078587.2722721025
9366,-1.6738139180547635,52477879.496103995
9367,0.7790094912258663,1220512.1074752426
9368,0.3716045819088855,2315032.68500331
9369,0.6849593709389001,1412105.89648318
9370,-1.8829428254008527,67014764.44285798
9371,-0.7016958839390498,13037248.356648797
9372,0.829790331962635,1128740.9950186543
9373,0.04853510884951213,3892719.8240855606
9374,0.8052451504117304,1172144.6026343054
9375,1.0025199189338019,867946.1862591044
9376,0.3114901535849988,2548521.9037641594
9377,-1.1612384911906084,26274247.290817514
9378,-0.13630988911211406,5252632.1566322865
9379,-0.8480176362532983,16389649.756298685
9380,1.2509192999035408,600380.7566656456
9381,-0.6941596298799201,12883091.980634712
9382,-2.1189945214011376,85732824.36678702
9383,-2.775524170345214,144590750.28553495
9384,-1.5051512856736726,42360040.41772736
9385,0.44969422994978653,2044474.845648124
9386,-0.6852008743037701,12702051.044575172
9387,1.0024802144928473,867998.0974407534
9388,-0.04896617193600041,4558828.507128065
9389,1.5715383933848117,379693.9185785544
9390,0.4960486237215516,1899673.6452880888
9391,0.32536304694400286,2492555.6571144843
9392,-0.08504439940260757,4833505.081268373
9393,0.0744599263753046,3732822.5948538263
9394,1.0141943431187812,852826.7046254975
9395,1.0314085016213914,831048.4032086064
9396,0.5427992651204049,1764473.471697608
9397,1.576812443105319,376907.4575807243
9398,-1.0104220434114453,21008249.814441066
9399,0.693645654520804,1393140.598347141
9400,-0.1481251566164539,5354277.346922396
9401,0.401837768462304,2206109.7744487575
9402,-1.0852282051766098,23494844.953402042
9403,0.4100780448558963,2177356.5941833453
9404,-1.3840254577972557,36010022.155267626
9405,1.0451310826070166,814117.2110194576
9406,0.27160725243118033,2716771.398358883
9407,0.4269693300442095,2119630.627479905
9408,-0.39181505950430195,7944652.5582754295
9409,-0.441048649478106,8600883.252528746
9410,1.2809502644711264,574666.1817612934
9411,1.763954380664875,291278.3405291094
9412,-2.509747033631279,120258792.58241715
9413,-1.9838351541864379,74746658.77240273
9414,-0.8111015674124792,15476506.493362835
9415,-0.34545014491015813,7371398.473615554
9416,0.1426723616963187,3343303.553025993
9417,-1.2570263642688895,30160707.919202175
9418,-1.203598175645813,27938857.84735626
9419,1.107608438015982,741605.6935010704
9420,0.10112243050035413,3575337.651299204
9421,0.20036285012938754,3046411.7934507784
9422,0.6218065479710839,1558476.9841020582
9423,1.5552565148990483,388440.5775377033
9424,-1.8069201335355483,61486913.72141437
9425,0.8146237712219366,1155353.6358936655
9426,-0.7511177868656991,14091460.665977929
9427,-2.615792343366756,129974222.97766808
9428,-0.5439564637167901,10145892.897920467
9429,0.11218436133016575,3512002.0192808425
9430,0.06981593439939202,3760966.55554799
9431,0.48216550786661755,1941880.8960769319
9432,-0.5033176617231988,9506298.153586995
9433,-0.9484209938120973,19124102.175249785
9434,0.5150750989177755,1843384.0561360146
9435,1.1333324272087166,713809.0462138731
9436,1.2539288542658533,597748.049391963
9437,1.0043434911914193,865565.5755234013
9438,-0.4473118341079206,8688043.811789228
9439,2.57248509284741,103569.76707235158
9440,0.5126663684093196,1850412.5627224569
9441,0.48162786652006145,1943535.0335207293
9442,-0.5458531241402452,10176727.536094334
9443,-0.6176074651967839,11411027.667926503
9444,0.5120024943356897,1852354.6349730084
9445,-0.42726348947821996,8412017.78925296
9446,-1.9179255399511836,69646386.95071316
9447,-0.8161871867260796,15599489.039867735
9448,-1.6589757402426712,51528634.58155916
9449,-0.5811085594597367,10766416.861827105
9450,-1.0999939767567621,24014388.523625754
9451,0.4163682677094143,2155670.653269598
9452,-0.369166404950642,7659385.9917550925
9453,-1.4828644404644455,41134198.59323126
9454,0.44141782311696764,2071519.3843986169
9455,1.143850992277948,702770.0687364326
9456,-0.1689078209016777,5537856.476864436
9457,0.9566555860914452,930199.4121201915
9458,1.1027281410301932,747010.35909877
9459,0.2703669065668803,2722184.1872341675
9460,-0.08086407120005049,4800844.843610687
9461,-0.11904039057250303,5107526.061642219
9462,0.04034630635732285,3944658.6689054407
9463,1.4950901136496775,422742.26280897163
9464,-1.336261445237556,33714552.494817294
9465,-1.269691411353031,30707787.500538856
9466,-0.23396502576689707,6154011.91835254
9467,1.2699422312042068,583949.8185901793
9468,0.015657238594168003,4105547.4920611586
9469,-0.48434652821808843,9221142.700543603
9470,0.25597915626990897,2785790.5215052916
9471,-0.42795519242191205,8421397.988654232
9472,0.02053831135107623,4073220.3804994067
9473,-0.2380076614933081,6194470.567211022
9474,0.04696341453450938,3902634.444373996
9475,-0.62841907305388,11608875.071116513
9476,-1.3887058779155421,36241247.00137549
9477,1.834655017346666,264743.19188859
9478,-0.5448588483112006,10160552.119117886
9479,-1.1133409568584383,24492373.31477187
9480,-0.4295105253581765,8442526.960479874
9481,-0.002147778780763464,4225687.11230893
9482,-0.4499932024608463,8725619.376830773
9483,-0.4891973311636725,9293262.026844906
9484,-0.18819472657957437,5713831.611866888
9485,-2.782010152416437,145181013.93062463
9486,-0.27524694831197993,6579755.7364214305
9487,-0.6678580739671337,12358322.670493409
9488,-0.34648121628721074,7383695.550311369
9489,-0.816465660074749,15606248.86900958
9490,1.8658843668607625,253887.11266407702
9491,1.298777967667813,559971.0292742664
9492,0.46129685138766857,2007180.5287282513
9493,0.3042795938378072,2578122.939075703
9494,0.8810832472460461,1043483.5463076661
9495,-1.8489043771214402,64506716.74974813
9496,-0.17501886707755035,5593021.79719797
9497,0.5793595895496947,1665798.5255824958
9498,-0.0957262148849172,4917977.454583037
9499,0.6906559279411822,1399637.6157761684
9500,0.16940609566209572,3202203.2179295593
9501,0.37932381583115976,2286701.078346036
9502,0.7993784254606733,1182780.2208388918
9503,1.6336585569669877,348265.4123595051
9504,-0.5570537567571644,10360651.898261633
9505,-0.39570760570873625,7994712.33048825
9506,0.11346614089381828,3504737.492139095
9507,-1.0828055310761748,23410522.687833473
9508,-0.48429945505817823,9220445.487273678
9509,-1.2587572851725604,30235011.43597219
9510,0.08780409638614238,3653139.7075121338
9511,0.925194026710214,975670.4813625985
9512,0.5959521026039999,1622947.609451569
9513,-0.09985331123314378,4951010.158857961
9514,-1.5555318916131124,45227007.451303974
9515,-1.1715316913887366,26670982.867177796
9516,-1.6639635957905399,51846466.66507235
9517,-0.20659777843555974,5886926.937015439
9518,-0.5187509742481918,9744507.635050628
9519,2.10415478122598,185647.4826882513
9520,-0.49811958151131863,9427333.316928126
9521,-0.4347220664445689,8513700.310444325
9522,0.22286410029095075,2938073.357808824
9523,-0.412603578452545,8215582.635508559
9524,-0.042939409286007674,4514500.615494094
9525,-0.04705179186662535,4544700.581558603
9526,-0.3138907866064932,7004566.601867596
9527,-0.03669120409755308,4469002.550136661
9528,-1.5328252396608066,43918401.85692303
9529,-1.8142085069116736,62005198.38612834
9530,2.43964941585761,121717.69424178
9531,-1.4611510750112857,39964895.78825817
9532,-1.1029687236661396,24120230.16992155
9533,-1.1712392263459497,26659641.969257392
9534,-1.4181967464713832,37724186.79704601
9535,1.2762070450502903,578646.4871178179
9536,0.743822457240664,1288744.4885323064
9537,-1.1716870878919325,26677010.29556132
9538,-0.4671264001806265,8969452.233737633
9539,-0.14989731175826992,5369691.517520464
9540,-2.1486999888459484,88231902.71729882
9541,-0.14110988079649092,5293691.194156598
9542,0.204401901992397,3026666.632860772
9543,-0.33791051743476824,7282084.715221979
9544,-1.1923661552714993,27489221.54151947
9545,-1.1645904253626307,26402900.023232706
9546,0.4878736346991572,1924409.5266531275
9547,-1.0238752554353343,21437873.21935171
9548,-0.3449042455422625,7364895.924873751
9549,0.5590527487555059,1719868.0398889142
9550,0.05405128094042468,3858124.461811674
9551,1.5308174736519842,401989.2299404439
9552,-0.3676618337330886,7640793.683794257
9553,-1.0227287926151403,21400966.123853646
9554,0.2781633884074684,2688344.809769882
9555,-0.8498699860632346,16436731.987355871
9556,-0.3628913489868033,7582134.830712901
9557,0.45459284018109086,2028641.7208857806
9558,0.12515127561339068,3439214.674499358
9559,-0.4586276055767962,8847689.13607909
9560,0.7141994884515958,1349331.116526678
9561,0.8302479950967804,1127948.1785383811
9562,0.38622631028158816,2261672.3232240793
9563,-0.6606870280947428,12218757.489184294
9564,0.5203006662211674,1828232.2744385973
9565,1.3006264322870928,558470.998508271
9566,-0.4285914483461516,8430035.227080155
9567,-0.23931503996556677,6207611.082506238
9568,0.4059610906552281,2191672.978691152
9569,-0.9381484043996515,18826756.633962803
9570,1.8097427136448576,273773.84179607383
9571,-0.2293283775914369,6107930.6464690985
9572,-1.8190343432698397,62349754.13799452
9573,-0.7794530365317355,14730883.205182353
9574,-0.8023290287024682,15266444.042611787
9575,-0.3485761782774978,7408743.019350627
9576,1.7276716731221602,306032.4876875637
9577,1.8786504828642328,249592.65769255738
9578,-0.37572772062180637,7740983.268104832
9579,-0.38137282840840064,7811864.9318206
9580,2.0528634841939706,198400.1257558689
9581,1.9041827547094747,241244.14299782392
9582,-0.993799818798513,20487800.705692597
9583,0.14499291901704642,3330807.385679687
9584,-1.0812144079626236,23355283.543972112
9585,0.9552656578440498,932159.4493823671
9586,2.047477824763183,199794.9743005258
9587,-0.41591683062378915,8259585.091392643
9588,-0.7216176815208507,13453066.34403314
9589,-0.6850285568172917,12698592.214881686
9590,0.1725610193904393,3185958.757240129
9591,-0.4781247350349249,9129428.919274138
9592,0.6893175254102907,1402556.5123452707
9593,0.011806997512660646,4131230.683102637
9594,-0.40550971662104973,8122135.596752126
9595,-0.41358862553974984,8228640.948592635
9596,0.33161453204954267,2467753.279651741
9597,-0.30417674151906127,6895306.569863347
9598,1.3757511757799195,501072.6905240522
9599,-0.5823834415784732,10788338.411031269
9600,-1.7139312199463514,55100364.70257855
9601,0.595738491539137,1623491.8312183253
9602,-0.0088566621995906,4271872.489205796
9603,-1.0057064037765848,20859441.784272898
9604,-0.19595357317630424,5786183.981572069
9605,-0.6562007597200306,12132197.716126263
9606,-0.2282466004044272,6097228.712014643
9607,-1.1782250463281456,26931626.11426715
9608,0.5634960492070307,1707881.4307542872
9609,-0.6821636770174287,12641215.960217314
9610,0.17769603278554355,3159699.337183626
9611,0.1190343451222121,3473357.07550432
9612,0.46357198959286905,1999951.2741617255
9613,-0.07372840269434726,4745606.454834536
9614,0.3805030231060475,2282404.910925907
9615,-0.6274486574001833,11590985.513278317
9616,0.9344120686277994,962105.4621048636
9617,-1.2397491688550297,29427083.050901446
9618,0.2726616614846505,2712178.760081534
9619,1.4669469273667495,439920.7919201791
9620,-1.0436906281992253,22084544.14962185
9621,-0.5115886595052002,9633255.331161669
9622,0.995325782851988,877406.9132243746
9623,1.0498930358957068,808329.1531055913
9624,0.02867718351075931,4019889.468009917
9625,-0.5468147668017349,10192395.451711012
9626,1.5895264389742234,370282.54247707466
9627,0.49730556899103073,1895900.0080409339
9628,-0.795322768001758,15100551.9542579
9629,-0.4693166541654363,9001093.464667972
9630,-2.2109704668096395,93556377.73757604
9631,0.3503828917409298,2394816.2655766644
9632,-1.3109777940766996,32546403.218307555
9633,-0.791177404447919,15003178.107274067
9634,0.9009224007888962,1012379.05138297
9635,0.2625710992363743,2756460.283320955
9636,0.4713945140907315,1975302.138750321
9637,1.054724039641108,802502.5468278071
9638,-0.454712069564217,8792129.643291324
9639,1.2527553654244337,598773.0979200421
9640,-1.3426965724688267,34017031.05865199
9641,0.5923253158925347,1632213.7839614314
9642,-0.8108818585248482,15471213.394515378
9643,0.213606930806556,2982156.9645618196
9644,-0.4193595993679949,8305550.117641354
9645,-0.7810290720174626,14767220.358061317
9646,-0.3133841749695603,6998826.591707341
9647,0.5656721697583492,1702043.0262093712
9648,-0.13021302883253233,5200938.492971023
9649,-0.34746586204640845,7395457.680673462
9650,1.1651700112873962,680960.1195483397
9651,0.8498525427696583,1094539.1890041018
9652,-1.5979231251889845,47742183.45573127
9653,-0.7208061570868001,13435889.665588392
9654,1.5633838855553568,384047.0703815932
9655,2.0315200368270694,203992.62450656266
9656,-0.26857915262118776,6509070.5295091
9657,0.5335653649459908,1790354.3849022782
9658,0.5268460070586493,1809437.7980656815
9659,-0.7680803523017451,14471100.37526573
9660,0.6536072792348933,1482864.617295713
9661,-1.2240723687646717,28773982.06218701
9662,0.8487011365034348,1096471.8348723156
9663,1.0321228598143293,830157.7014198399
9664,0.9410384741782322,952479.3731388082
9665,2.413240023467569,125735.02623804388
9666,0.5135291962454053,1847891.667837686
9667,-0.7159876169912924,13334319.609628366
9668,0.11044004997812067,3521912.646060129
9669,-0.28503304385884237,6684871.304347528
9670,-0.33296005114227384,7224019.587786723
9671,-1.2642857256557687,30473317.654661927
9672,-0.460459050216126,8873792.726118824
9673,0.1610229597518877,3245780.8873812845
9674,-0.8141279553349461,15549584.842577735
9675,1.087942615002806,763646.4405649655
9676,-0.4384982920439832,8565634.718609424
9677,-0.4055497382887124,8122659.889801019
9678,0.8000920074160929,1181481.1105200301
9679,-0.46657535598633404,8961508.559384506
9680,0.5496715982062051,1745466.7743357173
9681,0.02379514839699997,4051794.049595109
9682,-0.11489295364426103,5073279.186766698
9683,-0.46865030989967776,8991455.822665306
9684,0.8615731089432028,1075072.0340138096
9685,-1.1916772337015074,27461837.863935
9686,-0.40228622452339724,8080015.02871376
9687,-0.9142836158555439,18151773.481284093
9688,-0.10150905740628612,4964324.9932236215
9689,1.3602020927747043,512400.9283131599
9690,0.878071434771501,1048294.3656133936
9691,0.32157047956029366,2507728.1341300975
9692,0.7738197456515343,1230329.2466083297
9693,-0.44817537356411113,8700127.966838209
9694,2.6594114069884727,93338.13866978169
9695,0.8232408357573167,1140152.192683249
9696,-0.5425579258673429,10123213.589704752
9697,-0.24219789818972068,6236684.420174185
9698,-0.18931784784826688,5724248.901827241
9699,-0.3622676026914116,7574497.724732306
9700,1.1382719459082262,708601.9020142634
9701,0.49765707171019696,1894846.1217036839
9702,-0.035406809189485716,4459707.305767289
9703,-0.22518245197328904,6067016.129254252
9704,-0.46372010924582724,8920456.8895931
9705,-0.03407297876795354,4450074.9311447255
9706,0.24328784288256197,2843168.6199259786
9707,-1.7918683670095379,60424582.02394408
9708,-0.7144790244994551,13302666.942818444
9709,-0.900554797907447,17773328.159337793
9710,2.500027504021915,113061.5955491007
9711,-1.7965733858918949,60755490.05951792
9712,-1.1283041375314595,25037776.337879363
9713,-1.4614485058631723,39980746.50797201
9714,-0.4919427659485321,9334320.052336883
9715,0.08628819048327331,3662103.860945077
9716,0.08840302307140285,3649604.1775239753
9717,-0.8152983581773141,15577930.940255396
9718,1.0916649449665998,759420.7969074845
9719,0.598399301985775,1616726.5209494284
9720,-0.07241419646856671,4735502.847036979
9721,-1.5396544288643914,44309135.741978504
9722,-0.7951726305738663,15097015.174014844
9723,0.28158349671765004,2673637.6943823807
9724,-0.8054100003366685,15339920.649580622
9725,-1.8344778375980577,63459756.85025849
9726,-0.769001601310043,14491986.26052693
9727,1.539677796500723,397017.9180385327
9728,-0.467464948037952,8974335.999759424
9729,2.0558155735584167,197640.17035730794
9730,1.0613586750058395,794574.418924176
9731,0.19717756506446973,3062076.520186105
9732,1.8316483599582951,265815.3259587397
9733,1.106968285168579,742312.2093871061
9734,-1.5857934580569877,47012924.479961485
9735,0.26789581977423715,2733001.042844262
9736,0.2478008383386555,2822626.8902788134
9737,1.172518228171075,673613.8700415719
9738,-1.5863778205837853,47047881.72126022
9739,-0.2719452710646209,6544660.523392585
9740,1.022410482265927,842356.3442713311
9741,0.8527152275830676,1089749.9092700046
9742,0.32736395117151784,2484589.217888379
9743,-0.7549340499543988,14176062.672668785
9744,1.0432718933164193,816389.1502022007
9745,0.0453160626842744,3913053.8493534974
9746,0.25870880833810533,2773606.3460223544
9747,-0.034814181612405966,4455424.999938261
9748,2.126348535193163,180415.43418281697
9749,0.786211027109401,1207027.3238520368
9750,2.158971929204213,173021.2091975799
9751,1.1954824715963421,651205.2830353883
9752,-1.2692027701157242,30686533.602901112
9753,0.5724441794512755,1684008.0474950979
9754,1.2069644852468184,640306.0816460337
9755,0.7379587040175656,1300503.9694169883
9756,0.6837467120460051,1414775.2470234288
9757,1.4082547274081592,478268.4512594657
9758,-1.435996824362762,38641072.147363424
9759,-1.0828351131924958,23411550.74742517
9760,0.6454732689305929,1501828.4295902285
9761,3.0203061969927014,61381.50894931734
9762,-2.2715785515625044,98838086.66983369
9763,-0.707952059127017,13166524.346238421
9764,-0.31723974692777296,7042627.504736134
9765,1.1104013859610238,738531.7155175246
9766,-1.173823528929547,26759991.935675472
9767,-2.1546659840940685,88737124.98504904
9768,-1.0655492569002678,22817357.675967112
9769,-0.509871992523441,9606771.91485928
9770,-0.9493713608424145,19151820.136054337
9771,0.3231020268019937,2501589.573139193
9772,-0.534041806614378,9986154.75600475
9773,-1.0652125367783238,22805912.557735402
9774,-0.34330712860241197,7345903.9092659475
9775,-1.1366024964712476,25344632.565895777
9776,0.09919115620860523,3586514.104519761
9777,1.056040395994586,800922.7832965978
9778,-1.1315926159226797,25159001.787785478
9779,0.14998500554302135,3304086.7412692215
9780,-0.41037055957152824,8186055.061933011
9781,-0.31658238838887404,7035140.639700478
9782,0.002498869585823841,4193994.8690714836
9783,-1.2867188913001475,31455792.90368391
9784,0.4406646009496451,2073999.1314922045
9785,0.16697247405702054,3214791.710528243
9786,-0.15350117160385432,5401174.632045024
9787,-1.499368268751503,42039458.48603675
9788,1.2344467947081552,615016.3026616755
9789,1.2740421124615877,580473.1948316513
9790,1.3180631128668696,544535.1534247582
9791,-0.13431656241325177,5235674.980319448
9792,0.2920446102978354,2629166.5832023914
9793,0.18083190606665162,3143772.335800433
9794,-0.5012595748939243,9474957.731010908
9795,-0.19123345542288991,5742060.361058312
9796,-0.293972580850291,6782339.328693072
9797,0.9544820290089572,933266.4568720732
9798,-1.2281771384675013,28943838.387907982
9799,0.5270404400481807,1808882.6073682713
9800,-0.25030332774932235,6319150.955948528
9801,-1.5072040688287247,42474257.89856085
9802,0.8382632615007123,1114159.1954302993
9803,-0.08792698637537268,4856156.179839347
9804,-2.429422404091528,112946801.87499256
9805,-0.5347618467183586,9997674.098677311
9806,0.18631841714693,3116104.2564955465
9807,0.22966350233529695,2906121.2118847016
9808,0.602434002712925,1606524.6107052893
9809,0.6426408499388029,1508492.01382785
9810,-0.9207386970760248,18332186.765915867
9811,-0.30780055708177917,6935868.559463755
9812,0.367951598173655,2328566.9882765543
9813,0.33156804340325036,2467936.773777335
9814,1.4305576955971961,463280.22332630947
9815,0.5436213105363351,1762188.552400556
9816,0.4026012772957658,2203429.086807697
9817,-1.1560399099409266,26075750.105614092
9818,0.4027483945321975,2202912.9463758813
9819,-0.8241034023994128,15792695.962942867
9820,0.6901763216808855,1400682.8393747325
9821,-1.6934485989113006,53751225.9609014
9822,0.7905556482340413,1198968.893019001
9823,0.3585473692315442,2363789.064408893
9824,-1.3771187236361795,35670870.587643646
9825,0.17091998123584787,3194397.7719678
9826,-0.38026869593071927,7797951.487345138
9827,-0.8228844135241814,15762803.457790565
9828,-1.4114631994087417,37381628.13093238
9829,-1.4468445564330223,39207923.60622813
9830,-0.3725133277553463,7700903.226952935
9831,0.19406069171403215,3077484.8635445843
9832,1.1694233026732452,676697.4229377914
9833,-0.1813250042063162,5650522.255675244
9834,1.109434873328013,739593.9157454832
9835,1.8115041703600825,273124.1938813332
9836,-0.6123112587763404,11315275.9472515
9837,0.6730819628118488,1438482.2996911448
9838,-0.28466761316149186,6680916.502934254
9839,-1.3547657764123266,34590014.84524082
9840,-0.2602038776826368,6421345.864932387
9841,-0.1499305437052405,5369980.991238135
9842,-0.8742786443919207,17068666.092449408
9843,-1.871811237892091,66188774.73202699
9844,0.819288263282762,1147098.2956064506
9845,0.4604032782493687,2010027.3221565306
9846,-0.1645595275645976,5498934.370870575
9847,0.3643639867127544,2341939.0930714766
9848,-0.6975494011814014,12952219.24728987
9849,-0.7397261346823923,13841688.03038547
9850,-0.23793332452595958,6193724.2314670235
9851,0.906966976666226,1003100.7695407307
9852,0.5577588116943233,1723375.273575718
9853,0.4290053655373399,2112781.0003945925
9854,0.05661238853273668,3842168.467154918
9855,1.3399806017326457,527554.6892526688
9856,0.09623351444201671,3603699.3053109655
9857,0.030290828381014597,4009400.2302140994
9858,-1.7861018186954556,60020467.88459457
9859,0.261836020329678,2759715.1140238014
9860,-0.14087269316140244,5291654.781716718
9861,1.092813414808513,758122.1494992278
9862,-0.10728319417668182,5011039.826768552
9863,0.02713328616704264,4029951.3644159078
9864,2.1083236944520753,184651.89022802052
9865,2.0629946928240397,195805.57870014693
9866,-0.5240238023327255,9827196.610434562
9867,-0.3888179571705398,7906316.747147658
9868,-0.0854468732457901,4836661.298942051
9869,-0.33770196137943337,7279629.309762646
9870,1.7983851480348791,278004.1080018878
9871,-0.9191784739484208,18288434.142472945
9872,1.4907213804291701,425359.84501356585
9873,1.0466376861164763,812281.1403793744
9874,-1.1534991407293043,25979191.880028345
9875,-1.7266395156609842,55948027.39363989
9876,0.023409268421628347,4054326.730960907
9877,-0.7940914016889197,15071567.111799216
9878,-0.44832055278552047,8702161.16468867
9879,-0.29064317974232146,6745876.254065227
9880,0.4286360014219383,2114021.8986459086
9881,0.6882121700579297,1404972.0228232595
9882,-0.5843481257362594,10822204.11581338
9883,-0.562529549016273,10451718.928748257
9884,0.17571974138648414,3169779.3312196294
9885,1.2839139853959765,572194.3275284425
9886,1.061600612081666,794286.9173768179
9887,-1.7566255708943121,57979994.79476546
9888,0.1738993832612882,3179093.1570897587
9889,1.714949876995681,311400.45362328895
9890,-0.2889848911263671,6727787.044355043
9891,1.4669530505515256,439916.97184851585
9892,-0.3210363232794682,7086021.277747419
9893,-0.7623201991883164,14341137.617143787
9894,0.05430094277161451,3856566.0833034776
9895,0.46398041471820844,1998656.3861650224
9896,-0.3942530952230134,7975970.874245066
9897,-0.28489158215757965,6683340.089428123
9898,-1.541794124610958,44432061.533741646
9899,-0.1275883797649233,5178841.768061863
9900,-0.5825135876783317,10790578.651984168
9901,0.07838600900501745,3709196.5567902513
9902,-1.0959936496189928,23872678.599529766
9903,1.1693341488138727,676786.476041754
9904,-0.9811557686237872,20099496.580439486
9905,-0.06345438948369882,4667193.980211972
9906,1.2432234551221977,607170.6028347665
9907,-0.2773517694698599,6602225.804484437
9908,-1.2771276479931704,31032689.4057857
9909,0.3233198379685266,2500717.8336312156
9910,-0.45757431916459684,8832710.259501785
9911,0.10807041102581476,3535421.910155402
9912,-0.9599227255756314,19461951.359276444
9913,2.560380311332619,105091.50609230286
9914,-1.1886724326307376,27342663.93612368
9915,1.1547423330359445,691534.7105360082
9916,0.743753660656634,1288881.799953659
9917,-0.7315106934116345,13664106.326707914
9918,-0.02591791045063828,4391637.111707713
9919,-1.8666211617811796,65805570.317142285
9920,-0.19263428161572202,5755120.2354076365
9921,-0.48029887405823507,9161376.969400346
9922,0.3298089565176362,2474890.4179828367
9923,0.8181532046792,1149101.3410641435
9924,0.34677892833245805,2408646.4374076687
9925,0.2959333454445206,2612830.7115377104
9926,-1.327124791028781,33288697.29105861
9927,-0.5611377451903956,10428500.022376444
9928,0.3580170320342055,2365791.761534693
9929,-0.09611527466544986,4921081.972336933
9930,0.8359371696921029,1118142.226209396
9931,-1.7355201153307926,56545163.67922092
9932,0.8561150428052128,1084091.0932767706
9933,-0.30672377797880773,6923791.545250932
9934,-0.10138671018736696,4963339.899231483
9935,-2.80564480303958,147328568.5145862
9936,0.17841389138097308,3156046.069584674
9937,-0.7444817356578324,13945457.048358398
9938,-0.896018819080925,17649851.06800903
9939,-0.718213278450758,13381145.363698455
9940,0.7661287678542453,1245032.6966707571
9941,-1.3223889522523944,33069623.501208298
9942,0.5730221957446904,1682478.0346300323
9943,-0.33256894579563406,7219451.622313486
9944,-1.8146834258399742,62039057.85511506
9945,-0.9105123169904663,18047104.025718566
9946,0.23806957357259712,2867112.59103216
9947,1.6165430492835529,356627.6747527
9948,-1.7329579991675246,56372482.670083456
9949,0.3597493143331756,2359256.704678454
9950,-1.1532236711473487,25968741.01389657
9951,-0.2862756492383607,6698336.4251116635
9952,-1.2930794757501431,31738902.844779
9953,0.17705729627666464,3162953.5879131295
9954,-1.0112711611086576,21035142.856588174
9955,-0.6865520479329165,12729202.906266699
9956,-0.3163333013092418,7032305.750944822
9957,-1.711324948907031,54927522.77674952
9958,-0.38164777628637053,7815333.381111393
9959,0.7250667798571562,1326760.7350044865
9960,0.22753299175408126,2916094.391686738
9961,-0.6211852013037125,11476143.406135656
9962,-0.09258386941474787,4892974.917772163
9963,-0.2627158554626995,6447533.60286293
9964,0.4929561117863571,1908991.5930411424
9965,3.3456724799599566,42708.92935923457
9966,-0.1858103329563536,5691778.13667182
9967,1.22851308347462,620383.1420512595
9968,-0.16053064161649805,5463114.848651077
9969,-1.7767644701010437,59369521.61078652
9970,0.6219620946680875,1558097.3905779056
9971,-0.5066943680465605,9557934.2582832
9972,-0.13426239443119595,5235214.939540224
9973,0.25262337931968765,2800845.137790471
9974,0.7450099675919967,1286376.779522377
9975,-0.15342246766118978,5400485.114425328
9976,-1.188201705635423,27324033.051114522
9977,-1.6926648427031095,53700022.79784058
9978,1.208673332619108,638701.0050330948
9979,1.7073768533050568,314645.39524087904
9980,0.7029541095599227,1373116.1226512087
9981,-0.3671114576470365,7634003.587185104
9982,0.474824240977896,1964595.2632614737
9983,-1.5980260713045318,47748405.56097622
9984,-0.12141265819268732,5127218.706704231
9985,-0.09814837473287019,4937337.187006547
9986,1.603719760743496,363038.2589840429
9987,0.6484703218408844,1494811.382089786
9988,1.4254357917114209,466676.1194976782
9989,-0.5431319970311689,10132517.115401627
9990,-0.40944542054809274,8173852.039187146
9991,-0.5976315855714869,11053835.390703432
9992,-1.5875417360106439,47117561.52575199
9993,-0.868175557465725,16908635.979323484
9994,0.4961306001778063,1899427.2936064093
9995,0.5445305938895284,1759664.7699318584
9996,0.057058184321593895,3839397.965838243
9997,-1.0843303897756484,23463565.916603196
9998,0.6226551248737585,1556407.3167147958
9999,-1.8021944828040142,61152217.57725557
10000,0.11860586476565421,3475761.6213446944
