simulation_id,systematic_factor_F,analytical_conditional_loss
1,0.0806322677048254,3695747.7102704644
2,-2.2634538648031914,98124901.15826777
3,0.976211886082868,903086.4764568334
4,-0.7170260970266382,13356149.237681586
5,1.3149636110595895,546984.3249081359
6,-0.8986751574598244,17722067.563457847
7,-0.17489946346321877,5591938.695573237
8,0.9474571833482641,943253.5658977717
9,0.7207248913837458,1335730.0098126433
10,1.7104268761308439,313334.0152459867
11,1.5077995268318876,415227.52762578265
12,0.8763429964561639,1051065.94777778
13,1.1016462527842972,748214.2574063955
14,-2.558768864132302,124745038.75350082
15,0.7683083013309643,1240847.0172277929
16,0.6471939907675919,1497795.4312067085
17,0.6630020791099928,1461275.9718912072
18,0.10386707845230797,3559515.1867968156
19,-1.6034217380776101,48075293.52532044
20,2.088450397011493,189452.114925212
21,-0.3048634397986977,6902974.943922466
22,1.3761247483507832,500803.9218207806
23,1.0440956738464329,815381.6426430315
24,-0.8907207047845009,17506601.231552973
25,-1.3349989520105923,33655456.48906433
26,-0.6614699830378762,12233923.399338724
27,-0.034621248284700076,4454031.765591219
28,-0.06687767112723744,4693175.035206801
29,-0.5165863164532002,9710754.715999775
30,1.647799821357935,341519.708791962
31,1.6074892096920868,361140.73363704263
32,0.6961523729241685,1387717.8424583357
33,1.450579488689576,450263.4678864635
34,-0.22225163651186092,6038257.122291387
35,1.0181459455043491,847773.5125187708
36,2.317642988266094,141568.3057023957
37,0.3220757049368607,2505701.42916128
38,0.30243948805927307,2585733.8108890923
39,0.3163644107955128,2528711.331285501
40,0.12012042171764191,3467269.8354888447
41,1.0432248649530014,816446.7077957669
42,-0.36081376745290833,7556726.2428488415
43,-0.8872160890871948,17412417.922818992
44,-0.22298796854341396,6045469.734332022
45,-0.01821627735984478,4337159.753903029
46,-0.07308785539955952,4740679.22749904
47,0.663196390251994,1460832.98170191
48,0.8011919394490286,1179481.6096512554
49,0.1393634360222399,3361205.0365910176
50,-0.45301326002646447,8768129.424557647
51,-0.17033894198174454,5550726.594139908
52,1.418833265889016,471094.0635857665
53,1.2110714779807583,636455.8655164549
54,0.5982733080224937,1617046.1991315288
55,-0.1397677359702343,5282178.309355353
56,1.2082972644078254,639053.8602848952
57,0.173812633194123,3179537.7116431836
58,-1.123174227518455,24849650.761913598
59,0.43857863586320917,2080882.6964782753
60,-0.20295818855413364,5852285.139374461
61,0.4225205217309523,2134677.9859320982
62,1.0264544620240887,837253.8160643977
63,1.5244689578955488,405593.40169386193
64,-1.1752118849923967,26814031.802955832
65,1.143033373224356,703621.4689767155
66,-2.4107737209035354,111259102.2096043
67,-0.07688805204479146,4769986.585115637
68,1.4656722075656112,440716.8460216448
69,-0.48072585947957663,9167663.982900498
70,-0.6228757136157809,11507033.111529974
71,0.4403688986682539,2074973.4848407963
72,0.6224623220006903,1556877.305506859
73,0.8028932994588972,1176395.9108408217
74,-0.2983707695196623,6830805.252617237
75,0.7027361271170768,1373581.5445601759
76,-1.9544549792166528,72450794.87922552
77,1.9473981845104005,227812.87220292643
78,-0.045984093996072166,4536840.252916186
79,0.9926749611903845,880920.8571231691
80,-0.49000718550575023,9305355.307314107
81,-0.008662311868156204,4270527.3895150805
82,1.1972496782098385,649514.722207646
83,0.5599116965907365,1717543.9945489564
84,1.0316999374140865,830684.9002907024
85,-0.47189725490694706,9038512.003744872
86,0.8408463507725158,1109753.8540610357
87,1.493104479407536,423929.7770468478
88,-0.5979838217402774,11060041.061898595
89,-0.9636680061606289,19573096.272178
90,-0.4397598618568842,8583053.374407608
91,0.9001928699606588,1013505.0699957246
92,-0.6078575864015928,11235345.238897813
93,-0.20041274313251534,5828177.906589113
94,-0.7384142281414248,13813187.732668579
95,-1.5002023105840572,42085585.545967944
96,1.7455151314436097,298675.48694504064
97,0.7706527158087106,1236361.403307345
98,0.535416365142752,1785134.6175010286
99,-0.7173372092804083,13362695.51291502
100,-0.3270519923580693,7155316.700024309
101,-0.6973742927558172,12948639.821288375
102,-0.9123532714853676,18098130.765114103
103,1.474416873254207,435287.5187311516
104,0.235644313299227,2878311.4477452333
105,-1.0789113007010789,23275523.551155273
106,1.0624070818318858,793329.3751501563
107,-0.07699029812459356,4770777.624158863
108,-2.502987022508241,119641261.74368964
109,-2.1383028480927426,87354048.36536041
110,0.7954619516949866,1189937.5127904208
111,1.0734896955059177,780296.308719181
112,0.736234031770818,1303984.373870958
113,-1.0848697902211308,23482353.854224566
114,0.9038410076373631,1007887.6249883999
115,-1.2088869229341732,28152656.525770124
116,-0.35645744630925635,7503718.905221457
117,0.6870919008161164,1407424.62111553
118,2.6047871654682124,99628.10791492846
119,0.995406447293397,877300.220932819
120,-0.656855920031059,12144802.63175114
121,-0.6462724921486912,11942681.517207034
122,0.6753408726969798,1433426.0125045863
123,-0.24021805359393,6216703.422685105
124,1.4673656091828864,439659.6728523641
125,-0.7899526833627597,14974519.927688424
126,-0.47284884191099524,9052347.783508232
127,0.5179625787558273,1834995.4627941179
128,0.13633629129019958,3377667.895724874
129,-0.19374096082417708,5765458.67036975
130,0.6880920550081953,1405234.7731177818
131,-0.3268381852928215,7152842.463293111
132,2.0197034587761595,207164.3869030949
133,-0.007427198101899087,4261989.159725324
134,-0.6272057729365128,11586512.022918694
135,0.4019636300968797,2205667.6393245044
136,0.08523044973289033,3668371.9662399916
137,-0.29923245254812564,6840340.445494614
138,0.2594437608619322,2770335.182170763
139,-0.9451914984864646,19030177.4191284
140,-0.44274740658361705,8624439.701673174
141,1.630640626731163,349724.02998186386
142,-0.05750975381069398,4622420.455002782
143,-1.1208111304439055,24763392.13960521
144,1.3065809140808744,553668.694361191
145,0.3345512700588434,2456190.3645608127
146,1.322642924839996,540938.179669003
147,1.8848526438016948,247535.50700439847
148,-1.0059358664314497,20866661.44290431
149,0.43974364594449433,2077035.296017589
150,-0.292601712916269,6767302.3520895755
151,-0.3354031573386511,7252618.37433507
152,0.6192448569081872,1564742.5479179195
153,-0.21101863539115184,5929278.938663702
154,0.7915283540244447,1197172.576778227
155,-1.7959664151941293,60712741.59785981
156,0.4741225832058679,1966780.7407591676
157,-0.8197373302980341,15685867.587637112
158,1.160248391136413,685929.0421131981
159,0.04524743512704978,3913488.526866038
160,-0.39656238843015057,8005746.254400214
161,-0.7008742849489763,13020359.160926163
162,-1.0922222395770624,23739729.559875336
163,0.4484554270751921,2048499.2694013908
164,-0.9713944460104791,19804155.26464641
165,-0.9074587614764987,17962750.284161873
166,-0.7762813494538882,14658005.494106477
167,0.2405584687691432,2855666.529038134
168,1.3909462924970672,490266.90021410485
169,1.150018654430122,696383.4771258838
170,-0.5936297097853035,10983562.017377699
171,1.4505351682454009,450291.8344573458
172,0.36207508710037145,2350512.154520424
173,0.10448424927707717,3555967.1363894194
174,-0.9146569935315261,18162165.71014989
175,0.5131378323232645,1849034.656124961
176,-0.9641445337133704,19587277.768735193
177,-1.260712144267274,30319104.89675137
178,-0.6115465040891528,11301512.641333755
179,-1.571843007643717,46183681.530047305
180,-0.8012136976152467,15239924.47859277
181,0.25599359339171474,2785725.9344955785
182,-0.8977820694099392,17697758.156260096
183,-0.40349290649366903,8095757.499566061
184,2.4468360948694285,120649.48218490477
185,-1.1326897889990866,25199557.272937384
186,0.4717490352908483,1974192.5771403683
187,0.13712870969016905,3373350.4505400523
188,-0.24246465785330168,6239381.468888699
189,0.5627270599572675,1709949.6167545177
190,-2.355104635655832,106250359.09422743
191,1.367572649572517,506996.546857196
192,-0.5846864226507406,10828045.59601708
193,-1.0391614854090299,21935267.796554238
194,-1.1769096613405172,26880238.310502645
195,-0.16991280401445785,5546891.207923871
196,-1.22619097476455,28861548.85716555
197,-0.35416371943010405,7475955.351862921
198,1.0915149847514285,759590.5439911281
199,-0.11491773887142144,5073483.162611118
200,1.3098787440036088,551028.4116190362
201,-0.5371100535393759,10035329.542582808
202,-1.344616897858014,34107702.15929322
203,-0.14584879610150828,5334542.432821686
204,-0.1369803329519857,5258347.936220512
205,1.1086617252741005,740444.7988055197
206,1.9405347621149656,229889.21149460357
207,0.5509651083935553,1741913.4503855389
208,0.3153095260239331,2532985.171381826
209,-0.565592568096875,10502991.62698517
210,-0.18048929072373018,5642868.364115763
211,-1.2002277342173857,27803303.36143384
212,-0.6715813317281468,12431373.91744655
213,0.6982183391574824,1383265.3767104216
214,-2.107040115088979,84735110.22519219
215,-0.6804294402235742,12606601.473089539
216,1.3062376320425986,553944.3233815824
217,0.006358989242449367,4167850.014896302
218,-0.4772700929617705,9116899.739362359
219,-0.0986562966074957,4941406.5700554475
220,0.20433672709171455,3026984.1989132427
221,1.1561682033414784,690078.2896871038
222,0.22076971088938407,2947988.057717764
223,1.7078136427672341,314457.2218154568
224,-0.6641821764102117,12286595.48973003
225,1.377482402712562,499828.479625893
226,-0.2847788166654859,6682119.736687062
227,-0.5000363118635024,9456377.02020135
228,0.7949219040183079,1190928.0567545525
229,-1.3589971890521542,34792659.00369792
230,0.3935249416280665,2235516.8253512997
231,-1.120059246107692,24735999.601833332
232,-1.3869118631325064,36152484.69918741
233,-0.6582119237340737,12170930.451850018
234,0.00927422668476495,4148214.2735812487
235,-0.42783871590416594,8419817.737892509
236,0.7522900526316844,1271962.1193201775
237,0.8879089600012816,1032667.9911613617
238,-0.26488712460844216,6470254.393960295
239,-0.7837613733943437,14830411.523473438
240,-0.2683571088401893,6506729.58775927
241,1.2901089666321135,567064.8784964483
242,-0.582186768714858,10784953.864717718
243,1.2112999246704115,636242.4424607343
244,-0.20376907181200493,5859985.589190476
245,1.4650665821998297,441095.6098480316
246,0.6883954204610295,1404571.2649253206
247,-1.624080552429601,49340851.48829967
248,-0.3202431429197498,7076933.811301973
249,-0.28519516568496556,6686626.574551368
250,0.26979896470544357,2724666.3617883497
251,-0.660690771953375,12218829.966080667
252,0.04247684602720193,3931078.047425916
253,-1.0672255847817664,22874409.40397847
254,-0.10263162528177348,4973372.6472489275
255,2.4771447604015018,116258.42201059808
256,0.5151241729843891,1843241.15271074
257,-2.4000122764199445,110287277.00899094
258,-1.7627802020602124,58402543.24242411
259,-1.3355553160889482,33681489.35747462
260,1.5567059094469247,387653.0172489649
261,0.15793173773218083,3262002.6955616074
262,1.630683469808159,349703.27598806156
263,-0.8898932029176033,17484321.741133325
264,0.041878850869152495,3934885.029562244
265,0.9401936098243365,953700.9227185963
266,-1.7039354459227989,54439325.36377516
267,0.6534646818852489,1483194.883306153
268,-0.9876787857916048,20299008.001804303
269,-0.9268468584281309,18504373.548338294
270,-0.10319196565646346,4977895.054597671
271,-0.6954692319288591,12909757.665856402
272,-1.1506478466222458,25871188.20408501
273,-0.9007808612140192,17779502.17760336
274,-0.6447345586741154,11913574.76974586
275,-0.8471858303824467,16368547.042562328
276,0.13655714513707648,3376464.01909072
277,0.7297690717115918,1317119.0248119477
278,0.08131932079212546,3691644.0915603465
279,-0.8003572447136642,15219588.94651917
280,0.18991366160484496,3098109.277866713
281,1.070535984150478,783747.0763979489
282,-1.439792033865331,38838694.955655396
283,0.03739321927762233,3963561.184763071
284,-0.3537568318472188,7471040.8393769
285,-0.8000482497157488,15212258.295485895
286,0.30468970877405854,2576429.8199430755
287,-1.4578793455388959,39790843.27990951
288,-0.13329920674917137,5227041.473514163
289,-0.75907835958658,14268467.845709907
290,0.026002332806773675,4037338.216453383
291,-0.32984756777837776,7187745.2740301965
292,0.6230443401694232,1555458.9963923467
293,1.5189275006670433,408768.50201579864
294,0.6772266451149646,1429219.355000543
295,0.9057364915444535,1004982.1196695956
296,-0.6307535697941223,11652018.127984427
297,0.7301041596717119,1316434.7965412678
298,-0.9776290435405737,19992347.448847145
299,0.05976465510531382,3822621.489707635
300,-0.701884385140763,13041126.158914758
301,-1.0059755967698334,20867911.712860923
302,0.043548232169485765,3924266.6887857076
303,1.4370108450477366,459040.25868422736
304,1.125621177842895,722021.2098216035
305,-1.0947571595618042,23829020.492961578
306,0.9301513000763739,968350.161430222
307,-0.9449149054146949,19022152.17319095
308,0.39763185716625987,2220937.752529167
309,-0.9226613966145738,18386232.42191389
310,0.59560364181812,1623835.4899163062
311,-0.3688328734945242,7655260.664123927
312,0.6644442447858016,1457991.5084513833
313,-0.02379514969854583,4376553.20407813
314,0.5209286145465365,1826420.3181430686
315,-0.4980750324103462,9426659.29693299
316,0.44696094771437833,2053365.3039274947
317,-0.2758250744787323,6585920.00992482
318,-1.8837172133495617,67072432.78612675
319,0.767918280465841,1241594.9304155877
320,-1.160976328090234,26264207.08058362
321,0.7478686168984372,1280696.0208059207
322,-0.14648019708960233,5340009.072465375
323,-0.5670376562860402,10527264.428548934
324,0.7085992662800332,1361121.0049500768
325,0.6220331802758473,1557923.9469470684
326,0.642355887536219,1509164.1472949444
327,0.5230439601316759,1820330.2969121726
328,-0.6025032598458808,11139957.66734311
329,0.14605851011800167,3325085.206495767
330,-0.9373124503459193,18802740.856993396
331,-0.6048895741229393,11182374.87076835
332,-2.9587165791981698,161070880.51768005
333,0.4164084588497402,2155532.8175127706
334,3.2299491914762997,48519.80873127232
335,-0.06632312756271061,4688956.46286371
336,-0.05643752229040336,4614390.814331326
337,-0.46450810287958505,8931768.192713974
338,2.036727323338779,202612.1383893968
339,0.7021521291420401,1374829.2834376346
340,0.2800398386551483,2680265.403720424
341,0.550757088030732,1742484.3773481573
342,-0.04321300026066975,4516503.481715637
343,0.398819671323535,2216739.6220615944
344,0.09707405825692618,3598806.8571162773
345,-0.6242709764224644,11532587.014739053
346,-1.0226050570830667,21396986.111678615
347,-0.5781101202966756,10715025.534021586
348,0.23961487578826438,2860000.426316978
349,0.768019864075781,1241400.0851073181
350,-0.65721874105546,12151788.393538294
351,-1.4488272169344791,39312190.84280748
352,-1.5599413018487986,45484254.78340919
353,0.5322558847786681,1794056.7552706276
354,0.7508028996141256,1274892.6852410391
355,-0.03578927866722961,4462473.22036653
356,0.5794308537261773,1665611.9565255605
357,1.2870344614537246,569604.2689785296
358,-0.3765889076957521,7751755.8840142805
359,1.5320240925265707,401308.20841556985
360,-1.3053707234225043,32291708.794529427
361,-0.549813627665061,10241403.526695658
362,-1.0483346851168536,22238517.645858984
363,0.7569831091151603,1262760.9088762267
364,0.3915906035558928,2242417.960223492
365,-0.9826581036949951,20145293.51748245
366,1.8109999460485635,273309.9831514306
367,0.1951250313145338,3072214.344908963
368,-0.5123101781002377,9644407.262469495
369,0.8063442819264457,1170163.3842636861
370,-2.033183748367273,78680068.47908565
371,-0.20422299710943861,5864300.627495854
372,-0.002342467504368929,4227020.251666997
373,-0.8350611647142729,16063731.05028194
374,0.4356568158007497,2090564.6391211909
375,-0.16424420102656945,5496122.4752929285
376,0.05408491361397463,3857914.490822355
377,0.3454260470432161,2413859.468842227
378,-1.6918998658856201,53650076.50837068
379,-2.0444003774931154,79587060.54258876
380,0.9489491241315857,941122.9330355445
381,-0.9422998165830958,18946424.410689667
382,0.3038338820618586,2579964.321232514
383,0.5593759971693832,1718993.042626285
384,0.21164092160297893,2991606.5171308317
385,-0.277366828908286,6602386.844297581
386,-0.396134601450109,8000222.333555948
387,0.21217702476920489,2989026.709025307
388,0.8317944403483591,1125273.6450414644
389,0.8233272567421647,1140000.8220779188
390,-0.5320202647744185,9953881.559035573
391,-1.5787332816383954,46591983.968686566
392,1.3399126492984808,527606.4315488149
393,1.8830206106722778,248141.19052311807
394,0.10471304935319968,3554652.705162129
395,-1.0818085768635872,23375898.320369784
396,-2.0476182586038925,79848121.4690544
397,0.27221994012521916,2714101.768372198
398,0.37119568108586753,2316543.5921945246
399,0.5502205042334,1743957.978349077
400,-0.9022298585514145,17819121.376438744
401,0.17555319648582945,3170630.2912830897
402,0.35473204632129407,2378236.060476675
403,-0.03049901238555701,4424368.536072668
404,0.6026850938645903,1605891.962870274
405,-1.028534910415103,21588446.45404667
406,-0.22873762418060803,6102084.065119967
407,0.6094275093171047,1589001.6502994255
408,-1.3125107028015475,32616308.55355669
409,-1.6145928853339393,48756888.441926695
410,1.0986013105480716,751613.881923364
411,-0.19330110850135848,5761347.424476799
412,0.6311858042643456,1535761.542379305
413,-0.9021658179197062,17817368.67832913
414,-1.1701558493299635,26617666.7918017
415,-0.8871229297641129,17409920.570983242
416,-2.595147924127174,128080423.89592373
417,1.3001576954331058,558850.9631269346
418,0.7048475780574768,1369080.3391261764
419,-0.33863380357001743,7290606.51342596
420,-1.3263201115985042,33251393.957379743
421,-1.3412334095658927,33948071.408872135
422,-0.014574083175868792,4311634.937694153
423,-0.6304339517804889,11646102.453206986
424,0.21498819314123802,2975536.3292337717
425,0.1552418906922668,3276185.7321005445
426,-0.07928437508575037,4788560.728840501
427,-0.4543134937755999,8786493.00049597
428,-0.37414379613021026,7721208.042966973
429,-0.2166529278477194,5983694.4346254375
430,0.7939406538108295,1192730.0944847506
431,-1.5743078221057532,46329456.23051338
432,-1.0882527522341285,23600479.06548923
433,0.8636136120904777,1071720.8870016127
434,0.6507721527208847,1489445.5976200823
435,-0.9798092516338981,20058527.267884575
436,0.3106215358123527,2552069.0770334247
437,0.36094987539361806,2354738.56917721
438,0.5926464101044695,1631391.1675469575
439,1.08627396387677,765548.9694370424
440,2.090330018329659,188992.19044126847
441,-0.35999930261360413,7546788.156907439
442,-1.0363811056078347,21844061.631911863
443,0.2025878838615274,3035518.265441001
444,0.7846866491959005,1209868.4059538415
445,2.8526646750633646,74393.20960815808
446,0.3454763150272474,2413665.5630215937
447,-2.047372641479972,79828181.59318899
448,0.1908794078339656,3093293.6994444397
449,1.8140184002338338,272199.87882239185
450,0.1468425253938953,3320881.4987817835
451,0.21622602422330955,2969616.022177384
452,-1.1680851555605614,26537590.914931417
453,0.3566231328877681,2371063.9048752817
454,0.41022096942531205,2176861.337936122
455,0.1334206203676267,3393602.4366034954
456,1.557215602159183,387376.483187143
457,0.23011754041667556,2904000.344709755
458,1.0274478813302783,836005.4673389207
459,-1.7250757101731138,55843283.335779145
460,0.16970137145047168,3200679.272262077
461,-2.273539896508823,99010479.25774905
462,0.5479053459012712,1750331.0432224772
463,-1.1735261744426433,26748429.56475286
464,0.034659896533501405,3981138.884670004
465,0.8239823344772464,1138854.1184932482
466,-0.5342037660965685,9988744.708325166
467,-1.0514372388933726,22341897.580485903
468,-0.8950533188730901,17623667.93008675
469,-1.8206798816974938,62467493.96140035
470,0.3498507344055087,2396853.218762828
471,-1.168713941777954,26561885.551135525
472,0.2980622749678146,2603931.939783436
473,1.846391989527228,260603.72029929716
474,-0.10429031266230267,4986771.584226116
475,-1.7884123955297824,60182198.50092227
476,-1.2246884218950638,28799422.597261462
477,0.4228883979288892,2133429.4926138623
478,0.3218954743102655,2506424.227282278
479,0.27917911249942196,2683968.3035415267
480,-0.7619999664022421,14333944.053984437
481,-0.3655625844540722,7614926.459872308
482,0.9266605043335476,973498.7928764721
483,-1.2592909498803027,30257949.81277551
484,-1.0318027873238425,21694591.60111972
485,-0.9001458037652477,17762162.99197781
486,0.7799937245357118,1218659.7168562885
487,1.1470629053219776,699436.2522667554
488,-2.159334246053774,89133202.20656429
489,-0.552179001469129,10280217.596982291
490,-0.13343847796746702,5228222.518476151
491,-0.4815175922106349,9179332.60593428
492,-1.8290017769449345,63064884.80003958
493,0.2898662769934622,2638363.454090257
494,0.9344233830552828,962088.9370385865
495,1.4531618187250586,448614.0750001703
496,-0.4607059119716472,8877316.933057792
497,0.05649764664618369,3842881.885832296
498,-0.22539384609272534,6069095.70551525
499,-0.14013206736445386,5285301.058121284
500,1.0675106487365884,787298.6287295104
501,2.7955429547587545,79504.48839301096
502,-0.4756287821573238,9092884.344908368
503,-0.9619043493521776,19520688.44787935
504,-1.267720980892433,30622153.85791727
505,-0.4650648478369612,8939768.369738365
506,1.8999770777874696,242597.66065272817
507,0.15598000584534957,3272287.522890932
508,-0.053651883595256716,4593595.521218848
509,0.6752521427943333,1433624.2679269642
510,-0.8672225121145491,16883768.485136468
511,0.9231048179700908,978773.3483111084
512,0.8344537322843806,1120690.2969645648
513,0.6410803817708403,1512176.5296694334
514,-0.03646818020570237,4467387.112019432
515,-2.5592286868708753,124787173.13312368
516,0.044174381504419026,3920291.47897915
517,0.19651683609182144,3065336.223171256
518,-0.5209326191152273,9778639.20376845
519,0.909501089539714,999238.1229083012
520,-0.17209569757786544,5566565.918812828
521,1.0324043363999449,829807.0235766495
522,-2.2817300294134326,99731283.04655689
523,-1.077769682877675,23236073.98538749
524,0.300619754170941,2593283.2748965365
525,-0.5839076538933411,10814602.83369489
526,-0.08464063561286654,4830340.826247555
527,0.06375499624907256,3798022.5256090723
528,-1.2415553628388007,29503095.897872012
529,-1.528028771246393,43645431.07509207
530,-1.4151700091715325,37569915.473180965
531,0.340693204748833,2432188.6876968048
532,-0.915509187417065,18185904.730417036
533,0.12723381411133944,3427669.0901858634
534,-0.17627352139143312,5604415.320274442
535,1.0159091199244674,850629.9219895034
536,-0.5534945848334062,10301866.069166066
537,1.4759068877299584,434369.76319102256
538,0.31222021478635675,2545544.4997899327
539,0.6301871893081453,1538163.3583080964
540,-1.256655757116904,30144817.918008372
541,-0.05638669833562036,4614010.55677832
542,0.6678108893073501,1450354.4939277556
543,-0.5887083124920682,10897722.59948332
544,-0.11465014806758896,5071281.395655616
545,0.5806581807925938,1662402.272692879
546,-0.7222875787917922,13467260.711136328
547,0.2509838944248489,2808230.625536847
548,0.96935287701251,912497.7964071973
549,-1.3904278016971026,36326598.440538764
550,-0.5268898664504675,9872424.055422168
551,0.9128084582637693,994220.8069323907
552,0.36821976725389066,2327570.6322174505
553,-0.5212694777613669,9783919.5171796
554,-1.5599359676457172,45483942.96881278
555,1.5303031390361819,402279.909891438
556,1.4612389567015711,443497.73594001867
557,-0.5393676223252757,10071659.364273949
558,1.1099309998585072,739048.4647150185
559,-0.07551517632965406,4759377.92714398
560,1.7038347718912044,316175.9771081959
561,0.6390061046267723,1517088.9551931461
562,0.22305321699338176,2937179.7816841486
563,-0.6575283971296936,12157753.500361755
564,0.24623166567852475,2829751.875053772
565,2.0841897111921917,190499.29835619812
566,-0.25218639894153616,6338463.65694619
567,0.4039913675424247,2198557.1686444636
568,0.16060671984841865,3247960.368902912
569,1.8947149335129747,244303.10438886035
570,1.5374614623019272,398255.063465266
571,-0.6553071078358138,12115024.163436512
572,0.2166723536535574,2967484.2860997827
573,0.2591065455100652,2771835.5831654896
574,-1.2561331577312413,30122422.608800214
575,0.23072199990009906,2901179.3121452653
576,-0.08794835406286397,4856324.4825013615
577,0.6013816226562699,1609179.0405979839
578,-1.83729882168135,63663720.74673971
579,0.2553512230308735,2788601.1857302655
580,0.5284248314026602,1804934.7315777133
581,1.1033796741397481,746286.3611269697
582,-0.6720592871345387,12440780.765589599
583,0.15142242624872385,3296433.5393359396
584,1.4638344126145033,441867.32544219185
585,1.1159414795745035,732474.9275157595
586,1.6865712724466049,323754.7999818367
587,-1.5304577848222176,43783517.51858099
588,0.09600324688693475,3605040.7772149364
589,-0.08210051404552586,4810481.81912449
590,0.8915599629104666,1026932.2006599894
591,-1.1927984317319587,27506415.414816733
592,0.3787350069888328,2288849.4120089314
593,-0.22303403374597464,6045921.241883006
594,1.8363557997498494,264138.8449281716
595,0.1727595470268518,3184939.3820526362
596,0.5738974160615731,1680164.1041420952
597,2.037608831529813,202379.47834461948
598,1.2913949655476291,566006.3746190502
599,-0.45334815151308433,8772855.642521566
600,1.4031392238449987,481780.72041316744
601,-1.7963681634850892,60741034.43276104
602,-0.9223465184457009,18377371.723154843
603,-0.7061512124365844,13129190.28635734
604,-0.5113618239965992,9629751.874735298
605,-0.8603437475425484,16705259.695020802
606,1.1474427422709743,699043.1349637219
607,0.578493042960398,1668068.8984250135
608,-0.38072825994525056,7803739.627434174
609,0.8412431539645384,1109078.7747141595
610,0.960386386000192,924960.2151854975
611,0.07363354186451766,3737815.0137404404
612,-0.46492096391447785,8937700.159187771
613,0.37999452602658756,2284256.471928751
614,-0.007084260145999095,4259621.522745375
615,-0.20067331291440169,5830641.152091839
616,-1.8936415956299009,67813864.66398376
617,-1.7233141041500502,55725436.83881058
618,0.8125584165412407,1159029.1800852462
619,1.3229242488942485,540718.076682533
620,0.11073136334675011,3520255.5129600116
621,-0.3767449448926445,7753709.323035579
622,-0.3673313332675664,7636715.528064974
623,-0.391403509346145,7939377.7312303735
624,1.559905313437373,385920.7775274087
625,-0.38693615511592905,7882338.875581597
626,1.2804315657744878,575099.9929451705
627,-0.43342155002557187,8495885.054570088
628,-0.49984515973191346,9453476.686854009
629,0.6862665598981572,1409234.43580692
630,-0.8523426423924911,16499771.737248503
631,-0.46718364680835744,8970277.872149859
632,0.3971364962584679,2222690.9667927064
633,0.7800933510906629,1218472.380160463
634,0.8575069003185668,1081783.4899250332
635,-0.24168356484736975,6231487.558107914
636,0.8277959583300343,1132202.8294618758
637,0.9651147712881444,918365.6370789001
638,1.1376204876797131,709286.2925295583
639,1.6408452560480236,344818.9620801601
640,0.08502495863443352,3669590.960297683
641,1.8747221881115221,250905.44437315981
642,1.4286970644783754,464510.701096397
643,1.2306574876741965,618437.7393890445
644,-1.2259807832526584,28852851.4819189
645,-1.0517301040438467,22351677.46505303
646,-0.5661365762212371,10512122.940304663
647,1.096055982266835,754468.5269482336
648,0.9610658386425254,924009.4728339715
649,-0.9851390562091028,20221122.932373617
650,-1.523167447939973,43369999.17520192
651,-0.8820341272979543,17273991.283855397
652,0.625059890059728,1550557.8687196032
653,-2.7951352135222476,146374288.45684445
654,-0.9209958255796085,18339406.249053795
655,0.6882857523711219,1404811.0880625066
656,0.18614389824388844,3116980.485451305
657,-1.4642884652503705,40132326.64359986
658,-0.7175325093529612,13366806.446842136
659,-0.6280107662993272,11601344.787450569
660,-1.3784340869647973,35735271.77176414
661,-0.3860359724639001,7870893.847317225
662,-0.25356269107286095,6352615.762414435
663,-0.5354721580129134,10009050.250588022
664,0.39572843069081143,2227682.3556092014
665,-0.7882315748091828,14934331.208668187
666,-0.916691554420949,18218887.01889086
667,-0.5135423580574369,9663480.718797099
668,1.2491879128396417,601901.0695306337
669,-1.1325056873355925,25192748.375860278
670,0.2464432010913699,2828790.2979371105
671,0.562833619870314,1709662.8682269594
672,0.5836584411681536,1654583.4262272
673,-0.5782326649856238,10717121.294167938
674,0.41904481781716235,2146511.4368570345
675,0.4078790293634321,2184991.3405476552
676,1.4423765117622387,455547.2475732569
677,0.4772684524800036,1957002.0065529838
678,1.6104945570202012,359635.70278964017
679,-0.03036469793462621,4423405.381425535
680,-1.5909888477023295,47324343.00835802
681,-0.8505554560186975,16454185.991135137
682,1.0118675619017343,855817.3041988637
683,0.6313455758171891,1535377.6358570352
684,-0.9867541599914933,20270622.4123859
685,0.9682790165743905,913980.7787422829
686,0.33271503520755924,2463413.6381145637
687,2.1550892796046504,173883.21286651155
688,-0.962967168017138,19552255.724767994
689,0.08046678408327203,3696736.80160847
690,-1.0345172296690808,21783103.78596632
691,-1.1729807741761111,26727232.916097663
692,-0.44109171878175013,8601479.718613438
693,-0.7692144641279592,14496816.075617226
694,1.2585714784217845,593711.4072830052
695,-1.8054132909499845,61380075.381707355
696,0.0702076025561498,3758584.619616363
697,-0.29736577451707047,6819700.727355577
698,1.6809113816922339,326283.16237418586
699,-1.2127738012089546,28310637.255923714
700,1.127096986611554,720441.644451994
701,-0.942160049331576,18942384.562063575
702,0.041208320533725994,3939158.238071084
703,2.963020423912424,65520.15264119316
704,-0.9438761792341788,18992040.682691455
705,1.3035428762049366,556113.2186575244
706,0.05582497794466643,3847066.9759330456
707,1.2492315581443971,601862.6935363343
708,0.4996602686673572,1888851.77495495
709,0.46610303138852555,1991940.8497412154
710,0.4382813220015877,2081865.7544642764
711,3.0984249249158986,56195.77262115109
712,-0.5243566701385911,9832439.17172733
713,1.0523038517622856,805415.8112914431
714,1.3789527122656768,498774.4446039484
715,2.4212055928409004,124507.90717781412
716,-1.3892492389345874,36268163.54122993
717,-2.2741377510562404,99063045.00411156
718,0.507611989676502,1865252.356110163
719,0.7407351030796837,1294921.884405639
720,-0.13751550718302716,5262914.955387292
721,-0.4498192432450673,8723176.824342959
722,-0.06368726988264088,4668956.8339235475
723,2.072716696543552,193351.40372274016
724,1.4712089978732095,437270.61431848764
725,0.5716297178961366,1686166.4174769362
726,-0.062210517796131404,4657789.478957675
727,0.0016579449819025254,4199712.484817049
728,0.7236455912372868,1329689.5031556617
729,1.1056181302443477,743804.7222800284
730,-0.02180016165146301,4362424.897730878
731,0.5249153901216943,1814960.2591970465
732,-0.258768409701199,6406428.118263795
733,-0.47630466534018995,9102766.363364669
734,0.7380318876475993,1300356.5025978063
735,-0.7989656771959449,15186600.634371737
736,0.13048783580199044,3409708.009567054
737,-0.7290129252445597,13610535.509123353
738,0.2782488509328584,2687976.288964603
739,-1.6366890966520329,50124111.80932058
740,-0.170044160511073,5548073.179226658
741,-0.9458504733225398,19049309.416496936
742,1.6616070629488335,335072.5199317122
743,0.45733828872919063,2019824.0236017108
744,-1.2090485690150132,28159212.15578967
745,0.183625986991341,3129650.6433580252
746,-1.107508260521144,24282509.546011645
747,-0.6023915011487603,11137974.874365842
748,-1.4654052662570936,40192050.255945764
749,0.049557331962098106,3886285.127579243
750,0.2962380180716504,2611555.276851815
751,0.08003276696657079,3699332.19088105
752,-0.2625596680207997,6445902.253986599
753,-0.18922285204232042,5723367.055838873
754,-0.20339170389074854,5856400.711042115
755,0.3808839618220882,2281018.843017286
756,0.3569985467482308,2369642.778654592
757,0.28063447450226636,2677710.322932045
758,-0.23528737693504695,6167217.102666857
759,0.004256699380623492,4182068.4527553283
760,-1.1430611374186888,25585638.99217491
761,-0.16532164804142024,5505736.435911539
762,-0.8114919713942937,15485915.95763389
763,-1.7669928420625582,58692833.053739116
764,0.7625717180687244,1251896.1208264588
765,1.3900954791446807,490865.14672214387
766,1.8215117450928433,269465.62848458026
767,-0.5369835544765141,10033297.573596116
768,-1.514410635143766,42876981.4135372
769,-1.5374650722402499,44183605.09715826
770,-1.4407258564922845,38887435.59738854
771,0.4674670031317878,1987637.9651716636
772,-0.5770982598111193,10697735.571710456
773,0.2392276555119151,2861780.878038983
774,1.5565241776438223,387751.66858336626
775,1.1093131200538906,739727.84024392
776,0.2195543272277399,2953757.3728247024
777,1.1420177540736995,704680.6083019305
778,-1.4630127264430994,40064183.178631306
779,-0.048433294773426804,4554891.491046954
780,0.17309927385046228,3183195.770037531
781,1.496415792973773,421951.474509972
782,0.40069847424007077,2210116.1626064726
783,0.19337447979446118,3080887.845929367
784,0.11632715466541436,3488577.8607366714
785,-1.6190073107609508,49028014.7653216
786,-1.384360380237231,36026530.721567534
787,0.06746813767281824,3775276.9335223236
788,-0.034011466731329494,4449631.223025302
789,1.1796699465817346,666546.6533667125
790,1.692026259343002,321338.48822913226
791,-1.005379744469986,20849167.75405005
792,0.6323700100307544,1532918.4840843251
793,-0.6792034340395842,12582184.517254815
794,1.8427879561246534,261867.10684104534
795,-0.5019945814273372,9486138.953718184
796,-0.3858632859952431,7868700.143705301
797,-0.36949908258509606,7663502.921608389
798,-0.696582101973578,12932458.016660865
799,0.021469895674279336,4067079.9056122727
800,-2.0577829724302066,80675249.84728384
801,2.220832347543733,159912.30719187242
802,-1.4757990151764142,40751007.318881154
803,0.7511301756968154,1274247.143460733
804,1.2667239522800362,586694.7725723316
805,-0.33006291541693333,7190249.271354622
806,0.4872108840810654,1926429.5975251824
807,1.0439995231947208,815499.1684668491
808,0.4243028584059441,2128636.2006164966
809,-0.19058146168028967,5735991.894649907
810,-1.5496552480818258,44885742.191180184
811,-0.12673529851936888,5171679.986582398
812,-1.4032624177137578,36967597.961648405
813,0.3783945601457647,2290092.526715153
814,-0.8145563576403434,15559954.895303752
815,-0.5746374660040143,10655797.880995288
816,0.4692605625921079,1981994.6550559278
817,-0.36030571682183,7550525.517601027
818,-0.8619538464547674,16746889.457333103
819,-0.44181288151652337,8611473.041916106
820,-1.4818334212311852,41078118.81309387
821,-0.4555615938656191,8804155.249162145
822,-0.9767249012582008,19964958.696436957
823,-0.9819405833364663,20123409.331881836
824,-1.1852396235637195,27207037.136476234
825,-0.8001140265015183,15213818.524709737
826,0.8867753771120268,1034455.8434372472
827,-1.0042120040442892,20812476.277232915
828,0.8185253365214298,1148444.2266140324
829,-0.4288390147130017,8433398.286835345
830,0.1684251910625925,3207271.0962675097
831,-0.973274999794121,19860755.253637988
832,1.2296623026809421,619339.7435256466
833,0.2819981991652444,2671860.0514275255
834,1.6003674323742234,364735.0623165391
835,1.3625111544553703,510701.0787800892
836,-0.557122976459124,10361798.345400177
837,0.19785491944915726,3058738.4897422716
838,-0.856331493454263,16601927.741939591
839,-0.3367629474510643,7268584.009098245
840,2.1705862085974235,170471.0619883745
841,-1.582738191353847,46830444.81411918
842,-0.11284119520566238,5056422.2166153975
843,-0.03208369603846287,4435748.121156234
844,-1.6771373502726714,52692031.51633695
845,-0.8119036998156252,15495845.037636504
846,0.5165214182739598,1839177.251204207
847,-0.21949429059570102,6011323.766686857
848,0.1827597605958572,3134021.7066020286
849,-1.784466475231091,59906156.46029392
850,2.161464765382545,172470.28270463707
851,0.20254468946805815,3035729.3593831398
852,-0.7586360491744466,14258579.285274768
853,0.5673000231243271,1697689.315847142
854,-0.21155228060813758,5934411.70561231
855,0.15635374495936086,3270315.504546274
856,-0.7626952170045403,14349566.075763557
857,0.41687044085159153,2153949.1067368793
858,0.36500366731220146,2339548.9823695514
859,0.03197993304465971,3998450.202577649
860,1.72813225007677,305840.08059407375
861,-1.3091758676114322,32464380.802340448
862,0.857811568899868,1081279.0715328786
863,-1.0598544400545102,22624452.697228443
864,-1.2849719271133508,31378387.920686502
865,-0.08558478738432498,4837743.303794208
866,-0.7778014449443837,14692892.176317174
867,-0.18948234946745396,5725776.289979275
868,-0.38458164733699257,7852437.603971128
869,2.4287132140068826,123363.59372501941
870,0.48725349274810553,1926299.6591274124
871,0.44548699889084764,2058176.3114628475
872,-0.06036389215953538,4643862.912340024
873,0.30809037792628485,2562434.72339343
874,1.0628993435044827,792745.5133139878
875,0.48312256720575913,1938939.997602626
876,-1.1929889201839892,27513994.938349366
877,1.390604737274409,490506.9675272902
878,0.45602492842359216,2024037.2042495713
879,-0.3294061713785071,7182615.523169043
880,0.29369000673333734,2622241.7259175875
881,-1.0887517009088412,23617943.979318336
882,-0.9252747476459137,18459919.288137272
883,0.4604716683432479,2009809.2922978052
884,-0.39583999701297956,7996420.328062869
885,-1.268819173416999,30669856.96951455
886,1.939610379366471,230170.46588812742
887,1.8830681736794312,248125.44500575392
888,-1.0981386634276147,23948576.22229671
889,0.3867211666581554,2259888.9295447455
890,0.9828441658069593,894085.5041017301
891,-0.7961498662428749,15120049.474239869
892,-1.277157980550783,31034020.289489534
893,0.8682973791908772,1064070.8581604958
894,1.2886689097170045,568252.7528839872
895,0.7088537627261352,1360582.8623185097
896,-0.16088945452103973,5466295.47484009
897,-0.24349692306391899,6249828.971954383
898,0.2748985812357731,2702462.028985295
899,-0.5320499284048408,9954354.406120323
900,0.5951453838648315,1625003.913421844
901,-0.12812935236031012,5183388.478219068
902,0.05179018230975288,3872267.3034823276
903,0.8495586171711336,1095032.1994483424
904,0.27936484977626425,2683168.803029299
905,-0.8395645200724717,16176339.693630544
906,0.9701075286145463,911457.1843413915
907,-1.610117928930708,48483076.07657829
908,1.5363086198939333,398900.25299293303
909,0.5135623458190886,1847794.887696476
910,0.43137015835092607,2104854.3318735803
911,2.3252808392554294,140224.44388449204
912,-1.3303277505819013,33437504.652841996
913,0.3835408766430492,2271375.805426264
914,0.21545335934048399,2973310.107414456
915,-0.12095576143296931,5123420.018009477
916,-0.06238755174833273,4659126.809235623
917,-0.5544175424570865,10317079.671780013
918,-0.11523170541289893,5076067.73521537
919,-0.550892347424597,10259087.158215629
920,1.9904609904926698,215252.79693384637
921,-1.258543738574532,30225836.53385698
922,-1.2112973669136267,28250542.8995369
923,-0.04881692268342132,4557725.474657075
924,0.38677424745145533,2259697.720598974
925,-0.5349254205992671,10000292.756770367
926,-1.2985307949257934,31983146.90366554
927,2.2690631814657665,150460.84291654706
928,0.32467287219853913,2495309.6651365063
929,-1.2739506272255572,30893545.368188683
930,1.0051806126249634,864475.0992115691
931,0.3163378447153276,2528818.8714444716
932,0.8199242801151801,1145977.5415378062
933,0.16482681412399106,3225932.701287313
934,1.977553855839442,218934.4502715157
935,-1.0794240938832453,23293262.169125024
936,-0.4701716339676448,9013474.029238708
937,-1.0590727708818273,22598084.242137637
938,-0.8597201843804385,16689162.344288489
939,-1.8694670307397827,66015541.26011052
940,0.42538393728770435,2124980.234695688
941,0.5922726066985803,1632348.8622350916
942,-0.7255285797353996,13536130.418041285
943,0.2344917880315595,2883649.1108395113
944,-1.85510760811171,64959852.833958335
945,-0.1719736248885969,5565463.8277027095
946,1.0777867160436878,775305.4740371951
947,0.228782608498867,2910240.5211096057
948,1.110486366392011,738438.4008218303
949,-1.6241966736732976,49348027.5976684
950,0.30493544230811653,2575415.884265143
951,-0.4518544132897684,8751793.978201644
952,-1.9472305850209592,71891700.02339557
953,1.205659371449036,641534.8968493261
954,0.4795682886142428,1949885.298551411
955,0.3250267049199136,2493897.371045801
956,-0.10405556129474267,4984873.057506081
957,-0.8361911228359162,16091919.125749186
958,-0.24433708626925604,6258345.000328687
959,1.3633839321383878,510060.17951230885
960,-0.515185720386179,9688975.366708057
961,2.2678204447661328,150696.38366218045
962,1.5643277593787837,383540.39210607356
963,0.42126506018463683,2138944.491791083
964,0.1684253534958989,3207270.256370182
965,0.23005101884052806,2904310.9754889323
966,0.8988472915195506,1015585.4702499702
967,-2.1803436004753625,90923724.384569
968,0.2717133346302361,2716308.978393743
969,0.7721008396237469,1233599.3040532619
970,-0.1487847386030826,5360009.208545513
971,0.16094935377035102,3246166.1880145273
972,-0.4231804432882622,8356853.667374561
973,1.254479066672399,597268.0948323021
974,-0.03704113119853156,4471538.378778728
975,1.3311582845185321,534319.0874210418
976,-0.9913282195546563,20411384.23745364
977,-0.13019225964463432,5200763.269016525
978,0.6521165856648207,1486321.019128725
979,2.1035444336418534,185793.74457544158
980,-0.7731000356768086,14585239.621286744
981,-0.020530964678417748,4353460.546662342
982,0.7117922139679875,1354385.7114297925
983,0.06493934099360762,3790752.4922361467
984,0.34876289344223854,2401022.771831217
985,1.4509200793825379,450045.543923392
986,-1.115338105769699,24564583.543562517
987,0.9933755624397609,879990.6652383202
988,1.0587011936614548,797739.7995859667
989,1.0479108727001363,810733.0161167637
990,-0.5034806900000725,9508784.990763918
991,-0.24020632165459038,6216585.210638205
992,0.2727412823292509,2711832.2849568813
993,-0.8079585102778016,15400942.91224912
994,0.9921962214857638,881557.0912085744
995,0.4203944993003284,2141908.1854561428
996,-1.309835279510982,32494377.845930636
997,0.08900847066951668,3646033.695712797
998,0.7549958103014828,1266648.5396080192
999,-0.46452561491352523,8932019.727517761
1000,-0.9082985650602604,17985914.46103091
1001,0.8640933783428031,1070934.5836289844
1002,0.3214810643489595,2508086.998829331
1003,-0.29980590059022993,6846693.3524356345
1004,1.1057757161365194,743630.3534338909
1005,-0.19003257388153014,5730888.0392335905
1006,-1.0066801453643295,20890093.93451301
1007,0.19905641207046743,3052826.672020769
1008,1.0878568164512292,763744.1397808755
1009,-1.7161851982022225,55250118.36860023
1010,0.8905470224856539,1028520.1196717871
1011,-0.360424321362062,7551972.633165188
1012,-0.46641365604360363,8959178.834441196
1013,0.2529493301231289,2799379.1943514664
1014,-1.3548500398485768,34594041.33674221
1015,0.48563721543601623,1931235.0522118867
1016,0.40926483317166956,2180176.735600264
1017,0.7823672408606708,1214204.909254985
1018,-0.5139051567288345,9669103.531649115
1019,-0.04709008452660085,4544982.744605158
1020,0.4616425031276706,2006080.4630935686
1021,-0.05602971115626318,4611340.518697009
1022,1.5779032383144869,376333.97380485473
1023,-0.8185363601897776,15656598.109290004
1024,-0.6004929024956043,11104341.476920584
1025,-2.543313157366908,123329296.65796083
1026,1.0481975895818554,810384.8239811381
1027,0.29292499882275613,2625459.0100622764
1028,-2.35395453746636,106147398.5432515
1029,0.5785978967841735,1667794.00577889
1030,0.7026648445543382,1373733.7787300711
1031,0.727548773056818,1321662.2841318499
1032,-1.0511232451378227,22331416.225260135
1033,0.3109173731295488,2550860.3932570308
1034,1.19736297105511,649406.5058873753
1035,-0.2988260566695857,6835841.727929091
1036,0.017073412372357055,4096141.5706634377
1037,-0.2380991622696209,6195389.348167204
1038,0.9233622685570113,978390.4145165026
1039,-0.16014397470465985,5459689.382919172
1040,0.3500424381364097,2396119.222106126
1041,-0.9361296980894932,18768808.50885883
1042,1.628351279561178,350835.0156834532
1043,0.6794327989318641,1424314.5939225685
1044,0.36129505283396235,2353441.2077802513
1045,-1.5727624628980235,46238023.08940334
1046,1.1593374095475293,686853.0890317643
1047,0.7033032626265628,1372370.9821202774
1048,0.4362033523297664,2088750.031358977
1049,0.08093922317355555,3693913.7584976186
1050,-2.0593683516313566,80804593.60110958
1051,0.9074991281506517,1002288.3064576148
1052,1.0350834640027324,826477.2195615375
1053,-1.2629555935015178,30415844.312858306
1054,-0.49990912527075215,9454447.134783456
1055,-1.4340228958112657,38538582.78083169
1056,0.8226488937846717,1141189.585027725
1057,0.2700781526857413,2723445.886554483
1058,-0.6312941812660605,11662030.526994698
1059,1.7432716775280543,299589.6096208806
1060,-0.005674540370555151,4249902.803095289
1061,-1.9099071804751113,69038452.35939057
1062,0.9010549821789077,1012174.5582420258
1063,-0.540757945620986,10094095.59591527
1064,0.8245590831289581,1137845.5478861225
1065,-0.7298308920128918,13628057.349257333
1066,0.8267620660087694,1134001.9197939534
1067,0.07767660428134335,3713454.2599620456
1068,1.0294481281013856,833498.0079344532
1069,0.6385718464788306,1518119.5232680538
1070,-0.16064937832775705,5464167.162354849
1071,0.7074912288480126,1363466.625401068
1072,0.3948161497502917,2230922.4847274683
1073,0.04235561338675206,3931849.5416092556
1074,0.8013197374146622,1179249.527363978
1075,-0.12594797324594983,5165079.033630824
1076,-0.4560161726243758,8810596.65525819
1077,1.3680519637338293,506647.2628448358
1078,-0.11497935378720014,5073990.272618977
1079,-0.23735238282395343,6187894.7012028005
1080,-0.3841480278992249,7846942.887488926
1081,-0.1891839630816547,5723006.088644
1082,0.34125097191591747,2430021.101593385
1083,0.8946478528973935,1022107.7067431328
1084,0.1046471917027396,3555030.9993208135
1085,-0.29937221021545013,6841888.206911924
1086,0.2401783687259163,2857411.504393664
1087,0.26331771799271053,2753158.4082560814
1088,-0.12783236217630992,5180891.871801199
1089,-0.24285373317766015,6243317.248757536
1090,-1.8787794801527637,66705182.34661649
1091,0.36572845050310493,2336843.953979883
1092,0.014028361549181328,4116393.194275661
1093,0.32688745020193855,2486483.972602537
1094,1.202174192689987,644828.9161238715
1095,0.11111242324569719,3518089.0583307547
1096,1.0301875885327727,832573.0938477888
1097,0.6680159582994237,1449890.677811908
1098,0.08311883492361494,3680917.953979233
1099,0.6690559609918239,1447540.8600034514
1100,-1.2690619391653999,30680410.219381448
1101,-0.7720522297030388,14561346.077748839
1102,0.004882321557100857,4177832.0539352847
1103,1.69247116246183,321142.2989541839
1104,-0.7690816107736436,14493801.485625725
1105,1.1990814837270802,647767.3997505595
1106,-0.5275472631920386,9882826.062845461
1107,-0.6323743569425512,11682060.229289101
1108,0.6322028127658718,1533319.5565535324
1109,0.5099291202382759,1858433.7735291305
1110,1.6543625428754838,338438.3413102237
1111,0.9361036260115164,959638.2706395509
1112,0.7318189212982245,1312939.2653425038
1113,0.29840580866734945,2602498.932148869
1114,1.2837955792243854,572292.8598646756
1115,-0.2817431934402526,6649350.517661339
1116,0.9614944134750163,923410.3183834577
1117,-0.9977833157816578,20611488.571438856
1118,-0.5618325471500124,10440084.975176174
1119,0.15368845787731727,3284405.4155063913
1120,-1.1107451354234679,24398785.415006872
1121,-1.0147724889106495,21146352.920865543
1122,0.28272127086619503,2668763.4869550783
1123,-0.46232466765946395,8900459.865467364
1124,-0.02968112996157101,4418506.86518676
1125,0.6361226870449415,1523945.6546480404
1126,-0.7939791675483264,15068927.794169001
1127,-0.7019070114433766,13041591.694116391
1128,-1.7605239706648002,58247425.197616644
1129,0.03351633221487614,3988516.4623585944
1130,0.8599952709313761,1077671.022861344
1131,-0.011553862712482786,4290584.0945940325
1132,0.5607195974452275,1715361.0794024419
1133,-0.5259858436126958,9858136.795835897
1134,0.3415041409760774,2429037.9008901273
1135,0.744985576573384,1286425.364853206
1136,0.28330161893379313,2666280.819649571
1137,0.7864375282744366,1206605.7856699657
1138,0.09875206229990327,3589060.144318826
1139,-1.2000134641549478,27794704.010227025
1140,-0.06826570705721531,4703750.967940362
1141,0.6669163903998976,1452379.4691821313
1142,-1.1216892417176112,24795415.74627724
1143,0.22993749314351633,2904841.176827139
1144,0.8207656343158652,1144496.7481786518
1145,-0.13287061341485396,5223408.598752695
1146,0.9064278977354172,1003924.5290786782
1147,0.07379423159442922,3736843.7106291195
1148,-1.726593864020393,55944967.90625938
1149,-0.2125691088597107,5944204.092723455
1150,-0.7634506508723886,14366558.178121524
1151,2.13103364558701,179332.135534558
1152,-0.8958520398671914,17645325.73817067
1153,-1.5538714887235183,45130402.2752318
1154,0.33710241745160496,2446191.2246732768
1155,-1.4289195649920574,38274549.40952006
1156,-0.646784983193832,11952395.712011684
1157,-0.4318824573432848,8474848.319598725
1158,-1.426300219152648,38139556.894993775
1159,2.209556817371546,162216.5251381547
1160,0.21224948120184098,2988678.2133276816
1161,-0.356396339869637,7502977.959427946
1162,0.039195913005552335,3952011.3621352995
1163,0.6427949324229894,1508128.7151885203
1164,1.05137650256409,806535.1188994176
1165,0.28608150389097486,2654421.8037651097
1166,-0.6290823713019427,11621117.918596746
1167,-0.482922625971507,9200075.344838805
1168,-0.12300384402384396,5140470.018560171
1169,1.0424985135941318,817336.2392687337
1170,0.11991656141646902,3468411.6005031797
1171,-0.9072497131692536,17956988.2825223
1172,0.8646323621254869,1070051.9628439683
1173,0.9041647124723676,1007390.7949504311
1174,-0.8966290146611008,17666416.770508524
1175,1.2003797359900619,646532.1183120533
1176,-0.09323253733794719,4898125.67033576
1177,0.6648126160999267,1457153.8131020342
1178,1.6132130186563505,358280.3068096439
1179,-0.619835692834503,11451540.879093911
1180,0.19125595212281807,3091418.1880322364
1181,0.9013451167378426,1011727.2099897993
1182,-0.4432902155452574,8631979.924614683
1183,-0.8004376941409468,15221498.072861675
1184,-0.7750253138451023,14629236.534993144
1185,1.2561670369194085,595798.2846136634
1186,0.24072442027036237,2854905.0177799105
1187,1.0505089064882078,807583.825802044
1188,-0.20826260850141215,5902840.698283438
1189,-1.763723070517898,58467440.19677252
1190,1.6280706658974151,350971.46146883187
1191,-0.5074029852845684,9568804.469945222
1192,2.19840320370311,164532.4255722154
1193,1.6404241800108836,345019.84971016704
1194,0.9748235693564057,904982.9381516527
1195,1.918654950092322,236650.39970134996
1196,-0.34880251697453285,7411454.109778752
1197,0.026494913293489436,4034119.2283684486
1198,-0.606872539731513,11217738.752484119
1199,-1.0261454194648192,21511117.67175075
1200,-1.580932507235929,46722826.94628746
1201,-0.5661944344289906,10513094.549525362
1202,-0.7277515856932335,13583557.028804043
1203,0.20706479463824332,3013720.8540237886
1204,-1.3748233331689328,35558699.39099327
1205,-0.8066316299413503,15369144.083952853
1206,-1.2380375664187728,29355197.48940694
1207,0.051338899599734866,3875096.3081617807
1208,-0.20672957904779726,5888185.236606273
1209,1.5023375135557988,418438.89973146946
1210,0.12809452472821195,3422908.883203593
1211,0.42846161658460297,2114608.017790819
1212,1.3354234666364444,531037.0428960631
1213,1.0221774765807308,842651.3613801105
1214,0.8598389593785649,1077928.8622574548
1215,0.6359770368602795,1524292.8746148208
1216,-1.5145690825712645,42885866.47907873
1217,-0.594537564090949,10999466.792302284
1218,-1.1723720171510421,26703590.399034873
1219,-0.2318493340607176,6132942.5638508145
1220,0.6623749774564985,1462706.6066286159
1221,-0.20462354176380523,5868110.848344883
1222,0.5235940653012022,1818750.0517421626
1223,-1.2763588836228874,30998973.997349348
1224,-0.7757263695236691,14645287.50900752
1225,-1.4863931511913009,41326555.23395072
1226,-0.3593555036330017,7538941.576035228
1227,-0.7364948592691748,13771588.591757713
1228,-0.35622107134815156,7500853.138901193
1229,0.0141023020218607,4115900.241574604
1230,-0.07850350231420088,4782500.134982473
1231,-0.9156491371464954,18189805.865928624
1232,0.8990236058744819,1015312.6100861628
1233,-0.6447311618251822,11913510.555309175
1234,-0.19695367155268484,5795576.093886941
1235,-0.11557971688385293,5078934.1068595555
1236,1.7500882434255083,296821.6822657168
1237,-1.3542447720146726,34565126.92345469
1238,-1.0846841144647397,23475885.106421072
1239,0.6288904441373492,1541288.1409205813
1240,1.183493768225853,662801.0942263068
1241,-1.3255835397362383,33217276.64084491
1242,1.0215964014231107,843387.5676364049
1243,0.5216796177261314,1824255.7577998727
1244,-0.7928360380153101,15042069.866841689
1245,-1.8162873055402453,62153485.768312916
1246,1.4153083830261648,473471.44326066884
1247,-0.1369796910427234,5258342.4607357355
1248,-0.9389572396177408,18850019.22982841
1249,-0.45321630403732543,8770994.626758983
1250,-0.39804349341336864,8024900.1407194855
1251,0.33521357828739773,2453590.404426505
1252,-0.4626220553791742,8904717.87215502
1253,-1.7023069867666825,54332108.95412626
1254,2.0093983457194167,209975.4157839638
1255,0.596509025916198,1621529.626892447
1256,0.20872963088103588,3005656.0857727462
1257,-0.5519818589223745,10276977.27604748
1258,0.28330143962425564,2666281.586348221
1259,-0.3391771797982501,7297015.031164653
1260,1.0113388510451349,856498.4283523702
1261,1.1563052400605325,689938.4922735968
1262,1.263467062956727,589486.9915896374
1263,-1.1432111223394967,25591258.470039077
1264,1.1678562617265509,678264.5484677722
1265,-1.637077259128699,50148355.2902979
1266,0.18043350775207304,3145791.2151437663
1267,0.7535336380492315,1269517.0232057078
1268,-0.5696185382948965,10570747.808954395
1269,0.652469205644497,1485502.6472785806
1270,-1.5520621569193793,45025296.39103239
1271,0.43735948213376846,2084916.8676032189
1272,-0.49900512148035564,9440740.996243207
1273,2.109965479916114,184261.44827752354
1274,1.4594295025638118,444638.30823323416
1275,-1.0788225004853738,23272452.933545373
1276,-0.9092300554072876,18011638.843648188
1277,-0.3521611679241623,7451798.408788637
1278,-1.091294865659795,23707134.61339502
1279,1.4500632906382154,450593.9737211892
1280,-0.1422098327491039,5303145.250223579
1281,-0.24939705414464033,6309877.007953586
1282,-2.636271919084856,131852975.63695902
1283,-0.845313749829904,16321142.834801305
1284,-1.3514279385971364,34430809.069454186
1285,0.03665598037239191,3968294.5199700086
1286,1.183367496472915,662924.4157679735
1287,-0.6705631970154179,12411357.77352842
1288,0.9731041946805483,907337.5710545193
1289,-0.1743587885737187,5587036.88733293
1290,-0.45236667236247274,8759011.301168429
1291,0.60504025060831,1599970.6907372177
1292,-1.5563524390743086,45274801.60555819
1293,2.5185826523662973,110541.47028284222
1294,-0.6230012209595854,11509329.55870971
1295,-1.8422737546128896,64024322.19897199
1296,-0.8207908800490192,15711585.252008371
1297,-1.0298800072089596,21632082.435621627
1298,-0.08591971526926022,4840371.991361736
1299,-1.1354463796592198,25301693.274901167
1300,-0.44821540161841,8700688.503602682
1301,-0.3657990985991867,7617836.536085078
1302,-1.3543768660654152,34571435.62939787
1303,1.1535686499938425,692736.0438628562
1304,0.756655486974797,1263400.941495098
1305,0.23779303881682046,2868387.2460406516
1306,-0.016717541241430635,4326638.049965775
1307,-1.853118538008109,64814361.782591775
1308,-1.1669528968247476,26493889.98001443
1309,1.7756837304292115,286678.84919142287
1310,-0.2449870210609706,6264940.720549609
1311,-0.3222156723933661,7099554.265555445
1312,-0.13563859736114942,5246915.371936111
1313,-2.2582205601779535,97666330.462079
1314,-0.6831514153443567,12660970.417098008
1315,0.3849263221706157,2266364.275485178
1316,-0.8592468743875759,16676953.153083218
1317,-0.32499081099950194,7131499.055231135
1318,1.0526014715648702,805056.9408027763
1319,0.32490830410172383,2494369.865950415
1320,-0.8306300613043779,15953624.54123632
1321,-0.14339030258151012,5313310.125762095
1322,1.0665309549809996,788452.4526513907
1323,-0.07858635907013299,4783142.846052424
1324,0.8005389756257659,1180668.1581718826
1325,1.59515003539964,367393.33271597663
1326,-0.44238796997213337,8619450.235265542
1327,-0.017192286044116396,4329968.1483056685
1328,0.6474040313267156,1497303.9260749272
1329,0.34752069499098415,2405793.159828629
1330,0.5052841045743772,1872128.9901111845
1331,-0.4178909933509808,8285912.1926692715
1332,-0.7251514420418551,13528099.652228296
1333,-1.316912801940195,32817714.738678206
1334,0.0660477120022613,3783961.634533406
1335,0.8907865486685885,1028144.3931888639
1336,-0.8631592210091986,16778116.205768365
1337,1.4152691331628349,473497.9895797722
1338,2.5741693641262486,103359.98964188367
1339,0.19264211884473836,3084523.945749317
1340,-0.907164549346947,17954641.38448891
1341,0.4036637363846812,2199704.4228118705
1342,-1.3962872364419152,36618181.28599724
1343,0.27375304984425175,2707433.491106051
1344,0.3092898766325568,2557517.0940379687
1345,0.18676701703646528,3113853.0740915323
1346,-2.975291354240646,162537557.83607167
1347,-0.8235897039706112,15780092.569598151
1348,-1.411307373862689,37373728.56814428
1349,-1.8379208985603246,63708748.25743407
1350,-1.1431041338675463,25587249.832388725
1351,1.167314596788426,678807.1588393197
1352,-0.10693067424339789,5008175.224098297
1353,0.1673755989873028,3212702.9517608415
1354,-1.0450717047350306,22130237.298669633
1355,-1.2878739211410017,31507053.646600854
1356,-1.1935525269762246,27536430.891861416
1357,1.0364341225906946,824803.9972570643
1358,-0.639897163108689,11822457.37243553
1359,1.0218225182310008,843101.0014472749
1360,-0.4070372929865368,8142170.561516834
1361,-0.3861769034456519,7872684.590360338
1362,-1.056005671417901,22494875.180815857
1363,-1.2511726184249419,29910511.711348426
1364,-0.5434393409190046,10137501.355966453
1365,0.9094948549522307,999247.6064470098
1366,-0.10015719085359988,4953451.148172002
1367,0.9123728592950731,994880.0679898923
1368,0.20301581465941637,3033427.752809248
1369,1.2388378386978898,611077.3109027838
1370,0.333941379938108,2458587.0771765257
1371,0.9026533058924066,1009712.7894227126
1372,-0.23830195677601648,6197426.136840205
1373,-0.8038603837508721,15302924.279395197
1374,1.0716046031830138,782496.7272622975
1375,-0.8113189424885766,15481744.994101737
1376,-0.08235613383701912,4812476.5716019515
1377,1.7643806595812495,291109.754457792
1378,0.05262996146980818,3867008.4711433216
1379,-1.2430397636636903,29565685.13012055
1380,-1.1343817864956018,25262207.296078872
1381,-1.0116053874960995,21045736.611323986
1382,-0.9162167567889197,18205636.068419676
1383,1.4671781726238051,439776.5502411166
1384,-3.1569609044422497,178258163.9930835
1385,0.8742025232246783,1054509.110909882
1386,-1.233602139963986,29169576.31057929
1387,1.1389202922237227,707921.491654526
1388,-0.7887002304795712,14945264.736371217
1389,-0.6378791421502353,11784640.111869236
1390,-0.07078601162476367,4723015.36370288
1391,-0.21879968559272273,6004557.779442858
1392,0.4550543611336788,2027156.623626363
1393,0.30586182602411566,2571597.1868378525
1394,-1.230967730128726,29059778.78420168
1395,-0.6293868121499726,11626741.221265407
1396,-2.0870901151419057,83080695.50438762
1397,0.5207972535075289,1826799.2069576443
1398,-0.15934183602029375,5452590.102397161
1399,0.7644491402378698,1248268.5818460034
1400,2.335798851288569,138397.13108348835
1401,-0.4073027458068762,8145657.012036638
1402,-1.1269723247918484,24988820.825725574
1403,0.18283968145473942,3133618.1560678873
1404,0.7695987257969737,1238375.8841594136
1405,-0.4741224587991156,9070897.746143047
1406,1.2559474704286446,595989.2501705544
1407,0.9214223049822761,981279.8929013533
1408,-1.9361454681770607,71038080.34662212
1409,-0.7719925054812931,14559985.247378837
1410,-0.8609518671547545,16720971.877322745
1411,-1.1816525033707304,27065907.764209427
1412,-2.090505077593711,83362934.3104596
1413,0.2065521121133086,3016208.855588436
1414,0.6198461800565622,1563269.406256459
1415,0.1845110631240349,3125190.9202926955
1416,0.129217407019911,3416708.8710455094
1417,-0.8268905910559037,15861238.431596514
1418,-1.6315294868471775,49802596.61822454
1419,0.8110935430967843,1161643.656177579
1420,0.0005883924871009637,4206995.981148826
1421,1.909789921645069,239452.6427810143
1422,1.919450154316952,236400.82548409936
1423,1.0194594528061902,846100.9942803214
1424,0.07556083146500471,3726182.257485638
1425,-1.1896690587048189,27382143.937859774
1426,-0.4137851786269289,8231248.974253726
1427,-1.6716515930279525,52338848.27087458
1428,-0.26983589762806015,6522335.698668187
1429,0.3344980939126609,2456399.2368657724
1430,0.7361746901889082,1304104.301656043
1431,-0.794435325160413,15079657.513063101
1432,0.38298080086428576,2273405.01966812
1433,0.6866890460685626,1408307.6967297094
1434,-0.9903102238733855,20379982.6485945
1435,-0.8425798442568484,16252139.301376378
1436,1.2322500953451854,616997.2252784237
1437,1.857819950317496,256642.28167205682
1438,-0.1910529228522751,5740379.405450317
1439,0.43693021474727206,2086339.2520403848
1440,-0.3351540121353825,7249696.827162745
1441,0.9481880433488739,942209.181725821
1442,-1.138662029914847,25421277.13704256
1443,-1.115040290097928,24553804.12290952
1444,0.5953234223283352,1624549.8623281484
1445,-1.0312890948109765,21677876.271506835
1446,0.061958157017709875,3809079.3945066854
1447,-0.3968104418710615,8008951.015546394
1448,-0.609182214799137,11259062.555463864
1449,-0.398443254319222,8030077.552912018
1450,-0.6522517354529798,12056480.573186591
1451,-0.3630617489551074,7584222.504495317
1452,0.17414081428811903,3177856.2684459616
1453,-0.689619643577917,12791047.719220353
1454,-0.029914253760751835,4420176.838251314
1455,-0.10477980657382888,4990732.646415329
1456,1.226864082945984,621883.6466987184
1457,-0.2816342238673795,6648177.153408842
1458,-0.48758381111815347,9269212.953403512
1459,0.13971898175333575,3359276.8229119144
1460,-0.229506046620721,6109690.091005691
1461,0.7000424113397972,1379346.8140095696
1462,2.127659938757351,180111.4741208947
1463,1.3977728323501448,485495.67582497903
1464,-0.7204187429075674,13427696.864157533
1465,0.40686931444787827,2188506.2969102035
1466,-0.014048351179316925,4307963.11505518
1467,-0.8141667437115055,15550523.507649017
1468,-0.06688670990368836,4693243.827389608
1469,-0.3137585911718279,7003068.355517701
1470,1.5901937936954706,369938.37035176245
1471,-0.2085278349752251,5905379.8851298215
1472,-0.03826894572919212,4480447.506787208
1473,0.16638409510695812,3217842.84504879
1474,0.6367584150087171,1522431.1008346453
1475,-0.16265132123050532,5481940.018911152
1476,-2.671287688738963,135063952.3967148
1477,-0.9738243720167526,19877316.825728875
1478,0.5979156925372971,1617953.9218956085
1479,1.0895990204555772,761762.9316687249
1480,-1.0756750098101748,23163839.416379124
1481,0.3376445859798462,2444071.6541383374
1482,0.44597908064912717,2056568.8366043686
1483,0.3160764489592647,2529877.2605029517
1484,0.6163119164090723,1571948.7859903823
1485,1.742692322107599,299826.17891511484
1486,1.1150320060494976,733465.5201689691
1487,-0.42045673142812895,8320250.2446918385
1488,-0.6957218010257806,12914906.313698575
1489,-0.7268086105080673,13563420.376056718
1490,-1.2535132203901438,30010350.464137774
1491,-0.7261796986771584,13550005.749726964
1492,-0.605906811401746,11200502.90939716
1493,-0.8554254106340657,16578672.52957007
1494,-0.9631300393052331,19557097.217823457
1495,-0.08259268100218764,4814323.22932604
1496,0.24995050843971378,2812896.091156034
1497,-1.92190859024537,69949408.03445973
1498,-0.08629131377973849,4843290.167622173
1499,-1.0465663793889124,22179780.746839665
1500,-0.7687408747019338,14486072.443641268
1501,-1.8592489797571392,65263356.41611822
1502,-0.10729251116284427,5011115.55955123
1503,-1.6307889818382229,49756565.71950508
1504,-0.4001314423671022,8051977.612687808
1505,0.6128974157197018,1580382.3429980956
1506,1.3904086110537441,490644.8760796964
1507,0.893740473937221,1023522.8638677034
1508,2.077459292600338,192166.68712068367
1509,1.4757911246568092,434440.9896982539
1510,0.005733379168418505,4172076.0899075074
1511,0.5665540852462231,1699682.8786308176
1512,1.678336758239085,327440.51514939073
1513,1.3524564904344745,518148.3597448231
1514,0.4619884625754558,2004980.0489761336
1515,1.3416506531557755,526284.7738250192
1516,0.8917981688063812,1026559.1627291153
1517,0.26522508372467135,2744741.711462487
1518,-1.3346459324753428,33638946.46611135
1519,0.5094539660080294,1859829.8699563579
1520,1.21508089524068,632721.4110485762
1521,0.05117567584736733,3876120.0433331607
1522,1.8663378724978419,253733.15476947677
1523,-0.4849385381736696,9229915.455141036
1524,-0.2811142317688523,6642580.78530035
1525,0.24673263464705095,2827475.164357525
1526,1.4657916743396666,440642.1726002509
1527,2.313633024112123,142279.61524541787
1528,1.0189621678460998,846733.779478817
1529,-0.2331161653521509,6145549.845309851
1530,-0.44322103405629504,8631018.561692003
1531,0.7582122294310931,1260362.8085945733
1532,0.5175322443336507,1836243.1110650569
1533,-0.2741906582618979,6568507.736037529
1534,-0.45498880538221276,8796045.286012255
1535,0.7550823039479333,1266479.0727547738
1536,0.599679706939296,1613481.5881432386
1537,0.28800745423434515,2646237.642202462
1538,0.9186833895457576,985374.9684448482
1539,-0.21538748853076956,5971429.932260858
1540,-1.305796070892671,32310974.401051935
1541,0.7099192296948292,1358332.3396452938
1542,1.2848943509361328,571379.2219841753
1543,0.16336440430117424,3233548.6814808226
1544,-0.5783823578159559,10719681.870697452
1545,1.2800570154463835,575413.4685227986
1546,1.0401724995360013,820191.8556158023
1547,-0.6470864069280641,11958112.626280637
1548,-1.6128534858341381,48650335.10217219
1549,0.37173735924926804,2314542.2868980262
1550,1.0405124208737273,819773.8676870079
1551,1.6266431511979662,351666.4860419796
1552,-1.0904845692759966,23678685.851181973
1553,2.7142462358372987,87466.50534195508
1554,1.8102438910997254,273588.8265155561
1555,0.5133490951535611,1848417.56563151
1556,0.9180685796021167,986296.7156574177
1557,1.2343363546726287,615115.7288924096
1558,-0.7186676169666889,13390722.964587566
1559,-0.7784718009061069,14708301.291675452
1560,0.03464789380690047,3981216.247008605
1561,-0.0338289968714969,4448315.265763803
1562,1.849816265827842,259409.62397578967
1563,1.16035793026723,685818.0228851296
1564,0.20938719029795336,3002476.86033012
1565,-0.16429235201113923,5496551.764512782
1566,1.1175612373563635,730714.2850848597
1567,-0.526407444468069,9864797.348807799
1568,-1.0320264658955316,21701873.49164842
1569,0.43559334362038726,2090775.485688745
1570,-0.21179519215355258,5936749.565851463
1571,1.5614172385731586,385105.15423083975
1572,0.09702992431079066,3599063.5736014573
1573,1.6714703320411137,330549.4167707094
1574,1.306957470036831,553366.5212533164
1575,-0.47516095690185767,9086050.378047418
1576,0.2083077744354691,3007697.5350957676
1577,-0.6845465427477454,12688921.698147386
1578,-0.8137045984214383,15539343.114510436
1579,0.5165050091679038,1839224.9226947746
1580,-1.8932166218292161,67782025.95611936
1581,-0.4638802525094838,8922754.555511435
1582,1.1588281591387362,687370.2318584044
1583,0.9130310956129022,993884.035428656
1584,0.27123140554000663,2718410.395981465
1585,0.5503346881385508,1743644.2895166369
1586,-0.043765015818889925,4520547.326172181
1587,1.7800631323283438,284982.2490974388
1588,-0.530885643783765,9935811.488049336
1589,-0.08420596761776038,4826936.703583375
1590,0.5922604152270832,1632380.1070935
1591,-0.718720453306035,13391837.184789043
1592,-0.2729880659858952,6555724.918526042
1593,0.12515624824498553,3439187.0589980865
1594,-0.3565515773165676,7504860.430260775
1595,-0.43214116362778265,8478380.853145758
1596,0.8104811848970319,1162738.4443486105
1597,-0.12515726838291863,5158458.2319303015
1598,1.5019292822311443,418680.01375271083
1599,-0.2864782562556472,6700534.448314132
1600,1.007449639476569,861526.7883590272
1601,0.8551741249874151,1085654.0511607525
1602,1.0379022527971093,822989.3942299525
1603,-1.3094854770974118,32478462.40480275
1604,-0.16770208828039357,5527036.376774052
1605,2.1409599291170345,177060.89996741983
1606,1.0592261001198482,797113.4946365145
1607,-1.2713001147318277,30777842.811216976
1608,-1.649425150332068,50923620.540595
1609,-0.7271278611894516,13570234.674633533
1610,-0.09745734605909456,4931806.181478344
1611,-2.137790309803922,87310860.46176447
1612,0.6049825873380309,1600115.391020464
1613,0.48289436071628883,1939640.8182233537
1614,0.9764341281361673,902783.2876723566
1615,-0.30678023967153145,6924424.298208136
1616,-1.9488711517221935,72018472.08757374
1617,0.9282257708565129,971186.5315262548
1618,3.2857835075487225,45615.187959773684
1619,0.20846189396381018,3006951.554178912
1620,1.2093403209737177,638075.7080018708
1621,-1.015820609682587,21179742.95085595
1622,-0.4454426474933515,8661942.482085453
1623,-0.6072315011938423,11224151.716981256
1624,-0.933790580007137,18701860.870569203
1625,1.3713312140191418,504264.677653383
1626,0.20068020324791855,3044855.615112682
1627,-1.1223797166319105,24820621.01341779
1628,-2.362343866391363,106898952.91669056
1629,1.7734840519614763,287535.24259424047
1630,-0.17272498935294564,5572250.713558437
1631,-1.0291253957711544,21607592.853490096
1632,0.5295081427811366,1801851.752773837
1633,0.7906287825055934,1198833.7346332436
1634,0.4829681200684492,1939414.2747561547
1635,-0.7133353002101366,13278716.362466585
1636,0.31197168488411753,2546557.6734024896
1637,0.5835414868714974,1654887.4893886014
1638,-1.469725708171865,40423710.00717152
1639,-0.02380662409546532,4376634.598076926
1640,0.11256521740642592,3509841.902290107
1641,1.5243650388043433,405652.6938829365
1642,-1.3188848555440726,32908257.14906252
1643,0.7285713835406883,1319567.7162763367
1644,-1.397996855880479,36703590.91773807
1645,1.106377225801604,742965.1895634995
1646,-1.0846894705301118,23476071.684806492
1647,0.6674479951672151,1451175.656840286
1648,-0.2108251530549024,5927419.053917125
1649,-1.3040214179357048,32230653.62402582
1650,-0.6149088757150754,11362143.751351338
1651,-0.15194981373336994,5387599.5291997185
1652,0.22553786486357616,2925465.75138411
1653,0.5587299767722066,1720742.2146974402
1654,0.7954301394094309,1189995.8378646818
1655,1.6170307174112257,356386.3620327744
1656,-0.0253737415866646,4387765.3634714
1657,-0.1088479814045601,5023775.240190892
1658,0.08282899009011031,3682643.4497990655
1659,-0.38195952534711924,7819267.891767019
1660,1.0645667873894251,790771.2387287561
1661,-0.9058828240510541,17919353.40361344
1662,-2.0477540927887703,79859149.81235087
1663,-0.23781837881515205,6192570.363289999
1664,-0.7998966702228593,15208663.37834276
1665,-1.4457821553112968,39152136.72386541
1666,0.8165556906571465,1151926.8098318798
1667,1.1345886174371487,712480.8726851366
1668,-1.584267640590336,46921732.25461792
1669,1.5046287698392247,417088.446305613
1670,0.10450114537405367,3555870.0532278703
1671,1.9940906536352898,214229.9424900481
1672,-0.36623632860661876,7623219.0867004115
1673,-0.6411858989331404,11846667.748563515
1674,-1.5473105825115845,44750088.446745366
1675,0.6873525344296504,1406853.6130791774
1676,-1.2734624315260477,30872208.118207604
1677,-0.02124606198788892,4358508.996208732
1678,-0.06875998777193539,4707522.851116641
1679,-1.461940450792054,40006973.43501447
1680,-1.6549850963979307,51275264.36342663
1681,-0.30588194904667926,6914364.106960954
1682,0.74192625979816,1292534.8144847306
1683,-0.5202254028538227,9767562.359334553
1684,2.0956744295423806,187691.26734626174
1685,-0.7754092564108134,14638025.062402772
1686,0.5445155861612531,1759706.3941532625
1687,-0.45496797959319607,8795750.555175908
1688,-2.2584624306130165,97687510.3203691
1689,-0.22224736832674513,6038215.338917189
1690,-0.9004568094650081,17770652.59192092
1691,-0.5826623561539999,10793139.986335324
1692,2.301054640865516,144536.91943788456
1693,0.5206311687977777,1827278.3683625257
1694,0.3909590351357765,2244676.0022287094
1695,0.5428583610417806,1764309.1076611583
1696,0.7409470628120643,1294496.7762040023
1697,-0.037327372718769306,4473613.7738108765
1698,1.854504489384389,257784.62707285318
1699,-0.20875547387723084,5907560.0865746355
1700,1.286648439862766,569923.9800253493
1701,-0.6965637360382344,12932083.085898947
1702,-0.7036177232163383,13076834.390962021
1703,-1.4454451951966913,39134455.17328826
1704,-0.9985155836432345,20634296.43541659
1705,-0.9729734163271917,19851668.77165437
1706,1.296280258762112,562004.9164212323
1707,1.1531254850431643,693190.2379883112
1708,0.9945072641681452,878490.3325094616
1709,0.060030233162293015,3820979.2817140166
1710,-0.9064620487647415,17935292.714975007
1711,0.5589112482604355,1720251.2132129814
1712,-1.0994230047615399,23994118.472626504
1713,-0.5887958695495686,10899244.199921612
1714,-0.16378163303688836,5492000.1620207615
1715,0.5122898718140803,1851513.6895725215
1716,0.5279072961111149,1806409.5304116688
1717,0.12919112563128207,3416853.8529542545
1718,-0.5420504624049659,10114996.319996703
1719,0.7516830084006391,1273157.4874653548
1720,-0.16783715300406682,5528247.3824513415
1721,0.6547003936728293,1480335.4642814065
1722,-0.8084920663263405,15413746.572524887
1723,0.5453801106885423,1757310.3040721554
1724,0.6071341179625238,1594725.6712380466
1725,-0.055741557078508905,4609186.443268423
1726,-1.0254894226847238,21489930.355658293
1727,-0.8789468987972388,17191992.637908924
1728,0.0722779545391644,3746019.2086633793
1729,0.6291250860365777,1540722.2252738264
1730,-1.9605015091387832,72920401.97234485
1731,0.2639765022854227,2750248.3633575905
1732,-0.00952805745790215,4276522.515001641
1733,-0.933992157536957,18707621.83619817
1734,0.40166758893222076,2206707.7391337454
1735,-0.1498765756856823,5369510.899585027
1736,1.9788012801799582,218575.58471185388
1737,0.41752328582389,2151713.1695565535
1738,0.7538816094733607,1268833.7485622442
1739,0.042305437130752924,3932168.895702
1740,1.0168705843120185,849400.8697520928
1741,1.3813827505976433,497037.73434006504
1742,-2.2528060700943207,97192562.55716866
1743,-0.9743023966830839,19891737.41007843
1744,0.45198226354214543,2037063.5394488724
1745,0.69149377108261,1397813.6555391748
1746,-0.16062868466964078,5463983.748587572
1747,-0.6808793385788908,12615572.691656291
1748,-0.17301765928969245,5574896.558742971
1749,2.1183293516447117,182286.65649647004
1750,-0.8283910674727788,15898250.090772806
1751,-2.2321528787113376,95391937.06549685
1752,-1.0262307412493605,21513874.71707279
1753,-1.681435353096051,52969816.40094322
1754,0.0984145432829932,3591018.464999682
1755,-1.581997544732755,46786282.07227813
1756,0.1534290251590264,3285780.2079102085
1757,1.7360029657002602,302572.7146574506
1758,-0.8146264938413481,15561653.236994041
1759,2.075798470634739,192580.64115215713
1760,1.2638201490852954,589183.5820953026
1761,-0.1038182777424846,4982954.788500868
1762,0.8318527502789177,1125172.9322311212
1763,-0.9435836725646544,18983568.87188994
1764,0.27995991702804063,2680609.009485858
1765,1.4526531343435742,448938.4574876184
1766,0.7798045300683448,1219015.5605121572
1767,-0.7380994996189282,13806358.548592135
1768,0.006850877242188147,4164530.2915437245
1769,-1.4439370139954315,39055387.80704443
1770,1.2090965171269283,638304.195184368
1771,-1.125242218180887,24925344.975375425
1772,0.9081773354184719,1001253.8748963791
1773,-0.374701144673755,7728160.885206803
1774,0.38173957533727315,2277908.831843209
1775,-0.3413266731593664,7322420.062262111
1776,0.17484026384767662,3174275.6633385057
1777,-0.5322240086240925,9957129.729737205
1778,0.9491558445912991,940828.1247234539
1779,0.5744222135819891,1678778.2367084515
1780,0.8339184084204682,1121611.334197168
1781,-0.7253594214631787,13532527.816728586
1782,0.7942023662769118,1192249.1831130963
1783,-0.5716859388821282,10605703.17748525
1784,-0.9005988170010886,17774530.214938268
1785,0.07690104681290888,3718114.6894580293
1786,0.0801811916490907,3698444.4139889954
1787,-2.1244015969283203,86185628.48194765
1788,0.3529196183332098,2385131.024765937
1789,1.4513588483635678,449764.97223183076
1790,2.3400987680786223,137657.78595893303
1791,-1.4823569141081767,41106585.98179516
1792,0.33547271613645446,2452573.9082129886
1793,2.5118486421697757,111448.7345847661
1794,0.7953197527747681,1190198.245841022
1795,-1.0710712915694547,23005755.447742704
1796,0.1908283291047594,3093548.204960876
1797,-0.14649773910926392,5340161.030303478
1798,-1.824795834499994,62762552.7293974
1799,-0.3011406298153886,6861502.556778896
1800,-0.7290592144487219,13611526.522107644
1801,-0.36540993116036885,7613048.786549029
1802,-0.761369174149339,14319783.951306652
1803,1.1427543216617269,703912.3060096537
1804,0.6010467872775889,1610024.5685987968
1805,2.0550317297707927,197841.63759429735
1806,0.45094551563847696,2040418.2494154521
1807,1.2546923606722176,597082.1498192843
1808,1.2918948669909867,565595.4888652666
1809,-0.8361728164460442,16091462.094524963
1810,-0.29430710489951306,6786013.696157772
1811,1.5941856560880385,367887.0241279949
1812,-2.782103211609957,145189480.1284982
1813,0.794008327266608,1192605.720892902
1814,-0.3770000753040903,7756904.350797069
1815,0.9500530593950174,939549.7376089817
1816,1.1077186905666332,741484.084866114
1817,-0.5074720867539753,9569865.12369285
1818,-0.9791288468596467,20037853.08041231
1819,0.8970135102911855,1018428.0525989658
1820,0.37318559941983837,2309200.3786943764
1821,1.1478901271988422,698580.4153894173
1822,0.7995559368452597,1182456.910600188
1823,-0.502861182526035,9499338.332509894
1824,1.0760491971190904,777319.3709454647
1825,0.430229794017215,2108672.8977561253
1826,-1.318030400896493,32869002.729430787
1827,0.985995917811235,889842.0014629893
1828,-1.8384287479196055,63745521.03456478
1829,-1.5051631221779336,42360698.3716548
1830,-0.8938632057785749,17591441.49143568
1831,-0.21070241661578135,5926239.527491747
1832,-0.5912785278756818,10942472.794848526
1833,-0.379648304412283,7790144.3907092605
1834,0.3135907824678219,2539964.6403577123
1835,-0.4286163668241559,8430373.672707524
1836,-0.029410160255022876,4416566.584467516
1837,1.970054143321005,221105.90501527506
1838,-0.8282884617836804,15895716.656490287
1839,0.08187660074578948,3688318.986417442
1840,0.06134588271057824,3812854.4998809425
1841,-1.0129934801523157,21089783.802563574
1842,0.6441587378683054,1504917.135806105
1843,0.5068498498860468,1867500.8182218676
1844,0.19056427171481227,3094864.2433250654
1845,-1.116954595178441,24623162.055271138
1846,-1.5869728154275111,47083493.29101542
1847,-0.8726945615111517,17026998.96179687
1848,-1.600261076326537,47883626.10964428
1849,1.5181017757021305,409243.95865404373
1850,-0.739201664366947,13830287.737319412
1851,-0.8147470111130997,15564571.94660981
1852,0.4724228627282637,1972085.4638958233
1853,-1.316699296216946,32807923.855216667
1854,1.264980232235405,588187.9124865262
1855,2.1625921340956173,172221.774105164
1856,0.5006401145728863,1885926.9306716952
1857,1.27756145499241,577506.8649317365
1858,0.9146092730280144,991500.3160462673
1859,0.39319100248508393,2236706.6396728093
1860,0.4263973394767651,2121559.0802715104
1861,-0.6964930871837207,12930640.92176906
1862,1.1511006260301364,695269.6055371127
1863,-0.23379681821569687,6152334.183565107
1864,0.5148139044366724,1844144.84855937
1865,0.5587170365740777,1720777.2708317894
1866,-0.5676352498642313,10537317.667616056
1867,0.6332786636661725,1530740.743487367
1868,0.6579251105407333,1472900.932520993
1869,-0.6344034791928068,11719773.956037953
1870,-0.11429219790259734,5068337.638307476
1871,0.9345169933904308,961952.2279799802
1872,-0.4625812328272445,8904133.257110208
1873,-1.1334492658205442,25227662.449142233
1874,-2.144006038552932,87835167.56415644
1875,1.7762927245191378,286442.25231801544
1876,1.0004980684536355,870593.8911801497
1877,-1.5783982382833095,46572072.71092938
1878,0.5999421254773734,1612817.388186961
1879,-0.40430273270055084,8106339.284847569
1880,-2.063886723786993,81173722.02359702
1881,-0.6890365697352498,12779270.99537757
1882,-0.33217731239076487,7214880.327637859
1883,-0.8452079964398745,16318468.69846249
1884,0.3018724949681235,2588083.634091309
1885,-1.347347520150913,34236955.6725411
1886,-1.4173134614001228,37679117.095965736
1887,-1.4663407221953155,40242126.15847958
1888,-0.18563391231097134,5690149.775786742
1889,-2.1491143197841516,88266954.69709693
1890,-0.43683901205296066,8542776.956835654
1891,-0.4829732542909,9200823.620992173
1892,0.8090211754112837,1165353.1253219156
1893,1.261991078390567,590757.1619626451
1894,-0.411047913896651,8195000.913881054
1895,0.4939013169187513,1906138.5585174954
1896,-1.189674563470792,27382362.132235188
1897,0.6997168249297131,1380045.391344871
1898,-1.3525028586452112,34482017.80096154
1899,-1.1945880951215517,27577693.86393995
1900,-1.1506066478580226,25869630.396212436
1901,-1.520588387700811,43224377.975999646
1902,0.47628196524846156,1960062.9548390137
1903,0.9360194121348501,959760.9385066113
1904,-0.8810490595465357,17247789.16392602
1905,-0.9032951659178344,17848299.915102266
1906,-0.5847853207125736,10829753.865781894
1907,-0.322988670063195,7108438.148140291
1908,1.1016544146230915,748205.1672561372
1909,1.5456565343885085,393701.69435949315
1910,1.0201749544165475,845191.427208009
1911,-0.491939225620806,9334266.99445512
1912,-1.4154970644946154,37586562.431921415
1913,-0.18983724055468446,5729072.814636016
1914,-1.378293409657551,35728379.85891826
1915,0.25142929293214344,2806222.228342491
1916,-0.8311947064105971,15967616.918107554
1917,0.27020129368489443,2722907.7527699764
1918,0.20204731247941737,3038161.161145982
1919,-0.9894119238909977,20352308.397142842
1920,-0.006553518662706309,4255959.914683718
1921,0.03270779354722938,3993741.025123588
1922,0.16938716945047927,3202300.923208172
1923,-0.5218927063880898,9793695.930653198
1924,0.02891922545467978,4018314.3417090215
1925,0.6260786088342578,1548086.8963525384
1926,0.8337733962946074,1121860.9700791722
1927,0.4847935677217573,1933816.43234727
1928,0.12949487684151584,3415178.585504738
1929,1.378697415960937,498957.2864792162
1930,0.40333302903230084,2200863.0808476782
1931,-1.004567593368391,20823643.250373073
1932,-0.39909886011972706,8038575.520965159
1933,-0.4907659447093032,9316699.34120638
1934,0.6417756211271763,1510533.7849871481
1935,-0.6858412360674553,12714912.373991491
1936,1.1997141903381308,647165.0618244419
1937,-0.6829894890553171,12657729.965489792
1938,2.8954627250251592,70802.83087093032
1939,-1.6636976370895986,51829487.302453086
1940,0.28761906336587917,2647885.9750973694
1941,-1.1420861427115936,25549134.105058268
1942,0.5031216933764858,1878540.6101984663
1943,-1.8357533188249806,63551931.27467493
1944,0.3323042259521188,2465032.6667704647
1945,1.034477607545763,827228.9560862806
1946,-1.1619715177605132,26302337.38839812
1947,-0.8602480193887075,16702787.551265715
1948,-0.6496265888036965,12006392.901449496
1949,1.936146091707263,231227.93262293428
1950,1.6069379509361135,361417.54984448606
1951,0.8734157606704924,1055777.7288126112
1952,-0.27089743832040863,6533561.239409946
1953,0.9802825799903961,897550.4550978179
1954,1.6537688968040438,338715.8044983003
1955,-0.6549273863490769,12107733.865618223
1956,-1.2455399587070848,29671347.710123964
1957,0.8989742622471807,1015388.9652657714
1958,-1.3471889232875975,34229438.13876862
1959,-0.1258829174553245,5164533.981669776
1960,2.1452400090866655,176091.50924234238
1961,-0.8407584243316275,16206313.775666554
1962,-0.9749231981725667,19910478.878677625
1963,-1.694509715179298,53820598.75298348
1964,0.07590903134879454,3724084.52039403
1965,-0.21526096137721504,5970205.017451938
1966,0.7369924612010363,1302452.639063569
1967,0.11765210587721567,3481120.027301088
1968,-1.127691300639645,25015239.321825054
1969,0.8676623276659067,1065104.659885708
1970,-0.19440536875661427,5771674.343061553
1971,1.9596396170697923,224161.24325126107
1972,-1.3685498241717502,35253504.73936357
1973,-0.9663535515792163,19653136.696407463
1974,-1.1573067762926978,26124007.242053565
1975,-0.46564102916621014,8948055.123131203
1976,0.3895763364905432,2249627.815867731
1977,0.42827471884284796,2115236.3817725736
1978,-0.427148198133511,8410455.306381295
1979,2.905309803436868,70004.24457802929
1980,-0.2904433765805944,6743694.193117934
1981,0.1420631873385101,3346591.88565135
1982,0.40964544671076625,2178856.330467608
1983,-0.04404680021078615,4522612.972113502
1984,0.9443215592755962,947748.4440008834
1985,-0.70614210930465,13129001.81637258
1986,1.0766072048750306,776671.9879433585
1987,0.8586353738140059,1079916.4145743055
1988,-0.8722850306593505,17016241.731472377
1989,0.7056603198905265,1367351.9014958832
1990,-0.6010890128898034,11114891.110416422
1991,0.4147443621792587,2161247.5354173067
1992,0.449507792157418,2045079.9867111044
1993,-0.10778535912063468,5015123.292144205
1994,-0.22833004599566817,6098053.570533934
1995,-0.7075552182242685,13158288.801923623
1996,-0.12367394839446443,5146060.866500579
1997,0.6636497944562325,1459799.8639744157
1998,0.537619620757071,1778942.3173521834
1999,-1.1711479095148953,26656101.802297864
2000,0.3684473576807944,2326725.3895613034
2001,-0.4644014917757816,8930237.027384896
2002,1.106883510889365,742405.8266402043
2003,-0.3336287969945921,7231836.858568184
2004,-1.3738720917938834,35512293.3867976
2005,0.2176350292407256,2962891.7577546956
2006,1.5238535746183952,405944.65462110797
2007,1.9828684641622605,217410.06419999202
2008,-1.1549316299759842,26033594.789367393
2009,0.3900987397276704,2247755.6160023664
2010,-0.10620256215990535,5002263.72794281
2011,-0.8595345049908781,16684371.719318997
2012,-0.19059844428746306,5736149.880210199
2013,-1.2496451884819606,29845503.48604214
2014,0.28284344886843804,2668240.624128974
2015,1.3123988410985103,549020.0640953163
2016,-0.26209759632273455,6441078.388009954
2017,-0.6869871694331261,12737958.218892079
2018,-0.9392948984899232,18859738.04834135
2019,-0.76080183293599,14307059.220418222
2020,-0.3067070759844562,6923604.38081252
2021,-1.7581223969395334,58082588.91529325
2022,0.08143110175560032,3690976.8869737233
2023,-0.16427103006346983,5496361.664954253
2024,-0.45233602771086234,8758579.380589068
2025,-0.032132416134914625,4436098.446771661
2026,0.5993676880860473,1614271.7051685082
2027,-0.5475717385835732,10204744.891025843
2028,-0.7628246399282921,14352475.89231383
2029,0.8166105995527743,1151829.5714183203
2030,0.6192555383963663,1564716.3672756776
2031,0.6344900160225603,1527842.6139152655
2032,-0.7937937580401165,15064568.599180378
2033,0.5363630428386175,1782471.1902583411
2034,0.4887851853066565,1921634.7318829058
2035,0.27895823444596957,2684919.3866510815
2036,-1.3971479860275895,36661163.98358692
2037,2.066683582951723,194870.3010663895
2038,-0.891750820365199,17534371.44375402
2039,0.15336300566344893,3286130.154078253
2040,-0.8725401075409807,17022941.168455467
2041,1.269288814014384,584505.9997967974
2042,-0.028408315531503983,4409400.329864597
2043,-0.0565026979782971,4614878.495669033
2044,-1.4918818057480256,41627047.42822162
2045,-0.8473594597855125,16372949.944685493
2046,0.34900165441166997,2400106.988006405
2047,-0.1784073748709323,5623845.97999425
2048,-0.1073632968055159,5011690.975540948
2049,-1.6257591904217776,49444656.53443013
2050,-0.21606600036674892,5978002.89093254
2051,1.8951325523731148,244167.2689882089
2052,-0.5797630538369141,10743326.851600548
2053,-1.0921815729699023,23738299.427983254
2054,0.2541761207697626,2793868.8652350795
2055,-0.4076976985363309,8150846.997692615
2056,-1.6940239730267188,53788835.22454314
2057,1.7524843431589034,295855.4726812683
2058,1.4310087904838846,462982.44323062134
2059,0.2711777319262752,2718644.5397680122
2060,-1.847069758281651,64373040.29792393
2061,-0.40819150121217274,8157340.471432264
2062,-0.03075706237392129,4426219.578908105
2063,-0.5958209901175462,11021988.501306128
2064,0.9318515975406146,965852.9571028729
2065,1.674308760731564,329260.32120873156
2066,-0.6583608439610057,12173803.097939283
2067,0.2915414767721462,2631287.8545946553
2068,0.17555622771980983,3170614.801121192
2069,-0.17902941630270452,5629522.848618561
2070,0.7172585696934627,1342936.7684550313
2071,-1.1382679471707111,25406596.507434342
2072,-0.37277902225750675,7704208.458558266
2073,0.2427097648642438,2845810.9512578836
2074,-0.7359942762066549,13760758.372210993
2075,-1.155588869000628,26058587.129304778
2076,-1.0589028206675022,22592354.71905236
2077,0.6921699756798622,1396343.414191772
2078,-1.5058072588496005,42396514.96464679
2079,2.1703852365630265,170514.8305144216
2080,1.3627211264630255,510546.8113454651
2081,-0.34680015504674366,7387503.440696879
2082,0.21580338676510924,2971636.0529708294
2083,-0.43753857309056593,8552406.693562765
2084,-1.4965456975654643,41883625.19799334
2085,1.635789959568405,347239.3214340405
2086,-1.0892638771621521,23635883.354514536
2087,1.212093239756493,635501.9036681139
2088,0.8513812738926239,1091978.8244429408
2089,-0.7914097124288074,15008619.726718044
2090,1.1343404298278277,712743.0696129064
2091,0.9061662706405872,1004324.5794281593
2092,1.264813975560004,588330.4936160407
2093,0.4997799299441275,1888494.330977265
2094,-0.3896878454162959,7917424.848635708
2095,0.6347219052592422,1527288.4858904383
2096,-0.8984566525833922,17716117.208608717
2097,0.30800744879781433,2562775.072351159
2098,-0.2210903905443806,6026899.680029299
2099,-0.3591105161560085,7535957.779983115
2100,1.7682693681082708,289576.82616566075
2101,-0.33712868638244214,7272884.117089053
2102,1.4123611550335389,475469.3263339028
2103,-0.6717743068805976,12435171.143130723
2104,-0.7277605612137018,13583748.828662114
2105,0.6939840041694172,1392407.341284989
2106,1.325371463538286,538807.5440182289
2107,-0.1883668670520387,5715427.041986529
2108,0.012220623262222997,4128463.794024631
2109,-0.021309767678508465,4358959.032803825
2110,-1.371845107170766,35413562.49270913
2111,-0.0840992288800838,4826101.142744361
2112,-0.3432729476089746,7345497.972864878
2113,-0.7070514726895359,13147841.598326487
2114,-0.23071923963238772,6121717.693405235
2115,0.2070689760116625,3013700.5708698584
2116,0.16692640161388508,3215030.519678759
2117,-0.33733433230745924,7275303.056169234
2118,0.9358790943611487,959965.3659973473
2119,-0.8167939807739455,15614222.15348729
2120,-1.400027929799613,36805256.05396768
2121,-0.8379173934786738,16135069.619206347
2122,-0.5324063910756849,9960038.208232138
2123,-0.3657153445731072,7616805.900125952
2124,0.9874517165142929,887889.2458014616
2125,2.0810140747485857,191284.0059953143
2126,0.2606798844356667,2764842.3498186865
2127,-1.2914960177870969,31668234.621506516
2128,-0.37533701583995405,7736100.748850893
2129,1.2177696076448428,630230.4480234714
2130,-0.8019754646801369,15258032.678918645
2131,0.4158343553196319,2157502.580567063
2132,1.4527703742106928,448863.6720539352
2133,0.32324203435797233,2501029.188712534
2134,0.9157901868974087,989720.6445972355
2135,1.556950146955247,387520.47889745096
2136,0.12869577722837158,3419587.630072732
2137,-0.9034084584762989,17851405.487467136
2138,1.5149662134114734,411054.98699268943
2139,0.8286065194714664,1130794.4917757588
2140,-0.47944434575551936,9148807.208623769
2141,0.6230393645911088,1555471.1155054925
2142,-0.1268848297328269,5172934.613237514
2143,-0.5346645167852921,9996116.252749143
2144,-0.9635993370702726,19571053.4212641
2145,0.21297678217832366,2985182.406227974
2146,0.9043338510895187,1007131.301324356
2147,1.0772938297294228,775876.1873529223
2148,0.8081561568127402,1166905.215153036
2149,-0.3694937388248752,7663436.774791797
2150,0.8924403583189402,1025554.1967577698
2151,-1.7995069599879796,60962348.15648679
2152,-0.06240560994300341,4659263.244164261
2153,-0.8235490145422657,15779094.661633866
2154,-0.7767120071771008,14667881.491134044
2155,-0.8743133374085037,17069579.671581767
2156,-0.7056639095722848,13119104.776607798
2157,0.9581805131461232,928054.098318541
2158,-0.42495562182826224,8380794.008766202
2159,0.13364266387467455,3392386.2404405014
2160,-0.6487833980713731,11990346.409560526
2161,-1.0477316926124587,22218473.30430974
2162,0.7505100453069171,1275470.6258907088
2163,-0.17455845466516914,5588846.579704963
2164,0.036922262037725743,3966584.2360941404
2165,0.49234845438443836,1910828.1245228825
2166,-0.7011184953713827,13025377.140499935
2167,0.7127271334050993,1352420.263816423
2168,-0.3700713653636734,7670590.053793622
2169,-0.6839204950177485,12676371.748692852
2170,-0.7130389514928878,13272517.107144782
2171,2.1270383399404613,180255.47828313345
2172,1.0694861119902073,784977.5939591811
2173,-0.1774380016251034,5615010.658954186
2174,-0.21101824373299394,5929275.173191977
2175,0.26419222376482454,2749296.1474929345
2176,-1.7709587854128275,58966915.26622546
2177,0.6948508846158563,1390530.5401478407
2178,-0.9996499234023702,20669671.13036202
2179,-1.0702706865012015,22978358.50261836
2180,0.0030843827693988308,4190018.4978716928
2181,-1.3852864848783473,36072209.13656294
2182,0.9339988596359557,962709.1752685966
2183,1.2386717917945922,611225.7625500428
2184,-0.20579671533606217,5879284.9360254165
2185,-0.04512473059683027,4530523.621384536
2186,-0.9722368477345222,19829491.888154443
2187,-1.4073673839302576,37174408.956495084
2188,0.23775050405968592,2868583.35685481
2189,0.46361479460913047,1999815.5222398285
2190,1.5931753409292824,368405.0171522382
2191,-0.774671862052081,14621150.236661816
2192,-0.22405973592249537,6055983.316831566
2193,-0.5180200417027283,9733097.844998302
2194,1.4819441288983675,430672.91967768816
2195,0.03213922200537999,3997419.1394465384
2196,-1.2715438201732745,30788466.76705567
2197,0.3918418133535387,2241520.468614937
2198,-0.23608855448729435,6175231.424933607
2199,0.7301391975282324,1316363.2732687285
2200,-1.5392431924594074,44285537.62593908
2201,-0.9875631483706444,20295456.0809016
2202,-1.2065017319114704,28056069.273029726
2203,-0.8074673465292104,15389165.121425861
2204,0.4431929335105957,2065687.6224427044
2205,2.563011444486779,104758.6219923289
2206,0.7894381512390147,1201036.1434900693
2207,-1.2667463049660037,30579865.859056115
2208,-0.5409008986202931,10096405.194931274
2209,-0.5997786901617067,11091714.231688138
2210,1.4179914520459793,471660.63733185886
2211,0.5353398514924169,1785350.0669766127
2212,-0.513364039580014,9660718.210715147
2213,0.5907270809719068,1636314.8323611289
2214,1.265932460380425,587372.0106950074
2215,0.6824304880493085,1417678.617853216
2216,-0.5260191445403327,9858662.735312827
2217,0.35371374996180116,2382107.384436364
2218,-0.2985508829490922,6832797.265755376
2219,1.4301154767280142,463572.3482336521
2220,0.6234519561125823,1554466.496668131
2221,-0.6448356935642712,11915486.784932256
2222,-0.3236036348347409,7115513.588897546
2223,-0.5113921042140179,9630219.479569491
2224,0.3600559099928304,2358102.0218629926
2225,-0.5788062056641048,10726935.171142621
2226,0.8256520172771151,1135936.9287758404
2227,-1.5976424341403133,47725221.17590334
2228,1.5500640472460867,391276.5350158731
2229,0.08630076680535703,3662029.400090089
2230,1.903284357795549,241532.5673261678
2231,-1.6198269600880595,49078467.384511225
2232,0.5146427431448933,1844643.5759654844
2233,0.3658627217300554,2336343.1849795333
2234,-0.012505083200744687,4297202.845382612
2235,1.6859699278867242,324022.39731900237
2236,-0.7357303265202699,13755050.942051336
2237,0.5362549630724288,1782775.0558623925
2238,-0.1191682174067831,5108585.243487297
2239,-1.1761905544972975,26852179.498446245
2240,-2.1396226169293815,87465293.560885
2241,0.011724460770512635,4131783.025237838
2242,-0.46903272432046006,8996985.639231773
2243,2.251854006501785,153759.55575256617
2244,2.1199568085850866,181905.15306280256
2245,-1.6227741417669435,49260165.47354064
2246,-0.11125033871323348,5043390.587386818
2247,0.7031313092018073,1372737.9007218953
2248,-1.0540487121974926,22429234.831319556
2249,-1.2932359384957262,31745892.415938713
2250,1.4465647034810567,452841.0493072197
2251,1.112177199171263,736584.3955455271
2252,-0.4501654995681588,8728039.243830306
2253,0.6512844213227602,1488254.223083163
2254,0.9636356705810818,920423.0572185706
2255,-1.9547539794920972,72473981.30469497
2256,-1.2575173219297826,30181768.396906357
2257,0.23703946076932583,2871863.739021999
2258,0.5952213940597678,1624810.0484391584
2259,0.9969142892859664,875308.4158687801
2260,-0.4795757480309224,9150739.000358315
2261,-1.3393311702671338,33858580.465378895
2262,0.2602109791518318,2766924.651728877
2263,-0.052826440516562864,4587451.583724179
2264,-0.23294116135750695,6143806.708987476
2265,0.4429486047288979,2066489.2966975584
2266,-0.15286644793308785,5395616.382071037
2267,0.3880070129503856,2255261.751733343
2268,1.0304700797669122,832220.047313096
2269,0.7811713337041303,1216447.3131660377
2270,-1.1747980482708005,26797914.318825785
2271,0.21676355280598888,2967048.898911253
2272,-0.18271739235829493,5663297.42360889
2273,0.729148660117596,1318386.8627701104
2274,0.8940408340139496,1023054.1870562086
2275,-1.5484875121549457,44818145.3077882
2276,0.344100825735396,2418977.2641866365
2277,-2.432001882435755,113180584.5200837
2278,0.3053393938257792,2573750.012770046
2279,-0.013293493588292009,4302696.554824373
2280,-0.39238982125476946,7952024.977127566
2281,0.05196702097496125,3871159.3079101546
2282,0.8629344059061625,1072835.1146137333
2283,-0.9637107820145983,19574368.91490977
2284,-1.5590970919649867,45434924.41862567
2285,-0.47350148625939986,9061848.836603431
2286,0.2567852911037953,2782186.4974712897
2287,0.6629678202260595,1461354.0899662478
2288,-2.1200795389828073,85823611.06597263
2289,-0.5684487790107144,10551018.253856113
2290,-2.7717861465982647,144250399.04892543
2291,-0.3801995467790919,7797080.926637276
2292,1.1085168564915306,740604.3510969676
2293,-0.5361389823858628,10019741.193557914
2294,0.16339755167413347,3233375.8518290427
2295,0.8488586054652478,1096207.3066280822
2296,0.7883163508323419,1203115.1744905815
2297,1.051298714170297,806629.08558823
2298,-1.2391027043385285,29399915.45835978
2299,0.7434606698750764,1289466.7557296008
2300,-0.33927874531549745,7298213.495566463
2301,2.0234157276983664,206162.0628611904
2302,-0.3502739444780159,7429102.596321593
2303,0.027883129705808557,4025061.2952344217
2304,0.44464534876431877,2060928.7559557904
2305,-0.31038877760602207,6964982.4933325695
2306,-0.21457885384034128,5963605.799998086
2307,-1.1279058620038038,25023127.851548757
2308,1.2214742954102131,626815.7005924357
2309,-0.9297872022952931,18587772.780599874
2310,-1.5786233992028211,46585453.13089412
2311,0.2586845875560955,2773714.2168642064
2312,-0.13346396270327457,5228438.662499724
2313,-0.26954269676031045,6519238.526030452
2314,-0.4944439905794975,9371877.788969748
2315,-0.21688940217533964,5985989.089142857
2316,0.28374693035723875,2664377.44214035
2317,0.9858731727368512,890006.8584677336
2318,0.9634726361636217,920650.1401816938
2319,0.1257727441161849,3435765.104014231
2320,1.0702605139367565,784069.7432737352
2321,-0.019541070146832006,4346481.824220866
2322,1.6419149353041338,344309.2191933689
2323,-0.16008614120959497,5459177.222692919
2324,-1.359262562799061,34805398.34174149
2325,0.025650609430427122,4039638.3035871875
2326,2.1120831934409736,183759.18496434155
2327,0.5301604314367805,1799998.0805167323
2328,0.033498033967270684,3988634.624099882
2329,0.2344392430474537,2883892.703895553
2330,-0.2563341867367641,6381209.3040764425
2331,-2.2515832404809166,97085661.64950715
2332,-1.9329467750914509,70792727.85659479
2333,-0.12889407872935887,5189822.58504378
2334,1.0807170687228378,771921.775772926
2335,-0.3711749183484489,7684274.494918244
2336,0.059271098099225275,3825675.31604774
2337,0.13783764761577055,3369492.624756177
2338,-1.0324841872239514,21716781.277717315
2339,-0.7706579305704986,14529607.146744426
2340,1.8580615303853307,256559.26536549363
2341,0.26818631001498255,2731727.1633610874
2342,1.0358541182585321,825522.0697174037
2343,0.8407721895291534,1109880.0729083458
2344,-0.6118791842695176,11307497.946701728
2345,1.58457103344484,372849.25903843844
2346,-0.11323647767996803,5059665.434367426
2347,1.8316691028309615,265807.9128110143
2348,0.4087955365608966,2181805.942835522
2349,-1.4394783222842247,38822331.0469985
2350,-0.1337121404038884,5230544.002586795
2351,1.5126203303082653,412415.6864739161
2352,-1.577403861917993,46513012.515556835
2353,-1.8439671469308732,64147327.43967758
2354,0.48322321419562175,1938630.9955610244
2355,-0.12868423900853587,5188056.281116724
2356,1.4590701352414752,444865.21552511904
2357,0.19214193360113332,3087009.846989574
2358,-0.3081222616601581,6939480.773135143
2359,-0.24503742094893013,6265452.480042664
2360,-0.6821382298929757,12640707.40668192
2361,0.025275744181177673,4042091.1885223165
2362,-1.3516159866457211,34439763.34673588
2363,-0.8868324827017087,17402136.52811638
2364,-0.04283457812602528,4513733.419562353
2365,-0.10324225864212237,4978301.161939838
2366,0.127501992873373,3426185.188161006
2367,-1.0257448826330893,21498179.021487363
2368,-0.2555574599060622,6373182.99959897
2369,-0.7680682703174369,14470826.645511234
2370,0.787112884187474,1205349.8207214926
2371,-0.24572600387137564,6272448.48275722
2372,-0.9824692840693667,20139532.543764286
2373,0.20200442686652836,3038370.9334051204
2374,0.6899061228712077,1401272.0577395076
2375,0.7771433040793432,1224032.6282576981
2376,0.5439008345655388,1761412.3085449766
2377,-0.3803844179663378,7799408.5945044
2378,-1.6711210554747316,52304772.707363814
2379,-0.07965168989235402,4791414.240363182
2380,0.6740782358237206,1436249.9441782427
2381,0.5912273301153383,1635030.0344297602
2382,0.26075509986696366,2764508.4855865464
2383,0.39419613902134026,2233127.3622655026
2384,0.09689183387561505,3599866.9328025784
2385,0.08113186167172584,3692763.283830085
2386,-1.3682745253363215,35240158.17911426
2387,-1.2311847851577464,29068812.542997114
2388,0.6795349881095293,1424087.837371738
2389,0.35292623062392303,2385105.8321661116
2390,-1.3702910907386576,35338011.78514993
2391,-1.5319663579550253,43869433.643243924
2392,-0.778902874939195,14718218.003055558
2393,2.313915713767885,142229.33936314096
2394,-0.9853640808953591,20228013.097491864
2395,-0.3958213855746144,7996180.197995939
2396,-0.36783819671322354,7642970.755970669
2397,-1.5418267377867314,44433937.01974499
2398,-0.6112849655762097,11296809.361564873
2399,0.05168002295393668,3872957.677771
2400,0.7453354815479909,1285728.5634230967
2401,-0.3680978522275086,7646177.116414835
2402,-0.5168336035532247,9714604.917533668
2403,-0.37722191900191887,7759683.569340169
2404,0.2635222730163509,2752254.4884699057
2405,-1.8698422313771477,66043251.3171504
2406,0.7708965391693129,1235895.8829726363
2407,0.076259333275838,3721975.331990824
2408,-1.6810772655503738,52946636.88123868
2409,-0.6341221263754132,11714537.824949874
2410,-0.3888544168590759,7906782.016747473
2411,0.1304263661731307,3410046.4082543217
2412,2.0571838327959355,197289.04258447274
2413,0.7110029296162778,1356047.3542625788
2414,-0.4497978342201294,8722876.267024256
2415,0.5333322888018737,1791012.7876857158
2416,0.5171100121341807,1837468.133515401
2417,0.012343100218375098,4127644.862374319
2418,0.5377922101429172,1778458.2043119215
2419,0.9270678806774998,972896.4354213526
2420,0.5854757689168767,1649866.2045327153
2421,-0.3862472706248138,7873578.861323029
2422,-0.7750667680477492,14630185.196895555
2423,-1.6925958751186403,53695518.60239612
2424,-0.5904417691900582,10927884.825034508
2425,1.0720559122223052,781969.3160725964
2426,2.4503826512265796,120126.19873886189
2427,-1.1580033624563282,26150573.127241127
2428,3.0719904078559535,57894.393678090484
2429,0.286929247479223,2650816.1728138654
2430,-0.24713430259330985,6286780.878487776
2431,-0.6110485264832795,11292559.041135805
2432,0.6168707615369751,1570573.0077462094
2433,-0.9975775236327565,20605082.75429915
2434,1.4360058246939336,459697.7847669255
2435,-0.41118565205497154,8196821.190681132
2436,-2.0490814176829932,79966950.53897142
2437,1.2241526267834566,624359.5278946747
2438,-0.9429691160283811,18965780.505531687
2439,-0.10348710158731285,4980278.701864429
2440,0.10856661812761127,3532588.6748854225
2441,1.2688415269628228,584887.0585291255
2442,-0.07409509224487011,4748429.426430807
2443,-0.043638212050384456,4519618.089929984
2444,-1.378493532135149,35738184.351915285
2445,1.7271853117756413,306235.81196009833
2446,1.14997728814215,696426.1014347036
2447,-0.4567456515701321,8820942.933014318
2448,-0.12591301310234562,5164786.122575086
2449,-1.1198816418064355,24729532.882374138
2450,2.42714895481461,123601.04445050479
2451,0.4351854415605198,2092131.014299546
2452,1.090227515371036,761049.5820763356
2453,0.6918984128985466,1396933.6640042134
2454,0.4948803151206459,1903188.228403591
2455,-0.08635443292317738,4843786.0199966505
2456,-0.04141608671458993,4503365.247993732
2457,0.6623367107936455,1462793.954004932
2458,0.20074465020027468,3044539.6916310983
2459,-1.0145560298923944,21139462.88487536
2460,2.2021096836694953,163758.74649753788
2461,0.4585993761630745,2015787.1525229344
2462,-0.08183801769234549,4808434.269178263
2463,1.335311596597883,531122.8444333003
2464,1.481519237304956,430931.962544466
2465,-0.8096899764600166,15442528.05336646
2466,0.6511481673325552,1488571.008352193
2467,0.03479549941279918,3980264.976180748
2468,0.4471645003613397,2052701.8259269916
2469,0.5888509920975235,1641142.701183326
2470,0.8326845260658238,1123737.338014836
2471,1.0444797046920038,814912.4205442084
2472,-2.0392624310228498,79171019.35646105
2473,1.357737669182712,514221.9863211302
2474,-1.1711867944098002,26657609.242530838
2475,-0.3402019508307172,7309116.090043446
2476,0.4805155710169884,1946961.8655547726
2477,1.388972985449405,491655.64893741935
2478,0.11898175384155829,3473652.1157852523
2479,1.8010047069720327,277022.01689466205
2480,-1.9716103490420467,73787097.43848345
2481,-0.8602234339223508,16702152.694139585
2482,0.45927112326156017,2013640.2623330366
2483,-0.4997214653579845,9451600.33934711
2484,1.2223658168058082,625996.9620823781
2485,1.000395224849676,870728.801891637
2486,-1.5243824314351433,43438721.41650378
2487,0.07675935913630115,3718966.752592098
2488,1.6559774499568078,337684.82429555646
2489,-0.27123350268769053,6537119.0129984515
2490,-0.6682478835954743,12365951.93777844
2491,0.6267495756225231,1546461.690741903
2492,1.2900449783526866,567117.6035698167
2493,1.1293841198813992,718001.1095888872
2494,0.34871681217558714,2401199.5613680617
2495,0.3648913829003322,2339968.339907637
2496,-0.8301727530587668,15942300.2325321
2497,2.991041197038749,63458.449893106204
2498,-1.99632087033236,75732879.85393119
2499,-0.06863285336298924,4706552.390994407
2500,-0.5371471146040531,10035924.933248783
2501,-1.1464408624869542,25712517.947398122
2502,2.4233195429287036,124184.501476561
2503,1.0072791660027418,861747.920002838
2504,-1.5220120013172578,43304716.22576213
2505,-0.4833895654349444,9206978.837337596
2506,1.3021192096150982,557262.8113661495
2507,1.9316573559769532,232606.1697249719
2508,-1.9903267449685982,75258642.99078542
2509,0.19606574574729269,3067563.721073173
2510,0.3187389728161229,2519118.141437497
2511,-0.20599342168258752,5881160.566633583
2512,0.9507071668487989,938618.9158744385
2513,-0.7338504355604962,13714465.109261408
2514,-0.22153876898390462,6031282.484068554
2515,-0.46348075694793783,8917023.831918431
2516,-0.009118402898013637,4273684.6746874675
2517,1.2827167054443054,573191.5040787533
2518,0.5958970131760177,1623087.943644495
2519,0.7106285377040721,1356836.2997403713
2520,-0.8224679104795778,15752601.628022393
2521,-1.004544428013543,20822915.60341726
2522,0.10078709593866195,3577275.711593325
2523,0.29651503512970717,2610396.1737886537
2524,0.3088042317958249,2559506.9328463487
2525,-0.6367693419535255,11763891.290138304
2526,0.16662367823828772,3216600.0899850177
2527,0.8415368386840821,1108579.4128563288
2528,0.0920151622312593,3628355.088599383
2529,2.1322039426218775,179062.67368098197
2530,-0.4619534013777204,8895146.8229576
2531,-0.01414743297248545,4308654.881436173
2532,-0.19282928962578685,5756940.632434875
2533,2.601630660416412,100005.79398633854
2534,-0.17431939297191185,5586679.8905652445
2535,-0.20513017413480858,5872933.762327051
2536,0.1557281470927609,3273617.131208238
2537,-2.1653163214527753,89641703.21632636
2538,0.8069956442204002,1168990.9690582594
2539,-1.5182597828046704,43093197.5927939
2540,0.2524227663418968,2801747.775461461
2541,0.4645765564168326,1996767.9263191116
2542,2.8738180803900426,72593.97137686079
2543,1.1160736472353272,732331.092008025
2544,-0.14905126598262838,5362327.107607549
2545,-0.39100646404579,7934292.046063391
2546,-0.41763543972336226,8282499.586070464
2547,0.8304005449223233,1127684.046405877
2548,-1.2922050450462141,31699862.377791952
2549,1.5517051454385995,390377.7604612914
2550,1.1214678418526853,726486.7246200487
2551,0.6946984915622044,1390860.2776805013
2552,2.193482405929903,165565.90157085157
2553,-1.4726833000097512,40582857.03245468
2554,0.8572136525863109,1082269.2372723045
2555,-0.8679391646046652,16902464.780563865
2556,1.2160668086851973,631806.7676759762
2557,0.8214045010443695,1143373.6991623447
2558,-0.1503729859375558,5373836.460566797
2559,0.24095682403109572,2853838.9246584964
2560,-0.12770908123414906,5179855.881229018
2561,-0.14069016942274667,5290088.227985581
2562,0.9976568634468107,874329.2925052956
2563,0.5111137390529887,1854957.9115973827
2564,-0.07646974673706602,4766751.688598659
2565,-1.6205953214552287,49125794.63786785
2566,1.3382383377704063,528883.0891833312
2567,-0.6147840137465538,11359886.72232594
2568,-1.1917498113249911,27464721.66425328
2569,1.4097751002996535,477229.995112212
2570,-1.3261379647986757,33242954.537270185
2571,-0.21570637850847535,5974518.226462374
2572,0.006856413783537935,4164492.940982632
2573,2.2063181001459062,162885.22354292168
2574,-0.8092422204161974,15431764.344124787
2575,0.7583486844871079,1260096.8740236438
2576,0.6004864293532578,1611440.634910374
2577,-1.1285915750462567,25048352.70938177
2578,1.4391323957738593,457655.64060125645
2579,-0.40895558574940477,8167398.047555411
2580,0.9693357101397078,912521.4831904657
2581,0.5498971598302306,1744846.5997801607
2582,0.33290773883815544,2462654.5590344295
2583,-0.3050056769577817,6904564.357602357
2584,1.3350659774670304,531311.2813955137
2585,-0.10046654751211549,4955937.3731048945
2586,1.207387638064846,639908.2166969372
2587,0.4436583655591325,2064161.3778340516
2588,1.1813142201961309,664933.2222583356
2589,1.461970144171897,443037.75143124204
2590,-0.5623230141213028,10448270.280129502
2591,-3.025771539805584,166973707.3147157
2592,0.23832768219828263,2865923.3953272877
2593,0.16279398296640654,3236524.328086422
2594,0.30149209892743695,2589661.369670763
2595,1.8151305254978742,271792.1335601113
2596,-0.438283104301901,8562667.014268395
2597,0.8480648693501577,1097541.3794167833
2598,1.3710178356984921,504491.8358601516
2599,0.5395181130775919,1773624.6492355163
2600,0.046190647838099945,3907518.6373076965
2601,0.3774622550599501,2293500.3582834746
2602,2.9805998673101253,64218.18591594527
2603,0.6719773135397397,1440961.7884691197
2604,2.208622335610482,162409.1520210381
2605,0.19106203062462784,3092383.936558312
2606,1.755966870080964,294457.384601661
2607,0.17205207987184007,3188573.5245215236
2608,2.2388008295465203,156315.6196485245
2609,1.90041780114633,242455.42631626208
2610,0.48707468150064964,1926845.0192732858
2611,1.3456549548235952,523253.48494401696
2612,-0.4410383896162852,8600741.169776667
2613,-2.7294392889641745,140386958.2133607
2614,-1.944942506701512,71715080.84131268
2615,-0.17563270512619403,5598593.178073843
2616,0.3978634004434547,2220118.752779467
2617,1.034261435886644,827497.3568177015
2618,-1.9970857665043429,75793498.24028689
2619,-0.001296414558010851,4219862.352684118
2620,-0.44633838524587477,8674441.084651308
2621,1.1925073331443394,654062.2027918033
2622,-0.3565157640221528,7504426.103065146
2623,-0.9838403728297964,20181397.97521218
2624,0.8619980552362829,1074373.2158686516
2625,-0.7284418221590876,13598314.175809935
2626,0.46239448423889074,2003689.395814304
2627,-0.528190902201884,9893020.547284558
2628,-0.6619642815925355,12243507.101305768
2629,-0.5811193179617633,10766601.676672779
2630,-0.6659140913751815,12320341.2955022
2631,-0.3523334814117082,7453874.0337507725
2632,-0.8985069671493819,17717487.22317682
2633,0.13878596593801681,3364339.213308593
2634,1.001953189656312,868687.4678503391
2635,-0.20164144703834838,5839802.286154444
2636,0.48165178078800264,1943461.4262270457
2637,-0.02622721149174401,4393839.317898079
2638,-1.1331570233249744,25216844.616312254
2639,0.02330487808951816,4055012.1612372305
2640,-1.4055697019257087,37083733.22447622
2641,-0.30234899529108067,6874936.899637472
2642,-0.7527184060403882,14126887.56901011
2643,0.9483335978439505,942001.3356815921
2644,-0.20738067488874176,5894405.165096126
2645,0.6858820040280555,1410078.5349218484
2646,-0.6318994965440212,11673250.899269044
2647,-0.5546399941694294,10320749.665734697
2648,-1.5271312972754463,43594488.98176624
2649,1.4556931068132541,447003.724955181
2650,-0.6709037023174522,12418048.616686422
2651,-1.2566073628685412,30142743.48332365
2652,0.5657902867757628,1701726.7262933154
2653,-0.46945568971891766,9003105.656029902
2654,-0.460271322307789,8871113.620723683
2655,-0.8342213648633029,16042810.359352278
2656,0.4907394024188652,1915700.1242481444
2657,-0.9458325464657323,19048788.721239142
2658,1.6576421568518247,336910.01295268664
2659,0.37288936874435996,2310291.997707418
2660,0.7475105497594673,1281406.1151637773
2661,1.0881321121570466,763430.7071656164
2662,-0.48290562711352825,9199824.118356835
2663,-1.0743316283638022,23117614.19807738
2664,-0.6633251527995313,12269928.737734623
2665,0.22943487982474345,2907189.7387233186
2666,-0.5725459099435911,10620275.83453955
2667,0.7053712413953765,1367966.4121900315
2668,1.172767711303393,673365.9691409905
2669,-0.0770382870841514,4771148.941952296
2670,1.0078263156907266,861038.3952371882
2671,1.1092872923150268,739756.2532625736
2672,-1.1875829490267797,27299559.24080605
2673,0.3200581032391945,2513805.163475541
2674,-0.12293944918785861,5139933.076693216
2675,-1.2882818745082323,31525174.664147142
2676,0.9625236631466146,921973.116356425
2677,-1.0927371768267868,23757844.819138553
2678,-1.5577792154896624,45357990.44232606
2679,-0.810251812472975,15456043.85415578
2680,1.267200625594258,586287.3191234979
2681,-1.0686383667940103,22922586.60677165
2682,-0.14441425140286207,5322142.984412721
2683,0.1889319962791229,3103012.1188674523
2684,2.4309748802472257,123021.18038917646
2685,-0.6165149230560781,11391212.787827052
2686,1.0312953967505778,831189.5232170762
2687,-0.6382933365751731,11792392.718923742
2688,0.24833903520847084,2820187.4126094077
2689,-0.5410456688663664,10098744.668716047
2690,-1.1838671856588174,27152969.17136835
2691,-0.9610769310122825,19496144.040382594
2692,-0.07967685618572129,4791609.809054376
2693,0.47862966984936456,1952786.5239988223
2694,-0.4509773762865122,8739450.57446975
2695,1.080210821417463,772505.1999719874
2696,-1.802513946901623,61174810.18168077
2697,-0.27299782286680485,6555828.529341293
2698,0.7101745946424538,1357793.534163239
2699,1.7812800566313713,284512.78838200175
2700,-0.5160400630196345,9702254.865010116
2701,-0.2899785845226934,6738620.86392753
2702,1.6148814927270088,357451.2189659574
2703,-0.6536038525211817,12082355.452259742
2704,0.3294379012422258,2476359.784664492
2705,-0.0037145610347792393,4236427.789506523
2706,-0.8688688032845564,16926745.358416684
2707,-0.597652548549104,11054204.622543788
2708,-0.1699196251810124,5546952.579928193
2709,2.640280542913739,95489.13896918738
2710,0.10679154993135992,3542734.6191433347
2711,-1.1864022794648383,27252910.159569975
2712,0.6603946749773005,1467234.0920457463
2713,-0.20635340786559067,5884594.639454322
2714,-0.6644203111695594,12291230.32387955
2715,0.10827109839746984,3534275.74962532
2716,-0.2871339037213038,6707652.245254067
2717,0.9698714867208076,911782.532446094
2718,0.949126193298415,940870.4049477897
2719,0.7414279406092545,1293532.8734019853
2720,1.064637950629884,790687.0988554872
2721,-0.036660156786081935,4468777.62858023
2722,2.1230556451743356,181181.19781541897
2723,0.2669994861550147,2736935.576348731
2724,0.513076436769901,1849214.030641305
2725,0.5987577803303271,1615817.3360039522
2726,-1.0221216188249735,21381442.250224486
2727,0.16193159867782364,3241028.3472901257
2728,-2.0686588136357806,81564369.60998753
2729,0.4683851245257164,1984747.0645981177
2730,-0.5232849305786943,9815569.183876589
2731,-0.26665653851149207,6488828.51977431
2732,0.7746140311255764,1228821.3110051383
2733,0.3800075188424996,2284209.1425072127
2734,-0.4439838900246232,8641625.12756584
2735,0.8404807877285009,1110376.1732161178
2736,-0.16896226964411798,5538345.591362821
2737,1.5861459933980016,372031.3651672214
2738,-0.17954541705777116,5634236.300182965
2739,0.9011132992606937,1012084.6241682541
2740,0.8595999255587289,1078323.28146996
2741,0.3536114444386855,2382496.6873758575
2742,-0.46856502162234864,8990222.978349607
2743,-2.8977651683028753,155638387.9264602
2744,-0.5427259953476127,10125936.516025012
2745,0.5141323457620096,1846131.604484877
2746,0.5124213312416993,1851129.136609617
2747,1.163745779966615,682394.0091397666
2748,1.0470112490135584,811826.5780134564
2749,-0.09805861576501747,4936618.403158199
2750,0.505647071330588,1871055.0310336458
2751,-0.09518230242885684,4913640.57765741
2752,-1.1713904358333564,26665504.91000768
2753,-0.4552335567528496,8799509.773048162
2754,1.1759277714741627,670234.512319285
2755,-0.47306874827896644,9055548.058420923
2756,0.7888266072483581,1202169.0421060035
2757,-0.611120382528545,11293850.593140552
2758,0.00684277233408859,4164584.9694068427
2759,0.3230805183895931,2501675.672723776
2760,0.13609141116701504,3379003.252766741
2761,-1.076860817876187,23204708.26000423
2762,1.043161729908799,816523.985100083
2763,-0.5655406007364948,10502119.737104788
2764,-1.6804530973090062,52906249.174978726
2765,-0.26813146627678097,6504351.556643421
2766,-0.28921282100983486,6730270.550069896
2767,0.019281353401001008,4081520.4222747716
2768,-0.4139364803810526,8233257.115583789
2769,-1.4139569230882985,37508218.39955077
2770,0.45405012396616784,2030389.5448650073
2771,-0.03334689084494405,4444840.24616402
2772,-0.441474510353669,8606782.753176305
2773,-0.0979794408897921,4935984.463158339
2774,-0.6685791609963668,12372439.094701579
2775,0.3639111669125757,2343632.5473340796
2776,-0.258069211121186,6399174.27853622
2777,0.42958667720054355,2110829.5912856213
2778,1.4198467829537131,470412.9175142241
2779,-0.2277038034893041,6091865.870957406
2780,0.4392526970354869,2078655.7299902036
2781,1.5038311807152074,417557.99566127756
2782,-0.44015454628962947,8588509.874849342
2783,-1.2327797617143976,29135264.938649848
2784,1.2245628846501013,623984.2257727337
2785,0.8203114021800343,1145295.9483317083
2786,-2.376474487934412,108167456.56561454
2787,-0.16304378006453657,5485430.9456607215
2788,1.7365275500774455,302356.3240405918
2789,-1.7348397230945918,56499274.910860516
2790,0.2823292519954145,2670441.852887417
2791,0.8718545566447039,1058299.936264784
2792,-0.7992176563978041,15192569.164533585
2793,0.10322342115909788,3563219.3505929983
2794,-1.5851600366607843,46975052.58894123
2795,-0.2804424773194675,6635357.964548789
2796,-1.0025821198188396,20761358.026752576
2797,-0.5286257754346467,9899914.125729997
2798,-0.22073471331084007,6023425.257724262
2799,-0.9420062558425404,18937940.179890092
2800,0.873529192650284,1055594.7243126982
2801,0.19952991504532566,3050500.074422959
2802,0.3644163790672842,2341743.238315311
2803,-0.03220222865244361,4436600.487722542
2804,-0.6910434328606198,12819847.52221241
2805,-0.88834698757613,17442759.945774626
2806,0.36744133823894165,2330464.032848644
2807,-0.3347947189056582,7245485.684617285
2808,0.286494641557358,2652664.0103306924
2809,0.1648144959878298,3225996.7752512465
2810,-0.535622596452077,10011461.219798645
2811,-0.3709617930348669,7681629.810781258
2812,0.6553463010591243,1478843.1639013651
2813,-2.471590817308772,116777861.31952032
2814,-0.4799797600751954,9156680.988001836
2815,-2.0710151372375156,81757558.46006104
2816,0.7255661026344283,1325733.3629519248
2817,0.260673346998778,2764871.3699814626
2818,-2.798042218707603,146638357.4573445
2819,1.6814265498530787,326052.1265742818
2820,-1.045471346430816,22143474.719948146
2821,0.11636517731161813,3488363.6132539823
2822,0.230090037500765,2904128.7688531447
2823,1.5226369842523557,406640.05537498894
2824,-0.022621945667382314,4368239.104600962
2825,1.3208339417288637,542355.8380834785
2826,-0.5607848080193903,10422619.929623907
2827,-0.018734481995166218,4340803.758999979
2828,0.27173605648738336,2716209.942740238
2829,-0.47280101911647404,9051651.967678782
2830,-1.3700970466672489,35328586.754733704
2831,-0.11585191335151412,5081177.163548381
2832,0.5892521567955078,1640109.0969129314
2833,-0.259242400889982,6411350.163602892
2834,0.894935462193491,1021659.5861220248
2835,-0.2763983821664332,6592038.532584961
2836,2.3634339554387727,133721.7325263879
2837,2.3311475887060054,139201.89584029542
2838,-0.2526830790880972,6343567.309316759
2839,-0.9894722167817025,20354164.83094414
2840,0.015548156545204845,4106272.8982351925
2841,0.5715923170859608,1686265.6016410815
2842,-0.35694733235681797,7509661.602948788
2843,-1.1701842820080153,26618767.707603972
2844,-0.7244762637908237,13513733.45643285
2845,0.36029000016487467,2357220.7999909935
2846,0.34160456324395866,2428648.0178724336
2847,0.7154829612695405,1346644.3695123023
2848,1.6181517441345918,355832.3284246682
2849,1.764620973180366,291014.76224235224
2850,0.8886024310955665,1031575.9014872557
2851,-0.010143648142608246,4280790.538527638
2852,0.580925904895234,1661702.9907710182
2853,0.8509414922328441,1092714.7273189665
2854,-1.3746310772420343,35549316.50239184
2855,0.6691898210478291,1447238.7048270197
2856,-1.1668792346971266,26491048.971430376
2857,0.8333425823630636,1122602.9589111905
2858,0.8292496981283459,1129678.3094818823
2859,-0.504435788423802,9523366.643605044
2860,0.47921344281457706,1950981.5793992623
2861,-0.3531282002618788,7463454.248440382
2862,-1.414513237690446,37536502.86860359
2863,0.5465929871418631,1753954.5072440533
2864,1.534130111117992,400122.60519350326
2865,0.03481687800857004,3980127.2170959413
2866,0.12526248669683296,3438597.1180309094
2867,-0.9904786129626114,20385173.93832785
2868,1.6087534003752346,360506.8005737506
2869,-0.1449594787178698,5326852.246329591
2870,0.42278063685246026,2133795.1318715652
2871,0.018945624920524026,4083740.228357214
2872,-0.6650053459216669,12302623.860676503
2873,-1.0495359232959265,22278494.995981313
2874,0.14710456263096083,3319477.728379168
2875,-0.4830894380979331,9202541.015401214
2876,1.2965535304445752,561781.9984470514
2877,1.3541974473343301,516850.40457585664
2878,1.1676516350923904,678469.4768864095
2879,0.6235136866752758,1554316.2478563902
2880,-0.6972400161927701,12945895.67239701
2881,-0.2499165991356192,6315191.892675358
2882,-0.12424838850854705,5150858.4085396705
2883,-0.2748252715418091,6575263.1959328195
2884,0.9616709713156281,923163.609200262
2885,-0.02919867869060849,4415052.866397232
2886,0.5574564145052672,1724196.008509205
2887,-0.35657058517188384,7505090.958792032
2888,-0.446586614168801,8677907.813680703
2889,0.6667643025100162,1452724.064642724
2890,2.0190120683274455,207351.66453956367
2891,0.10749199355692544,3538727.4744750136
2892,-0.5428798409758587,10128429.612374907
2893,-0.3349285491372154,7247053.978726065
2894,-0.6232551255568144,11513976.653737286
2895,-1.5338456071618956,43976627.2313164
2896,-1.571849329050405,46184054.98649529
2897,-0.7135331146383265,13282855.89855925
2898,0.0942435983191589,3615308.7947368133
2899,1.0975375840655204,752805.4515586073
2900,-0.36388298363030985,7594291.831164935
2901,-0.3186074633814048,7058229.951596233
2902,1.4117599051558771,475878.03975516564
2903,0.28533653301249057,2657594.502914663
2904,0.45301607886539497,2033724.0537850382
2905,-1.9689166326297565,73576473.90026268
2906,-0.5442423139733915,10150534.342537934
2907,1.3700257620410126,505211.69859740057
2908,-0.46696684261469557,8967151.40483711
2909,-1.1101910578786924,24378848.328663547
2910,-0.11481765671111085,5072659.5633672085
2911,-0.9211025363262341,18342403.14619473
2912,-0.7148308398362992,13310042.335742526
2913,-1.1375290710847863,25379090.57735615
2914,1.506949808128303,415725.32971380174
2915,0.11435782278645824,3499692.900808627
2916,0.4902487168751009,1917188.4422928856
2917,0.027602029251770147,4026893.773393576
2918,0.7826423093655723,1213689.7608188018
2919,0.5323805521808231,1793703.9299356474
2920,0.007552614929988904,4159798.936157709
2921,1.5605286685566633,385584.27170007274
2922,-1.3162736061313933,32788409.533447444
2923,-0.14280190253240166,5308241.056562376
2924,0.17932676474327705,3151406.6027890784
2925,-1.3725720395809786,35448945.86176672
2926,0.6546884224580446,1480363.137523797
2927,-1.0303443304465059,21647163.17585667
2928,-0.14723494804152365,5346551.013097897
2929,0.3572915361297682,2368534.2838784033
2930,-0.9507341303377551,19191628.06958778
2931,-0.18363574183633236,5671739.0177386515
2932,-1.168889303003898,26568664.338311344
2933,0.8360493259310577,1117949.829436821
2934,1.0549443913809669,802237.8676153877
2935,0.6755454459180307,1432969.0308393547
2936,0.18301646144804604,3132725.716558091
2937,-0.7708653956779105,14534325.715063922
2938,-0.582732655106414,10794350.518416153
2939,-0.4449589088306867,8655199.924298817
2940,0.8578500166724962,1081215.4341277105
2941,-0.36935508819098234,7661720.706681006
2942,-0.2764333162549711,6592411.541534107
2943,1.1715454157064484,674581.4601390961
2944,-0.6618939423790594,12242142.900548803
2945,-1.0754077389103405,23154636.43699718
2946,-2.546543912747285,123625149.46168423
2947,0.2758689654652864,2698258.0555149904
2948,-0.02785736320995239,4405464.337139459
2949,0.17182038047455922,3189764.6497620647
2950,-1.5629714915342463,45661627.14940393
2951,1.1138334086960229,734773.241730538
2952,-0.8427300821114179,16255924.411930716
2953,-0.47986974611675026,9155062.594756266
2954,-1.423755698077971,38008761.92408805
2955,1.3035469550628498,556109.9287552992
2956,-1.2740483348506488,30897817.22698548
2957,0.9900074528512572,884472.2233298675
2958,-0.8694388348286811,16941649.161723007
2959,0.06780212682543789,3773237.817139671
2960,0.01415393068629675,4115556.074596257
2961,0.6028838575019524,1605391.3453505358
2962,0.32771267827259143,2483203.4900404518
2963,0.06949618203783973,3762912.272658176
2964,-1.5995745939680273,47842065.43259252
2965,-0.4446247002455455,8650544.548608117
2966,-0.2199618082993779,6015882.007104545
2967,-0.19151028257596645,5744638.875650498
2968,-0.8403858132570994,16196953.621532079
2969,0.5608598970123011,1714982.2930392618
2970,-1.435465772311543,38613479.18377432
2971,-0.28000778911907154,6630688.248995267
2972,0.5570355367479484,1725338.9949658676
2973,-0.5904060996543121,10927263.376035688
2974,-0.9243135341907022,18432786.098689385
2975,-0.7505717321576035,14079393.482924167
2976,-1.0117549231132388,21050477.847929977
2977,-0.1917178212347085,5746572.755976079
2978,0.09429550774904914,3615005.4632375916
2979,-0.651908327618484,12049917.222128484
2980,-0.8974671657751255,17689193.763758317
2981,-1.0943723787817288,23815448.475029863
2982,1.690787998815515,321885.224142856
2983,-0.5577080834529047,10371493.978184996
2984,-0.9077041134971238,17969515.033628482
2985,0.36027658138566826,2357271.305140864
2986,-1.8767236916956571,66552603.00803172
2987,-0.0886242193359594,4861650.960967404
2988,0.1482248435566201,3313483.0670310576
2989,-2.1746565582554864,90437773.97413917
2990,1.2963746181836502,561927.9329810737
2991,0.9873958854208953,887964.0504809897
2992,-1.4590189209308049,39851404.03999173
2993,-1.2172131970085054,28491961.064284775
2994,1.776642414377436,286306.49425001367
2995,0.8549185727224061,1086078.9647454873
2996,-0.8356072683539633,16077348.615350012
2997,0.6859868559101644,1409848.3322321367
2998,0.2649286886577829,2746047.8802479655
2999,-1.3433840687298901,34049470.69921949
3000,0.36856976926510954,2326270.899960642
3001,0.22540748175115444,2926079.2545517404
3002,-1.2532358726870254,29998506.14507586
3003,-0.9120234121442038,18088978.41095475
3004,-0.4890213447453005,9290636.082559854
3005,0.2773481434215391,2691862.8303052876
3006,0.3023397241381165,2586147.108439491
3007,-0.9179141709611961,18253048.171111435
3008,-0.6562461031732708,12133069.702801883
3009,-2.315580586206356,102725674.05693741
3010,-0.20802672854964682,5900583.375952485
3011,0.6988667882083004,1381870.9961239
3012,0.6252846935910757,1550012.234599484
3013,-1.1222561224556613,24816107.714241747
3014,-0.1600181649269407,5458575.301534466
3015,-0.39091613641449174,7933135.498125318
3016,-1.4267292530612872,38161643.483907655
3017,-0.8607064623146328,16714629.667537263
3018,-0.8847660607410835,17346846.157281436
3019,0.8213963736683391,1143387.9787005056
3020,-1.2559199882511998,30113291.357397646
3021,-0.1827657656546842,5663741.765331077
3022,-0.5398109435670972,10078808.24433869
3023,-0.1822692011596927,5659182.131865958
3024,-0.2161811955633531,5979119.53602017
3025,2.345227943311422,136781.6300532527
3026,-1.2143071819809892,28373160.10799878
3027,1.0649144762854885,790360.2405104125
3028,-1.6304412509219708,49734960.02288514
3029,0.031788959867259915,3999686.7102699657
3030,-1.4373684218665825,38712406.96692465
3031,-0.269837909294371,6522356.953546054
3032,-0.6911833066905754,12822680.094014691
3033,1.3424732413103142,525660.5033203186
3034,-0.4076831093986545,8150655.227914658
3035,-0.7563769860155342,14208172.809080949
3036,-1.0518167756034271,22354572.465950333
3037,-1.4517070906375509,39464007.22250219
3038,0.22701765280909061,2918512.040713552
3039,-0.47788429650914843,9125902.377968915
3040,1.494569148719603,423053.4727582107
3041,-0.9059638263411129,17921581.691337485
3042,1.5380639883662317,397918.31677267945
3043,-0.06717720571088562,4695455.268678017
3044,0.0981931066606157,3592303.855071614
3045,2.1459058042244794,175941.24789745727
3046,2.180094794243716,168414.5296950057
3047,-1.1061096865513407,24232414.990353283
3048,0.7096389082065532,1358924.0631124033
3049,-0.9054307651921069,17906922.2890801
3050,-1.7812053581348621,59678588.44506144
3051,-0.3050800791803117,6905395.900533183
3052,0.021470475229316357,4067076.08843511
3053,2.0673918763698427,194691.2925299948
3054,-1.3074014280569106,32383768.879909173
3055,1.8979296637474568,243259.640523705
3056,-0.5088475972319483,9591001.637866883
3057,0.4608888934127727,2008479.7002274527
3058,-1.4502689928469457,39388141.91462946
3059,1.3291029495094906,535908.576485773
3060,3.0925582892301207,56567.953794676076
3061,-1.745136210704825,57196173.201927066
3062,1.2248137244551345,623754.8795930316
3063,-1.2694930527776775,30699158.291904412
3064,1.1470408809716912,699459.0540163205
3065,-0.523759180907438,9823030.818311129
3066,-1.1202480280743232,24742874.873588227
3067,0.47168960290764317,1974378.5399784497
3068,0.11850319481307865,3476338.0368418046
3069,0.7017275650393379,1375737.1387052662
3070,0.6359925399874914,1524255.9122588902
3071,1.8552786355966533,257517.3889809328
3072,-0.6384947285610687,11796163.971220085
3073,-1.1614018111665636,26280503.664698906
3074,-0.2503809807770321,6319946.210491096
3075,-2.2989269786766244,101249523.60365868
3076,-2.2260768711361925,94864233.9216566
3077,0.08125708875195883,3692015.5989074106
3078,0.43308377680156845,2099129.7521541943
3079,-1.3611106965057136,34894218.317310974
3080,0.5647682205140993,1704465.71678143
3081,1.6410816884777946,344706.2212235962
3082,-0.35513986128314645,7487758.389558988
3083,-0.28091980083289386,6640489.433206876
3084,-2.0015359855834944,76146636.4844936
3085,-0.8478776406558929,16386096.37788782
3086,-0.8634374895196865,16785332.567638956
3087,0.1522320686523418,3292130.7805002704
3088,-0.8091521341563925,15429599.568070736
3089,-0.19766959443529378,5802308.768129133
3090,-0.1149960831906366,5074127.969600499
3091,-1.1087945098518581,24328658.230244055
3092,0.954046436750984,933882.4150888816
3093,-0.8999088741201471,17755697.901711818
3094,0.4537368917181422,2031399.0287820322
3095,-2.345162869202363,105361096.53911172
3096,0.7088167393012127,1360661.1357627632
3097,-1.7792059075963191,59539316.89647471
3098,-0.07354296209208809,4744179.476655066
3099,-1.678172601360424,52758854.9889088
3100,0.5139064010985424,1846790.7324289107
3101,0.2676312931299769,2734161.597982748
3102,-0.7101296270871453,13211800.346092641
3103,-0.31362932164546653,7001603.5746852
3104,1.7568893449108776,294088.2788496444
3105,-0.3063236432133343,6919308.957755562
3106,1.2476133858963119,603287.2882878989
3107,-0.5684458077592649,10550968.184383236
3108,-0.5584093086990052,10383125.166330721
3109,-1.4096045101828902,37287484.004786186
3110,0.7083405886905368,1361668.2201039481
3111,1.56142862177082,385099.0206655787
3112,-0.059782737199841944,4639488.732121488
3113,0.9957111272183483,876897.356524147
3114,0.2652458302635608,2744650.3085667156
3115,0.005615666927450115,4172871.7355165277
3116,0.9179796075534286,986430.1826400805
3117,-0.9026292278872204,17830055.010910966
3118,-1.1309430375452139,25135016.88990178
3119,1.6211024207190718,354378.58985117014
3120,-0.716255623959407,13339950.139845487
3121,-0.010947691221764706,4286371.627197031
3122,-0.03097945019502685,4427815.436883889
3123,0.3140690096816143,2538020.6603824077
3124,0.6642840646203348,1458355.9253091374
3125,1.5356702110676757,399258.03470768436
3126,-0.7459273651764046,13977143.546688773
3127,0.9904258369525748,883914.1931503417
3128,1.3576993495371406,514250.35807484854
3129,-0.3271587723774234,7156552.703480078
3130,0.652854157419229,1484609.7825686675
3131,0.9989638253222782,872608.8582068862
3132,0.5270015840321927,1808993.5438915163
3133,-0.4419188864082555,8612942.924255062
3134,0.7994933682361952,1182570.8591417507
3135,-0.6412585067245393,11848033.156890238
3136,-0.5786829225401016,10724824.948359288
3137,0.5197487882265256,1829826.284938943
3138,-0.7481480519448754,14025948.054801945
3139,1.2886902946480763,568235.0930212277
3140,0.7366845780508835,1303074.2136546017
3141,0.24125353167102034,2852478.449625719
3142,-0.48271900153663233,9197066.40947352
3143,-1.3238180280490521,33135611.376667704
3144,1.5432470144885475,395034.494276083
3145,0.8049231966855233,1172725.6111982996
3146,-0.04705839347204585,4544749.2248464655
3147,1.2427252746934885,607613.009099676
3148,-0.45461533355217904,8790761.28533371
3149,-0.39048652073329443,7927636.980342393
3150,0.3918291583324163,2241565.671985862
3151,-0.7380374522798979,13805012.574003786
3152,-0.6982361206154687,12966265.521547522
3153,0.15115377757458776,3297862.515369559
3154,0.01829364809328566,4088054.5337348613
3155,-2.2207563941045696,94402926.8122215
3156,-1.4496104034585104,39353434.745813854
3157,-0.7915777985981688,15012558.131876888
3158,0.8882629624658821,1032110.3476269197
3159,0.647676768820611,1496665.9614103823
3160,-0.4385128176960136,8565835.081157913
3161,-0.8214367660461024,15727370.632419862
3162,-0.3904304736065595,7926919.924403485
3163,0.03196768928331035,3998529.4665047503
3164,-1.428377466329065,38246582.15843968
3165,1.1997557355863406,647125.5319822357
3166,-0.2724908080377081,6550446.548426145
3167,0.6900613343561591,1400933.5583660994
3168,0.7185756503754674,1340193.604434457
3169,0.5051291068412241,1872587.7997539835
3170,1.2081026629637066,639236.5331331706
3171,-0.0837231526980487,4823158.340636323
3172,-0.11748909370202701,5094689.425389119
3173,0.009384554481581502,4147472.9961765087
3174,-0.10447934754536027,4988300.910679581
3175,-0.7181760442631443,13380360.737384433
3176,0.5289193811298091,1803526.6142006365
3177,-1.6511412603454345,51031988.01202246
3178,0.21294195651994394,2985349.7015953204
3179,1.5265254527630112,404422.0074758322
3180,-1.122343436273982,24819296.08870918
3181,-1.2764389584071187,31002484.441523798
3182,0.3284593278060861,2480239.2395990496
3183,-0.6203295800555675,11460539.019620623
3184,0.09402348772275798,3616595.2938336935
3185,-1.0825676127247503,23402255.77417752
3186,1.0853436621059818,766611.887804118
3187,-0.3840720757158437,7845980.826404791
3188,-0.4495166187027053,8718929.2645252
3189,-0.5098156083184096,9605903.249038564
3190,-1.870155368385075,66066382.60930801
3191,-0.45910363064044596,8854466.779572044
3192,0.07986609200527595,3700329.387239914
3193,-1.2891330268255035,31563008.95733409
3194,-0.8834760020393958,17312408.682754476
3195,1.0235255432521033,840946.0655195006
3196,-2.0328010523807345,78649205.82236204
3197,0.09870737062806838,3589319.3875442846
3198,0.23193695325509506,2895517.611836804
3199,-0.6202349940166316,11458815.23797817
3200,0.2680628590578507,2732268.4548446513
3201,-0.02195595569041062,4363526.556131378
3202,0.7443461352356135,1287699.7865781717
3203,0.5926842164833267,1631294.3395192255
3204,-1.942373277101705,71517021.30960143
3205,1.3660244009997278,508126.58361743554
3206,0.38715394912576173,2258330.4403668065
3207,-1.1992016287170275,27762142.249849364
3208,-1.2701049201108106,30725782.649011668
3209,-0.2111838725882776,5930867.770518874
3210,1.2941966211765479,563707.7972477297
3211,0.2831786480027979,2666806.6769798836
3212,-0.7653975429263159,14410435.44303863
3213,-0.2558888449469429,6376606.144610641
3214,2.1556563813401013,173757.0092889932
3215,-0.01345478207016409,4303821.300487587
3216,-0.35189417219800606,7448583.3934274735
3217,-2.1284035445155554,86521368.62056826
3218,0.3945187337900028,2231979.870348886
3219,-1.5397061681739177,44312105.34328896
3220,-0.9021265053421325,17816292.82720033
3221,-0.855624165204844,16583771.172939869
3222,-1.7759227828822661,59311051.63176216
3223,-0.7637229288921702,14372687.118025059
3224,0.12948596892536024,3415227.703049616
3225,-0.5276898130994143,9885083.01814707
3226,-0.5450315397559482,10163359.79375862
3227,0.8134165653792054,1157500.4897805993
3228,-0.27569362139062004,6584517.890368998
3229,-0.9477867364328463,19105623.4819118
3230,-0.8830698351647789,17301578.98509125
3231,-0.7318512853475322,13671426.288461605
3232,-1.792066975692756,60438528.848126955
3233,-0.5227186187905969,9806666.210430095
3234,-0.20567574129789534,5878131.72179714
3235,-1.1031247460097442,24125792.35912447
3236,1.7517970636691174,296132.2557196855
3237,-1.2485985373576147,29801023.321140513
3238,0.5762858033907755,1673866.6438978065
3239,0.1661607780041067,3219001.6685649017
3240,-0.06316224715799931,4664983.4736585
3241,-0.20415744710817196,5863677.310682515
3242,-0.8724778561372512,17021305.954546798
3243,-1.2940669859890253,31783037.79670623
3244,0.3625482614762849,2348737.2143855197
3245,-0.8500804106384469,16442088.208247982
3246,2.201829157342118,163817.16014554157
3247,0.09707886930714543,3598778.8735293504
3248,-1.0775648707056888,23229002.577048782
3249,0.6297047657649767,1539325.0782461658
3250,1.0913929798492896,759728.6774174428
3251,0.4378995749347369,2083128.698492217
3252,-0.1553595090217738,5417480.904789659
3253,0.1492256828726563,3308136.908457356
3254,-1.1053237413286305,24204302.213797327
3255,0.8385764755936285,1113624.029166655
3256,0.5816530040438072,1659805.4062020907
3257,-0.29393722308429515,6781951.0782088535
3258,0.3029228941192424,2583732.1448194818
3259,1.2733257677894647,581079.0103368737
3260,0.1746976634361022,3175005.32415513
3261,0.23076658717959292,2900971.3335358175
3262,0.2070715001851562,3013688.326587768
3263,-0.15441366278415217,5409175.297685436
3264,0.36397605567511077,2343389.798486399
3265,-1.698802729473352,54101845.423308924
3266,0.6802277286884716,1422551.6618496245
3267,1.23420639745665,615232.748342754
3268,0.4411091491902499,2072535.2218421665
3269,1.594251666492994,367853.20830214495
3270,-0.1009547930818722,4959863.83184932
3271,-0.7362663407631279,13766643.56705403
3272,0.2882057638282022,2645396.424094264
3273,0.5716601696684406,1686085.6661768234
3274,1.6013877100916187,364217.7165230591
3275,-1.0312919960707612,21677970.6459003
3276,-1.0475281922449529,22211712.174477164
3277,0.7414749209166608,1293438.7439108887
3278,1.0536695042062856,803770.5263213386
3279,1.5220450631076825,406978.87083703605
3280,1.1823463761397857,663922.5952080976
3281,0.05354656793331947,3861276.8127575596
3282,2.045071752040709,200421.66588927296
3283,-0.9165068533657804,18213731.243847754
3284,2.3297669030015595,139441.79012061044
3285,-0.8992090323946095,17736613.649584
3286,0.9603742118107895,924977.2598346048
3287,-0.8816609156808923,17264059.904985815
3288,0.27489828050280324,2702463.332891327
3289,-0.10121480629278826,4961956.1246731095
3290,-0.017067711290087145,4329094.068000206
3291,1.3337334247066421,532334.880143916
3292,0.12876175278096408,3419223.388812925
3293,-0.9395542765827823,18867206.733660012
3294,1.0958745060176638,754672.5044627377
3295,-0.3252299563663778,7134258.465616946
3296,-0.12246025355519326,5135939.1745982915
3297,2.0937732781236584,188152.89097534504
3298,0.20629254857801052,3017469.298244999
3299,-0.08803853801421915,4857034.881221048
3300,-0.6677705977153051,12356611.210935805
3301,-1.015199780859803,21159959.64621744
3302,1.7379674962522393,301763.22899555706
3303,-0.8856154515116652,17369553.813235592
3304,0.27372620328873976,2707550.1149172983
3305,-0.8815151583828158,17260182.61251356
3306,-0.3758329169999179,7742298.389149367
3307,-1.7933842422397872,60531078.761965744
3308,-0.27284101240036945,6554163.514571225
3309,-0.05064064388666867,4571222.206120024
3310,-0.24018880239875737,6216408.689227255
3311,-0.44525788657453663,8659366.605017237
3312,-0.7181154850211889,13379084.67959389
3313,-1.2864996646316427,31446071.019395143
3314,0.7763723105687774,1225490.2449879248
3315,-1.4277143122322793,38212390.34221829
3316,0.21636017814681577,2968975.117559709
3317,-0.8448469804733156,16309342.848667149
3318,-0.8422838546672629,16244684.442485148
3319,-0.3776547984015672,7765109.403699752
3320,-1.0862682600761886,23531123.928690925
3321,-1.0815516269051995,23366981.498651262
3322,-0.9774283417841355,19986264.836580757
3323,0.973290836265483,907081.652311494
3324,1.0389330495641402,821717.9082743375
3325,1.0996834459020295,750403.785431364
3326,0.424206977823585,2128960.7636158476
3327,0.2510666494871044,2807857.353240467
3328,1.1691075279519216,677012.8980883913
3329,1.2823137370292408,573527.5501768716
3330,-0.8688419958291057,16926044.753185168
3331,-0.12178080539735997,5130281.573313664
3332,0.8440027588716859,1104395.991273822
3333,-2.6272967411098147,131029635.95177615
3334,-1.145486965292655,25676654.26939708
3335,0.5519427514155193,1739232.8696680623
3336,0.20286041226439888,3034186.7481451957
3337,-0.8127098467610109,15515302.585536318
3338,-0.039720426188481345,4491002.662284521
3339,-2.158896846995852,89096063.39471933
3340,-0.09863128956422038,4941206.139182781
3341,-0.3867596308480922,7880093.247419919
3342,0.48741704791751955,1925800.9702734468
3343,0.60536018191465,1599168.1052543027
3344,-1.808838241703685,61623067.995065406
3345,0.7928457613141812,1194744.263474132
3346,-0.41013150353066025,8182900.103643582
3347,-1.1588608412018662,26183305.928277187
3348,-0.17965972456903195,5635280.983236636
3349,-0.6486542477931082,11987890.373512406
3350,0.2600104103681116,2767815.8258850193
3351,2.0615390968794176,196176.00740444052
3352,-0.2034508966612605,5856962.8798644105
3353,0.5976036679976102,1618746.3613759656
3354,0.3154541179090961,2532398.918972308
3355,-1.6469118095936786,50765183.51300126
3356,0.21139360053663553,2992797.4340586783
3357,-0.7030992120370323,13066143.084233016
3358,-1.0769450606652795,23207614.029526252
3359,-1.2438424116122957,29599573.2118183
3360,-0.1645051895207485,5498449.714040069
3361,-1.384001837833223,36008858.128297165
3362,1.6064925883351755,361641.3611623993
3363,0.6006077917004735,1611133.8318817306
3364,-0.49215067415545316,9337436.422218977
3365,1.6822504005330485,325683.0332681093
3366,0.6442992979695867,1504586.5465609692
3367,0.20507008206818378,3023412.8847570485
3368,0.2628828068014359,2755081.2796516875
3369,-1.9556412541496448,72542808.19423418
3370,2.3816927319867016,130729.70413625984
3371,-0.850157120732108,16444041.206889404
3372,0.07778074219185979,3712828.934036942
3373,-1.9660402822637664,73351897.10487245
3374,-0.276600756960599,6594199.679802147
3375,-0.5881482072895552,10887993.643347198
3376,0.994469292290128,878540.6283400687
3377,-0.1669539959157056,5520333.683266292
3378,0.9449566981252238,946836.1254255356
3379,-0.5871632545920613,10870905.132239839
3380,-1.782172336235234,59746012.67473935
3381,0.18408588362265182,3127332.501385923
3382,-0.3770405452325088,7757411.2784479195
3383,0.6397798866198932,1515254.4706149315
3384,0.9564483436684753,930491.3782688671
3385,-0.7952307748315532,15098384.785515342
3386,2.0449465094712114,200454.3469115901
3387,0.8253935864818757,1136387.9244377024
3388,0.39738536726223567,2221809.9660319635
3389,0.1376128485832266,3370715.4245790555
3390,0.9257080906618262,974908.6192175675
3391,1.190881870921211,655628.8298713244
3392,-1.49307342331239,41692494.3429208
3393,-1.5657717104635749,45825964.94983646
3394,-1.1174611671688002,24641543.52738772
3395,-0.2140999102569414,5958976.469457998
3396,-0.4709134554789358,9024229.311567783
3397,0.2248203228208807,2928843.705695957
3398,1.8659601796827892,253861.3681928872
3399,0.8842857788011745,1038394.0069340704
3400,-1.114334228601209,24528264.24072727
3401,0.3012166706619037,2590804.3602850195
3402,-0.5169292611603364,9716094.676395858
3403,-0.48306502686846914,9202180.150262896
3404,-0.09182015052010206,4886917.569751557
3405,1.364615717929808,509157.1510521307
3406,0.8219716682330287,1142377.6745801796
3407,-0.6889877662480969,12778285.738795348
3408,-0.0715085325163368,4728552.699246873
3409,-0.7524058646876708,14119963.558478124
3410,-1.2744177874290163,30913974.269982204
3411,0.9647097826597537,918928.48171518
3412,0.9764545597081667,902755.419851593
3413,-0.39336756528013506,7964581.727003996
3414,-0.029105167444124894,4414383.70942957
3415,-0.7611258373426035,14314324.943744011
3416,0.8468186407462451,1099639.4815386212
3417,-1.2850274829846202,31380847.170129698
3418,-0.12874765605520144,5188590.024056084
3419,-0.21316651244186036,5949964.762954678
3420,-0.5191500483376367,9750742.555166852
3421,0.08219295711838003,3686432.7493069293
3422,1.4046311459798784,480753.4637814545
3423,0.5413650259288689,1768467.4694655985
3424,0.6774754070971231,1428665.4095121974
3425,1.2558872323754138,596041.6532227489
3426,-0.3143635461723845,7009927.233709778
3427,0.02517567126950137,4042746.258621481
3428,0.6412695422035977,1511729.3855750205
3429,-0.06167668335787377,4653759.184039399
3430,-0.14025192530117075,5286328.784986212
3431,-0.12617255672114813,5166961.086625464
3432,1.346180959213913,522856.7169450279
3433,0.3847259991341578,2267088.1863164473
3434,0.2845513232108766,2660942.8129007327
3435,-0.5703242043186921,10582666.785324397
3436,1.4780332686454414,433063.72892081726
3437,-1.5732513802383679,46266937.018242925
3438,0.3893890717536207,2250299.3340861625
3439,-0.052942469256423354,4588314.708667429
3440,0.1815275869384142,3140250.1651299144
3441,-0.8010723590618146,15236566.838718591
3442,-1.7516464996469256,57639516.30026302
3443,0.709952612994941,1358261.8899019938
3444,0.8392342165219192,1112501.088395715
3445,-0.02784679280698524,4405388.857059264
3446,0.23835210659841463,2865810.8899734514
3447,-0.526899050489159,9872569.30249813
3448,0.053338969692215514,3862574.1950336224
3449,-0.47970976030707974,9152709.567496805
3450,-1.0218400543462747,21372393.701627452
3451,0.11659850592260965,3487049.1627016426
3452,0.9999939434969407,871255.4200220788
3453,0.6048261379911545,1600508.0547022729
3454,-0.17127362999417425,5559148.36283934
3455,-0.5381439001678058,10051951.09470414
3456,-0.6765257149571169,12529009.223644549
3457,-1.3957317329296337,36590461.772567995
3458,-0.5579794673019471,10375993.93438997
3459,1.3539073816776293,517066.41318145936
3460,-0.7267487643854017,13562143.334024614
3461,-0.2875809405010489,6712509.607918988
3462,0.31146759984955225,2548613.9418829447
3463,0.2053996208482442,3021809.496533193
3464,-0.6375260340746192,11778034.668065334
3465,-0.12056186275996371,5120147.363979275
3466,-0.026177137144771344,4393482.715735083
3467,-1.148131113476714,25776169.240938563
3468,0.9451867930046863,946505.848107496
3469,1.4731033555139594,436098.3319295842
3470,-1.092785101169803,23759531.373957686
3471,-0.3540678433682519,7474797.046765956
3472,-2.110563597856101,85028691.64836378
3473,1.555537291362769,388287.8737989713
3474,0.15896098559732097,3256592.3135447437
3475,-0.8719145231914005,17006514.812796626
3476,-0.3592659055961399,7537850.193370951
3477,-0.09986568088023651,4951109.497591856
3478,-1.022886751051278,21406047.86594978
3479,-0.30756808831737076,6933259.468056399
3480,-0.7913314142427473,15006785.45539031
3481,-0.886524435960795,17393884.225733362
3482,0.31520599669522203,2533405.020642977
3483,0.1614107262686378,3243751.843247056
3484,-0.21656379631551623,5982829.763581765
3485,-1.2076208222450895,28101352.470471483
3486,-0.9618819822548397,19520024.595495474
3487,0.6319325166286207,1533968.1767540514
3488,0.8909899470396616,1027825.4530878637
3489,-0.2641580503753582,6462616.34389838
3490,-0.8694706743522478,16942481.973205026
3491,-0.3561456024973483,7499938.393979034
3492,0.9942514742372935,878829.2001928015
3493,-1.5382729098910595,44229894.67717571
3494,0.7537652145809053,1269062.2573581259
3495,0.6064130717213488,1596529.8021102138
3496,-1.0776938944340415,23233457.07574058
3497,0.017095150839156893,4095997.3586494178
3498,0.19401966887941255,3077688.1907559703
3499,-0.08102977796820937,4802135.254564522
3500,0.2849101321288807,2659412.231225813
3501,0.6831136855400406,1416170.8112771213
3502,-0.6515798337125508,12043642.054335002
3503,-1.3005529739034027,32074127.34750819
3504,0.09951410335022766,3584642.7044850057
3505,-0.5589227499304885,10391649.474921443
3506,0.0686479719422454,3768078.6557298657
3507,-1.9253264227395173,70209973.35730141
3508,-0.6074902208101046,11228775.979343196
3509,-0.204053836612861,5862692.209807083
3510,-0.9564660298100297,19359865.166086238
3511,0.9386780502799167,955896.4169688517
3512,1.8531782448893381,258243.16867379524
3513,-0.544815395922819,10159845.77247554
3514,-1.0002090326558455,20687126.589829817
3515,1.4407734548000868,456587.758707543
3516,-0.9714564232779878,19806018.362021223
3517,1.748678156077962,297391.92547441594
3518,-0.28133881717834835,6644997.29545815
3519,-0.5195463561666464,9756938.040942257
3520,-0.014974530471963886,4314433.866851613
3521,0.6329513428803181,1531524.8458931819
3522,-1.8596585297616848,65293413.23890124
3523,-0.6635357669667977,12274022.637660258
3524,-0.36477025472281194,7605185.526342189
3525,-0.4271719921791978,8410777.751494037
3526,-1.179739634426805,26990896.83822245
3527,0.6873381672436278,1406885.0829757384
3528,0.8652324411846378,1069070.209939238
3529,1.635375124960293,347438.7671181929
3530,-1.7032297029338983,54392843.40387569
3531,2.9799757424509967,64263.91644125838
3532,0.4434989655506187,2064683.9497213503
3533,-0.3108171915612187,6969813.138093812
3534,-0.7716798039094932,14552862.17852272
3535,0.37154923324925804,2315237.140900676
3536,-1.1945536562155863,27576320.802667957
3537,-0.6941032983075237,12881946.129318302
3538,-0.5004209687092194,9462215.97443221
3539,-1.9268667337493668,70327565.99176788
3540,-0.1949376277989253,5776658.543089564
3541,0.9988746195827303,872726.1691829838
3542,-1.9497793526469112,72088700.1955722
3543,0.1784032375286344,3156100.2566343686
3544,-0.8549004065370948,16565211.437122315
3545,-0.09217996167670253,4889770.4320419915
3546,1.9561110266389519,225207.08735902887
3547,3.1141387384728287,55212.097652869146
3548,0.5331952219575722,1791400.0982382342
3549,1.2565845177993045,595435.3691452263
3550,-0.3229721756883399,7108248.468223791
3551,0.14185694807274324,3347705.917609451
3552,-3.3488020274966575,194011054.34097734
3553,1.599204034290531,365325.9698160079
3554,-0.6690132307892683,12380943.985121556
3555,1.2527371590531213,598789.0163648914
3556,-0.4957636763582889,9391752.376805432
3557,-0.7133003669407754,13277985.460916106
3558,-1.4433068145224848,39022384.30583577
3559,-0.5873421229031224,10874006.528468894
3560,0.24177508693748045,2850088.613436352
3561,-0.2071655166541492,5892349.033560061
3562,0.22356816230616794,2934748.0823323745
3563,-0.8885577325815066,17448419.481935848
3564,-1.3808962107848166,35856058.21279006
3565,-0.8704599643466888,16968376.763666246
3566,-0.4178715089734201,8285651.954524677
3567,1.3342643108158352,531926.8223965853
3568,0.12766641017540126,3425275.7494475287
3569,0.35358025021146755,2382615.4038207624
3570,0.0779823279998255,3711618.7587515395
3571,-0.48899439976425557,9290234.091743466
3572,-1.3869708876345397,36155402.41138776
3573,-0.14794528026296505,5352715.258395419
3574,-0.8483064136336076,16396981.729612207
3575,-0.2580365293127784,6398835.419573482
3576,-1.2169898801389358,28482817.24644098
3577,1.24910966595756,601969.8763197488
3578,0.41013164146144754,2177170.859714035
3579,-1.8608754828845813,65382770.48124227
3580,-0.6170727680970269,11401326.07312734
3581,1.556550177728711,387737.5529941924
3582,-0.3059973337343201,6915655.525189116
3583,-0.3692824024422727,7660821.230771493
3584,-0.8650487187491365,16827171.824204147
3585,-0.6685019223190434,12370926.302554792
3586,0.07699895825109657,3717525.998305705
3587,-0.7445989365516927,13948023.477841038
3588,-0.5998477951729003,11092935.41077075
3589,1.0946774964784152,756019.4274144405
3590,-1.124403378587957,24894617.725379772
3591,1.158581098340957,687621.273874003
3592,0.4029376891673137,2202249.017539486
3593,0.5574823917874902,1724125.4875486647
3594,-0.5424847271926161,10122027.902452426
3595,1.4537873510103647,448215.53289888974
3596,0.7365853977608117,1303274.5123898338
3597,-0.22889501583255542,6103641.1999944225
3598,-0.789648386876183,14967407.249682894
3599,-0.27742178538154544,6602974.560448734
3600,-0.711347129211943,13237177.756307775
3601,0.1690129793732193,3204233.2812846205
3602,-0.8201594239076724,15696166.49043701
3603,0.7719617807959515,1233864.2545889874
3604,-1.260331937657003,30302734.59073966
3605,-0.014739284472902764,4312789.390961947
3606,-0.8532650527986093,16523344.342652772
3607,1.0181636038218487,847751.0041634656
3608,0.5074023223702839,1865870.6328473943
3609,0.07572310051505249,3725204.5148344645
3610,-1.139233885665305,25442592.93652869
3611,0.7589285401931999,1258967.4700801591
3612,-0.5517669779397932,10273446.508458128
3613,1.082869482790821,769446.543155364
3614,0.03742648258138119,3963347.7576417616
3615,-0.056023803672066726,4611296.34754192
3616,-0.9468885373340754,19079482.05356012
3617,-1.0047336953600834,20828861.329832863
3618,0.9145412348226908,991602.9561131127
3619,-0.8643428714286466,16808831.30992071
3620,0.03972834179350486,3948606.63774083
3621,0.43103972615946046,2105960.057627379
3622,-0.3759111684452501,7743276.797353529
3623,0.022519653547648153,4060171.735744785
3624,-0.12329550813436758,5142902.697355316
3625,1.298593199127689,560121.2108482483
3626,0.1860387210970572,3117508.6836079336
3627,-0.5861521037034495,10853388.579864731
3628,-1.1222511913874014,24815927.660352852
3629,-1.5479673007656602,44788054.743112475
3630,0.5453073013759888,1757511.9679507823
3631,-0.42910692400676265,8437039.160534114
3632,-0.828692406455866,15905692.566681623
3633,-1.153645369013788,25984740.968662314
3634,0.5749481240542843,1677390.6368210535
3635,2.3705099768746587,132553.19704734723
3636,0.9428600077175122,949851.4169330049
3637,1.2251822762550069,623418.07422135
3638,1.9283225153431778,233636.03691556674
3639,-1.7389807970157143,56778923.75733928
3640,0.29013810106813426,2637214.00643883
3641,-1.4178238615619823,37705155.37484107
3642,1.914615045045164,237922.86183928145
3643,0.34346252475132594,2421446.2956383023
3644,0.24568239229321231,2832250.2812285624
3645,0.028220371402083454,4022863.950804862
3646,0.6079692568484419,1592638.755113877
3647,0.29896750381062775,2600157.6476014247
3648,-0.5865231211020984,10859812.741255315
3649,0.6567785032570361,1475539.8835092562
3650,-1.2638002851791588,30452332.289075144
3651,-0.3592971707398888,7538231.012691941
3652,1.3666357554679083,507680.0385722218
3653,-0.19399237801047728,5767809.946476214
3654,-0.8479781430409613,16388647.266045837
3655,1.8786940649019723,249578.13606137782
3656,1.3132020905609942,548381.6104963616
3657,0.7770023065486038,1224299.0559039223
3658,-0.4487889523424539,8708724.1152456
3659,-0.44059557778527697,8594611.096403332
3660,0.3035252254509396,2581240.280433366
3661,0.442161255880687,2069074.899760927
3662,0.6833951894038311,1415550.0306035588
3663,0.847567964645162,1098377.4356003297
3664,1.5552623236423517,388437.41771029937
3665,-2.9384144563532666,159267991.50442916
3666,0.6575567468554125,1473748.1880364611
3667,-2.0112260035865526,76918244.30481315
3668,0.1434906954398017,3338891.3745013108
3669,-0.14318434744318456,5311535.271303433
3670,0.42453005805039806,2127867.3186033666
3671,0.7223642772853729,1332335.902131212
3672,0.6970466277246712,1385788.7282585185
3673,-0.22563436596140635,6071462.664051581
3674,1.3937387763958913,488308.98450515047
3675,2.186021860361744,167146.65674653195
3676,-0.6958485989307218,12917491.824573386
3677,1.2944223730365556,563523.0266441577
3678,0.40148053144524765,2207365.20302414
3679,-0.2863087745508279,6698695.743167274
3680,0.028199693764270787,4022998.6437841957
3681,-1.4037601958772088,36992629.92572106
3682,1.399236125153857,484479.58696002513
3683,-0.2118870530457648,5937633.903415666
3684,-0.6669097581503478,12339780.861705728
3685,0.13637182414375199,3377474.1761568985
3686,0.08960117002009403,3642541.8396615023
3687,-0.5868800268244222,10865995.96563192
3688,0.14821082983539982,3313557.9864907805
3689,-0.23404114499813547,6154771.295310926
3690,-0.3121306893990819,6984644.211966546
3691,0.36254051897117584,2348766.2463520626
3692,-0.06107466782833176,4649218.35182895
3693,2.1412385300268277,176997.6187585084
3694,0.04828391659364092,3894302.68575079
3695,-0.5103039618000762,9613429.417712137
3696,1.3156893029371854,546409.8185503373
3697,0.883671396451838,1039368.333638506
3698,-0.20136642718503436,5837198.4102456365
3699,-1.0395231978714798,21947157.392008863
3700,-0.3074673585104135,6932129.236202784
3701,0.7988247823619155,1183789.203715652
3702,0.29103068858937237,2633443.2081583273
3703,0.3126820658047142,2543662.794762543
3704,-0.7894110962893902,14961862.92840297
3705,1.1031174392027014,746577.6709887164
3706,-0.46609588744537866,8954602.221687863
3707,-0.5789387079269149,10729203.636848623
3708,1.392953519532564,488858.6899649457
3709,-1.1108651800681242,24403106.73749861
3710,-1.0590615536014762,22597706.03603979
3711,0.05020532450755921,3882211.7342270487
3712,-0.6103217255683836,11279503.256231861
3713,-0.3084397545823624,6943047.510337816
3714,-0.6366490679496729,11761644.715592595
3715,-0.0997821367627041,4950438.6064742375
3716,-0.8919021345544635,17538453.951254383
3717,1.3432411461332885,525078.4636585251
3718,-0.30083822433496155,6858144.521855981
3719,-0.09263739036883611,4893399.69547364
3720,0.5947300244775137,1626063.723411159
3721,-0.7723808045671494,14568834.82557383
3722,1.129049738808214,718357.3581360775
3723,0.846600248094877,1100007.600122953
3724,2.8158213018914315,77646.55326655324
3725,0.7772688183962431,1223795.509481599
3726,0.8949486698219927,1021639.0125291641
3727,0.09840147695891287,3591094.2990730433
3728,0.4664325159343985,1990900.5426646818
3729,1.6093616935721982,360202.2078553501
3730,-0.31755465770086344,7046216.895632923
3731,-1.0914647367180257,23713102.318212606
3732,1.1887556782605682,657684.2232741115
3733,-0.4733131542915826,9059106.154437885
3734,0.8202125318702139,1145469.9849198745
3735,-0.4032580595646033,8092691.330860338
3736,-0.5759704544336622,10678495.682136819
3737,0.13373344759030623,3391889.1202017833
3738,1.7888974044794126,281593.63249667065
3739,-0.08448297977066133,4829105.858585642
3740,-2.6940663763263015,137150898.89744875
3741,0.8697150968959511,1061766.824118939
3742,-1.8554347598491066,64983799.8185852
3743,0.8851906139505666,1036960.8421485735
3744,-0.31948000915287095,7068201.390887843
3745,-2.602401172758207,128745752.96009305
3746,0.5263612410299175,1810822.7944689882
3747,0.25756512738523635,2778704.621508098
3748,-0.4400843762824076,8587539.531121494
3749,0.25733213476645883,2779744.4349133046
3750,0.1816821593317844,3139468.1283671428
3751,-0.924261646010242,18431322.40666796
3752,1.4159880121454798,473012.04060010036
3753,-0.10351884320547258,4980535.129254408
3754,0.7202906397633585,1336630.6004458286
3755,-0.08185009049430317,4808528.421428401
3756,-0.2355468387887994,6169811.417322327
3757,0.20906070342376318,3004054.9553493587
3758,0.8787475952841743,1047212.2597409211
3759,0.6488851158007518,1493842.9512941032
3760,1.640946481671756,344770.6884843743
3761,-1.5951998220105705,47577786.18300908
3762,0.6668514300339898,1452526.6435422883
3763,-0.29794455274730236,6826093.669491938
3764,-0.8408584539674987,16208827.399528079
3765,1.6929695564973248,320922.679280246
3766,1.1811619681190701,665082.4400505109
3767,-0.8617476975704108,16741554.168876225
3768,-1.4550743067178251,39642063.141475715
3769,-0.029895066502614517,4420039.36704347
3770,-1.4721127330430632,40552119.41350325
3771,0.12019425839118567,3466856.391416144
3772,0.09848572298694547,3590605.382304114
3773,-0.37049382091860406,7675825.836176363
3774,-0.9778470398546811,19998956.04519368
3775,-1.5977904323725785,47734164.26126285
3776,2.424141758296427,124058.96768771272
3777,-0.44196813740909957,8613625.929882612
3778,-0.8062228100628449,15359358.76654303
3779,-0.8531999830488285,16521680.457996385
3780,0.6706151261046944,1444025.5750186876
3781,0.08225053345639607,3686089.562898117
3782,0.42890230689403525,2113127.1549342033
3783,0.16213083478407755,3239987.2167124776
3784,2.6966168367665833,89308.03400691408
3785,-0.013140888061176172,4301632.633198234
3786,0.38270718093902295,2274397.059060311
3787,0.5822164701783331,1658336.440224003
3788,0.280035429888081,2680284.357076517
3789,0.5142158494334488,1845888.069191189
3790,-0.7764641157318997,14662196.00906812
3791,-0.4524365654708934,8759996.485588955
3792,0.018460282618172303,4086951.4294202197
3793,0.39079882911987296,2245249.161635558
3794,-1.4183876057966898,37733930.72844052
3795,-0.10261123598250886,4973208.166554904
3796,0.014080967889712156,4116042.4676655605
3797,-0.31030856117545025,6964078.367002674
3798,-0.8440599758736007,16289464.78654572
3799,0.6862565609274204,1409256.3767429232
3800,-1.308722168411556,32443754.431167237
3801,0.5744570712316145,1678686.2284227721
3802,-0.02555893048688175,4389082.591108672
3803,-0.3583778090871861,7527040.750128519
3804,-1.2285372161278871,28958777.32488494
3805,-0.7404976009774403,13858473.025610302
3806,0.7957487688015067,1189411.7959652306
3807,1.2115499148086046,636008.9819685783
3808,0.1992340599332852,3051953.570487596
3809,-0.6641086014714322,12285163.826807657
3810,-1.5397366842922702,44313856.89557044
3811,0.29836897409820984,2602652.5438921317
3812,0.3971295926275788,2222715.4107555426
3813,-0.8226407398457307,15756834.182180261
3814,0.49226354801423344,1911084.8854878133
3815,0.569731580048829,1691207.894524575
3816,0.8016247074498138,1178695.8956381765
3817,-0.34976733484917055,7423021.6184834875
3818,-0.5267948187576533,9870920.980756436
3819,0.17727372241915024,3161850.549901265
3820,-1.5720328245964492,46194896.45713833
3821,-0.2552025799085624,6369519.170520115
3822,-0.6295260655546507,11629314.215114603
3823,-0.6975461338813465,12952152.451315602
3824,0.4549422765077351,2027517.1887793764
3825,-0.8872455633777426,17413208.116562586
3826,-0.47735004101002393,9118071.086591681
3827,-0.2765548989507093,6593709.903871365
3828,0.47910390888527116,1951320.1099831085
3829,1.1502437885739298,696151.545878537
3830,0.17981994049560543,3148903.061479343
3831,0.7487454011388582,1278959.0074218023
3832,-1.2565485603108941,30140223.047792193
3833,-0.6614525008253208,12233584.574557437
3834,-0.9535439044845901,19273935.61951108
3835,0.8581634066099192,1080696.8714330667
3836,0.8123305050569054,1159435.5391803104
3837,-1.888521380505016,67430795.5732854
3838,0.7654356574493584,1246366.9250873642
3839,2.1561277820806373,173652.18107549803
3840,0.06583743392184666,3785249.0320765246
3841,1.4538574131184965,448170.91882855055
3842,0.10133200216916181,3574126.9790011523
3843,-0.6069406279501824,11218954.904324623
3844,-0.6494772672703936,12003549.741069911
3845,-1.6859776859199707,53264414.03307563
3846,1.2826419246075103,573253.8495686493
3847,-0.8737526412468646,17054820.125906773
3848,1.1804040186140647,665825.8257237412
3849,-1.1564726837873853,26092226.845635764
3850,0.0053929913940821,4174377.2734680935
3851,1.6558496004773045,337744.41126781073
3852,0.4719861437091367,1973450.8515061713
3853,-1.2461479710454006,29697089.450701285
3854,-0.7718929938973699,14557718.11250481
3855,0.27315129695983903,2710048.803598782
3856,2.1598676380308386,172823.02791283384
3857,-0.3931555135151925,7961856.797623742
3858,-0.33131786453430717,7204858.471800854
3859,-0.3019118095223137,6870073.378809327
3860,0.11866391642127191,3475435.747609192
3861,0.3166761806443289,2527449.632816879
3862,0.12511201854556686,3439432.696511025
3863,0.04732473552599214,3900352.8788193567
3864,-2.2245009116318895,94727515.58215007
3865,0.5972265049710203,1619704.7771051782
3866,-0.3049438755335483,6903873.720085904
3867,1.20886598979637,638520.3218041937
3868,-0.6708657825102449,12417303.3348954
3869,-1.155512914413861,26055697.838214714
3870,2.7547733074953493,83391.55377908816
3871,0.2181280220506315,2960542.7220909237
3872,-0.9090249018014279,18005970.424337737
3873,-2.2641297390250026,98184171.49917673
3874,0.38177352086717314,2277785.5365031715
3875,1.1645998776492499,681533.7264545901
3876,0.49124495032604204,1914167.9915246672
3877,-0.027926064373234683,4405954.943367008
3878,-0.9762051081080284,19949227.78204528
3879,-1.5481955458217238,44801255.36783282
3880,-0.8639391476756134,16798349.192327928
3881,0.8351401138702345,1119510.5430146577
3882,-0.8199949838813587,15692153.492047947
3883,1.174986826687629,671165.2830884124
3884,-0.9566208167511502,19364426.33686139
3885,-0.6973970097535637,12949104.131858293
3886,-0.20523348729137658,5873917.740752646
3887,0.3922764494096819,2239968.536577049
3888,-0.9529404858209515,19256233.226435874
3889,0.6504014695550698,1490308.3178997706
3890,0.24761124580276248,2823486.771537492
3891,0.4625834212106194,2003089.1029526712
3892,-0.20602887535949377,5881498.687075498
3893,-0.14555795554777756,5332026.23014293
3894,-1.272021989471418,30809320.333046347
3895,-1.0344317583374505,21780311.98901334
3896,0.6564733114468854,1476243.1337196722
3897,0.8076797498318988,1167760.9663066298
3898,-0.027958147357141184,4406184.072080521
3899,0.6954486430964518,1389237.9512884547
3900,1.145857356323797,700685.5406185577
3901,1.4422853513076606,455606.34804908483
3902,1.1732577028286588,672879.3735326154
3903,-1.024930613571917,21471896.278454088
3904,0.033136077898987974,3990972.701170738
3905,2.105693450652497,185279.33112438448
3906,0.5402320418893259,1771629.2585342254
3907,-2.284555916341048,99980330.19089499
3908,0.07261594482087598,3743971.933815147
3909,-0.3368846833343554,7270015.019514928
3910,0.6689669105917521,1447741.9057026946
3911,0.017376825538354974,4094129.206262724
3912,0.3009340438437643,2591977.766225538
3913,-0.49180327639390103,9332229.78165207
3914,-1.1414416178582363,25525026.34273057
3915,-0.3179564814730522,7050799.540668682
3916,0.9365356675448245,959009.213682419
3917,-0.5637651362298679,10472372.999200264
3918,1.1547108307259488,691566.9254519308
3919,-0.7348677471485474,13736414.524703879
3920,-0.19400997133708306,5767974.516543871
3921,0.9096873279114247,998954.8769990962
3922,0.8519190839296925,1091079.6070608085
3923,0.68602715599393,1409759.8638412242
3924,-1.6666280099927622,52016768.23635937
3925,-0.6160894869271363,11383505.669117164
3926,0.5760528408310901,1674479.8015930194
3927,2.595308904653729,100767.03306008807
3928,-0.41105008619114625,8195029.618760706
3929,-0.5865009479202052,10859428.711497623
3930,0.02474668674147806,4045555.5799358557
3931,0.7099825186297005,1358198.7824672305
3932,0.7406071232091974,1295178.6337118829
3933,0.2738111566146623,2707181.087911718
3934,0.7418421791619418,1292703.1580439508
3935,-0.5006763105257308,9466093.885624966
3936,0.10764256231274812,3537866.6944962684
3937,-0.24118563431817575,6226460.515323236
3938,0.975794360520639,903656.3727132438
3939,-1.5197000088943307,43174298.23750061
3940,-0.4004962995166609,8056718.363877837
3941,-1.1022686116322937,24095284.599071972
3942,1.002362520619665,868151.9947941431
3943,-0.09916167532683241,4945458.9171016
3944,0.5514323719844462,1740631.728099523
3945,-1.0582903159013886,22571715.733298913
3946,-1.7617414026558162,58331093.8224752
3947,-0.8477120542824242,16381894.353407174
3948,0.7160920586385647,1345371.30711113
3949,0.35309907686073966,2384447.3918902953
3950,-0.04817628158791067,4552993.844549451
3951,-0.9232502077431469,18402811.828569733
3952,-2.3254691112093813,103604786.75441591
3953,-0.6853842382919287,12705732.57120509
3954,0.7538750666713863,1268846.5923622511
3955,0.33027277853354375,2473054.9682125896
3956,0.5911389026481718,1635257.0667844205
3957,-0.15346932595609744,5400895.62482404
3958,-0.7916984684481677,15015386.11541324
3959,-0.9329939435211494,18679108.892809216
3960,-0.5917155715507985,10950099.514849717
3961,0.02097607129743893,4070333.7465376323
3962,0.6002481295965454,1612043.233915077
3963,-0.5076879737746013,9573179.548581216
3964,1.170832815174199,675291.1930212498
3965,1.9988706099193456,212891.19197577113
3966,-0.33088042068159157,7199762.767708641
3967,-0.03857090961189548,4482641.32356378
3968,-0.7154874441567494,13323817.438984193
3969,0.2497197634734257,2813938.934287848
3970,-0.12720758716421243,5175643.715379328
3971,0.2323486155901361,2893601.8394318116
3972,-0.8439974847447309,16287887.335161008
3973,-1.0614340794963233,22677820.193332687
3974,0.3555903011325507,2374978.247556068
3975,0.12099150473117509,3462395.4620825048
3976,1.6245182249582555,352703.88393078494
3977,-1.2646349945204909,30488423.5617773
3978,1.119889847282795,728191.1641225589
3979,-0.7688859402629279,14489362.555384368
3980,-0.011839189654007407,4292568.364781226
3981,0.24844864098832942,2819690.8702672664
3982,-0.21404711227295092,5958466.357707856
3983,-0.15542377713081634,5418045.713594212
3984,-2.2349384636880516,95634178.87930597
3985,0.19346733318109985,3080427.1523643085
3986,0.411418309611617,2172716.9705026345
3987,-0.026503693124142302,4395808.795152492
3988,-0.6934483259475094,12868630.190041417
3989,-1.3365736945240616,33729181.029624134
3990,0.5382824115408293,1777083.944116679
3991,-0.8881019329884542,17436181.10163352
3992,-0.47443949892357484,9075521.06413329
3993,-1.4007148277079442,36839686.86557129
3994,0.595177280148685,1624922.5585711228
3995,-0.7263086062618684,13552754.332255598
3996,0.53376622090873,1789787.2027672324
3997,0.49036509155199914,1916835.3521232372
3998,-2.1777891816973836,90705337.33064763
3999,0.42453460826686784,2127851.92285902
4000,-0.7973321167889265,15147959.163254373
4001,-1.0545187849710087,22444986.959862366
4002,0.46393331349328537,1998805.673140417
4003,1.1853726878155706,660969.0160207375
4004,-0.5700021869519297,10577226.199820276
4005,-1.5248116072546172,43463015.06609733
4006,-0.46782310352759204,8979505.411903972
4007,1.189121712844292,657329.8786217935
4008,-0.7619130514410363,14331992.209839107
4009,1.3481987554610506,521337.7330939104
4010,2.213813826526997,161342.24558734873
4011,0.33042336690863294,2472459.358896934
4012,2.559810185493446,105163.79270799656
4013,-0.19876306419457113,5812606.975265199
4014,-1.546018447116564,44675453.2274878
4015,-0.9766594894905365,19962978.488515995
4016,0.5526524096646442,1737289.786653247
4017,0.7766801414023363,1224908.0479452084
4018,1.565140046563314,383104.94080637285
4019,0.45098715386628424,2040283.4052568723
4020,-0.3460086600981628,7378057.115673333
4021,0.1727639173047768,3184916.945849668
4022,-0.02015982709694595,4350842.714588203
4023,-0.27238425845825287,6549316.075317471
4024,-0.34063545352371194,7314241.044213542
4025,-0.03779725717004822,4477022.778663237
4026,-0.9262169156119724,18486549.35617956
4027,1.900825542940056,242323.91877815273
4028,0.7554475394087256,1265763.7333450443
4029,0.05101809389680108,3877108.6538480953
4030,0.8443589200221459,1103793.1610610716
4031,-0.06834644263730186,4704366.857812246
4032,-1.055618017507068,22481859.378723443
4033,2.667265122513064,92470.8047197751
4034,0.013850326405023164,4117580.379565448
4035,0.8718856461919522,1058249.646584209
4036,-0.7913187415810883,15006488.595544618
4037,-0.6666856861702525,12335403.536806377
4038,0.3319376616263422,2466478.253859567
4039,-0.5041365355958578,9518795.589969052
4040,3.0820569322472693,57240.961852814115
4041,-0.830659091036792,15954343.650323348
4042,-2.0854224483512267,82943012.19447309
4043,1.1166052128141528,731752.9083966208
4044,-0.8125084437368466,15510439.337691708
4045,-0.3777355961108785,7766122.555203178
4046,-0.7902926836105296,14982470.816487176
4047,-0.5530328118086589,10294262.45261523
4048,-1.6836694117546132,53114577.490823686
4049,1.4589812286484831,444921.37146661826
4050,-1.4454840031484057,39136491.26934724
4051,-0.28918060766741827,6729919.501280725
4052,-0.46104425151994166,8882149.276507737
4053,-0.26954544849702233,6519267.586737529
4054,-0.24580076276359217,6273208.49816296
4055,1.8112062493496133,273233.95053166564
4056,0.19277572315291505,3083860.285256586
4057,1.7554997911321994,294644.47081597603
4058,-0.8269136863722092,15861807.52014033
4059,-0.9818165468534813,20119628.367030296
4060,1.8289307051831918,266788.5597844429
4061,0.8636675265397605,1071632.4941945032
4062,1.1233160259102326,724495.9398890836
4063,0.22646761668069232,2921094.742395936
4064,0.9318452032449323,965862.3353599758
4065,0.38228255457724664,2275937.4802990193
4066,-0.8553919677317177,16577814.759429395
4067,-0.47426719160234493,9073008.067124065
4068,-0.8511078352383488,16468263.335321022
4069,0.3733440326405692,2308616.7674477682
4070,0.7083317054124579,1361687.0162282751
4071,-0.46073995074145446,8877802.977761362
4072,-0.4811919410313098,9174531.400409665
4073,-0.34011360677737634,7308072.10091583
4074,-0.7702788720968582,14520989.514151739
4075,-0.7262999766989678,13552570.31555666
4076,-0.25737653626091683,6391996.12353191
4077,-0.4842781965858547,9220130.638946088
4078,2.622498973443952,97538.16885860339
4079,-0.029319915888070383,4415920.579823143
4080,-0.3337272101940649,7232987.954603113
4081,-0.6562073426831896,12132324.307511926
4082,0.7646196528994238,1247939.6731211438
4083,1.4391797555379067,457624.7839008974
4084,1.1601080076369774,686071.3510027002
4085,0.5034837274584285,1877465.5659473257
4086,-1.6572648057491717,51419905.4911255
4087,0.5156328403439909,1841760.5999734846
4088,1.7700431512383321,288880.578124841
4089,-0.1206699443929847,5121045.137247372
4090,-0.6634014229283047,12271411.12194204
4091,0.17041215081934785,3197013.920702742
4092,-1.8984574821755404,68175225.432614
4093,-1.6052028096655904,48183529.25185545
4094,0.44365299580165307,2064178.9796280551
4095,0.08504585695830212,3669466.9704817915
4096,1.4516513909118183,449578.012107298
4097,0.6360326907224142,1524160.1897946768
4098,-0.4363328934624242,8535816.582790608
4099,-0.54057801566336,10091189.301847328
4100,-0.6497970165864997,12009638.709514525
4101,1.0867169244345731,765043.4242207839
4102,1.3353884991058058,531063.8604934772
4103,-0.3798172053201983,7792269.108543024
4104,-0.32026044436052015,7077131.911748828
4105,-1.8364886829815008,63605107.8405329
4106,-0.3039511144509893,6892788.816992668
4107,-0.601269576538698,11118088.499486763
4108,-0.15960909380854926,5454954.427796811
4109,0.7162725093922979,1344994.3957765526
4110,-0.14238643856659844,5304664.743448889
4111,0.9847623807504523,891500.2418056219
4112,-0.28727291496536805,6709162.327040773
4113,-1.1105338576806565,24391181.49008361
4114,-0.7711307144134275,14540362.155793007
4115,1.646361737232293,342199.0636829193
4116,0.7833424363061384,1212379.6126190473
4117,-1.0702307726740117,22976993.37114296
4118,1.7201388177738899,309198.4764730902
4119,2.254343196992596,153277.45199343338
4120,-0.9197100821062842,18303331.32251953
4121,-1.1875244430483687,27297246.077827334
4122,2.1178695261318565,182394.60931683835
4123,2.061616687802777,196156.24187235185
4124,-1.6956975144941322,53898321.33241545
4125,-0.10701496088288134,5008859.994118329
4126,-0.7482168787313572,14027463.189036505
4127,-0.2291755849562152,6106417.952852772
4128,-0.028858628837061674,4412619.994766416
4129,-0.21050159999869197,5924310.134554395
4130,-0.49159020504717144,9329037.7467179
4131,1.4130319005545398,475013.82605047093
4132,0.5304857956083706,1799074.2095819914
4133,-1.1249931997190366,24916219.93131967
4134,1.3926504751609248,489071.0123171478
4135,0.24435387489961058,2838302.528783486
4136,0.4527419963477928,2034608.852488751
4137,1.8467687586180146,260472.03647273532
4138,0.6958349406068375,1388403.3015577013
4139,-0.31927971482955547,7065911.207871142
4140,0.29411096232778045,2620473.1115008364
4141,0.6722992336379395,1440238.7419835997
4142,-1.1345599651110836,25268812.369210903
4143,0.42197936377603723,2136515.9448413583
4144,-0.8060420578429713,15355034.182801783
4145,-0.8136921621083184,15539042.351885868
4146,0.16494129261932802,3225337.2927817334
4147,1.1805206492650606,665711.3773575318
4148,0.672531114682442,1439718.1650163156
4149,2.3100414198320824,142920.11065140646
4150,-1.7778154489452338,59442578.85929729
4151,0.331786473781842,2467074.73573798
4152,0.31593474275781697,2530451.2192812185
4153,0.09721896910133035,3597964.077020891
4154,0.3449499907400718,2415696.6294864854
4155,-0.22935683165264661,6108212.391360818
4156,0.8314384284894527,1125888.7569419225
4157,-0.565000413619782,10493060.751044169
4158,1.139858223264348,706938.4286847755
4159,0.8531645762835239,1089000.1840012264
4160,1.044395689569829,815015.0481944457
4161,-0.9877148201068655,20300114.94374036
4162,-0.5754308496220478,10669301.890122138
4163,0.48412962425897454,1935850.4950442452
4164,-0.31993301006714847,7073383.7324255705
4165,0.9223510463402479,979895.4384711691
4166,-2.0441717662604195,79568528.20757718
4167,1.4631306792750112,442308.74386410054
4168,2.2976904431063923,145147.4284417667
4169,-0.11289692030971957,5056879.304382126
4170,0.05723172250275363,3838320.0214847997
4171,-0.2676445051183869,6499222.431022085
4172,-0.257885868163723,6397273.529670354
4173,1.0120766642635948,855548.0843091696
4174,0.5197115995629745,1829933.750794426
4175,-1.6014623733744289,47956413.42105578
4176,-0.27016948354992704,6525861.237692253
4177,0.048062693756982834,3895697.239436731
4178,1.754450608210848,295065.19699201145
4179,-0.02193865706616896,4363404.219395175
4180,-1.7129832296459406,55037456.676901355
4181,-0.4185105692843091,8294191.541705291
4182,0.9643078045566312,919487.5092060284
4183,1.2680829013307457,585533.9766258632
4184,-0.6448955578497008,11916618.6908304
4185,0.922602313722021,979521.2399858111
4186,1.4861256809130556,428132.67851790204
4187,2.0458269128540034,200224.73887571253
4188,-0.7024760092725664,13053303.892223105
4189,-0.843745268151144,16281522.088204606
4190,1.0728449519428762,781048.1472608587
4191,2.6142375048764697,98506.83895224561
4192,0.20605156532454488,3018639.999279066
4193,-0.01089396891080458,4285998.496423877
4194,-2.3271782072486937,103756920.09379667
4195,0.6625357066009571,1462339.7869833978
4196,1.6051803206153525,362301.71527444513
4197,0.9164632167745094,988707.9020962194
4198,0.56583862531258,1701597.3006618784
4199,-1.663181603100905,51796552.936360046
4200,-0.7792160464026419,14725426.257707529
4201,-0.3962973410528716,8002323.31742296
4202,1.2079070192955466,639420.2415823855
4203,0.651686225890354,1487320.4578224276
4204,-0.8028913280472957,15279829.998618713
4205,0.043204400655493955,3926451.298293504
4206,0.37685725223193645,2295714.629498105
4207,0.6794109575879245,1424363.0645592383
4208,-0.7298900715438813,13629325.857591039
4209,0.007413076719735855,4160739.3169654207
4210,0.5133853209932026,1848311.7730515758
4211,2.47259348872448,116906.24141928904
4212,-0.2846713026215661,6680956.419859803
4213,-0.2648870921758987,6470254.053986808
4214,0.1591288848607043,3255710.6000793423
4215,0.6707384891257608,1443747.8273494602
4216,-0.5784558307619225,10720938.877776505
4217,-0.10594432602347005,5000168.805813958
4218,0.020269983920007277,4074990.784244914
4219,-1.254524929435504,30053588.117981188
4220,0.33618476753169196,2449783.056431541
4221,-0.2757136165120938,6584731.145566463
4222,1.2524637468811937,599028.1253386553
4223,1.6487086056702314,341091.16586259176
4224,0.3903264267157349,2246940.1336928643
4225,0.24952849066741556,2814803.6864660042
4226,1.0761595531247952,777191.293118043
4227,0.6543328040069072,1481185.4519265918
4228,-0.39391626985174094,7971636.96344067
4229,-1.5066855968123734,42445389.12013708
4230,1.2352240216262131,614317.0807494317
4231,0.3011784874672482,2590962.856623691
4232,2.3392751012908595,137799.067604756
4233,-0.3838741330888091,7843474.093252033
4234,0.37041703939189236,2319423.542125101
4235,0.5426843051537917,1764793.2569934314
4236,2.614110087529194,98521.86275051862
4237,0.9302430489672453,968215.2343032407
4238,2.3842972190856306,130309.0506382478
4239,0.5013772115395403,1883729.819946104
4240,1.3976600845783234,485574.0631107951
4241,0.3017158876309863,2588733.060318544
4242,-1.2192249258495411,28574440.3693854
4243,-1.1291579338164184,25069203.094731797
4244,-0.643026822716639,11881332.566782415
4245,0.9440101546237302,948196.0930996175
4246,0.41067248626604524,2175297.5312886154
4247,1.5163608013796026,410248.4176887611
4248,1.1045799458739898,744954.5807704001
4249,0.3162975078643761,2528982.1650797874
4250,1.278623784620998,576614.7175081911
4251,0.7601954292672978,1256503.6527546851
4252,-1.2424523723901073,29540905.154293023
4253,0.40099818636060386,2209061.4755963865
4254,1.3010820236602914,558101.9601825037
4255,-0.5919157909426416,10953595.16827458
4256,-0.42030684744414015,8318240.507710235
4257,0.6628750047323435,1461565.752673129
4258,-0.11194550707083464,5049080.970262572
4259,1.3151577034322237,546830.6037285308
4260,-0.8855360343911532,17367429.540757436
4261,0.816134932810195,1152672.2225832683
4262,0.2610514186334832,2763193.5982739134
4263,0.8291806701925751,1129798.045273137
4264,-0.05671264792451204,4616449.812667593
4265,0.039787024894777374,3948231.558821914
4266,-0.04771842310484731,4549615.237998011
4267,-0.6312666389233568,11661520.232770814
4268,-2.146889134355167,88078768.02616443
4269,-0.93349261105955,18693347.982119817
4270,0.059817215830526654,3822296.4223414077
4271,-0.7510657287602753,14090309.829737468
4272,0.12340764140140605,3448911.918539724
4273,-0.8872352462204248,17412931.514107294
4274,-1.9401809942782244,71348240.00179176
4275,0.3432498960391942,2422269.351375305
4276,1.7586409973030985,293388.81004825275
4277,0.9466050053301128,944472.8818186646
4278,-1.024114345944462,21445577.013412267
4279,1.566690825015059,382275.1124822381
4280,-0.6574949841932569,12157109.712892098
4281,1.189478463843236,656984.720739497
4282,-1.0626065416581798,22717501.234682273
4283,-0.5499868831316359,10244241.769884257
4284,-0.4489838464897231,8711456.27264117
4285,0.20983002873150933,3000337.733795697
4286,-1.153281779592595,25970945.261304162
4287,0.3980794180665208,2219354.9527542237
4288,1.1195423081612959,728567.1335132947
4289,-0.1546656139718314,5411386.473356712
4290,-0.6704086260559551,12408321.607872153
4291,0.7796666028047592,1219275.048723108
4292,-1.0239586990298968,21440561.603031952
4293,0.3020635245608718,2587291.6922151973
4294,0.33259437319248364,2463889.0614210092
4295,-2.91468103264472,157151907.19881237
4296,1.144433800702679,702163.8628697895
4297,-0.8660717207424941,16853785.240833506
4298,-0.3804110262167859,7799743.668264882
4299,0.7747360858522065,1228589.7669058358
4300,-0.21147544678514235,5933672.42204784
4301,1.057896786792,798700.6291107076
4302,-1.2198296556440458,28599271.87314529
4303,-1.7874274699340635,60113226.384775914
4304,1.8227618101426382,269012.4691923691
4305,-0.16699503207959893,5520701.145380738
4306,0.9356705444898599,960269.2865000799
4307,0.7708832420698689,1235921.2656817501
4308,-0.49210932604261143,9336816.568912424
4309,0.7413470444673022,1293694.9735337438
4310,1.0273281643277836,836155.7994448035
4311,0.5231768556315364,1819948.4062513816
4312,-0.31176205887249775,6980478.772706811
4313,0.5009996140881363,1884855.0129796676
4314,-0.07274188056856713,4738020.054306078
4315,-0.5133253876308391,9660119.51501341
4316,-0.10998144094199326,5033020.439780913
4317,-0.15919679067669468,5451307.37087225
4318,-0.1456578056728954,5332889.94832163
4319,-0.2945527401307344,6788712.968685764
4320,0.1607201213683179,3247366.436617747
4321,-0.5595490672132055,10402056.818257622
4322,-0.10358350280189949,4981057.528313826
4323,-1.4710800363246843,40496529.19363941
4324,1.1445491496091393,702043.9504161454
4325,1.342543990395037,525606.8489697534
4326,-0.10383882915617704,4983120.9028041065
4327,1.034987268115814,826596.5285578873
4328,0.05656558549831984,3842459.453256977
4329,-0.8358141326771735,16082509.69292983
4330,-0.8910280485117669,17514882.57678934
4331,-0.6077753518189127,11233874.397944456
4332,-0.3604107339227903,7551806.836596679
4333,-0.06612234732676137,4687430.010595647
4334,1.8301473903678922,266352.3573158973
4335,-0.047202806186562814,4545813.447156549
4336,-0.6157457858690827,11377282.846366722
4337,0.6954745580116911,1389181.9418583123
4338,-1.3909673667011033,36353374.77115533
4339,1.783810017887952,283539.5345994231
4340,-0.7524753346961338,14121502.319353724
4341,1.7648713645098815,290915.823049591
4342,1.0484983758067359,810019.7194234728
4343,-0.0522557186296154,4583208.4264637465
4344,2.0597248007468605,196638.81625188058
4345,-0.9755665921211797,19929918.775955513
4346,-0.5620213011291846,10443234.329024326
4347,-0.21924637102233543,6008907.971631054
4348,-0.43040124906986155,8454650.453957371
4349,1.3228687620414465,540761.4808671762
4350,-0.4092774999899962,8171638.984211328
4351,0.6565333955822307,1476104.6544793968
4352,-0.21820766181022092,5998796.9769387245
4353,-1.315346696778421,32745950.06874483
4354,0.049631356818369034,3885819.5750267827
4355,-0.5086701456625632,9588272.34722142
4356,0.5822287175447459,1658304.5263285814
4357,0.014370934006392819,4114109.805790654
4358,0.19067965904186265,3094289.092572998
4359,0.22538703124361686,2926175.4941364774
4360,0.2858170284311876,2655547.7097715996
4361,-2.2306177931515587,95258525.72097394
4362,1.7685310172409876,289474.0062481384
4363,1.0780853048995973,774959.9586522973
4364,0.09422449020185361,3615420.4590884657
4365,-1.1150704076080635,24554894.042701654
4366,-0.6895482145355114,12789604.475589694
4367,-0.18480757153475588,5682528.828410064
4368,-0.8685856607085808,16919346.827971116
4369,-0.0793378655812961,4788976.167355982
4370,0.43382748276853994,2096650.3547718232
4371,0.881213708178555,1043275.6936522848
4372,-0.31253816182096866,6989251.3981982535
4373,-1.3715207745897458,35397784.37862025
4374,-0.5247173634707687,9838123.000330996
4375,1.143639502172625,702990.1896879699
4376,0.43512691451700936,2092325.5849148857
4377,0.6216516166349124,1558855.172916968
4378,-1.5177850257839793,43066487.34355456
4379,-0.4948254175218684,9377617.953904679
4380,0.9226713154461791,979418.5064059099
4381,0.7782076464491098,1222023.4471996278
4382,-1.0405704939120017,21981613.73145765
4383,-1.1800787530112962,27004182.42258991
4384,1.4419365801757071,455832.5385420365
4385,1.1991082823266457,647741.8750715707
4386,-0.09738282500350966,4931210.08509324
4387,0.447512784972481,2051567.1144424668
4388,0.7606150856258725,1255688.6456972416
4389,-0.2601829976201303,6421128.628216018
4390,-0.1427271735752313,5307597.61216977
4391,1.2689798242240902,584769.2095572901
4392,-0.47659571742698337,9107024.994461024
4393,0.030575415829222484,4007553.1959797163
4394,0.9177347223452956,986797.635033389
4395,-0.4511001819754369,8741177.92537764
4396,0.47720801699813,1957189.3865598538
4397,-1.299279493931747,32016807.997951537
4398,-0.9676071759646819,19690598.567522775
4399,0.37694143852891204,2295406.380076346
4400,0.9290035927118486,970039.7013858109
4401,-0.40055335857097785,8057460.003105535
4402,-0.3111278556466953,6973318.136570443
4403,0.6420425260528801,1509903.6302190581
4404,-0.4859953418343458,9245595.780824814
4405,0.36701652417241687,2332044.6312073288
4406,-0.8231595912175695,15769546.963193934
4407,1.9498532023824393,227075.2558305646
4408,0.7512515999070001,1274007.7264109154
4409,-0.22815697785933262,6096342.917574481
4410,-0.04590817848768371,4536281.889323548
4411,1.8789422156526214,249495.4695997477
4412,-0.875912849983563,17111747.84741193
4413,-0.8173054375805117,15626650.307029001
4414,1.9249983840239786,234667.65468121023
4415,-0.19778817383219952,5803424.661596666
4416,-2.114410297726642,85349671.26551485
4417,-0.3089092535559671,6948325.197531872
4418,2.079760896846658,191594.6623244649
4419,-0.3255308868215498,7137732.280369129
4420,-0.184523381606548,5679910.22860113
4421,1.3304555862496315,534861.9369392162
4422,0.7382586506792296,1299899.6822803228
4423,0.8053254871911644,1171999.6720241993
4424,-1.6532418203995698,51164838.404309124
4425,-0.28561970500838163,6691225.154561748
4426,-0.8024386270878918,15269052.272429137
4427,1.8740144183667733,251142.7880761488
4428,-1.2382533707903935,29364253.206882652
4429,-0.8127796105590088,15516987.48568006
4430,0.0419310343654824,3934552.667825818
4431,-0.12047057793850141,5119389.235117708
4432,0.20745541284171334,3011826.6347113634
4433,1.0529037855107435,804692.5869042362
4434,-0.9601340065332442,19468206.47779629
4435,-0.49985126722277207,9453569.342016893
4436,0.29914904284809835,2599401.41363511
4437,0.754503170628415,1267614.227557499
4438,-0.20914378061928904,5911280.9220252205
4439,-0.6320966861174555,11676908.283325551
4440,-1.2452699578090236,29659922.32211413
4441,-1.4505853464813616,39404821.557298504
4442,-0.9316858105897949,18641801.895265497
4443,-1.8376720904798474,63690736.733795695
4444,0.7767651913553838,1224747.2458324616
4445,0.8916614875997358,1026773.192047629
4446,-0.16818913013857523,5531404.492532673
4447,-2.1730102908917024,90297277.07263628
4448,-0.930438613685246,18606294.43005995
4449,0.36155458442480876,2352466.238039382
4450,-1.3516509808464945,34441429.86330563
4451,0.028922327389479547,4018294.15943798
4452,-1.7009493572295808,54242826.01503927
4453,-0.47762211119220876,9122058.370304603
4454,1.377888084479642,499537.4110423682
4455,-1.1798050205644537,26993458.03759533
4456,-1.5493968028964427,44870775.390643686
4457,-1.1774817511106734,26902578.006916806
4458,-1.0296792266985004,21625564.111342173
4459,1.3748444486410742,501725.6974852773
4460,-1.2659848989644344,30546863.52444289
4461,0.062098897663107666,3808212.165719439
4462,-1.056150255182311,22499731.360082492
4463,0.5772506490332496,1671329.6838301925
4464,-0.5766070612813442,10689351.88171325
4465,-1.1094848801872699,24353458.287969872
4466,0.7291476503630947,1318388.927303055
4467,1.0391272941179917,821478.5454547124
4468,-1.2850436594548396,31381563.27045425
4469,0.3810584620608806,2280384.205885585
4470,-0.8003625260513524,15219714.26997722
4471,-0.6295888003728611,11630473.545716096
4472,0.6572315021423951,1474496.6960841576
4473,-1.394360081113524,36522084.84044083
4474,1.3826568172573441,496129.82754906535
4475,0.1874040329445108,3110659.2409435
4476,1.2737929879967835,580683.8021871329
4477,-1.346875968961538,34214607.776075296
4478,-1.6273617870640973,49543895.30690547
4479,0.9310607431007191,967013.6135482892
4480,0.826771460675198,1133985.5582719443
4481,0.6615766873933454,1464529.9246816263
4482,0.9341189417545669,962533.6890725971
4483,-1.031188646456594,21674609.03018083
4484,0.24984143788089902,2813388.9817744363
4485,-0.9633040129349221,19562269.905568957
4486,-0.2009687735799837,5833435.48358487
4487,-0.6360026742424244,11749577.775711766
4488,-0.5759051596165361,10677382.787916861
4489,-0.19711147523850692,5797059.4419643525
4490,1.3016628419634646,557631.8716586934
4491,0.2875770023071803,2648064.546097179
4492,0.8410198839247636,1109458.5689534724
4493,1.0767995948124705,776448.9183737383
4494,-0.4175459250189433,8281304.549327846
4495,0.10676022764776472,3542913.91781461
4496,-0.29188289259671873,6759430.776863685
4497,-0.3702010686799429,7672197.1851213435
4498,-1.2207254333401365,28636086.778195135
4499,-0.151770763966468,5386034.954678232
4500,-1.2884163744325983,31531150.877103586
4501,-1.4060002569384573,37105435.34673292
4502,0.6946962123053352,1390865.2100074773
4503,-1.3291009113252261,33380445.203237846
4504,-0.022727987615984557,4368989.932037823
4505,2.0439891008456286,200704.37150209464
4506,-0.39753237641326267,8018285.258393719
4507,0.8442949399947238,1103901.4262783243
4508,-0.3326773935049675,7220717.96746845
4509,0.6630947981047108,1461064.5735731176
4510,-1.3905109232853348,36330722.435683206
4511,0.34347069085951365,2421414.691569294
4512,-0.23656533456915788,6180005.636486027
4513,-0.3177653886779723,7048619.83615902
4514,-1.0742284778046123,23114068.09318783
4515,0.5656496513507656,1702103.3341937636
4516,-0.21461540464329085,5963959.236089046
4517,-1.3512452145173053,34422110.03020284
4518,0.38809657111236473,2254939.8397646234
4519,-0.840308094673019,16195001.914813187
4520,-1.397197002863019,36663612.85694004
4521,-0.21314128475512478,5949721.384237382
4522,0.7646356620221818,1247908.7972159707
4523,-0.8482299346926967,16395039.66248694
4524,-0.6285624072526909,11611519.635564744
4525,0.17271875702923659,3185148.7982083596
4526,0.5270096372138707,1808970.5509330526
4527,0.8340314561067421,1121416.765698285
4528,0.6707142664562166,1443802.3594098603
4529,0.8232832393366878,1140077.918048043
4530,0.34076332143022375,2431916.091212517
4531,0.43714201097195793,2085637.3353330216
4532,-0.3613972858281582,7563854.18931199
4533,-0.018735820094765147,4340813.172492048
4534,1.6244637830931223,352730.5070805393
4535,0.9530972440498966,935226.1544559066
4536,-1.4082396657044376,37218467.42943808
4537,-0.4063712552753107,8133429.225853748
4538,-0.5169122452618174,9715829.657036824
4539,-0.3260116411990239,7143285.351495784
4540,1.4183285087512152,471433.69523602765
4541,-0.1665921440301999,5517094.502596601
4542,1.7504789066633777,296663.91163049213
4543,-0.3095727941282116,6955790.853397954
4544,-0.554651232432683,10320935.106913341
4545,0.8850901362483575,1037119.8837829066
4546,0.09093032367341855,3634723.5820302772
4547,-0.9799650867652576,20063264.974212747
4548,0.21514715220638606,2974775.3802368483
4549,-2.2603462003582178,97852513.37126948
4550,1.9534816862044178,225989.9380270055
4551,-1.574441440870692,46337367.81213678
4552,-0.7865796975463306,14895852.115898352
4553,-0.2257082956272541,6072190.3905525375
4554,-1.4434303137236688,39028850.31994459
4555,-0.46446584870612956,8931161.30135314
4556,0.3389629731736179,2438925.4496791763
4557,-0.09623452532825899,4922033.931335766
4558,-1.3737622485126768,35506937.708852746
4559,1.3741088790071085,502256.12513006316
4560,-1.6590934517004767,51536120.60850647
4561,-0.1580534168631645,5441206.299036308
4562,0.005666329734955036,4172529.2744842656
4563,-0.5641044729797451,10478052.15249525
4564,0.4102793551178846,2176659.0560283773
4565,0.25151024992837423,2805857.3349239808
4566,0.952373760009139,936251.7612713408
4567,1.8818622466016988,248525.00523257314
4568,1.9892169350713094,215604.62954148607
4569,1.237144532394883,612593.0288683141
4570,-0.9836752882900434,20176353.170936648
4571,2.5788952999385995,102773.90185476716
4572,0.2532802331410727,2797891.7875033035
4573,-1.5312062463522964,43826128.932636015
4574,0.9015011362579256,1011486.7366086747
4575,0.12130604760207386,3460637.0746323657
4576,1.5091914255979126,414413.5103092596
4577,-1.4315369224344414,38409795.65767044
4578,0.25770756852855525,2778069.1241717655
4579,0.9475086504803988,943179.9797133099
4580,-0.041794698551227624,4506130.282550393
4581,0.29133380438430406,2632163.9419206968
4582,-1.5655883264873236,45815190.06349565
4583,-0.3291875226896769,7180075.796710288
4584,-0.6179854685882107,11417890.903047426
4585,0.4934985454395843,1907353.7493522346
4586,0.07215021812692293,3746793.2301747994
4587,-1.9101431958511335,69056306.60760005
4588,-1.158168392975353,26156870.23669106
4589,-0.22750115433977278,6089864.893491778
4590,-0.8224061261616603,15751088.794556946
4591,-0.5517323651296833,10272877.88425464
4592,-0.5017851420171939,9482951.584069477
4593,-0.39932254513792464,8041476.930265665
4594,-0.7714031369237151,14546562.619215924
4595,1.0227963656538193,841868.0080093406
4596,-1.205693759091768,28023412.42207
4597,-0.4232547463653715,8357854.398446638
4598,-1.2524911715806726,29966721.82256002
4599,0.18008595422951978,3147553.524744267
4600,1.4035461766836141,481500.27621050755
4601,-0.46134593384650385,8886460.204978172
4602,0.29878034281402244,2600937.5390057582
4603,1.2384943087484104,611384.4819405806
4604,1.972273270055509,220460.89132737764
4605,-1.75104973505351,57598790.28524315
4606,0.6737138595841566,1437065.9788375439
4607,-1.1430171828429732,25583992.344022185
4608,0.7845244428339901,1210171.1394932678
4609,-1.090706463920848,23686473.47713372
4610,1.0794106813342361,773428.2933153072
4611,0.741739410481952,1292908.9498460272
4612,-0.1704261907975882,5551512.18901307
4613,1.5658811590244897,382708.1206401535
4614,-1.1450435458143795,25659997.283192784
4615,-0.8462013705130236,16343603.342962949
4616,-0.14016559526564207,5285588.524385707
4617,1.538675086335349,397577.09983180044
4618,-0.6210069595507735,11472891.069755731
4619,0.9404610589135195,953314.048771113
4620,0.23454291710008857,2883412.10215038
4621,-0.747106898350812,14003046.821410852
4622,-0.6953693907731943,12907722.921405165
4623,0.7359945140322662,1304468.5047507454
4624,0.10291580042494577,3564991.05560037
4625,0.46373900362017095,1999421.6600219111
4626,0.6387346692687564,1517733.0306098592
4627,0.45043225350092625,2042081.1981154503
4628,-1.308365999194698,32427569.272088584
4629,0.282827810220854,2668307.5440811603
4630,-0.689180724389546,12782181.638629366
4631,2.4653853264799244,117940.51766567891
4632,-1.6085277764431924,48386028.58247048
4633,0.2772614938642696,2692237.0278089815
4634,-1.679529078662605,52846495.61966369
4635,1.0332191565639617,828792.7798934504
4636,0.9778599760385228,900840.7097988208
4637,-0.7664790100090607,14434861.849103412
4638,0.5864827461283542,1647258.5014360668
4639,1.273890677285063,580601.2066964458
4640,0.31879162468884126,2518905.8562372704
4641,0.19482261119891658,3073710.960510084
4642,1.5801470978787924,375157.2939287126
4643,-1.7786274614931812,59499061.4184927
4644,-0.8832925859480178,17307517.473540027
4645,-0.039846544423180814,4491920.976140804
4646,0.5583884186337361,1721667.777390342
4647,-0.5691591955572008,10562996.195725624
4648,-1.3954073288677118,36574281.44224746
4649,1.3365004429510852,530211.8039380029
4650,0.33095328571994287,2470364.597812512
4651,-1.3462524942822847,34185077.25084253
4652,1.070071192467321,784291.5846849472
4653,2.2918297511439785,146217.8871197131
4654,-1.7537694145298177,57784536.15106644
4655,1.3958679414708606,486821.90617716144
4656,0.41453341176414976,2161973.092251801
4657,0.21155781865620774,2992006.62565738
4658,0.6379186096793314,1519671.1577325764
4659,-0.3734250532014344,7712250.842604683
4660,1.1434627734126641,703174.1880514433
4661,-1.2797203474673278,31146612.33408737
4662,0.8082863828523329,1166671.4116392347
4663,-0.8977472405494387,17696810.7376723
4664,-0.8090560762853303,15427291.59947874
4665,0.10368088595860504,3560586.2965414785
4666,-1.3944793859517044,36528028.339113325
4667,1.722225740161763,308317.74177436234
4668,0.7366466975692735,1303150.7110084528
4669,-0.09570567568384371,4917813.615844982
4670,-0.4498990074499822,8724296.70736747
4671,0.6387695941971349,1517650.1428021572
4672,-0.9425232446960915,18952883.98874509
4673,1.5344303728524156,399953.884596455
4674,-0.21393554090958833,5957388.545042929
4675,1.1348419087285877,712213.3918127979
4676,-1.178170691981523,26929501.05725069
4677,-0.6971368540923887,12943787.763998004
4678,1.2719754291132572,582222.8735127863
4679,0.11283557466491606,3508309.3286893144
4680,-0.502724860738209,9497260.81859487
4681,1.3876417439143427,492594.9684741787
4682,0.5999763386357193,1612730.8134879814
4683,-0.24142698595933118,6228896.6689776
4684,2.054957937186378,197860.6159197795
4685,0.6321301089594074,1533493.9928641755
4686,-0.5327188722712499,9965023.279140567
4687,0.7689264679492938,1239662.588296602
4688,-0.5150404803638992,9686719.558674604
4689,-0.9730432276863414,19853771.809815824
4690,1.5931082940525338,368439.42086469586
4691,1.0307797570882258,831833.2102295931
4692,-1.183672112230564,27145291.353918795
4693,-0.34585672065015083,7376245.10407863
4694,0.46966687316172334,1980718.555724764
4695,0.11363526119784123,3503780.142938885
4696,0.6439723052974253,1505355.7328622006
4697,-0.7211981400411416,13444183.809341913
4698,0.14710024397736637,3319500.8590949746
4699,-1.108058754800751,24302251.36672934
4700,-0.9611216285427119,19497469.244852677
4701,-0.09717297043790545,4929531.839846622
4702,-0.26314048383310185,6451970.829474131
4703,-0.6267267652263337,11577694.345111655
4704,-0.393770292345677,7969759.392500663
4705,-1.1130097243421684,24480414.420756817
4706,-1.2668431944707321,30584067.4811224
4707,-1.7833624261648395,59829055.86988404
4708,0.8115893904555394,1160757.9743804964
4709,-0.40150703518188596,8069865.49018412
4710,0.20571194585381852,3020290.6690309476
4711,3.151970297962926,52920.65938299901
4712,-1.6275959832751208,49558408.73670189
4713,-0.9601234462325575,19467893.790687848
4714,-0.6636465760453555,12276177.049228065
4715,0.24299093456276746,2844525.439583715
4716,-0.3835061875344307,7838816.528246578
4717,0.34150029824275613,2429052.8213450094
4718,-1.9869897553797382,74995248.47786139
4719,0.8161086525143024,1152718.7977125405
4720,-1.7058220044222996,54563701.9959784
4721,-0.9864332046726618,20260777.368712593
4722,1.5073625922932035,415483.4208228602
4723,0.9793321192873184,898839.777296115
4724,0.08976804756364239,3641559.3043222623
4725,-0.4137407769920389,8230659.747164809
4726,0.841513640746375,1108618.8483393078
4727,0.986076256108534,889734.1181409073
4728,1.6847237038688068,324577.7450303883
4729,0.2668427228470175,2737624.302520916
4730,0.2800412898524916,2680259.165031439
4731,0.5525020831309816,1737701.1983951028
4732,1.2721395978875003,582083.6761288681
4733,-0.8639722128374345,16799207.46071107
4734,-1.2743960719649852,30913024.414151832
4735,0.7946722057123857,1191386.3451137126
4736,-1.2632671955621662,30429300.436824836
4737,-0.8470141391285628,16364194.342909118
4738,-1.5705693147430537,46108476.80411167
4739,-0.550764452321388,10256989.030960716
4740,-1.2682529253435844,30645252.947032295
4741,0.06932084594599582,3763979.64047794
4742,1.6718520784876445,330375.71880863095
4743,0.09449788763441005,3613823.1088706017
4744,0.752223655114909,1272092.8086188438
4745,0.2882389110693524,2645255.842318758
4746,-1.3785436522977315,35740640.18436553
4747,-0.11584473309028673,5081117.981293291
4748,0.00611579653377701,4169492.2974336245
4749,0.4876312477741691,1925148.0672892479
4750,-0.08669168670202287,4846436.287625074
4751,-1.7082132547968045,54721609.51114707
4752,-1.6202652159118456,49105458.02455222
4753,1.7288798973767754,305528.0346862218
4754,0.6799044202455726,1423268.3907351966
4755,-0.6644843885494703,12292477.746511647
4756,-0.15146169111184848,5383335.278389899
4757,-0.14777689943343528,5351253.412170041
4758,-1.6883965323791543,53421718.48728036
4759,0.7201829718817924,1336853.9915998739
4760,1.088901476768964,762555.4995835177
4761,-0.14976078611570937,5368502.446293656
4762,0.08609407889344471,3663253.3364610085
4763,-0.7821077793725187,14792138.518698636
4764,-0.8038667747275274,15303076.693333644
4765,-0.6883709845738653,12765840.113693058
4766,-0.26963142585634264,6520175.646043038
4767,0.12623901744772115,3433179.2920033466
4768,0.8463789805412633,1100380.6988994323
4769,-1.7642266513826452,58502119.1259771
4770,0.31991783102542054,2514369.577330261
4771,-0.8336207577866906,16027863.508322755
4772,0.9174040777449736,987294.0031253682
4773,-1.8340173882907185,63426500.47601274
4774,0.2942374995886242,2619941.7154053906
4775,1.1855198659425699,660825.7396368157
4776,-0.8717483576978757,17002154.103899907
4777,-0.8196936785359635,15684802.854779674
4778,1.6182344626467338,355791.4850188018
4779,-0.7867104099121599,14898893.63426914
4780,-0.2830675561798116,6663627.34129153
4781,0.1787880666903943,3154143.564176146
4782,-0.6609553155294826,12223952.2539159
4783,0.33129906220256733,2468998.7400455275
4784,-0.17421844346767892,5585765.2057181215
4785,0.5663616312444173,1700197.6227099085
4786,-0.06571347032520178,4684323.026724068
4787,1.7714317862337972,288336.80563491595
4788,0.05194383083671642,3871304.5890697646
4789,-0.4348396972951323,8515313.472844468
4790,1.644269018604595,343190.341325342
4791,0.1720652730932791,3188505.7142426376
4792,-1.4692387045032569,40397548.34989322
4793,-1.9638330313299148,73179791.33484323
4794,-0.9344991882437739,18722119.44088541
4795,-0.6339979277309662,11712227.121164856
4796,0.4425387238838105,2067834.8980004669
4797,-0.9666978810071825,19663419.981130894
4798,1.5172866412447112,409713.9147038526
4799,0.7202226712942561,1336771.617971956
4800,0.6034918930628776,1603860.9330476641
4801,-1.8684456532161304,65940140.789338134
4802,1.8335954224279922,265120.47981569654
4803,-1.2699699739819719,30719909.111261204
4804,0.8233774125741595,1139912.981508219
4805,-0.8991642108467055,17735392.019759588
4806,-0.342046774176147,7330950.355723821
4807,0.047811189218483596,3897283.300064211
4808,0.4292710325520679,2111888.9476612704
4809,0.8896460308779482,1029934.7542767946
4810,0.5009110595284665,1885118.9963605292
4811,0.5942131887464897,1627383.472158367
4812,-1.4836727284457585,41178202.34809362
4813,-0.5094332482267407,9600014.525231408
4814,-0.47793383945922535,9126628.92307128
4815,0.5826446460462978,1657221.0934845195
4816,0.7888099636559162,1202199.890633762
4817,-1.5572997842129486,45330025.10833676
4818,-0.11666991003157355,5087923.903483358
4819,0.2648443092408187,2746419.8449671795
4820,0.3809101106122733,2280923.731205978
4821,-0.15837163031728593,5444015.660909689
4822,0.9385409508803545,956095.2916424385
4823,-0.6753416654853773,12505562.983208314
4824,-1.1199551645589372,24732209.733533207
4825,0.3334123373795213,2460668.0424685166
4826,-0.2757569032837104,6585192.837974263
4827,1.449778285830937,450776.5677871372
4828,1.4699548612573679,438048.6157912728
4829,0.6773955328088763,1428843.2495401572
4830,-0.05539144348096843,4606570.557042565
4831,0.8297545896318941,1128802.9370194222
4832,-0.04794873253895592,4551314.410081313
4833,1.0996597058173931,750430.3101148469
4834,0.8722338280326929,1057686.6109363604
4835,-0.01580847339115784,4320268.609514224
4836,-0.3730791042272912,7707943.134614105
4837,-1.225796709319933,28845236.561074585
4838,-1.1973808005210111,27689224.993865494
4839,-1.663956290503419,51846000.23182445
4840,-2.1668099578210533,89768834.17187482
4841,-1.9834764704413812,74718418.89783931
4842,1.4170793060375944,472275.39156069444
4843,0.09755733740182361,3595996.9599729218
4844,1.1164887936080372,731879.4952033875
4845,-1.1870022198536514,27276605.995696876
4846,0.25117658330106923,2807361.568422092
4847,-1.212509785744795,28299883.53301862
4848,-2.7366408815311685,141044896.59786576
4849,-0.29303423403934664,6772043.1044611
4850,-1.395827252861819,36595227.063930996
4851,0.1731952774733899,3182703.218894458
4852,-0.14384050353226482,5317191.874940502
4853,1.7574552890883,293862.084224545
4854,0.6728917095965339,1438909.0187723488
4855,0.27514037197124713,2701413.8924634634
4856,-0.6462124883629763,11941544.639730843
4857,0.17684363437344658,3164042.924647417
4858,0.09203749417976946,3628224.109424848
4859,-0.7123309080311093,13257716.593814826
4860,-1.5769943223113019,46488703.240727134
4861,2.142768476471076,176650.55812265002
4862,0.8975983629376451,1017520.535518464
4863,0.1716366370172332,3190709.5662429864
4864,0.2450807771212925,2834989.375016021
4865,1.6116262750636232,359070.75316565164
4866,-1.0904683945949938,23678118.26899625
4867,0.21509625912175784,2975018.987487674
4868,0.6311218504218971,1535915.2420499744
4869,0.3329693787333185,2462411.8044246775
4870,1.5070022435453405,415694.591756915
4871,0.369635703886004,2322317.194498054
4872,0.45138735367344096,2038987.8445570285
4873,0.3023997193567056,2585898.554719638
4874,0.7909107132162246,1198312.8544672749
4875,-0.23336463872685326,6148025.61897265
4876,-0.33843480394128245,7288260.914445935
4877,-1.3879265369747915,36202667.25345178
4878,0.3924206403137178,2239453.928681468
4879,0.6444756372766027,1504171.9152010076
4880,-1.6587530930430283,51514476.959954
4881,-1.3912561705975584,36367713.05485701
4882,0.06488132060396971,3791108.3173598857
4883,-1.4009974227595752,36853859.043696895
4884,-1.7755704173248859,59286583.86520347
4885,-1.7793189761367767,59547187.507915236
4886,0.10724220516600003,3540155.950012823
4887,-0.017192632321571623,4329970.578214142
4888,1.0124680645023074,855044.4006984927
4889,1.4665090452166902,440194.0680579882
4890,0.9856540405773065,890301.253216311
4891,-0.2485181781503107,6300896.280472819
4892,0.6319818485936175,1533849.7749524782
4893,0.7572617490480891,1262216.8377345477
4894,-1.0703041904991437,22979504.458947256
4895,0.6366482846584023,1522693.3607197634
4896,0.6792468945787857,1424727.2114729714
4897,-0.9914499767806847,20415142.854940128
4898,-1.7963532997333578,60739987.52585615
4899,0.7884656572818131,1202838.244030889
4900,1.1305015632720177,716811.977565965
4901,-0.09847860057178465,4939982.517351277
4902,0.8415267136330544,1108596.624817441
4903,0.8117627299460048,1160448.5255803377
4904,2.445887960610227,120789.80822234333
4905,-0.7960609432843405,15117952.15219317
4906,0.5697195728076432,1691239.8363257183
4907,1.8093596528827152,273915.34670535044
4908,-0.9235329033916166,18410776.540354848
4909,0.5239037242967014,1817861.1510183176
4910,1.132259899139566,714945.1576247452
4911,-0.5924001241088611,10962055.574801913
4912,-2.1436688349618347,87806693.09393488
4913,-0.09331243315925748,4898760.460003066
4914,0.42523218384890976,2125493.035535985
4915,-1.6242797649929785,49353162.9383004
4916,1.0576861872116348,798952.3877306007
4917,-0.6172742474865457,11404980.818787156
4918,-1.077656885018855,23232179.26406979
4919,0.40399546117590635,2198542.8380571925
4920,-0.9094791999943456,18018524.88300578
4921,-2.830380679513397,149570023.13766605
4922,-0.49314316711456324,9352326.859047351
4923,0.45871920490290785,2015404.0071125242
4924,-1.6911221474859661,53599328.702468686
4925,0.3869844071436056,2258940.843315861
4926,1.2083557829543854,638998.9398896513
4927,-0.0118489393807654,4292636.184406617
4928,1.3334500214257665,532552.8540339096
4929,-0.021077811839428875,4357320.6509602405
4930,0.30755984715822776,2564612.879229682
4931,-0.4455451877822063,8663372.38566002
4932,-0.25822050743057073,6400743.214467309
4933,0.4893179347986015,1920014.96142644
4934,0.18322403827030875,3131678.137953208
4935,-0.15649212537383073,5427443.314761652
4936,0.5088535919447252,1861595.4588644195
4937,0.4521825101639973,2036416.245174435
4938,-1.5508909898080137,44957353.460246176
4939,-0.5627011833727391,10454585.645230636
4940,-0.2119674590034865,5938408.072567941
4941,-0.5932470971280844,10976865.529196449
4942,-0.18024624631069805,5640644.377438254
4943,1.347205472458684,522084.8657097258
4944,-2.321987936597314,103295086.34073907
4945,-0.3015626815840163,6866191.898094238
4946,0.6727054733471896,1439326.8579580078
4947,0.37741964819636603,2293656.2239705855
4948,2.525705514284422,109590.79584482138
4949,-2.0331259318571395,78675405.49389043
4950,-0.028361660876772783,4409066.892432183
4951,-1.1140379102356597,24517552.409125797
4952,0.4976570908198756,1894846.0644251353
4953,0.6954752645362011,1389180.4148933813
4954,0.9732693385658548,907111.1255163333
4955,0.5019275654035791,1882091.0944706805
4956,-1.1254476192273555,24932873.81932588
4957,1.48954062272417,426070.36884104327
4958,-0.28744285436129174,6711008.83701472
4959,0.9142906585589988,991981.0650173103
4960,-0.3684655585771505,7650719.992250687
4961,0.765065299617126,1247080.4825755798
4962,1.009348079571156,859068.3328559857
4963,0.18569065128934303,3119257.3400970562
4964,-0.31965587593151723,7070212.868206746
4965,-0.18682011481551536,5701107.341918272
4966,0.34647635498377394,2409811.322878267
4967,0.25215423630709416,2802956.4682586645
4968,-0.007526544594749747,4262675.294452762
4969,-0.24588493053664426,6274064.275380025
4970,1.5617074383017844,384948.82064754504
4971,0.04079100462580836,3941820.1188442386
4972,1.2226300120086595,625754.5591578322
4973,0.08426863060283979,3674081.128585687
4974,-0.893445085237258,17580131.976577986
4975,0.7827601042407706,1213469.225701104
4976,1.1242719753742227,723468.5523536137
4977,-0.11688181156080742,5089673.104975663
4978,0.8182394954769637,1148948.9321153117
4979,-0.09184032137318186,4887077.455728076
4980,0.08109747428535631,3692968.625260609
4981,0.7265217504556158,1323769.442159415
4982,-0.7895597445035731,14965335.89031981
4983,0.38523149474884766,2265261.929995581
4984,0.38773006392529785,2256257.5324828746
4985,-0.9379598857694158,18821338.384626597
4986,-0.5798430720465727,10744698.714445276
4987,-0.9306845542264828,18613291.549338546
4988,0.2653820985181979,2744050.0304080728
4989,1.259524353396294,592886.5883067106
4990,-2.1066305247410937,84701009.27364786
4991,-1.221300259564665,28659731.488958873
4992,0.019553059339405956,4079724.8223174643
4993,1.6639679384541781,333983.6665356794
4994,-0.7634112975827179,14365672.540317796
4995,-0.15663978631577372,5428743.476048532
4996,1.7744679342620415,287151.8404773291
4997,-1.4328951836492119,38480121.24044112
4998,0.2816549714858094,2673331.227095733
4999,-0.47394430109508906,9068300.71306732
5000,-0.7882196207077814,14934052.420768706
5001,1.1710665663071098,675058.2932126137
5002,-0.7752345862680742,14634026.223870333
5003,0.4481659878320329,2049440.7445619437
5004,0.1830926626972239,3132341.109729784
5005,0.03859370283527317,3955865.907708714
5006,-0.6689244417981001,12379203.86391243
5007,-0.44407552538504264,8642900.052103052
5008,-1.0167850378975836,21210507.28694471
5009,0.9386699217982775,955908.2068037103
5010,-1.7380532174472951,56716209.84841542
5011,1.1900486507772357,656433.4717917725
5012,1.642804362069927,343886.00796400703
5013,0.32204672826780745,2505817.622827674
5014,2.177547855241346,168962.6522108667
5015,0.6687678267134464,1448191.4766674617
5016,-0.9724337408787388,19835417.885298308
5017,0.2907111975816291,2634792.2796256677
5018,1.6445286336191678,343067.19466944184
5019,0.703859161532723,1371185.5021274905
5020,-0.07749288008783745,4774667.826864667
5021,0.8410979389729224,1109325.7773611976
5022,0.6300819075721017,1538416.8073607136
5023,-0.19213608881209487,5750472.211967676
5024,-0.744097658417554,13937049.701867841
5025,0.48844154555835545,1922680.292261466
5026,0.24902234911941037,2817093.294324118
5027,-1.0939649664515625,23801085.36126934
5028,-0.5887464200375694,10898384.82238139
5029,-0.1091073069134057,5025888.957326047
5030,1.4505528807172372,450280.4976457168
5031,-0.00897216270052388,4272672.071645042
5032,2.6155624741727754,98350.76322399295
5033,1.2358950645476108,613714.0823095792
5034,0.6633492625732847,1460484.563502193
5035,-0.33505761610443446,7248566.76960351
5036,0.02440347394952798,4047804.626389994
5037,0.3478697170331112,2404451.825725126
5038,-0.8813929527800756,17256932.422564574
5039,1.696856931359667,319215.38704663905
5040,-1.162544037729993,26324294.142106988
5041,1.1215246023504275,726425.4964917876
5042,1.1424717703162506,704206.9234932786
5043,-0.6579320338462871,12165533.144876195
5044,-0.8109010442500563,15471675.539999058
5045,1.789192338685937,281481.27713988104
5046,0.4428148331085944,2066928.356197718
5047,-1.229224425166877,28987305.72329196
5048,0.497333806018603,1895815.3242388784
5049,-0.3272429496924301,7157527.223067848
5050,-1.703471619165424,54408773.76943791
5051,-0.2982237787545997,6829179.992129102
5052,-0.556244627525189,10347259.711001368
5053,-0.2042888195338631,5864926.601032174
5054,0.5303170703944066,1799553.2423678613
5055,0.08140974460637153,3691104.3552572457
5056,2.7736814245199146,81563.10220162162
5057,0.27332361340332606,2709299.6229769047
5058,-1.2366630930351765,29297574.085331663
5059,0.8478569693566748,1097891.0942393932
5060,0.02281936763400229,4058201.581862064
5061,-1.652420662967447,51112877.132188566
5062,1.3819674353708111,496620.8589681939
5063,0.030143585024373913,4010356.21029745
5064,2.3520056851840994,135633.42626296525
5065,0.5809220601727059,1661713.0308017044
5066,0.6774705248466946,1428676.279165797
5067,1.2713827808373006,582725.6774550362
5068,0.3142425413453489,2537315.639924193
5069,-0.37329567941082414,7710639.62332195
5070,-1.0810526886394245,23349675.35652715
5071,0.4401008757566277,2075857.046019435
5072,-1.329602020076054,33403742.22578107
5073,-1.0040304457574725,20806776.612582188
5074,0.07529757783061926,3727769.0322628664
5075,-0.2499175634232203,6315201.761341074
5076,0.9921057404605502,881677.394001693
5077,-0.8013548681887848,15243278.803469822
5078,0.8632703850117865,1072283.7911163536
5079,0.7284029784851441,1319912.4103585728
5080,0.4404952919305558,2074556.9544773104
5081,-0.0845441099296808,4829584.672648778
5082,-1.010688440985777,21016683.865653414
5083,0.16031177768562008,3249505.628104607
5084,0.009451880030410956,4147020.710881404
5085,0.08644415146500468,3661180.5689511932
5086,-0.2503904228287223,6320042.914494245
5087,-0.48969007927742153,9300618.264524471
5088,-1.6657053715483787,51957754.7745718
5089,1.4700687315110514,437977.9137948424
5090,-1.009593888325162,20982049.549946774
5091,0.9988764155966032,872723.8071478847
5092,0.29348146761996086,2623118.3448066544
5093,-0.8802511336321109,17226591.094025284
5094,0.11842342641863937,3476785.9444606593
5095,0.95014630835211,939416.9799194384
5096,0.13121691305240382,3405696.955638871
5097,-1.1739716917976701,26765754.66666481
5098,-0.7208434295129957,13436678.125138465
5099,-0.1858892551382048,5692506.737803342
5100,-0.6311935790319975,11660166.708419967
5101,0.5244898419480274,1816179.90120794
5102,-0.6101655735840067,11276700.106206056
5103,-2.8124649971785285,147947243.96104383
5104,0.005893165528087072,4170996.3007351556
5105,0.01352409691062784,4119756.663599912
5106,-0.8728364978110181,17030728.660989534
5107,0.43308417916257363,2099128.4099200806
5108,-0.8085143833496616,15414282.322370432
5109,0.4354710914176334,2091181.6545826904
5110,0.08455232416894157,3672396.2413726207
5111,-1.0671786961590155,22872811.94695062
5112,-1.7170052517081416,55304665.71223603
5113,0.22000402825649185,2951621.3312074672
5114,-0.051448325280635226,4577212.433477408
5115,1.1766027013110558,669567.7438115733
5116,0.12926322745461075,3416456.116551198
5117,0.7581829508632311,1260419.8767958803
5118,0.9019752490597057,1010756.3609000825
5119,-0.796918032936487,15138178.418666104
5120,-1.1149681962694202,24551195.292071622
5121,-1.6842442013855379,53151863.38075719
5122,-1.2375275258734146,29333803.845982734
5123,0.9665894656859183,916319.268534628
5124,0.356775523583757,2370486.9244645955
5125,-0.2859305425130598,6694594.10086038
5126,2.113738233073857,183367.7200517245
5127,0.15763381377026064,3263570.490204642
5128,0.9638527987092288,920120.7231823243
5129,0.2780008071638254,2689046.016270156
5130,-1.2877249270908417,31500437.4947479
5131,1.019625545040049,845889.7588324988
5132,-0.5846784910100679,10827908.60358811
5133,0.6320715012649897,1533634.6240007442
5134,-0.010246907561894168,4281506.87993337
5135,-0.13100250193104318,5207603.442019461
5136,-1.6116792604192351,48578492.34547167
5137,-0.990542134036862,20387132.538803563
5138,0.1085366819055496,3532759.5385792153
5139,1.2911361862902653,566219.2019707866
5140,-0.3888613071512489,7906869.948183468
5141,-0.48335603199261096,9206482.894046184
5142,-2.3372528584109826,104654817.96787186
5143,0.24168352857907693,2850507.996853962
5144,-0.8245539218482973,15803756.826371327
5145,-0.017860996494317743,4334663.210956697
5146,-1.4911243913181418,41585486.79126773
5147,0.2520274884266873,2803527.1656025625
5148,0.20402076644841613,3028524.208875612
5149,-0.8495859003503899,16429503.276309585
5150,-1.582919731037274,46841273.89749661
5151,1.6676622601294573,332287.66683616594
5152,-0.5250380756967353,9843179.44713535
5153,0.1315728651364762,3403740.4196412126
5154,1.39126033381533,490046.2851178516
5155,0.03176737759489665,3999826.474936162
5156,-0.675019925267567,12499199.06663977
5157,-1.7652371042098718,58571741.03895907
5158,1.7192268346838628,309584.23200376745
5159,1.3854101538995962,494173.9861336598
5160,0.5902932066189633,1637430.0199303448
5161,-0.15060469966440374,5375856.7312369775
5162,1.3364807513150065,530226.8801658836
5163,-0.4382139813929161,8561713.935480695
5164,0.008802733565696587,4151383.6829089313
5165,-0.6539171013289572,12088357.398073345
5166,1.674677055411245,329093.4654362801
5167,-0.599580442659524,11088211.636797119
5168,-0.06722040622016699,4695784.228307522
5169,-1.0018368074855066,20738019.246404883
5170,-2.5403937510990584,123061997.08080989
5171,-0.196707182900224,5793259.865874425
5172,-1.4598127186499403,39893629.10808996
5173,1.3212022048691157,542066.9098303883
5174,-0.43835793373485477,8563698.891458971
5175,-0.43763160654425304,8553688.12815969
5176,1.6833590264095648,325187.08774920594
5177,-0.43523239373984085,8520700.966779947
5178,-0.11179902200786723,5047881.364707804
5179,0.848516678868699,1096781.787495707
5180,1.033106502647985,828932.925626465
5181,1.0840531931500565,768088.9599225041
5182,-0.926736516047911,18501250.31339513
5183,1.5103164669770839,413756.84184117697
5184,-1.3380054715027971,33796321.53961046
5185,-0.1455993491985947,5332384.27431417
5186,-0.1423671798793172,5304499.023104161
5187,-1.7005887299219307,54219125.41593691
5188,0.8518388816715111,1091213.6548527703
5189,-0.9948859100201277,20521459.37837859
5190,-1.3201601397659375,32966913.303234678
5191,-0.5980891011710574,11061896.508078279
5192,0.3028719403763983,2583943.056213358
5193,0.12261224175548176,3453344.8128264835
5194,1.2636442329180069,589334.726853065
5195,-0.20234950798391965,5846511.489024213
5196,2.2860430302580785,147283.51008235023
5197,-1.3100420691359798,32503789.32773735
5198,0.13333172323693598,3394089.4766519773
5199,-1.899202347616894,68231207.96444955
5200,1.3299378585160981,535262.2786069846
5201,-0.3543913876130358,7478706.577467236
5202,-0.5740241709488187,10645370.260726087
5203,0.975942540220983,903454.0724166465
5204,1.1964475019217937,650281.5150304226
5205,-1.142806367183098,25576095.89680867
5206,-0.3525106317632857,7456008.5115587525
5207,-0.9833868879128211,20167542.62307632
5208,-0.05932861857503112,4636073.602930815
5209,-0.42247770394947165,8347394.760041178
5210,-1.1815025840904285,27060022.634611562
5211,-0.9483154813809852,19121027.039802086
5212,0.3805914036329083,2282083.2552023586
5213,-0.8801055341170533,17222725.55869526
5214,0.07321319137961159,3740357.073826021
5215,-0.897394400882711,17687215.31480601
5216,0.27154575668808,2717039.4999391907
5217,0.3019779978505232,2587646.2250558743
5218,-0.7028850535466882,13061729.67549625
5219,0.8527293464831605,1089726.3439003797
5220,0.14410321858178032,3335592.753904631
5221,-0.8922244385139294,17547152.66255863
5222,-0.7357542841998322,13755568.89265604
5223,-1.1971707318911424,27680822.68419233
5224,0.6523663094796661,1485741.4027961078
5225,-0.5862161119757279,10854496.624668766
5226,-0.6487729038068647,11990146.823676657
5227,0.4944434613329465,1904504.1491915586
5228,-0.13479281450462527,5239721.460507501
5229,0.23085444359130883,2900561.569750837
5230,-0.11652351766411492,5086715.817689689
5231,-0.17410909903872115,5584774.624347361
5232,0.6824251928734865,1417690.3108634648
5233,-1.7310189330779138,56242010.95819955
5234,-0.22659852623645013,6080960.167122832
5235,-0.914109171872775,18146919.9972306
5236,-2.7781239432575675,144827390.43969053
5237,0.4390301773380593,2079390.616522545
5238,-0.8028178024272458,15278079.056606673
5239,0.5814106559319875,1660437.6331393798
5240,-1.249895492366021,29856148.735456437
5241,-0.4485679530515431,8705627.001319263
5242,1.9888561694246671,215706.77798456923
5243,2.0532400098954304,198303.015581495
5244,-0.3207162532364039,7082352.85753246
5245,-0.3666887540606826,7628792.613433121
5246,1.1128692203227244,735827.0459225173
5247,2.0331634044476603,203555.82633559068
5248,-0.4743210583954094,9073793.6092881
5249,0.3810565795639722,2280391.051329038
5250,-0.1477697821896471,5351191.630571179
5251,0.22777831518214134,2914944.21110047
5252,-0.8472674303950506,16370616.125695826
5253,0.42990960475252815,2109746.3657124825
5254,1.7475028978952687,297868.1317438847
5255,1.472730120517148,436329.0267287111
5256,-0.9420450538122569,18939061.2910362
5257,0.7379012465626985,1300619.7600546018
5258,0.53898996697671,1775102.3062447656
5259,1.405219999960291,480348.6722789909
5260,0.41694128849431983,2153706.342665266
5261,1.1652252025709018,680904.6198710889
5262,0.8006895757149407,1180394.378837696
5263,0.8118819768160732,1160235.6949973765
5264,-1.2866501796895407,31452745.54308312
5265,-1.4942356712692335,41756399.82362233
5266,0.26507900871448703,2745385.3621030706
5267,-1.4907873116823398,41567000.308029294
5268,0.35342867809670064,2383192.3319894727
5269,0.6679263555137737,1450093.3181823937
5270,2.9476101363674805,66685.53571075332
5271,-0.2796839491969196,6627211.447494455
5272,-1.1471428595133357,25738937.69596602
5273,0.5835904478658779,1654760.1911845866
5274,0.7750604763345166,1227974.6071781786
5275,-0.16216725832027978,5477637.324606113
5276,0.4216629826109395,2137591.24828567
5277,-0.9946649591164343,20514608.0495582
5278,-1.2826340249782284,31275036.798915517
5279,-0.034725596474588755,4454785.2432608185
5280,0.6217862711304222,1558526.474549628
5281,1.1196519520684258,728448.4975349322
5282,0.017492948128650872,4093359.2971233744
5283,-0.6967744665381389,12936385.645761473
5284,0.21313018350389698,2984445.6122022425
5285,-0.7332930840909796,13702453.530993495
5286,-0.5922858349755136,10960058.59599169
5287,-1.1014782323853902,24067149.03966761
5288,-0.40425602110320585,8105728.551275611
5289,0.9257714411975609,974814.7755311629
5290,0.3478908378143402,2404370.6808929862
5291,-0.49201270731855234,9335368.30318749
5292,1.8545162829513047,257780.55357754233
5293,0.8657618567761368,1068204.8652633629
5294,0.1231803562895698,3450178.022947591
5295,0.4024340925867961,2204015.784006757
5296,-0.5077630938313481,9574333.094436254
5297,0.4123541377254365,2169483.5000916845
5298,-1.2106727418532548,28225150.62732584
5299,-0.05704035033670026,4618903.494603782
5300,-0.10361519160337977,4981313.569151317
5301,-1.1383472197870699,25409549.051552124
5302,0.5592077010187276,1719448.5430494144
5303,-0.9759525387285327,19941588.007255815
5304,0.6715571966609641,1441905.9670265096
5305,-0.2994677133856344,6842946.065335577
5306,0.46259220046982236,2003061.2139524135
5307,1.071793714223709,782275.6805119058
5308,-1.184074010930783,27161111.484525584
5309,0.38522901629594,2265270.8804262024
5310,-0.5599304164748895,10408398.460068153
5311,-0.594503694762471,10998873.04074626
5312,0.390352377712843,2246847.207300369
5313,1.489628676272367,426017.3373681173
5314,0.18105486144580557,3142643.091566291
5315,0.6781575483537292,1427147.5769041667
5316,0.8666578045884407,1066742.1199690683
5317,0.42228051064309874,2135492.9428405524
5318,0.16409843873485092,3229723.656612927
5319,1.3515166825940212,518850.50768990186
5320,-0.01921457724027525,4344182.538793749
5321,0.4132394408271492,2166429.2173018744
5322,0.04562904078087359,3911072.110432611
5323,-0.45601930445950717,8810641.049330378
5324,1.1162898322201367,732095.8880231581
5325,1.3849312126944016,494513.5955725794
5326,-0.46514641509074595,8940941.03571316
5327,0.5746430700513537,1678195.3661161924
5328,-0.13146462336350756,5211508.761777039
5329,0.686030151669998,1409753.2878454756
5330,-0.42116333582297805,8329731.183607193
5331,-0.7534807141865729,14143788.818514392
5332,1.110244808223402,738703.6827088449
5333,0.1237644112430916,3446925.4689868037
5334,0.9217816864865211,980743.9219859642
5335,0.22023088078744765,2950544.403775233
5336,-1.263711914299637,30448513.30524787
5337,-0.45269547703455787,8763646.929904597
5338,0.8786466143845888,1047373.7903915526
5339,0.39233457528859955,2239761.074322534
5340,1.4147428538843185,473854.09199392475
5341,1.499407888238279,420172.62030153425
5342,1.0455025957928021,813664.0387215777
5343,0.8823987073005422,1041389.7608594041
5344,1.518516309821757,409005.1917071315
5345,0.9226458442588927,979456.4279708416
5346,0.6297977410594615,1539101.1132126884
5347,-2.354298141177831,106178156.69985236
5348,0.8149587181150701,1154758.7308005458
5349,-1.1438422616922017,25614916.66586731
5350,-0.8224759963398643,15752799.625919405
5351,3.3501439780336337,42500.16801772483
5352,-1.7586170480441785,58116517.034387164
5353,0.9468102352190229,944179.0794549664
5354,-2.1762079871705065,90570249.03870188
5355,-1.0405513913757263,21980984.834327713
5356,0.7963760271871432,1188262.9351617633
5357,-1.6455684467193035,50680633.314889565
5358,0.5683753024656786,1694819.8953361944
5359,-1.4248255599940571,38063714.624023296
5360,3.143231649161724,53440.515831377554
5361,0.4246578597850004,2127434.9431629013
5362,0.023201810227475337,4055689.0233339923
5363,-1.0555513585187823,22479621.900700577
5364,-2.2237731945787087,94664405.94296671
5365,-0.05735290862415137,4621245.007727747
5366,1.6207378171242013,354557.8667456717
5367,1.4166014969416079,472597.76890142105
5368,-0.391119539701696,7935740.0894522965
5369,-0.8593667764016858,16680045.30253162
5370,0.8034272179522238,1175429.3361291187
5371,-0.04387797174979129,4521375.245622779
5372,-0.9774049037546709,19985554.612792168
5373,1.0152723190265998,851445.0080863651
5374,-0.45782171428881596,8836226.28343242
5375,-1.785611613726453,59986188.729122795
5376,-0.727949138688303,13587779.162778985
5377,1.0650983000666097,790143.0382612911
5378,-0.41063479033301253,8189543.640941277
5379,-0.5507545911153319,10256827.274257157
5380,1.106386663818661,742954.7579118458
5381,1.3039255038958757,555804.6934954752
5382,-0.9702639974695942,19770199.928024184
5383,-0.6059477660935603,11201233.339286113
5384,-0.13483877880694883,5240112.162053689
5385,0.8677028129173213,1065038.7217998644
5386,1.1103457766528775,738592.7854961886
5387,-2.1004936626084114,84190746.59599581
5388,-0.28431473158343884,6677099.70058292
5389,0.40308492163859866,2201732.760854322
5390,1.2101696999719183,637299.0996366754
5391,0.8564110304962196,1083599.9259224322
5392,-0.38276841031244274,7829485.646689504
5393,0.3958515151408487,2227245.5741786747
5394,-1.2450105617998726,29648949.041075297
5395,0.2512170077229375,2807179.2830997906
5396,-0.024822081830938914,4383843.834488037
5397,0.8082270651842692,1166777.9024178584
5398,0.13259745999764896,3398115.011603855
5399,-1.2369929280183274,29311393.71354595
5400,0.6249424787056653,1550842.9254345032
5401,0.2310611717191988,2899597.6212215004
5402,-0.7480230298612709,14023196.23935531
5403,0.2372920406888634,2870698.0252128337
5404,0.31765524674471796,2523491.694115487
5405,-0.48650559977787117,9253175.912396155
5406,-0.6576329974640607,12159769.10588668
5407,-1.6916932626535828,53636592.211246416
5408,0.32660172783673364,2487620.834525781
5409,-0.17007437075684861,5548345.052399426
5410,-0.03625907158294415,4465873.001846633
5411,-0.4719400902424016,9039134.377571715
5412,0.7924774871109688,1195422.5566024005
5413,0.3448345687520071,2416142.2757066344
5414,-0.5628564710524291,10457179.97741145
5415,-0.6440139428060826,11899959.452333516
5416,-1.054563479238532,22446485.15928323
5417,-0.4758958260859885,9096787.530148663
5418,-0.22290081064299516,6044615.548668291
5419,-0.22498852417315832,6065108.998202322
5420,-1.6306847745351039,49750090.3119878
5421,1.6498658352901356,340546.3276927779
5422,0.7483242641403458,1279793.0169319715
5423,2.1959709217574708,165042.3538552323
5424,-0.7176355273101643,13368975.378321161
5425,-0.42315253143155196,8356477.774062719
5426,2.4393245769616927,121766.22696403999
5427,0.5068457363706085,1867512.9616038431
5428,-0.4341341469865967,8505642.156594278
5429,-0.39433346136187414,7977005.279288361
5430,-0.17273599395407754,5572350.176605149
5431,0.32407468148694313,2497699.178157165
5432,1.111555532467645,737265.469007443
5433,0.6249513321593119,1550821.4286824102
5434,0.38991830368420655,2248402.0832653274
5435,-0.507183028735097,9565429.059533343
5436,2.9356212463135547,67608.06730838274
5437,-0.6482314326845192,11979853.055745704
5438,1.2946989116035739,563296.7788755961
5439,-0.1361861257298438,5251577.707796011
5440,-1.596912464110127,47681127.9717365
5441,1.8250570427858586,268182.6312945213
5442,0.06301401730998386,3802578.189088986
5443,-0.43790613592912603,8557470.556073567
5444,1.5651420316751168,383103.87729495624
5445,0.5802888398213768,1663367.4812426246
5446,0.9784341143903833,900059.7731865355
5447,0.9234037636412333,978328.7094841468
5448,-0.07877398933616206,4784598.594961209
5449,0.5081246132821668,1863741.6116788762
5450,-0.9200217049186339,18312068.911813054
5451,1.4161730872115477,472887.02185138507
5452,1.4719496979503188,436811.83601340087
5453,-3.582412715187922,211797114.18420255
5454,-1.4967275749235536,41893654.01412595
5455,1.0440576488875921,815428.1187132699
5456,0.3609006004190888,2354923.831432881
5457,-0.025297560392461248,4387223.611120188
5458,-1.2606969419773795,30318450.205391143
5459,0.8220582186545988,1142225.761439655
5460,1.5050603590634983,416834.6074397726
5461,-0.7260726625262603,13547723.905470977
5462,0.8478951788488238,1097826.8119737292
5463,-0.8582293187760583,16650732.286339948
5464,-0.22556741337263003,6070803.691011559
5465,-0.4082897065365772,8158632.464646078
5466,0.20778325976606307,3010237.7553934925
5467,0.9182576625688121,986013.1365984891
5468,-1.4643022836383546,40133065.21690132
5469,0.7595336039266796,1257790.1153729355
5470,-0.4258115388586152,8392360.807742478
5471,-2.5619390851555015,125035547.27960806
5472,-0.6946565966678846,12893204.998503085
5473,-0.6831031566240849,12660004.587626502
5474,-3.2139007449276664,183032778.20615295
5475,0.3545568977549094,2378901.46905155
5476,0.0444769982475154,3918371.7331048306
5477,-0.10956074353122489,5029586.982336018
5478,0.9564166024489215,930536.1044597488
5479,-0.6966034611742463,12932894.06608735
5480,-0.02303794283048265,4371185.309465604
5481,0.31941123536579513,2516409.061074674
5482,0.7012598625093642,1376737.9735949438
5483,-1.4697963115360317,40427503.822747454
5484,-1.5649345889238473,45776793.44195572
5485,-0.7572012485975296,14226545.502217969
5486,-0.4256512213664389,8390193.110919083
5487,-0.6362351934871271,11753917.12355425
5488,-1.206820423558567,28068958.80961946
5489,1.337463877953341,529474.7552358711
5490,-1.382555771863962,35937648.52697708
5491,0.8679072294498897,1064705.8565105207
5492,0.019319900364291223,4081265.6315087094
5493,0.8040076393204426,1174379.5358273461
5494,-0.29732536761650136,6819254.629790209
5495,-0.32763592580323575,7162078.425043538
5496,-0.24044570372385712,6218997.685944063
5497,-1.0176575209438752,21238372.13164362
5498,1.0518538038922887,805958.8080137232
5499,0.940019554037282,953952.7907385598
5500,0.44668982579675,2054249.3710560524
5501,0.08169297955317689,3689414.2564381734
5502,-0.41246704574301074,8213774.274244055
5503,-2.9832934320109716,163243915.03239948
5504,-1.2341554455021588,29192679.84902215
5505,-0.6967350199428022,12935580.148986349
5506,-0.7656145762578814,14415334.38081666
5507,0.6910308987506529,1398821.0036603787
5508,1.111894024869767,736894.5455723314
5509,0.29762055881913585,2605775.7020149026
5510,0.7931839888929056,1194121.6719518835
5511,-0.14054226371294526,5288819.131761739
5512,0.504182068771984,1875393.6925718067
5513,0.35401051423051666,2380978.4815536216
5514,0.2609765294323488,2763525.8513152683
5515,0.3980672291471129,2219398.043331951
5516,0.019640524592999045,4079146.9684046702
5517,-1.2122331643888442,28288619.9389532
5518,1.2414618657065404,608736.5476940452
5519,-1.8802374684467675,66813508.4213366
5520,1.5611688492568203,385239.01973701647
5521,0.6099510538968484,1587697.9874772835
5522,-0.8561170368076705,16596420.907879967
5523,-0.27649328790577166,6593051.937764972
5524,-2.137652741622434,87299269.9833843
5525,1.7316027853450462,304394.56182643765
5526,0.4481284413096521,2049562.9073262364
5527,0.9638161740440486,920171.7126933023
5528,-0.42419567087856735,8370537.053142816
5529,-1.0867366314455262,23547477.15030233
5530,-0.17071436235471443,5554107.694856973
5531,2.205832439393417,162985.76356623493
5532,1.1969445958038094,649806.2317196272
5533,-0.16237725508186895,5479503.510848874
5534,-0.9560319918339552,19347080.25109306
5535,1.3210489101583238,542187.1598319231
5536,-0.334569904357389,7242851.936620325
5537,1.041252082083785,818865.1295977483
5538,-0.3940320161249386,7973126.004740367
5539,0.1973910438497125,3061024.084492901
5540,-0.9480542789190803,19113416.23720935
5541,-0.5258893503232948,9856612.977097848
5542,1.2151591873142706,632648.725938895
5543,-1.0616383794015662,22684730.274843626
5544,0.41869011297740627,2147722.9104153486
5545,-1.0142869652561293,21130901.099953327
5546,0.15186276244555397,3294092.7059518057
5547,-0.1144345440751142,5069508.078298591
5548,0.44685790179386153,2053701.266519203
5549,0.9348910181704048,961406.2082030504
5550,1.3825372878203883,496214.92757457634
5551,0.06878718108936817,3767230.2488942407
5552,-1.3204483904514845,32980182.63139807
5553,-1.1323011801276435,25185186.60393633
5554,-0.37323285285331265,7709857.300837202
5555,-0.030012329185513935,4420879.587958203
5556,-0.9749782258606695,19912140.866616677
5557,1.0060970595385867,863282.9866551703
5558,0.2160973542150919,2970230.861655494
5559,0.646833540213565,1498639.3004521567
5560,-0.39755239946038357,8018544.296986767
5561,-0.2583252155832937,6401829.255899676
5562,-0.7408002649320152,13865063.307866659
5563,-0.12430779886910731,5151354.840436431
5564,-0.47047332811780596,9017846.642187178
5565,1.3908769357065225,490315.6382719843
5566,-0.2917174107597437,6757619.914663959
5567,0.5903152987156918,1637373.217260269
5568,1.1788248008640614,667377.6008158555
5569,1.0189462447854607,846754.0496852924
5570,-0.16000982224077354,5458501.432693379
5571,-0.7699877522955378,14514374.300015
5572,0.06422859910847381,3795113.642021234
5573,-0.2437681096838045,6252576.508532694
5574,-1.6003353432614758,47888123.811284624
5575,-0.6567681087002348,12143112.47782121
5576,0.07138484587959501,3751434.4283988676
5577,0.42659845490921117,2120880.815870477
5578,0.6805422876052702,1421854.6961939267
5579,1.4936786907614839,423585.99146613944
5580,-1.1412159550800118,25516590.174719546
5581,-0.5535420885164715,10302648.575043645
5582,0.10409322998542288,3558214.6465025735
5583,0.5080180566194504,1864055.5374292748
5584,2.0448246605754994,200486.14809212607
5585,1.0253349569208552,838663.0165660399
5586,1.0194707396954195,846086.6378580241
5587,-1.9069623006647753,68815880.50525598
5588,-0.4109822895375559,8194133.794221725
5589,-1.266479332806489,30568290.98150506
5590,-0.3642339005384209,7598598.478232256
5591,-0.6761087504098143,12520747.910574697
5592,0.1666245051551681,3216595.801489699
5593,-0.9949615933843049,20523806.656795517
5594,1.2805655109891634,574987.9342863043
5595,-0.03219728639199041,4436564.94468772
5596,0.3544046983414396,2379479.8481697477
5597,-0.8712701075613138,16989608.92834984
5598,-0.17191402393800762,5564925.820110975
5599,-0.2897912449321651,6736577.065655964
5600,-1.327966830912907,33327767.628750257
5601,-0.35669162881876354,7506559.146664927
5602,0.6736961344175363,1437105.6875470644
5603,-0.10639154795152042,5003797.419189848
5604,0.02394505276639885,4050810.600964845
5605,-0.44787873464219774,8695975.043482538
5606,-1.317634943505193,32850847.510986697
5607,0.5639715166127414,1706603.9838182784
5608,-0.4298596113650857,8447276.302487077
5609,-0.1572803755204061,5434387.493105751
5610,-0.40494792667166374,8114779.491916316
5611,-0.37849263389806265,7775621.591588271
5612,-0.8403559288446272,16196203.124443887
5613,0.14303450911501214,3341350.2417659773
5614,-0.2985281778740777,6832546.121352337
5615,-1.3486923970902305,34300754.67437909
5616,1.4047343901529434,480682.4643697279
5617,-0.19973485414134393,5821774.460083054
5618,-0.5580811934254967,10377681.187523883
5619,-0.7585335979609962,14256289.725363396
5620,0.8848408252983343,1037514.6196964828
5621,-0.46201106279342435,8895971.791329186
5622,-0.23712161183122338,6185580.509845658
5623,-0.6156588104410193,11375708.636932692
5624,0.4326562868949999,2100556.319495649
5625,-1.208295724495435,28128690.851053894
5626,-0.16057742318370136,5463529.429934561
5627,-0.07616916363687097,4764428.539288663
5628,0.4093249539947343,2179968.1120904754
5629,-0.9845460681781035,20202975.735434618
5630,0.4240678738060317,2129431.7329192
5631,-0.8997813434302591,17752218.848986294
5632,0.08322978590875092,3680257.6616575513
5633,1.1097844228144136,739209.5689755972
5634,-1.0752779005242248,23150166.820877388
5635,0.2165274946230716,2968175.981998734
5636,-0.3341814337915742,7238303.137321953
5637,0.30588383810539066,2571506.5208904785
5638,1.779452283803712,285218.22420870466
5639,0.07098784439314741,3753844.138326816
5640,-1.8651862272679678,65699838.896764636
5641,-0.058514009773735165,4629953.8020162685
5642,-0.2118936470936347,5937697.388825276
5643,-0.015349781911152455,4317058.355283378
5644,0.11558653041545747,3492753.7605339554
5645,0.7366464478243593,1303151.2153691112
5646,-1.0949081774576694,23834349.005030766
5647,-1.124444218877496,24896112.992809866
5648,-0.5840399105552782,10816884.671954297
5649,1.4138999591859052,474425.04188997403
5650,-0.33388094583369393,7234786.492488933
5651,0.31065970176228036,2551913.1115428302
5652,0.8802341719482254,1044837.3917379916
5653,-1.0027967466808887,20768083.123127516
5654,0.8925408091850878,1025397.0959794351
5655,-1.1113258950748686,24419697.397570193
5656,1.6975759148173641,318900.7211733283
5657,-0.8082539805084517,15408032.064025927
5658,-0.1508614286862845,5378095.991439731
5659,1.0976390663958302,752691.6844729981
5660,-0.9931562892586114,20467880.103803623
5661,0.11000315468336935,3524399.412269488
5662,0.249658909968059,2814214.0257788314
5663,1.7452626100546549,298778.22518850915
5664,0.36623843960750807,2334942.5248126555
5665,1.0154863760834762,851170.9275523287
5666,-0.035829099124622246,4462761.290434622
5667,-1.3817823315717341,35899605.64461605
5668,-1.104763773550298,24184289.379700948
5669,-0.07934184400983105,4789007.067608893
5670,-0.22914363669744592,6106101.702303701
5671,0.15256207713176076,3290378.634394177
5672,-0.29163260434621413,6756692.066112706
5673,0.07062496858234307,3756048.09019115
5674,-0.14142318786985192,5296382.342829286
5675,-0.44633225396063414,8674355.472976113
5676,-0.16360926836716355,5490464.871327889
5677,-0.5057197210092418,9543002.50871139
5678,-0.4911311397203956,9322164.030170059
5679,0.9056434813192155,1005124.4813385925
5680,-0.363794548487281,7593206.882365774
5681,0.12605477724478287,3434200.795290695
5682,0.713207981148681,1351410.5732663611
5683,2.018881027347308,207387.18103619097
5684,-0.07615163496971258,4764293.0986925615
5685,-1.9589057246776453,72796317.61212204
5686,-0.5252348527491586,9846283.126223365
5687,0.6224010382988289,1557026.725999747
5688,0.7912458002424786,1197694.0791124648
5689,-0.6227446172668628,11504634.862493888
5690,1.0115033817203551,856286.4052538952
5691,1.0674454288663349,787375.3840126029
5692,0.8490616833620115,1095866.2617536574
5693,-0.5022707232304839,9490343.01208575
5694,-0.04152006839263401,4504124.464666318
5695,0.12122472995222955,3461091.576885377
5696,0.6520677275972604,1486434.4480980434
5697,-0.2398024308719447,6212516.928686069
5698,-0.8520878490932322,16493265.748156881
5699,0.33546468590262324,2452605.4011189695
5700,0.6339681822394898,1529090.376900632
5701,-0.03524345833951723,4458526.524088103
5702,-0.5662700132887304,10514363.869342115
5703,-2.3755767558781784,108086772.4452321
5704,-0.04437563642869284,4525024.738521958
5705,0.9046819707142196,1006597.4392849401
5706,-0.07289930526471601,4739229.839379776
5707,-0.24037234270632152,6218258.260388466
5708,0.4015377604600848,2207164.0346008525
5709,-1.0683125546512824,22911468.39575307
5710,1.1571264144346558,689101.4184873478
5711,-0.6081381387360906,11240364.546261914
5712,-1.4057080637211505,37090706.3039378
5713,-0.8658591994184316,16848253.371019468
5714,0.2746308128680377,2703623.2655640324
5715,-2.037875136271764,79058851.90140529
5716,-1.0365159060396079,21848475.9806743
5717,1.241138465035573,609024.5087920137
5718,-0.2905502729712789,6744861.527784686
5719,-0.7776653722808298,14689766.158117719
5720,-0.8365356011830898,16100521.45537369
5721,0.3635690048621889,2344913.0074170413
5722,0.07003354568064336,3759642.959723964
5723,-0.0922481267780295,4890311.08621309
5724,0.5267073174362954,1809833.9264638743
5725,0.6921534918938496,1396379.2346586594
5726,-1.9501564411557946,72117869.29630429
5727,-0.4706865622312751,9020938.391330061
5728,0.8348651746477912,1119982.9497457822
5729,1.7812511117558112,284523.9446594197
5730,-0.27085757473127164,6533139.347000187
5731,0.8621466861543982,1074128.9091293928
5732,-1.1331266798415527,25215721.626149785
5733,0.4655832057857199,1993583.2908623912
5734,-1.4625167341345124,40037712.74909888
5735,-1.0756643006833548,23163470.6072406
5736,0.8809648784989892,1043672.1718427705
5737,1.4269334286867565,465680.3463788863
5738,1.2840819435871658,572054.5919693221
5739,0.19705451790599549,3062683.302951052
5740,0.3008276735057918,2592419.5353785935
5741,0.9836228901619681,893035.0115054976
5742,-1.0575270545741668,22546019.53125103
5743,0.11846264187981913,3476565.738310975
5744,-0.7121960562431818,13254899.474189404
5745,-1.259444097931057,30264535.120248444
5746,0.08930971743623987,3644258.4908905094
5747,-1.4792723348394647,40939055.437111355
5748,-1.1805315723728507,27021930.875392783
5749,-2.06477698988175,81246538.47722913
5750,-0.25803433982852253,6398812.718698456
5751,0.13351825447941285,3393067.6116117532
5752,-1.31938837166709,32931406.36425496
5753,0.8986465612555214,1015896.2115935896
5754,2.4564143655438446,119242.0599636606
5755,1.3784896877660915,499106.11451199854
5756,0.0194396630419333,4080474.117482491
5757,0.7866220557826801,1206262.4799947902
5758,-0.3266145766536989,7150255.69807674
5759,0.6094788336182437,1588873.7992929337
5760,-1.6719624636258974,52358821.6604793
5761,1.5305219831262529,402156.20026417647
5762,0.8526827626726917,1089804.0973997402
5763,-1.045753516449786,22152825.214377157
5764,0.9500605913504849,939539.0136843483
5765,-0.2849236348823851,6683687.005411189
5766,-1.0103383460407527,21005600.594573926
5767,-1.328946036773855,33373247.507876325
5768,-2.0936645113211334,83624409.18142924
5769,-0.5049757022045966,9531619.10032073
5770,0.2140053094977242,2980245.912574951
5771,-0.34339616881501117,7346961.461620636
5772,0.14583906301997526,3326262.805479711
5773,-0.6991301531278233,12984573.494509576
5774,0.47455172293944675,1965443.7827366395
5775,0.28895600263455445,2642216.452313146
5776,-0.405908983243019,8127367.555244605
5777,-0.9694159381928278,19744760.385898676
5778,0.9071499626918268,1002821.3157246669
5779,1.3892158058148836,491484.52751066454
5780,-0.9807214023307246,20086272.47156002
5781,-1.2398452971056313,29431124.56492372
5782,0.1955509437937739,3070107.8591517485
5783,-0.7595394088908091,14278782.075647209
5784,-1.288880694407358,31551788.850337457
5785,0.018395436406007774,4087380.6691847225
5786,-0.9003565583107368,17767915.614519667
5787,0.30024924726850694,2594823.174132378
5788,0.16160412166273933,3242740.3594699358
5789,0.8122493098739502,1159580.3443812756
5790,-1.214822539790925,28394198.8989999
5791,2.0375602648635898,202392.28897717947
5792,-0.006265116004001978,4253971.546910556
5793,-0.27757762033675676,6604641.373068174
5794,1.2816251693683995,574102.2627973326
5795,0.9958474837016407,876717.1230884894
5796,1.5573741958685305,387290.48246635956
5797,0.10238507982679679,3568049.7894241107
5798,-0.3847564933738565,7854654.270058324
5799,-0.849608925594803,16430089.058597907
5800,-0.2620017420798512,6440078.150172596
5801,-1.460024640102767,39904907.56669087
5802,0.4924513829042138,1910516.9121350376
5803,0.06246451351935887,3805960.217669649
5804,-0.05937761002378207,4636441.913785074
5805,0.3066487238165835,2568358.0725290016
5806,-0.9579971027903784,19405023.6832629
5807,1.3021309871255504,557253.290534615
5808,0.868792923288845,1063264.9065952853
5809,1.2504729926690517,600772.2536035422
5810,-0.8153876140267129,15580094.569139197
5811,0.6278373973067233,1543830.6110737799
5812,-1.0741718998218854,23112123.25570772
5813,-0.43628346837142695,8535137.160931125
5814,2.0746109267307324,192877.2429504498
5815,0.514913226869295,1843855.5090469902
5816,-0.16001467180955145,5458544.372222169
5817,-0.33849132970740364,7288927.105701283
5818,1.1666779614859446,679445.5079782804
5819,-0.28047031637904213,6635657.1410846645
5820,2.014250735915427,208646.51351748803
5821,-0.813715624633182,15539609.779364489
5822,-1.261089137287812,30335343.852748036
5823,-1.7372209378625518,56659975.53750342
5824,-0.1104808375366262,5037099.237785405
5825,-0.4604123887974224,8873126.73798415
5826,-1.0204402497491765,21327457.97253878
5827,-0.8470651034888809,16365486.27686901
5828,-1.1077627085290875,24291632.869233437
5829,0.0019453387126458063,4197757.550574286
5830,-0.2685061863031111,6508301.175540618
5831,1.6677779943059896,332234.68945902097
5832,0.5218280516748242,1823828.2562605473
5833,-0.5076079082087123,9571950.206234897
5834,0.991614844991824,882330.3925972685
5835,0.1610867499877057,3245447.0064960886
5836,0.2749612696176848,2702190.241371511
5837,-0.559075064887932,10394179.53725276
5838,-0.4499036564098983,8724361.982679673
5839,0.7282009222308375,1320326.1084019695
5840,-1.2499812564943933,29859796.92854273
5841,0.39781142740119974,2220302.5610675598
5842,-1.928304471921609,70437419.56136805
5843,-1.124454914824831,24896504.61129603
5844,1.696400973206877,319415.11708895396
5845,-0.9913422596771364,20411817.62189117
5846,0.18130362917765122,3141383.601577745
5847,1.1454196107527839,701139.7672164332
5848,-0.11659804554486983,5087330.814354696
5849,-0.1263444874856025,5168402.363494902
5850,-0.9556254477867046,19335111.95621797
5851,-1.5064128839670519,42430209.985814005
5852,-0.6305435129470855,11648129.955472814
5853,0.4920482709144602,1911736.0557437406
5854,-0.2693178250962987,6516864.119980502
5855,-1.073391314776026,23085305.35660968
5856,-0.7694874773209097,14503012.859415684
5857,0.4686629287052987,1983873.2054680407
5858,-0.45151563750093276,8747024.056414733
5859,0.8655882548162407,1068488.539953029
5860,0.6869288504186597,1407781.9642008254
5861,1.3472399405106512,522058.91974149185
5862,0.02820122313315458,4022988.681404035
5863,-0.6481170963934364,11977680.500810392
5864,1.8658685025845465,253892.50021266798
5865,0.19879323517934022,3054120.601983559
5866,0.18255412443654248,3135060.2860703613
5867,0.7690378332955355,1239449.336309155
5868,0.05059986812953765,3879733.6884665354
5869,-0.2147170678326494,5964942.4001731435
5870,-0.1398235511143508,5282656.591175831
5871,1.2426092411453928,607716.1024440421
5872,0.1263355003658509,3432644.474927276
5873,-0.576195513048208,10682332.45873001
5874,0.061678119709737876,3810805.551499379
5875,1.6328698292822545,348645.96775503986
5876,-0.3265324455057451,7149305.813265458
5877,1.5565132240070239,387757.6155427341
5878,-0.9379470761833036,18820970.27211872
5879,1.6363465085926703,346971.9405936618
5880,-0.15822927225136832,5442758.667413889
5881,-1.3211318700819803,33011662.66994864
5882,0.8754740016701228,1052462.358778253
5883,-0.6878358731854349,12755051.63175866
5884,0.44187956792912786,2070000.7647697236
5885,2.442025961386574,121363.28300136441
5886,-0.11117280618926405,5042756.334187978
5887,1.0591697097537267,797180.7527021039
5888,-0.5870258435360934,10868523.133358393
5889,-1.7610307279266004,58282243.52051764
5890,-0.3147186901711059,7013956.871165194
5891,1.3217030371300975,541674.2417835977
5892,0.0918939219530707,3629066.259364998
5893,-0.4777431588072672,9123832.905614097
5894,0.6748323223718824,1434562.695657826
5895,-0.6997176332911434,12996617.015166799
5896,-0.3860883635274886,7871559.509306513
5897,0.20802238908154538,3009079.3807862173
5898,1.756699172016974,294164.3298572452
5899,-1.4857080391415052,41289157.50972216
5900,-0.3873728881251934,7887897.392755189
5901,-0.3191624022483151,7064570.183855089
5902,2.159693512977613,172861.5343091767
5903,0.7471388481174818,1282143.6912356974
5904,0.5788456458250557,1667144.67772182
5905,-2.833549400395075,149856665.84082383
5906,-0.27828667864000983,6612230.711226755
5907,0.4255710337447063,2124348.181280806
5908,-0.6819922030631995,12637789.471901055
5909,0.1509805374812829,3298784.3373143803
5910,1.0107072324752544,857312.8917990705
5911,-0.6310147399771643,11656854.11999653
5912,-0.2814273241404486,6645949.857089269
5913,0.012426645773769007,4127086.3365508514
5914,-0.7963624807581866,15125065.244667612
5915,1.0112703994400418,856586.6554482979
5916,-0.8313410881426341,15971246.200099131
5917,-0.19284634771791664,5757099.896722168
5918,0.6486812816207055,1494318.7656372339
5919,-0.3489635400949619,7413383.439816905
5920,1.543387943817195,394956.4039427343
5921,0.14098978946606885,3352394.1538628866
5922,0.21738403896817035,2964088.424223637
5923,-0.9217675755744122,18361090.146334544
5924,0.10738278976748396,3539351.910511423
5925,-1.4871175190834516,41366122.50913042
5926,2.250795159875626,153965.14617911066
5927,-0.5071625896687469,9565115.463653795
5928,0.7646490184154288,1247883.0381046266
5929,-1.8944749728957586,67876323.86894497
5930,0.6128222938588962,1580568.423910374
5931,0.7636815795006697,1249750.302971356
5932,-1.5842327769580118,46919650.00839802
5933,-2.0270064763152997,78182572.45810497
5934,-0.5603107806088722,10414727.390131386
5935,1.0699276468867922,784459.8324586266
5936,0.023098916761314803,4056364.8543422497
5937,-0.1275606756796806,5178609.031093868
5938,0.28545317592601854,2657097.482858069
5939,0.04702255838932389,3902260.887102207
5940,0.5543990781855608,1732517.0236611408
5941,-0.4244021790115928,8373323.059726805
5942,1.564704715816465,383338.24526096095
5943,1.1836936902161517,662605.8941871938
5944,-0.03093295969524178,4427481.772450526
5945,1.406771295099828,479284.0655320945
5946,-0.22882898974371396,6102987.931087186
5947,-1.0788073321637692,23271928.463626754
5948,-1.9066555234707825,68792716.29951239
5949,1.8783241558496417,249701.42045818735
5950,0.5447542803306463,1759044.4938676443
5951,-0.5744985007564195,10653434.257392649
5952,-0.986628728342506,20266774.39937057
5953,0.043505895245375056,3924535.6191779803
5954,-0.9454604101482975,19037982.66706875
5955,0.3292614609229649,2477058.79955392
5956,-0.31418510499432645,7007903.411542741
5957,0.31214284900980666,2545859.849564122
5958,0.6163485983466608,1571858.4425507155
5959,1.1748313169757194,671319.2464982152
5960,0.8985155583656972,1016099.0661231495
5961,0.5290181703385944,1803245.4726492197
5962,-0.5287540404710885,9901948.251662703
5963,-0.0788826737953113,4785442.038252655
5964,-0.46148043402886724,8888382.81394704
5965,-0.1572192132625817,5433848.360163739
5966,1.2564688928935448,595535.8575574711
5967,-1.7249546122598485,55835177.263076276
5968,2.380190695279462,130972.99053315567
5969,0.9800691900972633,897839.7501302968
5970,0.9455425009561308,945995.5097834165
5971,1.1527621013129237,693562.9064820354
5972,0.11056821475248062,3521183.4840422934
5973,-0.20441402247189053,5866117.468552385
5974,-1.0080806772798883,20934249.767812576
5975,-0.5725618081197136,10620545.416660355
5976,-0.16212470725214376,5477259.261654969
5977,-0.8403833633983369,16196892.096235257
5978,-0.6021527163565702,11133739.538265225
5979,-0.07410822684961538,4748530.5749293445
5980,0.15816311116449927,3260785.648251923
5981,-0.6978858907220257,12959100.08685163
5982,0.828853412710058,1130365.8902114392
5983,0.5701838452182431,1690005.2355159854
5984,-0.8688028787706474,16925022.48689179
5985,-0.5283805833382951,9896026.79343114
5986,0.5234496263118581,1819164.8312502708
5987,0.05246774990247989,3868023.700574379
5988,1.392147961650359,489423.31181667524
5989,-0.7843065635950401,14843050.049287234
5990,0.06230218557583863,3806959.8816344305
5991,-1.1560657827561716,26076734.901910126
5992,-0.6457625905236742,11933023.774660682
5993,-0.29881383068945155,6835706.434008286
5994,-0.2537134672043839,6354168.057468364
5995,-0.1673245858008326,5523653.049053847
5996,0.5072813301571119,1866227.5180535659
5997,-1.4885890167028573,41446584.9526399
5998,1.297056838422465,561371.683869232
5999,-0.4767979623178929,9109985.34272306
6000,0.7052162281672457,1368296.0532863785
6001,0.9621094724622865,922551.1858597071
6002,0.20633776274139068,3017249.698984823
6003,0.6557704759969715,1477864.018075164
6004,0.8379537848151165,1114688.2456863688
6005,0.20136052547033215,3041522.325130306
6006,-0.4414963073053093,8607084.814289652
6007,-0.9477528999477829,19104638.121260125
6008,0.06681525118570449,3779266.262286051
6009,1.0426782343826129,817116.0455356166
6010,1.3064945053464307,553738.0598025045
6011,0.2683195569254401,2731143.0440251934
6012,0.9849459281830801,891253.2890104934
6013,1.3730844456545017,502995.8794967782
6014,-0.6266552934632152,11576379.220348572
6015,-0.12045060951686674,5119223.410516699
6016,-0.6678282694956459,12357739.525591835
6017,0.30523508900552027,2574180.0527403075
6018,0.8416911491348834,1108317.129955036
6019,-0.18725116835278108,5705094.406445167
6020,-0.907560414806742,17965552.753596906
6021,-0.4085037756576371,8161449.456166632
6022,0.5836311247569751,1654654.4394248687
6023,0.8243735353893117,1138169.914452374
6024,-0.12320720575742902,5142166.073341546
6025,-0.6658032861623912,12318179.692066744
6026,-2.4828512551522897,117803888.76823382
6027,-1.2792511779953382,31125972.38923119
6028,-0.944352805670042,19005852.29363323
6029,-0.037092117243255694,4471907.982175509
6030,0.3858071063338772,2263184.221047965
6031,1.1687293597466466,677390.9177155392
6032,0.31360336139281847,2539913.487658403
6033,1.6367840469282355,346761.8954587262
6034,0.2168496280427237,2966638.033672606
6035,0.3052694945993303,2574038.193167243
6036,0.6477955513350877,1496388.2051211786
6037,-0.9841262795192518,20190137.5908369
6038,-0.7368075134788058,13778356.935358716
6039,-2.3815717928584066,108625816.83110179
6040,-1.2170437796919993,28485023.970427405
6041,1.4396192991374435,457338.5133888961
6042,-1.318086360060758,32871572.418361
6043,-0.9615738381256236,19510880.946955908
6044,1.3041408721208405,555631.1173271436
6045,1.6542223526630513,338503.84188030765
6046,-0.8291629524279862,15917320.457476664
6047,0.540951910174969,1769619.653917238
6048,-1.6584642679009078,51496115.022748
6049,-1.3844923773439153,36033038.539298914
6050,1.897465345493126,243410.04576391308
6051,-0.4350004070214919,8517517.88783105
6052,0.18425110616881948,3126500.1153411143
6053,-0.6882116547792654,12762626.944812227
6054,0.23907743953378033,2862471.883316422
6055,-0.019763155414341153,4348046.534163396
6056,1.298421551169778,560260.767305797
6057,-1.2811244117809528,31208445.87279645
6058,1.428719841556009,464495.6164219731
6059,-0.3232343126329724,7111263.54541588
6060,0.04716457401033745,3901364.053414847
6061,0.33110125512665833,2469780.0054526394
6062,-0.23295208893013053,6143915.539297879
6063,0.16993821106096124,3199457.458173853
6064,-0.2826783430206514,6659428.433889533
6065,-0.8509925959611152,16465325.571043829
6066,2.785934597560289,80402.05701466676
6067,-0.040786825682427995,4498773.48388754
6068,-0.8545166091525346,16555377.137048153
6069,0.007980190742599834,4156918.7414032985
6070,1.1121401479360948,736624.968311691
6071,0.09998032134083082,3581942.8402153575
6072,-1.2498726395273403,29855176.693119682
6073,0.8218287263445383,1142628.6131348726
6074,-0.35600732733282475,7498262.667655106
6075,0.9944147307076353,878612.9035715181
6076,-1.3885958135648637,36235796.58341855
6077,-0.656331247581196,12134707.249002311
6078,-0.13742338719608238,5262128.548118094
6079,0.620225560503669,1562340.7401713287
6080,0.7393477078643381,1297708.121153244
6081,0.012685319630283584,4125357.5133457286
6082,-2.2555078014720924,97428877.07016182
6083,0.2417039682472632,2850414.3673643465
6084,-1.1501118676142283,25850927.88515856
6085,1.697492024867051,318937.4182205271
6086,0.9926418287219866,880964.8734840734
6087,0.13249458442624998,3398679.4075856493
6088,-0.2703519799650668,6527790.766857368
6089,0.6405715155568562,1513380.0991679088
6090,0.4672254208925896,1988399.3694901774
6091,0.844262828704421,1103955.7683844264
6092,1.8031030444131388,276238.1150193565
6093,1.2512221361272142,600115.2696358088
6094,0.36006840750692104,2358054.9668954588
6095,0.04550675256808807,3911846.303104384
6096,-1.4019904352808374,36903691.483081155
6097,-1.7027755824309538,54362947.19903826
6098,-1.0588006410712565,22588910.544403415
6099,-0.1491312718871126,5363023.087399834
6100,0.5268820965885681,1809334.7332601065
6101,-0.22945377958481422,6109172.441892669
6102,0.24911645165109486,2816667.462110813
6103,0.5018014833363258,1882466.3826395124
6104,0.42063758646574406,2141080.2013135427
6105,1.62863439750161,350697.4116381469
6106,2.840683490030076,75434.23659698611
6107,0.5990147412448322,1615165.954535844
6108,0.03326206350718405,3990158.731876261
6109,-1.0961313714113101,23877545.499454692
6110,-1.438174354142159,38754368.02175296
6111,-0.07385992296157341,4746618.773854758
6112,0.6290166635350061,1540983.694314751
6113,0.8477770901198298,1098025.493170132
6114,0.5661019143328251,1700892.530404212
6115,-0.21241320846358322,5942701.680576243
6116,-1.0195414244524852,21298647.684157986
6117,-0.8462535458068801,16344924.466885407
6118,-0.9472587835314907,19090253.95958443
6119,-1.0890343545091128,23627842.708731443
6120,0.873592437391073,1055492.7037002968
6121,2.4924540038910323,114108.63058558667
6122,0.59781548266714,1618208.377366626
6123,0.3278944919670426,2482481.339205764
6124,-0.16167426939161433,5473258.75185113
6125,-1.172224529650331,26697864.98479068
6126,-0.4935090649397415,9357822.208752593
6127,-0.496540134390449,9403464.83672104
6128,0.15726287317507,3265523.6056424924
6129,0.5170122819401177,1837751.800276908
6130,-0.009518385091146423,4276455.488716395
6131,-0.4074706978388556,8147863.639411399
6132,0.17648498377843236,3165872.338379001
6133,1.7222237102567404,308318.5970940087
6134,2.2933192692220676,145944.99092530852
6135,-0.6617885858247297,12240099.81931506
6136,2.5294906277329336,109089.32715979335
6137,-1.4726017519578616,40578462.82823077
6138,2.11048122541241,184138.98650456266
6139,-0.5859133142488891,10849255.852100039
6140,-1.197291826206795,27685665.94974058
6141,0.12528244437295155,3438486.304803848
6142,-0.21664483113168262,5983615.8827128215
6143,-0.5278553560478484,9887704.635536524
6144,2.019169682594271,207308.95478305544
6145,-0.5233083832268205,9815938.04929806
6146,-0.9408107296455898,18903422.92836888
6147,0.21580709792964728,2971618.3090061825
6148,-0.4692780945270524,9000535.487358088
6149,-0.6182605714893068,11422888.272825181
6150,-0.4205338365321537,8321284.30113771
6151,-0.12509467995930482,5157934.523766355
6152,-0.8758458798661564,17109980.42512257
6153,0.528045815209867,1806014.6744074686
6154,0.036192044346743425,3971276.092871348
6155,-0.18615160938232042,5694929.431334064
6156,0.0954969392521773,3607992.1682495503
6157,-0.7622330628617079,14339179.89704252
6158,-0.28161335417575745,6647952.455714637
6159,-0.03527009713780866,4458719.061132694
6160,-0.6808048406232046,12614086.749430511
6161,-0.6262829206956775,11569529.610466534
6162,-0.8730660912478893,17036763.309122488
6163,0.12576220141924882,3435823.5936386525
6164,-0.8141667321831756,15550523.228659801
6165,-0.3887543558589627,7905505.181563573
6166,1.285945371643551,570506.7790101046
6167,0.15581242977376655,3273172.126003231
6168,1.22649666978766,622218.5115542479
6169,0.6977049140889914,1384370.4687546454
6170,-1.0219740231349574,21376698.59944802
6171,1.1131271021582034,735545.0351666625
6172,-1.0013352212557853,20722325.426214464
6173,-1.5156852530486382,42948493.89724006
6174,-2.2842076180965782,99949625.01388466
6175,-0.23617768842176085,6176123.685045697
6176,0.41728156302742314,2152540.7669961504
6177,1.0646321384595816,790693.9705135188
6178,-1.6879982121783417,53395794.16758573
6179,0.2475954546260768,2823558.4032868473
6180,-1.024938218058847,21472141.604880396
6181,0.07917316174279825,3704478.039940601
6182,-1.3382628303613522,33808400.932051904
6183,0.12240104304153286,3454522.8354821643
6184,3.138849994438076,53703.287582365716
6185,-0.5459441726402374,10178209.990857862
6186,0.41537279682792533,2159087.5588160893
6187,-0.015951654750714507,4321271.189841052
6188,-0.6579218602842037,12165337.003489941
6189,-1.1430678613982468,25585890.89706584
6190,0.9272550147265839,972619.8681457887
6191,-1.0867717647070423,23548704.22128317
6192,1.466278853533893,440337.8023087253
6193,-0.08050236596725896,4798029.340731013
6194,0.24680754075154837,2827134.9072168767
6195,0.019199000953408495,4082064.8159808577
6196,0.4018525783080488,2206057.744648424
6197,-0.7471911834351647,14004899.471308703
6198,1.0540345319890443,803331.3701004311
6199,-1.121241363571451,24779077.83574507
6200,-0.8115347857530033,15486948.181211626
6201,0.9856029043477418,890369.9676523642
6202,-2.240571405870002,96124627.95228893
6203,-0.9429212124406646,18964394.55488451
6204,-0.9135012442828159,18130014.925040063
6205,-0.04390133529818041,4521546.509674913
6206,0.4328696956206463,2099844.0314852265
6207,0.42545096980343966,2124753.7614245983
6208,-1.3072116671977407,32375157.48891184
6209,-0.571610924975296,10604432.930318467
6210,-0.6205253285199295,11464107.212079454
6211,-1.4923253607811053,41651400.0040397
6212,1.135684028912329,711324.8778381456
6213,0.8388665944831799,1113128.568968895
6214,0.6785872866586548,1426192.2427379128
6215,0.1345640473616758,3387344.3149583302
6216,-1.1746578224267625,26792454.83720432
6217,0.2512407377844297,2807072.2831222285
6218,-0.9103708931084664,18043189.422535375
6219,-0.7850632694570842,14860608.283122195
6220,-0.7191549424841716,13401003.021012835
6221,0.5475940734939513,1751189.7642047892
6222,-1.2723081376527792,30821805.01944192
6223,0.610495321818988,1586343.9176658897
6224,3.1243084901562947,54585.58448185889
6225,-0.6134096357786702,11335071.193576375
6226,-0.7271334107316753,13570353.155826554
6227,-0.7104293587428833,13218043.69893617
6228,-1.5985531115330582,47780268.725828305
6229,1.6176226838499939,356093.681810484
6230,-0.33715777298895294,7273226.204514515
6231,-0.3945452849736893,7979732.3198495265
6232,0.09773901017796731,3594941.250605827
6233,-0.7310701569939986,13654643.758160375
6234,-1.0988761782660181,23974719.231674068
6235,0.8449140034250574,1102854.3405076608
6236,0.14544474969707188,3328379.8451317875
6237,1.450294183389176,450446.10721453454
6238,-0.46689896027666583,8966172.710521333
6239,-0.7509029723234587,14086712.371544043
6240,-0.16644877244171846,5515811.610900429
6241,1.4687769188562887,438780.7365372352
6242,0.2901010014070904,2637370.857257511
6243,0.7242882704542757,1328364.22858511
6244,-2.7571248423115455,142914339.69376177
6245,1.3038057522172468,555901.2330659067
6246,-0.3044433044512324,6898282.288204085
6247,-0.6177721837862844,11414017.908870729
6248,0.8541884662790981,1087293.912193536
6249,-0.41404202561207726,8234658.238670515
6250,0.10445113526618606,3556157.413784615
6251,1.1166011074968998,731757.3718528408
6252,-0.020117977504369194,4350547.6267470755
6253,0.24113735273167064,2853011.0780932386
6254,1.163139955746867,683004.9351586653
6255,-0.1398236112076893,5282657.106140968
6256,0.1262680888930518,3433018.136329968
6257,-1.0527237597505836,22384886.897445574
6258,1.195630310010126,651063.673330402
6259,0.5910526149255209,1635478.6374789944
6260,-1.1158183237322952,24581973.42653822
6261,-0.14133246062930263,5295602.901296455
6262,1.0332469935305708,828758.153593251
6263,0.026470417475617056,4034279.2457937556
6264,0.8361213799578867,1117826.2440700124
6265,0.12515565457130118,3439190.355951999
6266,0.48440285724301296,1935013.1452490296
6267,1.1200990645619242,727964.9332925638
6268,0.8513046833188292,1092106.948168829
6269,0.9875960495362899,887695.8942179709
6270,-1.2059362428968887,28033209.919420708
6271,-0.8948713420614279,17618736.85173345
6272,-1.8882106403879964,67407585.04708798
6273,0.6176391727734218,1568683.3882934242
6274,-1.3731283197087516,35476041.05727947
6275,0.22340682974679654,2935509.711831698
6276,-0.30131692291569456,6863460.934367945
6277,-0.24709837085398637,6286414.795096555
6278,1.1061823182248327,743180.6524731909
6279,1.3403886318696405,527244.1119333245
6280,-0.2513155016877374,6329524.525419585
6281,-0.32468399200418224,7127960.3177786125
6282,1.0396241548266654,820866.6185112955
6283,0.2491939822521554,2816316.6709308485
6284,-0.4083024386269113,8158799.983108441
6285,-1.6137168906257198,48703206.53227201
6286,-0.34902967283469827,7414175.964596227
6287,-0.47334406712752886,9059556.283754133
6288,0.11951803501529619,3470644.7450602176
6289,2.563343936077404,104716.63998211914
6290,0.6954506754451946,1389233.5587239817
6291,-0.5885175967697093,10894408.965624696
6292,0.4392977303971113,2078507.0372062437
6293,-1.2688150536063605,30669677.902658902
6294,-0.43115472582211817,8464919.079670032
6295,-0.08894126828396148,4864151.637123909
6296,-1.9800754387311954,74450905.61725968
6297,-1.3454700664833577,34148045.990600415
6298,0.9644491964416957,919290.8350470352
6299,1.9193726002050868,236425.15287467255
6300,0.45004361940276494,2043341.2984172206
6301,0.1824850579633152,3135409.190188088
6302,0.5964327032145841,1621723.8749291494
6303,0.4242252669462484,2128898.8495754325
6304,-1.0317715710367852,21693575.518339045
6305,0.5270411585056266,1808880.5561914456
6306,1.521043041347926,407553.13673154847
6307,0.2746790779694205,2703413.915263312
6308,0.2985800298177148,2601772.5021358966
6309,-0.755071776348911,14179124.65055701
6310,0.1447752629034335,3331977.4279692695
6311,1.5575268320742184,387207.73220978497
6312,1.2479189160769075,603018.0266839884
6313,0.7438952156652832,1288599.286568373
6314,-0.24830351113481014,6298704.644044697
6315,-1.3876384287014052,36188412.93940793
6316,1.1700282774476316,676093.4679078409
6317,-1.5362411411416375,44113538.23431762
6318,0.725277096965659,1326327.898067915
6319,-2.271181116596887,98803164.69925842
6320,1.3279792814967548,536779.7483266405
6321,0.9682785684697305,913981.3981076994
6322,-0.4722771954622155,9044033.77364805
6323,-0.11569787682975789,5079907.691463602
6324,-0.6358450263139629,11746636.558708541
6325,-1.0264076454989908,21519592.088743303
6326,1.0210017125839101,844141.7402883192
6327,-3.1362952878423327,176505984.01681432
6328,1.5631509298297614,384172.2362683616
6329,0.27519079692588916,2701195.358657304
6330,-0.12005784655377205,5115962.865549668
6331,-0.9074716607184353,17963105.88029055
6332,0.8760874623789492,1051476.3663823097
6333,-1.0062173317857148,20875520.255511086
6334,0.4461337275594237,2056063.9249519943
6335,0.40571453538078966,2192533.4600956487
6336,-1.0863714896907397,23534727.366432544
6337,0.07901470181425006,3705427.4225052292
6338,-0.4434237187879533,8633835.411437089
6339,0.855157693493043,1085681.366898416
6340,1.960174189095184,224003.2734000072
6341,0.6092431505117699,1589460.9853585062
6342,0.8385309437301756,1113701.8091079248
6343,-0.9758611252894391,19938823.547121353
6344,0.42515495824189975,2125754.0436074906
6345,0.5388431869326581,1775513.1996822197
6346,0.5468969681004361,1753114.505574529
6347,-0.2177318705880335,5994171.1728664525
6348,1.7069466876918393,314830.8369954706
6349,-0.725630765245353,13538307.11670961
6350,-1.1705019014752283,26631068.53102894
6351,-0.9827851858023029,20149171.665191438
6352,0.4827260325019793,1940157.9229053974
6353,-0.6581952297739885,12170608.467840012
6354,-1.0543533072425333,22439440.71931386
6355,-0.9834636026414747,20169885.90621279
6356,-0.7231758423791671,13486103.456955139
6357,0.18841208873500284,3105611.9751321953
6358,-0.6399142104602201,11822777.322188262
6359,0.6255491177342116,1549370.6942753007
6360,0.34203969508539994,2426959.39594124
6361,0.7720251134893896,1233743.578500782
6362,-0.1753144071787031,5595703.519228996
6363,-0.7321684822568335,13678246.715511099
6364,-1.434200285727939,38547784.8439637
6365,0.4306115335822936,2107393.820312308
6366,0.2576962921268025,2778119.4280733983
6367,-2.04686426786286,79786917.44645356
6368,0.533785988387699,1789731.393056261
6369,0.31835720638940657,2520657.9259471223
6370,-0.9203236572031099,18320538.89521392
6371,-0.28062359460435266,6637304.606256281
6372,-0.3630892579829855,7584559.587012389
6373,0.8902689977402086,1028956.4203651029
6374,-0.14694751385230348,5344058.681891827
6375,0.30249598071939166,2585499.8058915185
6376,0.07861220766335535,3707840.0031763916
6377,0.24501184044846086,2835303.4110032734
6378,-0.4128570606254014,8218941.0059346305
6379,-0.24695866473024297,6284991.6274131
6380,-0.5376057723824755,10043296.12420616
6381,-0.2586032610130878,6404714.049555325
6382,-0.7932428451076918,15051622.804491704
6383,-1.0540863462922119,22430495.598586794
6384,-0.04672264583124013,4542275.96596018
6385,1.1264852775213852,721095.9047674837
6386,-0.025026150025769172,4385294.061371868
6387,-2.0782183045754037,82349339.87527266
6388,0.4921405753198585,1911456.8248998697
6389,2.508253695161548,111936.48494654895
6390,-1.7766370673858851,59360669.04219767
6391,-0.7666523227706867,14438779.896800425
6392,-0.4253078051410367,8385551.513806369
6393,-1.213712681166729,28348906.24078847
6394,-1.0680175391527231,22901405.0956398
6395,-0.13231846795952779,5218732.184129374
6396,-0.7412098808470753,13873987.007585086
6397,0.1713213349443363,3192331.702655666
6398,-0.9385013303975993,18836903.867414407
6399,-1.762003101197254,58349088.66899639
6400,-0.8091908787239183,15430530.56743011
6401,-0.886006439069743,17380015.466985438
6402,0.18730341912869175,3111163.469049448
6403,-1.1568749655737802,26107550.464807052
6404,0.3718812631459624,2314010.915981177
6405,0.16924774502243844,3203020.786459098
6406,-0.4237605243054656,8364669.423772217
6407,0.4541902405600677,2029938.1471599028
6408,0.7835989368265032,1211900.0000111798
6409,0.9249203704820862,976076.3107679861
6410,0.004985978210095886,4177130.5626316112
6411,0.03617586625707237,3971380.105426626
6412,0.1993855152088745,3051209.4024319383
6413,-1.026920630286374,21536178.70507771
6414,0.3008355676624707,2592386.7472963636
6415,-0.7415090275809822,13880507.435002863
6416,1.1092195874188726,739830.7408272878
6417,-0.4791021588623752,9143778.441064063
6418,0.2742218922767101,2705397.6338149677
6419,-0.3278897741934013,7165019.846701142
6420,0.6085968216921268,1591072.4375900116
6421,0.885331093760894,1036738.5267595918
6422,-0.6746355690810266,12491600.600741282
6423,1.30577124622805,554319.0354458905
6424,-1.3121090016760153,32597978.331916537
6425,2.2949791853682977,145641.5472038974
6426,0.07942883467650415,3702946.7460416015
6427,0.537386028376068,1779597.7640856688
6428,0.4978181979443114,1894363.2331345123
6429,-1.1102012007995712,24379213.172227673
6430,0.6169751666251473,1570316.1216592942
6431,-2.6148589533421314,129888593.59525025
6432,-1.1186773780131833,24685722.263580807
6433,0.041217821566854516,3939097.656260941
6434,0.38803298882132764,2255168.3779497542
6435,-0.12272382059301747,5138135.514836384
6436,0.015136407393654409,4109012.239769081
6437,-0.923463256675966,18408814.017884284
6438,-0.31775645321490914,7048517.929786386
6439,1.0748685193015453,778691.0802165127
6440,-0.6939001857847124,12877815.368092548
6441,-0.2694069267863782,6517804.837102092
6442,-0.22456531584328565,6060949.13302841
6443,0.3143475179914651,2536889.241614734
6444,-0.9916239379411282,20420514.04718469
6445,-1.882255576375334,66963607.77416499
6446,-1.6264000306333548,49484323.8134933
6447,-0.428228568358588,8425108.042448064
6448,1.2639306312511938,589088.6789449475
6449,-0.3519903983926268,7449741.939750126
6450,0.33968274755084055,2436120.6175069576
6451,0.5912806526374912,1634893.148016159
6452,-1.5521636305778275,45031186.562539145
6453,0.9015007806265728,1011487.284674742
6454,1.5834639519302087,373425.3664573815
6455,1.842155995969365,262089.34023888168
6456,0.825772731607831,1135726.3318922045
6457,-1.938356740410999,71207947.44266935
6458,0.00758771015032509,4159562.4550709524
6459,-0.010026676686369284,4279979.218945579
6460,1.211550934452335,636008.0299357829
6461,-2.003132138829411,76273485.19263293
6462,-0.7785440187643168,14709962.210748471
6463,0.19189924394088712,3088216.745893828
6464,-1.54140501350751,44409689.216634616
6465,-0.5050928539655811,9533410.644357957
6466,0.941812739172467,951361.3754056882
6467,-1.7495071738171484,57493600.00087131
6468,0.7268358494141867,1323124.6221731736
6469,-0.016477910559352393,4324958.1426193835
6470,0.6668253819419613,1452585.662593697
6471,0.7402752417601522,1295844.6961578592
6472,-1.0192502983591565,21289323.394560795
6473,-0.7259577192092427,13545273.889747096
6474,0.4726330634161333,1971428.6305532758
6475,-0.3501675496356436,7427825.104783852
6476,0.025405598092385972,4041241.334493637
6477,1.807147932467923,274733.9600607906
6478,1.347986455451947,521497.3236176158
6479,0.7709418774378769,1235809.3413452837
6480,1.5325221993303293,401027.4453364085
6481,0.6781018108259018,1427271.5344147293
6482,-0.19990460550214337,5823377.301643327
6483,-0.8563245191060624,16601748.628108645
6484,1.0744908599482375,779130.3964167724
6485,-0.5660691831197404,10510991.320019351
6486,1.1149083746240422,733600.2907198584
6487,-0.07427800202798304,4749838.194407797
6488,-1.1763259064142233,26857458.93722325
6489,-0.47919853645172994,9145194.533482902
6490,1.3876350415170642,492599.7026367687
6491,-1.9555115508087575,72532744.92239481
6492,0.5249903738352516,1814745.4412359362
6493,0.13193549996330756,3401748.3320590933
6494,-0.5995809306004103,11088220.256346723
6495,-0.384774473096236,7854882.248279679
6496,-1.4208557954883223,37860109.34350234
6497,-0.36315621225480826,7585380.073937944
6498,1.0794043691331554,773435.5802191723
6499,-0.9503664787473367,19180881.374872766
6500,-1.4580235136460258,39798501.09826926
6501,-0.41882013348366587,8298331.235020206
6502,-1.2524294486276089,29964088.66571903
6503,-0.1859635214704171,5693192.441404345
6504,-1.6165843667980215,48879076.68271026
6505,-0.3326010988861872,7219827.051608471
6506,2.4631297300885806,118266.26604494308
6507,-1.0769581094477916,23208064.1463703
6508,2.0017348035428686,212093.47318864416
6509,-1.5705951692931257,46110002.53380083
6510,1.1839598450106155,662346.1226303504
6511,0.9518268183394267,937027.9048601433
6512,0.6021364861446507,1607274.5718069368
6513,-0.20183236027487844,5841610.5230672015
6514,0.5553511620489167,1729921.263808068
6515,-1.2271493468303334,28901231.748240393
6516,-1.9390550842565357,71261636.31791176
6517,-0.19001392911435017,5730714.749477102
6518,0.6234054782056752,1554579.6314646122
6519,-0.4076921626360452,8150774.229450432
6520,0.3511166856025722,2392010.4478909355
6521,0.9858562468966702,890029.5938802913
6522,-0.6892887732368373,12784363.671278369
6523,1.6655952081025835,333235.4373127624
6524,-1.5054414876031248,42376173.943348564
6525,1.21442431493497,633331.3274852035
6526,0.07115497627414251,3752829.4934978294
6527,-0.3656277696718735,7615728.392051229
6528,2.0746805134152755,192859.84886625662
6529,-1.5057849615600862,42395274.78237219
6530,0.5656959945956814,1701979.221838633
6531,-0.12034596566197864,5118354.500097883
6532,-2.0924086713345815,83520435.08633831
6533,-0.765411231140881,14410744.371978762
6534,-0.9121363670084071,18092112.017562293
6535,0.434797462867398,2093421.1848679613
6536,0.30483616035539524,2575825.487708731
6537,0.5583528810772116,1721764.1079939562
6538,-0.9857544360837179,20239970.499174852
6539,-0.8517165676033726,16483789.461748948
6540,2.2058677420455837,162978.45297884906
6541,-0.7656974203313419,14417204.765160842
6542,1.7153634271636145,311224.3237171349
6543,0.27211438765664736,2714561.493173442
6544,0.011753171897196463,4131590.879722046
6545,-0.6420455205421647,11862842.663731173
6546,0.4249430889508252,2126470.293685562
6547,0.4930845755760915,1908603.571826718
6548,-0.6825300918141807,12648540.776714586
6549,-2.2659136094959407,98340657.60945639
6550,-0.6638929719236014,12280968.885776632
6551,0.9087581332194091,1000368.9263745717
6552,0.32884668458934657,2478702.850680966
6553,-0.05366322089358935,4593679.964653489
6554,-0.27240479250859806,6549533.923157897
6555,-1.5037977117457508,42284847.9230595
6556,1.045069534936874,814192.3132599231
6557,1.663812296453068,334055.3291041392
6558,-0.0983431358098099,4938897.181843173
6559,1.4415085630118003,456110.2914785299
6560,-1.3013188530281634,32108638.64665396
6561,1.078030169336743,775023.7468402685
6562,-0.31039569098764674,6965060.420055478
6563,0.6236101453481538,1554081.503407697
6564,0.2053336772332433,3022130.278733318
6565,-1.6617071580922749,51702525.91604812
6566,-0.5458793258792541,10177154.132564103
6567,0.8783635058462681,1047826.7975348048
6568,0.085806035876015,3664959.7252051746
6569,0.724354342960588,1328228.0593810203
6570,-1.6509951291950309,51022754.34895446
6571,-0.22954625636584125,6110088.355130356
6572,-1.3578901086467738,34739552.12766421
6573,0.12949615343246312,3415171.546542382
6574,-0.381740684689029,7816505.753929498
6575,-0.7279076114752436,13586891.535558531
6576,-1.280734833163617,31191279.431457482
6577,0.3218451772599379,2506625.977442397
6578,-0.9865718655479729,20265030.164041776
6579,-1.163276573355262,26352409.909916773
6580,0.8772723730730683,1049574.7019481917
6581,0.22233346507743898,2940582.1015028423
6582,0.1510191538847775,3298578.834056686
6583,-0.1049541365365835,4992144.11372687
6584,-0.6338836971770556,11710102.251969276
6585,-0.44623341794813637,8672975.52985996
6586,1.393791941902448,488271.7914142208
6587,0.27069119030886524,2720767.9605145776
6588,0.6460077830430715,1500574.4173246275
6589,0.4336763384958268,2097153.9982978846
6590,-0.6315019686237414,11665881.012048706
6591,-0.38914867592299013,7910538.094043234
6592,2.710365865632358,87868.1759150715
6593,-0.9862876263294507,20256313.253267217
6594,1.5435711970606099,394854.88695840945
6595,1.2557708236354217,596142.9352247575
6596,-0.6299353979276652,11636880.584501028
6597,-1.702143922873532,54321380.33018116
6598,1.3537883064533165,517155.11575784517
6599,-0.4317622065572446,8473206.827746715
6600,-0.18038895113664608,5641950.097289015
6601,-0.8944170712485124,17606432.74120451
6602,-0.2305330525781485,6119870.310746263
6603,-0.491808648208626,9332310.270716729
6604,2.2028685414138387,163600.84720605472
6605,0.5645713590359275,1704993.8094810285
6606,-1.1641027886350583,26384151.214313023
6607,0.6577995417671317,1473189.689313567
6608,0.26526038527586276,2744586.185514686
6609,0.664182507903316,1458587.0211753473
6610,-0.6472101211795995,11960459.7808959
6611,-2.447550299889593,114591403.56290317
6612,-0.678355654886635,12565326.15436475
6613,-0.6305887417941938,11648967.042431958
6614,-1.9726289191592337,73866817.10853638
6615,0.12092660068044694,3462758.40838933
6616,-0.8854279124384576,17364537.83816532
6617,2.4741346845999863,116686.41934897193
6618,0.5938237147206972,1628378.7461941799
6619,1.1622214596242557,683932.2990180438
6620,-1.0401563770139386,21967983.584330764
6621,-1.8081957832316733,61577444.47293737
6622,-0.9024206900316115,17824345.068981573
6623,0.5346677987249181,1787243.626895863
6624,-0.7190246556629877,13398253.922856085
6625,-0.23808309808009762,6195228.0340711465
6626,0.7122322048305852,1353460.357254291
6627,1.3750229755063363,501597.0522932229
6628,-0.7814202171660132,14776251.360988848
6629,1.209131014543482,638271.859618213
6630,-0.37860682191405065,7777055.365014954
6631,0.26743678199436816,2735015.2991470085
6632,-0.8833288503085159,17308484.447061714
6633,-0.3098853989794732,6959310.778533538
6634,0.5749280390115424,1677443.6084662916
6635,-0.7342443230902789,13722959.730417334
6636,-1.1191995645382289,24704711.14293722
6637,-1.8271706512040007,62933157.604768805
6638,1.1872188679552125,659174.2202950721
6639,0.012609352450256598,4125865.1570274737
6640,0.7480365363437035,1280363.1584740907
6641,1.658410404877722,336553.10761322046
6642,1.4532590926676212,448552.0738042966
6643,-0.7821816098069313,14793845.413924657
6644,0.31222452817384316,2545526.919229249
6645,-0.1441066081963901,5319487.630503386
6646,0.7562734345919684,1264147.7431068986
6647,-0.011344739533580644,4289130.362481762
6648,0.5841993772831579,1653177.8405857047
6649,0.2197438350232004,2952857.0332122343
6650,1.4373401841867275,458825.0160533101
6651,0.3848046088715737,2266804.0842867843
6652,-1.5283601005537892,43664248.53443611
6653,0.7268426222833774,1323110.7216887667
6654,0.4861230831668448,1929750.0383220983
6655,0.8179947612665169,1149381.2439254508
6656,-0.28158914771340504,6647691.841392611
6657,-1.0660477464474716,22834310.383006804
6658,0.18874759787505344,3103933.9682238144
6659,-0.08807821771879264,4857347.47999024
6660,-0.28147401075910883,6646452.378937306
6661,-0.13337822815271322,5227711.556468463
6662,2.436443620705426,122197.60666360718
6663,1.760810012301231,292525.2371314794
6664,-0.43305700635373967,8490897.803130655
6665,2.6071254165456548,99349.356145375
6666,-0.005862852808110442,4251199.745608093
6667,0.2331063436435616,2890078.9743723404
6668,1.1891521936363054,657300.380645957
6669,-1.5985906026388936,47782535.868677735
6670,-1.3009701026918774,32092919.958898082
6671,-0.8181693338736881,15647663.05218362
6672,-0.30772220378262494,6934989.060706866
6673,0.05374289080294259,3860050.3029715465
6674,0.11939133043787303,3471355.042217342
6675,-0.5730234844001747,10628376.806892563
6676,0.37138150293815325,2315856.8450230854
6677,-0.15451886301070478,5410098.446917403
6678,-1.013311580043199,21099889.097835135
6679,-1.38147052774794,35884277.783708565
6680,-0.005253769021787028,4247006.318433975
6681,-0.34404781986818556,7354705.821016306
6682,-0.4024751681110318,8082478.034106181
6683,0.1825756956614873,3134951.322556448
6684,0.40002723430959136,2212480.1578781623
6685,-0.06422090515560196,4672998.86311814
6686,-0.7972621473760411,15146306.065496761
6687,1.8213782753593448,269514.06251272646
6688,-2.0659355241311372,81341339.3873694
6689,0.22637232101874005,2921542.4433084195
6690,0.9211227769325024,981726.840262111
6691,-2.4175661412254543,111873299.99271655
6692,-1.911505554146495,69159414.63068418
6693,1.332131899559741,533567.944352207
6694,0.8355244790535322,1118850.4748314836
6695,1.1891081984394536,657342.9577314396
6696,-1.8338896691486224,63417277.5958541
6697,-2.1774202637320306,90673812.62328051
6698,1.2988196653705177,559937.1430791767
6699,-0.9640161667300862,19583456.66621437
6700,-0.5584793905095528,10384288.293067904
6701,1.2284766268293632,620416.2730566923
6702,-0.2582199654040911,6400737.592998565
6703,0.03216877754087481,3997227.858775725
6704,1.5360708064383104,399033.48882666347
6705,-0.5355916637206481,10010965.437691173
6706,-1.6978044216205104,54036360.48679693
6707,-0.00419384028116298,4239718.877066031
6708,0.0029660175536552263,4190822.0389147005
6709,0.14537736532229106,3328741.7648092317
6710,-0.4610372763002202,8882049.627103034
6711,0.34468490666819057,2416720.2504609646
6712,-0.22826773517695753,6097437.618490549
6713,1.2997938128168927,559146.1261106643
6714,-0.0837836524353971,4823631.630363371
6715,-1.187400154220323,27292332.581467487
6716,-1.2444767166611261,29626376.01036282
6717,0.27768691001056467,2690400.376597124
6718,-1.0810364209943206,23349111.28226005
6719,2.260894935305203,152016.58244915708
6720,-1.060291546858336,22639209.37107028
6721,1.489341450262468,426190.35002099123
6722,0.3578835664836316,2366296.0409926167
6723,1.3290686997519379,535935.1072247844
6724,-0.22666779385350785,6081643.057666166
6725,0.16919949190545533,3203269.9610861544
6726,1.6998984571540348,317886.5969207947
6727,-0.6373109770645954,11774013.396206122
6728,-0.7004695859112149,13012047.464801192
6729,0.9835290666118356,893161.5082689901
6730,0.4183142974444241,2149007.2637232016
6731,-1.1250887556984743,24919721.156253178
6732,-0.5327204294357761,9965048.126853872
6733,0.8665061407797553,1066989.57909839
6734,2.156981304627157,173462.55799530708
6735,-1.1537534542435066,25988843.235898647
6736,-0.7535197273179253,14144654.28648145
6737,0.1743927758306022,3176565.9562905924
6738,-1.7568320223166471,57994138.66269055
6739,0.7841797352575167,1210814.7517675085
6740,-0.9629290733328091,19551123.479130656
6741,1.2495217211938232,601607.629739541
6742,1.0755996805935468,777841.3101670705
6743,-0.17824161110012962,5622334.150599031
6744,-0.44379626183997667,8639015.220981034
6745,0.7299326091449136,1316785.0446266558
6746,0.2815866240130731,2673624.284503433
6747,0.889278656456222,1030512.1618459604
6748,-0.3820138559069673,7819953.782457066
6749,-0.061590382990931745,4653107.970937786
6750,-0.01852339848845934,4339319.050733158
6751,0.6736909615709135,1437117.2762078953
6752,-2.1413741767426466,87613018.9199489
6753,2.458822052692447,118891.1724170016
6754,2.0767229002505827,192350.1075644591
6755,0.672055276182256,1440786.6457517988
6756,0.09329158781640423,3620876.4464066424
6757,1.1855716922171116,660775.2953301892
6758,-0.9103600789745908,18042890.119282715
6759,-0.6220817388580424,11492515.528454844
6760,1.16603674971229,680089.1048321216
6761,0.8850285817430978,1037217.3285426962
6762,-0.028557845643433895,4410469.182206634
6763,-0.29668166471402957,6812151.936441478
6764,1.1362721075793338,710705.1136840751
6765,1.697141110689628,319090.97378533747
6766,1.0101909856931903,857979.2048719064
6767,2.1116551290410697,183860.5865609853
6768,1.2353657951507844,614189.6294696903
6769,0.1609568425024621,3246126.985076441
6770,0.3216505802707256,2507406.6979904226
6771,0.3954554063059571,2228651.5368588446
6772,-0.6163805121110054,11388777.292391492
6773,-0.04814147885162417,4552736.941184979
6774,1.1141343823093885,734444.6292012968
6775,-0.4471716855382573,8686084.140131243
6776,1.6148240611946105,357479.7222348112
6777,-1.7217107443943036,55618311.40808188
6778,-0.5483443323371354,10217363.922071401
6779,-0.4959978712759537,9395283.605424931
6780,-1.4367842618534226,38682013.67178986
6781,-1.017684202441552,21239224.770758208
6782,-1.3292550413215054,33387609.500559647
6783,-0.5614693371940908,10434027.37504687
6784,-1.0114158896872962,21039729.653273407
6785,-1.7029867015541027,54376844.55211564
6786,-0.5143650704386019,9676235.986934284
6787,-0.29575656049424487,6801956.980397923
6788,0.8774219413047325,1049334.9215356105
6789,-0.08664584053982106,4846075.925656298
6790,1.2537066404627921,597942.007387846
6791,0.20676925671415544,3015154.8151397645
6792,-0.26560662682752173,6477800.904860389
6793,-0.7339509973498207,13716633.372471888
6794,-1.147891183370042,25767125.960912798
6795,-0.5295902967157536,9915220.059328124
6796,-1.22088356069371,28642589.54943172
6797,0.007524547078500321,4159988.0747249615
6798,-3.11563549090768,174744413.08826482
6799,-1.6143254098355464,48740493.0305668
6800,-0.7931904505652506,15050392.12630004
6801,1.3841965161804066,495035.0541792336
6802,1.4741645914903923,435443.119465546
6803,-0.5482665908683493,10216093.470982267
6804,0.7656146095537636,1246022.299022509
6805,-0.7951399537980973,15096245.50928626
6806,-1.0195195358110056,21297946.503642365
6807,-0.2422245157710322,6236953.482909981
6808,2.1597299026348424,172853.48622776635
6809,-1.5453275750741593,44635583.52768893
6810,-0.3378713814895198,7281623.891801715
6811,-1.4143836390245932,37529912.305020705
6812,-0.9200621698765747,18313203.781072192
6813,0.4781977855523919,1954122.9741167095
6814,-2.3010172320257802,101434489.57349928
6815,-2.1027634447047814,84379325.91687723
6816,-0.33139280101161434,7205731.748037
6817,1.0153453354625104,851351.5065108483
6818,0.7162833569228412,1344971.741878444
6819,-0.2510519271469059,6326821.581571608
6820,0.15321630044789541,3286907.9234752273
6821,-0.21799698025400918,5996748.222389362
6822,-2.2549453306635723,97379664.6574122
6823,-1.5381608863120706,44223473.61801678
6824,0.6746215621296214,1435034.05472823
6825,0.4007750865005694,2209846.5141914333
6826,-0.9404542148089118,18893140.4304397
6827,0.25312370930415423,2798595.2595549617
6828,-0.37431566105227654,7723351.381596555
6829,-1.3541041839208747,34558413.52681652
6830,-1.0229351307104695,21407604.516273938
6831,0.4280897423483844,2115858.478087092
6832,-0.38672075769875636,7879598.812009425
6833,-0.5414786974424146,10105745.463035995
6834,0.9909490862227824,883216.8298915344
6835,2.213874230973483,161329.87805925022
6836,-0.7256700655383167,13539144.356077516
6837,0.8394018100940345,1112215.1544795663
6838,-0.10746256538058643,5012498.040657094
6839,1.6367900688482002,346759.0055501926
6840,-0.6742732704953502,12484442.158430846
6841,0.7687792134237896,1239944.6239330743
6842,-1.0819869579284653,23382090.308337126
6843,1.523164125955434,406338.5811944736
6844,-0.0887042260668125,4862281.880302575
6845,1.4164080571212692,472728.3512227653
6846,-0.6626894277597177,12257579.335787006
6847,-1.1152134633331618,24560071.63144398
6848,1.4863705289688132,427984.44799783925
6849,0.7685592855200419,1240365.9775701289
6850,1.4200025294929586,470308.3420549644
6851,0.5025355828990105,1880282.4068019344
6852,1.7543960005704236,295087.11309627444
6853,-0.18831966340489226,5714989.505643603
6854,0.14540780194857894,3328578.2855181755
6855,-1.5741152772523288,46318057.26842778
6856,0.7487999608342538,1278851.001000275
6857,1.3725842689202945,503357.4960672878
6858,-1.0614187323146027,22677301.175167188
6859,-0.64948886814854,12003770.605201358
6860,-0.46355033865410294,8918021.718818909
6861,0.7937700828199192,1193043.639533629
6862,0.4534327665819528,2032379.6638883331
6863,1.0743700483156462,779270.9883797814
6864,-0.41689845175328843,8272665.654205095
6865,0.1420669470468374,3346571.5805481956
6866,0.03715124137672048,3965114.1369544524
6867,0.4627490706306404,2002562.9542027363
6868,-1.0841271506275938,23456490.190014083
6869,0.03901330446794474,3953179.775497714
6870,-1.606442033750783,48258934.158601284
6871,-0.5315146325757619,9945824.936231134
6872,-0.20363768114914824,5858737.171313271
6873,-1.4986650472835432,42000594.81611285
6874,0.07947552709180869,3702667.1621950623
6875,0.7582351099234158,1260318.2130889928
6876,-1.7587817205531744,58127814.585962705
6877,-0.6743757511186024,12486466.622494753
6878,-0.9200105702066559,18311756.641690962
6879,0.1180752668997275,3478741.5851907064
6880,-0.4558276402451362,8807924.588390736
6881,-0.8119418064630098,15496764.296200357
6882,2.103120921508918,185895.30943048373
6883,-0.18226704658652126,5659162.355766761
6884,-0.07351392648057466,4743956.084690189
6885,-0.5614454003988537,10433628.275850995
6886,-0.4862558727263212,9249465.34749308
6887,-1.8710988828096224,66136106.436612256
6888,-1.146600493317041,25718523.680492193
6889,-0.4831130377402132,9202889.896006078
6890,0.0354154331910688,3976272.21834992
6891,1.779523846054771,285190.56798919005
6892,0.5058429227126151,1870475.8070826188
6893,-0.27272612661840323,6552943.921305487
6894,-0.004514408008908508,4241921.576006941
6895,-1.382843177926217,35951792.890380144
6896,-0.43356879377101465,8497900.272689188
6897,-1.4829672869754433,41139795.729829326
6898,1.7984826444368387,277967.48669987964
6899,-1.4683212916089647,40348298.93979599
6900,0.7341817343957039,1308138.8245756296
6901,-1.6938974333846084,53780562.53735521
6902,-0.37317729515448633,7709165.5554541545
6903,-1.1125516661035433,24463884.71783009
6904,0.9149498616090325,990986.6872353059
6905,-0.9784093310698433,20016010.862053342
6906,-0.07669960734947702,4768529.005504341
6907,1.0689948327339893,785554.1218674597
6908,0.529582201062451,1801641.193367857
6909,0.35415146314852325,2380442.5008271434
6910,-0.9520531656868616,19230228.174768336
6911,-0.25090143853442903,6325278.8403115105
6912,0.7779170512359707,1222571.661083434
6913,-0.6519558633539997,12050825.54430129
6914,-0.6143970529855703,11352894.636702597
6915,0.9022495190984967,1010334.1031499476
6916,0.5064301515178611,1868740.2233756387
6917,0.9271118940563562,972831.3800200545
6918,-0.9977946275621756,20611840.730560575
6919,0.8481399181288573,1097415.1668594559
6920,0.7362013862898783,1304050.3480844735
6921,0.6522755431411983,1485952.0464974581
6922,1.101216772042049,748692.7551480972
6923,1.2167215176754165,631200.1815666747
6924,-0.09759044218136359,4932871.001619101
6925,-0.4155802028557794,8255103.995774344
6926,-1.1335745663969448,25232301.848552257
6927,1.8920886969797,245159.2488133324
6928,0.07172676537184257,3749360.3148878347
6929,-0.02926307240645843,4415513.720784791
6930,-0.8354058568041698,16072325.024826627
6931,0.8453304337565082,1102150.5860825623
6932,-0.3585646191831072,7529313.244748485
6933,0.5088939977050178,1861476.5778927566
6934,0.650345506921445,1490438.6100503197
6935,1.2530475628176396,598517.6829746797
6936,0.19622466619516699,3066778.777529162
6937,0.4455156567984355,2058082.6592201185
6938,1.7908570087477502,280848.0528379611
6939,1.8465863128796771,260535.79348257094
6940,-1.020317089347459,21323508.278391443
6941,-0.4793180343686505,9146950.630307803
6942,1.514452903856768,411352.30256405554
6943,1.0171817503264189,849003.5124309032
6944,1.8081312272707446,274369.6828131086
6945,-0.8704456608210531,16968002.113031298
6946,0.8969684059353973,1018498.0771371202
6947,0.9462775711143134,944941.8324423626
6948,0.8895287284872185,1030119.0824331968
6949,0.010316435133852471,4141217.1640710304
6950,0.9753813122797136,904220.5384543455
6951,0.1897508034429757,3098922.108340456
6952,0.34955544279231837,2397984.2898667785
6953,0.025236034191391334,4042351.114390987
6954,-1.5751780616278057,46380999.94327702
6955,-0.6257375229931502,11559504.196060345
6956,0.4447966171413246,2060433.7806085348
6957,-1.8914095299925642,67646729.45757253
6958,0.8646257989107912,1070062.7058511851
6959,1.0380493434499436,822807.8283676334
6960,0.8170708631411522,1151014.83282885
6961,0.6743585675480506,1435622.464278202
6962,-0.8896549526084101,17477911.858194057
6963,-0.15796375442926935,5440414.971449423
6964,-1.225391874746782,28828494.78963844
6965,1.3705943370660538,504798.9949601977
6966,-0.04690180380895252,4543595.550473155
6967,0.3845078128679426,2267876.923361359
6968,0.8102707790582434,1163114.8667622192
6969,-1.7512966845087485,57615641.146086514
6970,-1.8945725617128861,67883639.87856501
6971,-0.02642975565121009,4395282.024910307
6972,0.187041782338915,3112475.059495093
6973,-1.21130465225756,28250839.173763968
6974,-0.14536771551271452,5330381.012777325
6975,0.8265313032595448,1134403.8897023923
6976,-1.6988823083833338,54107067.64371711
6977,0.051799116532632576,3872211.317732339
6978,-0.40144114903557127,8069007.841635294
6979,0.052372809398517836,3868618.02788519
6980,-1.144795487823049,25650682.967729367
6981,-0.6501339888094381,12016058.795068098
6982,-1.0200224204632942,21314060.969600797
6983,-0.22656205286388853,6080600.616645479
6984,0.2518861247428516,2804163.8135929354
6985,1.614752870833935,357515.0574959122
6986,1.3693366944325374,505712.35791481053
6987,-1.6919926524383193,53656133.07798316
6988,0.4275557301230397,2117655.4905668623
6989,-0.48630622280149266,9250213.357860837
6990,0.09094331396036257,3634647.255847025
6991,-1.2513000484991628,29915940.359949637
6992,-1.7962743184432755,60734424.77034042
6993,-1.3512322176985463,34421491.34880022
6994,1.2362945156549143,613355.4420941162
6995,-2.1437599062432797,87814383.07601967
6996,-0.5794098170363104,10737272.813623391
6997,-1.168237393338485,26543471.28592305
6998,0.17994952002363954,3148245.6065383703
6999,-0.6222046388981163,11494761.585901532
7000,0.3788255144742577,2288519.0491158664
7001,0.36831954753061497,2327200.021373476
7002,-0.7768095998740527,14670120.371592721
7003,2.595104381474965,100791.76877703446
7004,0.9069857819049586,1003072.0465823127
7005,-0.8706401683284026,16973097.46501954
7006,1.2207544229615372,627477.6539800245
7007,1.3588892116705498,513370.1866192632
7008,1.995290154874154,213893.11072208648
7009,0.2166536737002802,2967573.4727993524
7010,-0.6095251739573156,11265210.914661877
7011,0.8808454004509562,1043862.6021158734
7012,0.14002461908772665,3357620.1789003476
7013,-1.1541941272787533,26005574.136873163
7014,0.5170762897006238,1837566.0093721896
7015,0.3630115104269677,2347000.8539515478
7016,-0.9832922961945423,20164653.608710103
7017,0.41653030111072303,2155115.0148616442
7018,-0.4415573934777242,8607931.398241088
7019,-1.8271291397304803,62930173.18194486
7020,0.26426512609576974,2748974.4263035674
7021,1.097722405715173,752598.2705826848
7022,0.7150467174429508,1347556.9395830838
7023,0.5598182436643896,1717796.6889261089
7024,-0.2289587884819677,6104272.23894293
7025,-0.936585412559448,18781876.20075059
7026,0.9671951195080437,915480.250348964
7027,0.6863804811772901,1408984.4816708178
7028,-1.3002869225315976,32062145.66830334
7029,0.3335932484101806,2459956.2317160857
7030,-0.3314004676530249,7205821.097505173
7031,-0.29959360349496345,6844340.756215641
7032,0.11255323381588264,3509909.8494513156
7033,-1.126768635021209,24981340.593230065
7034,0.5148360077332492,1844080.4545865406
7035,0.2778176515230852,2689836.185519774
7036,-1.4064944995355362,37130359.46573066
7037,-0.053830012759458694,4594922.4587641405
7038,-1.0538581725957248,22422852.563620646
7039,1.8193341672985919,270257.04662269016
7040,-1.0295215724411697,21620447.07059986
7041,0.9021061299859292,1010554.8370450726
7042,0.17663529393172372,3165105.5007183743
7043,0.57913394658475,1666389.40219555
7044,0.5338985972154676,1789413.4983243144
7045,0.9167615297839307,988259.3708269484
7046,0.5252723238966585,1813937.9320149585
7047,0.32448514348692203,2496059.305080712
7048,2.9758684014419736,64565.76769359095
7049,-0.6405704849560385,11835100.676458348
7050,-0.8269599215135514,15862946.849784462
7051,-0.9012052284040619,17791097.261403963
7052,0.6289742507887615,1541085.9885969835
7053,-1.1268227504992367,24983327.72735642
7054,0.3664859112686159,2334020.4374415586
7055,0.15123944920135785,3297406.7484070077
7056,1.455829958859154,446916.8438525093
7057,-0.3572950408470015,7513882.369314121
7058,-1.2772262893714998,31037017.602113243
7059,0.20673809314727273,3015306.0627843128
7060,0.27133708338335205,2717949.451686905
7061,1.0212050016342509,843883.8513492227
7062,0.8489205420683137,1096103.279539824
7063,0.7470995597780086,1282221.6783504055
7064,-2.0802023829680967,82512662.18948516
7065,0.5340362293651985,1789025.0432361872
7066,-2.8983727070078684,155692819.89386535
7067,1.76571779035476,290581.64410388283
7068,0.7704058383198181,1236832.944880695
7069,0.4280373142546227,2116034.834234329
7070,1.7787256976873846,285499.1920904337
7071,-0.6843311443458352,12684602.444289036
7072,0.34203482636710286,2426978.2833052226
7073,-0.8119517381409633,15497003.889347438
7074,-0.07120886234153408,4726255.261983629
7075,-0.7884575046369743,14939601.134793472
7076,-0.9553702384468125,19327602.162959557
7077,0.6477042704242519,1496601.6479117293
7078,0.9246794817597149,976433.6962049371
7079,-0.9392049200229423,18857147.76824315
7080,0.06390380219564909,3797108.3107200116
7081,0.48989306280269257,1918267.947526093
7082,1.4536743006915893,448287.531243976
7083,-0.6340525471762152,11713243.257749178
7084,0.6326243033300023,1532308.6981568036
7085,-0.11224319255785806,5051519.676869437
7086,-0.18441502926518014,5678912.158297946
7087,0.05194904207170045,3871271.941336528
7088,-2.114102781402404,85323993.36385141
7089,0.009424696704846925,4147203.319327084
7090,1.3503673043457693,519710.64553842734
7091,-0.962223367852539,19530159.04124573
7092,-0.39940652248212777,8042566.460117296
7093,-0.3956277023153461,7993681.658225595
7094,-1.5141862929373253,42864403.49556062
7095,3.367253891103901,41711.53285341869
7096,0.31903662407657246,2517918.295542391
7097,0.04315397069561251,3926771.819965377
7098,1.2760764021216293,578756.5418542774
7099,0.5144887569294817,1845092.379702439
7100,-1.7923795075508104,60460479.49758262
7101,-0.8907470803146202,17507311.779666387
7102,1.4987911535259066,420538.60375006875
7103,-0.06856227638196831,4706013.73978289
7104,0.48512325328082895,1932807.2360622736
7105,-0.3033644062322665,6886246.0233263625
7106,-0.2545100560831254,6362375.456423164
7107,0.29745130848827794,2606482.525443001
7108,0.04185134250529035,3935060.244460783
7109,0.3983977254061252,2218229.9727553697
7110,2.6522351597606493,94138.60239281888
7111,-1.4711992352565628,40502942.843757294
7112,1.282977151665413,572974.4253652827
7113,-0.2232960569766921,6048490.095750988
7114,-0.30969891194556887,6957210.727144218
7115,0.9170907012310866,987764.6953513484
7116,-0.21490664801285914,5966776.221361536
7117,0.8404221066983012,1110476.104056343
7118,-1.2047146098209827,27983878.698520184
7119,0.7746260921758331,1228798.4285037867
7120,-0.5484342031596584,10218832.779021863
7121,2.0842889213808657,190474.84126105235
7122,-0.2629838477384179,6450333.6828440735
7123,-0.24589104551001847,6274126.45397354
7124,-0.18388495101835237,5674031.942712318
7125,-0.7810659368333699,14768071.29951399
7126,0.3918631033318065,2241444.423565404
7127,-0.2718646359506137,6543805.726500102
7128,0.3234233237533901,2500303.7656296203
7129,1.881719295807399,248572.41662292945
7130,-0.1848674589867089,5683080.800225077
7131,-0.7338004265867261,13713386.95891072
7132,1.4159690127190543,473024.8768206965
7133,0.5394388575305841,1773846.309493179
7134,-0.025631289885776176,4389597.383742689
7135,-0.3458310432291994,7375938.921290284
7136,1.873546343358135,251299.88972106078
7137,0.12324402557685848,3449823.301781445
7138,-0.5894481060988291,10910585.365969438
7139,0.8925998631754506,1025304.7501449087
7140,-1.6126630139459224,48638676.57888971
7141,-1.6905618615685527,53562787.83436157
7142,1.594365280400363,367795.0141799229
7143,-0.05817670251532871,4627422.140789431
7144,1.072548793983976,781393.7609226449
7145,0.7863563233961345,1206756.896909871
7146,-0.8789631944639077,17192424.539850824
7147,1.865178325595117,254127.00925496023
7148,0.4637332651647597,1999439.8546672857
7149,-0.044019961978640075,4522416.191048711
7150,-0.9381564770596156,18826988.682698708
7151,1.9125560020935073,238574.3356543528
7152,-1.8972256523289812,68082697.3656932
7153,1.0614013720339386,794523.6725137065
7154,0.5003502909263754,1886791.5611117096
7155,-0.4619035578848188,8894433.766029114
7156,0.9631207334822767,921140.4942206657
7157,2.1264932133634593,180381.87223273545
7158,-0.056533881928058534,4615111.849960706
7159,-0.931910115784776,18648194.208593458
7160,0.6596741905251072,1468884.9815767286
7161,0.8827089480277652,1040896.6141463825
7162,0.8701358685748356,1061084.0257850934
7163,-0.8718815784821375,17005650.159177586
7164,1.2729119718497464,581429.2734657486
7165,-0.39592866214527117,7997564.407200978
7166,0.36608203809814166,2335525.476965349
7167,-0.11185649280187218,5048351.974441819
7168,-2.792480119123705,146133030.6240682
7169,-0.23788046733656312,6193193.604724916
7170,0.24547991504054775,2833171.8354571783
7171,-0.7916372901616936,15013952.297866225
7172,-1.028551046448181,21588969.46701283
7173,-0.5637619099358875,10472319.017889822
7174,-0.48872904828882036,9286276.220508508
7175,-0.7165951713257968,13347086.828137752
7176,0.022112172525473844,4062851.8441771227
7177,-0.5383647283296153,10055504.844379392
7178,-0.7300342736412094,13632417.275969787
7179,1.0048650411412068,864886.0045046342
7180,-1.0494939009018052,22277095.440981563
7181,-0.07057338531650499,4721387.056764986
7182,-0.10936905284532278,5028023.306740447
7183,-0.6654585480112155,12311456.766341386
7184,0.7888941636416663,1202043.8364941124
7185,-0.5201754652694354,9766780.661700843
7186,0.5421812134128264,1766193.4285278195
7187,-1.366547830569129,35156536.1135045
7188,-0.2551598855549527,6369078.5285885
7189,-0.8877573382905392,17426933.72859884
7190,0.2539446571514577,2794907.6652983245
7191,0.8285303262170431,1130926.7967244564
7192,2.655976825735609,93720.29175377236
7193,1.4397163089477851,457275.35833043524
7194,-0.33198599487742286,7212648.228715707
7195,-1.1117484574692058,24434922.545358427
7196,0.6103477503585981,1586710.9364425954
7197,-0.9751660446960122,19917814.432115097
7198,0.7720686621108873,1233660.6068885117
7199,0.15526540395460967,3276061.478189334
7200,-0.7499203521877001,14065011.216511723
7201,-1.23647748102487,29289799.52286434
7202,-0.24325099972577274,6247338.424386845
7203,2.8688090376401676,73015.6134821793
7204,-0.1134632987875581,5061527.39953088
7205,-0.5576189891794572,10370017.06559921
7206,-0.15608696157911303,5423877.425146111
7207,0.5229506434963612,1820598.5033395607
7208,1.2764332327723669,578455.9986035806
7209,0.30368733446857715,2580570.0547034717
7210,-1.4013657177370713,36872335.278647624
7211,0.28819014026558526,2645462.6883386746
7212,3.054853168365794,59025.79635556816
7213,-0.1260369575362103,5165824.657134085
7214,1.4852824998054635,428643.57095894264
7215,-0.44566341882931404,8665021.377242662
7216,-2.0175542688396275,77424119.88729955
7217,0.5478571986185174,1750463.8403393447
7218,0.3839578851317578,2269866.1623311066
7219,0.053066251994226044,3864279.2133393446
7220,0.21459357538600593,2977426.259110759
7221,-1.9481212159892205,71960508.07881801
7222,-0.44114799239038155,8602259.111261174
7223,-0.1950074860067133,5777313.029607422
7224,-0.02661558814717757,4396606.116537995
7225,-0.8019851470586871,15258262.968322545
7226,-0.3772970893559952,7760625.510593514
7227,-0.9548418369781991,19312061.60667127
7228,-0.483897515528621,9214494.319576925
7229,0.46198663515367466,2004985.8599096362
7230,0.48502289346450217,1933114.3878602886
7231,1.1173344593657113,730960.511711214
7232,0.08876925424700947,3647443.991798539
7233,1.9411919744990402,229689.47977688257
7234,0.31521467837291356,2533369.8105007135
7235,0.09430234170878897,3614965.531090673
7236,-0.1776334362299694,5616790.827919454
7237,1.498172065179423,420906.336793486
7238,1.179270597897567,666939.1529113385
7239,0.8692896574788399,1062457.6749299534
7240,2.148366562506426,175387.12913991418
7241,0.450429010809477,2042091.7088030574
7242,1.417030252994112,472308.47648506996
7243,-0.16164049681572132,5472958.92225549
7244,-1.3510413368362013,34412405.92941604
7245,-0.042318739498040464,4509960.222040576
7246,-0.1774451349853472,5615075.625212743
7247,-0.5095774366345269,9602234.762350062
7248,0.3503662190880304,2394880.05668677
7249,-0.8017303556702469,15252203.970863935
7250,0.21346054917702637,2982859.484432316
7251,0.09590836293391532,3605593.691601423
7252,0.6810707258937052,1420684.653509234
7253,1.015068748200895,851705.7502243364
7254,-0.33952115209949846,7301074.654446401
7255,-0.5519234233083885,10276016.990052002
7256,-0.5768711640163442,10693858.76399272
7257,0.3928479216591342,2237929.711650783
7258,-1.2596841297048598,30274858.712491598
7259,1.2422996850710546,607991.2296947825
7260,-1.3650070313461888,35082045.703424074
7261,-1.0402251696246199,21970247.302420247
7262,0.661050255072646,1465733.6268462671
7263,0.31116477279927945,2549850.062899334
7264,-2.018638340087751,77510933.77034488
7265,-1.213064504106463,28322481.86151491
7266,-0.12192926713228115,5131517.245525042
7267,-1.8725705159510198,66244937.55494571
7268,-0.2632245573719395,6452849.727953489
7269,0.903377976297509,1008598.7533349548
7270,-0.5249591076499247,9841934.181873355
7271,0.06711496121108032,3777434.413823369
7272,-0.06912870988254026,4710338.570581043
7273,1.650713857183517,340147.67958216165
7274,-1.0978216109656271,23937344.970656265
7275,-1.713773298134973,55089881.98058244
7276,-1.0788894754626064,23274768.825392865
7277,0.031012758907256223,4004716.426042217
7278,-0.743788020974677,13930275.235177223
7279,0.1119941109797811,3513081.577939153
7280,-0.3014053115414846,6864443.019279999
7281,-0.17191750778026624,5564957.266733129
7282,-1.101900730544637,24082185.46618719
7283,-0.8658759570311069,16848689.50742091
7284,0.7836792251517438,1211749.9159440196
7285,-0.39758142292565757,8018919.788645907
7286,-0.5406156723419485,10091797.480027633
7287,-0.2339295148784103,6153657.688113092
7288,-1.2041708775437991,27961944.952403914
7289,-0.2651614512552371,6473130.648837084
7290,0.320112167577527,2513587.6596101034
7291,0.09985606399823165,3582662.2107273093
7292,-1.0488294489950725,22254975.95195109
7293,-1.3691601109841662,35283105.45358011
7294,0.5226664963793584,1821415.441356809
7295,-1.6112012399361817,48549266.06285053
7296,-1.2251433212460074,28818219.879568152
7297,0.8220474295952294,1142244.6972004485
7298,-1.2741890274400844,30903969.25371652
7299,0.4600312460285502,2011213.8060107653
7300,0.6262018399371386,1547788.2727510892
7301,-1.786648570590699,60058714.94782479
7302,-1.477444396846212,40840010.848022446
7303,1.2417106245988618,608515.1497526194
7304,0.18253976521421475,3135132.8214861327
7305,-0.3208591982580542,7083990.963456589
7306,0.5382110999285662,1777283.7940774907
7307,0.43737783472323766,2084856.0785574836
7308,0.3491917960629706,2399377.9460404506
7309,-0.8849709314125949,17352320.738103304
7310,-0.4048952446241439,8114090.003032199
7311,-0.3630406920369506,7583964.492948812
7312,-1.387641704877031,36188575.00594915
7313,0.22038473606997772,2949814.243040641
7314,-1.3537473480067215,34541378.33987721
7315,0.9594825443008884,926226.5702827562
7316,0.853402460526061,1088603.504288625
7317,-0.06065837230686963,4646080.960862194
7318,-0.8256209540955102,15829982.049353395
7319,0.24504893582005977,2835134.4212896354
7320,0.7828602392336493,1213281.7869063038
7321,0.7846162505915016,1209999.784349273
7322,-0.8779863526644298,17166551.470190037
7323,-1.4765884515733112,40793692.58187289
7324,-1.4402492185159297,38862551.921780765
7325,1.4590453998861668,444880.83829930524
7326,-0.3456936545621412,7374300.882317469
7327,0.01977671610020178,4078247.361360709
7328,-1.4477491037880543,39255467.92967215
7329,0.897375399523706,1017866.4060677339
7330,-1.6907158040810766,53572826.11040161
7331,0.3152568432512403,2533198.8102772296
7332,-0.06445356237766438,4674762.23100472
7333,-0.1394732606837978,5279655.657320324
7334,-1.074989608147849,23140245.1503255
7335,-0.058328270623404815,4628559.563503872
7336,0.4498712210892374,2043900.5395904079
7337,0.5388816038835602,1775405.6463077574
7338,-0.46767378083334593,8977349.82405493
7339,0.850145079208382,1094048.7442040087
7340,2.1088813411518257,184519.1696516751
7341,-1.1229282513436238,24840660.255063906
7342,-0.9729532573582573,19851061.52756393
7343,0.14836196975840896,3312750.0611799434
7344,1.7920655770083131,280389.3164061349
7345,1.126001193401436,721614.1188109218
7346,-0.6048068991825851,11180902.75371312
7347,-0.010048862846380175,4280133.0912633445
7348,-0.2443503926922316,6258479.968700796
7349,-1.0955131955420092,23855706.61077936
7350,-1.651520676965564,51055967.52582669
7351,-1.0936928000261799,23791494.3784076
7352,1.3560356155641102,515483.83577485546
7353,-1.2381435443281539,29359644.317610506
7354,0.11728962226098782,3483158.742474249
7355,-0.4958404121785592,9392909.27124343
7356,1.6039406970561414,362926.73722496745
7357,-1.1503217784484547,25858861.05709707
7358,1.0617785950531498,794075.4862912712
7359,0.821466053192214,1143265.5601978537
7360,0.5809749988666126,1661574.7933799766
7361,1.4456356203782448,453439.848243012
7362,-0.2546843381096625,6364172.512551863
7363,-0.9333197610046524,18688411.282780945
7364,-0.8625474251756285,16762260.2985436
7365,-2.725527963361982,140029480.0023754
7366,-0.8197997238394823,15687389.575338162
7367,-0.7012548142162873,13028178.972517228
7368,0.5484241455230445,1748900.7906510895
7369,0.6101713161490329,1587149.856075401
7370,1.5751997310325188,377757.10606712336
7371,-0.15102128880333465,5379490.8052630825
7372,2.158952615070909,173025.4853701162
7373,-0.981410988379624,20107270.208423316
7374,-0.15292217001006178,5396104.109357781
7375,-0.48162281787466665,9180884.507338896
7376,-0.6466804711952858,11950414.098923497
7377,0.1296343023059472,3414409.898561124
7378,1.4550490630855422,447412.8481296553
7379,-0.9451283005350082,19028343.48957118
7380,-2.3714672767450486,107717593.13963619
7381,1.3168412958364442,545499.1775893216
7382,-1.6374233177777795,50169975.6451316
7383,0.08162754298188038,3689804.654765396
7384,0.7933986477613901,1193726.7185423665
7385,-0.35460836039871035,7481329.477751473
7386,1.5657468871180338,382779.9813461333
7387,0.20314225513006978,3032810.3532533166
7388,0.5724024672784215,1684118.5165024921
7389,0.050327751978059075,3881442.6210157876
7390,-1.9646564237300386,73243970.2621258
7391,-0.9589937551997846,19434469.5920519
7392,-0.9114263078516939,18072421.527186498
7393,1.1828138522928378,663465.4190140058
7394,0.1097048632650342,3526098.2873475268
7395,0.014970634298706648,4110115.640323446
7396,0.534242191432527,1788443.8980729554
7397,0.37438710186843666,2304778.297875976
7398,-0.672516004003287,12449775.837520424
7399,-1.1583230362588954,26162772.144804098
7400,0.8452902836263159,1102218.4176569297
7401,-1.223958155459821,28769267.52069408
7402,0.20386685721664932,3029274.662587087
7403,1.231399481573612,617766.1505318346
7404,-0.4149736484853242,8247035.672458704
7405,0.7964888060514613,1188056.4994705052
7406,-0.13012658661282334,5200209.242478975
7407,0.3775692556952895,2293108.973932258
7408,-1.4220451239040377,37921022.976832174
7409,-0.2507217461575944,6323437.202618236
7410,-0.1202180747918098,5117292.758565266
7411,-1.0362090959062629,21838429.900642116
7412,-0.7865411591392367,14894955.482584655
7413,0.790967657589387,1198207.6763489218
7414,0.3225557367336459,2503777.359218864
7415,-0.4388155328725152,8570011.67807306
7416,-0.7266538069699447,13560117.289458366
7417,-2.057560692538436,80657122.30031073
7418,-1.536699662625241,44139778.20253417
7419,-0.5223107950275703,9800259.615698257
7420,-1.035352524741929,21810403.791115265
7421,1.0059583519427313,863463.3034359139
7422,1.0124545630581032,855061.7700606921
7423,0.3863322600699112,2261290.3718061275
7424,0.9414283967956023,951916.169215607
7425,-0.11006635868433437,5033713.767785832
7426,1.2263245135790308,622375.4843718577
7427,-0.3164484047724824,7033615.617227998
7428,-0.0927781821840162,4894517.289217739
7429,-1.4601116540279173,39909539.12644461
7430,0.18017439587070622,3147104.9753577844
7431,-0.8402361025053373,16193194.20301019
7432,-0.7285170936055396,13599924.366336789
7433,-0.8075844808866129,15391973.180654055
7434,-0.36709442789343577,7633793.581852352
7435,-1.2212025266178779,28655710.251513574
7436,0.6512473769874977,1488340.3426791176
7437,0.6788400663882047,1425630.6144289668
7438,-0.3447181415091712,7362680.407567898
7439,-0.544632918484079,10156879.995850652
7440,0.6055356155958073,1598728.1893145205
7441,0.45856539229587195,2015895.8278077808
7442,0.5185938667191753,1833166.8076822425
7443,0.6292241133761615,1540483.454297305
7444,0.5805382709830473,1662715.5715291742
7445,0.20670075707316243,3015487.278019052
7446,-0.3453518695970327,7370227.440088333
7447,1.2873512900899433,569342.011242622
7448,-0.457902502203535,8837374.748698937
7449,0.13847815027663526,3366011.080875095
7450,-1.1324082563070845,25189145.569453187
7451,1.176822743855288,669350.517830641
7452,-0.44810541173873564,8699148.333487578
7453,0.009145590743793066,4149078.7302391483
7454,-0.2972291037950691,6818191.980102652
7455,-0.7646602982652102,14393805.597843423
7456,0.5062018896376326,1869414.6620558896
7457,-2.053673309573651,80340384.10780294
7458,-0.7747720486217374,14623441.895567529
7459,0.3162762535965276,2529068.212048893
7460,-0.1227800388496972,5138604.1109192325
7461,0.4249536624711453,2126434.542641659
7462,-1.373333053745087,35486017.20427016
7463,-1.3334938266705771,33585108.70890886
7464,-0.08044594498614051,4797590.311068576
7465,1.0206403713690924,844600.3412452468
7466,0.3977111811883493,2220657.1373808645
7467,0.6379077626217189,1519696.9369002983
7468,-1.724459985648244,55802075.4688163
7469,-0.05387968588713119,4595292.557604573
7470,-1.5997447590729108,47852365.19948166
7471,-0.7312936159906405,13659442.820060486
7472,0.3867909564712969,2259637.5344362585
7473,-1.0881439017636787,23596670.38837231
7474,-0.9646823162586802,19603293.098549396
7475,-1.4086078077758248,37237073.90202693
7476,-0.9757011066366004,19933985.187938694
7477,-1.1141819668947712,24522759.525752213
7478,2.3377964519290626,138053.10423447946
7479,0.7713554164514803,1235020.2762517536
7480,-0.20435922563688194,5865596.238993789
7481,0.9718714698042786,909029.8075450751
7482,-1.053943559108494,22425712.455982093
7483,1.748905883615917,297299.7496023791
7484,0.36180452556285403,2351527.69266585
7485,-0.07271976980309632,4737850.161272694
7486,-1.436363691348235,38660142.781241804
7487,1.1563450710450474,689897.8646332986
7488,0.9262279838050052,974138.7672750843
7489,-0.3686467024225439,7652958.926560174
7490,-0.8317419147061497,15981187.839822453
7491,-1.3008056974609514,32085512.085589666
7492,-1.0664647527256033,22848500.29177016
7493,-0.3588888308625684,7533258.785305513
7494,-0.6697935902428405,12396247.63614253
7495,-1.557927694556803,45366653.697964296
7496,0.995418478465196,877284.3088819024
7497,0.5702984561382696,1689700.6062106132
7498,-0.19095557002998134,5739473.147415174
7499,0.49550622853090076,1901304.468372662
7500,0.14203183262363686,3346761.2283530077
7501,-0.47922034072878406,9145514.936772637
7502,-1.0542829647972907,22437083.441327088
7503,-1.5487911735884854,44835716.53038638
7504,0.1384589584721624,3366115.3472142755
7505,-1.1228152426179432,24836530.669800963
7506,-0.5308633833351271,9935457.280420413
7507,0.47852556305344046,1953108.5911796477
7508,1.2292609238908487,619703.9458542634
7509,-0.6051693861105875,11187358.588535462
7510,-0.9167441229785571,18220354.664035887
7511,2.1137141002353443,183373.42146933312
7512,0.2384260459461619,2865470.3331764434
7513,1.246781706391306,604020.9055611833
7514,-2.5335719678282356,122437561.30630451
7515,0.4409018767079528,2073217.6416394587
7516,0.6456900975201799,1501319.5991765254
7517,-0.3033773870088998,6886390.714934492
7518,-1.233987295935107,29185657.112710834
7519,0.942013759408515,951071.3433296933
7520,-0.08862094080968187,4861625.108825578
7521,1.8550061394203547,257611.42049477258
7522,-0.9863968885958792,20259663.666574962
7523,1.4667209387657598,440061.80495541805
7524,-0.8897148148760771,17479522.19337738
7525,0.39397633093090606,2233909.586437848
7526,0.03567184575892038,3974621.9503243505
7527,-0.3693425913979608,7661566.0532845305
7528,1.4014734471199022,482930.5291462889
7529,-0.052280902970042016,4583395.581589878
7530,1.4248370610667636,467074.866989775
7531,-0.6445297977305738,11909704.526241824
7532,-1.19219215748329,27482303.248078443
7533,0.24141471868145023,2851739.648868511
7534,1.1051141235777298,744362.7031173984
7535,0.5016865181565575,1882808.6492895025
7536,-1.1738427966626417,26760741.2876702
7537,0.22363142649133966,2934449.4760290384
7538,0.10244362931189681,3567712.2164032897
7539,0.792129592641917,1196063.690922127
7540,-1.1372616093317471,25369140.015780024
7541,1.1203805648264153,727660.6615788012
7542,-0.5845476933317642,10825649.750743477
7543,-0.42580790321706985,8392311.643214416
7544,-0.07749973285696739,4774720.8922990775
7545,1.214079901382244,633651.5189871915
7546,0.5706983747360986,1688638.0976853468
7547,1.2479505596618992,602990.1468997903
7548,-0.06304188134950539,4664073.027422195
7549,0.639779733117988,1515254.8343052298
7550,-0.3488277931797755,7411756.929055492
7551,-1.5175676492056012,43054261.486810036
7552,0.358984893180398,2362138.1800693637
7553,-1.1680644146134003,26536789.854159545
7554,0.2517954944171278,2804572.056312581
7555,-0.6209876605617091,11472538.977758655
7556,1.2296713019330914,619331.580473047
7557,-0.2542571651802633,6359768.740887806
7558,1.1428590111835113,703803.1797481931
7559,0.43439752584445734,2094751.9899896232
7560,-0.6472690131526898,11961577.254387943
7561,-0.9635607529068138,19569905.655536976
7562,-0.5996893113666596,11090134.97631022
7563,-0.7625803386983231,14346983.721407775
7564,-0.28494633761628946,6683932.7344550975
7565,-1.1765843632086639,26867542.50416707
7566,-0.17858282813947476,5625446.622424612
7567,-0.36318226003630355,7585699.29828066
7568,0.7633894453443464,1250314.7385728636
7569,1.9075674121107682,240160.9603739424
7570,-0.019761994717145806,4348038.354950013
7571,-0.007948133907575919,4265588.235790095
7572,1.7558821403648397,294491.3128914859
7573,-1.1280752692260805,25029357.730192903
7574,-0.11717078991432,5092059.52984807
7575,-0.10643421754459412,5004143.764317648
7576,-0.13276680120358686,5222529.037913328
7577,-0.4474743122808097,8690316.249648174
7578,-1.413953644618816,37508051.76125132
7579,0.32086109710041305,2510576.6778147663
7580,-0.24785811334193653,6294159.774092502
7581,-0.3719231143811592,7693565.942899753
7582,-2.1983469616519358,92468138.79731502
7583,0.38519136487740263,2265406.855419964
7584,0.07879339750889505,3706753.7396286707
7585,-0.9088716717813727,18001737.700009942
7586,1.266745144523828,586676.6511905955
7587,0.14937740387262852,3307327.234758668
7588,0.7013092368422595,1376632.28121396
7589,-0.7715905970747967,14550830.712498054
7590,0.990872010841588,883319.5153034454
7591,-0.12536924009805195,5160232.2990160175
7592,-0.6122607583171038,11314366.600863047
7593,-1.3077681615903016,32400416.450922213
7594,-0.8913765817005964,17524278.020725522
7595,-0.5608092391165501,10423026.86093814
7596,-0.6374352869480727,11776337.663211754
7597,1.2360449726794984,613579.4631382939
7598,-0.057651524663918534,4623483.189447519
7599,0.47355980367690664,1968535.486786153
7600,-0.24821088150731652,6297759.177588714
7601,-1.9128402421132549,69260506.80561204
7602,-1.012479793673958,21073474.070156753
7603,-1.7316988711865509,56287739.86486735
7604,1.6833511792827633,325190.59523380577
7605,-1.1266956723905774,24978661.59753026
7606,1.0980501919601182,752230.9812298203
7607,0.061713578881922145,3810586.9363178764
7608,-0.3278370972681092,7164409.365049523
7609,-0.10392545378490504,4983821.139015836
7610,1.0277315411914918,835649.3838061332
7611,-0.09670145230821538,4925763.113273782
7612,-0.3272738459230817,7157884.940959451
7613,-1.0664943514140837,22849507.76465542
7614,1.521033178610882,407558.7935712688
7615,-0.01568288548826137,4319389.415011085
7616,1.0011431024274933,869748.2460030299
7617,0.19183371688758874,3088542.6958143394
7618,-0.3576067879830497,7517668.580150813
7619,0.4037358109458522,2199451.9884677264
7620,0.7576803719081973,1261399.9050873546
7621,0.6945608401924839,1391158.189402065
7622,-1.3289237660979827,33372212.59229562
7623,0.22285236940084704,2938128.795454951
7624,-0.959415994199569,19446956.455699205
7625,0.36247238601104415,2349021.73965612
7626,-0.11307662262020986,5058353.602993635
7627,-0.16932720294479411,5541624.908607667
7628,-0.9320768263482316,18652946.435550906
7629,0.1993875172061458,3051199.5669644345
7630,-0.18670811122660302,5700071.80962181
7631,0.8134784062575185,1157390.4107085615
7632,0.02103387953628254,4069952.708032541
7633,2.1322216284417483,179058.604978997
7634,0.41134757669449906,2172961.5706160422
7635,0.23833864428501872,2865872.900446019
7636,0.8255273041452663,1136154.5457038565
7637,0.04483814167333444,3916081.953350991
7638,-0.9979495519391772,20616664.376076423
7639,-0.9907155872237325,20392481.611009616
7640,0.6277530067150188,1544034.554750169
7641,-0.14846072928333795,5357192.755916664
7642,-1.8531889080048822,64819505.91461812
7643,-0.01968212914425321,4347475.594692701
7644,-1.3837057996464541,35994271.36101352
7645,0.9280793695482327,971402.5501033292
7646,-1.599802391179265,47855853.90162765
7647,-0.58032113030768,10752898.197288709
7648,-0.5550136734237718,10326917.404700488
7649,1.0817809366043172,770697.2746315117
7650,-0.395521357266441,7992310.1162571795
7651,0.3178289070346479,2522790.3312617443
7652,-1.0813191553850712,23358916.64366196
7653,-1.074533579995357,23124558.22912176
7654,0.41129627831338367,2173138.9824850694
7655,2.2064101011696557,162866.18558464022
7656,1.1951336873500136,651539.505065266
7657,-0.411873556967098,8205918.072312837
7658,-0.9391301820685589,18854996.468583375
7659,0.6753850481431221,1433327.3190391404
7660,0.4895078228389688,1919437.971749993
7661,0.8250271861989784,1137027.6686530309
7662,-0.986881202866887,20274520.507684052
7663,1.7564867905309405,294249.28797540505
7664,0.8647129355293262,1069920.0855563732
7665,-0.28986486981233295,6737380.210124708
7666,1.2905911336606306,566667.7544733603
7667,-0.08511601952833127,4834066.578128824
7668,0.23734436861609395,2870456.580841455
7669,0.27462157254352015,2703663.347461143
7670,-0.6225282306819371,11500677.36408422
7671,0.012382882919177492,4127378.8941497304
7672,0.235960195965012,2876850.2842730037
7673,0.5976544779544917,1618617.292963475
7674,-0.104224814955191,4986241.8055765815
7675,0.2442545118845873,2838755.726054305
7676,0.3338455527244015,2458963.873948015
7677,-0.15454145139395603,5410296.684190565
7678,-0.6993425400719618,12988926.289717041
7679,-1.4120421277530952,37410987.87167713
7680,-0.29351156474424567,6777278.799499699
7681,1.65447451857217,338386.03337964887
7682,-0.14588435950801748,5334850.190476721
7683,-2.2222794578011364,94534907.83092816
7684,0.6245641044922247,1551761.9362246408
7685,-0.8722932154109481,17016456.662029546
7686,-0.08670148017833391,4846513.270215247
7687,-1.5846327750478184,46943543.883517064
7688,1.5923385551981286,368834.650621631
7689,0.5858106570602526,1648998.484507703
7690,-0.9058682649559668,17918952.92450114
7691,0.352659735882791,2386121.3866602355
7692,2.2256863482635665,158931.65660591464
7693,-0.4299081910400278,8447937.438028049
7694,-0.6648099649956172,12298817.721149936
7695,0.45300579271147556,2033757.2524957722
7696,0.6849470637989851,1412132.9606160023
7697,0.21513120071898226,2974851.732176163
7698,2.259537377287718,152276.88573449905
7699,-0.06837712902303635,4704600.96960687
7700,-0.5803647220414783,10753646.162719568
7701,0.31323666710757403,2541405.102124326
7702,0.049239186294176014,3888286.6345206928
7703,-0.20452833850100868,5867204.995072095
7704,0.6189631497209176,1565433.1873838725
7705,-0.6694518863591927,12389544.291658025
7706,1.5520217614580898,390204.6225532337
7707,-0.5037343930914633,9512656.22666831
7708,0.8235531920385326,1139605.1866264897
7709,0.9720318627774246,908809.4343405723
7710,-0.7893345613661542,14960075.082923613
7711,1.154603659580753,691676.5330844563
7712,-0.5061648734130273,9549819.53414689
7713,0.8076339795592714,1167843.2168807094
7714,1.3610949982157956,511742.8694313812
7715,-0.2530563024652397,6347405.051663231
7716,0.3964807017846023,2225014.213901402
7717,0.5647205350740232,1704593.6200405734
7718,1.017318820625763,848828.5379877595
7719,-0.7396677834234316,13840419.232349528
7720,-0.3522965165354157,7453428.72077481
7721,0.2020097997481296,3038344.6514800726
7722,1.2421259790798642,608145.6755448733
7723,0.1588778355762787,3257029.0616772086
7724,0.711353659871424,1355308.7117351722
7725,-0.2189681490158455,6006198.048483439
7726,-0.043821991057033334,4520964.911598339
7727,0.9570377349368456,929661.2934180944
7728,0.7549988079079044,1266642.6659995667
7729,1.9476191706596881,227746.36710398734
7730,0.7116613631610297,1354661.0360019493
7731,-0.6456971907147709,11931785.607568536
7732,1.0876866655700008,763937.9313945783
7733,1.0550252686219497,802140.7442085787
7734,-0.23327353384478694,6147117.740727326
7735,0.3303062919620589,2472922.4025570923
7736,-0.2091739766128167,5911570.363785609
7737,0.18734860660427957,3110937.000759843
7738,-0.6414703716754827,11852018.17901781
7739,-1.0997423907785135,24005455.190107603
7740,0.09321049900274261,3621351.0823993944
7741,-1.1703979397321604,26627041.762762666
7742,0.4943471498497284,1904794.3933657922
7743,0.49829882339765835,1892923.5842548993
7744,-1.0555538603327912,22479705.873220537
7745,-0.8128755986005682,15519306.013460139
7746,0.17035382480366953,3197314.5346240806
7747,0.4646443389716563,1996553.3225981295
7748,-1.2077955549518522,28108428.308626734
7749,0.2141022057735834,2979781.284328064
7750,2.0536987699331184,198184.76796960286
7751,-1.4610471709708357,39959359.61087241
7752,-0.12172740095060094,5129837.151894075
7753,1.3669550676622366,507446.9776784732
7754,0.07937452983352603,3703271.9384455243
7755,0.07338301850455521,3739329.8364457847
7756,0.7216096675366004,1333897.0724104997
7757,1.6877501947975644,323230.8913752024
7758,0.7383618414685819,1299691.8580629604
7759,-2.183868936194233,91225425.49723747
7760,-1.6093363632127433,48435360.47364141
7761,-0.6940440537588454,12880741.127191149
7762,0.8688057112708336,1063244.1169032175
7763,1.8917567915857032,245267.68639846708
7764,-0.8222859663014334,15748146.972836822
7765,-0.7737584628356676,14600272.445744501
7766,0.07873663992053487,3707093.9760610275
7767,0.9205361525204968,982602.8176515163
7768,-1.0325728976747495,21719671.564383205
7769,1.1269885429953166,720557.5846022228
7770,1.138360903864256,708508.5026696154
7771,-0.8081353582805091,15405185.629179515
7772,-0.8570894303566496,16621403.34304513
7773,0.29652828955173527,2610340.7275722893
7774,1.7696455843251542,289036.46998660517
7775,-0.299622428531885,6844660.137706547
7776,0.060040537015383574,3820915.582052069
7777,-1.6698069420417954,52220431.23546259
7778,0.3969547258282815,2223334.6619392913
7779,-0.407046612667954,8142292.94139252
7780,2.120486175918074,181781.25278679555
7781,0.26052317151390114,2765538.0964836176
7782,-0.40916963300309683,8170217.693220606
7783,-1.0024753251429486,20758012.44151361
7784,1.2839272140894087,572183.3203495455
7785,1.2151731420197813,632635.7715674691
7786,0.025405187669852915,4041244.0202979585
7787,0.8079070121369372,1167352.6605008356
7788,-1.5226771758837516,43342290.169446714
7789,0.026668333068118274,4032986.5583181786
7790,-0.37721618116653144,7759611.674516238
7791,1.2024899936086761,644529.6800598598
7792,0.005264833749177416,4175244.012993257
7793,-0.712281639007305,13256687.275318522
7794,-2.1340986915189384,87000037.89395118
7795,1.7901238744608101,281126.7348489978
7796,0.5583053803295986,1721892.8757138473
7797,0.672257115382076,1440333.3195749517
7798,0.4355160371998717,2091032.317819072
7799,-0.40501023177417045,8115594.998379318
7800,0.5237618249846502,1818268.4276744006
7801,0.5453597498810621,1757366.696050233
7802,0.5715378316163942,1686410.1040340448
7803,-1.9042070867814525,68607986.79144506
7804,-1.6649510479904346,51909539.36247966
7805,-0.8809139085171507,17244197.02960927
7806,-0.7925113465288546,15034449.213479562
7807,-1.0923168919748079,23743058.50637159
7808,-0.5365210415595738,10025871.523796469
7809,-1.1447534987159662,25649106.60124149
7810,-0.16255846343164437,5481114.37173168
7811,-0.5218926599900253,9793695.202471413
7812,0.10351936350152378,3561515.753143888
7813,-0.7982681162562066,15170088.978484333
7814,-1.2210880375945792,28651000.167841803
7815,-0.5815123013672568,10773354.60546401
7816,-0.14176533253454338,5299322.753561712
7817,-0.6598369425570813,12202311.229711235
7818,-0.11490303930854631,5073362.188116923
7819,-0.6450013332837071,11918618.925863283
7820,0.5752830581715066,1676507.5517303501
7821,-1.9961574958728319,75719935.33865608
7822,-0.4164070188952822,8266114.567403465
7823,-0.45209999220215874,8755253.2718565
7824,-1.5048378203956037,42342618.54285271
7825,-0.7794612500901781,14731072.364323057
7826,0.25152123132825005,2805807.8427759516
7827,-1.9128714804703393,69262873.79457508
7828,-2.2143135673960135,93845294.5329503
7829,-2.080105691066286,82504699.67736496
7830,-0.8459385694950932,16336950.463140948
7831,-0.05091248462742191,4573237.450527073
7832,2.122830728650973,181233.63466940797
7833,0.9030426044249231,1009114.1567797109
7834,-1.2219755161386823,28687527.59985584
7835,-0.7007881972728546,13018590.680703193
7836,0.44886862562046553,2047156.0178348722
7837,2.7218119650510495,86689.22527230025
7838,-1.1831720437712507,27125617.551787436
7839,-0.31134976091215816,6975822.794058842
7840,1.274508708988383,580078.9629179125
7841,0.3729563290339234,2310045.2001211285
7842,-1.0295494555358924,21621352.00581902
7843,0.8088070085892278,1165737.1964410488
7844,-1.514663546052647,42891164.2198183
7845,-0.19034005667497245,5733746.623603122
7846,0.13764105978333926,3370561.94418016
7847,-0.24669464479720357,6282302.961927134
7848,0.1536370712407278,3284677.678106715
7849,1.1916523729683293,654885.7089615559
7850,0.39730083246573045,2222109.1775703747
7851,-0.0024859752799204107,4228003.1995863095
7852,0.7964985063768857,1188038.7453278613
7853,-2.5933548508389577,127915958.79073343
7854,0.526999658552565,1808999.0414502018
7855,-0.34130632420876506,7322179.150579726
7856,-0.41809385292000256,8288622.106580865
7857,0.6046089779323911,1601053.2612443694
7858,0.28308733722760926,2667197.2161211204
7859,0.5587956691851714,1720564.2597550182
7860,0.20484213093030212,3024522.5042783106
7861,-0.28943759069023856,6732720.506943883
7862,-0.8317522505714782,15981444.273081059
7863,-0.22389788030507207,6054394.420411211
7864,-0.9267873423823136,18502688.891694535
7865,0.42077650351091733,2140607.1829290586
7866,-1.0594081237870838,22609393.64089585
7867,-1.0360539628635543,21833351.8014271
7868,2.0946060956999446,187950.51639489774
7869,1.2528995373693494,598647.0598103909
7870,0.44986213005116643,2043930.0343539547
7871,0.07683918191993448,3718486.700163769
7872,-1.0728296349482889,23066024.677695222
7873,0.28508203077811384,2658679.2803531904
7874,1.5403211601573001,396659.5897118984
7875,-0.7438557719757068,13931757.279115282
7876,0.37532657737137787,2301326.727023557
7877,-2.3828068581089457,108736936.59826402
7878,0.2141933362412348,2979344.3717021192
7879,0.07903122242300804,3705328.4308545487
7880,-0.24519464290015172,6267049.174540371
7881,-1.4728024232900392,40589276.59701675
7882,0.4006810570174868,2210177.4699282707
7883,0.8855473703803537,1036396.3594085601
7884,-0.8523267946543819,16499367.007345228
7885,0.17732406195287786,3161594.0458419267
7886,1.1211473539335959,726832.5431513564
7887,-1.4270343502199458,38177355.6497329
7888,-1.4413471278978016,38919887.86281408
7889,1.3295923514510368,535529.6300498043
7890,-1.8108917095894361,61769024.41753232
7891,1.6231145805630818,353391.00393673
7892,-0.7374616614059685,13792527.906084264
7893,-1.5883751513834325,47167498.75769266
7894,-0.017416728385479092,4331543.400684855
7895,2.291256838701218,146323.0030351992
7896,0.9583264215540002,927849.1088860256
7897,-0.7038572424268614,13081775.846382318
7898,-1.1754076969983045,26821660.790876288
7899,-0.27594504161814365,6587199.873846142
7900,-1.063403224835513,22744498.33836066
7901,-0.8025839465046786,15272511.222096471
7902,0.6396282911999284,1515613.688824137
7903,0.1774733052685156,3160833.7049608054
7904,0.305543437071814,2572908.974539483
7905,0.001806570330545788,4198701.3777851835
7906,0.16744906121716052,3212322.463025387
7907,0.9945398345972595,878447.1936641434
7908,0.4213431102886762,2138678.9907956473
7909,-0.19793648389037102,5804820.636272136
7910,1.3580585362005408,513984.48455561773
7911,0.23924576388615282,2861697.589698904
7912,1.1294068912406756,717976.8560198275
7913,0.7755232804011233,1227097.5335879512
7914,-1.0060287211590067,20869583.580916774
7915,-1.467224424210054,40289473.62218777
7916,1.9183144834168013,236757.34461056266
7917,1.521476854728584,407304.4056659417
7918,0.059668685883178925,3823215.0939944633
7919,-0.06873071817802048,4707299.408534265
7920,-0.8359034782903759,16084739.250320368
7921,0.10680482004346335,3542658.6596097467
7922,-0.30845922975563955,6943266.3544287495
7923,-2.08673874089497,83051677.93304439
7924,-1.8513674062988332,64686425.23742815
7925,-1.7688472650148879,58820894.78592418
7926,-0.4958074418680682,9392412.183220968
7927,1.213302325206297,634375.057428451
7928,-2.10030550270141,84175121.54282072
7929,0.6029087321447709,1605328.706227463
7930,-1.3233041271799826,33111870.02578359
7931,2.8066310314547414,78482.52595000927
7932,-0.06275067649753144,4661871.095164023
7933,-0.27352686681632626,6561449.002406342
7934,0.3563227359181308,2372201.692320098
7935,0.5210560606441823,1826052.8000882207
7936,0.2508203860264101,2808968.2915452663
7937,1.3811665992168807,497191.94554321206
7938,0.7385096709039055,1299394.1939928087
7939,-0.15438544425195652,5408927.702185611
7940,0.5394813198201779,1773727.5482319265
7941,0.9738014920406952,906381.8493919708
7942,2.2221137474240145,159652.77087279284
7943,-1.5828796806895584,46838884.693244934
7944,-0.13942193621355925,5279216.104351741
7945,-0.5669823097791169,10526333.803634446
7946,-1.2940898137673371,31784058.61755663
7947,-0.6842546752634708,12683069.386582451
7948,-1.2524022220196924,29962927.213350676
7949,0.03648899693183925,3969367.409087711
7950,0.6049211676982651,1600269.532714644
7951,-1.0945305709034165,23821027.444020476
7952,1.0037108535349013,866390.6642699939
7953,0.5175839372760014,1836093.193161573
7954,-0.17990063239423243,5637483.327858615
7955,1.543398612672548,394950.4929174788
7956,-0.3886596258458745,7904296.557954511
7957,-0.6125282192493412,11319183.474743752
7958,0.5537059616133343,1734409.31006115
7959,0.6085916160193157,1591085.4235673607
7960,3.006423632661193,62357.234604527956
7961,-0.2649226181925766,6470626.4653217355
7962,-0.7128123238656855,13267778.148663418
7963,2.1524899098659502,174462.99293389305
7964,-0.3732781899811086,7710421.835436644
7965,1.0326458433422145,829506.2693427012
7966,0.3426306450947799,2424668.0374976927
7967,-0.21194457583529455,5938187.737363076
7968,-1.747540800321642,57359679.29986887
7969,2.152570611593648,174444.96023041458
7970,-1.5167880986660436,43010437.77958624
7971,-1.172085153041292,26692455.36845048
7972,1.6148786787273817,357452.61549543205
7973,-0.6354049365674344,11738429.532016097
7974,-0.4610346797946423,8882012.533173144
7975,0.05831647518694103,3831588.970329297
7976,0.6018928457843342,1607888.9999558434
7977,0.47317625770011645,1969732.320790535
7978,0.7400712771565093,1296254.2191450105
7979,0.4143906092885687,2162464.4005794097
7980,0.04840517323447834,3893538.5181697556
7981,-0.0660200974222099,4686652.837358674
7982,1.3304655963602747,534854.1996803472
7983,0.12439495763053,3443417.5227563456
7984,1.7013641186869726,317248.46340924734
7985,-0.1254479436673342,5160891.152767782
7986,-0.7756430009996113,14643377.902689492
7987,-0.3110270995195947,6972181.188179602
7988,-0.2111348199914497,5930396.063064218
7989,-0.5471567329552265,10197972.610505003
7990,-1.037602102733241,21884074.140599456
7991,0.3781139195400689,2291117.791323363
7992,-2.2239023752929814,94675607.8546502
7993,0.7140210008591094,1349705.2022061218
7994,-0.6822416721092572,12642774.789088715
7995,-0.32693016448331774,7153906.769976114
7996,0.7312253919516264,1314148.0546765854
7997,-1.7553335917392492,57891529.613481164
7998,0.40703062048246696,2187944.3734947722
7999,-0.3824731870757725,7825754.907983257
8000,0.05314505411443205,3863786.467650137
8001,0.6741130512653007,1436171.9993263413
8002,0.20623884819588928,3017730.135286658
8003,0.11466982073176966,3497929.55737125
8004,-2.0605629636814045,80902116.22439657
8005,-1.4378802072039514,38739049.273505025
8006,0.1515890642863967,3295547.489076698
8007,-0.32846025316734034,7171634.4926144555
8008,0.4706391992546232,1977668.2579246133
8009,-1.618843490631584,49017935.170335606
8010,1.5719344114450862,379483.9012579004
8011,1.004556463695508,865288.0063749349
8012,0.7259795967811821,1324883.225204509
8013,-0.8708496456905465,16978586.512310266
8014,2.376916439736431,131505.08318845776
8015,-1.2792193354525392,31124571.951183606
8016,0.3430751737116097,2422945.8939781254
8017,1.448846228612962,451374.2768621449
8018,0.8187808584650681,1147993.2553810538
8019,0.2904881785941893,2635734.41495698
8020,-0.7683217190041933,14476569.784521764
8021,-0.3024981749076341,6876597.239586253
8022,-0.444583940272937,8649976.946316555
8023,-0.2708435507546577,6532990.932004767
8024,-1.8541745514012953,64891581.54302786
8025,-0.6317916314369257,11671250.722460134
8026,-1.1681845277337308,26541429.164409347
8027,0.03979045533048023,3948209.6339669735
8028,-1.5728598584825335,46243781.9405001
8029,0.6591209538453693,1470153.97949457
8030,-0.6615512536993382,12235498.631024733
8031,0.22911277659308418,2908695.858080177
8032,-1.8557922078178082,65009970.049198546
8033,-0.6735508569950498,12470179.882633515
8034,-0.18050500853447543,5643012.220567311
8035,0.17315895446292287,3182889.5666370885
8036,0.01929603719708748,4081423.3622584026
8037,0.05024795055434926,3881943.931540664
8038,-0.6046577408015832,11178247.29093853
8039,0.6757436108290381,1432526.5112859004
8040,0.2122700030583915,2988579.516378138
8041,-0.8526131829744125,16506682.36558853
8042,0.47837012539229057,1953589.560121722
8043,0.9712389956104194,909899.3609063453
8044,0.1917583206240301,3088917.7816330297
8045,-1.4688205823731557,40375096.87410611
8046,-0.12616501096600635,5166897.840596362
8047,1.7731930766588206,287648.7395483451
8048,1.4138179626436074,474480.62399535
8049,0.5210220512773815,1826150.8657765295
8050,-0.26818053500574257,6504868.615507482
8051,-1.5793615402150092,46629336.47625551
8052,-0.030038577824129654,4421067.689091091
8053,-1.1912576145986438,27445169.603879932
8054,-0.3410471172874585,7319111.073398607
8055,-0.23470052117993223,6161353.217898396
8056,-1.1778261410674773,26916033.599982828
8057,1.889023751579407,246162.6369647734
8058,-0.6630102350124549,12263809.782283848
8059,0.8169903020024116,1151157.394247906
8060,-0.377397492752454,7761883.814938378
8061,0.16574831413575175,3221143.1249821917
8062,0.8824758609975214,1041267.0969476916
8063,1.2263534711574628,622349.0777036793
8064,0.13593267002021284,3379869.1731704213
8065,-0.9482385631252656,19118785.55084014
8066,1.1287330644143594,718694.9186950471
8067,2.5352949231622417,108325.32519554794
8068,0.03433889515555124,3983208.3909660764
8069,0.33029926284560535,2472950.2063068976
8070,1.6023178345714264,363746.7902984157
8071,1.1148169266147983,733699.9954048714
8072,-1.0944079071887178,23816701.36026237
8073,1.4162754072525008,472817.9199278616
8074,0.31858732107586607,2519729.6841656542
8075,1.923920074208845,235003.38879224492
8076,0.2744312753691665,2704488.9388225093
8077,-0.38812728957631415,7897508.033626283
8078,-0.9863633101990616,20258633.968394864
8079,-0.3325291445740973,7218986.917624284
8080,-1.8352361834675663,63514550.628836066
8081,0.8633293445667218,1072187.0729435661
8082,1.4299679600095923,463669.8411267879
8083,0.3943999415332919,2232402.3512497125
8084,0.20938479539303512,3002488.433153241
8085,-1.126142763169573,24958368.087985512
8086,1.0489614198805797,809458.0079035176
8087,0.9458488192001997,945556.2683219351
8088,-0.3350295421918448,7248237.689592039
8089,0.3159461609920013,2530404.966519483
8090,0.3178661807013389,2522639.8201866774
8091,1.4474346792139927,452281.1328260261
8092,0.9260546304602482,974395.3944401998
8093,-0.21282806887026576,5946700.523829884
8094,0.7382635516057836,1299889.8111122972
8095,0.2806881004172971,2677480.022309886
8096,-0.18399023587811633,5675000.925380797
8097,0.6276652068867151,1544246.767590188
8098,-0.27751770087248634,6604000.424628321
8099,0.10077851077343118,3577325.343464599
8100,-1.0971773111541951,23914535.1104152
8101,0.5332065180824651,1791368.1753909134
8102,-0.5746529237728821,10656060.82897035
8103,0.13376725653201818,3391704.0057025882
8104,0.5138200536383419,1847042.691222305
8105,0.3930197267337084,2237317.145202541
8106,-0.09433437247715963,4906887.275660064
8107,-0.17202648052703923,5565940.9898824105
8108,-0.014185748552291945,4308922.422125863
8109,-1.112066271027532,24446378.827175174
8110,-0.3966358556217893,8006695.293917853
8111,-1.335925105664122,33698800.888503134
8112,0.5782054900822737,1668823.0133483296
8113,-1.6730389490849522,52428023.80627124
8114,1.7398209103802882,301001.73012960475
8115,-0.07747697256361036,4774544.646875607
8116,-1.6933919746890247,53747525.63110245
8117,-0.6334323220512516,11701709.513579052
8118,0.4608089855450224,2008734.275467646
8119,0.8115110203169772,1160897.9110646802
8120,-1.9696367549565197,73632751.79350428
8121,1.1697252583310487,676395.9030514722
8122,-0.25791994982438204,6397626.818046849
8123,-0.8392421053237017,16168253.80122225
8124,1.4683176168133543,439066.5687274241
8125,0.9103688974504633,997919.0264589041
8126,0.15018379154567224,3303027.270576859
8127,-0.01157460144324892,4290728.288237674
8128,0.22325418798321836,2936230.5004064986
8129,0.01740538452357136,4093939.8425666383
8130,-1.0990961400929085,23982521.00525899
8131,0.8653761923178176,1068835.1705274156
8132,1.005158559735354,864503.8074184218
8133,-0.07697379753948257,4770649.9564847965
8134,0.47898491488027645,1951687.947949189
8135,-0.5009766540588423,9470657.198756626
8136,0.3135340112539961,2540195.51602344
8137,-0.1322452687122233,5218112.535069884
8138,0.12218586833724382,3455723.457359278
8139,1.591590113565138,369219.3940291937
8140,-0.5323673262193548,9959415.167097036
8141,-0.7532809842346189,14139358.77161375
8142,0.11925144891555103,3472139.380769397
8143,0.5759347637684871,1674790.6707979145
8144,-0.2993073866006539,6841170.2679198235
8145,0.6012048376575251,1609625.4006456323
8146,-1.3478937254548058,34262855.749615446
8147,0.8082167344794562,1166796.4498035514
8148,2.3255922916631193,140169.94832465297
8149,-1.5133270127277119,42816251.684276976
8150,1.4873186731909736,427410.9757992558
8151,-2.6315980683347484,131424226.87455824
8152,0.3869041053573186,2259230.0141627425
8153,1.1642647584905728,681871.1319528988
8154,-1.6914456038518342,53620431.205921985
8155,1.2239157728873036,624576.3126969355
8156,1.5210105781049628,407571.7565708715
8157,2.21498488599468,161102.6655299982
8158,-0.7476711326387023,14015453.436272955
8159,-0.77600321600056,14651630.486878786
8160,0.9382946968784205,956452.6162025403
8161,-0.25126253582242614,6328981.271422259
8162,0.6473914688097986,1497333.3181830808
8163,0.52509270273234,1814452.3261455463
8164,0.9846362843945627,891669.940073761
8165,-0.08125193637954409,4803865.819069905
8166,0.7276971981656315,1321358.0526817525
8167,-0.008377648913971364,4268558.008324104
8168,-2.3021713125346315,101536652.65716003
8169,-0.9999815609644412,20680023.342616357
8170,-1.2355730401541591,29251939.96059891
8171,1.0767165327849488,776545.2174621107
8172,0.8342083033637476,1121112.4628550708
8173,0.7253249333317917,1326229.4707678875
8174,-0.27661451152504224,6594346.589261425
8175,0.8392591373373143,1112458.565647689
8176,0.7759385149707478,1226311.177915941
8177,-1.0992870452756802,23989293.92321413
8178,-0.4115532694067223,8201681.357044735
8179,-0.22941469528001412,6108785.382044576
8180,0.04775534805893634,3897635.5395570635
8181,-1.1492617505913423,25818820.16012457
8182,0.6881510279705624,1405105.763934828
8183,-0.8157919904597266,15589900.391749147
8184,0.24206018821750297,2848783.112863186
8185,-0.09915191598047372,4945380.630847862
8186,1.5609764450453603,385342.7482300956
8187,-1.5002656201122968,42089088.39581794
8188,-1.567513774584586,45928409.10881843
8189,-1.4238661299443376,38014431.427578025
8190,-0.1983003417710725,5808246.878219515
8191,-0.6477422757341416,11970560.96374071
8192,1.5228750773445787,406503.8586047003
8193,-0.7182644265419692,13382223.263767783
8194,-0.024865370439021425,4384151.427970928
8195,0.7339595413466619,1308589.4510152377
8196,-0.6786010332558009,12570203.408369403
8197,-1.1143424037486527,24528559.826241132
8198,0.2752200864751314,2701068.430745247
8199,-1.047635000522247,22215260.569107827
8200,-0.4357900399760525,8528357.121245392
8201,1.0768117504752088,776434.8266243911
8202,0.6562607452621706,1476733.15707003
8203,-0.14556884207428009,5332120.393400651
8204,0.1333914147183322,3393762.437499217
8205,-1.6414061740046533,50419253.09324534
8206,0.4310116995800091,2106053.8708791933
8207,-0.25591488065522755,6376875.165567259
8208,-1.9045523259539232,68634018.47276333
8209,-1.0211786048280747,21351149.9888696
8210,0.4014088756301432,2207617.1106861546
8211,0.4575475262188495,2019153.6488490007
8212,-1.1673788907173144,26510324.72289198
8213,0.5651101707411503,1703548.823672148
8214,1.4249654227889998,466989.3481258203
8215,1.3652890487132427,508664.2689746372
8216,-0.48510127220664867,9232328.352482257
8217,-0.11366018039839201,5063144.149119302
8218,1.3013504901862567,557884.6215328443
8219,-1.000840669937523,20706861.87158182
8220,0.36919446483903334,2323952.9665272846
8221,0.0005240960922267487,4207434.237127827
8222,-0.7943743609267293,15078223.110098919
8223,-0.988477391501412,20323552.86264382
8224,-1.6071851461004432,48304189.68675582
8225,0.3078715800183851,2563332.7917054975
8226,0.6344867188192864,1527850.4945211434
8227,-1.3028667174479909,32178476.635250308
8228,0.4229393302631845,2133256.6991319843
8229,0.7851158448270592,1209067.7664963133
8230,-2.169801309789005,90023640.92719401
8231,1.2641075771151193,588936.7188248829
8232,-2.4467992355764485,114523191.65378411
8233,-0.22530535681856878,6068225.11189319
8234,1.010634050101334,857407.3134106726
8235,0.1381351670348386,3367874.957785884
8236,-0.14743751940622785,5348308.199303076
8237,1.1285970936094474,718839.9101713272
8238,1.0482084833588496,810371.5976429721
8239,-0.38656397902683537,7877605.019406768
8240,-0.5845924007658245,10826421.789905451
8241,-0.8657020613215091,16844164.164494734
8242,0.4412464605018683,2072083.2698976167
8243,1.4182699813831534,471473.0934300003
8244,-1.6132009642650147,48671608.63034516
8245,-1.3280864004539774,33333318.517866254
8246,0.3043312473388478,2577909.6293560257
8247,0.4298578199552081,2109920.0331849596
8248,-1.5359132215568427,44094779.01995813
8249,-1.4368357822277174,38684693.51416853
8250,-1.1230667580647828,24845722.38211067
8251,-0.6279182922114074,11599639.9546092
8252,0.15208428479710318,3292915.7331771175
8253,1.3081682388118878,552396.1416265212
8254,-0.46771306559749126,8977916.88140139
8255,1.2122379695365102,635366.903399937
8256,-2.5242634090987774,121585897.51849768
8257,-0.46016834673457657,8869644.36602418
8258,0.2685023891738545,2730341.765347455
8259,-0.05543124690674149,4606867.874433402
8260,0.38294057062408865,2273550.850652736
8261,0.3282922921584645,2480902.0642612404
8262,-1.4804803761886622,41004607.61731829
8263,-0.1799257953639229,5637713.41353518
8264,-0.9873198165549913,20287983.675862443
8265,-1.9387745894915644,71240069.32215539
8266,-0.2010587347482584,5834286.559354671
8267,-0.9847251811653225,20208455.619264174
8268,1.6921914464207743,321265.6300656496
8269,0.40079931505140276,2209761.245276942
8270,1.0478706204430623,810781.9118303462
8271,-0.97340074435163,19864544.922701597
8272,-1.2513161763140548,29916627.47763176
8273,0.3486741739938273,2401363.1536300667
8274,1.0241412011841629,840168.5004406782
8275,-0.025106724028628936,4385866.800282183
8276,-0.28333786969418445,6666545.071817111
8277,-0.6551199433926221,12111430.265874056
8278,0.1877443335921397,3108954.43881247
8279,0.3823727164865262,2275610.308372741
8280,0.30935098001226924,2557266.8477560594
8281,1.3578313547532779,514152.629014014
8282,0.4042295511422745,2197723.5208121957
8283,1.1908632124227805,655646.8366709071
8284,0.9937776660595643,879457.2679733916
8285,1.1423847401907528,704297.6971135037
8286,-2.0048972177671933,76413874.55668786
8287,1.1418274220068132,704879.2885920452
8288,0.13483008824273507,3385889.931330515
8289,-1.1174986777831104,24642905.09827224
8290,0.49213449347304744,1911475.2218324463
8291,-0.9292343806951615,18572067.206588604
8292,-1.0942714710862578,23811890.33910222
8293,-0.23642530440661083,6178603.072970111
8294,1.7753777483808286,286797.80643502885
8295,0.673263117422777,1438076.1123538846
8296,1.8292265280523525,266682.429203923
8297,0.40010404935148064,2212209.4947834834
8298,-0.3037908777794915,6891001.299066305
8299,1.4179596537667754,471682.05347212043
8300,1.2122411605343077,635363.9272697119
8301,-1.9897439129568748,75212607.08074394
8302,-0.6017585654621505,11126751.80379408
8303,-0.07787531995547257,4777630.213341314
8304,-0.6819798200049806,12637542.060340077
8305,-0.5785846313679165,10723142.79258579
8306,-1.3388708513860037,33836952.35267562
8307,1.0981933791760352,752070.5987188765
8308,0.6796388278543435,1423857.457385009
8309,0.23231062276223846,2893778.593791546
8310,-0.9078625535917778,17973884.69155965
8311,-0.04307150754752525,4515467.550026127
8312,0.5260938282521701,1811587.2796826202
8313,-1.7451778492353516,57199002.08708234
8314,-0.24626745659626925,6277955.071169447
8315,-0.9704154490437189,19774746.111297186
8316,2.2070265363463344,162738.6895897855
8317,0.1455205724865806,3327972.6510756025
8318,-0.942843840780898,18962156.22106874
8319,0.6700286703608905,1445346.7338348802
8320,0.3836923263719223,2270827.410442839
8321,-2.110886988567358,85055657.55589741
8322,-0.018572621853553482,4339665.229636562
8323,1.060943122683186,795068.4954609057
8324,-0.5925348205931357,10964409.575181182
8325,-0.34885110473288095,7412036.221732032
8326,2.2005494618981585,164083.92533484034
8327,-1.2130217017709628,28320737.63832488
8328,1.8224607343975783,269121.5342479232
8329,-1.7984777669651353,60889728.694754586
8330,-0.4046725033972689,8111175.453697672
8331,-1.2436219705017044,29590262.98231349
8332,0.6908996684410544,1399106.739837691
8333,0.45097469286663544,2040323.7588567503
8334,-0.637784639696956,11782871.952478496
8335,-0.24085471875618847,6223121.85513844
8336,-0.2793541011355313,6623671.989739909
8337,-0.9570748366194494,19377810.60387709
8338,-1.032685264357515,21723333.0759213
8339,1.1569443314472156,689286.9317765721
8340,-0.5611105502579263,10428046.830130337
8341,-0.6797901725763791,12593864.389692208
8342,0.884333768381597,1038317.9431890531
8343,1.360676078782811,512051.4919272277
8344,-0.05066241855826604,4571383.595929703
8345,0.42958402695246894,2110838.4836554467
8346,0.4641581284310673,1998093.2288156054
8347,-2.1071828469323766,84746994.84976953
8348,0.4504711364139263,2041955.1695088511
8349,-0.5160495291489723,9702402.099775253
8350,0.46511109242976856,1995076.2069168917
8351,0.10094702249203417,3576351.2853004844
8352,-0.2608869991162903,6428457.084852908
8353,2.2942208812146383,145780.0825682515
8354,-0.8559337655637727,16591716.163877172
8355,-0.9074536054256298,17962608.14797808
8356,0.05416784620709459,3857396.7867961675
8357,-0.16644319440932628,5515761.704572335
8358,-0.46379268841566185,8921498.153168822
8359,1.2277675655336666,621061.0357830566
8360,-1.3374786524382145,33771605.2482145
8361,-0.44635506524910395,8674673.99314177
8362,-0.6849659616080651,12697335.995241337
8363,-0.05661134735378113,4615691.587064349
8364,-0.019785731315074277,4348205.625351709
8365,-0.9786788191614608,20024189.215319425
8366,-0.12283068632361747,5139026.309482518
8367,-1.260896669462001,30327052.437631138
8368,-1.6607314802092692,51640367.058825396
8369,-0.7325523161779571,13686504.200794952
8370,-1.059584221922529,22615334.299282778
8371,-0.48270187411017873,9196813.362642657
8372,-0.8255743076227251,15828834.75784846
8373,-0.10035919593069298,4955074.472534867
8374,-0.890255180350922,17494064.41457683
8375,1.5565016821071793,387763.88199129375
8376,0.10922878178058888,3528811.470455983
8377,-0.9770397951522605,19974493.88311244
8378,1.3564455352980036,515179.6244958439
8379,-1.896673492003925,68041243.95500161
8380,0.502195457242754,1881293.9641671372
8381,0.562851017904288,1709616.0556047398
8382,-0.9522637042708509,19236395.70293047
8383,-1.3125438239207798,32617820.281633772
8384,0.6049762046249778,1600131.408656642
8385,0.5541221728937618,1733272.745946811
8386,-0.015456025922726388,4317801.713106054
8387,1.3803469698806148,497777.17900672014
8388,-0.21839952911755456,6000663.378187771
8389,-0.5203017736844158,9768757.945579039
8390,-0.4960433188189695,9395969.018683013
8391,2.0488315771575523,199443.33453569893
8392,-1.0109778777030276,21025850.670586128
8393,-0.5545858821244476,10319856.814126862
8394,-1.4438465485348153,39050648.86532827
8395,-1.0798713236459228,23308742.234646615
8396,-1.2261114490241263,28858257.963338457
8397,0.4186751442933412,2147774.05074321
8398,1.9926757559825639,214628.02048371793
8399,-1.392930410678354,36450919.00375077
8400,2.11890838854036,182150.81807992992
8401,-0.21031650572467608,5922532.350125002
8402,0.07774763891895105,3713027.7005067836
8403,-1.9692744658355636,73604436.08623126
8404,-1.3156836714405176,32761381.05573436
8405,0.9528200914267674,935618.901682954
8406,0.4309205713025645,2106358.934305333
8407,-1.6601063371853906,51600565.84690784
8408,-1.060436126901918,22644092.195660707
8409,0.7719342657604025,1233916.6865099506
8410,0.5392293809585229,1774432.3092398192
8411,-0.6681895007466315,12364809.000675669
8412,0.8934578112961787,1023964.136000976
8413,-0.5637467710623314,10472065.722679377
8414,0.13926525724859853,3361737.6840422144
8415,1.8878548680988174,246546.5042480826
8416,-0.18212078174584334,5657820.001078562
8417,0.5598248900942141,1717778.7158550234
8418,0.6707621702183713,1443694.5166385083
8419,0.3685120364785623,2326485.238698899
8420,0.4182800967346639,2149124.184712927
8421,0.8819867825285895,1042044.9272351633
8422,0.740478934374147,1295435.856455958
8423,-0.6897325694129524,12793329.72734258
8424,0.42844749393446974,2114655.4923824826
8425,0.14515569668110143,3329932.625176141
8426,0.5802168514520605,1663555.6790390804
8427,0.8555561137814028,1085019.2395469442
8428,0.85693042086611,1082738.6151107615
8429,-0.03582947709233023,4462764.024827151
8430,0.2733691077973779,2709101.8625578065
8431,0.13486882562945132,3385678.216278433
8432,-0.8197062436411008,15685109.330051443
8433,0.5804880670893353,1662846.7620862625
8434,1.2810901183991135,574549.27672649
8435,-0.17112743915434603,5557830.307769865
8436,-0.37750023450845965,7763171.63082378
8437,-1.1127786867028815,24472075.908770915
8438,-1.5057957895302028,42395877.034231864
8439,-0.828661922149278,15904939.520655937
8440,-0.6437345580075178,11894684.694988217
8441,1.1119097920385126,736877.2726749365
8442,1.0124941438516355,855010.8511670928
8443,-0.23272518249401666,6141656.115710198
8444,-0.12480851433681751,5155540.712841477
8445,1.3626706422920598,510583.89764669666
8446,-0.49498020885706556,9379948.40183982
8447,1.114124012984399,734455.9481107726
8448,0.5413634374892423,1768471.8981324804
8449,0.16607344675563043,3219454.9588267608
8450,0.5870966241742024,1645670.9112046752
8451,0.42911341946569215,2112418.1311319997
8452,0.419962537714149,2143380.322059531
8453,0.7604566762753565,1255996.2235605295
8454,-0.9144280179676874,18155791.99892179
8455,-1.120707362601333,24759610.163597845
8456,-0.07080049962565434,4723126.3343602475
8457,-0.647283524717608,11961852.625991575
8458,0.08255702055223786,3684263.2797441697
8459,-0.14210256939140892,5302222.582713844
8460,-0.24680328715852315,6283409.191199483
8461,-0.2905244474800778,6744579.488886085
8462,1.3349186092024456,531424.3762043566
8463,0.46040166326962934,2010032.4710634965
8464,-0.10212817107904246,4969312.872054628
8465,1.3931973265638125,488687.94449486275
8466,-1.0126567557613702,21079091.440526575
8467,-0.03326911847533947,4444279.91957678
8468,2.248031435583952,154503.21387916454
8469,-0.06853660691874826,4705817.843018044
8470,-0.9652448657267259,19620058.34708683
8471,0.8294938975678343,1129254.830101858
8472,-0.11166242193230708,5046762.967296802
8473,0.7222608003921156,1332549.8649615708
8474,-1.217169478803905,28490170.81245213
8475,0.41238308698964693,2169383.5546467947
8476,0.5112245081057883,1854633.2459445319
8477,-0.8841300741891385,17329861.127229836
8478,-1.3682515169448364,35239042.90206985
8479,-0.4884701021779637,9282415.453620533
8480,0.7848621717286793,1209540.910665201
8481,0.8571228989337951,1082419.6125288275
8482,0.4946963515095965,1903742.2600628836
8483,1.2018014213073855,645182.3288024085
8484,-0.6333735202390229,11700616.58718615
8485,0.14574611457737982,3326761.7148381644
8486,-0.34825246299613005,7404867.236895661
8487,0.06605036250679107,3783945.4100389015
8488,1.7571266176544926,293993.4229847679
8489,-1.1647921533674763,26410659.36382641
8490,1.3720398776616376,503751.4024271611
8491,-0.6807000311366437,12611996.488098243
8492,0.3312895242648102,2469036.405525258
8493,-1.1378219515908334,25389990.56633243
8494,-0.3488662357792493,7412217.510338207
8495,0.8646728013423357,1069985.7724003335
8496,-1.0931434837874958,23772146.814593054
8497,-0.5368954774453578,10031883.014447106
8498,0.17574022112099152,3169674.706317044
8499,0.3891242133653235,2251249.4536868115
8500,0.0026393514582303,4193040.472445002
8501,0.692364370052848,1395921.054503878
8502,1.019156485246611,846486.4537413386
8503,-1.842559065820495,64045037.43142148
8504,1.291588971665233,565846.8758047757
8505,0.3582987921803758,2364727.5395907327
8506,0.8836114603470694,1039463.4365301478
8507,-0.47997524466279995,9156614.557252213
8508,0.5572570706250639,1724737.2715755822
8509,1.3941892843000885,487993.9201869836
8510,1.2469794836722,603846.3598791366
8511,-1.5555033406973011,45225345.08975813
8512,-1.8842495913049924,67112094.3039525
8513,0.27716327645800837,2692661.2461878625
8514,-0.35987490510390074,7545271.385907194
8515,-0.843579784368489,16277346.962099405
8516,0.5495003200326053,1745937.8529559723
8517,-0.9792222277955297,20040689.363863498
8518,-1.161718191035921,26292626.903202202
8519,-0.5636346186767838,10470189.4331049
8520,0.6403858897740675,1513819.3928146255
8521,-0.881800665145673,17267778.118349835
8522,1.395998650054045,486730.77693554317
8523,-0.7530639935005304,14134547.329240726
8524,-0.363818682095339,7593502.945662682
8525,1.1402392148185623,706539.5272625624
8526,1.4158269044485274,473120.8988464532
8527,1.2137636920095796,633945.6449677123
8528,-1.310995729695011,32547220.454725623
8529,1.211480052341571,636074.2156606019
8530,-0.2977943823167424,6824434.383274404
8531,0.5107054650361534,1856155.0830139986
8532,0.28016330563268765,2679734.6735244454
8533,-1.1806172909928205,27025291.740149803
8534,-0.6106261463181575,11284969.93644821
8535,-0.04525115821216121,4531452.353760219
8536,0.8813029876407221,1043133.4775881681
8537,0.8293648245067053,1129478.6415166298
8538,0.15321742627963453,3286901.954071259
8539,0.20429923302274436,3027166.9050475326
8540,-2.037257008299488,79008897.21143429
8541,-0.5040696888444726,9517774.80126673
8542,0.20505070777372464,3023507.1785983653
8543,0.9160865596173096,989274.5403579213
8544,0.11244463366555404,3510525.6753369737
8545,-0.5162806464499323,9705997.528670585
8546,-0.4769159597660575,9111712.95222987
8547,-0.4058171815029072,8126164.302358129
8548,-1.0905642450065356,23681481.903858937
8549,1.6381649468963644,346099.9006343693
8550,0.41218691713092354,2170060.9121562624
8551,0.34140860048114263,2429408.8909777347
8552,-1.0861292819884483,23526273.361356825
8553,1.2131144781321312,634549.9848383166
8554,0.32095804525180044,2510187.1824298943
8555,-0.0617232872393168,4654110.889952222
8556,0.3411503057678965,2430412.160643842
8557,0.22838792120667883,2912088.1392217777
8558,-1.2167532016404015,28473128.94622702
8559,0.1108603481902333,3519522.038090719
8560,0.7950103149893077,1190765.8350977479
8561,0.8894086222453791,1030307.8531546791
8562,1.1309531680799971,716332.006315895
8563,-0.6111560889168086,11294492.437413031
8564,-0.6306304370372278,11649738.780364271
8565,0.22239108915602646,2940309.559076073
8566,-0.7649209727244438,14399683.545759605
8567,-0.5978557452974844,11057784.238524722
8568,0.5038561408529881,1876360.3732953963
8569,-0.866188313487588,16856820.81304316
8570,-1.3042331447594768,32240228.086025946
8571,-0.33916380822356795,7296857.262096159
8572,-0.3653858037636447,7612752.0549961785
8573,-0.32680154427957897,7152418.5272428
8574,-0.40224900999291685,8079529.9986295765
8575,1.1032787152053345,746398.4991679926
8576,2.872704287252386,72687.4918945122
8577,0.20950481959299874,3001908.5004228186
8578,0.9832845463080213,893491.271219244
8579,-0.6882534581647002,12763469.911376268
8580,-0.8975198390581902,17690626.053422738
8581,-1.121184405188225,24777000.731840663
8582,-0.08814866856281571,4857902.545164148
8583,0.8129865097962438,1158266.3137344215
8584,-0.43750992991078885,8552012.202372571
8585,0.6793404173306961,1424519.6204803437
8586,-0.24155037292343942,6230142.476016894
8587,-1.1235707663559698,24864150.156364597
8588,-1.1564685328020625,26092068.76642272
8589,-0.49994154742525054,9454939.061405068
8590,0.07203089568610972,3747516.414005969
8591,-0.2964114077279501,6809172.0602319
8592,0.820806545692668,1144424.7957501651
8593,-0.08520311039879881,4834749.452828468
8594,0.16577792669412045,3220989.331988382
8595,0.21568268380373806,2972213.2220593225
8596,0.9587896713043946,927198.6032194794
8597,-0.09330501074967372,4898701.483866796
8598,-0.8401147395570335,16190147.213259535
8599,1.6812040987613244,326151.866269292
8600,0.8391090803345773,1112714.6363342379
8601,0.3344773430262128,2456480.7499371883
8602,-0.526801181257916,9871021.589852799
8603,-0.556040906171372,10343890.448170744
8604,-0.92546856267064,18465394.615104515
8605,-0.3873714035593179,7887878.491480989
8606,-0.6125262263216358,11319147.575672502
8607,0.298204062063059,2603340.3939057253
8608,0.6954728301009866,1389185.676285509
8609,-0.06777571489402699,4700014.811089457
8610,0.8896425951080197,1029940.1527193608
8611,-0.09262435331899045,4893296.221411028
8612,-0.47634817642898225,9103402.889112808
8613,0.31461929817695694,2535785.6585754408
8614,-1.3147537857352019,32718812.931840125
8615,0.7095094169933329,1359197.4951137698
8616,0.287251805541589,2649445.594963518
8617,-0.31030036734920013,6963986.020172426
8618,0.7168773124295651,1343731.9475856158
8619,0.11584436426549807,3491299.4241482024
8620,-0.6692539700534543,12385663.240251737
8621,-2.5028625610260695,119629895.16023393
8622,0.8072576436393846,1168519.7382717142
8623,-1.2890094560697258,31557513.91606505
8624,-0.6230840906553468,11510846.08863764
8625,-0.39763079605303797,8019558.5937893
8626,-0.7679309132784891,14467715.015943192
8627,-0.14612540164992024,5336936.582061108
8628,-1.1821098789165116,27083868.72815192
8629,-1.536807055165588,44145925.584305085
8630,-0.6900777298978741,12800307.096138187
8631,-0.5244279592906751,9833562.301291822
8632,-0.8159361559417527,15593397.656354666
8633,-1.5197228531825389,43175585.49897156
8634,-1.6137398592723922,48704613.56775941
8635,-0.9577232670289728,19396940.15881217
8636,0.07032438342595194,3757874.7119213273
8637,1.2494902608038043,601635.2788635612
8638,0.7133819843099465,1351045.39615795
8639,0.5049095063684047,1873238.0420363285
8640,2.230393981320561,157986.99844468644
8641,-0.9063653822082823,17932631.729398064
8642,-0.12203531161384784,5132400.054153788
8643,-0.06562000559764529,4683613.095782244
8644,-0.3512107942598572,7440360.714918509
8645,-1.0214119679751386,21358642.796748724
8646,-0.34423011968713974,7356873.741570976
8647,-0.5258084456001002,9855335.506322494
8648,1.643146923660089,343723.1621752937
8649,-0.5241697714234057,9829495.247123105
8650,2.3740004485017923,131980.99238387568
8651,0.40808020883432017,2184291.709782264
8652,-0.7155977260380031,13326132.375854865
8653,-0.1336994231573278,5230436.09908526
8654,-1.3250025379305648,33190384.5216402
8655,-0.9612350219763752,19500831.520615704
8656,0.8015028949760019,1178916.9964172333
8657,-0.9350469968107038,18737794.226465378
8658,0.24277071548186144,2845532.233423404
8659,-0.13481007200601408,5239868.147722392
8660,0.1429373622678578,3341874.107273839
8661,-0.8281237940624385,15891651.617801605
8662,1.3697194648603856,505434.1794245416
8663,-0.594041389360892,10990771.561688218
8664,-1.1067870152111114,24256664.813105926
8665,-0.9964414900234068,20569752.057193633
8666,-2.3852661985508976,108958274.30309102
8667,-0.3757854289484905,7741704.686430501
8668,0.5076970640445462,1865001.5460773336
8669,0.41043133257289266,2176132.6097618397
8670,1.4434708101847469,454838.45690832124
8671,0.581870033084279,1659239.445605604
8672,-0.3349886969972391,7247758.9318578495
8673,-1.3281123676281317,33334524.111937545
8674,-0.07693930038265587,4770383.057541238
8675,0.3604831697787065,2356493.87916341
8676,0.32391099642020144,2498353.4420166463
8677,1.075598507045874,777842.673283668
8678,1.0569578974012763,799823.6736691971
8679,-0.24441622478875025,6259147.752587888
8680,0.11753861770121321,3481758.187402197
8681,-0.274605985316882,6572928.118774333
8682,-1.1810483366253295,27042197.46430173
8683,2.16684184443247,171288.59264034437
8684,-0.12770589576556962,5179829.114912484
8685,-1.4111584203882015,37366178.560229555
8686,0.07717438641199839,3716471.47613242
8687,1.3928417540222369,488936.98460848985
8688,0.8029146685665765,1176357.2091872161
8689,-1.1430284456836015,25584414.269694895
8690,0.39530644986831487,2229180.4870036696
8691,-0.09420538879493963,4905860.807109536
8692,-1.4406814565750432,38885117.126387686
8693,-0.9451007619510998,19027544.401520062
8694,-0.5156160547223811,9695662.10011536
8695,-0.4368157678882249,8542457.17202319
8696,-0.16975910659999538,5545508.527351542
8697,0.9144731511655261,991705.6761544151
8698,0.8608517027419802,1076259.4896881867
8699,-0.8067218583411276,15371304.51497985
8700,-0.09776882028657123,4934298.456741072
8701,0.9511288125486723,938019.4220271184
8702,-0.46863705239781434,8991264.17441527
8703,-0.8679037564299065,16901540.600667767
8704,-0.6104754363020053,11282263.22608644
8705,0.8542906912794529,1087123.7153009423
8706,0.5581574114992844,1722294.0628975127
8707,-1.5150438060062033,42912494.84775165
8708,1.7504557250362698,296673.27101011487
8709,0.3345387737869026,2456239.4474170846
8710,1.5858881793550965,372165.11513387697
8711,-0.06374665802191497,4669406.49635319
8712,0.13007277320206984,3411993.652230036
8713,-0.2628226034993554,6448648.8009460205
8714,0.4725098865897939,1971813.5047114426
8715,-0.8993699619001219,17741000.47085571
8716,-1.1983137587717674,27726566.734616697
8717,0.47438785079413587,1965954.2039599544
8718,0.14001437403978176,3357675.6965336665
8719,1.057830124417958,798780.3105358803
8720,0.28921500224014235,2641119.57054801
8721,0.11569447209279554,3492144.8300016834
8722,-0.07962271577686776,4791189.090802977
8723,-0.18197891841995656,5656518.344417736
8724,-1.2805858969581678,31184718.677212596
8725,1.7204481659009525,309067.7477679444
8726,-0.3283567457890053,7170433.890309823
8727,-1.1128534430834767,24474773.721303254
8728,-1.0670824047920584,22869531.678729575
8729,-1.6210238833527517,49152205.213606134
8730,0.25669226308265664,2782602.156667619
8731,0.45102556188683884,2040159.0302787668
8732,-0.7047221339817461,13099633.671129003
8733,-0.5716984701018841,10605915.38886874
8734,-1.1499898082287066,25846315.8231608
8735,-1.012699210634997,21080439.294522613
8736,-0.30070085472351454,6856619.647332428
8737,-0.46155683284476395,8889475.073526034
8738,-0.7312141162634599,13657735.28467821
8739,0.7744763071192374,1229082.6363149923
8740,-0.06959489248058165,4713900.964515058
8741,-1.0136021290049482,21109122.84659835
8742,0.049119983660083945,3889036.827503296
8743,2.7977200227423844,79302.67020179001
8744,0.09014761968556526,3639325.4789938037
8745,-1.9780350105389732,74290636.02444927
8746,0.1971033599231068,3062442.433415143
8747,0.6047947959227687,1600586.7306621578
8748,-0.3536934136973107,7470275.140356457
8749,-1.4254218419816131,38094368.025759846
8750,0.4341209743084795,2095672.741452829
8751,-0.49824209817604304,9429187.211237444
8752,0.5596812914921679,1718167.0747869476
8753,0.9228926530693423,979089.0447355789
8754,-0.16316356288762304,5486496.857101453
8755,-0.7453820321256206,13965182.67690903
8756,0.7246216681247858,1327677.2786578687
8757,-0.7859972987796263,14882307.323578583
8758,0.03939576323189316,3950733.0300795836
8759,-1.0836817163012669,23440988.857548054
8760,-0.6900307653726947,12799357.506317528
8761,1.5548242759233972,388675.7854956613
8762,-1.0237670879228984,21434388.716533687
8763,0.4632648990266755,2000925.4642715503
8764,-0.4097413682427704,8177753.804937032
8765,-0.8681509212033046,16907992.737855222
8766,-0.49672446604546466,9406247.444650922
8767,-0.7036094811982871,13076664.38308775
8768,0.6468335794599301,1498639.2085431376
8769,0.4850281583480037,1933098.273384444
8770,1.1376386598746682,709267.1919847815
8771,-0.11329506046525831,5060146.272307302
8772,-0.7418930938444009,13888882.989167467
8773,0.6976343781255256,1384522.3628945868
8774,1.0682213873419129,786462.7061160335
8775,0.47343679799751864,1968919.2363493617
8776,-0.6882345603540797,12763088.829998316
8777,0.026288622737373542,4035467.009811479
8778,0.8902115906036939,1029046.533344974
8779,-0.7521377750650889,14114026.824049355
8780,0.20292902512273905,3033851.6144690816
8781,0.06772094519625159,3773733.3553103
8782,0.175680130366922,3169981.7022404317
8783,-1.5060734209630828,42411320.996415354
8784,0.992804932167386,880748.2140284603
8785,0.03830894930804857,3957689.8475914663
8786,-1.6519523094524409,51083256.12931941
8787,-0.035609607393088986,4461173.671483504
8788,-0.40481815646015207,8113081.195955238
8789,0.13863239228935692,3365173.2258809498
8790,0.6609131382265436,1466047.3200653757
8791,-2.053301685298081,80310133.38880578
8792,0.7423313409757192,1291724.100298178
8793,-0.3923943199259339,7952082.707465577
8794,-1.139534028880772,25453786.706837095
8795,-0.3617022822474242,7567582.476436383
8796,-1.2850066783593652,31379926.209660765
8797,0.39514198701123243,2229764.652786196
8798,1.4300421067478715,463620.8351895696
8799,0.03932424796393097,3951190.4257331495
8800,-0.547451402767606,10202780.745866079
8801,-0.05848689876965329,4629750.26873057
8802,0.38042397612758044,2282692.63767484
8803,-0.13780282440350344,5265368.471583707
8804,-0.587054826023601,10869025.498952465
8805,1.2547041215082688,597071.8988171677
8806,-0.7640209422105226,14379398.117197556
8807,1.826436094531017,267685.4057375425
8808,0.747079045900143,1282262.400276579
8809,1.6385971506135537,345892.9920977152
8810,0.1303710634520595,3410350.886594268
8811,-0.09205819922435692,4888804.817676187
8812,0.5319326494412231,1794971.8935805908
8813,-1.2488957811624068,29813650.027301244
8814,-0.0817920155240062,4808075.528699795
8815,-1.676098278945743,52625016.367254116
8816,0.627476798935274,1544702.2549387943
8817,0.7156535631737282,1346287.6690313038
8818,-1.31370198469449,32670716.229922086
8819,0.7017998020358861,1375582.6278038416
8820,-0.5281841010035284,9892912.771695126
8821,-0.9483745243695442,19122747.78013625
8822,-0.7667431642038073,14440833.922457943
8823,-1.0983548434979615,23956236.74148442
8824,-0.09675781841875945,4926213.481336871
8825,1.0370257735873176,824072.2001183312
8826,0.8122030285841392,1159662.8920409344
8827,1.3872341750778594,492882.9408217421
8828,-1.3967804443053684,36642805.60981036
8829,0.24559322732390731,2832656.068289665
8830,0.31865782725269176,2519445.345598545
8831,0.9880281911749863,887117.2590740512
8832,0.6985393021982192,1382575.0133891103
8833,0.45114184902429494,2039782.5111046052
8834,-1.186529810716842,27257945.83678122
8835,-0.4397509939067653,8582930.813837074
8836,0.5725856209493119,1683633.5157071813
8837,0.010006870787150523,4143294.2483316977
8838,-0.058421939741799093,4629262.631646143
8839,-0.30912460682382853,6950747.325499855
8840,0.5867700139681081,1646515.3785861416
8841,-0.5614106546037947,10433048.983627144
8842,-1.2333814184776997,29160364.12112917
8843,-3.06301311500889,170214685.4722155
8844,-0.4207781508813544,8324561.624556225
8845,-0.1990992026515905,5815776.349010624
8846,-0.8785397799430931,17181205.488005072
8847,1.0115340485266253,856246.8926090726
8848,2.151682443949302,174643.53499757082
8849,-0.062244005228621446,4658042.4163864385
8850,-2.857029066215686,151976895.8713899
8851,0.0729508358414054,3741944.5543351755
8852,0.3799178175611644,2284535.921530562
8853,-1.1535792029107113,25982229.966837853
8854,-0.5194927247437832,9756099.399459425
8855,1.6050723561241051,362356.1040040951
8856,0.3242643517943763,2496941.270893085
8857,-1.0622413535998227,22705135.3503069
8858,0.004616033462327922,4179634.6920110853
8859,2.044144887829154,200663.6644616013
8860,0.6403804852034916,1513832.1850466628
8861,-0.8956957633758811,17641086.329351828
8862,1.7313746175449332,304489.36340636236
8863,-0.09822176130050309,4937924.939772283
8864,1.278242452345856,576934.7882876488
8865,1.5666747325087786,382283.71346432413
8866,-0.42705824540655457,8409236.419962995
8867,0.34857065943348586,2401760.3617564673
8868,-1.580120276703182,46674473.880177565
8869,-0.2526222471932788,6342942.010970181
8870,-0.7944574571262868,15080178.278117515
8871,0.846282778628174,1100542.9556254132
8872,1.2020891766938133,644909.498546025
8873,0.7763318617801853,1225566.76722829
8874,-0.9198846989608479,18308226.94515165
8875,1.1069696865327439,742310.6619512584
8876,-0.2811738076776064,6643221.729973352
8877,0.045015573689983934,3914957.467893137
8878,-1.4436522763536472,39040473.554591715
8879,0.8260701607743205,1135207.6181000995
8880,0.20946385102756634,3002106.439330097
8881,0.7768335107436847,1224618.0921148013
8882,-0.05301032410991045,4588819.549190904
8883,0.16700846300553246,3214605.1802024613
8884,-1.470260030392112,40452427.86227679
8885,-0.31334393705972097,6998370.88641129
8886,-0.1043498539432701,4987253.233253927
8887,0.9317446764394283,966009.7868444853
8888,2.5312959175284195,108851.05856618757
8889,-2.367375045826851,107350231.33298089
8890,1.0577048261468083,798930.1025924472
8891,-0.5782891400046682,10718087.261500781
8892,-1.642389491015101,50480922.4139396
8893,0.9682558715314417,914012.7701609138
8894,1.4483930669007536,451665.1946522484
8895,-1.0759203603966385,23172290.364007518
8896,-1.4455388002486251,39139366.38493583
8897,0.3364792462113486,2448629.8234871803
8898,-1.8757937505264952,66483645.81469995
8899,-0.7873231151519096,14913158.137426268
8900,0.6204968322954189,1561677.064676574
8901,1.147744768607239,698730.7198655043
8902,0.34632803442594207,2410382.5596844493
8903,0.6393257908329562,1516330.7579744337
8904,-0.3683622594913674,7649443.504072858
8905,-0.4526231821264425,8762627.481990132
8906,0.31975737395765874,2515015.3699472407
8907,0.11777735806917625,3480415.8550586533
8908,0.5215384463599202,1824662.440039188
8909,-1.3733094168688005,35484865.33210595
8910,-0.5767908499656379,10692488.022987094
8911,-0.4318358865615595,8474212.565277787
8912,1.7299859841772827,305067.0339095833
8913,-0.8939894048787574,17594856.263632897
8914,0.4307271139396604,2107006.7100490695
8915,-1.128635267668701,25049960.724983063
8916,2.31744695918866,141602.9857546504
8917,-0.31304661348969626,6995004.519556491
8918,-1.728942469836717,56102501.977166854
8919,-0.49589499035713946,9393732.19318639
8920,-0.7225597949475787,13473032.63655146
8921,0.9949562866995078,877895.8126740605
8922,-1.0924003397242603,23745993.71230575
8923,-0.6362779743226139,11754715.67749825
8924,-0.008674302765723153,4270610.36618946
8925,0.5560052125165778,1728140.4304044414
8926,-0.6628352249130433,12260410.516343398
8927,-0.38433193817589667,7849272.894332679
8928,1.793839894748899,279717.3452596993
8929,2.9957125170496943,63121.777125961766
8930,0.5041094339938523,1875609.0773426422
8931,-1.0159202663964797,21182920.10557812
8932,0.08507401557979319,3669299.9120449643
8933,-0.9039956330909789,17867508.848366104
8934,0.3191529255458294,2517449.639744935
8935,0.2949010800300001,2617156.8172647585
8936,-1.8279079301629761,62986176.94655423
8937,-0.11856367418768761,5103577.8961798595
8938,-0.4040328397954207,8102811.171634118
8939,1.7669138563895872,290110.1491913622
8940,-0.46105248674296434,8882266.927965462
8941,0.4558769322260387,2024512.5423118658
8942,0.7893603875081987,1201180.1393617315
8943,-0.8647755415265367,16820071.53207174
8944,-1.5046628064812124,42332893.80203071
8945,-1.5084638032146669,42544459.21043432
8946,1.721745130353702,308520.32468377386
8947,-0.6622078589065372,12248232.287481565
8948,0.31605669316808493,2529957.2701571346
8949,1.3540742364622458,516942.14624556265
8950,0.6221285631080049,1557691.251892247
8951,0.13664018087578153,3376011.5038612452
8952,1.046906067235985,811954.5385210805
8953,-0.6525916410954455,12062980.296828203
8954,-0.2998656136878865,6847355.213812721
8955,-2.1092538273440145,84919511.82922015
8956,-1.0805447966676014,23332069.888446875
8957,0.5586199607588579,1721040.2816927533
8958,0.8138099136793535,1156800.505481613
8959,1.0411403896521076,819002.2837307466
8960,-0.09842187531774302,4939528.00892031
8961,-1.6348977939005602,50012333.06819017
8962,1.6797658599403225,326797.5406915733
8963,-1.3748275512971455,35558905.27446067
8964,-0.018746897641624106,4340891.103506382
8965,-0.3196692526310062,7070365.887288633
8966,0.8330380553643287,1123127.7604891963
8967,-1.3666909178669768,35163459.88178304
8968,0.132871822902035,3396610.270024644
8969,-1.136643859702456,25346169.968795683
8970,-1.733589071024387,56414985.23163696
8971,-1.0163225630634742,21195749.93642769
8972,0.8397672059742607,1111592.0192061544
8973,-0.20116932149661806,5835332.9320891015
8974,1.2161772322434952,631704.4160895234
8975,0.46098528268392747,2008172.662409069
8976,-0.8473280152528174,16372152.493276563
8977,-0.6363210153404473,11755519.139626374
8978,-1.0942364617119604,23810655.968902968
8979,-1.7084358341024874,54736322.3011958
8980,0.27362485386761415,2707990.432501021
8981,-0.05353482258970826,4592723.70881971
8982,-1.8247390838269886,62758479.047722265
8983,0.276438934673418,2695791.938498404
8984,0.4176790435911223,2151180.070193997
8985,-0.40068536395380966,8059176.030487879
8986,-0.7042488583843681,13089858.915186629
8987,0.39784240936242055,2220192.9881026754
8988,1.4489904682836112,451281.7220169448
8989,-1.7887862823859535,60208393.19764183
8990,-0.08858543986637896,4861345.182308238
8991,-0.0487178988306613,4556993.783350777
8992,-0.34062232741349324,7314085.813076978
8993,-0.7945593209256995,15082575.345216678
8994,-2.158043567823385,89023629.42878342
8995,-0.1660491838381495,5512237.654016233
8996,1.0429367382908459,816799.4390901607
8997,-1.8743043370984922,66373283.68831746
8998,0.38171506681491,2277997.8548460584
8999,-0.7829801573481189,14812318.69441618
9000,0.5097886257884271,1858846.4594027128
9001,0.45429599233622814,2029597.5280899883
9002,-0.5232571466003098,9815132.212076167
9003,-0.7520367753263004,14111790.824162314
9004,-1.2255856050516412,28836505.44139646
9005,0.1644604156164952,3227839.115520776
9006,-0.8871794047326023,17411434.4751711
9007,-1.1291508973806512,25068943.960193522
9008,1.7484049989667902,297502.5314166833
9009,1.7580079533436446,293641.3835535307
9010,-0.5668853357626065,10524703.421001941
9011,-0.7687223923634455,14485653.310434448
9012,-0.974993410145476,19912599.495366402
9013,0.7052868676329227,1368145.8255269607
9014,1.3038449176430043,555869.6572685367
9015,-2.020802343171185,77684364.36483903
9016,-0.3453250561730508,7369907.967083365
9017,-1.437342081499304,38711036.12003883
9018,0.12390112979155296,3446164.5469983052
9019,0.7128636611098292,1352133.499783588
9020,3.371164716141812,41533.51403763348
9021,-0.09135778838768928,4883254.056324246
9022,-0.5185937252997842,9742051.911375277
9023,-0.8952784872620201,17629771.095528845
9024,1.5708621021395928,380052.8676673977
9025,-0.9524105465585757,19240698.34386271
9026,-2.3519034426450602,105963834.18938704
9027,0.7266716005420246,1323461.7703384203
9028,-0.24930270646958508,6308912.317043877
9029,-1.695501423728768,53885485.38928172
9030,1.1296347413492593,717734.2238207209
9031,0.4550690415276897,2027109.4032119021
9032,0.4072055160762744,2187335.279437745
9033,-0.5579326862844343,10375218.101348434
9034,-0.038337464524086616,4480945.212018956
9035,0.2369632427559587,2872215.5982058183
9036,0.3585235858391413,2363878.839250697
9037,2.4740477148406534,116698.81160019104
9038,-1.1149410688876593,24550213.704900544
9039,-0.18509731673123964,5685199.853044222
9040,0.20017449125205927,3047335.819549728
9041,-1.6810013825492462,52941725.70364753
9042,-0.7878495583467761,14925424.361711811
9043,-1.4148313969405268,37552686.11593491
9044,0.5894670178919943,1639555.7874104832
9045,-0.06970992116403586,4714780.387582995
9046,1.354999375687129,516253.73147908127
9047,-0.5499214929108153,10243170.469611976
9048,-0.6747684391039941,12494226.863433294
9049,-0.623368604963504,11516054.186029421
9050,-0.7111541433216527,13233152.168597572
9051,1.0681931798731543,786495.8635440692
9052,-0.6765983017046516,12530447.905157577
9053,2.5868264631721916,101798.64618497195
9054,0.33835271813434753,2441306.126933681
9055,-0.6987881081760267,12977566.262843618
9056,-0.7520792710868439,14112731.583918123
9057,-0.009038358283809613,4273130.396077494
9058,0.05688761225640763,3840457.7856886145
9059,1.9530933464563969,226105.81781768514
9060,-0.642334432672212,11868283.592387555
9061,-0.7242409544968045,13508729.959424555
9062,-1.4150457910745549,37563594.2847789
9063,-0.1621813475536882,5477762.512092009
9064,0.9615117020921932,923386.1573872481
9065,1.5304254476117376,402210.7653272692
9066,0.1920913424514551,3087261.3975085556
9067,-0.9885389410697666,20325445.645521026
9068,0.16318190034479776,3234500.4224328278
9069,-0.3450909955258174,7367119.788325978
9070,0.6133173635891508,1579342.5349214135
9071,0.3383810280407469,2441195.633366169
9072,0.18463459861455683,3124568.9680438153
9073,0.402513139590185,2203738.366031464
9074,-1.0652125939631076,22805914.501028255
9075,-2.3102636998297275,102253783.93417326
9076,-0.7872184450348859,14910720.40638663
9077,-1.5024822308485062,42211863.50100781
9078,1.9459610440930561,228245.9035902619
9079,-0.073795359570426,4746121.798615929
9080,1.4557382472295504,446975.06531898363
9081,0.25628352892684597,2784429.1834919974
9082,-0.040615014635559485,4497520.586460179
9083,-0.36764704985487834,7640611.2151354775
9084,-0.2860100960675595,6695456.5938022435
9085,3.812615733581329,25850.877166675837
9086,-0.049635819976466856,4563780.878360542
9087,0.0481433309695169,3895188.8565193964
9088,-1.2951067723280356,31829561.72346991
9089,-0.43782237068256213,8556316.278348574
9090,-1.4514588593548767,39450904.344380476
9091,-0.4016051755337753,8071143.160387828
9092,0.3410411556793503,2430836.251095163
9093,-0.502410897627549,9492477.75034957
9094,0.431302583224704,2105080.4093628996
9095,0.4929357772571646,1909053.020477851
9096,0.33617275526608464,2449830.1106326594
9097,-0.31811214972968993,7052575.663655787
9098,-0.2547428222113217,6364775.666032177
9099,-1.5033258621751893,42258658.729716815
9100,-2.2136811114318102,93790613.80313365
9101,-1.3322511737122644,33527115.084143277
9102,0.9258852953809775,974646.1431343135
9103,-2.5062599246497195,119940203.08741169
9104,-0.6087939684432274,11252106.146840997
9105,-0.9477268330978244,19103879.05275376
9106,0.25467596346310517,2791626.9473156636
9107,-0.09965795378887729,4949441.538347786
9108,0.8387603374603986,1113310.005605627
9109,-0.9240718364150198,18425969.028621823
9110,-1.523797248083642,43405612.45498239
9111,-1.2003980255899283,27810139.26422723
9112,0.6207250490249481,1561118.9552231438
9113,-1.054843216569801,22455864.207286324
9114,0.9335599949988657,963350.8176487659
9115,0.1707812196938829,3195112.400659496
9116,-0.6281701609979514,11604283.90944321
9117,2.074980187662206,192784.96146039994
9118,0.06026659218511556,3819518.3532602284
9119,-0.183255238925822,5668239.864093122
9120,-0.07514228206127249,4756500.549234504
9121,-0.07727788503182331,4773003.281708318
9122,-0.12408754806106373,5149514.6689553885
9123,1.1628321110532382,683315.5997947904
9124,-0.14607586361142574,5336507.728487027
9125,-0.12745954315582197,5177759.524032217
9126,-1.7650701717432764,58560235.66621392
9127,0.8685716563915228,1063624.6937348668
9128,-2.490911383750025,118538982.54994236
9129,-0.8000209326190976,15211610.375368945
9130,-0.6068816911105779,11217902.201793076
9131,0.6207236551530478,1561122.3633312776
9132,0.34725009242639854,2406833.6524978974
9133,1.5365522607748772,398763.8031655979
9134,-1.1826581096809958,27105410.525091276
9135,0.18085164645004062,3143672.336164067
9136,-0.849767997874565,16434136.51272449
9137,0.277297918139523,2692079.7224498386
9138,0.10729025802179841,3539881.1024159202
9139,-0.6319892602578556,11674915.662574183
9140,-2.0758388375419443,82153651.74081858
9141,0.06541750959129465,3787821.2916236944
9142,-0.29249320178051463,6766113.502480886
9143,-0.6401401053559361,11827017.754468605
9144,-0.6679403528073352,12359932.646244518
9145,0.6784894636956302,1426409.6495504684
9146,-0.700835572304262,13019563.867866408
9147,2.144101514618691,176348.78520075427
9148,-0.856896048379236,16616432.326164821
9149,2.6555583916070327,93766.96861601458
9150,0.997739182620119,874220.8229719894
9151,-0.09086290189894669,4879335.89145611
9152,-0.7236119533339015,13495363.638911203
9153,-0.42734521812250365,8413125.585065393
9154,1.2213978652455721,626885.9453050325
9155,0.7739466059525553,1230088.272667329
9156,-1.4389681279115554,38795729.09329194
9157,0.5955083729465889,1624078.3247253918
9158,1.7185566303592592,309868.0586989801
9159,0.0744153224792514,3733091.8861334464
9160,-0.9371299804155032,18797502.370534293
9161,-0.7594817352447842,14277491.470389621
9162,-0.450983864253847,8739541.824166207
9163,0.3045286982775397,2577094.3987624138
9164,-0.5315359392031377,9946164.304980217
9165,0.4631836386404497,2001183.331334603
9166,0.8505090545131739,1093438.8582449763
9167,2.0278373684239432,204975.26170370623
9168,0.020988991240579402,4070248.582602386
9169,1.1302047738382257,717127.5989287031
9170,-1.4624499567732354,40034149.914332785
9171,0.09705103653477248,3598940.766574917
9172,0.2577838056994044,2777729.055643593
9173,0.7739917732100813,1230002.488593192
9174,1.1322856769847498,714917.8285949463
9175,2.1749620319499203,169521.18447673056
9176,-0.05429596962724192,4598395.33684106
9177,0.029035997010472665,4017554.656064353
9178,-1.7617501072180715,58331692.309366725
9179,-0.6910865698130144,12820721.02228373
9180,3.278634916790126,45976.24277913644
9181,1.4322566671700134,462159.77977542795
9182,-0.0708310793739042,4723360.568157561
9183,0.3140267770228553,2538192.272931648
9184,-0.8905755360389267,17502690.89639272
9185,1.2564813866081852,595524.9985081647
9186,-0.4772630497680823,9116796.553984148
9187,-0.5627803204326505,10455907.681352105
9188,-0.39676608069275104,8008377.7934020255
9189,-0.20841350243791462,5904285.1718284935
9190,0.6800217581015596,1423008.2251874239
9191,-1.2086558985121583,28143289.395664826
9192,-0.7968913062346968,15137547.32719834
9193,-0.6847471604362941,12692945.79960491
9194,-0.631669568219609,11668987.655306455
9195,0.2989287364844437,2600319.1694400045
9196,0.3372967965932888,2445431.0937872096
9197,0.11212405626553083,3512344.1783515625
9198,-1.823055694335386,62637710.68714758
9199,1.0438734714157323,815653.2704158666
9200,-0.6155314533077331,11373403.911333794
9201,-0.7603019262515751,14295855.59887976
9202,-0.22198113424459107,6035609.608622798
9203,-1.3685382767346992,35252944.83853081
9204,-0.9034650831729549,17852957.86322829
9205,-0.6622748318408026,12249531.803477794
9206,0.626517641850129,1547023.2734646043
9207,0.9968330921931327,875415.5501421235
9208,0.9021556397931036,1010478.6155659251
9209,-0.5712795404029596,10598823.165327812
9210,-0.45707625165312393,8825635.735018421
9211,-0.15369131123290092,5402840.789562634
9212,-0.4109560720405002,8193787.397373829
9213,-0.4951131618218842,9381950.50864629
9214,-0.605131565528288,11186684.845095985
9215,0.47108491935108654,1976271.6252360693
9216,-1.0225720718714533,21395925.235171683
9217,0.41881745263864617,2147287.90731536
9218,1.3940115237910573,488118.2110089512
9219,0.45402266465229074,2030478.0197008066
9220,-0.31030485088453597,6964036.550784377
9221,0.1652112181598841,3223933.8417906202
9222,1.9182920974569102,236764.37821085108
9223,-1.089412032416096,23641074.772333447
9224,-0.19699581483172826,5795972.202018274
9225,2.0226712744812048,206362.6329056126
9226,0.0767233303012438,3719183.4498518836
9227,0.9054937236685899,1005353.7461797871
9228,-0.3947801520566625,7982757.085960248
9229,0.16349806062352526,3232851.858273981
9230,0.12638884109766083,3432348.836998286
9231,-0.21529321098750595,5970517.20363153
9232,0.22393738098461421,2933005.81490802
9233,-1.1416953210210297,25534513.562197495
9234,-1.0103288622800437,21005300.42945905
9235,1.065484353515329,789687.0957178936
9236,-0.13677539982446468,5256600.146589554
9237,-0.7209263581459274,13438432.548590556
9238,0.3214799754908375,2508091.369249511
9239,-0.18705297511710384,5703260.857594399
9240,0.20681805658896663,3014917.9880076656
9241,0.639882554244457,1515011.2420472312
9242,0.8797416530797644,1045623.571787147
9243,0.43387217357621743,2096501.4600595722
9244,-0.6492433890270164,11999097.848555168
9245,-0.44593085942102434,8668752.544344889
9246,0.34662202979696144,2409250.412479407
9247,-0.827179404402003,15868356.378485296
9248,0.5852218113021657,1650524.5480777007
9249,-0.23643021344817067,6178652.237347859
9250,-1.4872560825114172,41373694.41310234
9251,1.3619176788516485,511137.3842066514
9252,0.931650204135897,966148.3796852477
9253,-0.16092939269071108,5466649.613096994
9254,-0.3960979077236198,7999748.688232969
9255,-1.132876002224775,25206445.83810325
9256,-0.9022164457130744,17818754.273963094
9257,0.7049079865688784,1368951.7902010563
9258,0.6927014751956265,1395188.9487004713
9259,-1.3311079800562373,33473832.214170475
9260,0.7469008978149525,1282616.098346114
9261,-1.0322145614226426,21707998.608873837
9262,0.06719578703772956,3776940.5553476615
9263,2.1543659467564122,174044.33306182938
9264,1.422564416984606,468591.82815405243
9265,-0.11934482856078511,5110049.017406035
9266,-1.4190930317287798,37769961.202276364
9267,0.2624554547442914,2756972.0790658654
9268,0.21426791567226683,2978986.85976322
9269,1.1801596743196718,666065.667388504
9270,-0.6116473331865251,11303326.358158415
9271,-0.2218926874095768,6034744.193946712
9272,-0.6874711486703676,12747703.232970456
9273,0.515493632418596,1842165.6615832264
9274,-0.6191455854715007,11438978.976136126
9275,0.9100361279142087,998424.62620248
9276,-0.726391006432301,13554511.549281202
9277,0.014438354823443106,4113660.568959643
9278,1.2118542197652316,635724.9237913097
9279,0.7866803939951367,1206153.9658496499
9280,-0.16113527229307484,5468475.544200017
9281,0.2329235113086389,2890928.602850141
9282,-0.7949710991089141,15092268.899407996
9283,0.08575052961456275,3665288.6415180806
9284,0.12216136293826796,3455860.218473631
9285,1.6821478872302063,325728.93503811123
9286,-0.24039165979338042,6218452.954095567
9287,0.19828069195335707,3056642.1776121324
9288,0.12832179910570268,3421653.0571785914
9289,2.311078548326382,142734.82745500436
9290,-1.9209554188029174,69876830.71372393
9291,-0.4721621710015211,9042361.751431491
9292,-0.6816128134623772,12630211.383087648
9293,-0.18676306887791694,5700579.898723063
9294,-0.3798977507956744,7793282.543169815
9295,-0.471613918179964,9034396.3180306
9296,0.8393103907429401,1112371.1166771827
9297,-1.0473906797150268,22207144.439883396
9298,-0.30666328674802223,6923113.697296198
9299,-0.3803370092076148,7798811.617815375
9300,-0.9567359200653022,19367818.74915875
9301,-1.151365071933863,25898320.491748255
9302,1.780593271279437,284777.62834456377
9303,0.34460583892804303,2417025.657277936
9304,0.6289838660352733,1541062.7971869258
9305,-0.9881674306615432,20314023.24081446
9306,-1.3125017740217904,32615901.031867206
9307,1.0289248921519853,834153.1389563897
9308,-0.6406206147659622,11836042.498168865
9309,-0.8958509285132779,17645295.58656384
9310,0.5484346961217004,1748871.7169781856
9311,-0.5740557919881291,10645907.663729101
9312,-1.0828338237619568,23411505.93537805
9313,1.017229759951485,848942.2222468543
9314,-0.908873767819122,18001795.59356669
9315,-1.6874277534192188,53358680.38470552
9316,-0.5843756926033267,10822680.009637592
9317,0.3827542499201635,2274226.373201565
9318,-0.5892540781391206,10907210.415235713
9319,-0.3058385285429554,6913878.193758335
9320,-0.9938269607844558,20488641.264692105
9321,0.28446785055124096,2661299.0150995106
9322,-1.014854604509998,21148967.226737164
9323,0.38349531941251874,2271540.7937470097
9324,1.613920267920844,357928.60571010545
9325,-0.296559098605626,6810800.353193838
9326,-2.1577849682170873,89001681.49981482
9327,1.6141818647462423,357798.61542636796
9328,0.5454574156865775,1757096.2148535952
9329,1.5926609560232423,368669.05389770307
9330,0.1692352265902059,3203085.428575986
9331,1.2269226005483906,621830.331154816
9332,0.3592677522511262,2361071.520991741
9333,2.0492482578967293,199335.2400246512
9334,0.6004407857042382,1611556.0376167332
9335,2.5068934217504526,112121.66455786949
9336,-1.550699169982517,44946232.25574882
9337,0.4466712729431821,2054309.882231022
9338,1.8182519624351807,270651.32341997634
9339,1.080131856516669,772596.2459775175
9340,1.3241133185861413,539788.8503437908
9341,-0.9598689924236362,19460360.83518627
9342,-0.03280221421602465,4440917.512050564
9343,-1.8547851166528169,64936251.778773814
9344,0.8135864613863427,1157198.0953486138
9345,-1.1192897297868407,24707991.175123256
9346,-0.9211707454382494,18344318.980280396
9347,0.10467405484313165,3554876.6892978298
9348,0.2578470190901268,2777447.114390577
9349,-0.7826382372936351,14804406.261267278
9350,-0.4516255347538413,8748571.120765356
9351,-1.5325697035852568,43903828.70518204
9352,0.002443535705499476,4194370.853122074
9353,-1.4679163622052456,40326575.136651464
9354,1.5990183432382685,365420.38291813526
9355,0.19845198307608813,3055799.23336896
9356,-0.9954806137319785,20539910.11901537
9357,0.7489705412209614,1278513.3824513264
9358,0.4035574006472131,2200076.908768522
9359,0.22393715785326368,2933006.8674978954
9360,-0.6431866956164389,11884347.493842147
9361,-0.5683258490423008,10548946.912001712
9362,-0.6098638819091392,11271286.178340284
9363,0.03620980605637963,3971161.902051468
9364,-1.9014857407917964,68402975.29395606
9365,-0.20265537380600776,5849412.0768476045
9366,-0.8270648452205874,15865532.663459089
9367,0.47713349609179573,1957420.4642139024
9368,0.17573789067557466,3169686.6116944933
9369,-0.19836862494376314,5808890.085884594
9370,0.39992722735249986,2212832.590933548
9371,0.4920247218027915,1911807.301199378
9372,-1.6867861197867846,53316955.73609902
9373,-0.6545667585533526,12100813.963917727
9374,-0.31081654687640564,6969805.866381519
9375,0.13838021243992302,3366543.1977544837
9376,-1.3731874386358005,35478921.545044675
9377,-1.32526934963679,33202731.99096178
9378,2.3883770977463787,129653.14675505075
9379,0.24947866836728794,2815028.980071037
9380,-0.883633979424811,17316622.506559797
9381,0.2665413985355289,2738948.64725563
9382,-0.39782885936844165,8022121.697615811
9383,-1.2175023684910211,28503804.892754648
9384,1.6886976836890337,322810.5113696132
9385,0.9268619013072094,973200.9519664348
9386,-0.5289327555276717,9904783.120058209
9387,0.11523465990331047,3494739.5173289953
9388,0.19586377285398518,3068561.6078675212
9389,0.060589901127518456,3817520.9090576707
9390,0.8723790646265909,1057451.847436744
9391,0.7371664802510781,1302101.457372077
9392,0.6317994661222907,1534287.5597984144
9393,-0.3807015558883083,7803403.179181877
9394,1.8452556259002983,261001.33710685323
9395,-0.8632104725651801,16779445.106427316
9396,0.1268803423222281,3429625.943322993
9397,-0.05201827527555434,4581444.266177374
9398,0.5193980024411344,1830840.2306428826
9399,-0.07805659496509526,4779035.018180753
9400,0.05224680522837483,3869406.956898708
9401,-1.4859846832100085,41304255.525481224
9402,0.933014137212669,964149.5301763504
9403,0.49321789450861836,1908200.9731064546
9404,-0.060698804557917964,4646385.583112576
9405,0.28163323005793434,2673424.4454743266
9406,-1.949124594657854,72038066.50660898
9407,-0.5686761769484584,10554850.877613585
9408,-0.4405363029523187,8593790.845369723
9409,-0.80003016372872,15211829.320469575
9410,0.47145115816857963,1975124.813368055
9411,-1.4155943218430538,37591513.85393712
9412,0.12454603340754522,3442577.577809585
9413,0.8171587689481528,1150859.2957373022
9414,0.8976476822969279,1017444.0461934033
9415,1.5254283271530211,405046.4736164727
9416,0.4243433171443323,2128499.2602123567
9417,-0.6890689514609449,12779924.764627421
9418,2.023606563563422,206110.6830390749
9419,-1.426654866495123,38157813.39146396
9420,-0.43869243099687144,8568312.989081748
9421,-2.2766384246834037,99283001.1749461
9422,-1.6309629076091667,49767374.659561105
9423,-2.422990855014145,112364252.0352413
9424,-0.3026989925882859,6878832.924052636
9425,-1.7166513994204122,55281124.45092984
9426,-0.3506573585695472,7433708.06455621
9427,-0.8515862195164238,16480463.732203845
9428,-1.1679467128711118,26532244.33569881
9429,0.9968022239614438,875456.2824675532
9430,-0.5945024713390674,10998851.593899816
9431,-1.5659384689091498,45835764.51446127
9432,0.7437520213932717,1288885.0719566387
9433,-1.6550497027546325,51279359.782437705
9434,1.034884454064225,826724.0664213819
9435,0.06232413497135114,3806824.6950984816
9436,-0.7659618941400178,14423177.329916224
9437,-0.6867945518460755,12734081.763525272
9438,0.0015899635727074145,4200175.048454895
9439,-0.0751178818914956,4756312.33025982
9440,-0.3624573290479501,7576819.924957476
9441,0.6129826854042719,1580171.1533740663
9442,0.019711112333862243,4078680.6790779047
9443,0.750096862273214,1276286.5059961155
9444,1.2302263458032419,618828.3369747443
9445,-1.384459194132115,36031402.43197699
9446,-0.7333810877879622,13704349.465666652
9447,-0.11705306489329977,5091087.204420485
9448,1.0630337793931912,792586.1422924895
9449,1.010518471753052,857556.45813001
9450,-1.3950637813852211,36557152.21571654
9451,0.24941650465880683,2815310.106876261
9452,-1.1832128839950766,27127223.854760773
9453,-0.6109134545890395,11290131.615498487
9454,-0.14031985597957952,5286911.348091588
9455,-1.4647333531806601,40156110.28399982
9456,0.18421148189456038,3126699.7204857613
9457,-0.5263342285307896,9863640.35647809
9458,0.3120149306692273,2546381.344760126
9459,0.02727772222254759,4029008.9634631276
9460,-2.2659952640551473,98347822.33430831
9461,-1.6819590723376485,53003729.244725205
9462,-0.602939328962455,11147697.486618284
9463,0.7409748595458528,1294441.0378422444
9464,-0.5957932871947619,11021501.905864319
9465,1.7366515931446627,302305.18147020513
9466,-0.24146685344244798,6229299.173922662
9467,0.29456064912695645,2618585.1469383324
9468,-1.4691132327464,40390810.061849445
9469,0.8877303911703582,1032949.4047275309
9470,-0.9752402150852943,19920055.33664913
9471,0.10342553270774521,3562055.8018769543
9472,0.21254897198670594,2987238.187214338
9473,0.4657624221351598,1993016.8790126683
9474,-0.6573119198438113,12153583.068195162
9475,-0.8340041081077472,16037402.194636261
9476,0.5956293956268149,1623769.8515252224
9477,0.10945228622164295,3527537.456020041
9478,0.550055022610313,1744412.6987727832
9479,0.5725807604513589,1683646.3846695165
9480,0.5065843625273319,1868284.7249458947
9481,0.7016240163386492,1375958.655683581
9482,-0.15421449259632555,5407427.977256899
9483,1.3276956536228137,536999.8876856786
9484,1.2250927531449993,623499.8677531093
9485,-0.4489002627765978,8710284.43832786
9486,0.40725082234600213,2187177.523929032
9487,0.4744796915915789,1965668.12550669
9488,0.1819478923516103,3138124.1571916398
9489,1.7207566422448912,308937.4484770583
9490,0.23668372498068785,2873506.3672120175
9491,-0.7435626722918851,13925346.812335823
9492,0.5339239301987669,1789341.991476559
9493,0.10449820911738994,3555886.9244497917
9494,-1.242579049653544,29546247.80175917
9495,0.7180192715717667,1341351.6823731952
9496,0.9317945843482025,965936.5795162449
9497,-0.20671124646349437,5888010.199548363
9498,-0.4880282591604465,9275831.345213622
9499,1.5407332422998723,396430.26340624096
9500,-1.1812634520549565,27050637.61965346
9501,0.6960955701299865,1387840.4753008613
9502,0.27737181345887113,2691760.6202065544
9503,0.00339565160646621,4187906.1438267697
9504,-3.0293922258845423,167290023.44412816
9505,1.1462633571300094,700264.5392910319
9506,0.992273645541945,881454.1628827312
9507,-1.5252725826044888,43489119.48867598
9508,0.2898040792865135,2638626.538911656
9509,0.39142213059050257,2243020.0692158053
9510,-1.583573806134072,46880304.59968536
9511,0.4514929756867836,2038646.0593366516
9512,0.20660442896276002,3015954.870040084
9513,-1.3028880815069472,32179441.398051757
9514,0.02483806836075614,4044956.9768736074
9515,-2.5004453739127173,119409165.29303014
9516,-1.2965356712448761,31893584.050627925
9517,-0.20574122412560805,5878755.924763124
9518,0.2905803266115795,2635345.0969266184
9519,-1.155766577723914,26065348.163213916
9520,-2.976166549299301,162614868.53544283
9521,0.1834129100101885,3130725.2705147397
9522,-1.601779190737479,47975622.08233333
9523,0.9699861936716027,911624.4106378902
9524,-0.5054106938163636,9538272.841296153
9525,-0.878612341651129,17183127.659876313
9526,1.8285913928492947,266910.350630748
9527,-0.9254455657269272,18464744.869639706
9528,0.15964423480635176,3253005.7951247813
9529,0.06746910231479655,3775271.042444624
9530,0.6785751060981831,1426219.3115332439
9531,0.06873533917880355,3767546.175482131
9532,0.21765736530911323,2962785.2883589
9533,-0.1853855231125239,5687857.9317858815
9534,-0.1713911240016388,5560207.91337057
9535,0.5472473769329861,1752146.7323823334
9536,0.7725026153098749,1232834.1359442957
9537,2.069580078992599,194139.42228531028
9538,0.48305856211214304,1939136.5300836873
9539,-0.013709781770103797,4305600.147696292
9540,0.4325410960636928,2100940.893255701
9541,-0.4895642293933555,9298738.918652656
9542,-0.04995105348652584,4566114.058374099
9543,0.08630036209758346,3662031.796226631
9544,0.7839781822878431,1211191.2453293032
9545,1.2318838335315627,617328.185370116
9546,1.0184990087839587,847323.5991175898
9547,-1.4204279229557195,37838213.02499938
9548,-3.0333143867117287,167632385.3335138
9549,0.4897728038053363,1918633.1096792289
9550,-0.053825261780845506,4594887.062290523
9551,-1.5428292943917572,44491618.2168142
9552,0.14021368637185944,3356595.79693678
9553,1.1450499657349473,701523.5780386912
9554,-0.141465794321534,5296748.416205919
9555,0.5072107486724948,1866435.74207079
9556,-0.933238505323303,18686090.97291505
9557,0.6492259630629986,1493047.6621926408
9558,-2.3510966063576753,105891645.63480805
9559,-0.0855846325668491,4837742.089038008
9560,0.1836682626398031,3129437.4763819724
9561,-0.7361032922299395,13763116.284671446
9562,0.47960594955582764,1949768.984523163
9563,0.3861940420665107,2261788.6642071754
9564,-1.8765830618913695,66542172.498465344
9565,0.9041362218370275,1007434.5125311258
9566,0.9314001085134348,966515.3782394297
9567,-0.4017622572440456,8073188.586346778
9568,-0.02497267518187279,4384913.991317945
9569,0.9249102726571299,976091.2892047801
9570,1.4920038753398204,424589.5773023476
9571,-0.1569227631612438,5431235.9686636245
9572,-1.7027163354805832,54359047.54997781
9573,-1.7867849397545306,60068256.659442745
9574,-1.6839704655823702,53134104.38467243
9575,-0.1614472219347001,5471243.362091832
9576,0.16137586339506224,3243934.21510442
9577,-0.723909274895745,13501680.213132394
9578,-0.7759774899730177,14651040.95767748
9579,0.8483350678809218,1097087.048257356
9580,0.5367397027870467,1781412.6379636228
9581,-0.7831336806569635,14815872.66743228
9582,1.4849392639801489,428851.73325336026
9583,-0.388426561105334,7901323.741463083
9584,-1.932165703611829,70732882.64131823
9585,0.436601106300647,2087430.4438212612
9586,0.17483345265818545,3174310.511068741
9587,0.28846599807905476,2644292.9442186975
9588,0.9713216764041384,909785.6368921034
9589,1.7850671598979633,283057.29837654374
9590,-1.380396754997072,35831530.80082105
9591,0.009879229037990309,4144150.9933521124
9592,-0.8393305302140139,16170471.058457406
9593,0.8060847497101031,1170630.8768147149
9594,1.7081981549080707,314291.6731999573
9595,-0.19412906619531523,5769088.666807203
9596,-1.735453771156762,56540688.11209568
9597,1.0660322496738022,789040.4993415999
9598,0.12466033780898628,3441942.211898533
9599,-1.4079635349651314,37204515.957249805
9600,2.1379713262314217,177741.32209913438
9601,-1.3303423622869053,33438184.69215175
9602,-0.2188726475249569,6005268.12952209
9603,-0.23445288008091947,6158880.436115765
9604,-1.1181014995069751,24664795.206923664
9605,0.3493349784955928,2398829.106950021
9606,1.3215547593344925,541790.4637693102
9607,0.5408219334431141,1769982.323472716
9608,-0.48825601884070197,9279224.736629508
9609,2.646476345591013,94786.50566774103
9610,0.03778612628931518,3961040.9223741884
9611,1.524382539362135,405642.7080771879
9612,-0.4284548336336379,8428179.944529813
9613,-0.7794537856802061,14730900.458060313
9614,0.2655220637855526,2743433.607444501
9615,-0.9558310418847651,19341163.645666588
9616,0.550764416878607,1742464.259452823
9617,-0.19215526705391586,5750651.071398057
9618,-0.9089271233687343,18003269.35517251
9619,0.510909505695267,1855556.6786301748
9620,1.304280424577247,555518.6765450863
9621,-0.06294808372957839,4663363.666751975
9622,-0.6959771942954864,12920114.480227878
9623,-0.28528307106276407,6687578.503627666
9624,0.17783401121118864,3158996.812186174
9625,-0.43812285756423214,8560457.661183517
9626,0.22121230181843748,2945889.9983342276
9627,-0.6521719082196951,12054954.582822025
9628,0.5156272655018473,1841776.8196293504
9629,1.3708145253317827,504639.2691726057
9630,1.4257399650061033,466473.6868438232
9631,1.1996254333159062,647249.5219428168
9632,-1.4132448503080746,37472038.1879142
9633,1.1757154600315178,670444.4055719357
9634,1.2962585219468528,562022.6521045354
9635,-0.1714787591158978,5560998.330093295
9636,0.3784226519128441,2289989.925292896
9637,1.059004855347144,797377.4134468306
9638,0.5384566213636246,1776595.8223401378
9639,-0.16163757097763648,5472932.947724943
9640,-1.2460175652207737,29691566.87064376
9641,0.801023214882439,1179788.0896049845
9642,-1.0532940158487836,22403964.87235079
9643,1.9868555391429628,216274.22395783596
9644,0.8142142220878806,1156081.487686355
9645,1.2215616130430076,626735.4600137827
9646,-0.8609310656748609,16720434.202358305
9647,0.07778021454434011,3712832.1021775645
9648,-0.4050388074884596,8115969.050261627
9649,-1.1791670191921746,26968475.87614101
9650,-1.017809681253941,21243234.995095916
9651,0.3601217445439599,2357854.1561107174
9652,-0.026187791218122345,4393558.585782911
9653,-1.1723449181037455,26702538.346935835
9654,0.5904473491974055,1637033.7354979373
9655,-0.5886633465413406,10896941.242140925
9656,-0.7445015102730912,13945890.036236893
9657,1.422560207446871,468594.6429795807
9658,-0.6343609828406787,11718982.934103627
9659,1.0355189835983045,825937.2895814659
9660,0.3645269888051975,2341329.809351616
9661,-0.31522260429255894,7019678.433186696
9662,0.9827638040624325,894193.9871018142
9663,-0.3570983608422487,7511494.623711673
9664,0.923615500852194,978013.9118624555
9665,0.572820508604451,1683011.7355977448
9666,0.12924845637522564,3416537.5946325012
9667,1.9418452036705511,229491.15018365832
9668,-0.6626766993227056,12257332.196124246
9669,0.01886696702218178,4084260.4840076715
9670,0.8327778862356876,1123576.326195063
9671,1.175938820632712,670223.5909629255
9672,0.03032332174542076,4009189.297595174
9673,-0.07818004984774954,4779991.97903759
9674,-0.8088333699373125,15421941.878942851
9675,-0.9261746257307505,18485353.314111046
9676,1.1723617751188349,673769.3814333767
9677,0.6273410474515271,1545030.5300666303
9678,0.8435765272319055,1105117.8836463648
9679,0.6087687763117009,1590643.5455094124
9680,0.5223561082396273,1822308.2631300206
9681,0.9985761276062548,873118.8278346735
9682,2.163440720754848,172034.98217968093
9683,0.4861819064099335,1929570.3311378434
9684,-0.5162617705249317,9705703.833140273
9685,0.8883849863487531,1031918.203862358
9686,-0.9468046548832297,19077042.33378811
9687,-1.6186316323297019,49004901.92437833
9688,0.31475617684697643,2535230.0410132455
9689,1.697449974977194,318955.8143982703
9690,0.18137772623863727,3141008.5544807403
9691,-0.9195781274636206,18299632.567453183
9692,-0.07580550440492698,4761619.407795151
9693,-0.3925790481004183,7954453.631171422
9694,0.15881564598527842,3257355.753680303
9695,-0.4810445741353674,9172359.50657912
9696,0.9122531418221284,995061.3375592529
9697,0.9032481819752342,1008798.1893009323
9698,0.3537090710455665,2382125.187663569
9699,1.2485420346326146,602469.2825009283
9700,0.4347170931935781,2093688.5470816821
9701,0.3303168398350982,2472880.6809333833
9702,-0.8665993623834534,16867526.68892697
9703,-0.04279346116615324,4513432.545251018
9704,-0.24395670387127585,6254487.961785505
9705,0.25726229638451975,2780056.1919605257
9706,-1.177886038637113,26918374.415033307
9707,0.324190012889973,2497238.294778959
9708,-0.5641481110586956,10478782.693960221
9709,-1.0497229757770952,22284725.694425423
9710,-0.6599984404746251,12205434.06501249
9711,-2.414012469873766,111551887.3961491
9712,0.8432388139991728,1105690.2137465428
9713,1.4717230660917824,436952.1521031695
9714,-1.8907877403803948,67600209.742108
9715,-0.21861348120321009,6002745.289968314
9716,-1.0363681650142547,21843637.903131824
9717,0.22928980018170544,2907868.0158675383
9718,-1.5697592980206632,46060693.75218963
9719,0.7999529810442982,1181734.0953753854
9720,2.1621452120981783,172320.2422706917
9721,-0.292259036490472,6763548.684923115
9722,0.9254061653961482,975356.0064375831
9723,-0.5236317318320318,9821025.059996275
9724,0.853075913143507,1089148.0721998909
9725,0.4070960084179006,2187716.6318060956
9726,1.00796511203577,860858.509064513
9727,0.03932879810743152,3951161.3224329343
9728,1.7265167743415462,306515.53974259464
9729,-0.13125225476977784,5209713.702598914
9730,-0.10801719134950878,5017009.612426727
9731,-1.4325531624929746,38462403.65165726
9732,-0.5092682351812504,9597474.231497528
9733,0.32594901390986897,2490219.941012274
9734,-0.19123591136526336,5742083.231942561
9735,-1.6198498588170094,49079877.390586175
9736,-2.497491739838155,119139507.66786675
9737,-0.616948353928117,11399069.808686448
9738,0.38085360558221915,2281129.2638880475
9739,-0.3586213210390214,7530003.140298179
9740,-2.587413359673534,127371027.85808694
9741,-1.144580558674577,25642614.89395859
9742,-0.13018080714034458,5200666.649898045
9743,-1.1255081774056719,24935093.906208355
9744,-0.9613970885769296,19505637.9127295
9745,0.7167065527422761,1344088.258941414
9746,-0.003893722779896675,4237657.744790416
9747,-0.5765244068019105,10687941.763754638
9748,-0.9502157959285591,19176478.35660914
9749,0.23149874615084923,2897558.351226776
9750,0.7029802468065067,1373060.3273319928
9751,0.16128623215980262,3244403.1350028026
9752,-2.1838720101730935,91225688.72533801
9753,0.3986193540413113,2217447.0306339073
9754,0.019578837006135493,4079554.509207599
9755,-0.2550667782816711,6368117.687098847
9756,0.9138298959457752,992676.739816151
9757,0.17044614441809156,3196838.7300990946
9758,0.3590402388675181,2361929.43261282
9759,0.9573437689404597,929230.5962727389
9760,-0.14661231348967474,5341153.637723272
9761,0.008143698528304929,4155817.86965294
9762,2.174965216730903,169520.49530232782
9763,-0.13692064874319565,5257838.854407769
9764,1.6046862915048457,362550.66363614757
9765,-0.5762956198045565,10684039.489779796
9766,1.0599448293733813,796256.7868126561
9767,-0.34341225693018673,7347152.560000314
9768,2.7803045769768424,80933.22639711329
9769,-1.336819239279669,33740688.00426108
9770,-1.0046362224152274,20825799.087563958
9771,-0.05195408472366439,4580967.45967147
9772,-0.04761822140324324,4548876.171532058
9773,-1.1973792335609812,27689162.3109494
9774,1.460052505582968,444245.2406730574
9775,0.21301819408685074,2984983.484397671
9776,0.5895907466019078,1639237.2508958764
9777,-1.6672734134753118,52058075.17534558
9778,0.7596878636895483,1257490.1385673382
9779,-0.8075415058936816,15390942.88779199
9780,-0.059312720733216154,4635954.091509984
9781,-2.770659395094382,144147783.440214
9782,0.9959871143970452,876532.6032049268
9783,-1.2776018421598923,31053500.555710446
9784,-0.9163846788101249,18210321.55876702
9785,-0.933150676854988,18683583.26059029
9786,0.43852219346423826,2081069.2840622456
9787,-0.03204844233394648,4435494.644075965
9788,0.4167951558464391,2154207.106967576
9789,1.0141709112897384,852856.7652198424
9790,-0.8041629655496895,15310141.863983069
9791,-1.036986590400657,21863895.66841319
9792,-1.3921605505851113,36412640.743500225
9793,0.5039005379703767,1876228.6636647915
9794,-0.08142951945761452,4805249.60224343
9795,0.4007392251306822,2209972.7294325745
9796,-0.4128708864388385,8219124.221684223
9797,-0.1366982286073028,5255942.135838015
9798,0.3147947138086123,2535073.6346050156
9799,0.926607552937001,973577.1176028545
9800,0.7489994786698227,1278456.1178605985
9801,0.1280971695526849,3422894.2662690543
9802,0.14340985385199112,3339326.9797924007
9803,-1.3499257668780935,34359344.91711133
9804,0.40338549377540533,2200679.2242872445
9805,1.214208526199251,633531.9195430626
9806,0.8189264860198636,1147736.3215327153
9807,-0.31121170936264286,6974264.49436725
9808,0.20727562292128682,3012698.335449427
9809,1.5376035008502182,398175.6510450264
9810,-1.1835911645931907,27142105.89474246
9811,0.8515721346176421,1091659.6150148958
9812,0.27143694408306795,2717513.9546550056
9813,0.8988612795985994,1015563.8197410875
9814,-1.4882056077171673,41425608.981613606
9815,-1.8499067414588182,64579817.92656142
9816,1.2169603755989238,630979.0381582989
9817,0.020884272299094106,4070938.906755616
9818,0.22721344115674444,2917593.281051153
9819,-1.4194049030900528,37785898.63528852
9820,0.6742096206211325,1435955.8231696319
9821,-0.6278514045576931,11598406.975186158
9822,-0.5921497697965068,10957681.573385155
9823,0.5946973266816918,1626147.1843644876
9824,-0.47964573037192976,9151767.996131899
9825,-0.5380289381965444,10050101.506733453
9826,-2.3654016862033216,107173178.69781503
9827,1.2666436994575823,586763.401892972
9828,2.23945615759648,156186.16624035838
9829,0.37507029975189504,2302267.740953811
9830,-0.41160798695508405,8202405.001882853
9831,0.11050911814383264,3521519.680552629
9832,-0.0969843620879762,4928023.99340946
9833,0.7060346889237731,1366556.5187838867
9834,-0.7743365124396541,14613481.880916638
9835,-0.4152045417691696,8250106.087571351
9836,-0.009834455365524967,4278646.300222062
9837,1.7684316075912432,289513.06635450176
9838,0.2115644281649962,2991974.8014177084
9839,-1.2163171252167708,28455285.453142464
9840,0.19896954550816756,3053253.696090886
9841,1.151657101046915,694697.476789146
9842,0.20622063260270476,3017818.6185294264
9843,1.3989665949301964,484666.56942401116
9844,-0.019281466228766364,4344653.496056679
9845,-0.31420443406407145,7008122.607874887
9846,-0.5758382950342925,10676243.25268936
9847,0.2691410561933297,2727544.6529733487
9848,-0.5403756057815786,10087920.859709991
9849,-0.21859490401172724,6002564.491768621
9850,0.10191581844290154,3570756.540399955
9851,-0.04582051173483331,4535637.180701629
9852,-0.37537519284103554,7736577.702741524
9853,-1.1279555797077454,25024956.063675772
9854,-0.030825917500417813,4426713.622185953
9855,1.0701570601923442,784190.958966802
9856,0.015046275929628022,4109612.125644567
9857,-0.40676889042426395,8138646.844454364
9858,-0.41572913960413177,8257086.309170754
9859,0.5071967352390921,1866477.0863108537
9860,-0.22108174603424194,6026815.212826666
9861,1.3813001357763508,497096.6689313857
9862,0.8021820456174439,1177684.839589892
9863,0.3578080837012985,2366581.290695801
9864,-0.6589190817955981,12184577.07729495
9865,-1.3087933171000614,32446988.356407244
9866,-0.027467572715567823,4402681.823106639
9867,0.24566709155588504,2832319.910162012
9868,-1.8344315955577557,63456416.529706165
9869,-1.6313440441965263,49791066.566465825
9870,0.7893013572081854,1201289.4586336017
9871,-2.642410228969168,132416028.58375067
9872,-0.6036363184245856,11160078.973748483
9873,1.466939090727726,439925.68101785204
9874,-1.1226594494208744,24830838.595550355
9875,-0.3738780884655319,7717895.528007909
9876,1.4916839049387114,424781.60804717394
9877,0.03960708224995175,3949381.7947980454
9878,-0.9868940777002452,20274915.58678959
9879,-0.5366308490884537,10027634.103885114
9880,-1.8337276695262559,63405580.341795824
9881,0.2234183072583971,2935455.5213135816
9882,0.36809953865895967,2328017.2750631617
9883,0.03057093813742846,4007582.2504890426
9884,0.6470863497709365,1498047.3824545715
9885,-1.2901383578600745,31607743.064700328
9886,1.254316823777167,597409.5768847049
9887,0.7730572218639366,1231778.7364862722
9888,0.2365953097123095,2873914.7792869657
9889,-0.8507357116954483,16458778.596062176
9890,-0.4094630235605345,8174084.066162667
9891,-0.3640421248876335,7596244.60534264
9892,0.6708906415832931,1443405.3390984968
9893,-0.7082524972964849,13172762.45862996
9894,2.7187160808083077,87006.3520978027
9895,1.135919898649979,711076.2291588692
9896,-0.2985667302119175,6832972.560203766
9897,-1.0375621601015972,21882764.204380736
9898,-0.02930256105060799,4415796.358007342
9899,-0.856214128404367,16598913.828632418
9900,-1.6400253227111812,50332736.289065145
9901,0.41744085315436136,2151995.360812497
9902,-2.5784166589826114,126546016.87355302
9903,-0.16620005838822718,5513586.81833596
9904,2.179000441035142,168649.79963439004
9905,1.4474361852043744,452280.1642300945
9906,1.412022687563487,475699.3599778155
9907,0.28166863345716264,2673272.6518499693
9908,0.847453962215738,1098569.343879191
9909,-0.49100219353796914,9320234.15884779
9910,2.1649142491196294,171711.16523962005
9911,-0.25451672490324717,6362444.210702199
9912,-1.6194335695723714,49054248.31663716
9913,-0.3742804647773685,7722912.399279187
9914,-1.000458674432946,20694924.593943868
9915,1.0891273395271206,762298.770610306
9916,-0.8658206457677838,16847250.006003004
9917,0.22914127427421427,2908562.5736838467
9918,0.7395641834128721,1297272.9650541956
9919,-0.9582895763264766,19413660.672642075
9920,2.1829947058457946,167792.8639553729
9921,-0.47518995758374677,9086473.874474656
9922,-0.12119557856218674,5125413.531890232
9923,1.6988651391964829,318337.3472322967
9924,0.4078127384449291,2185221.9279367737
9925,-0.33723893061340215,7274180.782301739
9926,0.37593823281708816,2299082.4326755134
9927,0.31366569212524126,2539660.0329831615
9928,0.17312093381744828,3183084.635725202
9929,0.77741942178182,1223511.0575527486
9930,-0.3995307550486697,8044178.528438821
9931,0.31026194126758244,2553539.047632347
9932,-1.5969370777016754,47682614.28254021
9933,-0.7573873296914554,14230696.254114809
9934,-1.3022491043715319,32150596.211142197
9935,-1.819338982078813,62371541.69854097
9936,-0.5857702583513028,10846780.700189296
9937,-0.6338242059695215,11708995.765183948
9938,-1.4624615154181022,40034766.59681194
9939,-1.302285917477605,32152257.501107838
9940,0.1146396252377788,3498100.175996519
9941,-1.4081483755376571,37213854.56807379
9942,0.10679904009848915,3542691.7444255757
9943,-0.44850324805706143,8704720.418464344
9944,0.3531008377755983,2384440.684833691
9945,-0.8093646313928241,15434706.32875447
9946,-0.5286352436525521,9900064.266360896
9947,-0.29946239697993,6842887.172959716
9948,0.007084572437737058,4162954.0341064273
9949,-0.44737562949049614,8688935.992564563
9950,0.5624600575139084,1710668.331933884
9951,-0.1413684251167451,5295911.860003151
9952,1.0220489109589521,842814.1907652216
9953,-0.8002184718183195,15216296.274549784
9954,-0.7216932222983463,13454666.272654284
9955,0.0358198002756686,3973670.0330328196
9956,-0.5357436656201593,10013401.912062509
9957,-0.12294425374428976,5139973.136468972
9958,-1.6229661130278596,49272016.38827694
9959,-0.20167823944647417,5840150.722594747
9960,1.7582640804347334,293539.16426016856
9961,-1.3440621048727275,34081487.49881869
9962,-0.24785313646436874,6294109.008022087
9963,-0.6901706971978684,12802187.023854038
9964,-1.6640439371971703,51851596.541437075
9965,-0.4539866236517748,8781873.023760704
9966,-1.0622049960892914,22703904.539980236
9967,3.603366906341851,32302.665206774323
9968,-0.35747287452912596,7516041.9547294965
9969,1.6890054253822264,322674.1034303782
9970,1.9912445492947484,215031.52655414923
9971,0.3440004925615266,2419365.1929888315
9972,-1.5791444428812682,46616426.83461846
9973,0.20464777868840728,3025468.901605867
9974,-0.45283010059483997,8765545.594778715
9975,0.610039299242241,1587478.361452571
9976,-0.9168510143615646,18223339.256387014
9977,-0.7091096810056988,13190575.615053894
9978,-0.20271812554794957,5850007.341146072
9979,0.04491796344197726,3915576.0378072737
9980,0.49529070742188724,1901952.8840092132
9981,0.7150289923357449,1347594.0322616915
9982,-1.14188297741211,25541532.86625447
9983,0.34787562606640815,2404429.12327135
9984,0.12069499191948119,3464053.8914107536
9985,0.2779837695145216,2689119.5099105434
9986,-0.6802364605454093,12602755.181913795
9987,1.2982467945276104,560402.8902564342
9988,0.2279707024516948,2914042.5442833905
9989,0.022641921918090634,4059367.894398618
9990,0.6384911199890211,1518311.1823830183
9991,0.01979608192440848,4078119.4575783103
9992,1.2649454372573612,588217.7494168255
9993,-0.3435803189239743,7349149.130605028
9994,-0.7699695854902502,14513961.581472615
9995,1.2007726239881644,646158.7921773194
9996,-0.1863751486648469,5696994.500248709
9997,-1.6663451853344051,51998673.68164891
9998,-0.7006046120189902,13014820.076881018
9999,-0.799778636673736,15205864.587880319
10000,-1.7374443398959556,56675066.68004487
