date,entity_code,stock_return,entity_name,industry,region,lgd,base_pd_hint,size_bucket,analyst_note,region_note,irrelevant_score,industry_return,EAD,booking_date,internal_comment,base_pd_hint_note
2025-12-11,A-0172SR,-0.0085442329635067,Company_A_45,A,Europe,0.4027117259847115,0.0229545316139667,Small,manual review,legacy,17,-0.0140858050562602,7447607.101690142,2025-12-11,review,original base_pd_hint available
2025-05-05,A-5CRVMF,0.0252174420150342,Company_A_33,A,Europe,0.371051433725741,0.0187736107702894,Large,,legacy,24,-0.00847882823129,14540527.40955621,2025-05-03,,original base_pd_hint available
2025-05-06,A-5CRVMF,9.43169681259775e-05,Company_A_33,A,Europe,0.371051433725741,0.0187736107702894,Large,,legacy,24,-0.0161446099702318,14540527.40955621,2025-05-03,,original base_pd_hint available
2025-05-07,A-5CRVMF,0.0049885385245869,Company_A_33,A,Europe,0.371051433725741,0.0187736107702894,Large,,legacy,24,-0.0096620235568906,14540527.40955621,2025-05-03,,original base_pd_hint available
2025-05-09,A-5CRVMF,0.000499609028475,Company_A_33,A,Europe,0.371051433725741,0.0187736107702894,Large,,legacy,24,0.0129026337937017,14540527.40955621,2025-05-03,,original base_pd_hint available
2025-05-12,A-5CRVMF,0.0229597773888773,Company_A_33,A,Europe,0.371051433725741,0.0187736107702894,Large,,legacy,24,-0.0022773491009264,14540527.40955621,2025-05-03,,original base_pd_hint available
2025-06-02,A-5CRVMF,0.0179788816403676,Company_A_33,A,Europe,0.371051433725741,0.0187736107702894,Large,,legacy,24,-0.0005529602076241,14540527.40955621,2025-05-03,,original base_pd_hint available
2025-06-03,A-5CRVMF,-0.0090829675513644,Company_A_33,A,Europe,0.371051433725741,0.0187736107702894,Large,,legacy,24,-0.0172330905611457,14540527.40955621,2025-05-03,,original base_pd_hint available
2025-06-04,A-5CRVMF,0.0069624044367321,Company_A_33,A,Europe,0.371051433725741,0.0187736107702894,Large,,legacy,24,0.0183184481974437,14540527.40955621,2025-05-03,,original base_pd_hint available
2025-06-05,A-5CRVMF,0.0035035477838196,Company_A_33,A,Europe,0.371051433725741,0.0187736107702894,Large,,legacy,24,0.0106371342459794,14540527.40955621,2025-05-03,,original base_pd_hint available
2025-06-06,A-5CRVMF,,Company_A_33,A,Europe,0.371051433725741,0.0187736107702894,Large,,legacy,24,,14540527.40955621,2025-05-03,,original base_pd_hint available
2025-06-09,A-5CRVMF,0.0808589202378395,Company_A_33,A,Europe,0.371051433725741,0.0187736107702894,Large,,legacy,24,0.0090953812038202,14540527.40955621,2025-05-03,,original base_pd_hint available
2025-06-10,A-5CRVMF,0.0101084311061408,Company_A_33,A,Europe,0.371051433725741,0.0187736107702894,Large,,legacy,24,-0.0136191224008954,14540527.40955621,2025-05-03,,original base_pd_hint available
2025-06-11,A-5CRVMF,-0.0035905222396446,Company_A_33,A,Europe,0.371051433725741,0.0187736107702894,Large,,legacy,24,-0.0100323173756178,14540527.40955621,2025-05-03,,original base_pd_hint available
2025-06-12,A-5CRVMF,0.0113474114461855,Company_A_33,A,Europe,0.371051433725741,0.0187736107702894,Large,,legacy,24,0.0032989542439667,14540527.40955621,2025-05-03,,original base_pd_hint available
2025-07-01,A-5CRVMF,-0.0204652668472679,Company_A_33,A,Europe,0.371051433725741,0.0187736107702894,Large,,legacy,24,-0.0096219712289246,14540527.40955621,2025-05-03,,original base_pd_hint available
2025-07-02,A-5CRVMF,-0.0075400777293103,Company_A_33,A,Europe,0.371051433725741,0.0187736107702894,Large,,legacy,24,-0.0037149241794859,14540527.40955621,2025-05-03,,original base_pd_hint available
2025-07-04,A-5CRVMF,-0.0142775356169436,Company_A_33,A,Europe,0.371051433725741,0.0187736107702894,Large,,legacy,24,-0.0133838372809235,14540527.40955621,2025-05-03,,original base_pd_hint available
2025-07-07,A-5CRVMF,-0.0136254245980648,Company_A_33,A,Europe,0.371051433725741,0.0187736107702894,Large,,legacy,24,-0.0251194077625596,14540527.40955621,2025-05-03,,original base_pd_hint available
2025-07-08,A-5CRVMF,-0.00951792326784,Company_A_33,A,Europe,0.371051433725741,0.0187736107702894,Large,,legacy,24,,14540527.40955621,2025-05-03,,original base_pd_hint available
2025-07-09,A-5CRVMF,0.0001544384038742,Company_A_33,A,Europe,0.371051433725741,0.0187736107702894,Large,,legacy,24,0.0094232451859564,14540527.40955621,2025-05-03,,original base_pd_hint available
2025-07-10,A-5CRVMF,-0.0031441078377467,Company_A_33,A,Europe,0.371051433725741,0.0187736107702894,Large,,legacy,24,0.0158541643653866,14540527.40955621,2025-05-03,,original base_pd_hint available
2025-07-11,A-5CRVMF,0.0116522888361732,Company_A_33,A,Europe,0.371051433725741,0.0187736107702894,Large,,legacy,24,0.012309197644808,14540527.40955621,2025-05-03,,original base_pd_hint available
2025-08-01,A-5CRVMF,0.0230962681192244,Company_A_33,A,Europe,0.371051433725741,0.0187736107702894,Large,,legacy,24,0.0105578088644496,14540527.40955621,2025-05-03,,original base_pd_hint available
2025-08-04,A-5CRVMF,-0.0362353279675206,Company_A_33,A,Europe,0.371051433725741,0.0187736107702894,Large,,legacy,24,-0.0078399411625386,14540527.40955621,2025-05-03,,original base_pd_hint available
2025-08-05,A-5CRVMF,0.0125985514658764,Company_A_33,A,Europe,0.371051433725741,0.0187736107702894,Large,,legacy,24,0.0094866941709183,14540527.40955621,2025-05-03,,original base_pd_hint available
2025-08-06,A-5CRVMF,-0.0105601146160853,Company_A_33,A,Europe,0.371051433725741,0.0187736107702894,Large,,legacy,24,-0.0035578472668993,14540527.40955621,2025-05-03,,original base_pd_hint available
2025-08-07,A-5CRVMF,0.0041311128952298,Company_A_33,A,Europe,0.371051433725741,0.0187736107702894,Large,,legacy,24,0.0095459566054523,14540527.40955621,2025-05-03,,original base_pd_hint available
2025-08-08,A-5CRVMF,-0.0092437307012601,Company_A_33,A,Europe,0.371051433725741,0.0187736107702894,Large,,legacy,24,0.0036068720141056,14540527.40955621,2025-05-03,,original base_pd_hint available
2025-08-11,A-5CRVMF,-0.0163755857456985,Company_A_33,A,Europe,0.371051433725741,0.0187736107702894,Large,,legacy,24,0.0009696416285378,14540527.40955621,2025-05-03,,original base_pd_hint available
2025-08-12,A-5CRVMF,-0.0111219975559009,Company_A_33,A,Europe,0.371051433725741,0.0187736107702894,Large,,legacy,24,-0.002935172692495,14540527.40955621,2025-05-03,,original base_pd_hint available
2025-09-01,A-5CRVMF,0.002856025912752,Company_A_33,A,Europe,0.371051433725741,0.0187736107702894,Large,,legacy,24,,14540527.40955621,2025-05-03,,original base_pd_hint available
2025-09-02,A-5CRVMF,0.0263716831366506,Company_A_33,A,Europe,0.371051433725741,0.0187736107702894,Large,,legacy,24,0.0021873458027918,14540527.40955621,2025-05-03,,original base_pd_hint available
2025-09-03,A-5CRVMF,-0.0102692390037289,Company_A_33,A,Europe,0.371051433725741,0.0187736107702894,Large,,legacy,24,-0.0269105665309313,14540527.40955621,2025-05-03,,original base_pd_hint available
2025-09-04,A-5CRVMF,-0.0064246972774034,Company_A_33,A,Europe,0.371051433725741,0.0187736107702894,Large,,legacy,24,-0.0109398895694683,14540527.40955621,2025-05-03,,original base_pd_hint available
2025-09-05,A-5CRVMF,0.0170408796881087,Company_A_33,A,Europe,0.371051433725741,0.0187736107702894,Large,,legacy,24,-0.0151822149727439,14540527.40955621,2025-05-03,,original base_pd_hint available
2025-09-08,A-5CRVMF,-0.0326951786818413,Company_A_33,A,Europe,0.371051433725741,0.0187736107702894,Large,,legacy,24,-0.003197959946638,14540527.40955621,2025-05-03,,original base_pd_hint available
2025-09-09,A-5CRVMF,-0.0186626109144821,Company_A_33,A,Europe,0.371051433725741,0.0187736107702894,Large,,legacy,24,0.0016963673318161,14540527.40955621,2025-05-03,,original base_pd_hint available
2025-09-10,A-5CRVMF,-0.0229483199199704,Company_A_33,A,Europe,0.371051433725741,0.0187736107702894,Large,,legacy,24,-0.0182352677685309,14540527.40955621,2025-05-03,,original base_pd_hint available
2025-09-11,A-5CRVMF,0.0201025060310436,Company_A_33,A,Europe,0.371051433725741,0.0187736107702894,Large,,legacy,24,-0.0068066432691066,14540527.40955621,2025-05-03,,original base_pd_hint available
2025-09-12,A-5CRVMF,0.0112918991180849,Company_A_33,A,Europe,0.371051433725741,0.0187736107702894,Large,,legacy,24,-0.0070989753663894,14540527.40955621,2025-05-03,,original base_pd_hint available
2025-10-01,A-5CRVMF,0.0366786914489881,Company_A_33,A,Europe,0.371051433725741,0.0187736107702894,Large,,legacy,24,0.0100992546753692,14540527.40955621,2025-05-03,,original base_pd_hint available
2025-10-02,A-5CRVMF,0.014650817222478,Company_A_33,A,Europe,0.371051433725741,0.0187736107702894,Large,,legacy,24,0.0128222583263302,14540527.40955621,2025-05-03,,original base_pd_hint available
2025-10-03,A-5CRVMF,0.0029473316425846,Company_A_33,A,Europe,0.371051433725741,0.0187736107702894,Large,,legacy,24,-0.0147715335897255,14540527.40955621,2025-05-03,,original base_pd_hint available
2025-10-06,A-5CRVMF,0.0195357509920194,Company_A_33,A,Europe,0.371051433725741,0.0187736107702894,Large,,legacy,24,0.0202534547427589,14540527.40955621,2025-05-03,,original base_pd_hint available
2025-10-07,A-5CRVMF,0.0250481995748228,Company_A_33,A,Europe,0.371051433725741,0.0187736107702894,Large,,legacy,24,-0.0002841086384081,14540527.40955621,2025-05-03,,original base_pd_hint available
2025-10-08,A-5CRVMF,-0.0133212259232261,Company_A_33,A,Europe,0.371051433725741,0.0187736107702894,Large,,legacy,24,-0.0240693646725217,14540527.40955621,2025-05-03,,original base_pd_hint available
2025-10-09,A-5CRVMF,-0.0149551130854772,Company_A_33,A,Europe,0.371051433725741,0.0187736107702894,Large,,legacy,24,-0.004096752034854,14540527.40955621,2025-05-03,,original base_pd_hint available
2025-11-04,A-5CRVMF,0.0315308130720843,Company_A_33,A,Europe,0.371051433725741,0.0187736107702894,Large,,legacy,24,-0.0002530604133823,14540527.40955621,2025-05-03,,original base_pd_hint available
2025-11-05,A-5CRVMF,-0.0130895363807045,Company_A_33,A,Europe,0.371051433725741,0.0187736107702894,Large,,legacy,24,0.008650284141478,14540527.40955621,2025-05-03,,original base_pd_hint available
2025-11-06,A-5CRVMF,-0.0049259227296101,Company_A_33,A,Europe,0.371051433725741,0.0187736107702894,Large,,legacy,24,0.0088547044735975,14540527.40955621,2025-05-03,,original base_pd_hint available
2025-11-07,A-5CRVMF,0.0056125065041816,Company_A_33,A,Europe,0.371051433725741,0.0187736107702894,Large,,legacy,24,-0.0099532256341279,14540527.40955621,2025-05-03,,original base_pd_hint available
2025-11-10,A-5CRVMF,-0.004271208678453,Company_A_33,A,Europe,0.371051433725741,0.0187736107702894,Large,,legacy,24,-0.0111179190924326,14540527.40955621,2025-05-03,,original base_pd_hint available
2025-11-11,A-5CRVMF,0.0024751128272767,Company_A_33,A,Europe,0.371051433725741,0.0187736107702894,Large,,legacy,24,0.00946653772823,14540527.40955621,2025-05-03,,original base_pd_hint available
2025-11-12,A-5CRVMF,-0.0146713929319729,Company_A_33,A,Europe,0.371051433725741,0.0187736107702894,Large,,legacy,24,-0.0167516922712146,14540527.40955621,2025-05-03,,original base_pd_hint available
2025-12-01,A-5CRVMF,0.0014421953631945,Company_A_33,A,Europe,0.371051433725741,0.0187736107702894,Large,,legacy,24,0.0033863437893976,14540527.40955621,2025-05-03,,original base_pd_hint available
2025-12-02,A-5CRVMF,-0.0062648967825053,Company_A_33,A,Europe,0.371051433725741,0.0187736107702894,Large,,legacy,24,-0.0026471166291688,14540527.40955621,2025-05-03,,original base_pd_hint available
2025-12-03,A-5CRVMF,-0.0161428693652963,Company_A_33,A,Europe,0.371051433725741,0.0187736107702894,Large,,legacy,24,-0.0112637381058377,14540527.40955621,2025-05-03,,original base_pd_hint available
2025-12-04,A-5CRVMF,-0.0252604174030642,Company_A_33,A,Europe,0.371051433725741,0.0187736107702894,Large,,legacy,24,,14540527.40955621,2025-05-03,,original base_pd_hint available
2025-12-05,A-5CRVMF,-0.0194343763678684,Company_A_33,A,Europe,0.371051433725741,0.0187736107702894,Large,,legacy,24,-0.0003015667345061,14540527.40955621,2025-05-03,,original base_pd_hint available
2025-12-08,A-5CRVMF,0.0153908136824789,Company_A_33,A,Europe,0.371051433725741,0.0187736107702894,Large,,legacy,24,0.0131517878771854,14540527.40955621,2025-05-03,,original base_pd_hint available
2025-12-09,A-5CRVMF,-0.0031264638872153,Company_A_33,A,Europe,0.371051433725741,0.0187736107702894,Large,,legacy,24,0.0073362825364422,14540527.40955621,2025-05-03,,original base_pd_hint available
2025-12-10,A-5CRVMF,-0.002022870229467,Company_A_33,A,Europe,0.371051433725741,0.0187736107702894,Large,,legacy,24,0.0160656307289417,14540527.40955621,2025-05-03,,original base_pd_hint available
2025-12-11,A-5CRVMF,0.0144784813910386,Company_A_33,A,Europe,0.371051433725741,0.0187736107702894,Large,,legacy,24,-0.0140858050562602,14540527.40955621,2025-05-03,,original base_pd_hint available
2025-12-12,A-5CRVMF,0.0587088565373097,Company_A_33,A,Europe,0.371051433725741,0.0187736107702894,Large,,legacy,24,0.0199773459418865,14540527.40955621,2025-05-03,,original base_pd_hint available
2025-07-07,A-7Y1UPH,-0.0352079489087943,Company_A_27,A,South America,0.523272203388481,0.0133680364113021,Small,,satellite,21,-0.0251194077625596,10404808.080774983,2025-07-05,,original base_pd_hint available
2025-07-08,A-7Y1UPH,-0.011924534606654,Company_A_27,A,South America,0.523272203388481,0.0133680364113021,Small,,satellite,21,,10404808.080774983,2025-07-05,,original base_pd_hint available
2025-07-09,A-7Y1UPH,-0.005893513412896,Company_A_27,A,South America,0.523272203388481,0.0133680364113021,Small,,satellite,21,0.0094232451859564,10404808.080774983,2025-07-05,,original base_pd_hint available
2025-07-10,A-7Y1UPH,0.0312072409903059,Company_A_27,A,South America,0.523272203388481,0.0133680364113021,Small,,satellite,21,0.0158541643653866,10404808.080774983,2025-07-05,,original base_pd_hint available
2025-07-11,A-7Y1UPH,0.0048645246103195,Company_A_27,A,South America,0.523272203388481,0.0133680364113021,Small,,satellite,21,0.012309197644808,10404808.080774983,2025-07-05,,original base_pd_hint available
2025-08-04,A-7Y1UPH,-0.0143221363463212,Company_A_27,A,South America,0.523272203388481,0.0133680364113021,Small,,satellite,21,-0.0078399411625386,10404808.080774983,2025-07-05,,original base_pd_hint available
2025-08-06,A-7Y1UPH,0.009543030640863,Company_A_27,A,South America,0.523272203388481,0.0133680364113021,Small,,satellite,21,-0.0035578472668993,10404808.080774983,2025-07-05,,original base_pd_hint available
2025-08-08,A-7Y1UPH,-0.0367434329289615,Company_A_27,A,South America,0.523272203388481,0.0133680364113021,Small,,satellite,21,0.0036068720141056,10404808.080774983,2025-07-05,,original base_pd_hint available
2025-08-11,A-7Y1UPH,0.0223405928018011,Company_A_27,A,South America,0.523272203388481,0.0133680364113021,Small,,satellite,21,0.0009696416285378,10404808.080774983,2025-07-05,,original base_pd_hint available
2025-08-12,A-7Y1UPH,0.0224245488629095,Company_A_27,A,South America,0.523272203388481,0.0133680364113021,Small,,satellite,21,-0.002935172692495,10404808.080774983,2025-07-05,,original base_pd_hint available
2025-09-01,A-7Y1UPH,0.0122434634748565,Company_A_27,A,South America,0.523272203388481,0.0133680364113021,Small,,satellite,21,,10404808.080774983,2025-07-05,,original base_pd_hint available
2025-09-02,A-7Y1UPH,0.000795835040066,Company_A_27,A,South America,0.523272203388481,0.0133680364113021,Small,,satellite,21,0.0021873458027918,10404808.080774983,2025-07-05,,original base_pd_hint available
2025-09-03,A-7Y1UPH,-0.018906281747577,Company_A_27,A,South America,0.523272203388481,0.0133680364113021,Small,,satellite,21,-0.0269105665309313,10404808.080774983,2025-07-05,,original base_pd_hint available
2025-09-04,A-7Y1UPH,0.0126933368936936,Company_A_27,A,South America,0.523272203388481,0.0133680364113021,Small,,satellite,21,-0.0109398895694683,10404808.080774983,2025-07-05,,original base_pd_hint available
2025-09-05,A-7Y1UPH,0.0034666052987168,Company_A_27,A,South America,0.523272203388481,0.0133680364113021,Small,,satellite,21,-0.0151822149727439,10404808.080774983,2025-07-05,,original base_pd_hint available
2025-09-08,A-7Y1UPH,0.0241960446015897,Company_A_27,A,South America,0.523272203388481,0.0133680364113021,Small,,satellite,21,-0.003197959946638,10404808.080774983,2025-07-05,,original base_pd_hint available
2025-09-09,A-7Y1UPH,-0.0107518021550069,Company_A_27,A,South America,0.523272203388481,0.0133680364113021,Small,,satellite,21,0.0016963673318161,10404808.080774983,2025-07-05,,original base_pd_hint available
2025-09-10,A-7Y1UPH,-0.0268094215083453,Company_A_27,A,South America,0.523272203388481,0.0133680364113021,Small,,satellite,21,-0.0182352677685309,10404808.080774983,2025-07-05,,original base_pd_hint available
2025-09-11,A-7Y1UPH,-0.0114315444629666,Company_A_27,A,South America,0.523272203388481,0.0133680364113021,Small,,satellite,21,-0.0068066432691066,10404808.080774983,2025-07-05,,original base_pd_hint available
2025-09-12,A-7Y1UPH,-0.0226537680856267,Company_A_27,A,South America,0.523272203388481,0.0133680364113021,Small,,satellite,21,-0.0070989753663894,10404808.080774983,2025-07-05,,original base_pd_hint available
2025-10-01,A-7Y1UPH,0.0271285409721089,Company_A_27,A,South America,0.523272203388481,0.0133680364113021,Small,,satellite,21,0.0100992546753692,10404808.080774983,2025-07-05,,original base_pd_hint available
2025-10-02,A-7Y1UPH,0.014971471853895,Company_A_27,A,South America,0.523272203388481,0.0133680364113021,Small,,satellite,21,0.0128222583263302,10404808.080774983,2025-07-05,,original base_pd_hint available
2025-10-03,A-7Y1UPH,0.0065709646557964,Company_A_27,A,South America,0.523272203388481,0.0133680364113021,Small,,satellite,21,-0.0147715335897255,10404808.080774983,2025-07-05,,original base_pd_hint available
2025-10-06,A-7Y1UPH,0.013999003330804,Company_A_27,A,South America,0.523272203388481,0.0133680364113021,Small,,satellite,21,0.0202534547427589,10404808.080774983,2025-07-05,,original base_pd_hint available
2025-10-07,A-7Y1UPH,-0.0002094868299757,Company_A_27,A,South America,0.523272203388481,0.0133680364113021,Small,,satellite,21,-0.0002841086384081,10404808.080774983,2025-07-05,,original base_pd_hint available
2025-10-08,A-7Y1UPH,-0.010272125223789,Company_A_27,A,South America,0.523272203388481,0.0133680364113021,Small,,satellite,21,-0.0240693646725217,10404808.080774983,2025-07-05,,original base_pd_hint available
2025-10-09,A-7Y1UPH,-0.0064671963340947,Company_A_27,A,South America,0.523272203388481,0.0133680364113021,Small,,satellite,21,-0.004096752034854,10404808.080774983,2025-07-05,,original base_pd_hint available
2025-10-10,A-7Y1UPH,-0.0104559459288206,Company_A_27,A,South America,0.523272203388481,0.0133680364113021,Small,,satellite,21,0.0009863909699606,10404808.080774983,2025-07-05,,original base_pd_hint available
2025-11-03,A-7Y1UPH,0.0097777264979228,Company_A_27,A,South America,0.523272203388481,0.0133680364113021,Small,,satellite,21,,10404808.080774983,2025-07-05,,original base_pd_hint available
2025-11-04,A-7Y1UPH,0.0425203588668477,Company_A_27,A,South America,0.523272203388481,0.0133680364113021,Small,,satellite,21,-0.0002530604133823,10404808.080774983,2025-07-05,,original base_pd_hint available
2025-11-05,A-7Y1UPH,0.009034530703325,Company_A_27,A,South America,0.523272203388481,0.0133680364113021,Small,,satellite,21,0.008650284141478,10404808.080774983,2025-07-05,,original base_pd_hint available
2025-11-06,A-7Y1UPH,0.0050044327291402,Company_A_27,A,South America,0.523272203388481,0.0133680364113021,Small,,satellite,21,0.0088547044735975,10404808.080774983,2025-07-05,,original base_pd_hint available
2025-11-07,A-7Y1UPH,-0.0096352794657448,Company_A_27,A,South America,0.523272203388481,0.0133680364113021,Small,,satellite,21,-0.0099532256341279,10404808.080774983,2025-07-05,,original base_pd_hint available
2025-11-10,A-7Y1UPH,0.0031479252371375,Company_A_27,A,South America,0.523272203388481,0.0133680364113021,Small,,satellite,21,-0.0111179190924326,10404808.080774983,2025-07-05,,original base_pd_hint available
2025-11-11,A-7Y1UPH,0.017384760943159,Company_A_27,A,South America,0.523272203388481,0.0133680364113021,Small,,satellite,21,0.00946653772823,10404808.080774983,2025-07-05,,original base_pd_hint available
2025-11-12,A-7Y1UPH,-0.0314653344185802,Company_A_27,A,South America,0.523272203388481,0.0133680364113021,Small,,satellite,21,-0.0167516922712146,10404808.080774983,2025-07-05,,original base_pd_hint available
2025-12-01,A-7Y1UPH,-0.0260841967905577,Company_A_27,A,South America,0.523272203388481,0.0133680364113021,Small,,satellite,21,0.0033863437893976,10404808.080774983,2025-07-05,,original base_pd_hint available
2025-12-03,A-7Y1UPH,-0.0375121825273038,Company_A_27,A,South America,0.523272203388481,0.0133680364113021,Small,,satellite,21,-0.0112637381058377,10404808.080774983,2025-07-05,,original base_pd_hint available
2025-12-04,A-7Y1UPH,0.0267639825833198,Company_A_27,A,South America,0.523272203388481,0.0133680364113021,Small,,satellite,21,,10404808.080774983,2025-07-05,,original base_pd_hint available
2025-12-05,A-7Y1UPH,0.0012176032118877,Company_A_27,A,South America,0.523272203388481,0.0133680364113021,Small,,satellite,21,-0.0003015667345061,10404808.080774983,2025-07-05,,original base_pd_hint available
2025-12-08,A-7Y1UPH,0.0233715250917148,Company_A_27,A,South America,0.523272203388481,0.0133680364113021,Small,,satellite,21,0.0131517878771854,10404808.080774983,2025-07-05,,original base_pd_hint available
2025-12-09,A-7Y1UPH,0.0012465105482172,Company_A_27,A,South America,0.523272203388481,0.0133680364113021,Small,,satellite,21,0.0073362825364422,10404808.080774983,2025-07-05,,original base_pd_hint available
2025-12-10,A-7Y1UPH,0.0222730719897547,Company_A_27,A,South America,0.523272203388481,0.0133680364113021,Small,,satellite,21,0.0160656307289417,10404808.080774983,2025-07-05,,original base_pd_hint available
2025-12-11,A-7Y1UPH,-0.0055704343950291,Company_A_27,A,South America,0.523272203388481,0.0133680364113021,Small,,satellite,21,-0.0140858050562602,10404808.080774983,2025-07-05,,original base_pd_hint available
2025-12-12,A-7Y1UPH,0.0152883341650966,Company_A_27,A,South America,0.523272203388481,0.0133680364113021,Small,,satellite,21,0.0199773459418865,10404808.080774983,2025-07-05,,original base_pd_hint available
2025-01-10,A-C36F0G,-0.0170788015088324,Company_A_25,A,Asia,0.361436345436521,0.0155263649052208,Large,manual review,satellite,97,0.00035884007362,31619110.795545343,2025-01-10,check formatting,original base_pd_hint available
2025-02-03,A-C36F0G,-0.0221407528831049,Company_A_25,A,Asia,0.361436345436521,0.0155263649052208,Large,manual review,satellite,97,-0.0054941552034284,31619110.795545343,2025-01-10,check formatting,original base_pd_hint available
2025-02-04,A-C36F0G,-0.0013757689662893,Company_A_25,A,Asia,0.361436345436521,0.0155263649052208,Large,manual review,satellite,97,-0.00358947383386,31619110.795545343,2025-01-10,check formatting,original base_pd_hint available
2025-02-05,A-C36F0G,-0.003372030030362,Company_A_25,A,Asia,0.361436345436521,0.0155263649052208,Large,manual review,satellite,97,0.0025908564949908,31619110.795545343,2025-01-10,check formatting,original base_pd_hint available
2025-02-06,A-C36F0G,,Company_A_25,A,Asia,0.361436345436521,0.0155263649052208,Large,manual review,satellite,97,,31619110.795545343,2025-01-10,check formatting,original base_pd_hint available
2025-02-07,A-C36F0G,-0.0051852604539668,Company_A_25,A,Asia,0.361436345436521,0.0155263649052208,Large,manual review,satellite,97,0.0002495945918583,31619110.795545343,2025-01-10,check formatting,original base_pd_hint available
2025-02-10,A-C36F0G,0.0362478052398996,Company_A_25,A,Asia,0.361436345436521,0.0155263649052208,Large,manual review,satellite,97,0.0054230474860527,31619110.795545343,2025-01-10,check formatting,original base_pd_hint available
2025-03-03,A-C36F0G,-0.0360324577188541,Company_A_25,A,Asia,0.361436345436521,0.0155263649052208,Large,manual review,satellite,97,-0.0076778332818246,31619110.795545343,2025-01-10,check formatting,original base_pd_hint available
2025-03-04,A-C36F0G,-0.0017257984947445,Company_A_25,A,Asia,0.361436345436521,0.0155263649052208,Large,manual review,satellite,97,0.0072958487462298,31619110.795545343,2025-01-10,check formatting,original base_pd_hint available
2025-03-05,A-C36F0G,-0.0292904730236191,Company_A_25,A,Asia,0.361436345436521,0.0155263649052208,Large,manual review,satellite,97,-0.00606686175451,31619110.795545343,2025-01-10,check formatting,original base_pd_hint available
2025-03-06,A-C36F0G,-0.0221035882072634,Company_A_25,A,Asia,0.361436345436521,0.0155263649052208,Large,manual review,satellite,97,0.0128317330113867,31619110.795545343,2025-01-10,check formatting,original base_pd_hint available
2025-03-07,A-C36F0G,-0.0030927429700263,Company_A_25,A,Asia,0.361436345436521,0.0155263649052208,Large,manual review,satellite,97,0.0007358993715615,31619110.795545343,2025-01-10,check formatting,original base_pd_hint available
2025-03-10,A-C36F0G,0.0164209525363272,Company_A_25,A,Asia,0.361436345436521,0.0155263649052208,Large,manual review,satellite,97,0.0017815811241298,31619110.795545343,2025-01-10,check formatting,original base_pd_hint available
2025-03-11,A-C36F0G,0.014062901953414,Company_A_25,A,Asia,0.361436345436521,0.0155263649052208,Large,manual review,satellite,97,,31619110.795545343,2025-01-10,check formatting,original base_pd_hint available
2025-03-12,A-C36F0G,0.0022549206613215,Company_A_25,A,Asia,0.361436345436521,0.0155263649052208,Large,manual review,satellite,97,,31619110.795545343,2025-01-10,check formatting,original base_pd_hint available
2025-04-01,A-C36F0G,0.0270680250658856,Company_A_25,A,Asia,0.361436345436521,0.0155263649052208,Large,manual review,satellite,97,0.0238663514233257,31619110.795545343,2025-01-10,check formatting,original base_pd_hint available
2025-04-02,A-C36F0G,0.0313506862736841,Company_A_25,A,Asia,0.361436345436521,0.0155263649052208,Large,manual review,satellite,97,0.0365811489813276,31619110.795545343,2025-01-10,check formatting,original base_pd_hint available
2025-04-03,A-C36F0G,0.028335209254385,Company_A_25,A,Asia,0.361436345436521,0.0155263649052208,Large,manual review,satellite,97,0.0032623202210721,31619110.795545343,2025-01-10,check formatting,original base_pd_hint available
2025-04-04,A-C36F0G,-0.0195873028154826,Company_A_25,A,Asia,0.361436345436521,0.0155263649052208,Large,manual review,satellite,97,0.0046679067207236,31619110.795545343,2025-01-10,check formatting,original base_pd_hint available
2025-04-07,A-C36F0G,-0.0052581123850066,Company_A_25,A,Asia,0.361436345436521,0.0155263649052208,Large,manual review,satellite,97,-0.001166996716637,31619110.795545343,2025-01-10,check formatting,original base_pd_hint available
2025-04-08,A-C36F0G,-0.0279240646682189,Company_A_25,A,Asia,0.361436345436521,0.0155263649052208,Large,manual review,satellite,97,0.0030697914156015,31619110.795545343,2025-01-10,check formatting,original base_pd_hint available
2025-04-09,A-C36F0G,0.0026161007163384,Company_A_25,A,Asia,0.361436345436521,0.0155263649052208,Large,manual review,satellite,97,-0.0107079723341646,31619110.795545343,2025-01-10,check formatting,original base_pd_hint available
2025-04-10,A-C36F0G,0.0088564887341552,Company_A_25,A,Asia,0.361436345436521,0.0155263649052208,Large,manual review,satellite,97,-0.0014083266497123,31619110.795545343,2025-01-10,check formatting,original base_pd_hint available
2025-04-11,A-C36F0G,0.0529807062646683,Company_A_25,A,Asia,0.361436345436521,0.0155263649052208,Large,manual review,satellite,97,,31619110.795545343,2025-01-10,check formatting,original base_pd_hint available
2025-05-01,A-C36F0G,0.0069214711940834,Company_A_25,A,Asia,0.361436345436521,0.0155263649052208,Large,manual review,satellite,97,0.0069790073752749,31619110.795545343,2025-01-10,check formatting,original base_pd_hint available
2025-05-02,A-C36F0G,-0.0153230570790862,Company_A_25,A,Asia,0.361436345436521,0.0155263649052208,Large,manual review,satellite,97,-0.0162153073285823,31619110.795545343,2025-01-10,check formatting,original base_pd_hint available
2025-05-05,A-C36F0G,-0.029804861179371,Company_A_25,A,Asia,0.361436345436521,0.0155263649052208,Large,manual review,satellite,97,-0.00847882823129,31619110.795545343,2025-01-10,check formatting,original base_pd_hint available
2025-05-06,A-C36F0G,-0.0157240389547536,Company_A_25,A,Asia,0.361436345436521,0.0155263649052208,Large,manual review,satellite,97,-0.0161446099702318,31619110.795545343,2025-01-10,check formatting,original base_pd_hint available
2025-05-07,A-C36F0G,-0.0181550725457247,Company_A_25,A,Asia,0.361436345436521,0.0155263649052208,Large,manual review,satellite,97,-0.0096620235568906,31619110.795545343,2025-01-10,check formatting,original base_pd_hint available
2025-05-08,A-C36F0G,-0.0150703726420554,Company_A_25,A,Asia,0.361436345436521,0.0155263649052208,Large,manual review,satellite,97,-0.0139671320770418,31619110.795545343,2025-01-10,check formatting,original base_pd_hint available
2025-05-09,A-C36F0G,0.0235008650524012,Company_A_25,A,Asia,0.361436345436521,0.0155263649052208,Large,manual review,satellite,97,0.0129026337937017,31619110.795545343,2025-01-10,check formatting,original base_pd_hint available
2025-05-12,A-C36F0G,-0.0139631373871666,Company_A_25,A,Asia,0.361436345436521,0.0155263649052208,Large,manual review,satellite,97,-0.0022773491009264,31619110.795545343,2025-01-10,check formatting,original base_pd_hint available
2025-06-02,A-C36F0G,0.0116443899644741,Company_A_25,A,Asia,0.361436345436521,0.0155263649052208,Large,manual review,satellite,97,-0.0005529602076241,31619110.795545343,2025-01-10,check formatting,original base_pd_hint available
2025-06-03,A-C36F0G,-0.0440799370175025,Company_A_25,A,Asia,0.361436345436521,0.0155263649052208,Large,manual review,satellite,97,-0.0172330905611457,31619110.795545343,2025-01-10,check formatting,original base_pd_hint available
2025-06-04,A-C36F0G,0.0079836875837231,Company_A_25,A,Asia,0.361436345436521,0.0155263649052208,Large,manual review,satellite,97,0.0183184481974437,31619110.795545343,2025-01-10,check formatting,original base_pd_hint available
2025-06-05,A-C36F0G,,Company_A_25,A,Asia,0.361436345436521,0.0155263649052208,Large,manual review,satellite,97,0.0106371342459794,31619110.795545343,2025-01-10,check formatting,original base_pd_hint available
2025-06-06,A-C36F0G,0.0107954973132209,Company_A_25,A,Asia,0.361436345436521,0.0155263649052208,Large,manual review,satellite,97,,31619110.795545343,2025-01-10,check formatting,original base_pd_hint available
2025-06-10,A-C36F0G,0.0263585259232146,Company_A_25,A,Asia,0.361436345436521,0.0155263649052208,Large,manual review,satellite,97,-0.0136191224008954,31619110.795545343,2025-01-10,check formatting,original base_pd_hint available
2025-06-11,A-C36F0G,-0.0375347819940214,Company_A_25,A,Asia,0.361436345436521,0.0155263649052208,Large,manual review,satellite,97,-0.0100323173756178,31619110.795545343,2025-01-10,check formatting,original base_pd_hint available
2025-06-12,A-C36F0G,0.0230832239849907,Company_A_25,A,Asia,0.361436345436521,0.0155263649052208,Large,manual review,satellite,97,0.0032989542439667,31619110.795545343,2025-01-10,check formatting,original base_pd_hint available
2025-07-01,A-C36F0G,0.0005104587502742,Company_A_25,A,Asia,0.361436345436521,0.0155263649052208,Large,manual review,satellite,97,-0.0096219712289246,31619110.795545343,2025-01-10,check formatting,original base_pd_hint available
2025-07-02,A-C36F0G,0.0021245780114192,Company_A_25,A,Asia,0.361436345436521,0.0155263649052208,Large,manual review,satellite,97,-0.0037149241794859,31619110.795545343,2025-01-10,check formatting,original base_pd_hint available
2025-07-03,A-C36F0G,-0.0142834559737237,Company_A_25,A,Asia,0.361436345436521,0.0155263649052208,Large,manual review,satellite,97,-0.0043263144974688,31619110.795545343,2025-01-10,check formatting,original base_pd_hint available
2025-07-04,A-C36F0G,-0.0227044777205577,Company_A_25,A,Asia,0.361436345436521,0.0155263649052208,Large,manual review,satellite,97,-0.0133838372809235,31619110.795545343,2025-01-10,check formatting,original base_pd_hint available
2025-07-07,A-C36F0G,-0.012467490396664,Company_A_25,A,Asia,0.361436345436521,0.0155263649052208,Large,manual review,satellite,97,-0.0251194077625596,31619110.795545343,2025-01-10,check formatting,original base_pd_hint available
2025-07-08,A-C36F0G,0.0252825572528698,Company_A_25,A,Asia,0.361436345436521,0.0155263649052208,Large,manual review,satellite,97,,31619110.795545343,2025-01-10,check formatting,original base_pd_hint available
2025-07-09,A-C36F0G,,Company_A_25,A,Asia,0.361436345436521,0.0155263649052208,Large,manual review,satellite,97,0.0094232451859564,31619110.795545343,2025-01-10,check formatting,original base_pd_hint available
2025-07-10,A-C36F0G,0.0267320480148589,Company_A_25,A,Asia,0.361436345436521,0.0155263649052208,Large,manual review,satellite,97,0.0158541643653866,31619110.795545343,2025-01-10,check formatting,original base_pd_hint available
2025-07-11,A-C36F0G,-0.005132176969671,Company_A_25,A,Asia,0.361436345436521,0.0155263649052208,Large,manual review,satellite,97,0.012309197644808,31619110.795545343,2025-01-10,check formatting,original base_pd_hint available
2025-08-01,A-C36F0G,0.0018563671962142,Company_A_25,A,Asia,0.361436345436521,0.0155263649052208,Large,manual review,satellite,97,0.0105578088644496,31619110.795545343,2025-01-10,check formatting,original base_pd_hint available
2025-08-04,A-C36F0G,-0.0141867759398965,Company_A_25,A,Asia,0.361436345436521,0.0155263649052208,Large,manual review,satellite,97,-0.0078399411625386,31619110.795545343,2025-01-10,check formatting,original base_pd_hint available
2025-08-05,A-C36F0G,-0.0003231543086698,Company_A_25,A,Asia,0.361436345436521,0.0155263649052208,Large,manual review,satellite,97,0.0094866941709183,31619110.795545343,2025-01-10,check formatting,original base_pd_hint available
2025-08-06,A-C36F0G,0.0023332118023199,Company_A_25,A,Asia,0.361436345436521,0.0155263649052208,Large,manual review,satellite,97,-0.0035578472668993,31619110.795545343,2025-01-10,check formatting,original base_pd_hint available
2025-08-07,A-C36F0G,0.0266714304009571,Company_A_25,A,Asia,0.361436345436521,0.0155263649052208,Large,manual review,satellite,97,0.0095459566054523,31619110.795545343,2025-01-10,check formatting,original base_pd_hint available
2025-08-08,A-C36F0G,0.0436160638406588,Company_A_25,A,Asia,0.361436345436521,0.0155263649052208,Large,manual review,satellite,97,0.0036068720141056,31619110.795545343,2025-01-10,check formatting,original base_pd_hint available
2025-08-11,A-C36F0G,-0.0141615420665177,Company_A_25,A,Asia,0.361436345436521,0.0155263649052208,Large,manual review,satellite,97,0.0009696416285378,31619110.795545343,2025-01-10,check formatting,original base_pd_hint available
2025-09-01,A-C36F0G,0.0001094763371983,Company_A_25,A,Asia,0.361436345436521,0.0155263649052208,Large,manual review,satellite,97,,31619110.795545343,2025-01-10,check formatting,original base_pd_hint available
2025-09-02,A-C36F0G,-0.0072780694430401,Company_A_25,A,Asia,0.361436345436521,0.0155263649052208,Large,manual review,satellite,97,0.0021873458027918,31619110.795545343,2025-01-10,check formatting,original base_pd_hint available
2025-09-03,A-C36F0G,-0.0350405102508654,Company_A_25,A,Asia,0.361436345436521,0.0155263649052208,Large,manual review,satellite,97,-0.0269105665309313,31619110.795545343,2025-01-10,check formatting,original base_pd_hint available
2025-09-04,A-C36F0G,-0.0224193405161384,Company_A_25,A,Asia,0.361436345436521,0.0155263649052208,Large,manual review,satellite,97,-0.0109398895694683,31619110.795545343,2025-01-10,check formatting,original base_pd_hint available
2025-09-05,A-C36F0G,-0.0049412373156519,Company_A_25,A,Asia,0.361436345436521,0.0155263649052208,Large,manual review,satellite,97,-0.0151822149727439,31619110.795545343,2025-01-10,check formatting,original base_pd_hint available
2025-09-08,A-C36F0G,-0.0099006743791865,Company_A_25,A,Asia,0.361436345436521,0.0155263649052208,Large,manual review,satellite,97,-0.003197959946638,31619110.795545343,2025-01-10,check formatting,original base_pd_hint available
2025-09-09,A-C36F0G,0.0181051152490202,Company_A_25,A,Asia,0.361436345436521,0.0155263649052208,Large,manual review,satellite,97,0.0016963673318161,31619110.795545343,2025-01-10,check formatting,original base_pd_hint available
2025-09-10,A-C36F0G,0.0025559157931184,Company_A_25,A,Asia,0.361436345436521,0.0155263649052208,Large,manual review,satellite,97,-0.0182352677685309,31619110.795545343,2025-01-10,check formatting,original base_pd_hint available
2025-09-11,A-C36F0G,-0.0103166907030231,Company_A_25,A,Asia,0.361436345436521,0.0155263649052208,Large,manual review,satellite,97,-0.0068066432691066,31619110.795545343,2025-01-10,check formatting,original base_pd_hint available
2025-09-12,A-C36F0G,-0.0150547678432873,Company_A_25,A,Asia,0.361436345436521,0.0155263649052208,Large,manual review,satellite,97,-0.0070989753663894,31619110.795545343,2025-01-10,check formatting,original base_pd_hint available
2025-10-01,A-C36F0G,0.0006756094963573,Company_A_25,A,Asia,0.361436345436521,0.0155263649052208,Large,manual review,satellite,97,0.0100992546753692,31619110.795545343,2025-01-10,check formatting,original base_pd_hint available
2025-10-02,A-C36F0G,0.0067968516946151,Company_A_25,A,Asia,0.361436345436521,0.0155263649052208,Large,manual review,satellite,97,0.0128222583263302,31619110.795545343,2025-01-10,check formatting,original base_pd_hint available
2025-10-03,A-C36F0G,-0.0160689651311266,Company_A_25,A,Asia,0.361436345436521,0.0155263649052208,Large,manual review,satellite,97,-0.0147715335897255,31619110.795545343,2025-01-10,check formatting,original base_pd_hint available
2025-10-06,A-C36F0G,0.0171432787859163,Company_A_25,A,Asia,0.361436345436521,0.0155263649052208,Large,manual review,satellite,97,0.0202534547427589,31619110.795545343,2025-01-10,check formatting,original base_pd_hint available
2025-10-08,A-C36F0G,-0.0285257471084639,Company_A_25,A,Asia,0.361436345436521,0.0155263649052208,Large,manual review,satellite,97,-0.0240693646725217,31619110.795545343,2025-01-10,check formatting,original base_pd_hint available
2025-10-10,A-C36F0G,-0.0303028366078572,Company_A_25,A,Asia,0.361436345436521,0.0155263649052208,Large,manual review,satellite,97,0.0009863909699606,31619110.795545343,2025-01-10,check formatting,original base_pd_hint available
2025-11-03,A-C36F0G,0.0083259139365975,Company_A_25,A,Asia,0.361436345436521,0.0155263649052208,Large,manual review,satellite,97,,31619110.795545343,2025-01-10,check formatting,original base_pd_hint available
2025-11-04,A-C36F0G,0.0091470108379354,Company_A_25,A,Asia,0.361436345436521,0.0155263649052208,Large,manual review,satellite,97,-0.0002530604133823,31619110.795545343,2025-01-10,check formatting,original base_pd_hint available
2025-11-05,A-C36F0G,0.0037385742348494,Company_A_25,A,Asia,0.361436345436521,0.0155263649052208,Large,manual review,satellite,97,0.008650284141478,31619110.795545343,2025-01-10,check formatting,original base_pd_hint available
2025-11-06,A-C36F0G,0.0254536936222118,Company_A_25,A,Asia,0.361436345436521,0.0155263649052208,Large,manual review,satellite,97,0.0088547044735975,31619110.795545343,2025-01-10,check formatting,original base_pd_hint available
2025-11-07,A-C36F0G,-0.0205763439898752,Company_A_25,A,Asia,0.361436345436521,0.0155263649052208,Large,manual review,satellite,97,-0.0099532256341279,31619110.795545343,2025-01-10,check formatting,original base_pd_hint available
2025-11-10,A-C36F0G,-0.0391857493593784,Company_A_25,A,Asia,0.361436345436521,0.0155263649052208,Large,manual review,satellite,97,-0.0111179190924326,31619110.795545343,2025-01-10,check formatting,original base_pd_hint available
2025-11-11,A-C36F0G,0.0193618763561467,Company_A_25,A,Asia,0.361436345436521,0.0155263649052208,Large,manual review,satellite,97,0.00946653772823,31619110.795545343,2025-01-10,check formatting,original base_pd_hint available
2025-11-12,A-C36F0G,-0.0317638474025245,Company_A_25,A,Asia,0.361436345436521,0.0155263649052208,Large,manual review,satellite,97,-0.0167516922712146,31619110.795545343,2025-01-10,check formatting,original base_pd_hint available
2025-12-01,A-C36F0G,-0.0098440651308441,Company_A_25,A,Asia,0.361436345436521,0.0155263649052208,Large,manual review,satellite,97,0.0033863437893976,31619110.795545343,2025-01-10,check formatting,original base_pd_hint available
2025-12-02,A-C36F0G,0.003669030575618,Company_A_25,A,Asia,0.361436345436521,0.0155263649052208,Large,manual review,satellite,97,-0.0026471166291688,31619110.795545343,2025-01-10,check formatting,original base_pd_hint available
2025-12-03,A-C36F0G,-0.0029283053685599,Company_A_25,A,Asia,0.361436345436521,0.0155263649052208,Large,manual review,satellite,97,-0.0112637381058377,31619110.795545343,2025-01-10,check formatting,original base_pd_hint available
2025-12-04,A-C36F0G,0.016694782615749,Company_A_25,A,Asia,0.361436345436521,0.0155263649052208,Large,manual review,satellite,97,,31619110.795545343,2025-01-10,check formatting,original base_pd_hint available
2025-12-05,A-C36F0G,-0.025557015984267,Company_A_25,A,Asia,0.361436345436521,0.0155263649052208,Large,manual review,satellite,97,-0.0003015667345061,31619110.795545343,2025-01-10,check formatting,original base_pd_hint available
2025-12-08,A-C36F0G,-0.0193446313027929,Company_A_25,A,Asia,0.361436345436521,0.0155263649052208,Large,manual review,satellite,97,0.0131517878771854,31619110.795545343,2025-01-10,check formatting,original base_pd_hint available
2025-12-09,A-C36F0G,,Company_A_25,A,Asia,0.361436345436521,0.0155263649052208,Large,manual review,satellite,97,0.0073362825364422,31619110.795545343,2025-01-10,check formatting,original base_pd_hint available
2025-12-10,A-C36F0G,-0.0055065530348627,Company_A_25,A,Asia,0.361436345436521,0.0155263649052208,Large,manual review,satellite,97,0.0160656307289417,31619110.795545343,2025-01-10,check formatting,original base_pd_hint available
2025-12-11,A-C36F0G,-0.0079208698282266,Company_A_25,A,Asia,0.361436345436521,0.0155263649052208,Large,manual review,satellite,97,-0.0140858050562602,31619110.795545343,2025-01-10,check formatting,original base_pd_hint available
2025-12-12,A-C36F0G,-0.0075959023622089,Company_A_25,A,Asia,0.361436345436521,0.0155263649052208,Large,manual review,satellite,97,0.0199773459418865,31619110.795545343,2025-01-10,check formatting,original base_pd_hint available
2025-11-03,A-DT5C43,-0.0018875146797667,Company_A_03,A,Asia,0.4352110109163791,0.0165953522779802,Large,manual review,satellite,90,,13426357.492499432,2025-10-12,review,original base_pd_hint available
2025-11-04,A-DT5C43,-0.0201761050228642,Company_A_03,A,Asia,0.4352110109163791,0.0165953522779802,Large,manual review,satellite,90,-0.0002530604133823,13426357.492499432,2025-10-12,review,original base_pd_hint available
2025-11-05,A-DT5C43,0.0254263710407523,Company_A_03,A,Asia,0.4352110109163791,0.0165953522779802,Large,manual review,satellite,90,0.008650284141478,13426357.492499432,2025-10-12,review,original base_pd_hint available
2025-11-06,A-DT5C43,-0.01296170522284,Company_A_03,A,Asia,0.4352110109163791,0.0165953522779802,Large,manual review,satellite,90,0.0088547044735975,13426357.492499432,2025-10-12,review,original base_pd_hint available
2025-11-07,A-DT5C43,-0.0262906622521213,Company_A_03,A,Asia,0.4352110109163791,0.0165953522779802,Large,manual review,satellite,90,-0.0099532256341279,13426357.492499432,2025-10-12,review,original base_pd_hint available
2025-11-10,A-DT5C43,-0.0226813621944265,Company_A_03,A,Asia,0.4352110109163791,0.0165953522779802,Large,manual review,satellite,90,-0.0111179190924326,13426357.492499432,2025-10-12,review,original base_pd_hint available
2025-11-12,A-DT5C43,-0.0022269999123185,Company_A_03,A,Asia,0.4352110109163791,0.0165953522779802,Large,manual review,satellite,90,-0.0167516922712146,13426357.492499432,2025-10-12,review,original base_pd_hint available
2025-12-01,A-DT5C43,0.0335837028794444,Company_A_03,A,Asia,0.4352110109163791,0.0165953522779802,Large,manual review,satellite,90,0.0033863437893976,13426357.492499432,2025-10-12,review,original base_pd_hint available
2025-12-02,A-DT5C43,-0.0331739298399974,Company_A_03,A,Asia,0.4352110109163791,0.0165953522779802,Large,manual review,satellite,90,-0.0026471166291688,13426357.492499432,2025-10-12,review,original base_pd_hint available
2025-12-03,A-DT5C43,-0.0321902137688835,Company_A_03,A,Asia,0.4352110109163791,0.0165953522779802,Large,manual review,satellite,90,-0.0112637381058377,13426357.492499432,2025-10-12,review,original base_pd_hint available
2025-12-05,A-DT5C43,0.0135421004062537,Company_A_03,A,Asia,0.4352110109163791,0.0165953522779802,Large,manual review,satellite,90,-0.0003015667345061,13426357.492499432,2025-10-12,review,original base_pd_hint available
2025-12-08,A-DT5C43,0.0068323763282334,Company_A_03,A,Asia,0.4352110109163791,0.0165953522779802,Large,manual review,satellite,90,0.0131517878771854,13426357.492499432,2025-10-12,review,original base_pd_hint available
2025-12-09,A-DT5C43,-0.0071649399867114,Company_A_03,A,Asia,0.4352110109163791,0.0165953522779802,Large,manual review,satellite,90,0.0073362825364422,13426357.492499432,2025-10-12,review,original base_pd_hint available
2025-12-10,A-DT5C43,0.0257536987218509,Company_A_03,A,Asia,0.4352110109163791,0.0165953522779802,Large,manual review,satellite,90,0.0160656307289417,13426357.492499432,2025-10-12,review,original base_pd_hint available
2025-12-11,A-DT5C43,0.0059463807491472,Company_A_03,A,Asia,0.4352110109163791,0.0165953522779802,Large,manual review,satellite,90,-0.0140858050562602,13426357.492499432,2025-10-12,review,original base_pd_hint available
2025-12-12,A-DT5C43,0.0156441974838839,Company_A_03,A,Asia,0.4352110109163791,0.0165953522779802,Large,manual review,satellite,90,0.0199773459418865,13426357.492499432,2025-10-12,review,original base_pd_hint available
2025-08-11,A-FKUFQE,0.0168481437846373,Company_A_34,A,NorthAmerica,0.4286890007992836,0.0211608494481312,Small,watchlist,satellite,63,0.0009696416285378,20688422.160971247,2025-08-10,,original base_pd_hint available
2025-08-12,A-FKUFQE,0.002463591153969,Company_A_34,A,NorthAmerica,0.4286890007992836,0.0211608494481312,Small,watchlist,satellite,63,-0.002935172692495,20688422.160971247,2025-08-10,,original base_pd_hint available
2025-09-01,A-FKUFQE,-0.0185993894790534,Company_A_34,A,NorthAmerica,0.4286890007992836,0.0211608494481312,Small,watchlist,satellite,63,,20688422.160971247,2025-08-10,,original base_pd_hint available
2025-09-02,A-FKUFQE,-0.0215282167477087,Company_A_34,A,NorthAmerica,0.4286890007992836,0.0211608494481312,Small,watchlist,satellite,63,0.0021873458027918,20688422.160971247,2025-08-10,,original base_pd_hint available
2025-09-03,A-FKUFQE,0.0006159519563309,Company_A_34,A,NorthAmerica,0.4286890007992836,0.0211608494481312,Small,watchlist,satellite,63,-0.0269105665309313,20688422.160971247,2025-08-10,,original base_pd_hint available
2025-09-04,A-FKUFQE,0.0227152452266915,Company_A_34,A,NorthAmerica,0.4286890007992836,0.0211608494481312,Small,watchlist,satellite,63,-0.0109398895694683,20688422.160971247,2025-08-10,,original base_pd_hint available
2025-09-08,A-FKUFQE,-0.0090686968580525,Company_A_34,A,NorthAmerica,0.4286890007992836,0.0211608494481312,Small,watchlist,satellite,63,-0.003197959946638,20688422.160971247,2025-08-10,,original base_pd_hint available
2025-09-09,A-FKUFQE,0.0201900980943716,Company_A_34,A,NorthAmerica,0.4286890007992836,0.0211608494481312,Small,watchlist,satellite,63,0.0016963673318161,20688422.160971247,2025-08-10,,original base_pd_hint available
2025-09-10,A-FKUFQE,-0.0061219135539883,Company_A_34,A,NorthAmerica,0.4286890007992836,0.0211608494481312,Small,watchlist,satellite,63,-0.0182352677685309,20688422.160971247,2025-08-10,,original base_pd_hint available
2025-09-11,A-FKUFQE,-0.0092380427161165,Company_A_34,A,NorthAmerica,0.4286890007992836,0.0211608494481312,Small,watchlist,satellite,63,-0.0068066432691066,20688422.160971247,2025-08-10,,original base_pd_hint available
2025-10-01,A-FKUFQE,0.0099108749153835,Company_A_34,A,NorthAmerica,0.4286890007992836,0.0211608494481312,Small,watchlist,satellite,63,0.0100992546753692,20688422.160971247,2025-08-10,,original base_pd_hint available
2025-10-02,A-FKUFQE,0.0207087593194675,Company_A_34,A,NorthAmerica,0.4286890007992836,0.0211608494481312,Small,watchlist,satellite,63,0.0128222583263302,20688422.160971247,2025-08-10,,original base_pd_hint available
2025-10-03,A-FKUFQE,-0.0014032508530945,Company_A_34,A,NorthAmerica,0.4286890007992836,0.0211608494481312,Small,watchlist,satellite,63,-0.0147715335897255,20688422.160971247,2025-08-10,,original base_pd_hint available
2025-10-06,A-FKUFQE,-0.0024641587666645,Company_A_34,A,NorthAmerica,0.4286890007992836,0.0211608494481312,Small,watchlist,satellite,63,0.0202534547427589,20688422.160971247,2025-08-10,,original base_pd_hint available
2025-10-07,A-FKUFQE,-0.0003841331394324,Company_A_34,A,NorthAmerica,0.4286890007992836,0.0211608494481312,Small,watchlist,satellite,63,-0.0002841086384081,20688422.160971247,2025-08-10,,original base_pd_hint available
2025-10-08,A-FKUFQE,-0.0152676613729011,Company_A_34,A,NorthAmerica,0.4286890007992836,0.0211608494481312,Small,watchlist,satellite,63,-0.0240693646725217,20688422.160971247,2025-08-10,,original base_pd_hint available
2025-10-09,A-FKUFQE,-0.002339463426966,Company_A_34,A,NorthAmerica,0.4286890007992836,0.0211608494481312,Small,watchlist,satellite,63,-0.004096752034854,20688422.160971247,2025-08-10,,original base_pd_hint available
2025-10-10,A-FKUFQE,-0.0189173682248864,Company_A_34,A,NorthAmerica,0.4286890007992836,0.0211608494481312,Small,watchlist,satellite,63,0.0009863909699606,20688422.160971247,2025-08-10,,original base_pd_hint available
2025-11-03,A-FKUFQE,-0.0051852741640347,Company_A_34,A,NorthAmerica,0.4286890007992836,0.0211608494481312,Small,watchlist,satellite,63,,20688422.160971247,2025-08-10,,original base_pd_hint available
2025-11-04,A-FKUFQE,0.0349886015253004,Company_A_34,A,NorthAmerica,0.4286890007992836,0.0211608494481312,Small,watchlist,satellite,63,-0.0002530604133823,20688422.160971247,2025-08-10,,original base_pd_hint available
2025-11-05,A-FKUFQE,-0.0114943758893434,Company_A_34,A,NorthAmerica,0.4286890007992836,0.0211608494481312,Small,watchlist,satellite,63,0.008650284141478,20688422.160971247,2025-08-10,,original base_pd_hint available
2025-11-06,A-FKUFQE,-0.0350829033007771,Company_A_34,A,NorthAmerica,0.4286890007992836,0.0211608494481312,Small,watchlist,satellite,63,0.0088547044735975,20688422.160971247,2025-08-10,,original base_pd_hint available
2025-11-07,A-FKUFQE,0.0066744109923683,Company_A_34,A,NorthAmerica,0.4286890007992836,0.0211608494481312,Small,watchlist,satellite,63,-0.0099532256341279,20688422.160971247,2025-08-10,,original base_pd_hint available
2025-11-10,A-FKUFQE,-0.0210095425043227,Company_A_34,A,NorthAmerica,0.4286890007992836,0.0211608494481312,Small,watchlist,satellite,63,-0.0111179190924326,20688422.160971247,2025-08-10,,original base_pd_hint available
2025-11-11,A-FKUFQE,0.0213973650821421,Company_A_34,A,NorthAmerica,0.4286890007992836,0.0211608494481312,Small,watchlist,satellite,63,0.00946653772823,20688422.160971247,2025-08-10,,original base_pd_hint available
2025-11-12,A-FKUFQE,-0.0344636943274486,Company_A_34,A,NorthAmerica,0.4286890007992836,0.0211608494481312,Small,watchlist,satellite,63,-0.0167516922712146,20688422.160971247,2025-08-10,,original base_pd_hint available
2025-12-01,A-FKUFQE,0.0007219794668091,Company_A_34,A,NorthAmerica,0.4286890007992836,0.0211608494481312,Small,watchlist,satellite,63,0.0033863437893976,20688422.160971247,2025-08-10,,original base_pd_hint available
2025-12-02,A-FKUFQE,0.0058188455093954,Company_A_34,A,NorthAmerica,0.4286890007992836,0.0211608494481312,Small,watchlist,satellite,63,-0.0026471166291688,20688422.160971247,2025-08-10,,original base_pd_hint available
2025-12-03,A-FKUFQE,-0.0131913508927044,Company_A_34,A,NorthAmerica,0.4286890007992836,0.0211608494481312,Small,watchlist,satellite,63,-0.0112637381058377,20688422.160971247,2025-08-10,,original base_pd_hint available
2025-12-04,A-FKUFQE,-0.026094943209831,Company_A_34,A,NorthAmerica,0.4286890007992836,0.0211608494481312,Small,watchlist,satellite,63,,20688422.160971247,2025-08-10,,original base_pd_hint available
2025-12-05,A-FKUFQE,-0.0010798819053542,Company_A_34,A,NorthAmerica,0.4286890007992836,0.0211608494481312,Small,watchlist,satellite,63,-0.0003015667345061,20688422.160971247,2025-08-10,,original base_pd_hint available
2025-12-08,A-FKUFQE,0.0299995373556735,Company_A_34,A,NorthAmerica,0.4286890007992836,0.0211608494481312,Small,watchlist,satellite,63,0.0131517878771854,20688422.160971247,2025-08-10,,original base_pd_hint available
2025-12-09,A-FKUFQE,-0.0204964223157531,Company_A_34,A,NorthAmerica,0.4286890007992836,0.0211608494481312,Small,watchlist,satellite,63,0.0073362825364422,20688422.160971247,2025-08-10,,original base_pd_hint available
2025-12-10,A-FKUFQE,-0.0048701133173989,Company_A_34,A,NorthAmerica,0.4286890007992836,0.0211608494481312,Small,watchlist,satellite,63,0.0160656307289417,20688422.160971247,2025-08-10,,original base_pd_hint available
2025-12-11,A-FKUFQE,-0.0217437772434382,Company_A_34,A,NorthAmerica,0.4286890007992836,0.0211608494481312,Small,watchlist,satellite,63,-0.0140858050562602,20688422.160971247,2025-08-10,,original base_pd_hint available
2025-12-12,A-FKUFQE,0.0226840661749217,Company_A_34,A,NorthAmerica,0.4286890007992836,0.0211608494481312,Small,watchlist,satellite,63,0.0199773459418865,20688422.160971247,2025-08-10,,original base_pd_hint available
2025-01-01,A-FVDXWD,-0.0016552278191212,Company_A_16,A,SouthAmerica,0.4675997347177412,0.0267959378762021,Small,stable,legacy,23,-0.0040389243019313,15791662.138349548,2025-01-01,,original base_pd_hint available
2025-01-02,A-FVDXWD,,Company_A_16,A,SouthAmerica,0.4675997347177412,0.0267959378762021,Small,stable,legacy,23,,15791662.138349548,2025-01-01,,original base_pd_hint available
2025-01-03,A-FVDXWD,0.0181650155995258,Company_A_16,A,SouthAmerica,0.4675997347177412,0.0267959378762021,Small,stable,legacy,23,-0.0066005563037217,15791662.138349548,2025-01-01,,original base_pd_hint available
2025-01-06,A-FVDXWD,0.0481066036168648,Company_A_16,A,SouthAmerica,0.4675997347177412,0.0267959378762021,Small,stable,legacy,23,0.0128862712428963,15791662.138349548,2025-01-01,,original base_pd_hint available
2025-01-07,A-FVDXWD,-0.040960199007751,Company_A_16,A,SouthAmerica,0.4675997347177412,0.0267959378762021,Small,stable,legacy,23,-0.0243367391560578,15791662.138349548,2025-01-01,,original base_pd_hint available
2025-01-08,A-FVDXWD,-0.0219879508741366,Company_A_16,A,SouthAmerica,0.4675997347177412,0.0267959378762021,Small,stable,legacy,23,0.0182148303659265,15791662.138349548,2025-01-01,,original base_pd_hint available
2025-01-09,A-FVDXWD,0.0030872873043847,Company_A_16,A,SouthAmerica,0.4675997347177412,0.0267959378762021,Small,stable,legacy,23,-0.0089463511724469,15791662.138349548,2025-01-01,,original base_pd_hint available
2025-01-10,A-FVDXWD,0.0195537839751387,Company_A_16,A,SouthAmerica,0.4675997347177412,0.0267959378762021,Small,stable,legacy,23,0.00035884007362,15791662.138349548,2025-01-01,,original base_pd_hint available
2025-02-03,A-FVDXWD,-0.0198309071690327,Company_A_16,A,SouthAmerica,0.4675997347177412,0.0267959378762021,Small,stable,legacy,23,-0.0054941552034284,15791662.138349548,2025-01-01,,original base_pd_hint available
2025-02-04,A-FVDXWD,-0.0222504060356524,Company_A_16,A,SouthAmerica,0.4675997347177412,0.0267959378762021,Small,stable,legacy,23,-0.00358947383386,15791662.138349548,2025-01-01,,original base_pd_hint available
2025-02-05,A-FVDXWD,-0.0285509861266502,Company_A_16,A,SouthAmerica,0.4675997347177412,0.0267959378762021,Small,stable,legacy,23,0.0025908564949908,15791662.138349548,2025-01-01,,original base_pd_hint available
2025-02-06,A-FVDXWD,0.0105372651248665,Company_A_16,A,SouthAmerica,0.4675997347177412,0.0267959378762021,Small,stable,legacy,23,,15791662.138349548,2025-01-01,,original base_pd_hint available
2025-02-07,A-FVDXWD,-0.0009387309677319,Company_A_16,A,SouthAmerica,0.4675997347177412,0.0267959378762021,Small,stable,legacy,23,0.0002495945918583,15791662.138349548,2025-01-01,,original base_pd_hint available
2025-02-10,A-FVDXWD,-0.0105255557507397,Company_A_16,A,SouthAmerica,0.4675997347177412,0.0267959378762021,Small,stable,legacy,23,0.0054230474860527,15791662.138349548,2025-01-01,,original base_pd_hint available
2025-02-11,A-FVDXWD,-0.0417249687036336,Company_A_16,A,SouthAmerica,0.4675997347177412,0.0267959378762021,Small,stable,legacy,23,-0.0099438455797308,15791662.138349548,2025-01-01,,original base_pd_hint available
2025-02-12,A-FVDXWD,0.0099432019703756,Company_A_16,A,SouthAmerica,0.4675997347177412,0.0267959378762021,Small,stable,legacy,23,0.0026930071713694,15791662.138349548,2025-01-01,,original base_pd_hint available
2025-03-03,A-FVDXWD,-0.0221562152156226,Company_A_16,A,SouthAmerica,0.4675997347177412,0.0267959378762021,Small,stable,legacy,23,-0.0076778332818246,15791662.138349548,2025-01-01,,original base_pd_hint available
2025-03-05,A-FVDXWD,-0.0347668626051425,Company_A_16,A,SouthAmerica,0.4675997347177412,0.0267959378762021,Small,stable,legacy,23,-0.00606686175451,15791662.138349548,2025-01-01,,original base_pd_hint available
2025-03-06,A-FVDXWD,0.0315274514640781,Company_A_16,A,SouthAmerica,0.4675997347177412,0.0267959378762021,Small,stable,legacy,23,0.0128317330113867,15791662.138349548,2025-01-01,,original base_pd_hint available
2025-03-07,A-FVDXWD,0.0089128946661105,Company_A_16,A,SouthAmerica,0.4675997347177412,0.0267959378762021,Small,stable,legacy,23,0.0007358993715615,15791662.138349548,2025-01-01,,original base_pd_hint available
2025-03-10,A-FVDXWD,0.002910028005856,Company_A_16,A,SouthAmerica,0.4675997347177412,0.0267959378762021,Small,stable,legacy,23,0.0017815811241298,15791662.138349548,2025-01-01,,original base_pd_hint available
2025-03-11,A-FVDXWD,-0.0023240608345527,Company_A_16,A,SouthAmerica,0.4675997347177412,0.0267959378762021,Small,stable,legacy,23,,15791662.138349548,2025-01-01,,original base_pd_hint available
2025-03-12,A-FVDXWD,0.0179401603304259,Company_A_16,A,SouthAmerica,0.4675997347177412,0.0267959378762021,Small,stable,legacy,23,,15791662.138349548,2025-01-01,,original base_pd_hint available
2025-04-01,A-FVDXWD,0.0173195210670788,Company_A_16,A,SouthAmerica,0.4675997347177412,0.0267959378762021,Small,stable,legacy,23,0.0238663514233257,15791662.138349548,2025-01-01,,original base_pd_hint available
2025-04-02,A-FVDXWD,0.0209606402938179,Company_A_16,A,SouthAmerica,0.4675997347177412,0.0267959378762021,Small,stable,legacy,23,0.0365811489813276,15791662.138349548,2025-01-01,,original base_pd_hint available
2025-04-03,A-FVDXWD,0.0214906891033897,Company_A_16,A,SouthAmerica,0.4675997347177412,0.0267959378762021,Small,stable,legacy,23,0.0032623202210721,15791662.138349548,2025-01-01,,original base_pd_hint available
2025-04-04,A-FVDXWD,-0.022245802592526,Company_A_16,A,SouthAmerica,0.4675997347177412,0.0267959378762021,Small,stable,legacy,23,0.0046679067207236,15791662.138349548,2025-01-01,,original base_pd_hint available
2025-04-07,A-FVDXWD,-0.0086259832615216,Company_A_16,A,SouthAmerica,0.4675997347177412,0.0267959378762021,Small,stable,legacy,23,-0.001166996716637,15791662.138349548,2025-01-01,,original base_pd_hint available
2025-04-08,A-FVDXWD,-0.0307303347666486,Company_A_16,A,SouthAmerica,0.4675997347177412,0.0267959378762021,Small,stable,legacy,23,0.0030697914156015,15791662.138349548,2025-01-01,,original base_pd_hint available
2025-04-09,A-FVDXWD,-0.0270998878440002,Company_A_16,A,SouthAmerica,0.4675997347177412,0.0267959378762021,Small,stable,legacy,23,-0.0107079723341646,15791662.138349548,2025-01-01,,original base_pd_hint available
2025-04-10,A-FVDXWD,0.0045825330749243,Company_A_16,A,SouthAmerica,0.4675997347177412,0.0267959378762021,Small,stable,legacy,23,-0.0014083266497123,15791662.138349548,2025-01-01,,original base_pd_hint available
2025-04-11,A-FVDXWD,-0.0012433770989326,Company_A_16,A,SouthAmerica,0.4675997347177412,0.0267959378762021,Small,stable,legacy,23,,15791662.138349548,2025-01-01,,original base_pd_hint available
2025-05-01,A-FVDXWD,-0.0005053139660852,Company_A_16,A,SouthAmerica,0.4675997347177412,0.0267959378762021,Small,stable,legacy,23,0.0069790073752749,15791662.138349548,2025-01-01,,original base_pd_hint available
2025-05-02,A-FVDXWD,-0.0031694539858761,Company_A_16,A,SouthAmerica,0.4675997347177412,0.0267959378762021,Small,stable,legacy,23,-0.0162153073285823,15791662.138349548,2025-01-01,,original base_pd_hint available
2025-05-05,A-FVDXWD,-0.0132521968313219,Company_A_16,A,SouthAmerica,0.4675997347177412,0.0267959378762021,Small,stable,legacy,23,-0.00847882823129,15791662.138349548,2025-01-01,,original base_pd_hint available
2025-05-06,A-FVDXWD,0.0145309236699755,Company_A_16,A,SouthAmerica,0.4675997347177412,0.0267959378762021,Small,stable,legacy,23,-0.0161446099702318,15791662.138349548,2025-01-01,,original base_pd_hint available
2025-05-07,A-FVDXWD,-0.007580092976889,Company_A_16,A,SouthAmerica,0.4675997347177412,0.0267959378762021,Small,stable,legacy,23,-0.0096620235568906,15791662.138349548,2025-01-01,,original base_pd_hint available
2025-05-08,A-FVDXWD,0.0323962866965239,Company_A_16,A,SouthAmerica,0.4675997347177412,0.0267959378762021,Small,stable,legacy,23,-0.0139671320770418,15791662.138349548,2025-01-01,,original base_pd_hint available
2025-05-09,A-FVDXWD,0.0211702623829923,Company_A_16,A,SouthAmerica,0.4675997347177412,0.0267959378762021,Small,stable,legacy,23,0.0129026337937017,15791662.138349548,2025-01-01,,original base_pd_hint available
2025-05-12,A-FVDXWD,-0.0261111573692075,Company_A_16,A,SouthAmerica,0.4675997347177412,0.0267959378762021,Small,stable,legacy,23,-0.0022773491009264,15791662.138349548,2025-01-01,,original base_pd_hint available
2025-06-02,A-FVDXWD,-0.001885643645591,Company_A_16,A,SouthAmerica,0.4675997347177412,0.0267959378762021,Small,stable,legacy,23,-0.0005529602076241,15791662.138349548,2025-01-01,,original base_pd_hint available
2025-06-03,A-FVDXWD,-0.0176344325387234,Company_A_16,A,SouthAmerica,0.4675997347177412,0.0267959378762021,Small,stable,legacy,23,-0.0172330905611457,15791662.138349548,2025-01-01,,original base_pd_hint available
2025-06-04,A-FVDXWD,0.0171828673299533,Company_A_16,A,SouthAmerica,0.4675997347177412,0.0267959378762021,Small,stable,legacy,23,0.0183184481974437,15791662.138349548,2025-01-01,,original base_pd_hint available
2025-06-05,A-FVDXWD,-0.034904633502272,Company_A_16,A,SouthAmerica,0.4675997347177412,0.0267959378762021,Small,stable,legacy,23,0.0106371342459794,15791662.138349548,2025-01-01,,original base_pd_hint available
2025-06-06,A-FVDXWD,0.0104473943229247,Company_A_16,A,SouthAmerica,0.4675997347177412,0.0267959378762021,Small,stable,legacy,23,,15791662.138349548,2025-01-01,,original base_pd_hint available
2025-06-10,A-FVDXWD,-0.0082940982752373,Company_A_16,A,SouthAmerica,0.4675997347177412,0.0267959378762021,Small,stable,legacy,23,-0.0136191224008954,15791662.138349548,2025-01-01,,original base_pd_hint available
2025-06-11,A-FVDXWD,-0.0018217143339895,Company_A_16,A,SouthAmerica,0.4675997347177412,0.0267959378762021,Small,stable,legacy,23,-0.0100323173756178,15791662.138349548,2025-01-01,,original base_pd_hint available
2025-06-12,A-FVDXWD,0.0018565886343823,Company_A_16,A,SouthAmerica,0.4675997347177412,0.0267959378762021,Small,stable,legacy,23,0.0032989542439667,15791662.138349548,2025-01-01,,original base_pd_hint available
2025-07-01,A-FVDXWD,-0.0256675764730272,Company_A_16,A,SouthAmerica,0.4675997347177412,0.0267959378762021,Small,stable,legacy,23,-0.0096219712289246,15791662.138349548,2025-01-01,,original base_pd_hint available
2025-07-02,A-FVDXWD,-0.0015570681925283,Company_A_16,A,SouthAmerica,0.4675997347177412,0.0267959378762021,Small,stable,legacy,23,-0.0037149241794859,15791662.138349548,2025-01-01,,original base_pd_hint available
2025-07-03,A-FVDXWD,-0.0016240253982147,Company_A_16,A,SouthAmerica,0.4675997347177412,0.0267959378762021,Small,stable,legacy,23,-0.0043263144974688,15791662.138349548,2025-01-01,,original base_pd_hint available
2025-07-04,A-FVDXWD,0.0009492279723815,Company_A_16,A,SouthAmerica,0.4675997347177412,0.0267959378762021,Small,stable,legacy,23,-0.0133838372809235,15791662.138349548,2025-01-01,,original base_pd_hint available
2025-07-07,A-FVDXWD,-0.0449022700803613,Company_A_16,A,SouthAmerica,0.4675997347177412,0.0267959378762021,Small,stable,legacy,23,-0.0251194077625596,15791662.138349548,2025-01-01,,original base_pd_hint available
2025-07-08,A-FVDXWD,-0.049566094407593,Company_A_16,A,SouthAmerica,0.4675997347177412,0.0267959378762021,Small,stable,legacy,23,,15791662.138349548,2025-01-01,,original base_pd_hint available
2025-07-10,A-FVDXWD,-0.0068103440253761,Company_A_16,A,SouthAmerica,0.4675997347177412,0.0267959378762021,Small,stable,legacy,23,0.0158541643653866,15791662.138349548,2025-01-01,,original base_pd_hint available
2025-07-11,A-FVDXWD,-0.0011324683854149,Company_A_16,A,SouthAmerica,0.4675997347177412,0.0267959378762021,Small,stable,legacy,23,0.012309197644808,15791662.138349548,2025-01-01,,original base_pd_hint available
2025-08-01,A-FVDXWD,0.0212540333121877,Company_A_16,A,SouthAmerica,0.4675997347177412,0.0267959378762021,Small,stable,legacy,23,0.0105578088644496,15791662.138349548,2025-01-01,,original base_pd_hint available
2025-08-04,A-FVDXWD,-0.0229054499895236,Company_A_16,A,SouthAmerica,0.4675997347177412,0.0267959378762021,Small,stable,legacy,23,-0.0078399411625386,15791662.138349548,2025-01-01,,original base_pd_hint available
2025-08-05,A-FVDXWD,0.0041183654089128,Company_A_16,A,SouthAmerica,0.4675997347177412,0.0267959378762021,Small,stable,legacy,23,0.0094866941709183,15791662.138349548,2025-01-01,,original base_pd_hint available
2025-08-06,A-FVDXWD,0.0055516602652527,Company_A_16,A,SouthAmerica,0.4675997347177412,0.0267959378762021,Small,stable,legacy,23,-0.0035578472668993,15791662.138349548,2025-01-01,,original base_pd_hint available
2025-08-07,A-FVDXWD,0.0078385247549931,Company_A_16,A,SouthAmerica,0.4675997347177412,0.0267959378762021,Small,stable,legacy,23,0.0095459566054523,15791662.138349548,2025-01-01,,original base_pd_hint available
2025-08-08,A-FVDXWD,0.0150210573014736,Company_A_16,A,SouthAmerica,0.4675997347177412,0.0267959378762021,Small,stable,legacy,23,0.0036068720141056,15791662.138349548,2025-01-01,,original base_pd_hint available
2025-08-11,A-FVDXWD,0.002480279949723,Company_A_16,A,SouthAmerica,0.4675997347177412,0.0267959378762021,Small,stable,legacy,23,0.0009696416285378,15791662.138349548,2025-01-01,,original base_pd_hint available
2025-09-01,A-FVDXWD,-0.0251563338183301,Company_A_16,A,SouthAmerica,0.4675997347177412,0.0267959378762021,Small,stable,legacy,23,,15791662.138349548,2025-01-01,,original base_pd_hint available
2025-09-02,A-FVDXWD,-0.0052335377528581,Company_A_16,A,SouthAmerica,0.4675997347177412,0.0267959378762021,Small,stable,legacy,23,0.0021873458027918,15791662.138349548,2025-01-01,,original base_pd_hint available
2025-09-04,A-FVDXWD,0.0171334057061153,Company_A_16,A,SouthAmerica,0.4675997347177412,0.0267959378762021,Small,stable,legacy,23,-0.0109398895694683,15791662.138349548,2025-01-01,,original base_pd_hint available
2025-09-05,A-FVDXWD,,Company_A_16,A,SouthAmerica,0.4675997347177412,0.0267959378762021,Small,stable,legacy,23,-0.0151822149727439,15791662.138349548,2025-01-01,,original base_pd_hint available
2025-09-08,A-FVDXWD,-0.0302519841205005,Company_A_16,A,SouthAmerica,0.4675997347177412,0.0267959378762021,Small,stable,legacy,23,-0.003197959946638,15791662.138349548,2025-01-01,,original base_pd_hint available
2025-09-09,A-FVDXWD,0.0112892073466263,Company_A_16,A,SouthAmerica,0.4675997347177412,0.0267959378762021,Small,stable,legacy,23,0.0016963673318161,15791662.138349548,2025-01-01,,original base_pd_hint available
2025-09-10,A-FVDXWD,-0.0165179311483923,Company_A_16,A,SouthAmerica,0.4675997347177412,0.0267959378762021,Small,stable,legacy,23,-0.0182352677685309,15791662.138349548,2025-01-01,,original base_pd_hint available
2025-09-11,A-FVDXWD,-0.0094583216683093,Company_A_16,A,SouthAmerica,0.4675997347177412,0.0267959378762021,Small,stable,legacy,23,-0.0068066432691066,15791662.138349548,2025-01-01,,original base_pd_hint available
2025-09-12,A-FVDXWD,0.0043942721403688,Company_A_16,A,SouthAmerica,0.4675997347177412,0.0267959378762021,Small,stable,legacy,23,-0.0070989753663894,15791662.138349548,2025-01-01,,original base_pd_hint available
2025-10-01,A-FVDXWD,0.0022016802574581,Company_A_16,A,SouthAmerica,0.4675997347177412,0.0267959378762021,Small,stable,legacy,23,0.0100992546753692,15791662.138349548,2025-01-01,,original base_pd_hint available
2025-10-02,A-FVDXWD,-0.0017570494102236,Company_A_16,A,SouthAmerica,0.4675997347177412,0.0267959378762021,Small,stable,legacy,23,0.0128222583263302,15791662.138349548,2025-01-01,,original base_pd_hint available
2025-10-03,A-FVDXWD,0.0105834158363158,Company_A_16,A,SouthAmerica,0.4675997347177412,0.0267959378762021,Small,stable,legacy,23,-0.0147715335897255,15791662.138349548,2025-01-01,,original base_pd_hint available
2025-10-06,A-FVDXWD,0.0104421754003821,Company_A_16,A,SouthAmerica,0.4675997347177412,0.0267959378762021,Small,stable,legacy,23,0.0202534547427589,15791662.138349548,2025-01-01,,original base_pd_hint available
2025-10-07,A-FVDXWD,0.0253170597052508,Company_A_16,A,SouthAmerica,0.4675997347177412,0.0267959378762021,Small,stable,legacy,23,-0.0002841086384081,15791662.138349548,2025-01-01,,original base_pd_hint available
2025-10-08,A-FVDXWD,-0.0251077822280156,Company_A_16,A,SouthAmerica,0.4675997347177412,0.0267959378762021,Small,stable,legacy,23,-0.0240693646725217,15791662.138349548,2025-01-01,,original base_pd_hint available
2025-10-09,A-FVDXWD,-0.0035702555667396,Company_A_16,A,SouthAmerica,0.4675997347177412,0.0267959378762021,Small,stable,legacy,23,-0.004096752034854,15791662.138349548,2025-01-01,,original base_pd_hint available
2025-10-10,A-FVDXWD,-0.0017083394790626,Company_A_16,A,SouthAmerica,0.4675997347177412,0.0267959378762021,Small,stable,legacy,23,0.0009863909699606,15791662.138349548,2025-01-01,,original base_pd_hint available
2025-11-03,A-FVDXWD,0.0016083904393856,Company_A_16,A,SouthAmerica,0.4675997347177412,0.0267959378762021,Small,stable,legacy,23,,15791662.138349548,2025-01-01,,original base_pd_hint available
2025-11-04,A-FVDXWD,-0.009562818902391,Company_A_16,A,SouthAmerica,0.4675997347177412,0.0267959378762021,Small,stable,legacy,23,-0.0002530604133823,15791662.138349548,2025-01-01,,original base_pd_hint available
2025-11-05,A-FVDXWD,0.0240002581971192,Company_A_16,A,SouthAmerica,0.4675997347177412,0.0267959378762021,Small,stable,legacy,23,0.008650284141478,15791662.138349548,2025-01-01,,original base_pd_hint available
2025-11-06,A-FVDXWD,0.0023546980942718,Company_A_16,A,SouthAmerica,0.4675997347177412,0.0267959378762021,Small,stable,legacy,23,0.0088547044735975,15791662.138349548,2025-01-01,,original base_pd_hint available
2025-11-07,A-FVDXWD,-0.018958007036359,Company_A_16,A,SouthAmerica,0.4675997347177412,0.0267959378762021,Small,stable,legacy,23,-0.0099532256341279,15791662.138349548,2025-01-01,,original base_pd_hint available
2025-11-10,A-FVDXWD,-0.02533187112888,Company_A_16,A,SouthAmerica,0.4675997347177412,0.0267959378762021,Small,stable,legacy,23,-0.0111179190924326,15791662.138349548,2025-01-01,,original base_pd_hint available
2025-11-11,A-FVDXWD,-0.0016300823309284,Company_A_16,A,SouthAmerica,0.4675997347177412,0.0267959378762021,Small,stable,legacy,23,0.00946653772823,15791662.138349548,2025-01-01,,original base_pd_hint available
2025-11-12,A-FVDXWD,0.0023501501092844,Company_A_16,A,SouthAmerica,0.4675997347177412,0.0267959378762021,Small,stable,legacy,23,-0.0167516922712146,15791662.138349548,2025-01-01,,original base_pd_hint available
2025-12-01,A-FVDXWD,-0.0088946739708194,Company_A_16,A,SouthAmerica,0.4675997347177412,0.0267959378762021,Small,stable,legacy,23,0.0033863437893976,15791662.138349548,2025-01-01,,original base_pd_hint available
2025-12-02,A-FVDXWD,-0.0094606820836873,Company_A_16,A,SouthAmerica,0.4675997347177412,0.0267959378762021,Small,stable,legacy,23,-0.0026471166291688,15791662.138349548,2025-01-01,,original base_pd_hint available
2025-12-03,A-FVDXWD,-0.0205520722351747,Company_A_16,A,SouthAmerica,0.4675997347177412,0.0267959378762021,Small,stable,legacy,23,-0.0112637381058377,15791662.138349548,2025-01-01,,original base_pd_hint available
2025-12-04,A-FVDXWD,0.0162541358266443,Company_A_16,A,SouthAmerica,0.4675997347177412,0.0267959378762021,Small,stable,legacy,23,,15791662.138349548,2025-01-01,,original base_pd_hint available
2025-12-05,A-FVDXWD,-0.0138060369440816,Company_A_16,A,SouthAmerica,0.4675997347177412,0.0267959378762021,Small,stable,legacy,23,-0.0003015667345061,15791662.138349548,2025-01-01,,original base_pd_hint available
2025-12-08,A-FVDXWD,-0.0299109953879194,Company_A_16,A,SouthAmerica,0.4675997347177412,0.0267959378762021,Small,stable,legacy,23,0.0131517878771854,15791662.138349548,2025-01-01,,original base_pd_hint available
2025-12-09,A-FVDXWD,0.0069185707035217,Company_A_16,A,SouthAmerica,0.4675997347177412,0.0267959378762021,Small,stable,legacy,23,0.0073362825364422,15791662.138349548,2025-01-01,,original base_pd_hint available
2025-12-11,A-FVDXWD,-0.0218128319475396,Company_A_16,A,SouthAmerica,0.4675997347177412,0.0267959378762021,Small,stable,legacy,23,-0.0140858050562602,15791662.138349548,2025-01-01,,original base_pd_hint available
2025-12-12,A-FVDXWD,0.0323898869125677,Company_A_16,A,SouthAmerica,0.4675997347177412,0.0267959378762021,Small,stable,legacy,23,0.0199773459418865,15791662.138349548,2025-01-01,,original base_pd_hint available
2025-05-05,A-H8WKWS,0.0020765093458835,Company_A_22,A,South America,0.3976169843656488,0.0222303610074104,Small,stable,satellite,49,-0.00847882823129,36314076.04037352,2025-05-03,,original base_pd_hint available
2025-05-05,A-H8WKWS,0.0020765093458835,Company_A_22,A,South America,0.3976169843656488,0.0222303610074104,Small,stable,satellite,49,-0.00847882823129,36314076.04037352,2025-05-03,,original base_pd_hint available
2025-05-07,A-H8WKWS,-0.0085933948005203,Company_A_22,A,South America,0.3976169843656488,0.0222303610074104,Small,stable,satellite,49,-0.0096620235568906,36314076.04037352,2025-05-03,,original base_pd_hint available
2025-05-07,A-H8WKWS,-0.0085933948005203,Company_A_22,A,South America,0.3976169843656488,0.0222303610074104,Small,stable,satellite,49,-0.0096620235568906,36314076.04037352,2025-05-03,,original base_pd_hint available
2025-05-08,A-H8WKWS,-0.0187019884715692,Company_A_22,A,South America,0.3976169843656488,0.0222303610074104,Small,stable,satellite,49,-0.0139671320770418,36314076.04037352,2025-05-03,,original base_pd_hint available
2025-05-08,A-H8WKWS,-0.0187019884715692,Company_A_22,A,South America,0.3976169843656488,0.0222303610074104,Small,stable,satellite,49,-0.0139671320770418,36314076.04037352,2025-05-03,,original base_pd_hint available
2025-05-09,A-H8WKWS,0.0575985245280289,Company_A_22,A,South America,0.3976169843656488,0.0222303610074104,Small,stable,satellite,49,0.0129026337937017,36314076.04037352,2025-05-03,,original base_pd_hint available
2025-05-09,A-H8WKWS,0.0575985245280289,Company_A_22,A,South America,0.3976169843656488,0.0222303610074104,Small,stable,satellite,49,0.0129026337937017,36314076.04037352,2025-05-03,,original base_pd_hint available
2025-05-12,A-H8WKWS,-0.023482498528118,Company_A_22,A,South America,0.3976169843656488,0.0222303610074104,Small,stable,satellite,49,-0.0022773491009264,36314076.04037352,2025-05-03,,original base_pd_hint available
2025-05-12,A-H8WKWS,-0.023482498528118,Company_A_22,A,South America,0.3976169843656488,0.0222303610074104,Small,stable,satellite,49,-0.0022773491009264,36314076.04037352,2025-05-03,,original base_pd_hint available
2025-06-02,A-H8WKWS,0.0137693919335604,Company_A_22,A,South America,0.3976169843656488,0.0222303610074104,Small,stable,satellite,49,-0.0005529602076241,36314076.04037352,2025-05-03,,original base_pd_hint available
2025-06-02,A-H8WKWS,0.0137693919335604,Company_A_22,A,South America,0.3976169843656488,0.0222303610074104,Small,stable,satellite,49,-0.0005529602076241,36314076.04037352,2025-05-03,,original base_pd_hint available
2025-06-03,A-H8WKWS,-0.0439995813477495,Company_A_22,A,South America,0.3976169843656488,0.0222303610074104,Small,stable,satellite,49,-0.0172330905611457,36314076.04037352,2025-05-03,,original base_pd_hint available
2025-06-03,A-H8WKWS,-0.0439995813477495,Company_A_22,A,South America,0.3976169843656488,0.0222303610074104,Small,stable,satellite,49,-0.0172330905611457,36314076.04037352,2025-05-03,,original base_pd_hint available
2025-06-04,A-H8WKWS,0.0088871652771371,Company_A_22,A,South America,0.3976169843656488,0.0222303610074104,Small,stable,satellite,49,0.0183184481974437,36314076.04037352,2025-05-03,,original base_pd_hint available
2025-06-04,A-H8WKWS,0.0088871652771371,Company_A_22,A,South America,0.3976169843656488,0.0222303610074104,Small,stable,satellite,49,0.0183184481974437,36314076.04037352,2025-05-03,,original base_pd_hint available
2025-06-05,A-H8WKWS,-0.0120471633907221,Company_A_22,A,South America,0.3976169843656488,0.0222303610074104,Small,stable,satellite,49,0.0106371342459794,36314076.04037352,2025-05-03,,original base_pd_hint available
2025-06-05,A-H8WKWS,-0.0120471633907221,Company_A_22,A,South America,0.3976169843656488,0.0222303610074104,Small,stable,satellite,49,0.0106371342459794,36314076.04037352,2025-05-03,,original base_pd_hint available
2025-06-06,A-H8WKWS,-0.0100282419059134,Company_A_22,A,South America,0.3976169843656488,0.0222303610074104,Small,stable,satellite,49,,36314076.04037352,2025-05-03,,original base_pd_hint available
2025-06-06,A-H8WKWS,-0.0100282419059134,Company_A_22,A,South America,0.3976169843656488,0.0222303610074104,Small,stable,satellite,49,,36314076.04037352,2025-05-03,,original base_pd_hint available
2025-06-09,A-H8WKWS,0.0419548579677683,Company_A_22,A,South America,0.3976169843656488,0.0222303610074104,Small,stable,satellite,49,0.0090953812038202,36314076.04037352,2025-05-03,,original base_pd_hint available
2025-06-09,A-H8WKWS,0.0419548579677683,Company_A_22,A,South America,0.3976169843656488,0.0222303610074104,Small,stable,satellite,49,0.0090953812038202,36314076.04037352,2025-05-03,,original base_pd_hint available
2025-06-10,A-H8WKWS,-0.0373674325563014,Company_A_22,A,South America,0.3976169843656488,0.0222303610074104,Small,stable,satellite,49,-0.0136191224008954,36314076.04037352,2025-05-03,,original base_pd_hint available
2025-06-10,A-H8WKWS,-0.0373674325563014,Company_A_22,A,South America,0.3976169843656488,0.0222303610074104,Small,stable,satellite,49,-0.0136191224008954,36314076.04037352,2025-05-03,,original base_pd_hint available
2025-06-11,A-H8WKWS,-0.0227713469083679,Company_A_22,A,South America,0.3976169843656488,0.0222303610074104,Small,stable,satellite,49,-0.0100323173756178,36314076.04037352,2025-05-03,,original base_pd_hint available
2025-06-11,A-H8WKWS,-0.0227713469083679,Company_A_22,A,South America,0.3976169843656488,0.0222303610074104,Small,stable,satellite,49,-0.0100323173756178,36314076.04037352,2025-05-03,,original base_pd_hint available
2025-06-12,A-H8WKWS,0.0118263952789011,Company_A_22,A,South America,0.3976169843656488,0.0222303610074104,Small,stable,satellite,49,0.0032989542439667,36314076.04037352,2025-05-03,,original base_pd_hint available
2025-06-12,A-H8WKWS,0.0118263952789011,Company_A_22,A,South America,0.3976169843656488,0.0222303610074104,Small,stable,satellite,49,0.0032989542439667,36314076.04037352,2025-05-03,,original base_pd_hint available
2025-07-01,A-H8WKWS,-0.0185918538982751,Company_A_22,A,South America,0.3976169843656488,0.0222303610074104,Small,stable,satellite,49,-0.0096219712289246,36314076.04037352,2025-05-03,,original base_pd_hint available
2025-07-01,A-H8WKWS,-0.0185918538982751,Company_A_22,A,South America,0.3976169843656488,0.0222303610074104,Small,stable,satellite,49,-0.0096219712289246,36314076.04037352,2025-05-03,,original base_pd_hint available
2025-07-02,A-H8WKWS,0.0103947814208012,Company_A_22,A,South America,0.3976169843656488,0.0222303610074104,Small,stable,satellite,49,-0.0037149241794859,36314076.04037352,2025-05-03,,original base_pd_hint available
2025-07-02,A-H8WKWS,0.0103947814208012,Company_A_22,A,South America,0.3976169843656488,0.0222303610074104,Small,stable,satellite,49,-0.0037149241794859,36314076.04037352,2025-05-03,,original base_pd_hint available
2025-07-03,A-H8WKWS,0.0017912667104704,Company_A_22,A,South America,0.3976169843656488,0.0222303610074104,Small,stable,satellite,49,-0.0043263144974688,36314076.04037352,2025-05-03,,original base_pd_hint available
2025-07-03,A-H8WKWS,0.0017912667104704,Company_A_22,A,South America,0.3976169843656488,0.0222303610074104,Small,stable,satellite,49,-0.0043263144974688,36314076.04037352,2025-05-03,,original base_pd_hint available
2025-07-04,A-H8WKWS,-0.0481647047087293,Company_A_22,A,South America,0.3976169843656488,0.0222303610074104,Small,stable,satellite,49,-0.0133838372809235,36314076.04037352,2025-05-03,,original base_pd_hint available
2025-07-04,A-H8WKWS,-0.0481647047087293,Company_A_22,A,South America,0.3976169843656488,0.0222303610074104,Small,stable,satellite,49,-0.0133838372809235,36314076.04037352,2025-05-03,,original base_pd_hint available
2025-07-07,A-H8WKWS,-0.0349605655644114,Company_A_22,A,South America,0.3976169843656488,0.0222303610074104,Small,stable,satellite,49,-0.0251194077625596,36314076.04037352,2025-05-03,,original base_pd_hint available
2025-07-07,A-H8WKWS,-0.0349605655644114,Company_A_22,A,South America,0.3976169843656488,0.0222303610074104,Small,stable,satellite,49,-0.0251194077625596,36314076.04037352,2025-05-03,,original base_pd_hint available
2025-07-08,A-H8WKWS,-0.0123294015251792,Company_A_22,A,South America,0.3976169843656488,0.0222303610074104,Small,stable,satellite,49,,36314076.04037352,2025-05-03,,original base_pd_hint available
2025-07-08,A-H8WKWS,-0.0123294015251792,Company_A_22,A,South America,0.3976169843656488,0.0222303610074104,Small,stable,satellite,49,,36314076.04037352,2025-05-03,,original base_pd_hint available
2025-07-10,A-H8WKWS,0.0343543400474462,Company_A_22,A,South America,0.3976169843656488,0.0222303610074104,Small,stable,satellite,49,0.0158541643653866,36314076.04037352,2025-05-03,,original base_pd_hint available
2025-07-10,A-H8WKWS,0.0343543400474462,Company_A_22,A,South America,0.3976169843656488,0.0222303610074104,Small,stable,satellite,49,0.0158541643653866,36314076.04037352,2025-05-03,,original base_pd_hint available
2025-07-11,A-H8WKWS,0.0674892243833021,Company_A_22,A,South America,0.3976169843656488,0.0222303610074104,Small,stable,satellite,49,0.012309197644808,36314076.04037352,2025-05-03,,original base_pd_hint available
2025-07-11,A-H8WKWS,0.0674892243833021,Company_A_22,A,South America,0.3976169843656488,0.0222303610074104,Small,stable,satellite,49,0.012309197644808,36314076.04037352,2025-05-03,,original base_pd_hint available
2025-08-01,A-H8WKWS,0.0221705851836102,Company_A_22,A,South America,0.3976169843656488,0.0222303610074104,Small,stable,satellite,49,0.0105578088644496,36314076.04037352,2025-05-03,,original base_pd_hint available
2025-08-01,A-H8WKWS,0.0221705851836102,Company_A_22,A,South America,0.3976169843656488,0.0222303610074104,Small,stable,satellite,49,0.0105578088644496,36314076.04037352,2025-05-03,,original base_pd_hint available
2025-08-04,A-H8WKWS,-0.0154123970815299,Company_A_22,A,South America,0.3976169843656488,0.0222303610074104,Small,stable,satellite,49,-0.0078399411625386,36314076.04037352,2025-05-03,,original base_pd_hint available
2025-08-04,A-H8WKWS,-0.0154123970815299,Company_A_22,A,South America,0.3976169843656488,0.0222303610074104,Small,stable,satellite,49,-0.0078399411625386,36314076.04037352,2025-05-03,,original base_pd_hint available
2025-08-05,A-H8WKWS,0.0110016818316663,Company_A_22,A,South America,0.3976169843656488,0.0222303610074104,Small,stable,satellite,49,0.0094866941709183,36314076.04037352,2025-05-03,,original base_pd_hint available
2025-08-05,A-H8WKWS,0.0110016818316663,Company_A_22,A,South America,0.3976169843656488,0.0222303610074104,Small,stable,satellite,49,0.0094866941709183,36314076.04037352,2025-05-03,,original base_pd_hint available
2025-08-06,A-H8WKWS,0.0004226675688902,Company_A_22,A,South America,0.3976169843656488,0.0222303610074104,Small,stable,satellite,49,-0.0035578472668993,36314076.04037352,2025-05-03,,original base_pd_hint available
2025-08-06,A-H8WKWS,0.0004226675688902,Company_A_22,A,South America,0.3976169843656488,0.0222303610074104,Small,stable,satellite,49,-0.0035578472668993,36314076.04037352,2025-05-03,,original base_pd_hint available
2025-08-07,A-H8WKWS,-0.0267783309071056,Company_A_22,A,South America,0.3976169843656488,0.0222303610074104,Small,stable,satellite,49,0.0095459566054523,36314076.04037352,2025-05-03,,original base_pd_hint available
2025-08-07,A-H8WKWS,-0.0267783309071056,Company_A_22,A,South America,0.3976169843656488,0.0222303610074104,Small,stable,satellite,49,0.0095459566054523,36314076.04037352,2025-05-03,,original base_pd_hint available
2025-08-08,A-H8WKWS,-0.0100143960749478,Company_A_22,A,South America,0.3976169843656488,0.0222303610074104,Small,stable,satellite,49,0.0036068720141056,36314076.04037352,2025-05-03,,original base_pd_hint available
2025-08-08,A-H8WKWS,-0.0100143960749478,Company_A_22,A,South America,0.3976169843656488,0.0222303610074104,Small,stable,satellite,49,0.0036068720141056,36314076.04037352,2025-05-03,,original base_pd_hint available
2025-08-11,A-H8WKWS,-0.0124568670496477,Company_A_22,A,South America,0.3976169843656488,0.0222303610074104,Small,stable,satellite,49,0.0009696416285378,36314076.04037352,2025-05-03,,original base_pd_hint available
2025-08-11,A-H8WKWS,-0.0124568670496477,Company_A_22,A,South America,0.3976169843656488,0.0222303610074104,Small,stable,satellite,49,0.0009696416285378,36314076.04037352,2025-05-03,,original base_pd_hint available
2025-08-12,A-H8WKWS,-0.0131563599477177,Company_A_22,A,South America,0.3976169843656488,0.0222303610074104,Small,stable,satellite,49,-0.002935172692495,36314076.04037352,2025-05-03,,original base_pd_hint available
2025-08-12,A-H8WKWS,-0.0131563599477177,Company_A_22,A,South America,0.3976169843656488,0.0222303610074104,Small,stable,satellite,49,-0.002935172692495,36314076.04037352,2025-05-03,,original base_pd_hint available
2025-09-01,A-H8WKWS,-0.0162076842955048,Company_A_22,A,South America,0.3976169843656488,0.0222303610074104,Small,stable,satellite,49,,36314076.04037352,2025-05-03,,original base_pd_hint available
2025-09-01,A-H8WKWS,-0.0162076842955048,Company_A_22,A,South America,0.3976169843656488,0.0222303610074104,Small,stable,satellite,49,,36314076.04037352,2025-05-03,,original base_pd_hint available
2025-09-02,A-H8WKWS,0.005162245864838,Company_A_22,A,South America,0.3976169843656488,0.0222303610074104,Small,stable,satellite,49,0.0021873458027918,36314076.04037352,2025-05-03,,original base_pd_hint available
2025-09-02,A-H8WKWS,0.005162245864838,Company_A_22,A,South America,0.3976169843656488,0.0222303610074104,Small,stable,satellite,49,0.0021873458027918,36314076.04037352,2025-05-03,,original base_pd_hint available
2025-09-03,A-H8WKWS,-0.0334679521727528,Company_A_22,A,South America,0.3976169843656488,0.0222303610074104,Small,stable,satellite,49,-0.0269105665309313,36314076.04037352,2025-05-03,,original base_pd_hint available
2025-09-03,A-H8WKWS,-0.0334679521727528,Company_A_22,A,South America,0.3976169843656488,0.0222303610074104,Small,stable,satellite,49,-0.0269105665309313,36314076.04037352,2025-05-03,,original base_pd_hint available
2025-09-04,A-H8WKWS,-0.0233031198003942,Company_A_22,A,South America,0.3976169843656488,0.0222303610074104,Small,stable,satellite,49,-0.0109398895694683,36314076.04037352,2025-05-03,,original base_pd_hint available
2025-09-04,A-H8WKWS,-0.0233031198003942,Company_A_22,A,South America,0.3976169843656488,0.0222303610074104,Small,stable,satellite,49,-0.0109398895694683,36314076.04037352,2025-05-03,,original base_pd_hint available
2025-09-05,A-H8WKWS,-0.0412930168529247,Company_A_22,A,South America,0.3976169843656488,0.0222303610074104,Small,stable,satellite,49,-0.0151822149727439,36314076.04037352,2025-05-03,,original base_pd_hint available
2025-09-05,A-H8WKWS,-0.0412930168529247,Company_A_22,A,South America,0.3976169843656488,0.0222303610074104,Small,stable,satellite,49,-0.0151822149727439,36314076.04037352,2025-05-03,,original base_pd_hint available
2025-09-08,A-H8WKWS,-0.0013957798580148,Company_A_22,A,South America,0.3976169843656488,0.0222303610074104,Small,stable,satellite,49,-0.003197959946638,36314076.04037352,2025-05-03,,original base_pd_hint available
2025-09-08,A-H8WKWS,-0.0013957798580148,Company_A_22,A,South America,0.3976169843656488,0.0222303610074104,Small,stable,satellite,49,-0.003197959946638,36314076.04037352,2025-05-03,,original base_pd_hint available
2025-09-09,A-H8WKWS,0.0205632629746015,Company_A_22,A,South America,0.3976169843656488,0.0222303610074104,Small,stable,satellite,49,0.0016963673318161,36314076.04037352,2025-05-03,,original base_pd_hint available
2025-09-09,A-H8WKWS,0.0205632629746015,Company_A_22,A,South America,0.3976169843656488,0.0222303610074104,Small,stable,satellite,49,0.0016963673318161,36314076.04037352,2025-05-03,,original base_pd_hint available
2025-09-10,A-H8WKWS,-0.0018566560210626,Company_A_22,A,South America,0.3976169843656488,0.0222303610074104,Small,stable,satellite,49,-0.0182352677685309,36314076.04037352,2025-05-03,,original base_pd_hint available
2025-09-10,A-H8WKWS,-0.0018566560210626,Company_A_22,A,South America,0.3976169843656488,0.0222303610074104,Small,stable,satellite,49,-0.0182352677685309,36314076.04037352,2025-05-03,,original base_pd_hint available
2025-09-11,A-H8WKWS,0.0214105653381896,Company_A_22,A,South America,0.3976169843656488,0.0222303610074104,Small,stable,satellite,49,-0.0068066432691066,36314076.04037352,2025-05-03,,original base_pd_hint available
2025-09-11,A-H8WKWS,0.0214105653381896,Company_A_22,A,South America,0.3976169843656488,0.0222303610074104,Small,stable,satellite,49,-0.0068066432691066,36314076.04037352,2025-05-03,,original base_pd_hint available
2025-09-12,A-H8WKWS,-0.0178204584782438,Company_A_22,A,South America,0.3976169843656488,0.0222303610074104,Small,stable,satellite,49,-0.0070989753663894,36314076.04037352,2025-05-03,,original base_pd_hint available
2025-09-12,A-H8WKWS,-0.0178204584782438,Company_A_22,A,South America,0.3976169843656488,0.0222303610074104,Small,stable,satellite,49,-0.0070989753663894,36314076.04037352,2025-05-03,,original base_pd_hint available
2025-10-01,A-H8WKWS,-0.0004550973112111,Company_A_22,A,South America,0.3976169843656488,0.0222303610074104,Small,stable,satellite,49,0.0100992546753692,36314076.04037352,2025-05-03,,original base_pd_hint available
2025-10-01,A-H8WKWS,-0.0004550973112111,Company_A_22,A,South America,0.3976169843656488,0.0222303610074104,Small,stable,satellite,49,0.0100992546753692,36314076.04037352,2025-05-03,,original base_pd_hint available
2025-10-02,A-H8WKWS,0.0014249229683496,Company_A_22,A,South America,0.3976169843656488,0.0222303610074104,Small,stable,satellite,49,0.0128222583263302,36314076.04037352,2025-05-03,,original base_pd_hint available
2025-10-02,A-H8WKWS,0.0014249229683496,Company_A_22,A,South America,0.3976169843656488,0.0222303610074104,Small,stable,satellite,49,0.0128222583263302,36314076.04037352,2025-05-03,,original base_pd_hint available
2025-10-03,A-H8WKWS,-0.0056041562160797,Company_A_22,A,South America,0.3976169843656488,0.0222303610074104,Small,stable,satellite,49,-0.0147715335897255,36314076.04037352,2025-05-03,,original base_pd_hint available
2025-10-03,A-H8WKWS,-0.0056041562160797,Company_A_22,A,South America,0.3976169843656488,0.0222303610074104,Small,stable,satellite,49,-0.0147715335897255,36314076.04037352,2025-05-03,,original base_pd_hint available
2025-10-06,A-H8WKWS,0.0133355990479042,Company_A_22,A,South America,0.3976169843656488,0.0222303610074104,Small,stable,satellite,49,0.0202534547427589,36314076.04037352,2025-05-03,,original base_pd_hint available
2025-10-06,A-H8WKWS,0.0133355990479042,Company_A_22,A,South America,0.3976169843656488,0.0222303610074104,Small,stable,satellite,49,0.0202534547427589,36314076.04037352,2025-05-03,,original base_pd_hint available
2025-10-07,A-H8WKWS,-0.0209597410037661,Company_A_22,A,South America,0.3976169843656488,0.0222303610074104,Small,stable,satellite,49,-0.0002841086384081,36314076.04037352,2025-05-03,,original base_pd_hint available
2025-10-07,A-H8WKWS,-0.0209597410037661,Company_A_22,A,South America,0.3976169843656488,0.0222303610074104,Small,stable,satellite,49,-0.0002841086384081,36314076.04037352,2025-05-03,,original base_pd_hint available
2025-10-08,A-H8WKWS,-0.0534066405655333,Company_A_22,A,South America,0.3976169843656488,0.0222303610074104,Small,stable,satellite,49,-0.0240693646725217,36314076.04037352,2025-05-03,,original base_pd_hint available
2025-10-08,A-H8WKWS,-0.0534066405655333,Company_A_22,A,South America,0.3976169843656488,0.0222303610074104,Small,stable,satellite,49,-0.0240693646725217,36314076.04037352,2025-05-03,,original base_pd_hint available
2025-10-09,A-H8WKWS,-0.013996194392639,Company_A_22,A,South America,0.3976169843656488,0.0222303610074104,Small,stable,satellite,49,-0.004096752034854,36314076.04037352,2025-05-03,,original base_pd_hint available
2025-10-09,A-H8WKWS,-0.013996194392639,Company_A_22,A,South America,0.3976169843656488,0.0222303610074104,Small,stable,satellite,49,-0.004096752034854,36314076.04037352,2025-05-03,,original base_pd_hint available
2025-10-10,A-H8WKWS,-0.0240917244849278,Company_A_22,A,South America,0.3976169843656488,0.0222303610074104,Small,stable,satellite,49,0.0009863909699606,36314076.04037352,2025-05-03,,original base_pd_hint available
2025-10-10,A-H8WKWS,-0.0240917244849278,Company_A_22,A,South America,0.3976169843656488,0.0222303610074104,Small,stable,satellite,49,0.0009863909699606,36314076.04037352,2025-05-03,,original base_pd_hint available
2025-11-03,A-H8WKWS,0.0129757806600778,Company_A_22,A,South America,0.3976169843656488,0.0222303610074104,Small,stable,satellite,49,,36314076.04037352,2025-05-03,,original base_pd_hint available
2025-11-03,A-H8WKWS,0.0129757806600778,Company_A_22,A,South America,0.3976169843656488,0.0222303610074104,Small,stable,satellite,49,,36314076.04037352,2025-05-03,,original base_pd_hint available
2025-11-04,A-H8WKWS,0.0251419572664906,Company_A_22,A,South America,0.3976169843656488,0.0222303610074104,Small,stable,satellite,49,-0.0002530604133823,36314076.04037352,2025-05-03,,original base_pd_hint available
2025-11-04,A-H8WKWS,0.0251419572664906,Company_A_22,A,South America,0.3976169843656488,0.0222303610074104,Small,stable,satellite,49,-0.0002530604133823,36314076.04037352,2025-05-03,,original base_pd_hint available
2025-11-05,A-H8WKWS,-0.0002515288480363,Company_A_22,A,South America,0.3976169843656488,0.0222303610074104,Small,stable,satellite,49,0.008650284141478,36314076.04037352,2025-05-03,,original base_pd_hint available
2025-11-05,A-H8WKWS,-0.0002515288480363,Company_A_22,A,South America,0.3976169843656488,0.0222303610074104,Small,stable,satellite,49,0.008650284141478,36314076.04037352,2025-05-03,,original base_pd_hint available
2025-11-10,A-H8WKWS,-0.0515056058675265,Company_A_22,A,South America,0.3976169843656488,0.0222303610074104,Small,stable,satellite,49,-0.0111179190924326,36314076.04037352,2025-05-03,,original base_pd_hint available
2025-11-10,A-H8WKWS,-0.0515056058675265,Company_A_22,A,South America,0.3976169843656488,0.0222303610074104,Small,stable,satellite,49,-0.0111179190924326,36314076.04037352,2025-05-03,,original base_pd_hint available
2025-11-11,A-H8WKWS,-0.018593058938832,Company_A_22,A,South America,0.3976169843656488,0.0222303610074104,Small,stable,satellite,49,0.00946653772823,36314076.04037352,2025-05-03,,original base_pd_hint available
2025-11-11,A-H8WKWS,-0.018593058938832,Company_A_22,A,South America,0.3976169843656488,0.0222303610074104,Small,stable,satellite,49,0.00946653772823,36314076.04037352,2025-05-03,,original base_pd_hint available
2025-11-12,A-H8WKWS,-0.0091365418027198,Company_A_22,A,South America,0.3976169843656488,0.0222303610074104,Small,stable,satellite,49,-0.0167516922712146,36314076.04037352,2025-05-03,,original base_pd_hint available
2025-11-12,A-H8WKWS,-0.0091365418027198,Company_A_22,A,South America,0.3976169843656488,0.0222303610074104,Small,stable,satellite,49,-0.0167516922712146,36314076.04037352,2025-05-03,,original base_pd_hint available
2025-12-01,A-H8WKWS,-0.0060453926776541,Company_A_22,A,South America,0.3976169843656488,0.0222303610074104,Small,stable,satellite,49,0.0033863437893976,36314076.04037352,2025-05-03,,original base_pd_hint available
2025-12-01,A-H8WKWS,-0.0060453926776541,Company_A_22,A,South America,0.3976169843656488,0.0222303610074104,Small,stable,satellite,49,0.0033863437893976,36314076.04037352,2025-05-03,,original base_pd_hint available
2025-12-02,A-H8WKWS,-0.0293898115566023,Company_A_22,A,South America,0.3976169843656488,0.0222303610074104,Small,stable,satellite,49,-0.0026471166291688,36314076.04037352,2025-05-03,,original base_pd_hint available
2025-12-02,A-H8WKWS,-0.0293898115566023,Company_A_22,A,South America,0.3976169843656488,0.0222303610074104,Small,stable,satellite,49,-0.0026471166291688,36314076.04037352,2025-05-03,,original base_pd_hint available
2025-12-03,A-H8WKWS,0.0253535336183589,Company_A_22,A,South America,0.3976169843656488,0.0222303610074104,Small,stable,satellite,49,-0.0112637381058377,36314076.04037352,2025-05-03,,original base_pd_hint available
2025-12-03,A-H8WKWS,0.0253535336183589,Company_A_22,A,South America,0.3976169843656488,0.0222303610074104,Small,stable,satellite,49,-0.0112637381058377,36314076.04037352,2025-05-03,,original base_pd_hint available
2025-12-04,A-H8WKWS,-0.0134414985944147,Company_A_22,A,South America,0.3976169843656488,0.0222303610074104,Small,stable,satellite,49,,36314076.04037352,2025-05-03,,original base_pd_hint available
2025-12-04,A-H8WKWS,-0.0134414985944147,Company_A_22,A,South America,0.3976169843656488,0.0222303610074104,Small,stable,satellite,49,,36314076.04037352,2025-05-03,,original base_pd_hint available
2025-12-05,A-H8WKWS,-0.0267399693487463,Company_A_22,A,South America,0.3976169843656488,0.0222303610074104,Small,stable,satellite,49,-0.0003015667345061,36314076.04037352,2025-05-03,,original base_pd_hint available
2025-12-05,A-H8WKWS,-0.0267399693487463,Company_A_22,A,South America,0.3976169843656488,0.0222303610074104,Small,stable,satellite,49,-0.0003015667345061,36314076.04037352,2025-05-03,,original base_pd_hint available
2025-12-10,A-H8WKWS,0.0396038952295341,Company_A_22,A,South America,0.3976169843656488,0.0222303610074104,Small,stable,satellite,49,0.0160656307289417,36314076.04037352,2025-05-03,,original base_pd_hint available
2025-12-10,A-H8WKWS,0.0396038952295341,Company_A_22,A,South America,0.3976169843656488,0.0222303610074104,Small,stable,satellite,49,0.0160656307289417,36314076.04037352,2025-05-03,,original base_pd_hint available
2025-12-11,A-H8WKWS,-0.0181180089964908,Company_A_22,A,South America,0.3976169843656488,0.0222303610074104,Small,stable,satellite,49,-0.0140858050562602,36314076.04037352,2025-05-03,,original base_pd_hint available
2025-12-11,A-H8WKWS,-0.0181180089964908,Company_A_22,A,South America,0.3976169843656488,0.0222303610074104,Small,stable,satellite,49,-0.0140858050562602,36314076.04037352,2025-05-03,,original base_pd_hint available
2025-12-12,A-H8WKWS,0.0093226630528788,Company_A_22,A,South America,0.3976169843656488,0.0222303610074104,Small,stable,satellite,49,0.0199773459418865,36314076.04037352,2025-05-03,,original base_pd_hint available
2025-12-12,A-H8WKWS,0.0093226630528788,Company_A_22,A,South America,0.3976169843656488,0.0222303610074104,Small,stable,satellite,49,0.0199773459418865,36314076.04037352,2025-05-03,,original base_pd_hint available
2025-12-02,A-QIMT1V,-0.0125231302837127,Company_A_31,A,SouthAmerica,0.6268833568473738,0.0173528028631696,Mid,,,48,-0.0026471166291688,,2025-12-02,review,original base_pd_hint available
2025-12-03,A-QIMT1V,0.008533612607526,Company_A_31,A,SouthAmerica,0.6268833568473738,0.0173528028631696,Mid,,,48,-0.0112637381058377,,2025-12-02,review,original base_pd_hint available
2025-12-04,A-QIMT1V,0.0008890447404919,Company_A_31,A,SouthAmerica,0.6268833568473738,0.0173528028631696,Mid,,,48,,,2025-12-02,review,original base_pd_hint available
2025-12-05,A-QIMT1V,-0.0040754566886254,Company_A_31,A,SouthAmerica,0.6268833568473738,0.0173528028631696,Mid,,,48,-0.0003015667345061,,2025-12-02,review,original base_pd_hint available
2025-12-08,A-QIMT1V,0.0036843368207361,Company_A_31,A,SouthAmerica,0.6268833568473738,0.0173528028631696,Mid,,,48,0.0131517878771854,,2025-12-02,review,original base_pd_hint available
2025-12-09,A-QIMT1V,-0.0130668993324007,Company_A_31,A,SouthAmerica,0.6268833568473738,0.0173528028631696,Mid,,,48,0.0073362825364422,,2025-12-02,review,original base_pd_hint available
2025-12-10,A-QIMT1V,0.0288867946873173,Company_A_31,A,SouthAmerica,0.6268833568473738,0.0173528028631696,Mid,,,48,0.0160656307289417,,2025-12-02,review,original base_pd_hint available
2025-12-11,A-QIMT1V,0.0105127414693038,Company_A_31,A,SouthAmerica,0.6268833568473738,0.0173528028631696,Mid,,,48,-0.0140858050562602,,2025-12-02,review,original base_pd_hint available
2025-12-12,A-QIMT1V,-0.0058371112584365,Company_A_31,A,SouthAmerica,0.6268833568473738,0.0173528028631696,Mid,,,48,0.0199773459418865,,2025-12-02,review,original base_pd_hint available
2025-05-06,A-TR3J8L,-0.0035684165708068,Company_A_19,A,North America,0.4010322560752153,0.019296045567918,Large,manual review,core,90,-0.0161446099702318,,2025-05-03,review,original base_pd_hint available
2025-05-07,A-TR3J8L,0.004497653006546,Company_A_19,A,North America,0.4010322560752153,0.019296045567918,Large,manual review,core,90,-0.0096620235568906,,2025-05-03,review,original base_pd_hint available
2025-05-08,A-TR3J8L,0.0156133679423914,Company_A_19,A,North America,0.4010322560752153,0.019296045567918,Large,manual review,core,90,-0.0139671320770418,,2025-05-03,review,original base_pd_hint available
2025-05-09,A-TR3J8L,0.0325983682250707,Company_A_19,A,North America,0.4010322560752153,0.019296045567918,Large,manual review,core,90,0.0129026337937017,,2025-05-03,review,original base_pd_hint available
2025-05-12,A-TR3J8L,-0.021349687476699,Company_A_19,A,North America,0.4010322560752153,0.019296045567918,Large,manual review,core,90,-0.0022773491009264,,2025-05-03,review,original base_pd_hint available
2025-06-02,A-TR3J8L,-0.0260551847923538,Company_A_19,A,North America,0.4010322560752153,0.019296045567918,Large,manual review,core,90,-0.0005529602076241,,2025-05-03,review,original base_pd_hint available
2025-06-03,A-TR3J8L,-0.0273204257876804,Company_A_19,A,North America,0.4010322560752153,0.019296045567918,Large,manual review,core,90,-0.0172330905611457,,2025-05-03,review,original base_pd_hint available
2025-06-04,A-TR3J8L,-0.0081543062553773,Company_A_19,A,North America,0.4010322560752153,0.019296045567918,Large,manual review,core,90,0.0183184481974437,,2025-05-03,review,original base_pd_hint available
2025-06-05,A-TR3J8L,0.0176755737395049,Company_A_19,A,North America,0.4010322560752153,0.019296045567918,Large,manual review,core,90,0.0106371342459794,,2025-05-03,review,original base_pd_hint available
2025-06-09,A-TR3J8L,0.0063814926668157,Company_A_19,A,North America,0.4010322560752153,0.019296045567918,Large,manual review,core,90,0.0090953812038202,,2025-05-03,review,original base_pd_hint available
2025-06-10,A-TR3J8L,-0.0132043656072601,Company_A_19,A,North America,0.4010322560752153,0.019296045567918,Large,manual review,core,90,-0.0136191224008954,,2025-05-03,review,original base_pd_hint available
2025-06-11,A-TR3J8L,-0.0022148160627076,Company_A_19,A,North America,0.4010322560752153,0.019296045567918,Large,manual review,core,90,-0.0100323173756178,,2025-05-03,review,original base_pd_hint available
2025-06-12,A-TR3J8L,0.0088104902513786,Company_A_19,A,North America,0.4010322560752153,0.019296045567918,Large,manual review,core,90,0.0032989542439667,,2025-05-03,review,original base_pd_hint available
2025-07-02,A-TR3J8L,0.0035549006024819,Company_A_19,A,North America,0.4010322560752153,0.019296045567918,Large,manual review,core,90,-0.0037149241794859,,2025-05-03,review,original base_pd_hint available
2025-07-03,A-TR3J8L,-0.0255817759262906,Company_A_19,A,North America,0.4010322560752153,0.019296045567918,Large,manual review,core,90,-0.0043263144974688,,2025-05-03,review,original base_pd_hint available
2025-07-04,A-TR3J8L,-0.0142559259323107,Company_A_19,A,North America,0.4010322560752153,0.019296045567918,Large,manual review,core,90,-0.0133838372809235,,2025-05-03,review,original base_pd_hint available
2025-07-07,A-TR3J8L,0.0039573222218608,Company_A_19,A,North America,0.4010322560752153,0.019296045567918,Large,manual review,core,90,-0.0251194077625596,,2025-05-03,review,original base_pd_hint available
2025-07-08,A-TR3J8L,-0.0022095717609796,Company_A_19,A,North America,0.4010322560752153,0.019296045567918,Large,manual review,core,90,,,2025-05-03,review,original base_pd_hint available
2025-07-10,A-TR3J8L,0.0256252804419276,Company_A_19,A,North America,0.4010322560752153,0.019296045567918,Large,manual review,core,90,0.0158541643653866,,2025-05-03,review,original base_pd_hint available
2025-07-11,A-TR3J8L,0.0036373996838304,Company_A_19,A,North America,0.4010322560752153,0.019296045567918,Large,manual review,core,90,0.012309197644808,,2025-05-03,review,original base_pd_hint available
2025-08-01,A-TR3J8L,0.0198081940158242,Company_A_19,A,North America,0.4010322560752153,0.019296045567918,Large,manual review,core,90,0.0105578088644496,,2025-05-03,review,original base_pd_hint available
2025-08-04,A-TR3J8L,-0.009901136298068,Company_A_19,A,North America,0.4010322560752153,0.019296045567918,Large,manual review,core,90,-0.0078399411625386,,2025-05-03,review,original base_pd_hint available
2025-08-05,A-TR3J8L,0.0030927334234862,Company_A_19,A,North America,0.4010322560752153,0.019296045567918,Large,manual review,core,90,0.0094866941709183,,2025-05-03,review,original base_pd_hint available
2025-08-06,A-TR3J8L,-0.0019059905192121,Company_A_19,A,North America,0.4010322560752153,0.019296045567918,Large,manual review,core,90,-0.0035578472668993,,2025-05-03,review,original base_pd_hint available
2025-08-07,A-TR3J8L,-0.0128561146567249,Company_A_19,A,North America,0.4010322560752153,0.019296045567918,Large,manual review,core,90,0.0095459566054523,,2025-05-03,review,original base_pd_hint available
2025-08-08,A-TR3J8L,-0.0119726579654724,Company_A_19,A,North America,0.4010322560752153,0.019296045567918,Large,manual review,core,90,0.0036068720141056,,2025-05-03,review,original base_pd_hint available
2025-08-11,A-TR3J8L,-0.0039029195747536,Company_A_19,A,North America,0.4010322560752153,0.019296045567918,Large,manual review,core,90,0.0009696416285378,,2025-05-03,review,original base_pd_hint available
2025-08-12,A-TR3J8L,-0.0229463107998663,Company_A_19,A,North America,0.4010322560752153,0.019296045567918,Large,manual review,core,90,-0.002935172692495,,2025-05-03,review,original base_pd_hint available
2025-09-02,A-TR3J8L,-0.0150546726303973,Company_A_19,A,North America,0.4010322560752153,0.019296045567918,Large,manual review,core,90,0.0021873458027918,,2025-05-03,review,original base_pd_hint available
2025-09-04,A-TR3J8L,-0.0311513254219424,Company_A_19,A,North America,0.4010322560752153,0.019296045567918,Large,manual review,core,90,-0.0109398895694683,,2025-05-03,review,original base_pd_hint available
2025-09-05,A-TR3J8L,-0.0229865550010423,Company_A_19,A,North America,0.4010322560752153,0.019296045567918,Large,manual review,core,90,-0.0151822149727439,,2025-05-03,review,original base_pd_hint available
2025-09-08,A-TR3J8L,,Company_A_19,A,North America,0.4010322560752153,0.019296045567918,Large,manual review,core,90,-0.003197959946638,,2025-05-03,review,original base_pd_hint available
2025-09-09,A-TR3J8L,-0.0042770107659621,Company_A_19,A,North America,0.4010322560752153,0.019296045567918,Large,manual review,core,90,0.0016963673318161,,2025-05-03,review,original base_pd_hint available
2025-09-10,A-TR3J8L,-0.0359454434793803,Company_A_19,A,North America,0.4010322560752153,0.019296045567918,Large,manual review,core,90,-0.0182352677685309,,2025-05-03,review,original base_pd_hint available
2025-09-11,A-TR3J8L,0.0122311486939307,Company_A_19,A,North America,0.4010322560752153,0.019296045567918,Large,manual review,core,90,-0.0068066432691066,,2025-05-03,review,original base_pd_hint available
2025-09-12,A-TR3J8L,0.0028206692378894,Company_A_19,A,North America,0.4010322560752153,0.019296045567918,Large,manual review,core,90,-0.0070989753663894,,2025-05-03,review,original base_pd_hint available
2025-10-01,A-TR3J8L,0.0255574848075091,Company_A_19,A,North America,0.4010322560752153,0.019296045567918,Large,manual review,core,90,0.0100992546753692,,2025-05-03,review,original base_pd_hint available
2025-10-03,A-TR3J8L,-0.0325822379027313,Company_A_19,A,North America,0.4010322560752153,0.019296045567918,Large,manual review,core,90,-0.0147715335897255,,2025-05-03,review,original base_pd_hint available
2025-10-06,A-TR3J8L,0.0023417430208378,Company_A_19,A,North America,0.4010322560752153,0.019296045567918,Large,manual review,core,90,0.0202534547427589,,2025-05-03,review,original base_pd_hint available
2025-10-07,A-TR3J8L,0.0008656958260172,Company_A_19,A,North America,0.4010322560752153,0.019296045567918,Large,manual review,core,90,-0.0002841086384081,,2025-05-03,review,original base_pd_hint available
2025-10-08,A-TR3J8L,-0.040875293481211,Company_A_19,A,North America,0.4010322560752153,0.019296045567918,Large,manual review,core,90,-0.0240693646725217,,2025-05-03,review,original base_pd_hint available
2025-10-10,A-TR3J8L,0.0152813361613547,Company_A_19,A,North America,0.4010322560752153,0.019296045567918,Large,manual review,core,90,0.0009863909699606,,2025-05-03,review,original base_pd_hint available
2025-11-04,A-TR3J8L,-0.0161116011225124,Company_A_19,A,North America,0.4010322560752153,0.019296045567918,Large,manual review,core,90,-0.0002530604133823,,2025-05-03,review,original base_pd_hint available
2025-11-05,A-TR3J8L,0.00836946955571,Company_A_19,A,North America,0.4010322560752153,0.019296045567918,Large,manual review,core,90,0.008650284141478,,2025-05-03,review,original base_pd_hint available
2025-11-06,A-TR3J8L,0.0055106051175589,Company_A_19,A,North America,0.4010322560752153,0.019296045567918,Large,manual review,core,90,0.0088547044735975,,2025-05-03,review,original base_pd_hint available
2025-11-07,A-TR3J8L,0.0129292513951004,Company_A_19,A,North America,0.4010322560752153,0.019296045567918,Large,manual review,core,90,-0.0099532256341279,,2025-05-03,review,original base_pd_hint available
2025-11-10,A-TR3J8L,-0.00453599475734,Company_A_19,A,North America,0.4010322560752153,0.019296045567918,Large,manual review,core,90,-0.0111179190924326,,2025-05-03,review,original base_pd_hint available
2025-11-11,A-TR3J8L,-0.0032106032009452,Company_A_19,A,North America,0.4010322560752153,0.019296045567918,Large,manual review,core,90,0.00946653772823,,2025-05-03,review,original base_pd_hint available
2025-11-12,A-TR3J8L,-0.0069286851171765,Company_A_19,A,North America,0.4010322560752153,0.019296045567918,Large,manual review,core,90,-0.0167516922712146,,2025-05-03,review,original base_pd_hint available
2025-12-01,A-TR3J8L,0.0344331443945445,Company_A_19,A,North America,0.4010322560752153,0.019296045567918,Large,manual review,core,90,0.0033863437893976,,2025-05-03,review,original base_pd_hint available
2025-12-02,A-TR3J8L,0.0069034847474886,Company_A_19,A,North America,0.4010322560752153,0.019296045567918,Large,manual review,core,90,-0.0026471166291688,,2025-05-03,review,original base_pd_hint available
2025-12-03,A-TR3J8L,0.0139526069194334,Company_A_19,A,North America,0.4010322560752153,0.019296045567918,Large,manual review,core,90,-0.0112637381058377,,2025-05-03,review,original base_pd_hint available
2025-12-04,A-TR3J8L,-0.0023276935282341,Company_A_19,A,North America,0.4010322560752153,0.019296045567918,Large,manual review,core,90,,,2025-05-03,review,original base_pd_hint available
2025-12-05,A-TR3J8L,0.0127989272103731,Company_A_19,A,North America,0.4010322560752153,0.019296045567918,Large,manual review,core,90,-0.0003015667345061,,2025-05-03,review,original base_pd_hint available
2025-12-08,A-TR3J8L,0.0028977138084948,Company_A_19,A,North America,0.4010322560752153,0.019296045567918,Large,manual review,core,90,0.0131517878771854,,2025-05-03,review,original base_pd_hint available
2025-12-10,A-TR3J8L,0.0595071115782855,Company_A_19,A,North America,0.4010322560752153,0.019296045567918,Large,manual review,core,90,0.0160656307289417,,2025-05-03,review,original base_pd_hint available
2025-12-11,A-TR3J8L,-0.0365863292442276,Company_A_19,A,North America,0.4010322560752153,0.019296045567918,Large,manual review,core,90,-0.0140858050562602,,2025-05-03,review,original base_pd_hint available
2025-12-12,A-TR3J8L,0.0213379231125515,Company_A_19,A,North America,0.4010322560752153,0.019296045567918,Large,manual review,core,90,0.0199773459418865,,2025-05-03,review,original base_pd_hint available
2025-05-05,A-UQSUBF,-0.00054771630139,Company_A_08,A,europe,0.3807335107445405,0.0248413917729574,Mid,watchlist,core,78,-0.00847882823129,29785514.38449223,2025-05-03,check formatting,original base_pd_hint available
2025-05-06,A-UQSUBF,-0.0370242863494512,Company_A_08,A,europe,0.3807335107445405,0.0248413917729574,Mid,watchlist,core,78,-0.0161446099702318,29785514.38449223,2025-05-03,check formatting,original base_pd_hint available
2025-05-07,A-UQSUBF,-0.0120661196566081,Company_A_08,A,europe,0.3807335107445405,0.0248413917729574,Mid,watchlist,core,78,-0.0096620235568906,29785514.38449223,2025-05-03,check formatting,original base_pd_hint available
2025-05-08,A-UQSUBF,-0.0144908503721808,Company_A_08,A,europe,0.3807335107445405,0.0248413917729574,Mid,watchlist,core,78,-0.0139671320770418,29785514.38449223,2025-05-03,check formatting,original base_pd_hint available
2025-05-09,A-UQSUBF,0.0135971067481403,Company_A_08,A,europe,0.3807335107445405,0.0248413917729574,Mid,watchlist,core,78,0.0129026337937017,29785514.38449223,2025-05-03,check formatting,original base_pd_hint available
2025-05-12,A-UQSUBF,-0.021296483356399,Company_A_08,A,europe,0.3807335107445405,0.0248413917729574,Mid,watchlist,core,78,-0.0022773491009264,29785514.38449223,2025-05-03,check formatting,original base_pd_hint available
2025-06-02,A-UQSUBF,-0.007458189096688,Company_A_08,A,europe,0.3807335107445405,0.0248413917729574,Mid,watchlist,core,78,-0.0005529602076241,29785514.38449223,2025-05-03,check formatting,original base_pd_hint available
2025-06-03,A-UQSUBF,0.009440422644998,Company_A_08,A,europe,0.3807335107445405,0.0248413917729574,Mid,watchlist,core,78,-0.0172330905611457,29785514.38449223,2025-05-03,check formatting,original base_pd_hint available
2025-06-04,A-UQSUBF,0.0341695669793505,Company_A_08,A,europe,0.3807335107445405,0.0248413917729574,Mid,watchlist,core,78,0.0183184481974437,29785514.38449223,2025-05-03,check formatting,original base_pd_hint available
2025-06-06,A-UQSUBF,-0.0010758658328172,Company_A_08,A,europe,0.3807335107445405,0.0248413917729574,Mid,watchlist,core,78,,29785514.38449223,2025-05-03,check formatting,original base_pd_hint available
2025-06-09,A-UQSUBF,-0.0077925563733247,Company_A_08,A,europe,0.3807335107445405,0.0248413917729574,Mid,watchlist,core,78,0.0090953812038202,29785514.38449223,2025-05-03,check formatting,original base_pd_hint available
2025-06-11,A-UQSUBF,-0.0156482797764266,Company_A_08,A,europe,0.3807335107445405,0.0248413917729574,Mid,watchlist,core,78,-0.0100323173756178,29785514.38449223,2025-05-03,check formatting,original base_pd_hint available
2025-06-12,A-UQSUBF,-0.0121025401097398,Company_A_08,A,europe,0.3807335107445405,0.0248413917729574,Mid,watchlist,core,78,0.0032989542439667,29785514.38449223,2025-05-03,check formatting,original base_pd_hint available
2025-07-01,A-UQSUBF,-7.69977488874335e-06,Company_A_08,A,europe,0.3807335107445405,0.0248413917729574,Mid,watchlist,core,78,-0.0096219712289246,29785514.38449223,2025-05-03,check formatting,original base_pd_hint available
2025-07-02,A-UQSUBF,0.0016328240774775,Company_A_08,A,europe,0.3807335107445405,0.0248413917729574,Mid,watchlist,core,78,-0.0037149241794859,29785514.38449223,2025-05-03,check formatting,original base_pd_hint available
2025-07-03,A-UQSUBF,-0.0356568485113092,Company_A_08,A,europe,0.3807335107445405,0.0248413917729574,Mid,watchlist,core,78,-0.0043263144974688,29785514.38449223,2025-05-03,check formatting,original base_pd_hint available
2025-07-04,A-UQSUBF,0.0215895310366188,Company_A_08,A,europe,0.3807335107445405,0.0248413917729574,Mid,watchlist,core,78,-0.0133838372809235,29785514.38449223,2025-05-03,check formatting,original base_pd_hint available
2025-07-07,A-UQSUBF,0.0061991178836899,Company_A_08,A,europe,0.3807335107445405,0.0248413917729574,Mid,watchlist,core,78,-0.0251194077625596,29785514.38449223,2025-05-03,check formatting,original base_pd_hint available
2025-07-08,A-UQSUBF,-0.0180874453297888,Company_A_08,A,europe,0.3807335107445405,0.0248413917729574,Mid,watchlist,core,78,,29785514.38449223,2025-05-03,check formatting,original base_pd_hint available
2025-07-09,A-UQSUBF,-0.0126650815297859,Company_A_08,A,europe,0.3807335107445405,0.0248413917729574,Mid,watchlist,core,78,0.0094232451859564,29785514.38449223,2025-05-03,check formatting,original base_pd_hint available
2025-07-10,A-UQSUBF,0.0167882584387636,Company_A_08,A,europe,0.3807335107445405,0.0248413917729574,Mid,watchlist,core,78,0.0158541643653866,29785514.38449223,2025-05-03,check formatting,original base_pd_hint available
2025-07-11,A-UQSUBF,-0.0158181810651167,Company_A_08,A,europe,0.3807335107445405,0.0248413917729574,Mid,watchlist,core,78,0.012309197644808,29785514.38449223,2025-05-03,check formatting,original base_pd_hint available
2025-08-01,A-UQSUBF,0.0275561842070193,Company_A_08,A,europe,0.3807335107445405,0.0248413917729574,Mid,watchlist,core,78,0.0105578088644496,29785514.38449223,2025-05-03,check formatting,original base_pd_hint available
2025-08-05,A-UQSUBF,-0.018163915300075,Company_A_08,A,europe,0.3807335107445405,0.0248413917729574,Mid,watchlist,core,78,0.0094866941709183,29785514.38449223,2025-05-03,check formatting,original base_pd_hint available
2025-08-06,A-UQSUBF,-0.0451958193265878,Company_A_08,A,europe,0.3807335107445405,0.0248413917729574,Mid,watchlist,core,78,-0.0035578472668993,29785514.38449223,2025-05-03,check formatting,original base_pd_hint available
2025-08-07,A-UQSUBF,0.0592600909026925,Company_A_08,A,europe,0.3807335107445405,0.0248413917729574,Mid,watchlist,core,78,0.0095459566054523,29785514.38449223,2025-05-03,check formatting,original base_pd_hint available
2025-08-11,A-UQSUBF,0.0032379649123115,Company_A_08,A,europe,0.3807335107445405,0.0248413917729574,Mid,watchlist,core,78,0.0009696416285378,29785514.38449223,2025-05-03,check formatting,original base_pd_hint available
2025-08-12,A-UQSUBF,0.0026673775316526,Company_A_08,A,europe,0.3807335107445405,0.0248413917729574,Mid,watchlist,core,78,-0.002935172692495,29785514.38449223,2025-05-03,check formatting,original base_pd_hint available
2025-09-01,A-UQSUBF,-0.0279242213690947,Company_A_08,A,europe,0.3807335107445405,0.0248413917729574,Mid,watchlist,core,78,,29785514.38449223,2025-05-03,check formatting,original base_pd_hint available
2025-09-02,A-UQSUBF,0.0089888562623805,Company_A_08,A,europe,0.3807335107445405,0.0248413917729574,Mid,watchlist,core,78,0.0021873458027918,29785514.38449223,2025-05-03,check formatting,original base_pd_hint available
2025-09-03,A-UQSUBF,0.0002320339161431,Company_A_08,A,europe,0.3807335107445405,0.0248413917729574,Mid,watchlist,core,78,-0.0269105665309313,29785514.38449223,2025-05-03,check formatting,original base_pd_hint available
2025-09-04,A-UQSUBF,-0.0062558285570609,Company_A_08,A,europe,0.3807335107445405,0.0248413917729574,Mid,watchlist,core,78,-0.0109398895694683,29785514.38449223,2025-05-03,check formatting,original base_pd_hint available
2025-09-05,A-UQSUBF,-0.0264929447114894,Company_A_08,A,europe,0.3807335107445405,0.0248413917729574,Mid,watchlist,core,78,-0.0151822149727439,29785514.38449223,2025-05-03,check formatting,original base_pd_hint available
2025-09-08,A-UQSUBF,-0.0120780358335731,Company_A_08,A,europe,0.3807335107445405,0.0248413917729574,Mid,watchlist,core,78,-0.003197959946638,29785514.38449223,2025-05-03,check formatting,original base_pd_hint available
2025-09-09,A-UQSUBF,-0.0285019537144605,Company_A_08,A,europe,0.3807335107445405,0.0248413917729574,Mid,watchlist,core,78,0.0016963673318161,29785514.38449223,2025-05-03,check formatting,original base_pd_hint available
2025-09-10,A-UQSUBF,-0.0169972484286703,Company_A_08,A,europe,0.3807335107445405,0.0248413917729574,Mid,watchlist,core,78,-0.0182352677685309,29785514.38449223,2025-05-03,check formatting,original base_pd_hint available
2025-09-11,A-UQSUBF,0.0001487246076531,Company_A_08,A,europe,0.3807335107445405,0.0248413917729574,Mid,watchlist,core,78,-0.0068066432691066,29785514.38449223,2025-05-03,check formatting,original base_pd_hint available
2025-09-12,A-UQSUBF,-0.0218185668206901,Company_A_08,A,europe,0.3807335107445405,0.0248413917729574,Mid,watchlist,core,78,-0.0070989753663894,29785514.38449223,2025-05-03,check formatting,original base_pd_hint available
2025-10-01,A-UQSUBF,0.004548376735789,Company_A_08,A,europe,0.3807335107445405,0.0248413917729574,Mid,watchlist,core,78,0.0100992546753692,29785514.38449223,2025-05-03,check formatting,original base_pd_hint available
2025-10-02,A-UQSUBF,0.0060337072323906,Company_A_08,A,europe,0.3807335107445405,0.0248413917729574,Mid,watchlist,core,78,0.0128222583263302,29785514.38449223,2025-05-03,check formatting,original base_pd_hint available
2025-10-06,A-UQSUBF,0.013928542942645,Company_A_08,A,europe,0.3807335107445405,0.0248413917729574,Mid,watchlist,core,78,0.0202534547427589,29785514.38449223,2025-05-03,check formatting,original base_pd_hint available
2025-10-07,A-UQSUBF,0.0237303790821318,Company_A_08,A,europe,0.3807335107445405,0.0248413917729574,Mid,watchlist,core,78,-0.0002841086384081,29785514.38449223,2025-05-03,check formatting,original base_pd_hint available
2025-10-08,A-UQSUBF,-0.0478408356385844,Company_A_08,A,europe,0.3807335107445405,0.0248413917729574,Mid,watchlist,core,78,-0.0240693646725217,29785514.38449223,2025-05-03,check formatting,original base_pd_hint available
2025-10-09,A-UQSUBF,0.0451086185636493,Company_A_08,A,europe,0.3807335107445405,0.0248413917729574,Mid,watchlist,core,78,-0.004096752034854,29785514.38449223,2025-05-03,check formatting,original base_pd_hint available
2025-10-10,A-UQSUBF,-0.0059297555356281,Company_A_08,A,europe,0.3807335107445405,0.0248413917729574,Mid,watchlist,core,78,0.0009863909699606,29785514.38449223,2025-05-03,check formatting,original base_pd_hint available
2025-11-03,A-UQSUBF,0.0147352696409236,Company_A_08,A,europe,0.3807335107445405,0.0248413917729574,Mid,watchlist,core,78,,29785514.38449223,2025-05-03,check formatting,original base_pd_hint available
2025-11-04,A-UQSUBF,0.0198741307033582,Company_A_08,A,europe,0.3807335107445405,0.0248413917729574,Mid,watchlist,core,78,-0.0002530604133823,29785514.38449223,2025-05-03,check formatting,original base_pd_hint available
2025-11-05,A-UQSUBF,0.0105160753369866,Company_A_08,A,europe,0.3807335107445405,0.0248413917729574,Mid,watchlist,core,78,0.008650284141478,29785514.38449223,2025-05-03,check formatting,original base_pd_hint available
2025-11-06,A-UQSUBF,0.0333320655784758,Company_A_08,A,europe,0.3807335107445405,0.0248413917729574,Mid,watchlist,core,78,0.0088547044735975,29785514.38449223,2025-05-03,check formatting,original base_pd_hint available
2025-11-07,A-UQSUBF,0.0076603369371523,Company_A_08,A,europe,0.3807335107445405,0.0248413917729574,Mid,watchlist,core,78,-0.0099532256341279,29785514.38449223,2025-05-03,check formatting,original base_pd_hint available
2025-11-10,A-UQSUBF,-0.0176842649072303,Company_A_08,A,europe,0.3807335107445405,0.0248413917729574,Mid,watchlist,core,78,-0.0111179190924326,29785514.38449223,2025-05-03,check formatting,original base_pd_hint available
2025-11-12,A-UQSUBF,-0.0060497634646774,Company_A_08,A,europe,0.3807335107445405,0.0248413917729574,Mid,watchlist,core,78,-0.0167516922712146,29785514.38449223,2025-05-03,check formatting,original base_pd_hint available
2025-12-01,A-UQSUBF,0.0098964115443587,Company_A_08,A,europe,0.3807335107445405,0.0248413917729574,Mid,watchlist,core,78,0.0033863437893976,29785514.38449223,2025-05-03,check formatting,original base_pd_hint available
2025-12-03,A-UQSUBF,0.0046569806781437,Company_A_08,A,europe,0.3807335107445405,0.0248413917729574,Mid,watchlist,core,78,-0.0112637381058377,29785514.38449223,2025-05-03,check formatting,original base_pd_hint available
2025-12-04,A-UQSUBF,0.0417159482812586,Company_A_08,A,europe,0.3807335107445405,0.0248413917729574,Mid,watchlist,core,78,,29785514.38449223,2025-05-03,check formatting,original base_pd_hint available
2025-12-05,A-UQSUBF,0.0198282432533129,Company_A_08,A,europe,0.3807335107445405,0.0248413917729574,Mid,watchlist,core,78,-0.0003015667345061,29785514.38449223,2025-05-03,check formatting,original base_pd_hint available
2025-12-08,A-UQSUBF,-0.0025120018119984,Company_A_08,A,europe,0.3807335107445405,0.0248413917729574,Mid,watchlist,core,78,0.0131517878771854,29785514.38449223,2025-05-03,check formatting,original base_pd_hint available
2025-12-09,A-UQSUBF,0.0143338494393222,Company_A_08,A,europe,0.3807335107445405,0.0248413917729574,Mid,watchlist,core,78,0.0073362825364422,29785514.38449223,2025-05-03,check formatting,original base_pd_hint available
2025-12-10,A-UQSUBF,0.0028177076043695,Company_A_08,A,europe,0.3807335107445405,0.0248413917729574,Mid,watchlist,core,78,0.0160656307289417,29785514.38449223,2025-05-03,check formatting,original base_pd_hint available
2025-12-11,A-UQSUBF,-0.0194429149940892,Company_A_08,A,europe,0.3807335107445405,0.0248413917729574,Mid,watchlist,core,78,-0.0140858050562602,29785514.38449223,2025-05-03,check formatting,original base_pd_hint available
2025-12-12,A-UQSUBF,-0.0094431304575661,Company_A_08,A,europe,0.3807335107445405,0.0248413917729574,Mid,watchlist,core,78,0.0199773459418865,29785514.38449223,2025-05-03,check formatting,original base_pd_hint available
2025-07-07,A-W20E3T,-0.0267794666468328,Company_A_38,A,Asia,0.5677193578394526,0.0071667077953435,Mid,manual review,legacy,67,-0.0251194077625596,26938874.397447303,2025-07-05,legacy,original base_pd_hint available
2025-07-08,A-W20E3T,-0.0387135312266534,Company_A_38,A,Asia,0.5677193578394526,0.0071667077953435,Mid,manual review,legacy,67,,26938874.397447303,2025-07-05,legacy,original base_pd_hint available
2025-07-09,A-W20E3T,0.0013359515753071,Company_A_38,A,Asia,0.5677193578394526,0.0071667077953435,Mid,manual review,legacy,67,0.0094232451859564,26938874.397447303,2025-07-05,legacy,original base_pd_hint available
2025-07-10,A-W20E3T,0.0135322176627479,Company_A_38,A,Asia,0.5677193578394526,0.0071667077953435,Mid,manual review,legacy,67,0.0158541643653866,26938874.397447303,2025-07-05,legacy,original base_pd_hint available
2025-07-11,A-W20E3T,-0.0490660397284399,Company_A_38,A,Asia,0.5677193578394526,0.0071667077953435,Mid,manual review,legacy,67,0.012309197644808,26938874.397447303,2025-07-05,legacy,original base_pd_hint available
2025-08-01,A-W20E3T,0.025848859543491,Company_A_38,A,Asia,0.5677193578394526,0.0071667077953435,Mid,manual review,legacy,67,0.0105578088644496,26938874.397447303,2025-07-05,legacy,original base_pd_hint available
2025-08-04,A-W20E3T,0.0176555121650736,Company_A_38,A,Asia,0.5677193578394526,0.0071667077953435,Mid,manual review,legacy,67,-0.0078399411625386,26938874.397447303,2025-07-05,legacy,original base_pd_hint available
2025-08-06,A-W20E3T,0.0205983714645127,Company_A_38,A,Asia,0.5677193578394526,0.0071667077953435,Mid,manual review,legacy,67,-0.0035578472668993,26938874.397447303,2025-07-05,legacy,original base_pd_hint available
2025-08-07,A-W20E3T,,Company_A_38,A,Asia,0.5677193578394526,0.0071667077953435,Mid,manual review,legacy,67,0.0095459566054523,26938874.397447303,2025-07-05,legacy,original base_pd_hint available
2025-08-08,A-W20E3T,,Company_A_38,A,Asia,0.5677193578394526,0.0071667077953435,Mid,manual review,legacy,67,0.0036068720141056,26938874.397447303,2025-07-05,legacy,original base_pd_hint available
2025-08-11,A-W20E3T,-0.0098326385693312,Company_A_38,A,Asia,0.5677193578394526,0.0071667077953435,Mid,manual review,legacy,67,0.0009696416285378,26938874.397447303,2025-07-05,legacy,original base_pd_hint available
2025-08-12,A-W20E3T,0.0252550163660438,Company_A_38,A,Asia,0.5677193578394526,0.0071667077953435,Mid,manual review,legacy,67,-0.002935172692495,26938874.397447303,2025-07-05,legacy,original base_pd_hint available
2025-09-01,A-W20E3T,0.0270639584439531,Company_A_38,A,Asia,0.5677193578394526,0.0071667077953435,Mid,manual review,legacy,67,,26938874.397447303,2025-07-05,legacy,original base_pd_hint available
2025-09-02,A-W20E3T,-0.0050529293231588,Company_A_38,A,Asia,0.5677193578394526,0.0071667077953435,Mid,manual review,legacy,67,0.0021873458027918,26938874.397447303,2025-07-05,legacy,original base_pd_hint available
2025-09-03,A-W20E3T,-0.0073307961483873,Company_A_38,A,Asia,0.5677193578394526,0.0071667077953435,Mid,manual review,legacy,67,-0.0269105665309313,26938874.397447303,2025-07-05,legacy,original base_pd_hint available
2025-09-04,A-W20E3T,0.016512205798137,Company_A_38,A,Asia,0.5677193578394526,0.0071667077953435,Mid,manual review,legacy,67,-0.0109398895694683,26938874.397447303,2025-07-05,legacy,original base_pd_hint available
2025-09-05,A-W20E3T,-0.0329365518857686,Company_A_38,A,Asia,0.5677193578394526,0.0071667077953435,Mid,manual review,legacy,67,-0.0151822149727439,26938874.397447303,2025-07-05,legacy,original base_pd_hint available
2025-09-08,A-W20E3T,-0.0002540917143974,Company_A_38,A,Asia,0.5677193578394526,0.0071667077953435,Mid,manual review,legacy,67,-0.003197959946638,26938874.397447303,2025-07-05,legacy,original base_pd_hint available
2025-09-09,A-W20E3T,0.0063609450109189,Company_A_38,A,Asia,0.5677193578394526,0.0071667077953435,Mid,manual review,legacy,67,0.0016963673318161,26938874.397447303,2025-07-05,legacy,original base_pd_hint available
2025-09-10,A-W20E3T,-0.0192331255155504,Company_A_38,A,Asia,0.5677193578394526,0.0071667077953435,Mid,manual review,legacy,67,-0.0182352677685309,26938874.397447303,2025-07-05,legacy,original base_pd_hint available
2025-09-11,A-W20E3T,,Company_A_38,A,Asia,0.5677193578394526,0.0071667077953435,Mid,manual review,legacy,67,-0.0068066432691066,26938874.397447303,2025-07-05,legacy,original base_pd_hint available
2025-09-12,A-W20E3T,-0.0176895773687728,Company_A_38,A,Asia,0.5677193578394526,0.0071667077953435,Mid,manual review,legacy,67,-0.0070989753663894,26938874.397447303,2025-07-05,legacy,original base_pd_hint available
2025-10-01,A-W20E3T,-0.0011173059341603,Company_A_38,A,Asia,0.5677193578394526,0.0071667077953435,Mid,manual review,legacy,67,0.0100992546753692,26938874.397447303,2025-07-05,legacy,original base_pd_hint available
2025-10-02,A-W20E3T,0.0048642296297694,Company_A_38,A,Asia,0.5677193578394526,0.0071667077953435,Mid,manual review,legacy,67,0.0128222583263302,26938874.397447303,2025-07-05,legacy,original base_pd_hint available
2025-10-03,A-W20E3T,-0.0117069335328162,Company_A_38,A,Asia,0.5677193578394526,0.0071667077953435,Mid,manual review,legacy,67,-0.0147715335897255,26938874.397447303,2025-07-05,legacy,original base_pd_hint available
2025-10-07,A-W20E3T,0.0061018769742106,Company_A_38,A,Asia,0.5677193578394526,0.0071667077953435,Mid,manual review,legacy,67,-0.0002841086384081,26938874.397447303,2025-07-05,legacy,original base_pd_hint available
2025-10-08,A-W20E3T,0.0025844861552171,Company_A_38,A,Asia,0.5677193578394526,0.0071667077953435,Mid,manual review,legacy,67,-0.0240693646725217,26938874.397447303,2025-07-05,legacy,original base_pd_hint available
2025-10-09,A-W20E3T,0.0206742123552522,Company_A_38,A,Asia,0.5677193578394526,0.0071667077953435,Mid,manual review,legacy,67,-0.004096752034854,26938874.397447303,2025-07-05,legacy,original base_pd_hint available
2025-10-10,A-W20E3T,-0.0038940242022422,Company_A_38,A,Asia,0.5677193578394526,0.0071667077953435,Mid,manual review,legacy,67,0.0009863909699606,26938874.397447303,2025-07-05,legacy,original base_pd_hint available
2025-11-03,A-W20E3T,0.0208950623199548,Company_A_38,A,Asia,0.5677193578394526,0.0071667077953435,Mid,manual review,legacy,67,,26938874.397447303,2025-07-05,legacy,original base_pd_hint available
2025-11-04,A-W20E3T,0.0043519001516308,Company_A_38,A,Asia,0.5677193578394526,0.0071667077953435,Mid,manual review,legacy,67,-0.0002530604133823,26938874.397447303,2025-07-05,legacy,original base_pd_hint available
2025-11-05,A-W20E3T,-0.0016070900437414,Company_A_38,A,Asia,0.5677193578394526,0.0071667077953435,Mid,manual review,legacy,67,0.008650284141478,26938874.397447303,2025-07-05,legacy,original base_pd_hint available
2025-11-06,A-W20E3T,-0.0020351335194926,Company_A_38,A,Asia,0.5677193578394526,0.0071667077953435,Mid,manual review,legacy,67,0.0088547044735975,26938874.397447303,2025-07-05,legacy,original base_pd_hint available
2025-11-07,A-W20E3T,-0.0040776214816565,Company_A_38,A,Asia,0.5677193578394526,0.0071667077953435,Mid,manual review,legacy,67,-0.0099532256341279,26938874.397447303,2025-07-05,legacy,original base_pd_hint available
2025-11-10,A-W20E3T,-0.0314262329555717,Company_A_38,A,Asia,0.5677193578394526,0.0071667077953435,Mid,manual review,legacy,67,-0.0111179190924326,26938874.397447303,2025-07-05,legacy,original base_pd_hint available
2025-11-11,A-W20E3T,0.0092236324922179,Company_A_38,A,Asia,0.5677193578394526,0.0071667077953435,Mid,manual review,legacy,67,0.00946653772823,26938874.397447303,2025-07-05,legacy,original base_pd_hint available
2025-11-12,A-W20E3T,-0.0383992196882798,Company_A_38,A,Asia,0.5677193578394526,0.0071667077953435,Mid,manual review,legacy,67,-0.0167516922712146,26938874.397447303,2025-07-05,legacy,original base_pd_hint available
2025-12-01,A-W20E3T,0.0110422399538113,Company_A_38,A,Asia,0.5677193578394526,0.0071667077953435,Mid,manual review,legacy,67,0.0033863437893976,26938874.397447303,2025-07-05,legacy,original base_pd_hint available
2025-12-02,A-W20E3T,-0.015376629018008,Company_A_38,A,Asia,0.5677193578394526,0.0071667077953435,Mid,manual review,legacy,67,-0.0026471166291688,26938874.397447303,2025-07-05,legacy,original base_pd_hint available
2025-12-03,A-W20E3T,-0.0120381199871754,Company_A_38,A,Asia,0.5677193578394526,0.0071667077953435,Mid,manual review,legacy,67,-0.0112637381058377,26938874.397447303,2025-07-05,legacy,original base_pd_hint available
2025-12-04,A-W20E3T,0.0057894646436177,Company_A_38,A,Asia,0.5677193578394526,0.0071667077953435,Mid,manual review,legacy,67,,26938874.397447303,2025-07-05,legacy,original base_pd_hint available
2025-12-05,A-W20E3T,0.0152440107674642,Company_A_38,A,Asia,0.5677193578394526,0.0071667077953435,Mid,manual review,legacy,67,-0.0003015667345061,26938874.397447303,2025-07-05,legacy,original base_pd_hint available
2025-12-08,A-W20E3T,0.0288727053437074,Company_A_38,A,Asia,0.5677193578394526,0.0071667077953435,Mid,manual review,legacy,67,0.0131517878771854,26938874.397447303,2025-07-05,legacy,original base_pd_hint available
2025-12-09,A-W20E3T,0.0189607709823258,Company_A_38,A,Asia,0.5677193578394526,0.0071667077953435,Mid,manual review,legacy,67,0.0073362825364422,26938874.397447303,2025-07-05,legacy,original base_pd_hint available
2025-12-10,A-W20E3T,0.0315298653713916,Company_A_38,A,Asia,0.5677193578394526,0.0071667077953435,Mid,manual review,legacy,67,0.0160656307289417,26938874.397447303,2025-07-05,legacy,original base_pd_hint available
2025-12-11,A-W20E3T,-0.0223586958761784,Company_A_38,A,Asia,0.5677193578394526,0.0071667077953435,Mid,manual review,legacy,67,-0.0140858050562602,26938874.397447303,2025-07-05,legacy,original base_pd_hint available
2025-12-12,A-W20E3T,0.027660203148606,Company_A_38,A,Asia,0.5677193578394526,0.0071667077953435,Mid,manual review,legacy,67,0.0199773459418865,26938874.397447303,2025-07-05,legacy,original base_pd_hint available
2025-11-06,A-W69IIB,-0.022155877659454,Company_A_21,A,Europe,0.6202775785948131,1e-10,Large,manual review,,38,0.0088547044735975,9454666.941516371,2025-11-06,new,base_pd_hint missing; filled with minimum valid value 1e-10
2025-11-07,A-W69IIB,-0.0091934809130113,Company_A_21,A,Europe,0.6202775785948131,1e-10,Large,manual review,,38,-0.0099532256341279,9454666.941516371,2025-11-06,new,base_pd_hint missing; filled with minimum valid value 1e-10
2025-11-10,A-W69IIB,-0.0053305654187416,Company_A_21,A,Europe,0.6202775785948131,1e-10,Large,manual review,,38,-0.0111179190924326,9454666.941516371,2025-11-06,new,base_pd_hint missing; filled with minimum valid value 1e-10
2025-11-12,A-W69IIB,-0.0205632877869327,Company_A_21,A,Europe,0.6202775785948131,1e-10,Large,manual review,,38,-0.0167516922712146,9454666.941516371,2025-11-06,new,base_pd_hint missing; filled with minimum valid value 1e-10
2025-12-01,A-W69IIB,0.017751601196615,Company_A_21,A,Europe,0.6202775785948131,1e-10,Large,manual review,,38,0.0033863437893976,9454666.941516371,2025-11-06,new,base_pd_hint missing; filled with minimum valid value 1e-10
2025-12-02,A-W69IIB,0.0030286047897876,Company_A_21,A,Europe,0.6202775785948131,1e-10,Large,manual review,,38,-0.0026471166291688,9454666.941516371,2025-11-06,new,base_pd_hint missing; filled with minimum valid value 1e-10
2025-12-03,A-W69IIB,0.0030935627367734,Company_A_21,A,Europe,0.6202775785948131,1e-10,Large,manual review,,38,-0.0112637381058377,9454666.941516371,2025-11-06,new,base_pd_hint missing; filled with minimum valid value 1e-10
2025-12-04,A-W69IIB,0.0119358042611478,Company_A_21,A,Europe,0.6202775785948131,1e-10,Large,manual review,,38,,9454666.941516371,2025-11-06,new,base_pd_hint missing; filled with minimum valid value 1e-10
2025-12-05,A-W69IIB,-0.0268884569035389,Company_A_21,A,Europe,0.6202775785948131,1e-10,Large,manual review,,38,-0.0003015667345061,9454666.941516371,2025-11-06,new,base_pd_hint missing; filled with minimum valid value 1e-10
2025-12-08,A-W69IIB,0.0155837449702656,Company_A_21,A,Europe,0.6202775785948131,1e-10,Large,manual review,,38,0.0131517878771854,9454666.941516371,2025-11-06,new,base_pd_hint missing; filled with minimum valid value 1e-10
2025-12-09,A-W69IIB,0.0295710779734395,Company_A_21,A,Europe,0.6202775785948131,1e-10,Large,manual review,,38,0.0073362825364422,9454666.941516371,2025-11-06,new,base_pd_hint missing; filled with minimum valid value 1e-10
2025-12-10,A-W69IIB,0.015944309769757,Company_A_21,A,Europe,0.6202775785948131,1e-10,Large,manual review,,38,0.0160656307289417,9454666.941516371,2025-11-06,new,base_pd_hint missing; filled with minimum valid value 1e-10
2025-12-11,A-W69IIB,-0.0348478915541948,Company_A_21,A,Europe,0.6202775785948131,1e-10,Large,manual review,,38,-0.0140858050562602,9454666.941516371,2025-11-06,new,base_pd_hint missing; filled with minimum valid value 1e-10
2025-12-12,A-W69IIB,0.0099724486278019,Company_A_21,A,Europe,0.6202775785948131,1e-10,Large,manual review,,38,0.0199773459418865,9454666.941516371,2025-11-06,new,base_pd_hint missing; filled with minimum valid value 1e-10
2025-09-04,A-Y21HNQ,,Company_A_04,A,Asia,0.483018608927679,0.0221541050150394,Mid,watchlist,satellite,97,-0.0109398895694683,21744172.413033728,2025-09-04,,original base_pd_hint available
2025-09-05,A-Y21HNQ,0.0088281228991613,Company_A_04,A,Asia,0.483018608927679,0.0221541050150394,Mid,watchlist,satellite,97,-0.0151822149727439,21744172.413033728,2025-09-04,,original base_pd_hint available
2025-09-08,A-Y21HNQ,-0.0301465081805585,Company_A_04,A,Asia,0.483018608927679,0.0221541050150394,Mid,watchlist,satellite,97,-0.003197959946638,21744172.413033728,2025-09-04,,original base_pd_hint available
2025-09-09,A-Y21HNQ,-0.0030335157722101,Company_A_04,A,Asia,0.483018608927679,0.0221541050150394,Mid,watchlist,satellite,97,0.0016963673318161,21744172.413033728,2025-09-04,,original base_pd_hint available
2025-09-10,A-Y21HNQ,-0.0388484297180748,Company_A_04,A,Asia,0.483018608927679,0.0221541050150394,Mid,watchlist,satellite,97,-0.0182352677685309,21744172.413033728,2025-09-04,,original base_pd_hint available
2025-09-11,A-Y21HNQ,-0.0008143481436495,Company_A_04,A,Asia,0.483018608927679,0.0221541050150394,Mid,watchlist,satellite,97,-0.0068066432691066,21744172.413033728,2025-09-04,,original base_pd_hint available
2025-09-12,A-Y21HNQ,-0.0046717157286939,Company_A_04,A,Asia,0.483018608927679,0.0221541050150394,Mid,watchlist,satellite,97,-0.0070989753663894,21744172.413033728,2025-09-04,,original base_pd_hint available
2025-10-01,A-Y21HNQ,-0.0076273248035505,Company_A_04,A,Asia,0.483018608927679,0.0221541050150394,Mid,watchlist,satellite,97,0.0100992546753692,21744172.413033728,2025-09-04,,original base_pd_hint available
2025-10-03,A-Y21HNQ,-0.017165343198346,Company_A_04,A,Asia,0.483018608927679,0.0221541050150394,Mid,watchlist,satellite,97,-0.0147715335897255,21744172.413033728,2025-09-04,,original base_pd_hint available
2025-10-06,A-Y21HNQ,0.0112701830633442,Company_A_04,A,Asia,0.483018608927679,0.0221541050150394,Mid,watchlist,satellite,97,0.0202534547427589,21744172.413033728,2025-09-04,,original base_pd_hint available
2025-10-07,A-Y21HNQ,-0.0019172800167196,Company_A_04,A,Asia,0.483018608927679,0.0221541050150394,Mid,watchlist,satellite,97,-0.0002841086384081,21744172.413033728,2025-09-04,,original base_pd_hint available
2025-10-08,A-Y21HNQ,-0.0093261866203913,Company_A_04,A,Asia,0.483018608927679,0.0221541050150394,Mid,watchlist,satellite,97,-0.0240693646725217,21744172.413033728,2025-09-04,,original base_pd_hint available
2025-10-09,A-Y21HNQ,-0.0134245515851099,Company_A_04,A,Asia,0.483018608927679,0.0221541050150394,Mid,watchlist,satellite,97,-0.004096752034854,21744172.413033728,2025-09-04,,original base_pd_hint available
2025-10-10,A-Y21HNQ,-0.0131097328243918,Company_A_04,A,Asia,0.483018608927679,0.0221541050150394,Mid,watchlist,satellite,97,0.0009863909699606,21744172.413033728,2025-09-04,,original base_pd_hint available
2025-11-03,A-Y21HNQ,0.0106459556478087,Company_A_04,A,Asia,0.483018608927679,0.0221541050150394,Mid,watchlist,satellite,97,,21744172.413033728,2025-09-04,,original base_pd_hint available
2025-11-04,A-Y21HNQ,0.0053163608454389,Company_A_04,A,Asia,0.483018608927679,0.0221541050150394,Mid,watchlist,satellite,97,-0.0002530604133823,21744172.413033728,2025-09-04,,original base_pd_hint available
2025-11-05,A-Y21HNQ,-0.0187865922749286,Company_A_04,A,Asia,0.483018608927679,0.0221541050150394,Mid,watchlist,satellite,97,0.008650284141478,21744172.413033728,2025-09-04,,original base_pd_hint available
2025-11-06,A-Y21HNQ,0.0207627090557332,Company_A_04,A,Asia,0.483018608927679,0.0221541050150394,Mid,watchlist,satellite,97,0.0088547044735975,21744172.413033728,2025-09-04,,original base_pd_hint available
2025-11-07,A-Y21HNQ,0.005790277009543,Company_A_04,A,Asia,0.483018608927679,0.0221541050150394,Mid,watchlist,satellite,97,-0.0099532256341279,21744172.413033728,2025-09-04,,original base_pd_hint available
2025-11-10,A-Y21HNQ,0.008650069215069,Company_A_04,A,Asia,0.483018608927679,0.0221541050150394,Mid,watchlist,satellite,97,-0.0111179190924326,21744172.413033728,2025-09-04,,original base_pd_hint available
2025-11-11,A-Y21HNQ,0.0129712337079148,Company_A_04,A,Asia,0.483018608927679,0.0221541050150394,Mid,watchlist,satellite,97,0.00946653772823,21744172.413033728,2025-09-04,,original base_pd_hint available
2025-11-12,A-Y21HNQ,-0.0019338760117698,Company_A_04,A,Asia,0.483018608927679,0.0221541050150394,Mid,watchlist,satellite,97,-0.0167516922712146,21744172.413033728,2025-09-04,,original base_pd_hint available
2025-12-01,A-Y21HNQ,0.041724335609637,Company_A_04,A,Asia,0.483018608927679,0.0221541050150394,Mid,watchlist,satellite,97,0.0033863437893976,21744172.413033728,2025-09-04,,original base_pd_hint available
2025-12-02,A-Y21HNQ,0.0035050258612262,Company_A_04,A,Asia,0.483018608927679,0.0221541050150394,Mid,watchlist,satellite,97,-0.0026471166291688,21744172.413033728,2025-09-04,,original base_pd_hint available
2025-12-04,A-Y21HNQ,-0.0012139673614165,Company_A_04,A,Asia,0.483018608927679,0.0221541050150394,Mid,watchlist,satellite,97,,21744172.413033728,2025-09-04,,original base_pd_hint available
2025-12-05,A-Y21HNQ,0.0081428752393195,Company_A_04,A,Asia,0.483018608927679,0.0221541050150394,Mid,watchlist,satellite,97,-0.0003015667345061,21744172.413033728,2025-09-04,,original base_pd_hint available
2025-12-08,A-Y21HNQ,-0.0167342755983893,Company_A_04,A,Asia,0.483018608927679,0.0221541050150394,Mid,watchlist,satellite,97,0.0131517878771854,21744172.413033728,2025-09-04,,original base_pd_hint available
2025-12-09,A-Y21HNQ,-0.0092675441743303,Company_A_04,A,Asia,0.483018608927679,0.0221541050150394,Mid,watchlist,satellite,97,0.0073362825364422,21744172.413033728,2025-09-04,,original base_pd_hint available
2025-12-10,A-Y21HNQ,0.0147453465045602,Company_A_04,A,Asia,0.483018608927679,0.0221541050150394,Mid,watchlist,satellite,97,0.0160656307289417,21744172.413033728,2025-09-04,,original base_pd_hint available
2025-12-11,A-Y21HNQ,-0.0521446801172125,Company_A_04,A,Asia,0.483018608927679,0.0221541050150394,Mid,watchlist,satellite,97,-0.0140858050562602,21744172.413033728,2025-09-04,,original base_pd_hint available
2025-12-12,A-Y21HNQ,0.0105365597048531,Company_A_04,A,Asia,0.483018608927679,0.0221541050150394,Mid,watchlist,satellite,97,0.0199773459418865,21744172.413033728,2025-09-04,,original base_pd_hint available
2025-03-12,A-YDGV2G,0.0094302694925046,Company_A_17,A,Asia,0.4188152157475385,0.0131165692622184,Mid,,satellite,12,,35898894.811192736,2025-03-12,review,original base_pd_hint available
2025-04-01,A-YDGV2G,0.0229243993897137,Company_A_17,A,Asia,0.4188152157475385,0.0131165692622184,Mid,,satellite,12,0.0238663514233257,35898894.811192736,2025-03-12,review,original base_pd_hint available
2025-04-02,A-YDGV2G,0.0408501920299579,Company_A_17,A,Asia,0.4188152157475385,0.0131165692622184,Mid,,satellite,12,0.0365811489813276,35898894.811192736,2025-03-12,review,original base_pd_hint available
2025-04-03,A-YDGV2G,0.0021432466394209,Company_A_17,A,Asia,0.4188152157475385,0.0131165692622184,Mid,,satellite,12,0.0032623202210721,35898894.811192736,2025-03-12,review,original base_pd_hint available
2025-04-04,A-YDGV2G,0.008135471785489,Company_A_17,A,Asia,0.4188152157475385,0.0131165692622184,Mid,,satellite,12,0.0046679067207236,35898894.811192736,2025-03-12,review,original base_pd_hint available
2025-04-07,A-YDGV2G,-0.0232270006991394,Company_A_17,A,Asia,0.4188152157475385,0.0131165692622184,Mid,,satellite,12,-0.001166996716637,35898894.811192736,2025-03-12,review,original base_pd_hint available
2025-04-08,A-YDGV2G,-0.0139563281457142,Company_A_17,A,Asia,0.4188152157475385,0.0131165692622184,Mid,,satellite,12,0.0030697914156015,35898894.811192736,2025-03-12,review,original base_pd_hint available
2025-04-09,A-YDGV2G,-0.009661890938445,Company_A_17,A,Asia,0.4188152157475385,0.0131165692622184,Mid,,satellite,12,-0.0107079723341646,35898894.811192736,2025-03-12,review,original base_pd_hint available
2025-04-11,A-YDGV2G,,Company_A_17,A,Asia,0.4188152157475385,0.0131165692622184,Mid,,satellite,12,,35898894.811192736,2025-03-12,review,original base_pd_hint available
2025-05-02,A-YDGV2G,-0.0229886576575677,Company_A_17,A,Asia,0.4188152157475385,0.0131165692622184,Mid,,satellite,12,-0.0162153073285823,35898894.811192736,2025-03-12,review,original base_pd_hint available
2025-05-05,A-YDGV2G,-0.0300337291003942,Company_A_17,A,Asia,0.4188152157475385,0.0131165692622184,Mid,,satellite,12,-0.00847882823129,35898894.811192736,2025-03-12,review,original base_pd_hint available
2025-05-06,A-YDGV2G,-0.0424126025811293,Company_A_17,A,Asia,0.4188152157475385,0.0131165692622184,Mid,,satellite,12,-0.0161446099702318,35898894.811192736,2025-03-12,review,original base_pd_hint available
2025-05-07,A-YDGV2G,-0.0140870188138473,Company_A_17,A,Asia,0.4188152157475385,0.0131165692622184,Mid,,satellite,12,-0.0096620235568906,35898894.811192736,2025-03-12,review,original base_pd_hint available
2025-05-08,A-YDGV2G,0.0057460031103694,Company_A_17,A,Asia,0.4188152157475385,0.0131165692622184,Mid,,satellite,12,-0.0139671320770418,35898894.811192736,2025-03-12,review,original base_pd_hint available
2025-05-09,A-YDGV2G,-4.495137318005944e-05,Company_A_17,A,Asia,0.4188152157475385,0.0131165692622184,Mid,,satellite,12,0.0129026337937017,35898894.811192736,2025-03-12,review,original base_pd_hint available
2025-05-12,A-YDGV2G,0.0247733824742375,Company_A_17,A,Asia,0.4188152157475385,0.0131165692622184,Mid,,satellite,12,-0.0022773491009264,35898894.811192736,2025-03-12,review,original base_pd_hint available
2025-06-02,A-YDGV2G,-0.00952857800658,Company_A_17,A,Asia,0.4188152157475385,0.0131165692622184,Mid,,satellite,12,-0.0005529602076241,35898894.811192736,2025-03-12,review,original base_pd_hint available
2025-06-03,A-YDGV2G,-0.0498778699007296,Company_A_17,A,Asia,0.4188152157475385,0.0131165692622184,Mid,,satellite,12,-0.0172330905611457,35898894.811192736,2025-03-12,review,original base_pd_hint available
2025-06-04,A-YDGV2G,0.0103974228249371,Company_A_17,A,Asia,0.4188152157475385,0.0131165692622184,Mid,,satellite,12,0.0183184481974437,35898894.811192736,2025-03-12,review,original base_pd_hint available
2025-06-05,A-YDGV2G,-0.010649601165866,Company_A_17,A,Asia,0.4188152157475385,0.0131165692622184,Mid,,satellite,12,0.0106371342459794,35898894.811192736,2025-03-12,review,original base_pd_hint available
2025-06-06,A-YDGV2G,0.0143335957558453,Company_A_17,A,Asia,0.4188152157475385,0.0131165692622184,Mid,,satellite,12,,35898894.811192736,2025-03-12,review,original base_pd_hint available
2025-06-09,A-YDGV2G,0.0217788508164231,Company_A_17,A,Asia,0.4188152157475385,0.0131165692622184,Mid,,satellite,12,0.0090953812038202,35898894.811192736,2025-03-12,review,original base_pd_hint available
2025-06-10,A-YDGV2G,-0.0500422174011369,Company_A_17,A,Asia,0.4188152157475385,0.0131165692622184,Mid,,satellite,12,-0.0136191224008954,35898894.811192736,2025-03-12,review,original base_pd_hint available
2025-06-11,A-YDGV2G,-0.02196203116122,Company_A_17,A,Asia,0.4188152157475385,0.0131165692622184,Mid,,satellite,12,-0.0100323173756178,35898894.811192736,2025-03-12,review,original base_pd_hint available
2025-06-12,A-YDGV2G,0.0089998778167191,Company_A_17,A,Asia,0.4188152157475385,0.0131165692622184,Mid,,satellite,12,0.0032989542439667,35898894.811192736,2025-03-12,review,original base_pd_hint available
2025-07-01,A-YDGV2G,-0.0099812149538761,Company_A_17,A,Asia,0.4188152157475385,0.0131165692622184,Mid,,satellite,12,-0.0096219712289246,35898894.811192736,2025-03-12,review,original base_pd_hint available
2025-07-02,A-YDGV2G,0.0056344316819927,Company_A_17,A,Asia,0.4188152157475385,0.0131165692622184,Mid,,satellite,12,-0.0037149241794859,35898894.811192736,2025-03-12,review,original base_pd_hint available
2025-07-03,A-YDGV2G,0.0019884790613699,Company_A_17,A,Asia,0.4188152157475385,0.0131165692622184,Mid,,satellite,12,-0.0043263144974688,35898894.811192736,2025-03-12,review,original base_pd_hint available
2025-07-04,A-YDGV2G,-0.0090330074695022,Company_A_17,A,Asia,0.4188152157475385,0.0131165692622184,Mid,,satellite,12,-0.0133838372809235,35898894.811192736,2025-03-12,review,original base_pd_hint available
2025-07-07,A-YDGV2G,-0.0015822777473621,Company_A_17,A,Asia,0.4188152157475385,0.0131165692622184,Mid,,satellite,12,-0.0251194077625596,35898894.811192736,2025-03-12,review,original base_pd_hint available
2025-07-08,A-YDGV2G,0.0155047127021693,Company_A_17,A,Asia,0.4188152157475385,0.0131165692622184,Mid,,satellite,12,,35898894.811192736,2025-03-12,review,original base_pd_hint available
2025-07-09,A-YDGV2G,-0.0018697821760429,Company_A_17,A,Asia,0.4188152157475385,0.0131165692622184,Mid,,satellite,12,0.0094232451859564,35898894.811192736,2025-03-12,review,original base_pd_hint available
2025-07-10,A-YDGV2G,-0.0039326929926463,Company_A_17,A,Asia,0.4188152157475385,0.0131165692622184,Mid,,satellite,12,0.0158541643653866,35898894.811192736,2025-03-12,review,original base_pd_hint available
2025-07-11,A-YDGV2G,-0.0351367269960569,Company_A_17,A,Asia,0.4188152157475385,0.0131165692622184,Mid,,satellite,12,0.012309197644808,35898894.811192736,2025-03-12,review,original base_pd_hint available
2025-08-01,A-YDGV2G,-0.0117346276944518,Company_A_17,A,Asia,0.4188152157475385,0.0131165692622184,Mid,,satellite,12,0.0105578088644496,35898894.811192736,2025-03-12,review,original base_pd_hint available
2025-08-04,A-YDGV2G,0.0098328781859743,Company_A_17,A,Asia,0.4188152157475385,0.0131165692622184,Mid,,satellite,12,-0.0078399411625386,35898894.811192736,2025-03-12,review,original base_pd_hint available
2025-08-05,A-YDGV2G,0.0302195349402785,Company_A_17,A,Asia,0.4188152157475385,0.0131165692622184,Mid,,satellite,12,0.0094866941709183,35898894.811192736,2025-03-12,review,original base_pd_hint available
2025-08-06,A-YDGV2G,0.0184187218105857,Company_A_17,A,Asia,0.4188152157475385,0.0131165692622184,Mid,,satellite,12,-0.0035578472668993,35898894.811192736,2025-03-12,review,original base_pd_hint available
2025-08-07,A-YDGV2G,0.0354062473116222,Company_A_17,A,Asia,0.4188152157475385,0.0131165692622184,Mid,,satellite,12,0.0095459566054523,35898894.811192736,2025-03-12,review,original base_pd_hint available
2025-08-08,A-YDGV2G,0.0401310639433103,Company_A_17,A,Asia,0.4188152157475385,0.0131165692622184,Mid,,satellite,12,0.0036068720141056,35898894.811192736,2025-03-12,review,original base_pd_hint available
2025-08-11,A-YDGV2G,0.0319149759386424,Company_A_17,A,Asia,0.4188152157475385,0.0131165692622184,Mid,,satellite,12,0.0009696416285378,35898894.811192736,2025-03-12,review,original base_pd_hint available
2025-08-12,A-YDGV2G,0.0037837739176789,Company_A_17,A,Asia,0.4188152157475385,0.0131165692622184,Mid,,satellite,12,-0.002935172692495,35898894.811192736,2025-03-12,review,original base_pd_hint available
2025-09-01,A-YDGV2G,-0.011675252099514,Company_A_17,A,Asia,0.4188152157475385,0.0131165692622184,Mid,,satellite,12,,35898894.811192736,2025-03-12,review,original base_pd_hint available
2025-09-02,A-YDGV2G,0.005057509514466,Company_A_17,A,Asia,0.4188152157475385,0.0131165692622184,Mid,,satellite,12,0.0021873458027918,35898894.811192736,2025-03-12,review,original base_pd_hint available
2025-09-04,A-YDGV2G,0.0029368358134159,Company_A_17,A,Asia,0.4188152157475385,0.0131165692622184,Mid,,satellite,12,-0.0109398895694683,35898894.811192736,2025-03-12,review,original base_pd_hint available
2025-09-05,A-YDGV2G,-0.0024725164366509,Company_A_17,A,Asia,0.4188152157475385,0.0131165692622184,Mid,,satellite,12,-0.0151822149727439,35898894.811192736,2025-03-12,review,original base_pd_hint available
2025-09-08,A-YDGV2G,0.0230917321280854,Company_A_17,A,Asia,0.4188152157475385,0.0131165692622184,Mid,,satellite,12,-0.003197959946638,35898894.811192736,2025-03-12,review,original base_pd_hint available
2025-09-09,A-YDGV2G,-0.0406062472785221,Company_A_17,A,Asia,0.4188152157475385,0.0131165692622184,Mid,,satellite,12,0.0016963673318161,35898894.811192736,2025-03-12,review,original base_pd_hint available
2025-09-10,A-YDGV2G,,Company_A_17,A,Asia,0.4188152157475385,0.0131165692622184,Mid,,satellite,12,-0.0182352677685309,35898894.811192736,2025-03-12,review,original base_pd_hint available
2025-09-11,A-YDGV2G,0.0033280835471509,Company_A_17,A,Asia,0.4188152157475385,0.0131165692622184,Mid,,satellite,12,-0.0068066432691066,35898894.811192736,2025-03-12,review,original base_pd_hint available
2025-09-12,A-YDGV2G,-0.0099133064786509,Company_A_17,A,Asia,0.4188152157475385,0.0131165692622184,Mid,,satellite,12,-0.0070989753663894,35898894.811192736,2025-03-12,review,original base_pd_hint available
2025-10-01,A-YDGV2G,0.0272892786933222,Company_A_17,A,Asia,0.4188152157475385,0.0131165692622184,Mid,,satellite,12,0.0100992546753692,35898894.811192736,2025-03-12,review,original base_pd_hint available
2025-10-02,A-YDGV2G,0.0281261337049337,Company_A_17,A,Asia,0.4188152157475385,0.0131165692622184,Mid,,satellite,12,0.0128222583263302,35898894.811192736,2025-03-12,review,original base_pd_hint available
2025-10-03,A-YDGV2G,-0.041317883557033,Company_A_17,A,Asia,0.4188152157475385,0.0131165692622184,Mid,,satellite,12,-0.0147715335897255,35898894.811192736,2025-03-12,review,original base_pd_hint available
2025-10-06,A-YDGV2G,-0.0089106893967328,Company_A_17,A,Asia,0.4188152157475385,0.0131165692622184,Mid,,satellite,12,0.0202534547427589,35898894.811192736,2025-03-12,review,original base_pd_hint available
2025-10-07,A-YDGV2G,0.0363357841040569,Company_A_17,A,Asia,0.4188152157475385,0.0131165692622184,Mid,,satellite,12,-0.0002841086384081,35898894.811192736,2025-03-12,review,original base_pd_hint available
2025-10-08,A-YDGV2G,-0.0024759574375297,Company_A_17,A,Asia,0.4188152157475385,0.0131165692622184,Mid,,satellite,12,-0.0240693646725217,35898894.811192736,2025-03-12,review,original base_pd_hint available
2025-10-09,A-YDGV2G,-0.0260002597183973,Company_A_17,A,Asia,0.4188152157475385,0.0131165692622184,Mid,,satellite,12,-0.004096752034854,35898894.811192736,2025-03-12,review,original base_pd_hint available
2025-11-03,A-YDGV2G,-0.0113604695902191,Company_A_17,A,Asia,0.4188152157475385,0.0131165692622184,Mid,,satellite,12,,35898894.811192736,2025-03-12,review,original base_pd_hint available
2025-11-04,A-YDGV2G,-7.471242079450151e-06,Company_A_17,A,Asia,0.4188152157475385,0.0131165692622184,Mid,,satellite,12,-0.0002530604133823,35898894.811192736,2025-03-12,review,original base_pd_hint available
2025-11-05,A-YDGV2G,,Company_A_17,A,Asia,0.4188152157475385,0.0131165692622184,Mid,,satellite,12,0.008650284141478,35898894.811192736,2025-03-12,review,original base_pd_hint available
2025-11-06,A-YDGV2G,0.0180299757637953,Company_A_17,A,Asia,0.4188152157475385,0.0131165692622184,Mid,,satellite,12,0.0088547044735975,35898894.811192736,2025-03-12,review,original base_pd_hint available
2025-11-07,A-YDGV2G,0.024042528449109,Company_A_17,A,Asia,0.4188152157475385,0.0131165692622184,Mid,,satellite,12,-0.0099532256341279,35898894.811192736,2025-03-12,review,original base_pd_hint available
2025-11-10,A-YDGV2G,-0.0158944528503143,Company_A_17,A,Asia,0.4188152157475385,0.0131165692622184,Mid,,satellite,12,-0.0111179190924326,35898894.811192736,2025-03-12,review,original base_pd_hint available
2025-11-11,A-YDGV2G,-0.0284218944696384,Company_A_17,A,Asia,0.4188152157475385,0.0131165692622184,Mid,,satellite,12,0.00946653772823,35898894.811192736,2025-03-12,review,original base_pd_hint available
2025-11-12,A-YDGV2G,-0.0170392238222041,Company_A_17,A,Asia,0.4188152157475385,0.0131165692622184,Mid,,satellite,12,-0.0167516922712146,35898894.811192736,2025-03-12,review,original base_pd_hint available
2025-12-02,A-YDGV2G,-0.0133587027427002,Company_A_17,A,Asia,0.4188152157475385,0.0131165692622184,Mid,,satellite,12,-0.0026471166291688,35898894.811192736,2025-03-12,review,original base_pd_hint available
2025-12-03,A-YDGV2G,-0.0232905833213563,Company_A_17,A,Asia,0.4188152157475385,0.0131165692622184,Mid,,satellite,12,-0.0112637381058377,35898894.811192736,2025-03-12,review,original base_pd_hint available
2025-12-04,A-YDGV2G,0.0097694108120707,Company_A_17,A,Asia,0.4188152157475385,0.0131165692622184,Mid,,satellite,12,,35898894.811192736,2025-03-12,review,original base_pd_hint available
2025-12-05,A-YDGV2G,-0.0043058640155112,Company_A_17,A,Asia,0.4188152157475385,0.0131165692622184,Mid,,satellite,12,-0.0003015667345061,35898894.811192736,2025-03-12,review,original base_pd_hint available
2025-12-09,A-YDGV2G,-0.0096410704341104,Company_A_17,A,Asia,0.4188152157475385,0.0131165692622184,Mid,,satellite,12,0.0073362825364422,35898894.811192736,2025-03-12,review,original base_pd_hint available
2025-12-10,A-YDGV2G,0.0105127733994277,Company_A_17,A,Asia,0.4188152157475385,0.0131165692622184,Mid,,satellite,12,0.0160656307289417,35898894.811192736,2025-03-12,review,original base_pd_hint available
2025-12-11,A-YDGV2G,0.0053720601946476,Company_A_17,A,Asia,0.4188152157475385,0.0131165692622184,Mid,,satellite,12,-0.0140858050562602,35898894.811192736,2025-03-12,review,original base_pd_hint available
2025-12-12,A-YDGV2G,0.0197013980893519,Company_A_17,A,Asia,0.4188152157475385,0.0131165692622184,Mid,,satellite,12,0.0199773459418865,35898894.811192736,2025-03-12,review,original base_pd_hint available
