simulation_id,portfolio_loss
1,45399344.989988685
2,12357574.877490142
3,0.0
4,18763324.314525187
5,0.0
6,0.0
7,0.0
8,0.0
9,0.0
10,0.0
11,0.0
12,0.0
13,0.0
14,9289187.814006878
15,0.0
16,0.0
17,0.0
18,0.0
19,0.0
20,0.0
21,0.0
22,0.0
23,0.0
24,0.0
25,0.0
26,34408176.19966873
27,0.0
28,0.0
29,0.0
30,0.0
31,15201817.435149617
32,0.0
33,31612825.92535346
34,9289187.814006878
35,15115135.719909279
36,79445344.37876457
37,6426429.244889958
38,15115135.719909279
39,22478477.110473868
40,0.0
41,0.0
42,0.0
43,0.0
44,0.0
45,15817893.367368415
46,17561211.196648613
47,0.0
48,130761778.16362469
49,54040113.22896518
50,16622579.30751163
51,45082552.315972745
52,0.0
53,0.0
54,15345518.185576417
55,0.0
56,6426429.244889958
57,0.0
58,16127236.27299897
59,0.0
60,47862906.79652923
61,0.0
62,0.0
63,110743254.63240537
64,39904917.10236916
65,22871999.8384178
66,53845876.42910783
67,30547335.620726034
68,0.0
69,0.0
70,0.0
71,0.0
72,0.0
73,31472754.458575387
74,13189289.29646699
75,16127236.27299897
76,0.0
77,0.0
78,11013053.326687574
79,22157596.26612189
80,0.0
81,0.0
82,16622579.30751163
83,0.0
84,53001037.32667118
85,13189289.29646699
86,0.0
87,0.0
88,0.0
89,0.0
90,0.0
91,0.0
92,16127236.27299897
93,0.0
94,16622579.30751163
95,6426429.244889958
96,0.0
97,16127236.27299897
98,0.0
99,0.0
100,0.0
101,0.0
102,28858606.1134297
103,0.0
104,36202806.88610272
105,0.0
106,47979081.01979309
107,0.0
108,0.0
109,0.0
110,62435223.75063783
111,0.0
112,0.0
113,60681742.16055101
114,0.0
115,18423536.62888647
116,37575237.58466685
117,0.0
118,54264117.73162468
119,0.0
120,0.0
121,8083054.654213435
122,0.0
123,41632313.60684064
124,0.0
125,30583798.529142946
126,6498766.752669321
127,0.0
128,0.0
129,0.0
130,94629660.92910928
131,0.0
132,72597577.22531262
133,123769437.59396106
134,0.0
135,12357574.877490142
136,0.0
137,30137974.22514709
138,0.0
139,0.0
140,0.0
141,0.0
142,0.0
143,22999797.988608878
144,0.0
145,0.0
146,0.0
147,32876869.36330692
148,31535907.542854235
149,18423536.62888647
150,0.0
151,0.0
152,0.0
153,104359782.74256667
154,0.0
155,0.0
156,18763324.314525187
157,0.0
158,0.0
159,15201817.435149617
160,0.0
161,107748023.45194052
162,0.0
163,0.0
164,0.0
165,11204092.281538276
166,8083054.654213435
167,34600669.998493105
168,0.0
169,0.0
170,0.0
171,17570972.184324272
172,0.0
173,0.0
174,0.0
175,30401100.575793713
176,13189289.29646699
177,94522003.20623322
178,0.0
179,0.0
180,0.0
181,0.0
182,0.0
183,0.0
184,0.0
185,0.0
186,0.0
187,18423536.62888647
188,16501031.235939557
189,0.0
190,0.0
191,0.0
192,114570231.73753834
193,0.0
194,0.0
195,0.0
196,0.0
197,0.0
198,0.0
199,4645776.186764995
200,27635632.634199202
201,49750056.04252953
202,0.0
203,0.0
204,26358571.51226399
205,8083054.654213435
206,0.0
207,0.0
208,0.0
209,0.0
210,72447119.69976246
211,0.0
212,0.0
213,0.0
214,0.0
215,0.0
216,0.0
217,0.0
218,0.0
219,0.0
220,0.0
221,0.0
222,0.0
223,0.0
224,98590543.06892425
225,0.0
226,52105710.07615109
227,0.0
228,0.0
229,0.0
230,0.0
231,0.0
232,0.0
233,0.0
234,42643814.60198082
235,0.0
236,0.0
237,11013053.326687574
238,0.0
239,8083054.654213435
240,0.0
241,0.0
242,0.0
243,0.0
244,18226223.6516528
245,0.0
246,0.0
247,25951744.411190566
248,70606972.87620303
249,15201817.435149617
250,92260328.17674534
251,0.0
252,0.0
253,0.0
254,0.0
255,0.0
256,0.0
257,4645776.186764995
258,0.0
259,0.0
260,0.0
261,0.0
262,0.0
263,0.0
264,0.0
265,15817893.367368415
266,0.0
267,50198892.56300463
268,0.0
269,0.0
270,74187910.47021627
271,11213146.515989961
272,59490416.75998631
273,0.0
274,23633374.80563259
275,0.0
276,0.0
277,55530965.97348525
278,0.0
279,127243205.51643704
280,8083054.654213435
281,6426429.244889958
282,61756841.46191456
283,0.0
284,0.0
285,0.0
286,0.0
287,8083054.654213435
288,66626231.11105442
289,25573416.670494385
290,16501031.235939557
291,0.0
292,0.0
293,79591567.58949845
294,16127236.27299897
295,0.0
296,0.0
297,0.0
298,27472710.59739942
299,87188554.17186664
300,0.0
301,34353459.92465177
302,0.0
303,0.0
304,0.0
305,14108825.967124926
306,0.0
307,15201817.435149617
308,16127236.27299897
309,0.0
310,15817893.367368415
311,75233329.11471009
312,128378649.45245485
313,0.0
314,18423536.62888647
315,0.0
316,42146175.603267655
317,0.0
318,97484118.88022798
319,63830006.89846698
320,0.0
321,29811868.60397862
322,74091809.43917966
323,0.0
324,0.0
325,15817893.367368415
326,6498766.752669321
327,48400007.459401615
328,0.0
329,0.0
330,106820511.55851732
331,8083054.654213435
332,0.0
333,0.0
334,0.0
335,0.0
336,0.0
337,16622579.30751163
338,18235903.67611407
339,0.0
340,46250208.217936374
341,0.0
342,0.0
343,3036620.5354699735
344,0.0
345,0.0
346,0.0
347,0.0
348,26328282.23589924
349,0.0
350,17838577.957339406
351,14938691.084502991
352,0.0
353,0.0
354,0.0
355,6498766.752669321
356,0.0
357,33625354.064036086
358,15817893.367368415
359,3036620.5354699735
360,0.0
361,0.0
362,4645776.186764995
363,0.0
364,6426429.244889958
365,0.0
366,0.0
367,23900948.02158185
368,0.0
369,0.0
370,29690320.532406546
371,0.0
372,43243116.10087926
373,9535387.288139295
374,0.0
375,0.0
376,0.0
377,0.0
378,0.0
379,0.0
380,16622579.30751163
381,0.0
382,56890067.9359988
383,0.0
384,16622579.30751163
385,15817893.367368415
386,0.0
387,0.0
388,0.0
389,9289187.814006878
390,0.0
391,0.0
392,0.0
393,0.0
394,0.0
395,18763324.314525187
396,0.0
397,15345518.185576417
398,0.0
399,13189289.29646699
400,0.0
401,0.0
402,0.0
403,119074805.27330549
404,109638304.26775534
405,0.0
406,0.0
407,0.0
408,0.0
409,0.0
410,0.0
411,0.0
412,0.0
413,0.0
414,0.0
415,16127236.27299897
416,0.0
417,0.0
418,0.0
419,9289187.814006878
420,0.0
421,0.0
422,0.0
423,0.0
424,15115135.719909279
425,210054367.78696787
426,8083054.654213435
427,0.0
428,13189289.29646699
429,0.0
430,49967725.02891957
431,0.0
432,81538199.68116741
433,0.0
434,0.0
435,3036620.5354699735
436,0.0
437,12357574.877490142
438,0.0
439,0.0
440,0.0
441,0.0
442,0.0
443,43331977.929995544
444,96652874.35638687
445,0.0
446,0.0
447,0.0
448,18763324.314525187
449,36377979.90703206
450,15817893.367368415
451,8083054.654213435
452,3036620.5354699735
453,0.0
454,0.0
455,0.0
456,0.0
457,0.0
458,0.0
459,0.0
460,0.0
461,0.0
462,0.0
463,0.0
464,17003351.064255137
465,0.0
466,30140508.51965261
467,26414963.951139577
468,14509483.899103392
469,0.0
470,0.0
471,0.0
472,41226021.64026168
473,0.0
474,16622579.30751163
475,18226223.6516528
476,0.0
477,0.0
478,0.0
479,0.0
480,24694214.38762896
481,0.0
482,0.0
483,6426429.244889958
484,0.0
485,15345518.185576417
486,0.0
487,68103547.39063379
488,15817893.367368415
489,15817893.367368415
490,15817893.367368415
491,0.0
492,0.0
493,29239276.978340376
494,39976198.95676346
495,19688056.04913631
496,0.0
497,0.0
498,13189289.29646699
499,26128189.046596855
500,0.0
501,15115135.719909279
502,0.0
503,0.0
504,0.0
505,0.0
506,0.0
507,0.0
508,0.0
509,16622579.30751163
510,16622579.30751163
511,6548157.86996104
512,0.0
513,0.0
514,59413060.78608919
515,0.0
516,0.0
517,24584085.89015299
518,0.0
519,0.0
520,112628096.69473255
521,0.0
522,16501031.235939557
523,0.0
524,0.0
525,17134608.052963268
526,0.0
527,0.0
528,0.0
529,0.0
530,13189289.29646699
531,29239276.978340376
532,0.0
533,8083054.654213435
534,0.0
535,0.0
536,0.0
537,0.0
538,6548157.86996104
539,29430315.933191076
540,4645776.186764995
541,95903068.44809064
542,0.0
543,17372242.468220312
544,66182141.63756786
545,0.0
546,0.0
547,25262091.067194507
548,0.0
549,0.0
550,0.0
551,0.0
552,0.0
553,0.0
554,0.0
555,0.0
556,0.0
557,48364197.8767999
558,0.0
559,0.0
560,4645776.186764995
561,0.0
562,0.0
563,0.0
564,0.0
565,16127236.27299897
566,13189289.29646699
567,0.0
568,0.0
569,29239276.978340376
570,0.0
571,4645776.186764995
572,0.0
573,0.0
574,16622579.30751163
575,18763324.314525187
576,31476722.880820982
577,46599050.138026774
578,0.0
579,45939104.876977585
580,0.0
581,0.0
582,0.0
583,102141037.99957283
584,0.0
585,31329053.708148587
586,18763324.314525187
587,69562509.70918661
588,15201817.435149617
589,0.0
590,0.0
591,0.0
592,0.0
593,0.0
594,0.0
595,0.0
596,24724990.404322125
597,0.0
598,0.0
599,0.0
600,42652868.83643251
601,0.0
602,0.0
603,8083054.654213435
604,0.0
605,0.0
606,29967416.596063465
607,16127236.27299897
608,16127236.27299897
609,0.0
610,0.0
611,0.0
612,26128189.046596855
613,88821526.9131014
614,32159860.749392126
615,0.0
616,110164569.98324127
617,0.0
618,0.0
619,0.0
620,0.0
621,0.0
622,0.0
623,101996137.7188741
624,0.0
625,0.0
626,0.0
627,0.0
628,0.0
629,0.0
630,18763324.314525187
631,0.0
632,0.0
633,26506591.283099905
634,44985842.38642867
635,0.0
636,0.0
637,18763324.314525187
638,0.0
639,20463669.554133408
640,0.0
641,18423536.62888647
642,52335066.15175441
643,0.0
644,0.0
645,3036620.5354699735
646,0.0
647,43880439.19809617
648,0.0
649,0.0
650,33457469.128248334
651,0.0
652,101668499.80080222
653,13189289.29646699
654,39910385.5833505
655,0.0
656,8083054.654213435
657,0.0
658,0.0
659,49729187.96538391
660,17003351.064255137
661,0.0
662,0.0
663,6498766.752669321
664,0.0
665,0.0
666,34234892.25470638
667,0.0
668,0.0
669,0.0
670,51656153.542224355
671,0.0
672,0.0
673,0.0
674,0.0
675,27514084.56262713
676,0.0
677,0.0
678,0.0
679,0.0
680,6548157.86996104
681,0.0
682,25311482.184486225
683,0.0
684,8083054.654213435
685,0.0
686,0.0
687,18423536.62888647
688,18423536.62888647
689,0.0
690,0.0
691,15115135.719909279
692,6548157.86996104
693,0.0
694,0.0
695,0.0
696,0.0
697,0.0
698,11013053.326687574
699,45367596.55320006
700,0.0
701,0.0
702,0.0
703,4645776.186764995
704,0.0
705,0.0
706,0.0
707,0.0
708,0.0
709,75742391.14838979
710,0.0
711,16501031.235939557
712,0.0
713,0.0
714,0.0
715,0.0
716,18763324.314525187
717,45746618.76137013
718,0.0
719,8083054.654213435
720,0.0
721,36151274.79500162
722,17134608.052963268
723,0.0
724,11204092.281538276
725,0.0
726,61747210.08208778
727,0.0
728,18763324.314525187
729,0.0
730,18763324.314525187
731,3036620.5354699735
732,0.0
733,0.0
734,0.0
735,17134608.052963268
736,87883426.9104707
737,0.0
738,0.0
739,24849965.87377643
740,0.0
741,0.0
742,0.0
743,0.0
744,0.0
745,0.0
746,33793204.98734138
747,0.0
748,39688273.5708522
749,0.0
750,0.0
751,0.0
752,18763324.314525187
753,0.0
754,0.0
755,108444486.55618766
756,0.0
757,0.0
758,15115135.719909279
759,16501031.235939557
760,0.0
761,24333832.235901304
762,0.0
763,0.0
764,0.0
765,0.0
766,0.0
767,18763324.314525187
768,0.0
769,27826671.589049906
770,0.0
771,11204092.281538276
772,0.0
773,0.0
774,0.0
775,15345518.185576417
776,0.0
777,0.0
778,0.0
779,0.0
780,0.0
781,3036620.5354699735
782,0.0
783,6498766.752669321
784,0.0
785,0.0
786,12357574.877490142
787,38925870.95888331
788,91308279.89103816
789,0.0
790,0.0
791,8083054.654213435
792,0.0
793,34550772.901885435
794,0.0
795,0.0
796,0.0
797,11213146.515989961
798,9755523.30312597
799,0.0
800,0.0
801,0.0
802,11213146.515989961
803,0.0
804,0.0
805,9289187.814006878
806,53701397.05146437
807,0.0
808,13189289.29646699
809,0.0
810,0.0
811,0.0
812,0.0
813,30547335.620726034
814,16501031.235939557
815,17134608.052963268
816,0.0
817,0.0
818,0.0
819,0.0
820,24202342.623154566
821,16622579.30751163
822,15199283.140644098
823,18763324.314525187
824,0.0
825,0.0
826,59299959.12402777
827,0.0
828,15345518.185576417
829,16501031.235939557
830,74275964.9983184
831,0.0
832,0.0
833,0.0
834,32336425.488112886
835,0.0
836,0.0
837,44961279.64201317
838,28858606.1134297
839,0.0
840,0.0
841,0.0
842,0.0
843,0.0
844,18423536.62888647
845,15345518.185576417
846,17711913.268659282
847,16622579.30751163
848,0.0
849,0.0
850,0.0
851,0.0
852,32480126.238539685
853,41961514.6886479
854,0.0
855,0.0
856,8083054.654213435
857,0.0
858,0.0
859,0.0
860,38397452.24008605
861,0.0
862,23900948.02158185
863,0.0
864,0.0
865,0.0
866,0.0
867,0.0
868,15201817.435149617
869,12357574.877490142
870,12357574.877490142
871,0.0
872,0.0
873,0.0
874,0.0
875,0.0
876,15115135.719909279
877,13189289.29646699
878,20476103.107047506
879,0.0
880,13934964.000771873
881,24705633.961725064
882,0.0
883,0.0
884,0.0
885,32499902.281151608
886,0.0
887,9289187.814006878
888,13189289.29646699
889,51243450.55306487
890,0.0
891,0.0
892,0.0
893,0.0
894,0.0
895,0.0
896,17003351.064255137
897,0.0
898,21700584.187818937
899,0.0
900,0.0
901,0.0
902,53384477.71891793
903,0.0
904,45109684.68910912
905,0.0
906,0.0
907,0.0
908,0.0
909,0.0
910,0.0
911,16127236.27299897
912,0.0
913,0.0
914,18763324.314525187
915,0.0
916,12357574.877490142
917,0.0
918,0.0
919,0.0
920,16622579.30751163
921,18763324.314525187
922,0.0
923,0.0
924,0.0
925,0.0
926,0.0
927,0.0
928,6498766.752669321
929,0.0
930,16303681.17308701
931,0.0
932,0.0
933,0.0
934,0.0
935,6498766.752669321
936,21780384.239728265
937,0.0
938,13189289.29646699
939,15345518.185576417
940,18423536.62888647
941,0.0
942,106409465.92321485
943,0.0
944,0.0
945,0.0
946,8083054.654213435
947,36360026.47393966
948,59867791.57085755
949,0.0
950,23284872.089363053
951,0.0
952,63337363.01709416
953,0.0
954,0.0
955,0.0
956,0.0
957,4645776.186764995
958,0.0
959,37186860.943411656
960,61750801.76924166
961,0.0
962,0.0
963,0.0
964,0.0
965,0.0
966,0.0
967,0.0
968,6548157.86996104
969,13189289.29646699
970,0.0
971,12357574.877490142
972,0.0
973,0.0
974,0.0
975,0.0
976,0.0
977,0.0
978,0.0
979,13189289.29646699
980,0.0
981,0.0
982,0.0
983,0.0
984,0.0
985,0.0
986,11013053.326687574
987,0.0
988,163084866.5459946
989,15345518.185576417
990,34550772.901885435
991,15345518.185576417
992,0.0
993,29492182.930453412
994,25882759.57612494
995,0.0
996,14938691.084502991
997,22881679.862879068
998,22366051.237329453
999,0.0
1000,13189289.29646699
1001,43346944.52029494
1002,0.0
1003,0.0
1004,0.0
1005,0.0
1006,0.0
1007,0.0
1008,15817893.367368415
1009,102362902.28250173
1010,0.0
1011,4645776.186764995
1012,18423536.62888647
1013,0.0
1014,0.0
1015,0.0
1016,0.0
1017,6498766.752669321
1018,33769054.814462885
1019,0.0
1020,8083054.654213435
1021,0.0
1022,11013053.326687574
1023,0.0
1024,0.0
1025,0.0
1026,0.0
1027,18763324.314525187
1028,0.0
1029,0.0
1030,23561667.15902842
1031,25546864.17395713
1032,0.0
1033,0.0
1034,0.0
1035,46589995.90357509
1036,182494933.4516017
1037,4645776.186764995
1038,0.0
1039,0.0
1040,0.0
1041,16127236.27299897
1042,11213146.515989961
1043,0.0
1044,0.0
1045,70219903.799407
1046,0.0
1047,15199283.140644098
1048,0.0
1049,0.0
1050,0.0
1051,16127236.27299897
1052,0.0
1053,18763324.314525187
1054,0.0
1055,0.0
1056,0.0
1057,42047895.40989669
1058,176247578.44961113
1059,0.0
1060,0.0
1061,0.0
1062,18226223.6516528
1063,0.0
1064,11013053.326687574
1065,0.0
1066,0.0
1067,117196759.56529692
1068,0.0
1069,0.0
1070,16622579.30751163
1071,0.0
1072,0.0
1073,13189289.29646699
1074,0.0
1075,0.0
1076,0.0
1077,34262335.62189056
1078,0.0
1079,0.0
1080,0.0
1081,42030229.834700085
1082,13046924.622630361
1083,0.0
1084,16622579.30751163
1085,0.0
1086,0.0
1087,8083054.654213435
1088,39203953.84622876
1089,0.0
1090,12357574.877490142
1091,0.0
1092,86934631.47351015
1093,0.0
1094,0.0
1095,0.0
1096,18226223.6516528
1097,0.0
1098,6498766.752669321
1099,0.0
1100,0.0
1101,16127236.27299897
1102,22626003.025668293
1103,0.0
1104,0.0
1105,0.0
1106,0.0
1107,6498766.752669321
1108,0.0
1109,0.0
1110,49347122.84366813
1111,0.0
1112,0.0
1113,8083054.654213435
1114,0.0
1115,0.0
1116,0.0
1117,0.0
1118,4645776.186764995
1119,49307718.304620445
1120,0.0
1121,0.0
1122,0.0
1123,18763324.314525187
1124,0.0
1125,0.0
1126,0.0
1127,12357574.877490142
1128,0.0
1129,34044117.01902121
1130,0.0
1131,0.0
1132,0.0
1133,15201817.435149617
1134,0.0
1135,3036620.5354699735
1136,18423536.62888647
1137,0.0
1138,0.0
1139,33625354.064036086
1140,54019906.49806945
1141,3036620.5354699735
1142,8083054.654213435
1143,0.0
1144,0.0
1145,0.0
1146,0.0
1147,13189289.29646699
1148,0.0
1149,0.0
1150,0.0
1151,0.0
1152,0.0
1153,25882759.57612494
1154,0.0
1155,16501031.235939557
1156,0.0
1157,12728830.840978429
1158,13189289.29646699
1159,11204092.281538276
1160,0.0
1161,0.0
1162,0.0
1163,0.0
1164,0.0
1165,0.0
1166,0.0
1167,0.0
1168,0.0
1169,0.0
1170,0.0
1171,56347565.45282433
1172,41869278.48174666
1173,0.0
1174,184397574.35901985
1175,0.0
1176,0.0
1177,0.0
1178,0.0
1179,4645776.186764995
1180,0.0
1181,15115135.719909279
1182,0.0
1183,0.0
1184,0.0
1185,78184793.58974652
1186,0.0
1187,0.0
1188,0.0
1189,0.0
1190,36608362.37269919
1191,0.0
1192,0.0
1193,0.0
1194,0.0
1195,15345518.185576417
1196,0.0
1197,0.0
1198,0.0
1199,0.0
1200,0.0
1201,0.0
1202,0.0
1203,15345518.185576417
1204,0.0
1205,0.0
1206,0.0
1207,69336595.63053577
1208,65413776.62770474
1209,0.0
1210,0.0
1211,13189289.29646699
1212,0.0
1213,16622579.30751163
1214,36989547.966177985
1215,0.0
1216,38500358.243531406
1217,0.0
1218,0.0
1219,0.0
1220,0.0
1221,8083054.654213435
1222,0.0
1223,0.0
1224,43331977.929995544
1225,0.0
1226,0.0
1227,24922303.38155579
1228,18763324.314525187
1229,0.0
1230,0.0
1231,0.0
1232,0.0
1233,0.0
1234,29436589.955574043
1235,0.0
1236,31737715.02742091
1237,0.0
1238,0.0
1239,0.0
1240,0.0
1241,0.0
1242,0.0
1243,15817893.367368415
1244,13189289.29646699
1245,18423536.62888647
1246,0.0
1247,15201817.435149617
1248,0.0
1249,0.0
1250,0.0
1251,0.0
1252,0.0
1253,0.0
1254,0.0
1255,0.0
1256,0.0
1257,0.0
1258,88428763.61947931
1259,0.0
1260,0.0
1261,47434060.32321725
1262,0.0
1263,0.0
1264,0.0
1265,0.0
1266,0.0
1267,0.0
1268,0.0
1269,0.0
1270,0.0
1271,129993561.05215284
1272,0.0
1273,21663293.58987032
1274,0.0
1275,15201817.435149617
1276,18226223.6516528
1277,150070574.08591002
1278,0.0
1279,141343753.3849272
1280,0.0
1281,0.0
1282,42797231.61410154
1283,0.0
1284,115533810.2917049
1285,0.0
1286,0.0
1287,0.0
1288,38569911.34482181
1289,3036620.5354699735
1290,83998536.33553286
1291,0.0
1292,18763324.314525187
1293,0.0
1294,0.0
1295,0.0
1296,0.0
1297,0.0
1298,0.0
1299,0.0
1300,16501031.235939557
1301,0.0
1302,52807441.3335464
1303,0.0
1304,13189289.29646699
1305,18423536.62888647
1306,0.0
1307,33625354.064036086
1308,0.0
1309,0.0
1310,0.0
1311,0.0
1312,18763324.314525187
1313,18423536.62888647
1314,0.0
1315,63270094.96734896
1316,0.0
1317,0.0
1318,0.0
1319,0.0
1320,72698566.82932201
1321,0.0
1322,15817893.367368415
1323,0.0
1324,0.0
1325,39871659.44011727
1326,37513370.58740451
1327,16501031.235939557
1328,0.0
1329,0.0
1330,0.0
1331,4645776.186764995
1332,0.0
1333,31326519.41364307
1334,14938691.084502991
1335,0.0
1336,0.0
1337,0.0
1338,0.0
1339,0.0
1340,18423536.62888647
1341,0.0
1342,15115135.719909279
1343,0.0
1344,0.0
1345,0.0
1346,0.0
1347,0.0
1348,0.0
1349,0.0
1350,18763324.314525187
1351,0.0
1352,26928763.5748868
1353,3036620.5354699735
1354,27635632.634199202
1355,0.0
1356,0.0
1357,18763324.314525187
1358,0.0
1359,8083054.654213435
1360,0.0
1361,3036620.5354699735
1362,0.0
1363,0.0
1364,17134608.052963268
1365,18423536.62888647
1366,15115135.719909279
1367,0.0
1368,37425482.98332163
1369,0.0
1370,0.0
1371,0.0
1372,0.0
1373,20768576.629813544
1374,15201817.435149617
1375,0.0
1376,0.0
1377,0.0
1378,0.0
1379,0.0
1380,0.0
1381,16622579.30751163
1382,0.0
1383,0.0
1384,0.0
1385,0.0
1386,0.0
1387,0.0
1388,32857436.17582728
1389,13189289.29646699
1390,0.0
1391,0.0
1392,13189289.29646699
1393,37859432.2954262
1394,54120697.1806242
1395,13189289.29646699
1396,0.0
1397,0.0
1398,21780384.239728265
1399,64973455.52885727
1400,0.0
1401,0.0
1402,0.0
1403,0.0
1404,0.0
1405,0.0
1406,0.0
1407,0.0
1408,0.0
1409,0.0
1410,0.0
1411,53927595.20473054
1412,0.0
1413,0.0
1414,0.0
1415,0.0
1416,0.0
1417,0.0
1418,0.0
1419,0.0
1420,0.0
1421,0.0
1422,0.0
1423,0.0
1424,0.0
1425,0.0
1426,16501031.235939557
1427,0.0
1428,0.0
1429,0.0
1430,0.0
1431,0.0
1432,15345518.185576417
1433,19760911.906674273
1434,0.0
1435,0.0
1436,0.0
1437,59839084.941893935
1438,42223803.08405631
1439,33538672.34879575
1440,0.0
1441,0.0
1442,0.0
1443,0.0
1444,0.0
1445,0.0
1446,0.0
1447,0.0
1448,0.0
1449,0.0
1450,0.0
1451,13189289.29646699
1452,36989547.966177985
1453,16501031.235939557
1454,0.0
1455,0.0
1456,21700584.187818937
1457,15817893.367368415
1458,126751976.69346416
1459,0.0
1460,27835725.82350159
1461,53665922.16312008
1462,125534025.08723533
1463,0.0
1464,0.0
1465,0.0
1466,0.0
1467,55731489.520605534
1468,42879133.84657715
1469,0.0
1470,0.0
1471,12357574.877490142
1472,0.0
1473,38248291.69304568
1474,154276286.53746244
1475,0.0
1476,12357574.877490142
1477,16622579.30751163
1478,4645776.186764995
1479,0.0
1480,8083054.654213435
1481,0.0
1482,31242371.992908247
1483,0.0
1484,0.0
1485,49075091.13930949
1486,0.0
1487,0.0
1488,0.0
1489,77649585.60256927
1490,19296201.170203395
1491,39016083.74149113
1492,12357574.877490142
1493,0.0
1494,33622819.769530565
1495,0.0
1496,48817151.11893746
1497,0.0
1498,0.0
1499,0.0
1500,0.0
1501,0.0
1502,0.0
1503,17134608.052963268
1504,0.0
1505,0.0
1506,12357574.877490142
1507,62199965.48499178
1508,0.0
1509,18423536.62888647
1510,0.0
1511,4645776.186764995
1512,0.0
1513,41852109.46867632
1514,0.0
1515,34890560.58752416
1516,0.0
1517,4645776.186764995
1518,11013053.326687574
1519,0.0
1520,13189289.29646699
1521,6426429.244889958
1522,0.0
1523,28391106.73161661
1524,88282508.4384185
1525,0.0
1526,27271779.212433286
1527,0.0
1528,19537651.77140953
1529,28304425.016376268
1530,63971715.44102075
1531,0.0
1532,11213146.515989961
1533,0.0
1534,0.0
1535,0.0
1536,0.0
1537,0.0
1538,0.0
1539,0.0
1540,0.0
1541,60020388.48471699
1542,0.0
1543,0.0
1544,0.0
1545,0.0
1546,9289187.814006878
1547,0.0
1548,0.0
1549,0.0
1550,3036620.5354699735
1551,30323897.349430256
1552,0.0
1553,32249743.772872545
1554,0.0
1555,58769739.16530745
1556,8083054.654213435
1557,34583774.720167674
1558,0.0
1559,0.0
1560,0.0
1561,0.0
1562,0.0
1563,0.0
1564,0.0
1565,68732739.4424668
1566,0.0
1567,0.0
1568,0.0
1569,55199988.51726879
1570,0.0
1571,0.0
1572,0.0
1573,0.0
1574,0.0
1575,0.0
1576,15817893.367368415
1577,0.0
1578,0.0
1579,0.0
1580,0.0
1581,15199283.140644098
1582,0.0
1583,0.0
1584,103996235.93626162
1585,0.0
1586,0.0
1587,76321540.26346818
1588,0.0
1589,0.0
1590,0.0
1591,27031039.883358374
1592,0.0
1593,0.0
1594,18763324.314525187
1595,0.0
1596,76908136.33254609
1597,0.0
1598,15201817.435149617
1599,0.0
1600,9289187.814006878
1601,0.0
1602,0.0
1603,0.0
1604,34241429.99625488
1605,0.0
1606,30750798.287399493
1607,0.0
1608,0.0
1609,18226223.6516528
1610,0.0
1611,32628267.50893853
1612,6548157.86996104
1613,0.0
1614,0.0
1615,0.0
1616,44564610.166438505
1617,0.0
1618,0.0
1619,13189289.29646699
1620,0.0
1621,0.0
1622,0.0
1623,42001706.06879622
1624,0.0
1625,0.0
1626,0.0
1627,0.0
1628,0.0
1629,0.0
1630,0.0
1631,16622579.30751163
1632,0.0
1633,0.0
1634,0.0
1635,0.0
1636,72066145.20648423
1637,15201817.435149617
1638,0.0
1639,0.0
1640,0.0
1641,16501031.235939557
1642,0.0
1643,0.0
1644,0.0
1645,0.0
1646,16127236.27299897
1647,0.0
1648,0.0
1649,18423536.62888647
1650,0.0
1651,0.0
1652,16622579.30751163
1653,0.0
1654,16622579.30751163
1655,0.0
1656,23282337.79485753
1657,18763324.314525187
1658,0.0
1659,17134608.052963268
1660,0.0
1661,8083054.654213435
1662,0.0
1663,0.0
1664,0.0
1665,0.0
1666,0.0
1667,0.0
1668,22675394.142960012
1669,32682983.783955485
1670,0.0
1671,29976470.830515146
1672,35788178.17169127
1673,0.0
1674,0.0
1675,0.0
1676,0.0
1677,34848802.95916443
1678,45134418.93683437
1679,0.0
1680,14049673.862157548
1681,0.0
1682,119071681.86896181
1683,0.0
1684,0.0
1685,0.0
1686,0.0
1687,0.0
1688,0.0
1689,0.0
1690,0.0
1691,16127236.27299897
1692,0.0
1693,0.0
1694,4645776.186764995
1695,0.0
1696,0.0
1697,0.0
1698,0.0
1699,0.0
1700,18423536.62888647
1701,12357574.877490142
1702,18423536.62888647
1703,38809700.30539262
1704,0.0
1705,30460653.905485697
1706,0.0
1707,24724990.404322125
1708,0.0
1709,0.0
1710,0.0
1711,120583735.60064009
1712,0.0
1713,34924567.86482602
1714,18763324.314525187
1715,0.0
1716,0.0
1717,0.0
1718,15817893.367368415
1719,76078084.69698977
1720,0.0
1721,0.0
1722,24210290.927212406
1723,0.0
1724,0.0
1725,9755523.30312597
1726,87602097.70741752
1727,0.0
1728,0.0
1729,0.0
1730,25414352.816578537
1731,0.0
1732,0.0
1733,0.0
1734,0.0
1735,46573978.22060603
1736,6426429.244889958
1737,0.0
1738,0.0
1739,4645776.186764995
1740,0.0
1741,24652652.896542758
1742,0.0
1743,40789587.86621592
1744,0.0
1745,18226223.6516528
1746,0.0
1747,0.0
1748,0.0
1749,34581217.6818936
1750,0.0
1751,0.0
1752,0.0
1753,0.0
1754,0.0
1755,16127236.27299897
1756,0.0
1757,0.0
1758,0.0
1759,0.0
1760,30933029.087277696
1761,15345518.185576417
1762,0.0
1763,37469701.055055484
1764,143598666.5127549
1765,0.0
1766,0.0
1767,0.0
1768,15817893.367368415
1769,88651960.414295
1770,18423536.62888647
1771,0.0
1772,0.0
1773,8083054.654213435
1774,18423536.62888647
1775,11013053.326687574
1776,15115135.719909279
1777,0.0
1778,0.0
1779,0.0
1780,0.0
1781,0.0
1782,36467638.634920724
1783,0.0
1784,0.0
1785,31821862.448155727
1786,6498766.752669321
1787,0.0
1788,0.0
1789,0.0
1790,0.0
1791,0.0
1792,0.0
1793,0.0
1794,0.0
1795,0.0
1796,0.0
1797,15115135.719909279
1798,0.0
1799,0.0
1800,0.0
1801,121603972.03662929
1802,0.0
1803,0.0
1804,0.0
1805,0.0
1806,16127236.27299897
1807,0.0
1808,0.0
1809,0.0
1810,44570524.98512702
1811,12357574.877490142
1812,29776377.64121276
1813,21893676.055537455
1814,0.0
1815,0.0
1816,0.0
1817,0.0
1818,0.0
1819,0.0
1820,0.0
1821,0.0
1822,0.0
1823,0.0
1824,0.0
1825,33430292.12421581
1826,0.0
1827,0.0
1828,0.0
1829,0.0
1830,31415512.94811979
1831,0.0
1832,0.0
1833,0.0
1834,17439482.571577534
1835,0.0
1836,18423536.62888647
1837,34157959.11558292
1838,22244322.612258375
1839,18763324.314525187
1840,0.0
1841,0.0
1842,22999797.988608878
1843,0.0
1844,0.0
1845,0.0
1846,0.0
1847,41723620.796214014
1848,0.0
1849,6548157.86996104
1850,16501031.235939557
1851,0.0
1852,48211499.29813157
1853,0.0
1854,0.0
1855,0.0
1856,0.0
1857,0.0
1858,6548157.86996104
1859,0.0
1860,0.0
1861,0.0
1862,28715912.36089517
1863,0.0
1864,8083054.654213435
1865,153491543.33365035
1866,0.0
1867,0.0
1868,36649760.280539274
1869,0.0
1870,0.0
1871,0.0
1872,30756584.451871406
1873,0.0
1874,0.0
1875,0.0
1876,0.0
1877,0.0
1878,0.0
1879,11013053.326687574
1880,18763324.314525187
1881,0.0
1882,18423536.62888647
1883,0.0
1884,4645776.186764995
1885,0.0
1886,0.0
1887,26142783.366041265
1888,0.0
1889,0.0
1890,0.0
1891,52384182.767235726
1892,0.0
1893,0.0
1894,54891876.09179235
1895,17134608.052963268
1896,0.0
1897,0.0
1898,0.0
1899,0.0
1900,0.0
1901,34890560.58752416
1902,27705123.517477833
1903,4645776.186764995
1904,15817893.367368415
1905,22802447.92575633
1906,0.0
1907,0.0
1908,0.0
1909,0.0
1910,15817893.367368415
1911,126755542.14087471
1912,0.0
1913,0.0
1914,13189289.29646699
1915,0.0
1916,15201817.435149617
1917,0.0
1918,0.0
1919,0.0
1920,31383769.983165547
1921,21749975.305110656
1922,0.0
1923,0.0
1924,0.0
1925,13189289.29646699
1926,17134608.052963268
1927,0.0
1928,0.0
1929,0.0
1930,0.0
1931,0.0
1932,0.0
1933,8083054.654213435
1934,0.0
1935,3036620.5354699735
1936,0.0
1937,0.0
1938,0.0
1939,16622579.30751163
1940,17134608.052963268
1941,0.0
1942,13189289.29646699
1943,0.0
1944,16127236.27299897
1945,0.0
1946,0.0
1947,16127236.27299897
1948,9755523.30312597
1949,39809350.10753824
1950,25148110.516761832
1951,0.0
1952,0.0
1953,13189289.29646699
1954,0.0
1955,0.0
1956,19615718.541356947
1957,0.0
1958,0.0
1959,0.0
1960,0.0
1961,0.0
1962,0.0
1963,0.0
1964,9289187.814006878
1965,0.0
1966,0.0
1967,0.0
1968,0.0
1969,0.0
1970,0.0
1971,18763324.314525187
1972,0.0
1973,0.0
1974,0.0
1975,0.0
1976,16501031.235939557
1977,8083054.654213435
1978,15115135.719909279
1979,13189289.29646699
1980,0.0
1981,0.0
1982,0.0
1983,12357574.877490142
1984,0.0
1985,0.0
1986,0.0
1987,0.0
1988,0.0
1989,0.0
1990,0.0
1991,15201817.435149617
1992,0.0
1993,0.0
1994,26414963.951139577
1995,0.0
1996,11072205.431654952
1997,0.0
1998,18423536.62888647
1999,0.0
2000,0.0
2001,15199283.140644098
2002,15201817.435149617
2003,0.0
2004,0.0
2005,8083054.654213435
2006,0.0
2007,108742822.9138577
2008,11204092.281538276
2009,150766996.0215272
2010,126620816.21390003
2011,0.0
2012,0.0
2013,0.0
2014,0.0
2015,18763324.314525187
2016,17134608.052963268
2017,0.0
2018,39517571.53236623
2019,15345518.185576417
2020,0.0
2021,12357574.877490142
2022,13189289.29646699
2023,0.0
2024,16127236.27299897
2025,0.0
2026,0.0
2027,0.0
2028,0.0
2029,0.0
2030,0.0
2031,0.0
2032,6498766.752669321
2033,16622579.30751163
2034,0.0
2035,44646083.89065013
2036,0.0
2037,3036620.5354699735
2038,0.0
2039,0.0
2040,0.0
2041,13189289.29646699
2042,11013053.326687574
2043,0.0
2044,0.0
2045,16501031.235939557
2046,0.0
2047,0.0
2048,0.0
2049,6426429.244889958
2050,0.0
2051,22871999.8384178
2052,0.0
2053,107554044.5012298
2054,18763324.314525187
2055,109527373.71550936
2056,34278992.528378226
2057,0.0
2058,61556021.467772394
2059,0.0
2060,6498766.752669321
2061,0.0
2062,0.0
2063,0.0
2064,0.0
2065,17546104.434573367
2066,0.0
2067,20768576.629813544
2068,24922303.38155579
2069,0.0
2070,0.0
2071,0.0
2072,0.0
2073,0.0
2074,18423536.62888647
2075,0.0
2076,0.0
2077,9289187.814006878
2078,25546864.17395713
2079,16501031.235939557
2080,0.0
2081,0.0
2082,0.0
2083,0.0
2084,0.0
2085,0.0
2086,18423536.62888647
2087,0.0
2088,0.0
2089,0.0
2090,0.0
2091,0.0
2092,0.0
2093,4645776.186764995
2094,0.0
2095,0.0
2096,11119675.189683408
2097,0.0
2098,0.0
2099,0.0
2100,15201817.435149617
2101,0.0
2102,0.0
2103,0.0
2104,0.0
2105,0.0
2106,0.0
2107,0.0
2108,18226223.6516528
2109,0.0
2110,50182985.272747286
2111,8083054.654213435
2112,0.0
2113,0.0
2114,0.0
2115,0.0
2116,18226223.6516528
2117,31329053.708148587
2118,0.0
2119,0.0
2120,14938691.084502991
2121,23409100.50129018
2122,0.0
2123,18763324.314525187
2124,0.0
2125,0.0
2126,0.0
2127,0.0
2128,49555277.35980139
2129,26328282.23589924
2130,32480126.238539685
2131,0.0
2132,0.0
2133,0.0
2134,0.0
2135,0.0
2136,0.0
2137,0.0
2138,0.0
2139,0.0
2140,16622579.30751163
2141,0.0
2142,0.0
2143,0.0
2144,6498766.752669321
2145,13189289.29646699
2146,141421909.26517364
2147,0.0
2148,0.0
2149,0.0
2150,0.0
2151,0.0
2152,29776377.64121276
2153,0.0
2154,34452133.48358977
2155,0.0
2156,12357574.877490142
2157,0.0
2158,0.0
2159,4645776.186764995
2160,0.0
2161,0.0
2162,0.0
2163,12357574.877490142
2164,23551508.93421618
2165,0.0
2166,39148982.0117154
2167,43066632.55737187
2168,0.0
2169,0.0
2170,18763324.314525187
2171,0.0
2172,64642530.5720486
2173,0.0
2174,0.0
2175,15817893.367368415
2176,0.0
2177,0.0
2178,0.0
2179,16127236.27299897
2180,0.0
2181,0.0
2182,0.0
2183,0.0
2184,60680779.637470596
2185,0.0
2186,0.0
2187,79424283.02605413
2188,0.0
2189,0.0
2190,0.0
2191,0.0
2192,0.0
2193,0.0
2194,0.0
2195,0.0
2196,0.0
2197,0.0
2198,0.0
2199,8083054.654213435
2200,0.0
2201,0.0
2202,4645776.186764995
2203,96279402.80152419
2204,17134608.052963268
2205,0.0
2206,0.0
2207,12357574.877490142
2208,3036620.5354699735
2209,0.0
2210,0.0
2211,0.0
2212,120808654.86205162
2213,60553486.47729832
2214,0.0
2215,0.0
2216,3036620.5354699735
2217,33769054.814462885
2218,0.0
2219,82516208.37329389
2220,0.0
2221,23561037.297853224
2222,11213146.515989961
2223,0.0
2224,0.0
2225,112206436.47964802
2226,0.0
2227,0.0
2228,0.0
2229,0.0
2230,0.0
2231,0.0
2232,0.0
2233,20748533.804129258
2234,0.0
2235,0.0
2236,0.0
2237,51209320.73945125
2238,35240932.22519745
2239,35385903.622036815
2240,0.0
2241,0.0
2242,0.0
2243,0.0
2244,0.0
2245,0.0
2246,0.0
2247,0.0
2248,0.0
2249,138882451.10923243
2250,29636683.144876428
2251,6498766.752669321
2252,12357574.877490142
2253,35738043.7310097
2254,0.0
2255,98516852.15186167
2256,0.0
2257,0.0
2258,16127236.27299897
2259,29976470.830515146
2260,117283689.68077838
2261,23538954.86546681
2262,16127236.27299897
2263,0.0
2264,13189289.29646699
2265,16622579.30751163
2266,41961514.6886479
2267,0.0
2268,51488067.97761504
2269,147673392.89790592
2270,0.0
2271,6548157.86996104
2272,0.0
2273,0.0
2274,29436589.955574043
2275,51801267.81501741
2276,0.0
2277,0.0
2278,11213146.515989961
2279,6426429.244889958
2280,15345518.185576417
2281,0.0
2282,0.0
2283,13189289.29646699
2284,0.0
2285,0.0
2286,0.0
2287,17134608.052963268
2288,0.0
2289,0.0
2290,0.0
2291,0.0
2292,0.0
2293,0.0
2294,0.0
2295,16622579.30751163
2296,27031039.883358374
2297,8083054.654213435
2298,55571995.30887179
2299,0.0
2300,0.0
2301,13189289.29646699
2302,0.0
2303,0.0
2304,0.0
2305,0.0
2306,15345518.185576417
2307,0.0
2308,0.0
2309,0.0
2310,0.0
2311,0.0
2312,32841393.196029536
2313,32749815.5805106
2314,0.0
2315,0.0
2316,9755523.30312597
2317,33428041.08680242
2318,0.0
2319,0.0
2320,0.0
2321,6426429.244889958
2322,0.0
2323,0.0
2324,0.0
2325,0.0
2326,0.0
2327,57742217.305734195
2328,0.0
2329,0.0
2330,56425304.780905776
2331,27041437.965506196
2332,0.0
2333,38887206.18301988
2334,0.0
2335,53389611.395622365
2336,0.0
2337,15817893.367368415
2338,48026332.12921266
2339,15201817.435149617
2340,0.0
2341,0.0
2342,0.0
2343,0.0
2344,6426429.244889958
2345,0.0
2346,0.0
2347,0.0
2348,0.0
2349,0.0
2350,20968669.81911593
2351,18763324.314525187
2352,0.0
2353,13189289.29646699
2354,0.0
2355,0.0
2356,0.0
2357,0.0
2358,0.0
2359,54196106.95736966
2360,0.0
2361,0.0
2362,121174770.28143093
2363,0.0
2364,0.0
2365,0.0
2366,0.0
2367,8083054.654213435
2368,0.0
2369,47372045.2412983
2370,6548157.86996104
2371,0.0
2372,0.0
2373,0.0
2374,26506591.283099905
2375,0.0
2376,18763324.314525187
2377,0.0
2378,21799944.84999516
2379,17003351.064255137
2380,37355929.88203123
2381,0.0
2382,0.0
2383,0.0
2384,0.0
2385,0.0
2386,0.0
2387,18763324.314525187
2388,8083054.654213435
2389,24578185.50026921
2390,171294006.3241973
2391,18226223.6516528
2392,0.0
2393,0.0
2394,0.0
2395,18423536.62888647
2396,0.0
2397,0.0
2398,13189289.29646699
2399,0.0
2400,0.0
2401,8083054.654213435
2402,22244322.612258375
2403,0.0
2404,29007182.663835406
2405,11204092.281538276
2406,0.0
2407,0.0
2408,0.0
2409,12357574.877490142
2410,18423536.62888647
2411,0.0
2412,0.0
2413,0.0
2414,43117751.016515434
2415,9755523.30312597
2416,0.0
2417,0.0
2418,17134608.052963268
2419,0.0
2420,17134608.052963268
2421,0.0
2422,0.0
2423,0.0
2424,31204440.888331372
2425,0.0
2426,0.0
2427,0.0
2428,11204092.281538276
2429,0.0
2430,18905732.747451182
2431,11213146.515989961
2432,0.0
2433,0.0
2434,0.0
2435,18226223.6516528
2436,12357574.877490142
2437,16127236.27299897
2438,0.0
2439,0.0
2440,0.0
2441,12728830.840978429
2442,0.0
2443,0.0
2444,0.0
2445,11013053.326687574
2446,6548157.86996104
2447,0.0
2448,17134608.052963268
2449,15199283.140644098
2450,0.0
2451,0.0
2452,30672253.169669177
2453,15199283.140644098
2454,0.0
2455,12357574.877490142
2456,0.0
2457,13189289.29646699
2458,0.0
2459,12357574.877490142
2460,0.0
2461,15345518.185576417
2462,0.0
2463,15345518.185576417
2464,0.0
2465,0.0
2466,43468958.27625025
2467,0.0
2468,33625354.064036086
2469,0.0
2470,0.0
2471,11013053.326687574
2472,52191365.40132761
2473,0.0
2474,57630406.787794195
2475,0.0
2476,22626003.025668293
2477,0.0
2478,0.0
2479,26412429.65663406
2480,0.0
2481,45743051.34072977
2482,47770506.97836059
2483,0.0
2484,0.0
2485,30316953.155058898
2486,22675394.142960012
2487,0.0
2488,17835065.483231984
2489,0.0
2490,0.0
2491,0.0
2492,0.0
2493,64153889.826926015
2494,0.0
2495,0.0
2496,15201817.435149617
2497,0.0
2498,15345518.185576417
2499,73397082.93712734
2500,0.0
2501,51013068.08739774
2502,15394195.412960116
2503,18763324.314525187
2504,130678680.53538787
2505,0.0
2506,0.0
2507,64975191.20033452
2508,3036620.5354699735
2509,0.0
2510,24393381.578005265
2511,0.0
2512,99848153.54024725
2513,0.0
2514,0.0
2515,8083054.654213435
2516,0.0
2517,17134608.052963268
2518,0.0
2519,0.0
2520,0.0
2521,0.0
2522,0.0
2523,0.0
2524,52386144.08405575
2525,30219192.857259378
2526,53809440.25092328
2527,0.0
2528,40128444.64391814
2529,13189289.29646699
2530,6498766.752669321
2531,0.0
2532,0.0
2533,0.0
2534,0.0
2535,11204092.281538276
2536,104289608.50091025
2537,0.0
2538,21541564.964799237
2539,0.0
2540,0.0
2541,8083054.654213435
2542,0.0
2543,0.0
2544,109524318.12190643
2545,0.0
2546,127449257.58483267
2547,0.0
2548,0.0
2549,0.0
2550,0.0
2551,35897932.36748846
2552,0.0
2553,0.0
2554,0.0
2555,0.0
2556,0.0
2557,82244081.8647868
2558,0.0
2559,0.0
2560,0.0
2561,21663293.58987032
2562,0.0
2563,11204092.281538276
2564,11204092.281538276
2565,12357574.877490142
2566,62284310.74496016
2567,0.0
2568,12357574.877490142
2569,0.0
2570,0.0
2571,0.0
2572,11013053.326687574
2573,0.0
2574,0.0
2575,24957340.738275588
2576,0.0
2577,0.0
2578,0.0
2579,16127236.27299897
2580,0.0
2581,0.0
2582,18763324.314525187
2583,11013053.326687574
2584,23284872.089363053
2585,0.0
2586,0.0
2587,0.0
2588,106622272.30467941
2589,0.0
2590,0.0
2591,9755523.30312597
2592,0.0
2593,93711783.73148344
2594,98926345.78264637
2595,0.0
2596,16622579.30751163
2597,8083054.654213435
2598,0.0
2599,0.0
2600,0.0
2601,0.0
2602,0.0
2603,23900948.02158185
2604,0.0
2605,0.0
2606,0.0
2607,0.0
2608,0.0
2609,18226223.6516528
2610,35897932.36748846
2611,6548157.86996104
2612,38240334.453615084
2613,0.0
2614,0.0
2615,0.0
2616,0.0
2617,0.0
2618,97952750.52469748
2619,0.0
2620,11204092.281538276
2621,0.0
2622,6498766.752669321
2623,0.0
2624,0.0
2625,16622579.30751163
2626,64691281.42153805
2627,32628267.50893853
2628,23741884.167666003
2629,68736791.26901247
2630,4645776.186764995
2631,13189289.29646699
2632,0.0
2633,16622579.30751163
2634,0.0
2635,17134608.052963268
2636,0.0
2637,0.0
2638,22226199.842677534
2639,0.0
2640,0.0
2641,0.0
2642,0.0
2643,30781111.50637661
2644,0.0
2645,17134608.052963268
2646,0.0
2647,18423536.62888647
2648,0.0
2649,0.0
2650,0.0
2651,0.0
2652,0.0
2653,15115135.719909279
2654,0.0
2655,11213146.515989961
2656,0.0
2657,15345518.185576417
2658,0.0
2659,0.0
2660,0.0
2661,0.0
2662,50805062.95768073
2663,0.0
2664,13189289.29646699
2665,0.0
2666,0.0
2667,0.0
2668,28518847.617651157
2669,9289187.814006878
2670,18226223.6516528
2671,15817893.367368415
2672,0.0
2673,0.0
2674,0.0
2675,13189289.29646699
2676,0.0
2677,0.0
2678,0.0
2679,0.0
2680,0.0
2681,0.0
2682,16622579.30751163
2683,0.0
2684,0.0
2685,0.0
2686,18763324.314525187
2687,0.0
2688,0.0
2689,0.0
2690,0.0
2691,18763324.314525187
2692,31242371.992908247
2693,16622579.30751163
2694,6426429.244889958
2695,0.0
2696,0.0
2697,43249723.20816473
2698,0.0
2699,0.0
2700,0.0
2701,0.0
2702,0.0
2703,0.0
2704,0.0
2705,4645776.186764995
2706,0.0
2707,59238633.94374308
2708,0.0
2709,0.0
2710,11013053.326687574
2711,0.0
2712,0.0
2713,0.0
2714,6498766.752669321
2715,125004212.86414585
2716,18423536.62888647
2717,3036620.5354699735
2718,0.0
2719,0.0
2720,0.0
2721,0.0
2722,0.0
2723,18238437.97061959
2724,0.0
2725,60253891.17417672
2726,0.0
2727,8083054.654213435
2728,0.0
2729,36118530.64534038
2730,0.0
2731,0.0
2732,0.0
2733,15115135.719909279
2734,32804712.409026567
2735,119761224.97418633
2736,15858922.702754956
2737,0.0
2738,15115135.719909279
2739,0.0
2740,0.0
2741,0.0
2742,0.0
2743,0.0
2744,0.0
2745,0.0
2746,0.0
2747,0.0
2748,0.0
2749,0.0
2750,0.0
2751,33757187.3604749
2752,0.0
2753,12925195.99755928
2754,0.0
2755,29492182.930453412
2756,0.0
2757,0.0
2758,0.0
2759,0.0
2760,6426429.244889958
2761,0.0
2762,0.0
2763,80470516.39372519
2764,0.0
2765,0.0
2766,0.0
2767,0.0
2768,0.0
2769,6426429.244889958
2770,0.0
2771,31415512.94811979
2772,0.0
2773,0.0
2774,0.0
2775,0.0
2776,86970057.08824366
2777,0.0
2778,0.0
2779,11013053.326687574
2780,0.0
2781,0.0
2782,0.0
2783,15201817.435149617
2784,0.0
2785,73493084.9748318
2786,0.0
2787,15817893.367368415
2788,0.0
2789,16622579.30751163
2790,0.0
2791,0.0
2792,153111845.0006728
2793,30069488.146149427
2794,47718406.58210622
2795,42078980.684189536
2796,38509412.477983095
2797,0.0
2798,16622579.30751163
2799,16127236.27299897
2800,0.0
2801,0.0
2802,0.0
2803,0.0
2804,0.0
2805,0.0
2806,15199283.140644098
2807,8083054.654213435
2808,0.0
2809,6426429.244889958
2810,0.0
2811,0.0
2812,0.0
2813,8083054.654213435
2814,0.0
2815,0.0
2816,0.0
2817,0.0
2818,0.0
2819,0.0
2820,0.0
2821,0.0
2822,8083054.654213435
2823,49555277.35980139
2824,15201817.435149617
2825,4645776.186764995
2826,34441626.16647743
2827,56425377.35723866
2828,34241429.99625488
2829,0.0
2830,15201817.435149617
2831,0.0
2832,0.0
2833,0.0
2834,0.0
2835,0.0
2836,41297262.59676698
2837,29316525.569465958
2838,26212336.46733167
2839,11204092.281538276
2840,0.0
2841,16127236.27299897
2842,0.0
2843,0.0
2844,33123610.543451186
2845,0.0
2846,0.0
2847,0.0
2848,18763324.314525187
2849,0.0
2850,0.0
2851,0.0
2852,13189289.29646699
2853,0.0
2854,151268702.4690508
2855,43997529.84795411
2856,0.0
2857,11204092.281538276
2858,0.0
2859,0.0
2860,8083054.654213435
2861,0.0
2862,11013053.326687574
2863,18763324.314525187
2864,3036620.5354699735
2865,0.0
2866,47060265.36027666
2867,11013053.326687574
2868,16127236.27299897
2869,0.0
2870,0.0
2871,0.0
2872,0.0
2873,0.0
2874,0.0
2875,0.0
2876,0.0
2877,43918845.26950476
2878,0.0
2879,15201817.435149617
2880,31846549.42151597
2881,0.0
2882,0.0
2883,0.0
2884,0.0
2885,0.0
2886,8083054.654213435
2887,0.0
2888,0.0
2889,0.0
2890,0.0
2891,0.0
2892,15199283.140644098
2893,63052660.70581509
2894,29636683.144876428
2895,0.0
2896,0.0
2897,0.0
2898,0.0
2899,0.0
2900,0.0
2901,0.0
2902,16622579.30751163
2903,0.0
2904,0.0
2905,18423536.62888647
2906,0.0
2907,0.0
2908,17134608.052963268
2909,0.0
2910,0.0
2911,18423536.62888647
2912,0.0
2913,11213146.515989961
2914,0.0
2915,0.0
2916,0.0
2917,0.0
2918,0.0
2919,0.0
2920,0.0
2921,0.0
2922,50368666.26925385
2923,0.0
2924,0.0
2925,0.0
2926,8083054.654213435
2927,0.0
2928,0.0
2929,15817893.367368415
2930,0.0
2931,0.0
2932,0.0
2933,0.0
2934,0.0
2935,11204092.281538276
2936,16127236.27299897
2937,0.0
2938,0.0
2939,6498766.752669321
2940,0.0
2941,0.0
2942,15199283.140644098
2943,0.0
2944,15201817.435149617
2945,53626012.80564082
2946,0.0
2947,0.0
2948,6426429.244889958
2949,116043183.89576922
2950,11013053.326687574
2951,0.0
2952,17134608.052963268
2953,0.0
2954,0.0
2955,0.0
2956,48580322.01028721
2957,6426429.244889958
2958,0.0
2959,0.0
2960,0.0
2961,0.0
2962,0.0
2963,0.0
2964,0.0
2965,24849965.87377643
2966,16127236.27299897
2967,57193541.16301067
2968,0.0
2969,0.0
2970,0.0
2971,0.0
2972,0.0
2973,43277391.41900454
2974,18226223.6516528
2975,77330812.40631403
2976,16501031.235939557
2977,0.0
2978,23370628.204177715
2979,0.0
2980,0.0
2981,0.0
2982,11013053.326687574
2983,0.0
2984,0.0
2985,0.0
2986,0.0
2987,0.0
2988,0.0
2989,16127236.27299897
2990,0.0
2991,0.0
2992,0.0
2993,0.0
2994,0.0
2995,0.0
2996,0.0
2997,0.0
2998,8083054.654213435
2999,0.0
3000,19688056.04913631
3001,0.0
3002,36895812.90281251
3003,0.0
3004,6498766.752669321
3005,0.0
3006,0.0
3007,0.0
3008,0.0
3009,195382445.17810437
3010,0.0
3011,20440629.531703576
3012,9289187.814006878
3013,0.0
3014,0.0
3015,27246911.462682378
3016,37823995.29605029
3017,0.0
3018,0.0
3019,33126151.507303685
3020,0.0
3021,18226223.6516528
3022,6548157.86996104
3023,0.0
3024,11013053.326687574
3025,22316660.120037735
3026,6426429.244889958
3027,0.0
3028,18423536.62888647
3029,4645776.186764995
3030,23409100.50129018
3031,25149718.716086086
3032,0.0
3033,16501031.235939557
3034,27140289.599686544
3035,0.0
3036,16501031.235939557
3037,0.0
3038,0.0
3039,0.0
3040,0.0
3041,14938691.084502991
3042,0.0
3043,0.0
3044,0.0
3045,0.0
3046,18763324.314525187
3047,0.0
3048,15817893.367368415
3049,0.0
3050,0.0
3051,158859970.66852984
3052,0.0
3053,6426429.244889958
3054,0.0
3055,0.0
3056,0.0
3057,0.0
3058,0.0
3059,0.0
3060,0.0
3061,0.0
3062,32749815.5805106
3063,0.0
3064,0.0
3065,0.0
3066,14049673.862157548
3067,0.0
3068,0.0
3069,32749815.5805106
3070,0.0
3071,0.0
3072,0.0
3073,0.0
3074,4645776.186764995
3075,0.0
3076,0.0
3077,13189289.29646699
3078,0.0
3079,15201817.435149617
3080,0.0
3081,54117553.17411189
3082,0.0
3083,27340382.788988933
3084,0.0
3085,0.0
3086,60876312.276016586
3087,20502334.32999684
3088,27767122.246945947
3089,17711913.268659282
3090,22316660.120037735
3091,16181952.548015928
3092,0.0
3093,8083054.654213435
3094,85473518.5067622
3095,0.0
3096,0.0
3097,9755523.30312597
3098,13189289.29646699
3099,0.0
3100,35664888.0444085
3101,0.0
3102,0.0
3103,0.0
3104,74619513.02048439
3105,40903467.048396505
3106,0.0
3107,0.0
3108,69469378.11837906
3109,0.0
3110,0.0
3111,16127236.27299897
3112,0.0
3113,0.0
3114,0.0
3115,18423536.62888647
3116,69399575.86104986
3117,0.0
3118,29976470.830515146
3119,0.0
3120,0.0
3121,0.0
3122,17134608.052963268
3123,15345518.185576417
3124,0.0
3125,0.0
3126,0.0
3127,12357574.877490142
3128,0.0
3129,25262091.067194507
3130,0.0
3131,0.0
3132,0.0
3133,0.0
3134,0.0
3135,0.0
3136,0.0
3137,0.0
3138,0.0
3139,0.0
3140,17134608.052963268
3141,0.0
3142,0.0
3143,0.0
3144,0.0
3145,0.0
3146,16622579.30751163
3147,16622579.30751163
3148,0.0
3149,0.0
3150,0.0
3151,0.0
3152,0.0
3153,0.0
3154,6498766.752669321
3155,0.0
3156,17630521.526428234
3157,0.0
3158,32659816.018184595
3159,0.0
3160,18423536.62888647
3161,18763324.314525187
3162,0.0
3163,9289187.814006878
3164,0.0
3165,0.0
3166,0.0
3167,0.0
3168,140481850.32107696
3169,0.0
3170,0.0
3171,0.0
3172,0.0
3173,0.0
3174,0.0
3175,31152367.469864897
3176,0.0
3177,0.0
3178,40329578.89615353
3179,13189289.29646699
3180,0.0
3181,0.0
3182,0.0
3183,6548157.86996104
3184,0.0
3185,0.0
3186,0.0
3187,9755523.30312597
3188,0.0
3189,8083054.654213435
3190,17134608.052963268
3191,0.0
3192,0.0
3193,3036620.5354699735
3194,0.0
3195,85271997.59237409
3196,0.0
3197,0.0
3198,0.0
3199,0.0
3200,0.0
3201,29811868.60397862
3202,13189289.29646699
3203,0.0
3204,0.0
3205,0.0
3206,0.0
3207,15115135.719909279
3208,0.0
3209,0.0
3210,0.0
3211,0.0
3212,0.0
3213,0.0
3214,0.0
3215,11013053.326687574
3216,0.0
3217,0.0
3218,0.0
3219,0.0
3220,0.0
3221,6498766.752669321
3222,0.0
3223,0.0
3224,13189289.29646699
3225,0.0
3226,0.0
3227,12357574.877490142
3228,0.0
3229,92155469.66164
3230,0.0
3231,0.0
3232,0.0
3233,18763324.314525187
3234,47679409.379183784
3235,11213146.515989961
3236,72165883.80269092
3237,0.0
3238,16225909.831936963
3239,0.0
3240,15201817.435149617
3241,17134608.052963268
3242,0.0
3243,0.0
3244,0.0
3245,0.0
3246,13189289.29646699
3247,21272343.950680424
3248,0.0
3249,0.0
3250,22999797.988608878
3251,0.0
3252,0.0
3253,0.0
3254,32785000.75715395
3255,0.0
3256,0.0
3257,15345518.185576417
3258,0.0
3259,0.0
3260,0.0
3261,0.0
3262,0.0
3263,3036620.5354699735
3264,0.0
3265,15201817.435149617
3266,0.0
3267,39820769.681634344
3268,0.0
3269,0.0
3270,0.0
3271,0.0
3272,68318601.67432658
3273,15199283.140644098
3274,0.0
3275,17134608.052963268
3276,0.0
3277,0.0
3278,0.0
3279,13189289.29646699
3280,0.0
3281,0.0
3282,8083054.654213435
3283,12357574.877490142
3284,59903222.72207436
3285,16127236.27299897
3286,0.0
3287,0.0
3288,0.0
3289,14938691.084502991
3290,0.0
3291,8083054.654213435
3292,0.0
3293,0.0
3294,33320829.805549383
3295,0.0
3296,0.0
3297,0.0
3298,0.0
3299,6426429.244889958
3300,0.0
3301,0.0
3302,0.0
3303,0.0
3304,0.0
3305,0.0
3306,47639755.81552414
3307,0.0
3308,0.0
3309,0.0
3310,0.0
3311,18763324.314525187
3312,13189289.29646699
3313,67958909.8179342
3314,27340382.788988933
3315,0.0
3316,0.0
3317,0.0
3318,63744117.57588903
3319,0.0
3320,93479702.96841371
3321,11013053.326687574
3322,18856341.630159464
3323,0.0
3324,0.0
3325,15201817.435149617
3326,0.0
3327,18763324.314525187
3328,0.0
3329,0.0
3330,0.0
3331,0.0
3332,26128189.046596855
3333,8083054.654213435
3334,0.0
3335,0.0
3336,0.0
3337,0.0
3338,0.0
3339,29976470.830515146
3340,0.0
3341,13189289.29646699
3342,0.0
3343,0.0
3344,0.0
3345,16127236.27299897
3346,0.0
3347,0.0
3348,68717772.8521674
3349,28147661.379650842
3350,0.0
3351,6426429.244889958
3352,0.0
3353,15199283.140644098
3354,18763324.314525187
3355,0.0
3356,0.0
3357,0.0
3358,15115135.719909279
3359,0.0
3360,0.0
3361,0.0
3362,0.0
3363,0.0
3364,0.0
3365,18423536.62888647
3366,28304425.016376268
3367,83067847.29572612
3368,30053826.804412268
3369,40031679.80880181
3370,0.0
3371,0.0
3372,0.0
3373,0.0
3374,24849965.87377643
3375,0.0
3376,0.0
3377,26939396.284372896
3378,0.0
3379,0.0
3380,8083054.654213435
3381,0.0
3382,0.0
3383,0.0
3384,0.0
3385,0.0
3386,0.0
3387,8083054.654213435
3388,0.0
3389,0.0
3390,0.0
3391,8083054.654213435
3392,18423536.62888647
3393,0.0
3394,6548157.86996104
3395,34550772.901885435
3396,0.0
3397,0.0
3398,6426429.244889958
3399,0.0
3400,47664442.78888439
3401,0.0
3402,59590005.85960372
3403,0.0
3404,0.0
3405,0.0
3406,13189289.29646699
3407,0.0
3408,0.0
3409,0.0
3410,0.0
3411,0.0
3412,0.0
3413,0.0
3414,0.0
3415,28175468.244858555
3416,11213146.515989961
3417,0.0
3418,8083054.654213435
3419,27635632.634199202
3420,0.0
3421,29976470.830515146
3422,0.0
3423,78485305.43388587
3424,18423536.62888647
3425,0.0
3426,0.0
3427,0.0
3428,0.0
3429,0.0
3430,79292665.02890304
3431,0.0
3432,28484811.150489114
3433,13189289.29646699
3434,36617646.016110465
3435,35385903.622036815
3436,34929985.456844404
3437,0.0
3438,0.0
3439,18763324.314525187
3440,0.0
3441,16622579.30751163
3442,0.0
3443,18423536.62888647
3444,0.0
3445,0.0
3446,0.0
3447,0.0
3448,39256604.410070345
3449,0.0
3450,65878552.25066231
3451,0.0
3452,0.0
3453,0.0
3454,0.0
3455,0.0
3456,0.0
3457,0.0
3458,16127236.27299897
3459,0.0
3460,0.0
3461,13189289.29646699
3462,20440629.531703576
3463,174654446.07683912
3464,0.0
3465,0.0
3466,0.0
3467,0.0
3468,0.0
3469,0.0
3470,0.0
3471,0.0
3472,0.0
3473,0.0
3474,0.0
3475,0.0
3476,27140289.599686544
3477,0.0
3478,16127236.27299897
3479,115450189.46421069
3480,0.0
3481,0.0
3482,0.0
3483,15201817.435149617
3484,44554505.887552045
3485,9289187.814006878
3486,0.0
3487,0.0
3488,15817893.367368415
3489,0.0
3490,0.0
3491,12357574.877490142
3492,0.0
3493,20548440.61482687
3494,0.0
3495,13189289.29646699
3496,0.0
3497,0.0
3498,0.0
3499,0.0
3500,0.0
3501,0.0
3502,0.0
3503,13189289.29646699
3504,0.0
3505,0.0
3506,0.0
3507,0.0
3508,0.0
3509,0.0
3510,0.0
3511,11213146.515989961
3512,0.0
3513,13189289.29646699
3514,0.0
3515,8083054.654213435
3516,0.0
3517,33164914.736155793
3518,0.0
3519,132633163.04170704
3520,13189289.29646699
3521,17711913.268659282
3522,0.0
3523,0.0
3524,0.0
3525,0.0
3526,47619391.42850259
3527,113461427.42095411
3528,16501031.235939557
3529,15787954.5666762
3530,0.0
3531,9755523.30312597
3532,0.0
3533,32318924.60330797
3534,0.0
3535,0.0
3536,48756597.8505283
3537,84841993.31658213
3538,0.0
3539,0.0
3540,79049233.48022245
3541,27981746.95477877
3542,0.0
3543,0.0
3544,0.0
3545,0.0
3546,0.0
3547,50089156.624930024
3548,72259359.73390983
3549,0.0
3550,0.0
3551,32040875.25077088
3552,4645776.186764995
3553,58707065.702925414
3554,0.0
3555,0.0
3556,71848030.9498037
3557,0.0
3558,0.0
3559,0.0
3560,0.0
3561,112577126.28658357
3562,45166699.73670756
3563,0.0
3564,0.0
3565,0.0
3566,0.0
3567,0.0
3568,4645776.186764995
3569,0.0
3570,0.0
3571,0.0
3572,22626003.025668293
3573,0.0
3574,0.0
3575,51849043.42118336
3576,15199283.140644098
3577,0.0
3578,0.0
3579,0.0
3580,18423536.62888647
3581,9463049.780359931
3582,0.0
3583,9535387.288139295
3584,46859640.27995637
3585,22244322.612258375
3586,12357574.877490142
3587,16622579.30751163
3588,0.0
3589,0.0
3590,0.0
3591,0.0
3592,12357574.877490142
3593,41257919.085950546
3594,0.0
3595,0.0
3596,0.0
3597,0.0
3598,0.0
3599,0.0
3600,0.0
3601,0.0
3602,0.0
3603,76688303.89185703
3604,0.0
3605,0.0
3606,42950861.54341087
3607,58451401.74810386
3608,38402963.54723989
3609,0.0
3610,38762854.73300284
3611,16622579.30751163
3612,94438842.1945185
3613,15817893.367368415
3614,0.0
3615,0.0
3616,0.0
3617,0.0
3618,67381346.10867484
3619,11013053.326687574
3620,0.0
3621,0.0
3622,63690328.63841309
3623,16127236.27299897
3624,19847593.62191461
3625,0.0
3626,0.0
3627,0.0
3628,0.0
3629,0.0
3630,21646762.69149702
3631,14938691.084502991
3632,0.0
3633,0.0
3634,8083054.654213435
3635,0.0
3636,0.0
3637,0.0
3638,0.0
3639,83500775.4556112
3640,0.0
3641,40901617.79461281
3642,77248747.40968718
3643,13189289.29646699
3644,4645776.186764995
3645,0.0
3646,0.0
3647,4645776.186764995
3648,0.0
3649,31821862.448155727
3650,72833023.09238124
3651,0.0
3652,0.0
3653,0.0
3654,0.0
3655,0.0
3656,0.0
3657,0.0
3658,12357574.877490142
3659,0.0
3660,0.0
3661,4645776.186764995
3662,0.0
3663,0.0
3664,0.0
3665,0.0
3666,0.0
3667,15201817.435149617
3668,0.0
3669,0.0
3670,18423536.62888647
3671,18226223.6516528
3672,12357574.877490142
3673,41423334.61749534
3674,27826671.589049906
3675,0.0
3676,14938691.084502991
3677,0.0
3678,16127236.27299897
3679,11193934.056726035
3680,112904822.84989256
3681,0.0
3682,0.0
3683,0.0
3684,18226223.6516528
3685,18763324.314525187
3686,41104255.92957172
3687,0.0
3688,0.0
3689,0.0
3690,0.0
3691,0.0
3692,16501031.235939557
3693,0.0
3694,13189289.29646699
3695,0.0
3696,0.0
3697,0.0
3698,0.0
3699,0.0
3700,17134608.052963268
3701,0.0
3702,18423536.62888647
3703,0.0
3704,0.0
3705,0.0
3706,0.0
3707,11013053.326687574
3708,18763324.314525187
3709,0.0
3710,0.0
3711,13189289.29646699
3712,8083054.654213435
3713,9755523.30312597
3714,58261891.91685842
3715,0.0
3716,0.0
3717,18763324.314525187
3718,0.0
3719,0.0
3720,125477440.72537506
3721,208689872.29430947
3722,0.0
3723,0.0
3724,168832564.3228768
3725,4645776.186764995
3726,0.0
3727,11213146.515989961
3728,17134608.052963268
3729,0.0
3730,15345518.185576417
3731,0.0
3732,0.0
3733,0.0
3734,3036620.5354699735
3735,11013053.326687574
3736,0.0
3737,0.0
3738,0.0
3739,15201817.435149617
3740,0.0
3741,18423536.62888647
3742,97498927.47023472
3743,0.0
3744,0.0
3745,0.0
3746,57725153.33946554
3747,0.0
3748,0.0
3749,0.0
3750,56672008.87543116
3751,0.0
3752,0.0
3753,0.0
3754,0.0
3755,16501031.235939557
3756,0.0
3757,0.0
3758,0.0
3759,0.0
3760,0.0
3761,0.0
3762,9755523.30312597
3763,34211243.70081029
3764,0.0
3765,16501031.235939557
3766,0.0
3767,0.0
3768,59847975.7562345
3769,4645776.186764995
3770,4645776.186764995
3771,0.0
3772,16622579.30751163
3773,32333891.193607368
3774,26846378.968738623
3775,0.0
3776,0.0
3777,0.0
3778,23370628.204177715
3779,0.0
3780,20968669.81911593
3781,6498766.752669321
3782,16622579.30751163
3783,0.0
3784,0.0
3785,0.0
3786,18423536.62888647
3787,0.0
3788,0.0
3789,0.0
3790,0.0
3791,0.0
3792,0.0
3793,0.0
3794,16622579.30751163
3795,15115135.719909279
3796,30316953.155058898
3797,11213146.515989961
3798,0.0
3799,0.0
3800,0.0
3801,0.0
3802,0.0
3803,0.0
3804,19659199.842981603
3805,0.0
3806,0.0
3807,30401100.575793713
3808,3036620.5354699735
3809,0.0
3810,0.0
3811,0.0
3812,0.0
3813,86460194.62986708
3814,0.0
3815,43158276.15635735
3816,18423536.62888647
3817,0.0
3818,0.0
3819,18763324.314525187
3820,0.0
3821,0.0
3822,0.0
3823,0.0
3824,0.0
3825,32466936.468661055
3826,0.0
3827,0.0
3828,6498766.752669321
3829,0.0
3830,34890560.58752416
3831,33538672.34879575
3832,0.0
3833,16622579.30751163
3834,0.0
3835,0.0
3836,168784996.46742472
3837,0.0
3838,0.0
3839,33538672.34879575
3840,0.0
3841,0.0
3842,29776377.64121276
3843,0.0
3844,0.0
3845,0.0
3846,20440629.531703576
3847,0.0
3848,0.0
3849,21262844.187122777
3850,42973615.2417376
3851,0.0
3852,0.0
3853,28843668.042418197
3854,0.0
3855,0.0
3856,0.0
3857,57263261.54462395
3858,0.0
3859,0.0
3860,0.0
3861,18763324.314525187
3862,26163876.41131799
3863,0.0
3864,0.0
3865,0.0
3866,0.0
3867,11193934.056726035
3868,0.0
3869,17439482.571577534
3870,44077563.46742418
3871,0.0
3872,0.0
3873,0.0
3874,13189289.29646699
3875,0.0
3876,0.0
3877,0.0
3878,15199283.140644098
3879,0.0
3880,78449983.7091952
3881,0.0
3882,41785070.05324162
3883,15817893.367368415
3884,48390953.22494993
3885,0.0
3886,0.0
3887,16501031.235939557
3888,0.0
3889,0.0
3890,18763324.314525187
3891,0.0
3892,26256554.539065525
3893,0.0
3894,0.0
3895,0.0
3896,4645776.186764995
3897,0.0
3898,77780264.33517675
3899,0.0
3900,25546864.17395713
3901,16127236.27299897
3902,42931857.61337787
3903,0.0
3904,0.0
3905,0.0
3906,0.0
3907,0.0
3908,0.0
3909,0.0
3910,0.0
3911,28347754.56895323
3912,0.0
3913,15201817.435149617
3914,0.0
3915,38833852.94161292
3916,0.0
3917,8083054.654213435
3918,0.0
3919,0.0
3920,0.0
3921,6498766.752669321
3922,11013053.326687574
3923,0.0
3924,6498766.752669321
3925,11013053.326687574
3926,25918120.13744542
3927,13189289.29646699
3928,0.0
3929,0.0
3930,0.0
3931,15345518.185576417
3932,0.0
3933,9755523.30312597
3934,25522537.225790966
3935,18423536.62888647
3936,11013053.326687574
3937,0.0
3938,0.0
3939,0.0
3940,0.0
3941,0.0
3942,23170737.17747267
3943,40977202.146775395
3944,17134608.052963268
3945,0.0
3946,11013053.326687574
3947,0.0
3948,0.0
3949,0.0
3950,0.0
3951,0.0
3952,17134608.052963268
3953,0.0
3954,0.0
3955,0.0
3956,0.0
3957,13189289.29646699
3958,65071441.17473275
3959,0.0
3960,0.0
3961,0.0
3962,0.0
3963,0.0
3964,0.0
3965,0.0
3966,0.0
3967,0.0
3968,0.0
3969,69033410.36492763
3970,31810248.937155545
3971,37051789.265119106
3972,0.0
3973,0.0
3974,25262091.067194507
3975,0.0
3976,0.0
3977,16127236.27299897
3978,18763324.314525187
3979,0.0
3980,0.0
3981,0.0
3982,0.0
3983,0.0
3984,0.0
3985,0.0
3986,38999236.11141677
3987,37460646.8206038
3988,70624582.05467534
3989,15115135.719909279
3990,0.0
3991,0.0
3992,23409100.50129018
3993,0.0
3994,31824396.742661245
3995,0.0
3996,0.0
3997,0.0
3998,15115135.719909279
3999,101635265.35409826
4000,0.0
4001,0.0
4002,0.0
4003,0.0
4004,115956679.5073129
4005,0.0
4006,76118196.46089499
4007,0.0
4008,78256717.77061321
4009,0.0
4010,33622819.769530565
4011,0.0
4012,0.0
4013,3036620.5354699735
4014,0.0
4015,0.0
4016,34108842.5001016
4017,0.0
4018,0.0
4019,0.0
4020,0.0
4021,18423536.62888647
4022,18784004.1223801
4023,15199283.140644098
4024,0.0
4025,24774381.521613844
4026,0.0
4027,0.0
4028,0.0
4029,0.0
4030,16127236.27299897
4031,0.0
4032,0.0
4033,0.0
4034,15817893.367368415
4035,0.0
4036,0.0
4037,49829251.672027156
4038,0.0
4039,0.0
4040,34339609.19327896
4041,0.0
4042,0.0
4043,0.0
4044,0.0
4045,0.0
4046,16127236.27299897
4047,0.0
4048,4645776.186764995
4049,13189289.29646699
4050,118220823.51520857
4051,0.0
4052,8083054.654213435
4053,0.0
4054,0.0
4055,0.0
4056,9755523.30312597
4057,0.0
4058,0.0
4059,0.0
4060,0.0
4061,0.0
4062,0.0
4063,4645776.186764995
4064,0.0
4065,122086335.98329262
4066,4645776.186764995
4067,40173511.933997124
4068,0.0
4069,16127236.27299897
4070,23021745.738716427
4071,28338700.334501542
4072,0.0
4073,16127236.27299897
4074,0.0
4075,0.0
4076,0.0
4077,31329053.708148587
4078,15201817.435149617
4079,13189289.29646699
4080,0.0
4081,0.0
4082,0.0
4083,13189289.29646699
4084,0.0
4085,6498766.752669321
4086,0.0
4087,0.0
4088,0.0
4089,0.0
4090,17761304.385951
4091,0.0
4092,0.0
4093,0.0
4094,0.0
4095,0.0
4096,26403375.422182374
4097,0.0
4098,11013053.326687574
4099,15817893.367368415
4100,0.0
4101,114924250.71696252
4102,0.0
4103,0.0
4104,0.0
4105,0.0
4106,0.0
4107,34848802.95916443
4108,0.0
4109,115576181.67222725
4110,0.0
4111,26214870.761837192
4112,35046115.9363981
4113,0.0
4114,0.0
4115,0.0
4116,0.0
4117,0.0
4118,0.0
4119,0.0
4120,30449105.89154289
4121,0.0
4122,0.0
4123,15201817.435149617
4124,14938691.084502991
4125,15199283.140644098
4126,14249767.051459935
4127,28484811.150489114
4128,0.0
4129,0.0
4130,0.0
4131,0.0
4132,0.0
4133,0.0
4134,113217758.01351358
4135,18423536.62888647
4136,12728830.840978429
4137,0.0
4138,0.0
4139,0.0
4140,38397452.24008605
4141,0.0
4142,15201817.435149617
4143,11013053.326687574
4144,15817893.367368415
4145,18423536.62888647
4146,15715617.058896836
4147,13189289.29646699
4148,0.0
4149,34402282.65566099
4150,0.0
4151,0.0
4152,0.0
4153,0.0
4154,19760911.906674273
4155,11213146.515989961
4156,0.0
4157,0.0
4158,16501031.235939557
4159,0.0
4160,0.0
4161,0.0
4162,0.0
4163,0.0
4164,66669259.68604985
4165,0.0
4166,29624619.61901267
4167,18763324.314525187
4168,0.0
4169,0.0
4170,0.0
4171,13189289.29646699
4172,18423536.62888647
4173,0.0
4174,0.0
4175,24652652.896542758
4176,0.0
4177,21613902.4725786
4178,0.0
4179,0.0
4180,0.0
4181,22626003.025668293
4182,33362227.71338946
4183,0.0
4184,18226223.6516528
4185,0.0
4186,0.0
4187,0.0
4188,0.0
4189,0.0
4190,0.0
4191,8083054.654213435
4192,0.0
4193,0.0
4194,55986200.42268874
4195,0.0
4196,32699995.470453992
4197,0.0
4198,0.0
4199,44646083.89065013
4200,0.0
4201,0.0
4202,0.0
4203,0.0
4204,8083054.654213435
4205,43398030.31410848
4206,0.0
4207,0.0
4208,0.0
4209,0.0
4210,0.0
4211,25882759.57612494
4212,16501031.235939557
4213,0.0
4214,16622579.30751163
4215,18763324.314525187
4216,0.0
4217,0.0
4218,8083054.654213435
4219,15115135.719909279
4220,0.0
4221,0.0
4222,0.0
4223,18423536.62888647
4224,0.0
4225,16622579.30751163
4226,0.0
4227,33622819.769530565
4228,15201817.435149617
4229,0.0
4230,0.0
4231,0.0
4232,0.0
4233,0.0
4234,0.0
4235,18763324.314525187
4236,6548157.86996104
4237,0.0
4238,0.0
4239,8083054.654213435
4240,0.0
4241,27296265.961993136
4242,16622579.30751163
4243,0.0
4244,0.0
4245,153689431.18343875
4246,0.0
4247,0.0
4248,30819810.82289522
4249,12357574.877490142
4250,19737447.16642803
4251,11213146.515989961
4252,28175468.244858555
4253,0.0
4254,0.0
4255,0.0
4256,4645776.186764995
4257,64470262.10118073
4258,0.0
4259,16127236.27299897
4260,0.0
4261,64226280.66406996
4262,0.0
4263,15199283.140644098
4264,42834915.7748433
4265,27826671.589049906
4266,0.0
4267,0.0
4268,36979667.38037236
4269,104337725.31985836
4270,11213146.515989961
4271,0.0
4272,21541564.964799237
4273,183296666.15955305
4274,0.0
4275,0.0
4276,0.0
4277,15345518.185576417
4278,16622579.30751163
4279,29316525.569465958
4280,0.0
4281,0.0
4282,0.0
4283,11204092.281538276
4284,0.0
4285,107805005.96728736
4286,0.0
4287,47566958.593441516
4288,0.0
4289,0.0
4290,0.0
4291,0.0
4292,47891192.504834674
4293,0.0
4294,0.0
4295,0.0
4296,0.0
4297,0.0
4298,0.0
4299,0.0
4300,0.0
4301,13189289.29646699
4302,0.0
4303,0.0
4304,17711913.268659282
4305,0.0
4306,18763324.314525187
4307,0.0
4308,0.0
4309,18856341.630159464
4310,0.0
4311,15199283.140644098
4312,0.0
4313,18423536.62888647
4314,0.0
4315,6498766.752669321
4316,6426429.244889958
4317,20959615.584664248
4318,0.0
4319,50048086.09980853
4320,0.0
4321,6426429.244889958
4322,0.0
4323,0.0
4324,15199283.140644098
4325,0.0
4326,0.0
4327,0.0
4328,0.0
4329,42235649.54166566
4330,0.0
4331,37095906.092114896
4332,13189289.29646699
4333,0.0
4334,0.0
4335,0.0
4336,16622579.30751163
4337,21541564.964799237
4338,0.0
4339,0.0
4340,0.0
4341,0.0
4342,0.0
4343,0.0
4344,0.0
4345,0.0
4346,0.0
4347,0.0
4348,22999797.988608878
4349,46265210.49814606
4350,0.0
4351,8083054.654213435
4352,0.0
4353,0.0
4354,0.0
4355,12357574.877490142
4356,0.0
4357,66344133.783963546
4358,0.0
4359,0.0
4360,11204092.281538276
4361,15345518.185576417
4362,23682765.92292431
4363,6548157.86996104
4364,0.0
4365,0.0
4366,46181063.07741124
4367,24202342.623154566
4368,0.0
4369,59206586.7535539
4370,0.0
4371,35962881.016068615
4372,0.0
4373,0.0
4374,0.0
4375,3036620.5354699735
4376,0.0
4377,0.0
4378,0.0
4379,11204092.281538276
4380,8083054.654213435
4381,13189289.29646699
4382,0.0
4383,19163856.808468945
4384,0.0
4385,29696957.126792036
4386,0.0
4387,3036620.5354699735
4388,0.0
4389,0.0
4390,0.0
4391,73731933.03275353
4392,20440629.531703576
4393,0.0
4394,0.0
4395,11013053.326687574
4396,0.0
4397,0.0
4398,0.0
4399,0.0
4400,0.0
4401,0.0
4402,16501031.235939557
4403,0.0
4404,50011477.41627019
4405,0.0
4406,0.0
4407,0.0
4408,0.0
4409,0.0
4410,25882759.57612494
4411,17134608.052963268
4412,26846378.968738623
4413,0.0
4414,0.0
4415,13189289.29646699
4416,0.0
4417,0.0
4418,0.0
4419,15199283.140644098
4420,0.0
4421,6426429.244889958
4422,9289187.814006878
4423,0.0
4424,4645776.186764995
4425,6548157.86996104
4426,0.0
4427,16501031.235939557
4428,13189289.29646699
4429,15345518.185576417
4430,14938691.084502991
4431,0.0
4432,28206813.48461822
4433,0.0
4434,33962607.45516928
4435,0.0
4436,0.0
4437,0.0
4438,13189289.29646699
4439,35738043.7310097
4440,16622579.30751163
4441,0.0
4442,0.0
4443,13189289.29646699
4444,0.0
4445,0.0
4446,85833704.99495131
4447,0.0
4448,15199283.140644098
4449,34890560.58752416
4450,0.0
4451,0.0
4452,13189289.29646699
4453,0.0
4454,0.0
4455,0.0
4456,0.0
4457,80749743.02668498
4458,4645776.186764995
4459,4645776.186764995
4460,13189289.29646699
4461,0.0
4462,0.0
4463,0.0
4464,0.0
4465,0.0
4466,0.0
4467,65660283.97487005
4468,0.0
4469,0.0
4470,0.0
4471,0.0
4472,13189289.29646699
4473,0.0
4474,9289187.814006878
4475,0.0
4476,0.0
4477,0.0
4478,0.0
4479,0.0
4480,44332157.00277424
4481,0.0
4482,0.0
4483,13189289.29646699
4484,9463049.780359931
4485,0.0
4486,0.0
4487,8083054.654213435
4488,3036620.5354699735
4489,0.0
4490,18226223.6516528
4491,15817893.367368415
4492,0.0
4493,0.0
4494,32777269.041842397
4495,17003351.064255137
4496,96847100.12657882
4497,0.0
4498,0.0
4499,4645776.186764995
4500,0.0
4501,17134608.052963268
4502,0.0
4503,0.0
4504,0.0
4505,0.0
4506,0.0
4507,15858922.702754956
4508,0.0
4509,159892782.30856562
4510,0.0
4511,0.0
4512,0.0
4513,17134608.052963268
4514,29636683.144876428
4515,0.0
4516,8083054.654213435
4517,0.0
4518,17134608.052963268
4519,15817893.367368415
4520,0.0
4521,0.0
4522,0.0
4523,0.0
4524,50712274.936749846
4525,16254290.055795291
4526,0.0
4527,0.0
4528,0.0
4529,0.0
4530,0.0
4531,0.0
4532,11013053.326687574
4533,63648468.760293245
4534,0.0
4535,101445121.11606595
4536,0.0
4537,0.0
4538,0.0
4539,0.0
4540,128569712.47978656
4541,0.0
4542,0.0
4543,6548157.86996104
4544,24922303.38155579
4545,0.0
4546,0.0
4547,0.0
4548,0.0
4549,0.0
4550,123520508.185276
4551,0.0
4552,0.0
4553,18905732.747451182
4554,16622579.30751163
4555,18423536.62888647
4556,0.0
4557,16501031.235939557
4558,20463669.554133408
4559,0.0
4560,0.0
4561,0.0
4562,8083054.654213435
4563,0.0
4564,0.0
4565,0.0
4566,0.0
4567,0.0
4568,0.0
4569,15115135.719909279
4570,18226223.6516528
4571,0.0
4572,0.0
4573,30060433.911697738
4574,12357574.877490142
4575,0.0
4576,21844284.938245736
4577,0.0
4578,0.0
4579,0.0
4580,8083054.654213435
4581,0.0
4582,8083054.654213435
4583,0.0
4584,8083054.654213435
4585,0.0
4586,0.0
4587,0.0
4588,0.0
4589,0.0
4590,14938691.084502991
4591,0.0
4592,34282459.33164142
4593,33341359.37156208
4594,0.0
4595,0.0
4596,0.0
4597,0.0
4598,0.0
4599,15817893.367368415
4600,53310394.83334905
4601,136220143.82183322
4602,6548157.86996104
4603,0.0
4604,0.0
4605,0.0
4606,0.0
4607,18226223.6516528
4608,16622579.30751163
4609,11204092.281538276
4610,0.0
4611,13189289.29646699
4612,0.0
4613,17134608.052963268
4614,0.0
4615,93772362.18959853
4616,72316144.81558385
4617,0.0
4618,11213146.515989961
4619,0.0
4620,18763324.314525187
4621,0.0
4622,0.0
4623,132313766.69824904
4624,0.0
4625,15345518.185576417
4626,33123610.543451186
4627,0.0
4628,0.0
4629,0.0
4630,18423536.62888647
4631,0.0
4632,11013053.326687574
4633,0.0
4634,19096107.98090101
4635,16501031.235939557
4636,0.0
4637,0.0
4638,32812998.176682733
4639,0.0
4640,0.0
4641,0.0
4642,18226223.6516528
4643,66759585.30952873
4644,0.0
4645,0.0
4646,50876828.00481508
4647,18226223.6516528
4648,0.0
4649,34581217.6818936
4650,29316525.569465958
4651,6548157.86996104
4652,0.0
4653,0.0
4654,16127236.27299897
4655,0.0
4656,35067005.487612195
4657,11013053.326687574
4658,52922042.90126468
4659,0.0
4660,0.0
4661,0.0
4662,0.0
4663,0.0
4664,3036620.5354699735
4665,59911838.18050416
4666,13189289.29646699
4667,0.0
4668,26318958.330327503
4669,4645776.186764995
4670,0.0
4671,0.0
4672,0.0
4673,0.0
4674,0.0
4675,0.0
4676,0.0
4677,0.0
4678,42625879.252041034
4679,0.0
4680,15201817.435149617
4681,0.0
4682,13189289.29646699
4683,26214870.761837192
4684,29436589.955574043
4685,45619419.20345238
4686,0.0
4687,0.0
4688,0.0
4689,26549610.467114694
4690,131546830.02447414
4691,16501031.235939557
4692,16127236.27299897
4693,16127236.27299897
4694,0.0
4695,30053826.804412268
4696,16501031.235939557
4697,0.0
4698,15115135.719909279
4699,0.0
4700,0.0
4701,11013053.326687574
4702,0.0
4703,0.0
4704,0.0
4705,0.0
4706,0.0
4707,0.0
4708,0.0
4709,0.0
4710,75495466.79230992
4711,0.0
4712,0.0
4713,0.0
4714,13189289.29646699
4715,16622579.30751163
4716,0.0
4717,0.0
4718,0.0
4719,6548157.86996104
4720,15201817.435149617
4721,0.0
4722,0.0
4723,0.0
4724,0.0
4725,0.0
4726,0.0
4727,0.0
4728,0.0
4729,0.0
4730,0.0
4731,0.0
4732,0.0
4733,16622579.30751163
4734,0.0
4735,12357574.877490142
4736,0.0
4737,0.0
4738,0.0
4739,113942259.13627994
4740,0.0
4741,20463669.554133408
4742,0.0
4743,11013053.326687574
4744,0.0
4745,0.0
4746,0.0
4747,23900948.02158185
4748,0.0
4749,0.0
4750,66166939.85773427
4751,0.0
4752,8083054.654213435
4753,8083054.654213435
4754,0.0
4755,51849043.42118336
4756,0.0
4757,0.0
4758,28175468.244858555
4759,0.0
4760,0.0
4761,0.0
4762,0.0
4763,18763324.314525187
4764,0.0
4765,16622579.30751163
4766,0.0
4767,0.0
4768,47915719.55933987
4769,0.0
4770,0.0
4771,0.0
4772,0.0
4773,0.0
4774,0.0
4775,16501031.235939557
4776,4645776.186764995
4777,0.0
4778,6498766.752669321
4779,33164914.736155793
4780,0.0
4781,0.0
4782,0.0
4783,0.0
4784,16501031.235939557
4785,28484811.150489114
4786,0.0
4787,0.0
4788,0.0
4789,11013053.326687574
4790,14938691.084502991
4791,8083054.654213435
4792,0.0
4793,0.0
4794,0.0
4795,0.0
4796,50444840.60734676
4797,8083054.654213435
4798,0.0
4799,0.0
4800,58143467.23666383
4801,0.0
4802,0.0
4803,0.0
4804,17835065.483231984
4805,0.0
4806,0.0
4807,0.0
4808,0.0
4809,54023066.97506582
4810,53263101.831242025
4811,0.0
4812,33702015.39902818
4813,0.0
4814,11072205.431654952
4815,0.0
4816,16127236.27299897
4817,0.0
4818,16622579.30751163
4819,12357574.877490142
4820,0.0
4821,0.0
4822,0.0
4823,18763324.314525187
4824,0.0
4825,37810690.92292079
4826,0.0
4827,161535535.10256535
4828,0.0
4829,0.0
4830,15199283.140644098
4831,0.0
4832,0.0
4833,0.0
4834,0.0
4835,0.0
4836,9289187.814006878
4837,0.0
4838,13189289.29646699
4839,0.0
4840,0.0
4841,28179059.93201244
4842,0.0
4843,17761304.385951
4844,54464702.05402038
4845,0.0
4846,75779245.56701757
4847,6498766.752669321
4848,219471994.38050157
4849,0.0
4850,4645776.186764995
4851,8083054.654213435
4852,15201817.435149617
4853,0.0
4854,0.0
4855,0.0
4856,0.0
4857,60954736.310285866
4858,0.0
4859,27635632.634199202
4860,18423536.62888647
4861,0.0
4862,0.0
4863,0.0
4864,0.0
4865,11013053.326687574
4866,16622579.30751163
4867,8083054.654213435
4868,0.0
4869,23633374.80563259
4870,0.0
4871,12357574.877490142
4872,0.0
4873,3036620.5354699735
4874,0.0
4875,0.0
4876,46444189.428057864
4877,19096107.98090101
4878,41241801.42499906
4879,6548157.86996104
4880,0.0
4881,8083054.654213435
4882,28127980.38096998
4883,0.0
4884,15201817.435149617
4885,33878460.03443447
4886,40977202.146775395
4887,15345518.185576417
4888,0.0
4889,0.0
4890,0.0
4891,0.0
4892,0.0
4893,0.0
4894,0.0
4895,11013053.326687574
4896,0.0
4897,0.0
4898,0.0
4899,17134608.052963268
4900,34848802.95916443
4901,0.0
4902,0.0
4903,0.0
4904,0.0
4905,13189289.29646699
4906,9755523.30312597
4907,0.0
4908,4645776.186764995
4909,0.0
4910,0.0
4911,0.0
4912,33625354.064036086
4913,0.0
4914,0.0
4915,16622579.30751163
4916,0.0
4917,15199283.140644098
4918,0.0
4919,12728830.840978429
4920,60211427.43956769
4921,0.0
4922,0.0
4923,0.0
4924,50089843.72816825
4925,0.0
4926,0.0
4927,0.0
4928,6498766.752669321
4929,0.0
4930,0.0
4931,18763324.314525187
4932,8083054.654213435
4933,0.0
4934,45110414.00006212
4935,0.0
4936,0.0
4937,26403375.422182374
4938,15201817.435149617
4939,0.0
4940,0.0
4941,0.0
4942,34858482.9836257
4943,0.0
4944,0.0
4945,0.0
4946,0.0
4947,0.0
4948,76147845.89461908
4949,0.0
4950,0.0
4951,9755523.30312597
4952,0.0
4953,30636720.172102362
4954,0.0
4955,24774381.521613844
4956,0.0
4957,16622579.30751163
4958,0.0
4959,0.0
4960,0.0
4961,11013053.326687574
4962,0.0
4963,0.0
4964,0.0
4965,93025967.65738933
4966,0.0
4967,66178006.10214092
4968,0.0
4969,22316660.120037735
4970,89349519.79433846
4971,0.0
4972,0.0
4973,11013053.326687574
4974,0.0
4975,76453995.81649643
4976,0.0
4977,0.0
4978,18763324.314525187
4979,38331858.052884564
4980,0.0
4981,0.0
4982,0.0
4983,0.0
4984,0.0
4985,12357574.877490142
4986,0.0
4987,8083054.654213435
4988,8083054.654213435
4989,16501031.235939557
4990,0.0
4991,11213146.515989961
4992,0.0
4993,0.0
4994,0.0
4995,0.0
4996,0.0
4997,0.0
4998,0.0
4999,0.0
5000,46530648.66802907
5001,0.0
5002,0.0
5003,0.0
5004,0.0
5005,0.0
5006,0.0
5007,0.0
5008,0.0
5009,6548157.86996104
5010,0.0
5011,0.0
5012,36160231.07892116
5013,26465193.375259824
5014,0.0
5015,64393086.28587222
5016,0.0
5017,0.0
5018,28858606.1134297
5019,0.0
5020,32073299.13746626
5021,17838577.957339406
5022,0.0
5023,21698049.89331342
5024,0.0
5025,0.0
5026,0.0
5027,0.0
5028,32480126.238539685
5029,49043706.97259827
5030,8083054.654213435
5031,0.0
5032,0.0
5033,0.0
5034,16127236.27299897
5035,0.0
5036,47684773.60731448
5037,0.0
5038,40119899.70719026
5039,0.0
5040,0.0
5041,0.0
5042,0.0
5043,15837345.683967918
5044,55582153.53368403
5045,0.0
5046,0.0
5047,0.0
5048,48202694.48216795
5049,0.0
5050,23409100.50129018
5051,170646302.66773975
5052,16622579.30751163
5053,0.0
5054,4645776.186764995
5055,0.0
5056,16127236.27299897
5057,0.0
5058,0.0
5059,0.0
5060,0.0
5061,0.0
5062,0.0
5063,0.0
5064,4645776.186764995
5065,26151837.600492954
5066,6498766.752669321
5067,0.0
5068,0.0
5069,0.0
5070,0.0
5071,36989547.966177985
5072,0.0
5073,15201817.435149617
5074,18423536.62888647
5075,9755523.30312597
5076,0.0
5077,0.0
5078,0.0
5079,0.0
5080,31952613.61099218
5081,125208642.12242524
5082,0.0
5083,0.0
5084,26414963.951139577
5085,0.0
5086,0.0
5087,0.0
5088,0.0
5089,0.0
5090,4645776.186764995
5091,38499728.38235622
5092,0.0
5093,0.0
5094,0.0
5095,24333832.235901304
5096,13189289.29646699
5097,0.0
5098,70272380.26671924
5099,0.0
5100,8083054.654213435
5101,4645776.186764995
5102,18423536.62888647
5103,38760320.43849733
5104,0.0
5105,0.0
5106,0.0
5107,0.0
5108,0.0
5109,0.0
5110,4645776.186764995
5111,0.0
5112,0.0
5113,0.0
5114,0.0
5115,4645776.186764995
5116,33538672.34879575
5117,0.0
5118,6548157.86996104
5119,0.0
5120,24774381.521613844
5121,0.0
5122,75833201.33428723
5123,15201817.435149617
5124,18423536.62888647
5125,11013053.326687574
5126,31824396.742661245
5127,0.0
5128,0.0
5129,0.0
5130,16127236.27299897
5131,9289187.814006878
5132,0.0
5133,0.0
5134,0.0
5135,0.0
5136,6498766.752669321
5137,0.0
5138,0.0
5139,0.0
5140,12357574.877490142
5141,18763324.314525187
5142,0.0
5143,0.0
5144,18423536.62888647
5145,0.0
5146,0.0
5147,0.0
5148,0.0
5149,0.0
5150,80174138.61477752
5151,0.0
5152,36598389.79775717
5153,38073817.273567416
5154,15201817.435149617
5155,167547556.39473033
5156,66792519.83760527
5157,16127236.27299897
5158,0.0
5159,0.0
5160,0.0
5161,0.0
5162,0.0
5163,0.0
5164,0.0
5165,35385489.78530153
5166,0.0
5167,0.0
5168,0.0
5169,0.0
5170,11013053.326687574
5171,0.0
5172,0.0
5173,0.0
5174,0.0
5175,12357574.877490142
5176,0.0
5177,0.0
5178,0.0
5179,0.0
5180,0.0
5181,15345518.185576417
5182,0.0
5183,149672169.6949375
5184,0.0
5185,0.0
5186,0.0
5187,16622579.30751163
5188,0.0
5189,0.0
5190,0.0
5191,11213146.515989961
5192,36590905.82713238
5193,65665456.126258455
5194,67846670.32228944
5195,0.0
5196,0.0
5197,0.0
5198,0.0
5199,35665706.22323033
5200,0.0
5201,101956079.15837239
5202,18423536.62888647
5203,6498766.752669321
5204,0.0
5205,0.0
5206,0.0
5207,0.0
5208,0.0
5209,12357574.877490142
5210,0.0
5211,0.0
5212,166545734.31363997
5213,0.0
5214,0.0
5215,0.0
5216,0.0
5217,0.0
5218,3036620.5354699735
5219,11013053.326687574
5220,45093282.428246334
5221,0.0
5222,0.0
5223,0.0
5224,0.0
5225,0.0
5226,0.0
5227,0.0
5228,18763324.314525187
5229,0.0
5230,18763324.314525187
5231,0.0
5232,0.0
5233,0.0
5234,0.0
5235,108956928.42276563
5236,86395318.34119268
5237,0.0
5238,44732814.9347527
5239,18763324.314525187
5240,29636683.144876428
5241,0.0
5242,0.0
5243,0.0
5244,24584085.89015299
5245,0.0
5246,65546441.064950064
5247,6498766.752669321
5248,3036620.5354699735
5249,0.0
5250,16622579.30751163
5251,16622579.30751163
5252,19163856.808468945
5253,27981746.95477877
5254,0.0
5255,0.0
5256,0.0
5257,0.0
5258,112003547.42497385
5259,0.0
5260,0.0
5261,0.0
5262,14631212.524174474
5263,15345518.185576417
5264,0.0
5265,0.0
5266,0.0
5267,60114260.71611001
5268,37710683.56463818
5269,65022586.76691324
5270,44486466.3895739
5271,0.0
5272,0.0
5273,0.0
5274,29776377.64121276
5275,0.0
5276,6498766.752669321
5277,0.0
5278,36601984.674373314
5279,0.0
5280,0.0
5281,0.0
5282,0.0
5283,68579297.94490647
5284,0.0
5285,0.0
5286,0.0
5287,0.0
5288,0.0
5289,0.0
5290,0.0
5291,22999797.988608878
5292,23477250.067173548
5293,18763324.314525187
5294,102653754.69646144
5295,12728830.840978429
5296,0.0
5297,94485722.74377295
5298,50747559.78822202
5299,38414831.00122788
5300,8083054.654213435
5301,6498766.752669321
5302,0.0
5303,16501031.235939557
5304,0.0
5305,0.0
5306,15787954.5666762
5307,17561211.196648613
5308,0.0
5309,0.0
5310,6498766.752669321
5311,8083054.654213435
5312,17134608.052963268
5313,0.0
5314,0.0
5315,60237031.54669846
5316,25573416.670494385
5317,0.0
5318,27021985.648906693
5319,0.0
5320,0.0
5321,15201817.435149617
5322,16127236.27299897
5323,0.0
5324,17838577.957339406
5325,0.0
5326,0.0
5327,0.0
5328,0.0
5329,0.0
5330,0.0
5331,0.0
5332,29439370.167642765
5333,16501031.235939557
5334,0.0
5335,0.0
5336,0.0
5337,0.0
5338,24227878.898509867
5339,49832071.58569741
5340,0.0
5341,58955805.37744301
5342,0.0
5343,0.0
5344,0.0
5345,16127236.27299897
5346,0.0
5347,0.0
5348,0.0
5349,0.0
5350,0.0
5351,0.0
5352,0.0
5353,0.0
5354,45850520.41385844
5355,31824396.742661245
5356,0.0
5357,62410439.71261141
5358,0.0
5359,18423536.62888647
5360,0.0
5361,0.0
5362,0.0
5363,0.0
5364,0.0
5365,0.0
5366,0.0
5367,59379785.49799299
5368,74053376.45439443
5369,91251316.71538581
5370,13189289.29646699
5371,0.0
5372,0.0
5373,0.0
5374,34353459.92465177
5375,9289187.814006878
5376,38397452.24008605
5377,0.0
5378,39325426.64712168
5379,0.0
5380,0.0
5381,0.0
5382,0.0
5383,0.0
5384,0.0
5385,42715901.99777675
5386,8083054.654213435
5387,15115135.719909279
5388,0.0
5389,0.0
5390,0.0
5391,0.0
5392,0.0
5393,9535387.288139295
5394,0.0
5395,16127236.27299897
5396,84070604.17219216
5397,0.0
5398,0.0
5399,0.0
5400,19296201.170203395
5401,0.0
5402,17003351.064255137
5403,8083054.654213435
5404,0.0
5405,11213146.515989961
5406,12974587.114850998
5407,0.0
5408,11213146.515989961
5409,31846549.42151597
5410,0.0
5411,0.0
5412,99046004.20994583
5413,4645776.186764995
5414,0.0
5415,4645776.186764995
5416,0.0
5417,0.0
5418,0.0
5419,0.0
5420,0.0
5421,0.0
5422,18763324.314525187
5423,0.0
5424,15345518.185576417
5425,0.0
5426,0.0
5427,4645776.186764995
5428,0.0
5429,42879133.84657715
5430,0.0
5431,0.0
5432,0.0
5433,0.0
5434,16127236.27299897
5435,0.0
5436,4645776.186764995
5437,15345518.185576417
5438,15817893.367368415
5439,0.0
5440,54151098.40035875
5441,0.0
5442,0.0
5443,8083054.654213435
5444,0.0
5445,0.0
5446,0.0
5447,0.0
5448,0.0
5449,18423536.62888647
5450,88347129.54505815
5451,0.0
5452,0.0
5453,4645776.186764995
5454,15115135.719909279
5455,0.0
5456,18238437.97061959
5457,0.0
5458,21437457.837172315
5459,29627628.910424747
5460,41544882.689067416
5461,0.0
5462,26328282.23589924
5463,0.0
5464,12357574.877490142
5465,0.0
5466,0.0
5467,45563826.22857301
5468,0.0
5469,0.0
5470,0.0
5471,0.0
5472,0.0
5473,16622579.30751163
5474,3036620.5354699735
5475,6426429.244889958
5476,0.0
5477,0.0
5478,67825938.04744905
5479,0.0
5480,48959004.79562452
5481,203790276.74199095
5482,0.0
5483,45937621.1915136
5484,15201817.435149617
5485,0.0
5486,0.0
5487,36564403.47003705
5488,0.0
5489,0.0
5490,6548157.86996104
5491,11144542.939434316
5492,0.0
5493,26142783.366041265
5494,0.0
5495,0.0
5496,0.0
5497,72846016.1503473
5498,0.0
5499,38422524.15750679
5500,16622579.30751163
5501,0.0
5502,23409100.50129018
5503,0.0
5504,0.0
5505,0.0
5506,0.0
5507,40607609.25277092
5508,0.0
5509,8083054.654213435
5510,0.0
5511,0.0
5512,0.0
5513,0.0
5514,0.0
5515,0.0
5516,21272343.950680424
5517,0.0
5518,0.0
5519,0.0
5520,0.0
5521,60609535.89449687
5522,0.0
5523,0.0
5524,0.0
5525,0.0
5526,0.0
5527,0.0
5528,51349834.19510399
5529,0.0
5530,0.0
5531,0.0
5532,15115135.719909279
5533,18235903.67611407
5534,35935356.70824336
5535,44115288.69084166
5536,0.0
5537,9755523.30312597
5538,0.0
5539,0.0
5540,47191620.31914207
5541,0.0
5542,46727961.64526274
5543,4645776.186764995
5544,0.0
5545,0.0
5546,39889517.241523124
5547,0.0
5548,28179059.93201244
5549,0.0
5550,20968669.81911593
5551,0.0
5552,0.0
5553,0.0
5554,8083054.654213435
5555,23049008.552401587
5556,0.0
5557,0.0
5558,9289187.814006878
5559,44886327.030847445
5560,0.0
5561,0.0
5562,0.0
5563,18763324.314525187
5564,72280497.74685726
5565,15201817.435149617
5566,64841730.80627917
5567,23021745.738716427
5568,0.0
5569,0.0
5570,0.0
5571,16622579.30751163
5572,66703587.08495154
5573,8083054.654213435
5574,0.0
5575,24652652.896542758
5576,69310951.10615969
5577,0.0
5578,0.0
5579,0.0
5580,0.0
5581,0.0
5582,77735089.55636044
5583,72933157.0529447
5584,0.0
5585,16622579.30751163
5586,12357574.877490142
5587,18226223.6516528
5588,0.0
5589,4645776.186764995
5590,77769817.8787767
5591,85276572.60683727
5592,0.0
5593,0.0
5594,26212336.46733167
5595,6498766.752669321
5596,14938691.084502991
5597,26846378.968738623
5598,0.0
5599,0.0
5600,0.0
5601,16622579.30751163
5602,0.0
5603,0.0
5604,32952501.420331683
5605,18763324.314525187
5606,15345518.185576417
5607,4645776.186764995
5608,16127236.27299897
5609,0.0
5610,15115135.719909279
5611,0.0
5612,0.0
5613,0.0
5614,0.0
5615,0.0
5616,41806625.069594175
5617,18226223.6516528
5618,42342107.03483616
5619,0.0
5620,32480126.238539685
5621,0.0
5622,0.0
5623,95138653.1467427
5624,0.0
5625,0.0
5626,71568401.95602551
5627,0.0
5628,0.0
5629,0.0
5630,33571741.83722922
5631,0.0
5632,0.0
5633,0.0
5634,32353146.10493593
5635,6498766.752669321
5636,0.0
5637,0.0
5638,25546864.17395713
5639,0.0
5640,78445599.55954275
5641,0.0
5642,36160231.07892116
5643,0.0
5644,0.0
5645,0.0
5646,13189289.29646699
5647,0.0
5648,18763324.314525187
5649,0.0
5650,0.0
5651,0.0
5652,0.0
5653,0.0
5654,0.0
5655,0.0
5656,0.0
5657,0.0
5658,16225909.831936963
5659,16622579.30751163
5660,0.0
5661,0.0
5662,17134608.052963268
5663,37186860.943411656
5664,17752250.151499316
5665,0.0
5666,0.0
5667,8083054.654213435
5668,16622579.30751163
5669,15115135.719909279
5670,0.0
5671,0.0
5672,0.0
5673,90395527.69788556
5674,50795436.26258403
5675,0.0
5676,0.0
5677,4645776.186764995
5678,32628267.50893853
5679,0.0
5680,0.0
5681,0.0
5682,0.0
5683,0.0
5684,15345518.185576417
5685,0.0
5686,33878460.03443447
5687,0.0
5688,28347754.56895323
5689,0.0
5690,0.0
5691,24849965.87377643
5692,0.0
5693,26846378.968738623
5694,16622579.30751163
5695,0.0
5696,0.0
5697,0.0
5698,0.0
5699,0.0
5700,74684799.25613353
5701,0.0
5702,0.0
5703,0.0
5704,33817732.04184659
5705,0.0
5706,18763324.314525187
5707,0.0
5708,24849965.87377643
5709,0.0
5710,0.0
5711,0.0
5712,26549610.467114694
5713,0.0
5714,0.0
5715,0.0
5716,18423536.62888647
5717,0.0
5718,13189289.29646699
5719,0.0
5720,0.0
5721,0.0
5722,17134608.052963268
5723,0.0
5724,16501031.235939557
5725,32993530.755718224
5726,4645776.186764995
5727,0.0
5728,15345518.185576417
5729,0.0
5730,0.0
5731,0.0
5732,36492325.608280964
5733,16622579.30751163
5734,0.0
5735,0.0
5736,0.0
5737,0.0
5738,0.0
5739,15199283.140644098
5740,16127236.27299897
5741,20463669.554133408
5742,0.0
5743,0.0
5744,0.0
5745,0.0
5746,0.0
5747,8083054.654213435
5748,9289187.814006878
5749,23170737.17747267
5750,15199283.140644098
5751,0.0
5752,0.0
5753,16127236.27299897
5754,12357574.877490142
5755,30140508.51965261
5756,15345518.185576417
5757,6498766.752669321
5758,0.0
5759,0.0
5760,17134608.052963268
5761,16622579.30751163
5762,6498766.752669321
5763,6548157.86996104
5764,0.0
5765,0.0
5766,22417238.797528237
5767,0.0
5768,56078239.930290915
5769,38666853.18335638
5770,0.0
5771,0.0
5772,0.0
5773,0.0
5774,0.0
5775,0.0
5776,0.0
5777,0.0
5778,17134608.052963268
5779,0.0
5780,63100036.10968458
5781,0.0
5782,4645776.186764995
5783,0.0
5784,0.0
5785,0.0
5786,0.0
5787,0.0
5788,137353995.43946528
5789,0.0
5790,16127236.27299897
5791,0.0
5792,13189289.29646699
5793,0.0
5794,0.0
5795,0.0
5796,0.0
5797,16127236.27299897
5798,0.0
5799,0.0
5800,0.0
5801,0.0
5802,0.0
5803,83250002.51277381
5804,0.0
5805,0.0
5806,20959615.584664248
5807,0.0
5808,0.0
5809,0.0
5810,0.0
5811,57238286.53516158
5812,0.0
5813,12357574.877490142
5814,0.0
5815,51178725.071984485
5816,122256594.15579833
5817,0.0
5818,0.0
5819,12357574.877490142
5820,0.0
5821,0.0
5822,12357574.877490142
5823,0.0
5824,0.0
5825,16622579.30751163
5826,0.0
5827,0.0
5828,0.0
5829,15345518.185576417
5830,0.0
5831,0.0
5832,0.0
5833,0.0
5834,0.0
5835,0.0
5836,0.0
5837,0.0
5838,0.0
5839,0.0
5840,16622579.30751163
5841,0.0
5842,0.0
5843,6548157.86996104
5844,15658829.513452569
5845,16501031.235939557
5846,0.0
5847,18763324.314525187
5848,0.0
5849,11204092.281538276
5850,0.0
5851,0.0
5852,0.0
5853,0.0
5854,57003658.76814027
5855,13189289.29646699
5856,0.0
5857,33538672.34879575
5858,0.0
5859,0.0
5860,0.0
5861,0.0
5862,0.0
5863,0.0
5864,15201817.435149617
5865,4645776.186764995
5866,0.0
5867,29436589.955574043
5868,0.0
5869,12357574.877490142
5870,0.0
5871,11013053.326687574
5872,0.0
5873,0.0
5874,0.0
5875,0.0
5876,0.0
5877,77562624.3157374
5878,0.0
5879,0.0
5880,15201817.435149617
5881,0.0
5882,13189289.29646699
5883,14938691.084502991
5884,6426429.244889958
5885,0.0
5886,0.0
5887,0.0
5888,0.0
5889,8083054.654213435
5890,15817893.367368415
5891,22113098.18061611
5892,0.0
5893,0.0
5894,0.0
5895,0.0
5896,0.0
5897,17511820.079356894
5898,0.0
5899,0.0
5900,0.0
5901,6498766.752669321
5902,17134608.052963268
5903,0.0
5904,0.0
5905,0.0
5906,0.0
5907,0.0
5908,0.0
5909,17134608.052963268
5910,11013053.326687574
5911,16501031.235939557
5912,50708453.954892576
5913,0.0
5914,0.0
5915,0.0
5916,0.0
5917,0.0
5918,0.0
5919,0.0
5920,13189289.29646699
5921,28338700.334501542
5922,0.0
5923,35969641.063459836
5924,0.0
5925,13189289.29646699
5926,0.0
5927,0.0
5928,0.0
5929,0.0
5930,0.0
5931,22417238.797528237
5932,0.0
5933,21799944.84999516
5934,0.0
5935,23570721.393480103
5936,0.0
5937,0.0
5938,0.0
5939,47000581.36429137
5940,0.0
5941,0.0
5942,0.0
5943,11013053.326687574
5944,0.0
5945,36567865.80470255
5946,0.0
5947,0.0
5948,0.0
5949,0.0
5950,50368666.26925385
5951,0.0
5952,0.0
5953,0.0
5954,58749750.980746284
5955,0.0
5956,11013053.326687574
5957,0.0
5958,8083054.654213435
5959,0.0
5960,0.0
5961,0.0
5962,18763324.314525187
5963,3036620.5354699735
5964,0.0
5965,8083054.654213435
5966,0.0
5967,0.0
5968,54848822.82173273
5969,29492182.930453412
5970,0.0
5971,0.0
5972,0.0
5973,0.0
5974,0.0
5975,4645776.186764995
5976,0.0
5977,0.0
5978,34848802.95916443
5979,0.0
5980,62306756.039051354
5981,0.0
5982,0.0
5983,0.0
5984,6426429.244889958
5985,30401100.575793713
5986,6498766.752669321
5987,16622579.30751163
5988,34020868.46736046
5989,11013053.326687574
5990,32963121.821100615
5991,6548157.86996104
5992,0.0
5993,0.0
5994,0.0
5995,0.0
5996,0.0
5997,0.0
5998,16127236.27299897
5999,0.0
6000,4645776.186764995
6001,0.0
6002,16622579.30751163
6003,0.0
6004,4645776.186764995
6005,31700314.376583654
6006,98573499.15430412
6007,0.0
6008,0.0
6009,0.0
6010,0.0
6011,0.0
6012,18763324.314525187
6013,0.0
6014,0.0
6015,11193934.056726035
6016,42146526.07894019
6017,0.0
6018,53486810.851263374
6019,15345518.185576417
6020,0.0
6021,15817893.367368415
6022,0.0
6023,16622579.30751163
6024,36639275.27232193
6025,8083054.654213435
6026,45669415.53500667
6027,0.0
6028,0.0
6029,0.0
6030,0.0
6031,0.0
6032,17134608.052963268
6033,11013053.326687574
6034,15201817.435149617
6035,0.0
6036,11213146.515989961
6037,0.0
6038,0.0
6039,0.0
6040,0.0
6041,0.0
6042,18763324.314525187
6043,13189289.29646699
6044,0.0
6045,0.0
6046,0.0
6047,0.0
6048,0.0
6049,8083054.654213435
6050,0.0
6051,0.0
6052,11213146.515989961
6053,0.0
6054,33962607.45516928
6055,15345518.185576417
6056,34134399.38686852
6057,0.0
6058,17003351.064255137
6059,0.0
6060,0.0
6061,0.0
6062,0.0
6063,0.0
6064,16127236.27299897
6065,29248957.002801646
6066,0.0
6067,38460057.97867234
6068,0.0
6069,0.0
6070,0.0
6071,0.0
6072,0.0
6073,0.0
6074,0.0
6075,15199283.140644098
6076,0.0
6077,18763324.314525187
6078,9289187.814006878
6079,0.0
6080,0.0
6081,25546864.17395713
6082,11013053.326687574
6083,0.0
6084,0.0
6085,16622579.30751163
6086,0.0
6087,0.0
6088,0.0
6089,0.0
6090,0.0
6091,0.0
6092,0.0
6093,3036620.5354699735
6094,30987237.707320295
6095,25546864.17395713
6096,21268355.494276624
6097,30547335.620726034
6098,0.0
6099,0.0
6100,0.0
6101,0.0
6102,37090237.31804884
6103,0.0
6104,0.0
6105,52180723.98936136
6106,0.0
6107,13189289.29646699
6108,46571198.00853731
6109,59723248.33204554
6110,25882759.57612494
6111,12357574.877490142
6112,0.0
6113,13189289.29646699
6114,0.0
6115,0.0
6116,0.0
6117,0.0
6118,11013053.326687574
6119,15817893.367368415
6120,16622579.30751163
6121,0.0
6122,0.0
6123,0.0
6124,22927460.480829515
6125,15817893.367368415
6126,52467653.64790769
6127,0.0
6128,61598240.089368485
6129,31612825.92535346
6130,0.0
6131,16501031.235939557
6132,246139866.2941754
6133,9755523.30312597
6134,18423536.62888647
6135,0.0
6136,0.0
6137,0.0
6138,3036620.5354699735
6139,0.0
6140,0.0
6141,28388572.437111087
6142,0.0
6143,0.0
6144,8083054.654213435
6145,0.0
6146,15199283.140644098
6147,34495484.31084749
6148,30756584.451871406
6149,0.0
6150,22675394.142960012
6151,0.0
6152,11013053.326687574
6153,0.0
6154,100423373.79458919
6155,31952613.61099218
6156,0.0
6157,0.0
6158,0.0
6159,23069312.81565146
6160,0.0
6161,0.0
6162,13189289.29646699
6163,0.0
6164,0.0
6165,40902013.73936034
6166,35264355.55046474
6167,15115135.719909279
6168,0.0
6169,0.0
6170,26256554.539065525
6171,13189289.29646699
6172,0.0
6173,0.0
6174,22478477.110473868
6175,0.0
6176,64192078.864805646
6177,11013053.326687574
6178,63873972.41603753
6179,16127236.27299897
6180,0.0
6181,0.0
6182,0.0
6183,19688056.04913631
6184,0.0
6185,0.0
6186,0.0
6187,0.0
6188,0.0
6189,9755523.30312597
6190,0.0
6191,0.0
6192,0.0
6193,12357574.877490142
6194,84188447.17906481
6195,0.0
6196,0.0
6197,0.0
6198,0.0
6199,40918934.8560708
6200,53139537.49600188
6201,0.0
6202,0.0
6203,11213146.515989961
6204,26846378.968738623
6205,0.0
6206,16501031.235939557
6207,0.0
6208,0.0
6209,0.0
6210,74042299.91185689
6211,24694214.38762896
6212,0.0
6213,0.0
6214,0.0
6215,15817893.367368415
6216,0.0
6217,0.0
6218,0.0
6219,0.0
6220,52265026.27436482
6221,0.0
6222,0.0
6223,0.0
6224,0.0
6225,15115135.719909279
6226,0.0
6227,0.0
6228,0.0
6229,0.0
6230,0.0
6231,0.0
6232,0.0
6233,0.0
6234,0.0
6235,34550772.901885435
6236,85141512.89192846
6237,0.0
6238,62195821.089481436
6239,0.0
6240,60049149.93100623
6241,36992280.87707344
6242,11013053.326687574
6243,17134608.052963268
6244,0.0
6245,121073220.48527789
6246,0.0
6247,36989547.966177985
6248,31846549.42151597
6249,12357574.877490142
6250,0.0
6251,0.0
6252,16622579.30751163
6253,0.0
6254,30756584.451871406
6255,0.0
6256,0.0
6257,13189289.29646699
6258,0.0
6259,0.0
6260,9289187.814006878
6261,4645776.186764995
6262,0.0
6263,16622579.30751163
6264,0.0
6265,0.0
6266,6426429.244889958
6267,0.0
6268,19688056.04913631
6269,0.0
6270,0.0
6271,4645776.186764995
6272,0.0
6273,0.0
6274,0.0
6275,0.0
6276,42666829.37438111
6277,0.0
6278,3036620.5354699735
6279,76293152.72978617
6280,17134608.052963268
6281,0.0
6282,75792715.92624831
6283,0.0
6284,0.0
6285,0.0
6286,46569066.07305281
6287,0.0
6288,100536593.23530036
6289,16622579.30751163
6290,51404874.43323578
6291,0.0
6292,15201817.435149617
6293,0.0
6294,31472754.458575387
6295,0.0
6296,0.0
6297,16622579.30751163
6298,4645776.186764995
6299,16501031.235939557
6300,51173352.20939706
6301,17702859.034207597
6302,0.0
6303,0.0
6304,54501368.04553488
6305,8083054.654213435
6306,0.0
6307,0.0
6308,0.0
6309,0.0
6310,0.0
6311,15201817.435149617
6312,0.0
6313,33261844.325962238
6314,15199283.140644098
6315,0.0
6316,9755523.30312597
6317,0.0
6318,0.0
6319,12728830.840978429
6320,0.0
6321,0.0
6322,0.0
6323,0.0
6324,0.0
6325,0.0
6326,0.0
6327,18763324.314525187
6328,0.0
6329,0.0
6330,0.0
6331,0.0
6332,0.0
6333,9755523.30312597
6334,34108842.5001016
6335,0.0
6336,0.0
6337,0.0
6338,17134608.052963268
6339,0.0
6340,0.0
6341,16501031.235939557
6342,0.0
6343,100823026.27303207
6344,0.0
6345,0.0
6346,0.0
6347,28534807.482043408
6348,0.0
6349,0.0
6350,11013053.326687574
6351,0.0
6352,0.0
6353,15115135.719909279
6354,0.0
6355,15817893.367368415
6356,18763324.314525187
6357,0.0
6358,0.0
6359,0.0
6360,13189289.29646699
6361,0.0
6362,0.0
6363,0.0
6364,0.0
6365,0.0
6366,0.0
6367,25217662.707176704
6368,15201817.435149617
6369,25951744.411190566
6370,0.0
6371,0.0
6372,13189289.29646699
6373,0.0
6374,0.0
6375,0.0
6376,13189289.29646699
6377,0.0
6378,0.0
6379,28175468.244858555
6380,0.0
6381,26846378.968738623
6382,0.0
6383,0.0
6384,0.0
6385,0.0
6386,0.0
6387,0.0
6388,0.0
6389,0.0
6390,0.0
6391,15201817.435149617
6392,0.0
6393,3036620.5354699735
6394,12357574.877490142
6395,0.0
6396,0.0
6397,0.0
6398,0.0
6399,0.0
6400,0.0
6401,11013053.326687574
6402,0.0
6403,0.0
6404,0.0
6405,0.0
6406,0.0
6407,0.0
6408,0.0
6409,0.0
6410,0.0
6411,11213146.515989961
6412,0.0
6413,0.0
6414,0.0
6415,54348265.15235949
6416,0.0
6417,0.0
6418,0.0
6419,0.0
6420,36649760.280539274
6421,8083054.654213435
6422,16622579.30751163
6423,0.0
6424,11213146.515989961
6425,0.0
6426,0.0
6427,57784692.67553024
6428,0.0
6429,0.0
6430,43973741.833338976
6431,0.0
6432,50012289.43810435
6433,0.0
6434,0.0
6435,0.0
6436,11013053.326687574
6437,17134608.052963268
6438,0.0
6439,56055127.41433142
6440,4645776.186764995
6441,15345518.185576417
6442,150465264.6292225
6443,0.0
6444,0.0
6445,15115135.719909279
6446,0.0
6447,0.0
6448,0.0
6449,0.0
6450,40688552.390403666
6451,0.0
6452,0.0
6453,44733898.91756597
6454,40452423.49433033
6455,0.0
6456,8083054.654213435
6457,73290439.17689227
6458,4645776.186764995
6459,0.0
6460,0.0
6461,0.0
6462,31612825.92535346
6463,0.0
6464,0.0
6465,6498766.752669321
6466,0.0
6467,0.0
6468,27835725.82350159
6469,55543390.30483192
6470,34890560.58752416
6471,0.0
6472,0.0
6473,0.0
6474,0.0
6475,12357574.877490142
6476,0.0
6477,0.0
6478,0.0
6479,16127236.27299897
6480,0.0
6481,0.0
6482,0.0
6483,0.0
6484,0.0
6485,15199283.140644098
6486,0.0
6487,15199283.140644098
6488,0.0
6489,0.0
6490,24584085.89015299
6491,0.0
6492,0.0
6493,0.0
6494,0.0
6495,0.0
6496,0.0
6497,12357574.877490142
6498,25189753.559415147
6499,0.0
6500,0.0
6501,0.0
6502,0.0
6503,3036620.5354699735
6504,54262293.95594974
6505,6426429.244889958
6506,6548157.86996104
6507,0.0
6508,95725115.23518103
6509,0.0
6510,107450290.49662262
6511,3036620.5354699735
6512,0.0
6513,0.0
6514,15199283.140644098
6515,0.0
6516,48202954.36140369
6517,0.0
6518,4645776.186764995
6519,11213146.515989961
6520,0.0
6521,0.0
6522,18856341.630159464
6523,0.0
6524,50986717.988945514
6525,0.0
6526,0.0
6527,0.0
6528,205030466.7354668
6529,0.0
6530,37186860.943411656
6531,0.0
6532,16622579.30751163
6533,0.0
6534,112974188.53154193
6535,0.0
6536,0.0
6537,13189289.29646699
6538,0.0
6539,0.0
6540,46878633.505272985
6541,65820898.712081224
6542,13189289.29646699
6543,0.0
6544,0.0
6545,0.0
6546,65187908.79307806
6547,0.0
6548,16127236.27299897
6549,0.0
6550,14249767.051459935
6551,31472754.458575387
6552,0.0
6553,0.0
6554,0.0
6555,0.0
6556,0.0
6557,16127236.27299897
6558,0.0
6559,16127236.27299897
6560,15115135.719909279
6561,0.0
6562,0.0
6563,0.0
6564,0.0
6565,0.0
6566,0.0
6567,0.0
6568,0.0
6569,0.0
6570,0.0
6571,0.0
6572,15345518.185576417
6573,63480706.97459526
6574,18423536.62888647
6575,29776377.64121276
6576,0.0
6577,0.0
6578,42339572.740330644
6579,0.0
6580,0.0
6581,29811868.60397862
6582,18763324.314525187
6583,0.0
6584,0.0
6585,29443579.35226228
6586,0.0
6587,0.0
6588,0.0
6589,8083054.654213435
6590,0.0
6591,0.0
6592,15201817.435149617
6593,0.0
6594,64637378.26299153
6595,0.0
6596,0.0
6597,49347122.84366813
6598,0.0
6599,0.0
6600,29436589.955574043
6601,0.0
6602,16622579.30751163
6603,40513299.61963584
6604,8083054.654213435
6605,12357574.877490142
6606,32952501.420331683
6607,0.0
6608,0.0
6609,0.0
6610,0.0
6611,0.0
6612,0.0
6613,0.0
6614,0.0
6615,0.0
6616,0.0
6617,15817893.367368415
6618,0.0
6619,3036620.5354699735
6620,0.0
6621,29568079.56832078
6622,0.0
6623,0.0
6624,0.0
6625,0.0
6626,8083054.654213435
6627,0.0
6628,0.0
6629,0.0
6630,0.0
6631,0.0
6632,0.0
6633,0.0
6634,16127236.27299897
6635,0.0
6636,0.0
6637,0.0
6638,0.0
6639,18423536.62888647
6640,0.0
6641,54030064.7228817
6642,15201817.435149617
6643,0.0
6644,35738043.7310097
6645,15201817.435149617
6646,16622579.30751163
6647,115400461.24535573
6648,75033641.17622393
6649,25262091.067194507
6650,13189289.29646699
6651,18226223.6516528
6652,0.0
6653,0.0
6654,0.0
6655,61806552.74137623
6656,0.0
6657,17835065.483231984
6658,0.0
6659,82970022.32141218
6660,28392442.808206774
6661,15817893.367368415
6662,0.0
6663,120866811.62775126
6664,37186860.943411656
6665,0.0
6666,0.0
6667,0.0
6668,0.0
6669,13189289.29646699
6670,11213146.515989961
6671,0.0
6672,0.0
6673,0.0
6674,0.0
6675,52858680.243750006
6676,0.0
6677,18763324.314525187
6678,0.0
6679,0.0
6680,0.0
6681,21799944.84999516
6682,4645776.186764995
6683,0.0
6684,4645776.186764995
6685,0.0
6686,6498766.752669321
6687,0.0
6688,0.0
6689,18423536.62888647
6690,61826170.78673295
6691,0.0
6692,0.0
6693,0.0
6694,0.0
6695,139577229.2888636
6696,0.0
6697,11213146.515989961
6698,0.0
6699,15201817.435149617
6700,0.0
6701,34924567.86482602
6702,23121346.06018095
6703,0.0
6704,0.0
6705,17134608.052963268
6706,0.0
6707,0.0
6708,0.0
6709,16127236.27299897
6710,3036620.5354699735
6711,15201817.435149617
6712,0.0
6713,18423536.62888647
6714,0.0
6715,0.0
6716,0.0
6717,18226223.6516528
6718,14938691.084502991
6719,18226223.6516528
6720,0.0
6721,0.0
6722,0.0
6723,50314202.93397546
6724,0.0
6725,59820497.45801194
6726,0.0
6727,0.0
6728,0.0
6729,6498766.752669321
6730,26256554.539065525
6731,22626003.025668293
6732,0.0
6733,0.0
6734,0.0
6735,0.0
6736,0.0
6737,130434583.41852877
6738,0.0
6739,15817893.367368415
6740,0.0
6741,50854491.16059133
6742,0.0
6743,0.0
6744,0.0
6745,0.0
6746,6498766.752669321
6747,0.0
6748,0.0
6749,0.0
6750,0.0
6751,0.0
6752,0.0
6753,0.0
6754,29239276.978340376
6755,0.0
6756,0.0
6757,0.0
6758,21262844.187122777
6759,0.0
6760,0.0
6761,0.0
6762,0.0
6763,24210290.927212406
6764,0.0
6765,0.0
6766,12357574.877490142
6767,0.0
6768,0.0
6769,0.0
6770,0.0
6771,0.0
6772,130696166.0626953
6773,44779865.36056647
6774,16127236.27299897
6775,0.0
6776,0.0
6777,18423536.62888647
6778,0.0
6779,9289187.814006878
6780,0.0
6781,0.0
6782,14938691.084502991
6783,11013053.326687574
6784,63690328.63841309
6785,0.0
6786,0.0
6787,0.0
6788,0.0
6789,0.0
6790,18905732.747451182
6791,22113098.18061611
6792,33425506.7922969
6793,0.0
6794,0.0
6795,0.0
6796,6426429.244889958
6797,11013053.326687574
6798,0.0
6799,0.0
6800,0.0
6801,0.0
6802,6426429.244889958
6803,0.0
6804,11213146.515989961
6805,0.0
6806,6426429.244889958
6807,32953713.677248687
6808,0.0
6809,0.0
6810,0.0
6811,70746735.32665288
6812,0.0
6813,22675394.142960012
6814,0.0
6815,0.0
6816,34241429.99625488
6817,17835065.483231984
6818,55261981.53561207
6819,0.0
6820,0.0
6821,17134608.052963268
6822,0.0
6823,0.0
6824,0.0
6825,0.0
6826,23282337.79485753
6827,3036620.5354699735
6828,0.0
6829,0.0
6830,0.0
6831,0.0
6832,0.0
6833,0.0
6834,102986237.97059019
6835,0.0
6836,17134608.052963268
6837,0.0
6838,15345518.185576417
6839,13189289.29646699
6840,0.0
6841,22132728.516370982
6842,0.0
6843,8083054.654213435
6844,0.0
6845,0.0
6846,6498766.752669321
6847,34457644.79074361
6848,26309278.305866238
6849,76943939.58101673
6850,18226223.6516528
6851,11213146.515989961
6852,0.0
6853,0.0
6854,4645776.186764995
6855,0.0
6856,94076708.25669731
6857,0.0
6858,16127236.27299897
6859,22871999.8384178
6860,0.0
6861,34108842.5001016
6862,0.0
6863,37883503.68409595
6864,144345547.30236527
6865,16501031.235939557
6866,0.0
6867,16127236.27299897
6868,0.0
6869,0.0
6870,41297262.59676698
6871,0.0
6872,18226223.6516528
6873,0.0
6874,6498766.752669321
6875,0.0
6876,32528803.465923384
6877,6498766.752669321
6878,0.0
6879,0.0
6880,58461281.98100427
6881,67324835.16855875
6882,8083054.654213435
6883,0.0
6884,0.0
6885,0.0
6886,15201817.435149617
6887,0.0
6888,0.0
6889,0.0
6890,36586469.99718196
6891,0.0
6892,16501031.235939557
6893,0.0
6894,18763324.314525187
6895,16622579.30751163
6896,0.0
6897,0.0
6898,0.0
6899,34581217.6818936
6900,0.0
6901,18226223.6516528
6902,0.0
6903,4645776.186764995
6904,41794164.83306418
6905,0.0
6906,0.0
6907,0.0
6908,0.0
6909,0.0
6910,0.0
6911,0.0
6912,0.0
6913,128166699.79992214
6914,0.0
6915,13189289.29646699
6916,34225838.0202547
6917,0.0
6918,33362227.71338946
6919,28388572.437111087
6920,92577106.24982111
6921,34044117.01902121
6922,0.0
6923,0.0
6924,0.0
6925,0.0
6926,49752590.33703505
6927,0.0
6928,44213755.6788329
6929,28518847.617651157
6930,0.0
6931,0.0
6932,0.0
6933,20171228.588433243
6934,61446641.34598664
6935,0.0
6936,0.0
6937,11013053.326687574
6938,0.0
6939,0.0
6940,0.0
6941,0.0
6942,0.0
6943,0.0
6944,0.0
6945,0.0
6946,0.0
6947,15817893.367368415
6948,0.0
6949,0.0
6950,0.0
6951,17630521.526428234
6952,0.0
6953,0.0
6954,18423536.62888647
6955,46061949.47515439
6956,0.0
6957,13189289.29646699
6958,0.0
6959,0.0
6960,34490193.731909364
6961,30314418.860553376
6962,9755523.30312597
6963,0.0
6964,15199283.140644098
6965,0.0
6966,15345518.185576417
6967,15115135.719909279
6968,37255351.20454073
6969,18226223.6516528
6970,33341359.37156208
6971,30544801.326220512
6972,0.0
6973,0.0
6974,0.0
6975,0.0
6976,0.0
6977,0.0
6978,6426429.244889958
6979,0.0
6980,0.0
6981,0.0
6982,11204092.281538276
6983,8083054.654213435
6984,24202342.623154566
6985,0.0
6986,11013053.326687574
6987,16501031.235939557
6988,0.0
6989,18763324.314525187
6990,75299454.51099218
6991,4645776.186764995
6992,0.0
6993,16622579.30751163
6994,8083054.654213435
6995,0.0
6996,0.0
6997,20773012.459763967
6998,0.0
6999,0.0
7000,0.0
7001,15115135.719909279
7002,0.0
7003,0.0
7004,0.0
7005,17134608.052963268
7006,8083054.654213435
7007,39373031.07435735
7008,0.0
7009,65974223.313867636
7010,0.0
7011,0.0
7012,0.0
7013,0.0
7014,0.0
7015,4645776.186764995
7016,31737715.02742091
7017,0.0
7018,0.0
7019,0.0
7020,0.0
7021,0.0
7022,0.0
7023,0.0
7024,0.0
7025,0.0
7026,0.0
7027,0.0
7028,0.0
7029,16501031.235939557
7030,0.0
7031,11213146.515989961
7032,0.0
7033,15115135.719909279
7034,0.0
7035,32528803.465923384
7036,34727254.88759236
7037,0.0
7038,0.0
7039,0.0
7040,91278739.75484286
7041,0.0
7042,0.0
7043,0.0
7044,16622579.30751163
7045,18226223.6516528
7046,65524355.4482214
7047,0.0
7048,0.0
7049,58868535.070422664
7050,28484811.150489114
7051,0.0
7052,0.0
7053,0.0
7054,0.0
7055,22366051.237329453
7056,0.0
7057,0.0
7058,21747441.010605138
7059,22316660.120037735
7060,0.0
7061,0.0
7062,0.0
7063,102844206.24007437
7064,18423536.62888647
7065,0.0
7066,0.0
7067,0.0
7068,0.0
7069,0.0
7070,43181244.009078
7071,18763324.314525187
7072,11204092.281538276
7073,13189289.29646699
7074,0.0
7075,0.0
7076,0.0
7077,0.0
7078,0.0
7079,0.0
7080,0.0
7081,18423536.62888647
7082,57205116.64286181
7083,0.0
7084,34282459.33164142
7085,0.0
7086,6548157.86996104
7087,0.0
7088,0.0
7089,0.0
7090,51552564.76435603
7091,0.0
7092,0.0
7093,0.0
7094,16127236.27299897
7095,0.0
7096,19760911.906674273
7097,0.0
7098,48471669.6928801
7099,0.0
7100,0.0
7101,34383883.69346263
7102,31120899.192015328
7103,15817893.367368415
7104,4645776.186764995
7105,9755523.30312597
7106,72386376.28646323
7107,15345518.185576417
7108,0.0
7109,0.0
7110,15115135.719909279
7111,15817893.367368415
7112,0.0
7113,0.0
7114,0.0
7115,11013053.326687574
7116,0.0
7117,15817893.367368415
7118,0.0
7119,4645776.186764995
7120,0.0
7121,0.0
7122,93317620.1499199
7123,18423536.62888647
7124,29882999.504208595
7125,4645776.186764995
7126,4645776.186764995
7127,0.0
7128,11013053.326687574
7129,80127213.52040926
7130,16127236.27299897
7131,18423536.62888647
7132,13189289.29646699
7133,0.0
7134,0.0
7135,0.0
7136,0.0
7137,0.0
7138,0.0
7139,0.0
7140,0.0
7141,0.0
7142,0.0
7143,18763324.314525187
7144,0.0
7145,12357574.877490142
7146,13189289.29646699
7147,0.0
7148,0.0
7149,0.0
7150,0.0
7151,6498766.752669321
7152,0.0
7153,0.0
7154,0.0
7155,0.0
7156,0.0
7157,0.0
7158,0.0
7159,0.0
7160,9755523.30312597
7161,0.0
7162,0.0
7163,186138108.28986466
7164,0.0
7165,17134608.052963268
7166,36116749.777296506
7167,18763324.314525187
7168,18226223.6516528
7169,0.0
7170,0.0
7171,0.0
7172,0.0
7173,4645776.186764995
7174,0.0
7175,0.0
7176,40840775.426414706
7177,0.0
7178,0.0
7179,0.0
7180,0.0
7181,0.0
7182,0.0
7183,0.0
7184,65676644.72872254
7185,0.0
7186,0.0
7187,0.0
7188,18763324.314525187
7189,0.0
7190,0.0
7191,0.0
7192,0.0
7193,0.0
7194,0.0
7195,13189289.29646699
7196,0.0
7197,15817893.367368415
7198,0.0
7199,0.0
7200,0.0
7201,6498766.752669321
7202,24971694.498847507
7203,31561270.392014623
7204,51252879.08919534
7205,0.0
7206,0.0
7207,23409100.50129018
7208,11213146.515989961
7209,0.0
7210,0.0
7211,0.0
7212,0.0
7213,0.0
7214,33878460.03443447
7215,0.0
7216,0.0
7217,0.0
7218,0.0
7219,0.0
7220,0.0
7221,0.0
7222,15817893.367368415
7223,48199914.27009923
7224,0.0
7225,0.0
7226,0.0
7227,18763324.314525187
7228,20871686.018701956
7229,0.0
7230,0.0
7231,0.0
7232,42221268.78955079
7233,0.0
7234,0.0
7235,0.0
7236,8083054.654213435
7237,0.0
7238,0.0
7239,0.0
7240,17134608.052963268
7241,0.0
7242,171150966.1839284
7243,0.0
7244,0.0
7245,6426429.244889958
7246,0.0
7247,0.0
7248,0.0
7249,0.0
7250,26414963.951139577
7251,42652868.83643251
7252,0.0
7253,0.0
7254,8083054.654213435
7255,47528898.48974595
7256,0.0
7257,36989547.966177985
7258,6426429.244889958
7259,0.0
7260,0.0
7261,28392442.808206774
7262,0.0
7263,0.0
7264,112516897.48783015
7265,18226223.6516528
7266,0.0
7267,0.0
7268,14938691.084502991
7269,9289187.814006878
7270,0.0
7271,0.0
7272,0.0
7273,28851631.28402698
7274,0.0
7275,0.0
7276,55678887.83342719
7277,0.0
7278,14581821.406882755
7279,0.0
7280,0.0
7281,28534807.482043408
7282,0.0
7283,0.0
7284,0.0
7285,0.0
7286,16127236.27299897
7287,0.0
7288,31023878.797402594
7289,17134608.052963268
7290,18423536.62888647
7291,0.0
7292,48119172.85144272
7293,0.0
7294,29439370.167642765
7295,0.0
7296,13189289.29646699
7297,0.0
7298,0.0
7299,0.0
7300,0.0
7301,21625712.385534056
7302,0.0
7303,0.0
7304,63530927.0868872
7305,0.0
7306,0.0
7307,0.0
7308,0.0
7309,0.0
7310,17134608.052963268
7311,0.0
7312,17134608.052963268
7313,0.0
7314,0.0
7315,0.0
7316,66443107.995387755
7317,0.0
7318,0.0
7319,0.0
7320,0.0
7321,0.0
7322,16127236.27299897
7323,32628267.50893853
7324,59358156.24178152
7325,8083054.654213435
7326,0.0
7327,0.0
7328,13189289.29646699
7329,18226223.6516528
7330,26549610.467114694
7331,0.0
7332,0.0
7333,0.0
7334,0.0
7335,0.0
7336,32755321.29173485
7337,64403735.61153727
7338,0.0
7339,0.0
7340,0.0
7341,0.0
7342,15115135.719909279
7343,0.0
7344,0.0
7345,0.0
7346,0.0
7347,0.0
7348,0.0
7349,0.0
7350,0.0
7351,0.0
7352,46760553.53265872
7353,0.0
7354,0.0
7355,0.0
7356,0.0
7357,48199914.27009923
7358,0.0
7359,0.0
7360,13189289.29646699
7361,13189289.29646699
7362,52488559.27354336
7363,0.0
7364,11213146.515989961
7365,16127236.27299897
7366,16127236.27299897
7367,0.0
7368,0.0
7369,0.0
7370,0.0
7371,6426429.244889958
7372,40031679.80880181
7373,0.0
7374,0.0
7375,30773965.233361848
7376,0.0
7377,106960477.63040048
7378,0.0
7379,16501031.235939557
7380,13189289.29646699
7381,0.0
7382,18763324.314525187
7383,0.0
7384,0.0
7385,0.0
7386,0.0
7387,0.0
7388,0.0
7389,0.0
7390,0.0
7391,0.0
7392,0.0
7393,0.0
7394,0.0
7395,0.0
7396,0.0
7397,63350540.95277437
7398,0.0
7399,0.0
7400,0.0
7401,31472754.458575387
7402,0.0
7403,6426429.244889958
7404,4645776.186764995
7405,24870659.02303525
7406,13189289.29646699
7407,38605713.38347284
7408,0.0
7409,17134608.052963268
7410,0.0
7411,0.0
7412,17134608.052963268
7413,143004764.0685941
7414,0.0
7415,38762854.73300284
7416,0.0
7417,16622579.30751163
7418,0.0
7419,0.0
7420,0.0
7421,8083054.654213435
7422,0.0
7423,0.0
7424,0.0
7425,6498766.752669321
7426,16501031.235939557
7427,13189289.29646699
7428,0.0
7429,0.0
7430,0.0
7431,27472710.59739942
7432,15199283.140644098
7433,0.0
7434,6426429.244889958
7435,15115135.719909279
7436,0.0
7437,27515411.465659678
7438,27472710.59739942
7439,16127236.27299897
7440,16127236.27299897
7441,15201817.435149617
7442,29882999.504208595
7443,0.0
7444,16501031.235939557
7445,0.0
7446,0.0
7447,0.0
7448,31329053.708148587
7449,0.0
7450,0.0
7451,0.0
7452,0.0
7453,0.0
7454,0.0
7455,0.0
7456,0.0
7457,0.0
7458,0.0
7459,58095769.05173215
7460,16622579.30751163
7461,38534316.84571497
7462,0.0
7463,0.0
7464,0.0
7465,0.0
7466,0.0
7467,0.0
7468,0.0
7469,3036620.5354699735
7470,26506591.283099905
7471,8083054.654213435
7472,46278735.780184865
7473,8083054.654213435
7474,162530497.63338077
7475,0.0
7476,0.0
7477,0.0
7478,21844284.938245736
7479,12357574.877490142
7480,0.0
7481,0.0
7482,0.0
7483,0.0
7484,0.0
7485,0.0
7486,0.0
7487,0.0
7488,27689273.432012737
7489,0.0
7490,0.0
7491,0.0
7492,0.0
7493,0.0
7494,0.0
7495,0.0
7496,0.0
7497,0.0
7498,33261844.325962238
7499,63990649.048844144
7500,0.0
7501,0.0
7502,0.0
7503,49002260.42012371
7504,30583798.529142946
7505,4645776.186764995
7506,0.0
7507,0.0
7508,63753274.51282285
7509,16501031.235939557
7510,11013053.326687574
7511,0.0
7512,0.0
7513,11013053.326687574
7514,13189289.29646699
7515,23932923.122516707
7516,0.0
7517,0.0
7518,0.0
7519,11204092.281538276
7520,0.0
7521,25790219.049946435
7522,6498766.752669321
7523,15115135.719909279
7524,8083054.654213435
7525,0.0
7526,8083054.654213435
7527,17372242.468220312
7528,0.0
7529,0.0
7530,0.0
7531,0.0
7532,0.0
7533,9755523.30312597
7534,0.0
7535,0.0
7536,11204092.281538276
7537,16622579.30751163
7538,15817893.367368415
7539,13189289.29646699
7540,0.0
7541,15849868.46830327
7542,0.0
7543,0.0
7544,0.0
7545,0.0
7546,63117737.01277484
7547,0.0
7548,0.0
7549,18763324.314525187
7550,11213146.515989961
7551,0.0
7552,0.0
7553,16127236.27299897
7554,49627977.517217845
7555,0.0
7556,0.0
7557,25404499.500120506
7558,0.0
7559,0.0
7560,0.0
7561,13189289.29646699
7562,44179748.40153104
7563,0.0
7564,0.0
7565,8083054.654213435
7566,0.0
7567,0.0
7568,0.0
7569,54748693.28042627
7570,0.0
7571,0.0
7572,8083054.654213435
7573,4645776.186764995
7574,0.0
7575,0.0
7576,48199914.27009923
7577,0.0
7578,0.0
7579,0.0
7580,0.0
7581,0.0
7582,0.0
7583,31616166.955848835
7584,16127236.27299897
7585,0.0
7586,28391106.73161661
7587,0.0
7588,0.0
7589,0.0
7590,11204092.281538276
7591,13189289.29646699
7592,37927181.12299413
7593,0.0
7594,0.0
7595,0.0
7596,0.0
7597,0.0
7598,0.0
7599,31329053.708148587
7600,0.0
7601,0.0
7602,15115135.719909279
7603,15115135.719909279
7604,0.0
7605,33261844.325962238
7606,6426429.244889958
7607,0.0
7608,0.0
7609,15201817.435149617
7610,0.0
7611,0.0
7612,27667521.92548142
7613,0.0
7614,0.0
7615,32749815.5805106
7616,0.0
7617,27031039.883358374
7618,16501031.235939557
7619,0.0
7620,0.0
7621,13189289.29646699
7622,0.0
7623,3036620.5354699735
7624,0.0
7625,0.0
7626,0.0
7627,0.0
7628,0.0
7629,0.0
7630,0.0
7631,11204092.281538276
7632,16622579.30751163
7633,8083054.654213435
7634,0.0
7635,23121346.06018095
7636,8083054.654213435
7637,0.0
7638,0.0
7639,16622579.30751163
7640,32249743.772872545
7641,6426429.244889958
7642,37571718.02825395
7643,0.0
7644,18226223.6516528
7645,78555707.50741789
7646,0.0
7647,0.0
7648,55579716.70291698
7649,0.0
7650,0.0
7651,0.0
7652,0.0
7653,12357574.877490142
7654,11013053.326687574
7655,0.0
7656,0.0
7657,0.0
7658,16622579.30751163
7659,0.0
7660,0.0
7661,18763324.314525187
7662,0.0
7663,16501031.235939557
7664,0.0
7665,0.0
7666,11204092.281538276
7667,6498766.752669321
7668,15199283.140644098
7669,16127236.27299897
7670,0.0
7671,116923320.5240108
7672,32952501.420331683
7673,18238437.97061959
7674,16127236.27299897
7675,0.0
7676,0.0
7677,22226199.842677534
7678,0.0
7679,21272343.950680424
7680,0.0
7681,0.0
7682,33625354.064036086
7683,0.0
7684,0.0
7685,15201817.435149617
7686,0.0
7687,0.0
7688,32333891.193607368
7689,0.0
7690,0.0
7691,0.0
7692,0.0
7693,0.0
7694,0.0
7695,50162035.33840297
7696,15345518.185576417
7697,0.0
7698,0.0
7699,18226223.6516528
7700,28858606.1134297
7701,0.0
7702,0.0
7703,15817893.367368415
7704,11013053.326687574
7705,0.0
7706,0.0
7707,0.0
7708,0.0
7709,0.0
7710,0.0
7711,26506591.283099905
7712,0.0
7713,0.0
7714,33425506.7922969
7715,75427195.39702673
7716,23900948.02158185
7717,0.0
7718,27635632.634199202
7719,16622579.30751163
7720,62977981.619634084
7721,0.0
7722,0.0
7723,0.0
7724,0.0
7725,101758116.36793575
7726,0.0
7727,0.0
7728,0.0
7729,0.0
7730,0.0
7731,25262091.067194507
7732,12357574.877490142
7733,63847840.259891845
7734,0.0
7735,0.0
7736,0.0
7737,0.0
7738,6426429.244889958
7739,0.0
7740,0.0
7741,8083054.654213435
7742,41445282.36760289
7743,0.0
7744,18763324.314525187
7745,16622579.30751163
7746,27458382.337333567
7747,64149297.25021438
7748,0.0
7749,0.0
7750,8083054.654213435
7751,0.0
7752,39851936.03718685
7753,0.0
7754,0.0
7755,50400641.370188706
7756,43473498.566546395
7757,0.0
7758,28179059.93201244
7759,0.0
7760,4645776.186764995
7761,0.0
7762,93637862.60650238
7763,28980154.185001772
7764,0.0
7765,0.0
7766,0.0
7767,4645776.186764995
7768,0.0
7769,0.0
7770,15345518.185576417
7771,17711913.268659282
7772,0.0
7773,0.0
7774,16501031.235939557
7775,0.0
7776,0.0
7777,23284872.089363053
7778,31065927.35750196
7779,0.0
7780,19096107.98090101
7781,0.0
7782,0.0
7783,0.0
7784,0.0
7785,16501031.235939557
7786,0.0
7787,0.0
7788,0.0
7789,0.0
7790,0.0
7791,13189289.29646699
7792,0.0
7793,39760611.078631565
7794,0.0
7795,0.0
7796,98079909.89827995
7797,8083054.654213435
7798,0.0
7799,69487742.10287553
7800,0.0
7801,0.0
7802,0.0
7803,0.0
7804,11213146.515989961
7805,18763324.314525187
7806,0.0
7807,0.0
7808,18423536.62888647
7809,16501031.235939557
7810,0.0
7811,0.0
7812,16501031.235939557
7813,0.0
7814,6498766.752669321
7815,0.0
7816,30547335.620726034
7817,0.0
7818,15817893.367368415
7819,0.0
7820,0.0
7821,0.0
7822,0.0
7823,9289187.814006878
7824,0.0
7825,0.0
7826,0.0
7827,0.0
7828,0.0
7829,0.0
7830,9755523.30312597
7831,111342445.85958561
7832,69475550.09280373
7833,19287146.93575171
7834,16127236.27299897
7835,0.0
7836,0.0
7837,0.0
7838,0.0
7839,9755523.30312597
7840,0.0
7841,16127236.27299897
7842,11013053.326687574
7843,0.0
7844,66213690.16121618
7845,0.0
7846,0.0
7847,0.0
7848,26309278.305866238
7849,0.0
7850,0.0
7851,0.0
7852,0.0
7853,8083054.654213435
7854,0.0
7855,0.0
7856,131904929.04023007
7857,0.0
7858,0.0
7859,0.0
7860,0.0
7861,0.0
7862,17134608.052963268
7863,0.0
7864,73090209.14644405
7865,15199283.140644098
7866,0.0
7867,0.0
7868,0.0
7869,0.0
7870,0.0
7871,0.0
7872,0.0
7873,49453480.96960504
7874,0.0
7875,0.0
7876,68157452.82749444
7877,203356799.54203185
7878,0.0
7879,0.0
7880,0.0
7881,0.0
7882,33362227.71338946
7883,0.0
7884,0.0
7885,0.0
7886,0.0
7887,4645776.186764995
7888,14938691.084502991
7889,15199283.140644098
7890,0.0
7891,0.0
7892,8083054.654213435
7893,31824396.742661245
7894,0.0
7895,0.0
7896,0.0
7897,42991092.36095028
7898,16127236.27299897
7899,15345518.185576417
7900,0.0
7901,0.0
7902,0.0
7903,0.0
7904,3036620.5354699735
7905,11204092.281538276
7906,9289187.814006878
7907,0.0
7908,0.0
7909,0.0
7910,0.0
7911,15199283.140644098
7912,0.0
7913,0.0
7914,0.0
7915,0.0
7916,44358199.04809552
7917,0.0
7918,0.0
7919,0.0
7920,0.0
7921,0.0
7922,0.0
7923,19659199.842981603
7924,18423536.62888647
7925,11013053.326687574
7926,15201817.435149617
7927,76818533.9270258
7928,35046115.9363981
7929,45399344.989988685
7930,31824396.742661245
7931,0.0
7932,0.0
7933,31821862.448155727
7934,0.0
7935,0.0
7936,0.0
7937,16127236.27299897
7938,0.0
7939,0.0
7940,0.0
7941,0.0
7942,45659937.04612979
7943,0.0
7944,0.0
7945,29967416.596063465
7946,0.0
7947,0.0
7948,0.0
7949,0.0
7950,0.0
7951,15199283.140644098
7952,0.0
7953,99052650.78107704
7954,0.0
7955,31329053.708148587
7956,0.0
7957,0.0
7958,0.0
7959,20773012.459763967
7960,0.0
7961,0.0
7962,72463649.85785164
7963,3036620.5354699735
7964,0.0
7965,13189289.29646699
7966,11013053.326687574
7967,16622579.30751163
7968,16501031.235939557
7969,0.0
7970,0.0
7971,0.0
7972,117834078.10429808
7973,15345518.185576417
7974,29316525.569465958
7975,16501031.235939557
7976,13189289.29646699
7977,0.0
7978,0.0
7979,0.0
7980,0.0
7981,0.0
7982,0.0
7983,21799944.84999516
7984,30902330.72583052
7985,0.0
7986,0.0
7987,0.0
7988,70691243.24360636
7989,69955866.98626809
7990,0.0
7991,123631472.75568384
7992,11119675.189683408
7993,0.0
7994,23428572.839789852
7995,0.0
7996,0.0
7997,16622579.30751163
7998,51051804.13782499
7999,22944812.59959296
8000,13189289.29646699
8001,0.0
8002,0.0
8003,27826671.589049906
8004,0.0
8005,0.0
8006,3036620.5354699735
8007,0.0
8008,0.0
8009,3036620.5354699735
8010,0.0
8011,8083054.654213435
8012,50318763.27778614
8013,0.0
8014,0.0
8015,0.0
8016,0.0
8017,16127236.27299897
8018,38466864.245757364
8019,0.0
8020,0.0
8021,0.0
8022,0.0
8023,0.0
8024,0.0
8025,31492155.155503616
8026,6498766.752669321
8027,0.0
8028,0.0
8029,0.0
8030,0.0
8031,19615718.541356947
8032,18763324.314525187
8033,6426429.244889958
8034,0.0
8035,0.0
8036,14249767.051459935
8037,0.0
8038,0.0
8039,12728830.840978429
8040,27559392.312639758
8041,18423536.62888647
8042,0.0
8043,0.0
8044,0.0
8045,0.0
8046,0.0
8047,0.0
8048,12357574.877490142
8049,0.0
8050,0.0
8051,0.0
8052,0.0
8053,31120899.192015328
8054,0.0
8055,52447972.97221526
8056,40006607.89138107
8057,0.0
8058,0.0
8059,0.0
8060,0.0
8061,0.0
8062,0.0
8063,0.0
8064,35478920.937671095
8065,0.0
8066,0.0
8067,0.0
8068,0.0
8069,0.0
8070,47806076.95591159
8071,0.0
8072,0.0
8073,12357574.877490142
8074,0.0
8075,0.0
8076,0.0
8077,0.0
8078,0.0
8079,0.0
8080,20440629.531703576
8081,0.0
8082,50466172.98561436
8083,0.0
8084,40031679.80880181
8085,0.0
8086,39039818.105039865
8087,0.0
8088,0.0
8089,0.0
8090,17134608.052963268
8091,0.0
8092,0.0
8093,0.0
8094,0.0
8095,0.0
8096,4645776.186764995
8097,0.0
8098,16127236.27299897
8099,0.0
8100,0.0
8101,0.0
8102,0.0
8103,18784004.1223801
8104,69700286.05468702
8105,0.0
8106,0.0
8107,0.0
8108,0.0
8109,0.0
8110,37186860.943411656
8111,0.0
8112,0.0
8113,19584467.271267988
8114,6498766.752669321
8115,0.0
8116,13189289.29646699
8117,0.0
8118,67022601.86054168
8119,0.0
8120,0.0
8121,0.0
8122,0.0
8123,0.0
8124,32554618.291486815
8125,0.0
8126,0.0
8127,0.0
8128,0.0
8129,0.0
8130,13189289.29646699
8131,0.0
8132,58455216.437688276
8133,15115135.719909279
8134,0.0
8135,0.0
8136,0.0
8137,6498766.752669321
8138,0.0
8139,0.0
8140,18763324.314525187
8141,0.0
8142,0.0
8143,16127236.27299897
8144,0.0
8145,17003351.064255137
8146,0.0
8147,0.0
8148,0.0
8149,0.0
8150,0.0
8151,0.0
8152,0.0
8153,0.0
8154,0.0
8155,0.0
8156,15345518.185576417
8157,0.0
8158,0.0
8159,27698773.19557038
8160,0.0
8161,106114215.3553307
8162,0.0
8163,44638653.30828686
8164,44801639.23952407
8165,0.0
8166,0.0
8167,0.0
8168,0.0
8169,11013053.326687574
8170,17134608.052963268
8171,0.0
8172,18763324.314525187
8173,0.0
8174,16501031.235939557
8175,0.0
8176,0.0
8177,0.0
8178,0.0
8179,0.0
8180,8083054.654213435
8181,0.0
8182,0.0
8183,0.0
8184,0.0
8185,27296265.961993136
8186,0.0
8187,8083054.654213435
8188,156919312.61686784
8189,0.0
8190,0.0
8191,0.0
8192,0.0
8193,0.0
8194,20959615.584664248
8195,0.0
8196,0.0
8197,13189289.29646699
8198,0.0
8199,0.0
8200,0.0
8201,16622579.30751163
8202,12357574.877490142
8203,11204092.281538276
8204,17134608.052963268
8205,37827820.46081791
8206,0.0
8207,0.0
8208,35264355.55046474
8209,0.0
8210,29436589.955574043
8211,0.0
8212,171458038.49291393
8213,0.0
8214,99750223.54665539
8215,0.0
8216,6426429.244889958
8217,0.0
8218,0.0
8219,0.0
8220,0.0
8221,0.0
8222,0.0
8223,0.0
8224,0.0
8225,0.0
8226,6498766.752669321
8227,0.0
8228,0.0
8229,16501031.235939557
8230,70492333.7142875
8231,0.0
8232,0.0
8233,28089722.83476028
8234,56998456.47942184
8235,0.0
8236,0.0
8237,31561270.392014623
8238,0.0
8239,8083054.654213435
8240,35897932.36748846
8241,0.0
8242,0.0
8243,0.0
8244,0.0
8245,0.0
8246,0.0
8247,0.0
8248,9463049.780359931
8249,0.0
8250,0.0
8251,16501031.235939557
8252,18763324.314525187
8253,0.0
8254,0.0
8255,0.0
8256,0.0
8257,33123610.543451186
8258,19659199.842981603
8259,13189289.29646699
8260,18763324.314525187
8261,112127296.53665867
8262,0.0
8263,0.0
8264,0.0
8265,0.0
8266,0.0
8267,0.0
8268,0.0
8269,99617752.66704893
8270,0.0
8271,8083054.654213435
8272,78220434.45281962
8273,75209308.90328588
8274,0.0
8275,16127236.27299897
8276,0.0
8277,0.0
8278,0.0
8279,25262091.067194507
8280,0.0
8281,0.0
8282,0.0
8283,0.0
8284,0.0
8285,0.0
8286,0.0
8287,0.0
8288,0.0
8289,0.0
8290,17511820.079356894
8291,0.0
8292,0.0
8293,15201817.435149617
8294,0.0
8295,8083054.654213435
8296,16622579.30751163
8297,0.0
8298,120485386.1796098
8299,66457336.69076303
8300,0.0
8301,12357574.877490142
8302,16127236.27299897
8303,16127236.27299897
8304,0.0
8305,0.0
8306,31415512.94811979
8307,4645776.186764995
8308,0.0
8309,0.0
8310,12357574.877490142
8311,0.0
8312,48635888.12148529
8313,0.0
8314,0.0
8315,0.0
8316,0.0
8317,0.0
8318,0.0
8319,0.0
8320,12728830.840978429
8321,0.0
8322,18784004.1223801
8323,35558144.68184973
8324,13189289.29646699
8325,0.0
8326,0.0
8327,17561211.196648613
8328,9755523.30312597
8329,8083054.654213435
8330,0.0
8331,18763324.314525187
8332,0.0
8333,26403375.422182374
8334,15115135.719909279
8335,0.0
8336,0.0
8337,0.0
8338,0.0
8339,101854739.99329856
8340,0.0
8341,0.0
8342,0.0
8343,16127236.27299897
8344,26890131.356089238
8345,0.0
8346,0.0
8347,9755523.30312597
8348,0.0
8349,0.0
8350,18226223.6516528
8351,12357574.877490142
8352,0.0
8353,0.0
8354,6426429.244889958
8355,0.0
8356,0.0
8357,0.0
8358,0.0
8359,0.0
8360,0.0
8361,0.0
8362,0.0
8363,0.0
8364,16501031.235939557
8365,0.0
8366,18763324.314525187
8367,0.0
8368,0.0
8369,12357574.877490142
8370,0.0
8371,0.0
8372,206367175.63146836
8373,0.0
8374,0.0
8375,49441904.119135216
8376,0.0
8377,0.0
8378,0.0
8379,17134608.052963268
8380,24971694.498847507
8381,0.0
8382,0.0
8383,0.0
8384,18423536.62888647
8385,17134608.052963268
8386,15345518.185576417
8387,0.0
8388,0.0
8389,0.0
8390,0.0
8391,38994800.28146635
8392,0.0
8393,8083054.654213435
8394,15199283.140644098
8395,0.0
8396,0.0
8397,8083054.654213435
8398,0.0
8399,0.0
8400,6498766.752669321
8401,0.0
8402,41455837.67970962
8403,15817893.367368415
8404,0.0
8405,8083054.654213435
8406,0.0
8407,0.0
8408,0.0
8409,18423536.62888647
8410,0.0
8411,0.0
8412,0.0
8413,0.0
8414,0.0
8415,12357574.877490142
8416,11213146.515989961
8417,0.0
8418,13189289.29646699
8419,0.0
8420,0.0
8421,23900948.02158185
8422,0.0
8423,33965141.749674805
8424,0.0
8425,0.0
8426,0.0
8427,0.0
8428,0.0
8429,34581217.6818936
8430,0.0
8431,0.0
8432,0.0
8433,0.0
8434,13189289.29646699
8435,0.0
8436,0.0
8437,0.0
8438,0.0
8439,0.0
8440,41472725.73478706
8441,0.0
8442,0.0
8443,15201817.435149617
8444,33625354.064036086
8445,0.0
8446,36258602.11211845
8447,15115135.719909279
8448,0.0
8449,0.0
8450,0.0
8451,6498766.752669321
8452,0.0
8453,0.0
8454,0.0
8455,0.0
8456,0.0
8457,0.0
8458,0.0
8459,33873273.70415987
8460,0.0
8461,33625354.064036086
8462,16622579.30751163
8463,0.0
8464,3036620.5354699735
8465,0.0
8466,8083054.654213435
8467,0.0
8468,0.0
8469,0.0
8470,30316953.155058898
8471,0.0
8472,0.0
8473,0.0
8474,0.0
8475,0.0
8476,63480706.97459526
8477,0.0
8478,16127236.27299897
8479,88211908.65325941
8480,58934713.18261127
8481,0.0
8482,0.0
8483,16622579.30751163
8484,0.0
8485,0.0
8486,0.0
8487,18763324.314525187
8488,0.0
8489,0.0
8490,16127236.27299897
8491,14938691.084502991
8492,18423536.62888647
8493,0.0
8494,0.0
8495,40779889.16954173
8496,0.0
8497,15199283.140644098
8498,0.0
8499,0.0
8500,0.0
8501,18423536.62888647
8502,0.0
8503,28980154.185001772
8504,0.0
8505,13189289.29646699
8506,68036507.97519909
8507,0.0
8508,68046976.1790155
8509,0.0
8510,16622579.30751163
8511,0.0
8512,0.0
8513,0.0
8514,0.0
8515,0.0
8516,0.0
8517,0.0
8518,27835725.82350159
8519,41153684.13248231
8520,0.0
8521,89808822.53159526
8522,0.0
8523,0.0
8524,0.0
8525,0.0
8526,0.0
8527,6548157.86996104
8528,0.0
8529,0.0
8530,24578185.50026921
8531,0.0
8532,0.0
8533,13189289.29646699
8534,0.0
8535,12357574.877490142
8536,0.0
8537,0.0
8538,0.0
8539,0.0
8540,4645776.186764995
8541,18423536.62888647
8542,0.0
8543,0.0
8544,0.0
8545,26846378.968738623
8546,0.0
8547,0.0
8548,3036620.5354699735
8549,14509483.899103392
8550,0.0
8551,4645776.186764995
8552,33625354.064036086
8553,0.0
8554,0.0
8555,0.0
8556,11119675.189683408
8557,128524837.1245583
8558,39451268.173001006
8559,0.0
8560,0.0
8561,0.0
8562,0.0
8563,0.0
8564,18423536.62888647
8565,0.0
8566,113108034.35126503
8567,28347754.56895323
8568,0.0
8569,0.0
8570,0.0
8571,0.0
8572,0.0
8573,0.0
8574,0.0
8575,0.0
8576,0.0
8577,0.0
8578,0.0
8579,18423536.62888647
8580,0.0
8581,0.0
8582,0.0
8583,0.0
8584,16127236.27299897
8585,0.0
8586,0.0
8587,39760611.078631565
8588,4645776.186764995
8589,8083054.654213435
8590,0.0
8591,9755523.30312597
8592,0.0
8593,0.0
8594,0.0
8595,0.0
8596,0.0
8597,0.0
8598,0.0
8599,0.0
8600,0.0
8601,15199283.140644098
8602,0.0
8603,4645776.186764995
8604,16501031.235939557
8605,4645776.186764995
8606,0.0
8607,42897615.00152875
8608,27714177.751929518
8609,0.0
8610,17134608.052963268
8611,0.0
8612,0.0
8613,0.0
8614,26403375.422182374
8615,0.0
8616,0.0
8617,0.0
8618,0.0
8619,26405909.716687895
8620,0.0
8621,0.0
8622,0.0
8623,0.0
8624,0.0
8625,18763324.314525187
8626,0.0
8627,124469328.85367934
8628,0.0
8629,0.0
8630,78063560.28735562
8631,0.0
8632,4645776.186764995
8633,0.0
8634,0.0
8635,0.0
8636,15817893.367368415
8637,0.0
8638,0.0
8639,0.0
8640,31415512.94811979
8641,0.0
8642,0.0
8643,18423536.62888647
8644,11213146.515989961
8645,0.0
8646,54877419.12991515
8647,0.0
8648,16501031.235939557
8649,15201817.435149617
8650,0.0
8651,11013053.326687574
8652,0.0
8653,0.0
8654,0.0
8655,0.0
8656,0.0
8657,0.0
8658,66372794.18906901
8659,0.0
8660,46141790.71679867
8661,0.0
8662,0.0
8663,0.0
8664,34890560.58752416
8665,0.0
8666,0.0
8667,0.0
8668,0.0
8669,0.0
8670,19163856.808468945
8671,0.0
8672,6426429.244889958
8673,0.0
8674,28858606.1134297
8675,0.0
8676,0.0
8677,32626955.799266174
8678,0.0
8679,0.0
8680,0.0
8681,0.0
8682,22871999.8384178
8683,0.0
8684,0.0
8685,16622579.30751163
8686,0.0
8687,88425342.00595218
8688,0.0
8689,0.0
8690,4645776.186764995
8691,0.0
8692,13046924.622630361
8693,0.0
8694,68336862.12628761
8695,0.0
8696,0.0
8697,0.0
8698,0.0
8699,18763324.314525187
8700,0.0
8701,24705633.961725064
8702,79748449.34980203
8703,61055537.1234916
8704,36202806.88610272
8705,11204092.281538276
8706,6548157.86996104
8707,0.0
8708,48982808.10352421
8709,0.0
8710,0.0
8711,41472545.181288056
8712,0.0
8713,0.0
8714,0.0
8715,17003351.064255137
8716,0.0
8717,28347754.56895323
8718,13189289.29646699
8719,13189289.29646699
8720,0.0
8721,4645776.186764995
8722,15817893.367368415
8723,0.0
8724,0.0
8725,32952501.420331683
8726,0.0
8727,0.0
8728,0.0
8729,0.0
8730,0.0
8731,0.0
8732,0.0
8733,16622579.30751163
8734,15115135.719909279
8735,0.0
8736,0.0
8737,0.0
8738,0.0
8739,0.0
8740,0.0
8741,79180661.82051721
8742,32749815.5805106
8743,0.0
8744,0.0
8745,63073556.14750941
8746,0.0
8747,0.0
8748,13189289.29646699
8749,11013053.326687574
8750,4645776.186764995
8751,57870806.10760637
8752,49926735.86747002
8753,0.0
8754,8083054.654213435
8755,0.0
8756,79731624.69636847
8757,6498766.752669321
8758,18854513.902838387
8759,0.0
8760,0.0
8761,0.0
8762,0.0
8763,35938136.920312084
8764,16622579.30751163
8765,0.0
8766,0.0
8767,84869941.3886867
8768,3036620.5354699735
8769,0.0
8770,69698137.50032328
8771,8083054.654213435
8772,0.0
8773,11072205.431654952
8774,0.0
8775,120382416.63244869
8776,99015153.79512945
8777,0.0
8778,0.0
8779,0.0
8780,0.0
8781,0.0
8782,16127236.27299897
8783,0.0
8784,0.0
8785,0.0
8786,27981746.95477877
8787,4645776.186764995
8788,28518847.617651157
8789,0.0
8790,19096107.98090101
8791,0.0
8792,0.0
8793,0.0
8794,6548157.86996104
8795,0.0
8796,6548157.86996104
8797,45334328.57716866
8798,31472754.458575387
8799,4645776.186764995
8800,0.0
8801,0.0
8802,16622579.30751163
8803,0.0
8804,0.0
8805,0.0
8806,8083054.654213435
8807,0.0
8808,0.0
8809,15201817.435149617
8810,0.0
8811,0.0
8812,4645776.186764995
8813,132845725.64406732
8814,6426429.244889958
8815,0.0
8816,0.0
8817,0.0
8818,0.0
8819,0.0
8820,0.0
8821,28175468.244858555
8822,205736391.31414542
8823,0.0
8824,0.0
8825,0.0
8826,0.0
8827,13189289.29646699
8828,0.0
8829,0.0
8830,0.0
8831,0.0
8832,0.0
8833,0.0
8834,0.0
8835,30316953.155058898
8836,18763324.314525187
8837,0.0
8838,15817893.367368415
8839,34241429.99625488
8840,0.0
8841,0.0
8842,56248985.23397292
8843,0.0
8844,0.0
8845,0.0
8846,26128189.046596855
8847,35441025.414499834
8848,0.0
8849,0.0
8850,0.0
8851,12357574.877490142
8852,0.0
8853,0.0
8854,0.0
8855,0.0
8856,0.0
8857,38866901.91977
8858,0.0
8859,0.0
8860,0.0
8861,15817893.367368415
8862,0.0
8863,100578125.6795829
8864,0.0
8865,0.0
8866,0.0
8867,18423536.62888647
8868,0.0
8869,0.0
8870,0.0
8871,0.0
8872,16501031.235939557
8873,0.0
8874,0.0
8875,13189289.29646699
8876,0.0
8877,15817893.367368415
8878,0.0
8879,8083054.654213435
8880,16501031.235939557
8881,0.0
8882,15345518.185576417
8883,16501031.235939557
8884,0.0
8885,0.0
8886,0.0
8887,51915825.42749005
8888,0.0
8889,8083054.654213435
8890,14938691.084502991
8891,0.0
8892,0.0
8893,0.0
8894,4645776.186764995
8895,0.0
8896,24971694.498847507
8897,0.0
8898,19163856.808468945
8899,0.0
8900,213015524.7308244
8901,0.0
8902,13189289.29646699
8903,56024205.07131029
8904,17003351.064255137
8905,0.0
8906,0.0
8907,0.0
8908,0.0
8909,23633374.80563259
8910,0.0
8911,16622579.30751163
8912,0.0
8913,0.0
8914,0.0
8915,18226223.6516528
8916,0.0
8917,23932923.122516707
8918,14938691.084502991
8919,0.0
8920,43799640.32214719
8921,43076189.52542923
8922,0.0
8923,69226657.3066957
8924,4645776.186764995
8925,22217145.608225852
8926,0.0
8927,0.0
8928,50245399.07704219
8929,0.0
8930,18226223.6516528
8931,8083054.654213435
8932,0.0
8933,0.0
8934,0.0
8935,0.0
8936,0.0
8937,0.0
8938,60463248.965045355
8939,0.0
8940,29976470.830515146
8941,11204092.281538276
8942,0.0
8943,19044711.11713285
8944,13189289.29646699
8945,0.0
8946,0.0
8947,27635632.634199202
8948,6426429.244889958
8949,0.0
8950,18763324.314525187
8951,0.0
8952,0.0
8953,17134608.052963268
8954,0.0
8955,0.0
8956,15201817.435149617
8957,0.0
8958,0.0
8959,0.0
8960,0.0
8961,0.0
8962,0.0
8963,0.0
8964,15115135.719909279
8965,0.0
8966,0.0
8967,26319228.001447555
8968,0.0
8969,18763324.314525187
8970,0.0
8971,76710836.73145056
8972,0.0
8973,92649839.9183208
8974,0.0
8975,15817893.367368415
8976,0.0
8977,3036620.5354699735
8978,29007182.663835406
8979,0.0
8980,0.0
8981,12357574.877490142
8982,0.0
8983,30140508.51965261
8984,0.0
8985,0.0
8986,0.0
8987,0.0
8988,16622579.30751163
8989,0.0
8990,0.0
8991,0.0
8992,15115135.719909279
8993,0.0
8994,0.0
8995,0.0
8996,0.0
8997,0.0
8998,0.0
8999,20171228.588433243
9000,0.0
9001,91558715.44993532
9002,15817893.367368415
9003,0.0
9004,0.0
9005,15201817.435149617
9006,0.0
9007,15201817.435149617
9008,0.0
9009,0.0
9010,8083054.654213435
9011,0.0
9012,0.0
9013,0.0
9014,0.0
9015,0.0
9016,9755523.30312597
9017,16127236.27299897
9018,26412429.65663406
9019,0.0
9020,16127236.27299897
9021,0.0
9022,0.0
9023,0.0
9024,0.0
9025,34529904.824739814
9026,8083054.654213435
9027,0.0
9028,0.0
9029,0.0
9030,0.0
9031,0.0
9032,0.0
9033,0.0
9034,0.0
9035,0.0
9036,19287146.93575171
9037,17134608.052963268
9038,0.0
9039,0.0
9040,122104454.53441444
9041,0.0
9042,15199283.140644098
9043,0.0
9044,0.0
9045,0.0
9046,18423536.62888647
9047,0.0
9048,0.0
9049,30756584.451871406
9050,45653455.67061443
9051,0.0
9052,34232007.18934966
9053,15115135.719909279
9054,154488168.99080783
9055,16622579.30751163
9056,15115135.719909279
9057,0.0
9058,0.0
9059,73306626.87902099
9060,13189289.29646699
9061,34550772.901885435
9062,0.0
9063,15199283.140644098
9064,0.0
9065,0.0
9066,0.0
9067,16622579.30751163
9068,16127236.27299897
9069,13189289.29646699
9070,0.0
9071,13189289.29646699
9072,12357574.877490142
9073,0.0
9074,11213146.515989961
9075,13189289.29646699
9076,0.0
9077,6548157.86996104
9078,8083054.654213435
9079,0.0
9080,0.0
9081,0.0
9082,15201817.435149617
9083,13189289.29646699
9084,0.0
9085,0.0
9086,15115135.719909279
9087,0.0
9088,0.0
9089,16622579.30751163
9090,18226223.6516528
9091,42230323.02400247
9092,18423536.62888647
9093,0.0
9094,0.0
9095,31326519.41364307
9096,0.0
9097,82182233.42374931
9098,0.0
9099,0.0
9100,0.0
9101,0.0
9102,11013053.326687574
9103,27031039.883358374
9104,0.0
9105,0.0
9106,0.0
9107,0.0
9108,0.0
9109,0.0
9110,0.0
9111,55413084.59506446
9112,8083054.654213435
9113,0.0
9114,0.0
9115,13189289.29646699
9116,0.0
9117,0.0
9118,81224070.43623874
9119,0.0
9120,17134608.052963268
9121,13189289.29646699
9122,0.0
9123,0.0
9124,0.0
9125,0.0
9126,0.0
9127,16127236.27299897
9128,15817893.367368415
9129,17134608.052963268
9130,16127236.27299897
9131,0.0
9132,0.0
9133,0.0
9134,0.0
9135,48575192.918503806
9136,18763324.314525187
9137,0.0
9138,0.0
9139,0.0
9140,0.0
9141,0.0
9142,0.0
9143,30314418.860553376
9144,15817893.367368415
9145,19096107.98090101
9146,17134608.052963268
9147,29568079.56832078
9148,0.0
9149,134317677.04315177
9150,0.0
9151,54016974.496621385
9152,0.0
9153,18854513.902838387
9154,0.0
9155,0.0
9156,0.0
9157,0.0
9158,0.0
9159,0.0
9160,33261844.325962238
9161,0.0
9162,0.0
9163,0.0
9164,64736436.46880464
9165,0.0
9166,61509889.0930403
9167,25882759.57612494
9168,0.0
9169,0.0
9170,0.0
9171,0.0
9172,0.0
9173,0.0
9174,26309278.305866238
9175,0.0
9176,26414963.951139577
9177,26558664.701566376
9178,32829804.667072333
9179,0.0
9180,31069572.05373514
9181,0.0
9182,0.0
9183,0.0
9184,0.0
9185,41153561.84634018
9186,0.0
9187,0.0
9188,6426429.244889958
9189,0.0
9190,34649446.46082343
9191,0.0
9192,0.0
9193,12357574.877490142
9194,23170737.17747267
9195,61260986.69823529
9196,0.0
9197,90438848.63484663
9198,13189289.29646699
9199,0.0
9200,25107081.181375295
9201,0.0
9202,0.0
9203,0.0
9204,30654308.143399827
9205,0.0
9206,0.0
9207,0.0
9208,11213146.515989961
9209,0.0
9210,0.0
9211,0.0
9212,0.0
9213,0.0
9214,15345518.185576417
9215,0.0
9216,0.0
9217,0.0
9218,37903184.68277681
9219,45035838.71798296
9220,0.0
9221,0.0
9222,0.0
9223,0.0
9224,73082315.82861179
9225,4645776.186764995
9226,0.0
9227,0.0
9228,0.0
9229,0.0
9230,0.0
9231,0.0
9232,0.0
9233,0.0
9234,0.0
9235,0.0
9236,0.0
9237,22999797.988608878
9238,0.0
9239,54133584.55527173
9240,6498766.752669321
9241,0.0
9242,15201817.435149617
9243,0.0
9244,32699995.470453992
9245,0.0
9246,73393738.74472584
9247,0.0
9248,17134608.052963268
9249,0.0
9250,18226223.6516528
9251,16622579.30751163
9252,0.0
9253,38916816.72443162
9254,0.0
9255,41275412.7575534
9256,18226223.6516528
9257,0.0
9258,0.0
9259,0.0
9260,0.0
9261,0.0
9262,57853232.96254596
9263,0.0
9264,3036620.5354699735
9265,0.0
9266,0.0
9267,0.0
9268,38323163.495330565
9269,15345518.185576417
9270,16501031.235939557
9271,0.0
9272,0.0
9273,11213146.515989961
9274,0.0
9275,0.0
9276,0.0
9277,29492182.930453412
9278,0.0
9279,74723201.45456594
9280,50883461.620366015
9281,0.0
9282,34044117.01902121
9283,0.0
9284,0.0
9285,0.0
9286,31952613.61099218
9287,3036620.5354699735
9288,104867558.48656143
9289,36118530.64534038
9290,0.0
9291,155733111.1529216
9292,17134608.052963268
9293,0.0
9294,19163856.808468945
9295,0.0
9296,9289187.814006878
9297,0.0
9298,0.0
9299,0.0
9300,0.0
9301,0.0
9302,13189289.29646699
9303,16622579.30751163
9304,0.0
9305,0.0
9306,0.0
9307,0.0
9308,0.0
9309,0.0
9310,0.0
9311,0.0
9312,0.0
9313,0.0
9314,0.0
9315,52650260.507408865
9316,11204092.281538276
9317,0.0
9318,6426429.244889958
9319,0.0
9320,0.0
9321,29690320.532406546
9322,16622579.30751163
9323,0.0
9324,0.0
9325,15115135.719909279
9326,0.0
9327,0.0
9328,9289187.814006878
9329,0.0
9330,16127236.27299897
9331,0.0
9332,11213146.515989961
9333,0.0
9334,0.0
9335,12357574.877490142
9336,0.0
9337,0.0
9338,0.0
9339,0.0
9340,9289187.814006878
9341,0.0
9342,4645776.186764995
9343,0.0
9344,0.0
9345,0.0
9346,0.0
9347,32359953.938694514
9348,0.0
9349,0.0
9350,12357574.877490142
9351,13189289.29646699
9352,16127236.27299897
9353,18226223.6516528
9354,0.0
9355,6426429.244889958
9356,0.0
9357,0.0
9358,0.0
9359,0.0
9360,0.0
9361,0.0
9362,0.0
9363,0.0
9364,18226223.6516528
9365,0.0
9366,31415512.94811979
9367,0.0
9368,0.0
9369,0.0
9370,18226223.6516528
9371,0.0
9372,16501031.235939557
9373,0.0
9374,0.0
9375,0.0
9376,22484354.1441044
9377,33625354.064036086
9378,0.0
9379,35897932.36748846
9380,0.0
9381,0.0
9382,30460653.905485697
9383,17511820.079356894
9384,29007182.663835406
9385,26403375.422182374
9386,0.0
9387,34699602.99117727
9388,0.0
9389,0.0
9390,0.0
9391,14938691.084502991
9392,0.0
9393,0.0
9394,0.0
9395,11204092.281538276
9396,0.0
9397,0.0
9398,16127236.27299897
9399,40840775.426414706
9400,19688056.04913631
9401,53552719.2563206
9402,0.0
9403,0.0
9404,16501031.235939557
9405,197604171.29583827
9406,12357574.877490142
9407,0.0
9408,0.0
9409,0.0
9410,0.0
9411,0.0
9412,0.0
9413,0.0
9414,0.0
9415,0.0
9416,0.0
9417,0.0
9418,48196067.023448944
9419,0.0
9420,71664352.18677238
9421,0.0
9422,4645776.186764995
9423,12357574.877490142
9424,0.0
9425,0.0
9426,96422677.36888313
9427,14401299.489890965
9428,48945586.301071815
9429,16501031.235939557
9430,29316525.569465958
9431,16622579.30751163
9432,0.0
9433,0.0
9434,44906107.68056646
9435,0.0
9436,0.0
9437,0.0
9438,4645776.186764995
9439,0.0
9440,0.0
9441,0.0
9442,0.0
9443,20959615.584664248
9444,6426429.244889958
9445,0.0
9446,19847593.62191461
9447,45783081.66978704
9448,0.0
9449,8083054.654213435
9450,0.0
9451,11213146.515989961
9452,27703093.063066557
9453,15199283.140644098
9454,0.0
9455,0.0
9456,0.0
9457,0.0
9458,93642753.9415713
9459,0.0
9460,33757187.3604749
9461,28179059.93201244
9462,56967245.1885856
9463,18763324.314525187
9464,0.0
9465,0.0
9466,0.0
9467,0.0
9468,0.0
9469,36421754.98871498
9470,0.0
9471,0.0
9472,0.0
9473,45313667.9849757
9474,0.0
9475,4645776.186764995
9476,0.0
9477,15345518.185576417
9478,12357574.877490142
9479,0.0
9480,9289187.814006878
9481,15199283.140644098
9482,11213146.515989961
9483,0.0
9484,8083054.654213435
9485,0.0
9486,28347754.56895323
9487,0.0
9488,0.0
9489,0.0
9490,0.0
9491,0.0
9492,0.0
9493,32749815.5805106
9494,13189289.29646699
9495,0.0
9496,17711913.268659282
9497,18763324.314525187
9498,18763324.314525187
9499,0.0
9500,0.0
9501,0.0
9502,3036620.5354699735
9503,0.0
9504,0.0
9505,0.0
9506,0.0
9507,33341359.37156208
9508,0.0
9509,49282395.32569622
9510,18763324.314525187
9511,0.0
9512,0.0
9513,64396184.92324435
9514,0.0
9515,98273308.48363401
9516,37071419.60087398
9517,79033551.09260377
9518,15201817.435149617
9519,0.0
9520,135336999.7184323
9521,0.0
9522,0.0
9523,0.0
9524,0.0
9525,25573416.670494385
9526,65208777.134905435
9527,15394195.412960116
9528,0.0
9529,0.0
9530,86055065.64174302
9531,53211669.75090892
9532,33702015.39902818
9533,36639275.27232193
9534,0.0
9535,6498766.752669321
9536,8083054.654213435
9537,63904722.04982779
9538,0.0
9539,11013053.326687574
9540,0.0
9541,0.0
9542,0.0
9543,0.0
9544,0.0
9545,0.0
9546,0.0
9547,0.0
9548,73446130.12266994
9549,0.0
9550,3036620.5354699735
9551,0.0
9552,0.0
9553,35285035.358319655
9554,0.0
9555,0.0
9556,0.0
9557,0.0
9558,60623349.61968424
9559,0.0
9560,11013053.326687574
9561,0.0
9562,37522424.8218562
9563,0.0
9564,35264355.55046474
9565,0.0
9566,0.0
9567,83562589.53919658
9568,0.0
9569,0.0
9570,0.0
9571,0.0
9572,61288591.4847996
9573,0.0
9574,0.0
9575,48284829.83602947
9576,16622579.30751163
9577,0.0
9578,0.0
9579,0.0
9580,0.0
9581,0.0
9582,0.0
9583,108474314.18437383
9584,31945129.640367385
9585,21780384.239728265
9586,0.0
9587,11204092.281538276
9588,0.0
9589,0.0
9590,0.0
9591,33878460.03443447
9592,16622579.30751163
9593,61794284.56734614
9594,42708024.72345765
9595,0.0
9596,15201817.435149617
9597,21613902.4725786
9598,0.0
9599,74508224.13775527
9600,16622579.30751163
9601,0.0
9602,0.0
9603,0.0
9604,45057170.34570879
9605,0.0
9606,0.0
9607,0.0
9608,0.0
9609,0.0
9610,0.0
9611,0.0
9612,22999797.988608878
9613,48971448.557343185
9614,0.0
9615,0.0
9616,131104017.22884405
9617,0.0
9618,26412429.65663406
9619,0.0
9620,17134608.052963268
9621,0.0
9622,0.0
9623,8083054.654213435
9624,0.0
9625,0.0
9626,16622579.30751163
9627,11213146.515989961
9628,0.0
9629,0.0
9630,0.0
9631,28388572.437111087
9632,0.0
9633,6498766.752669321
9634,0.0
9635,0.0
9636,0.0
9637,0.0
9638,0.0
9639,0.0
9640,27556858.01813424
9641,0.0
9642,75831964.83875263
9643,78351846.41032037
9644,13189289.29646699
9645,0.0
9646,0.0
9647,0.0
9648,22398026.33826431
9649,0.0
9650,0.0
9651,0.0
9652,8083054.654213435
9653,27703093.063066557
9654,0.0
9655,0.0
9656,38544475.07052721
9657,15201817.435149617
9658,0.0
9659,0.0
9660,35360831.70461607
9661,0.0
9662,6498766.752669321
9663,0.0
9664,0.0
9665,62213858.99741644
9666,0.0
9667,0.0
9668,0.0
9669,0.0
9670,16501031.235939557
9671,0.0
9672,0.0
9673,0.0
9674,0.0
9675,0.0
9676,0.0
9677,0.0
9678,0.0
9679,0.0
9680,12357574.877490142
9681,8083054.654213435
9682,13189289.29646699
9683,0.0
9684,0.0
9685,0.0
9686,6498766.752669321
9687,0.0
9688,0.0
9689,0.0
9690,16622579.30751163
9691,0.0
9692,0.0
9693,0.0
9694,0.0
9695,27556858.01813424
9696,0.0
9697,18763324.314525187
9698,13189289.29646699
9699,0.0
9700,0.0
9701,0.0
9702,0.0
9703,0.0
9704,0.0
9705,0.0
9706,27635632.634199202
9707,0.0
9708,0.0
9709,0.0
9710,0.0
9711,43277391.41900454
9712,0.0
9713,0.0
9714,0.0
9715,0.0
9716,0.0
9717,29776377.64121276
9718,0.0
9719,0.0
9720,4645776.186764995
9721,0.0
9722,0.0
9723,60765889.581285834
9724,9755523.30312597
9725,0.0
9726,9755523.30312597
9727,0.0
9728,0.0
9729,0.0
9730,45522489.61364594
9731,15817893.367368415
9732,0.0
9733,0.0
9734,33873273.70415987
9735,0.0
9736,0.0
9737,0.0
9738,0.0
9739,18763324.314525187
9740,0.0
9741,13189289.29646699
9742,22157596.26612189
9743,0.0
9744,4645776.186764995
9745,0.0
9746,0.0
9747,41994258.02236657
9748,27514084.56262713
9749,37200394.47825181
9750,13189289.29646699
9751,0.0
9752,0.0
9753,0.0
9754,6498766.752669321
9755,0.0
9756,0.0
9757,0.0
9758,0.0
9759,0.0
9760,11213146.515989961
9761,0.0
9762,15201817.435149617
9763,0.0
9764,0.0
9765,0.0
9766,0.0
9767,0.0
9768,0.0
9769,28388572.437111087
9770,0.0
9771,0.0
9772,0.0
9773,18763324.314525187
9774,6498766.752669321
9775,0.0
9776,0.0
9777,0.0
9778,21749975.305110656
9779,0.0
9780,0.0
9781,15115135.719909279
9782,0.0
9783,16127236.27299897
9784,29811868.60397862
9785,0.0
9786,23282337.79485753
9787,0.0
9788,0.0
9789,6548157.86996104
9790,0.0
9791,0.0
9792,0.0
9793,0.0
9794,0.0
9795,13189289.29646699
9796,0.0
9797,0.0
9798,0.0
9799,0.0
9800,0.0
9801,0.0
9802,0.0
9803,0.0
9804,0.0
9805,0.0
9806,0.0
9807,0.0
9808,0.0
9809,8083054.654213435
9810,15201817.435149617
9811,0.0
9812,8083054.654213435
9813,35385903.622036815
9814,0.0
9815,0.0
9816,0.0
9817,0.0
9818,0.0
9819,0.0
9820,46433037.13627103
9821,39760611.078631565
9822,40543708.55425345
9823,0.0
9824,0.0
9825,33438289.22605028
9826,0.0
9827,0.0
9828,0.0
9829,6426429.244889958
9830,0.0
9831,0.0
9832,9755523.30312597
9833,16127236.27299897
9834,15345518.185576417
9835,29627628.910424747
9836,0.0
9837,0.0
9838,0.0
9839,0.0
9840,0.0
9841,19847593.62191461
9842,29475618.350790553
9843,0.0
9844,18226223.6516528
9845,0.0
9846,0.0
9847,0.0
9848,18763324.314525187
9849,13189289.29646699
9850,32749815.5805106
9851,0.0
9852,18763324.314525187
9853,0.0
9854,69432757.4696339
9855,0.0
9856,15345518.185576417
9857,0.0
9858,0.0
9859,0.0
9860,13189289.29646699
9861,8083054.654213435
9862,16622579.30751163
9863,0.0
9864,0.0
9865,0.0
9866,0.0
9867,0.0
9868,0.0
9869,29811868.60397862
9870,33622819.769530565
9871,0.0
9872,0.0
9873,0.0
9874,0.0
9875,12357574.877490142
9876,0.0
9877,0.0
9878,13189289.29646699
9879,0.0
9880,0.0
9881,52520511.67500009
9882,54868295.160232395
9883,38039255.17024342
9884,0.0
9885,0.0
9886,0.0
9887,0.0
9888,79025330.7468753
9889,0.0
9890,0.0
9891,0.0
9892,31415512.94811979
9893,0.0
9894,0.0
9895,0.0
9896,0.0
9897,23900948.02158185
9898,0.0
9899,0.0
9900,0.0
9901,104255571.18997888
9902,0.0
9903,30053826.804412268
9904,66877181.4758182
9905,40329578.89615353
9906,25790219.049946435
9907,0.0
9908,0.0
9909,0.0
9910,0.0
9911,0.0
9912,0.0
9913,0.0
9914,0.0
9915,0.0
9916,0.0
9917,0.0
9918,18423536.62888647
9919,0.0
9920,91429579.94706452
9921,12357574.877490142
9922,20773012.459763967
9923,0.0
9924,0.0
9925,18763324.314525187
9926,0.0
9927,49129313.93823828
9928,9755523.30312597
9929,8083054.654213435
9930,38748510.52554187
9931,45754865.18342371
9932,11213146.515989961
9933,0.0
9934,0.0
9935,0.0
9936,33702015.39902818
9937,11213146.515989961
9938,6498766.752669321
9939,0.0
9940,15115135.719909279
9941,0.0
9942,0.0
9943,0.0
9944,85206108.1206004
9945,0.0
9946,69049064.45653883
9947,0.0
9948,0.0
9949,16622579.30751163
9950,0.0
9951,0.0
9952,0.0
9953,0.0
9954,0.0
9955,0.0
9956,44566319.994927734
9957,0.0
9958,0.0
9959,4645776.186764995
9960,0.0
9961,34461157.26485103
9962,0.0
9963,0.0
9964,16622579.30751163
9965,0.0
9966,18763324.314525187
9967,0.0
9968,42106302.55181077
9969,33962607.45516928
9970,0.0
9971,0.0
9972,0.0
9973,0.0
9974,0.0
9975,0.0
9976,18423536.62888647
9977,0.0
9978,0.0
9979,0.0
9980,16501031.235939557
9981,24849965.87377643
9982,0.0
9983,0.0
9984,67337936.44591832
9985,0.0
9986,0.0
9987,0.0
9988,0.0
9989,0.0
9990,6426429.244889958
9991,70245870.4325802
9992,26846378.968738623
9993,0.0
9994,0.0
9995,0.0
9996,0.0
9997,16127236.27299897
9998,0.0
9999,0.0
10000,24584085.89015299
