date,entity_code,stock_return,entity_name,industry,region,lgd,base_pd_hint,size_bucket,analyst_note,region_note,irrelevant_score,industry_return,EAD,booking_date,internal_comment
2025-10-01,B-0T5M74,0.0320096908813981,Company_B_21,B,Asia,0.5296418000808659,0.0492455131191174,Mid,stable,satellite,91,,34784899.20182575,2025-10-01,check formatting
2025-10-02,B-0T5M74,-0.0262211144823401,Company_B_21,B,Asia,0.5296418000808659,0.0492455131191174,Mid,stable,satellite,91,-0.0139835436674951,34784899.20182575,2025-10-01,check formatting
2025-10-03,B-0T5M74,-0.0418957214152643,Company_B_21,B,Asia,0.5296418000808659,0.0492455131191174,Mid,stable,satellite,91,0.0012570528124232,34784899.20182575,2025-10-01,check formatting
2025-10-06,B-0T5M74,0.0946028564198624,Company_B_21,B,Asia,0.5296418000808659,0.0492455131191174,Mid,stable,satellite,91,0.0191824545318301,34784899.20182575,2025-10-01,check formatting
2025-10-07,B-0T5M74,-0.0380048759212271,Company_B_21,B,Asia,0.5296418000808659,0.0492455131191174,Mid,stable,satellite,91,-0.0315562534880117,34784899.20182575,2025-10-01,check formatting
2025-10-08,B-0T5M74,-0.0172588003483608,Company_B_21,B,Asia,0.5296418000808659,0.0492455131191174,Mid,stable,satellite,91,-0.0126125562157682,34784899.20182575,2025-10-01,check formatting
2025-10-09,B-0T5M74,-0.0252964097964782,Company_B_21,B,Asia,0.5296418000808659,0.0492455131191174,Mid,stable,satellite,91,-0.0182787295370303,34784899.20182575,2025-10-01,check formatting
2025-11-03,B-0T5M74,0.0090693946450332,Company_B_21,B,Asia,0.5296418000808659,0.0492455131191174,Mid,stable,satellite,91,-0.0005455947933683,34784899.20182575,2025-10-01,check formatting
2025-11-04,B-0T5M74,-0.0412770810148184,Company_B_21,B,Asia,0.5296418000808659,0.0492455131191174,Mid,stable,satellite,91,-0.0227663271628853,34784899.20182575,2025-10-01,check formatting
2025-11-05,B-0T5M74,0.033772453215339,Company_B_21,B,Asia,0.5296418000808659,0.0492455131191174,Mid,stable,satellite,91,0.0329021640544153,34784899.20182575,2025-10-01,check formatting
2025-11-06,B-0T5M74,0.0321655405591406,Company_B_21,B,Asia,0.5296418000808659,0.0492455131191174,Mid,stable,satellite,91,0.0261796770562837,34784899.20182575,2025-10-01,check formatting
2025-11-07,B-0T5M74,0.0082964332402632,Company_B_21,B,Asia,0.5296418000808659,0.0492455131191174,Mid,stable,satellite,91,-0.0026152260671159,34784899.20182575,2025-10-01,check formatting
2025-11-10,B-0T5M74,-0.000958294773249,Company_B_21,B,Asia,0.5296418000808659,0.0492455131191174,Mid,stable,satellite,91,-0.0099451696321556,34784899.20182575,2025-10-01,check formatting
2025-11-11,B-0T5M74,0.0118009615587316,Company_B_21,B,Asia,0.5296418000808659,0.0492455131191174,Mid,stable,satellite,91,0.0071147820767182,34784899.20182575,2025-10-01,check formatting
2025-12-01,B-0T5M74,-0.0104528174288097,Company_B_21,B,Asia,0.5296418000808659,0.0492455131191174,Mid,stable,satellite,91,0.0032907517570993,34784899.20182575,2025-10-01,check formatting
2025-12-02,B-0T5M74,-0.0227198430879604,Company_B_21,B,Asia,0.5296418000808659,0.0492455131191174,Mid,stable,satellite,91,,34784899.20182575,2025-10-01,check formatting
2025-12-03,B-0T5M74,0.0100441988484992,Company_B_21,B,Asia,0.5296418000808659,0.0492455131191174,Mid,stable,satellite,91,-0.0108077946280547,34784899.20182575,2025-10-01,check formatting
2025-12-04,B-0T5M74,0.0297428266781558,Company_B_21,B,Asia,0.5296418000808659,0.0492455131191174,Mid,stable,satellite,91,0.0224254442272963,34784899.20182575,2025-10-01,check formatting
2025-12-05,B-0T5M74,-0.0313908170018943,Company_B_21,B,Asia,0.5296418000808659,0.0492455131191174,Mid,stable,satellite,91,0.0141371876711961,34784899.20182575,2025-10-01,check formatting
2025-12-08,B-0T5M74,0.0360643480305966,Company_B_21,B,Asia,0.5296418000808659,0.0492455131191174,Mid,stable,satellite,91,0.004564055137615,34784899.20182575,2025-10-01,check formatting
2025-12-09,B-0T5M74,-0.0035731276985611,Company_B_21,B,Asia,0.5296418000808659,0.0492455131191174,Mid,stable,satellite,91,,34784899.20182575,2025-10-01,check formatting
2025-12-10,B-0T5M74,0.0183557259507003,Company_B_21,B,Asia,0.5296418000808659,0.0492455131191174,Mid,stable,satellite,91,0.0187045985583545,34784899.20182575,2025-10-01,check formatting
2025-12-11,B-0T5M74,-0.0028801435339272,Company_B_21,B,Asia,0.5296418000808659,0.0492455131191174,Mid,stable,satellite,91,-0.0061635450064645,34784899.20182575,2025-10-01,check formatting
2025-12-12,B-0T5M74,-0.0103197870328865,Company_B_21,B,Asia,0.5296418000808659,0.0492455131191174,Mid,stable,satellite,91,0.0093768957427672,34784899.20182575,2025-10-01,check formatting
2025-11-03,B-4Z0VCO,-0.0022728226357547,Company_B_34,B,Asia,0.6847825012956046,0.0337807908633653,Mid,,core,16,-0.0005455947933683,9490264.047889208,2025-10-22,check formatting
2025-11-04,B-4Z0VCO,-0.0363389964018361,Company_B_34,B,Asia,0.6847825012956046,0.0337807908633653,Mid,,core,16,-0.0227663271628853,9490264.047889208,2025-10-22,check formatting
2025-11-05,B-4Z0VCO,0.0024668103700549,Company_B_34,B,Asia,0.6847825012956046,0.0337807908633653,Mid,,core,16,0.0329021640544153,9490264.047889208,2025-10-22,check formatting
2025-11-06,B-4Z0VCO,-0.0037621434228569,Company_B_34,B,Asia,0.6847825012956046,0.0337807908633653,Mid,,core,16,0.0261796770562837,9490264.047889208,2025-10-22,check formatting
2025-11-07,B-4Z0VCO,0.0263466690991594,Company_B_34,B,Asia,0.6847825012956046,0.0337807908633653,Mid,,core,16,-0.0026152260671159,9490264.047889208,2025-10-22,check formatting
2025-11-10,B-4Z0VCO,-0.0034659123045842,Company_B_34,B,Asia,0.6847825012956046,0.0337807908633653,Mid,,core,16,-0.0099451696321556,9490264.047889208,2025-10-22,check formatting
2025-11-11,B-4Z0VCO,-0.0330276672259668,Company_B_34,B,Asia,0.6847825012956046,0.0337807908633653,Mid,,core,16,0.0071147820767182,9490264.047889208,2025-10-22,check formatting
2025-11-12,B-4Z0VCO,-0.0414203320028164,Company_B_34,B,Asia,0.6847825012956046,0.0337807908633653,Mid,,core,16,-0.0288607520326152,9490264.047889208,2025-10-22,check formatting
2025-12-01,B-4Z0VCO,-0.0081611050899788,Company_B_34,B,Asia,0.6847825012956046,0.0337807908633653,Mid,,core,16,0.0032907517570993,9490264.047889208,2025-10-22,check formatting
2025-12-02,B-4Z0VCO,-0.0083624733460592,Company_B_34,B,Asia,0.6847825012956046,0.0337807908633653,Mid,,core,16,,9490264.047889208,2025-10-22,check formatting
2025-12-04,B-4Z0VCO,0.024609862356868,Company_B_34,B,Asia,0.6847825012956046,0.0337807908633653,Mid,,core,16,0.0224254442272963,9490264.047889208,2025-10-22,check formatting
2025-12-05,B-4Z0VCO,0.0012091742254761,Company_B_34,B,Asia,0.6847825012956046,0.0337807908633653,Mid,,core,16,0.0141371876711961,9490264.047889208,2025-10-22,check formatting
2025-12-08,B-4Z0VCO,,Company_B_34,B,Asia,0.6847825012956046,0.0337807908633653,Mid,,core,16,0.004564055137615,9490264.047889208,2025-10-22,check formatting
2025-12-09,B-4Z0VCO,0.0251702284324564,Company_B_34,B,Asia,0.6847825012956046,0.0337807908633653,Mid,,core,16,,9490264.047889208,2025-10-22,check formatting
2025-12-10,B-4Z0VCO,0.0193459768587223,Company_B_34,B,Asia,0.6847825012956046,0.0337807908633653,Mid,,core,16,0.0187045985583545,9490264.047889208,2025-10-22,check formatting
2025-12-11,B-4Z0VCO,0.0034626716422154,Company_B_34,B,Asia,0.6847825012956046,0.0337807908633653,Mid,,core,16,-0.0061635450064645,9490264.047889208,2025-10-22,check formatting
2025-12-12,B-4Z0VCO,-0.0042710434590585,Company_B_34,B,Asia,0.6847825012956046,0.0337807908633653,Mid,,core,16,0.0093768957427672,9490264.047889208,2025-10-22,check formatting
2025-09-03,B-5BIIQF,-0.0391111586776815,Company_B_02,B,South America,,,Mid,,,13,-0.0130870635919819,12968140.137972496,2025-09-03,legacy
2025-09-04,B-5BIIQF,0.0424926359233442,Company_B_02,B,South America,,,Mid,,,13,0.0003558120086072,12968140.137972496,2025-09-03,legacy
2025-09-05,B-5BIIQF,0.011017314464425,Company_B_02,B,South America,,,Mid,,,13,-0.0087005818517411,12968140.137972496,2025-09-03,legacy
2025-09-08,B-5BIIQF,-0.0039637686814591,Company_B_02,B,South America,,,Mid,,,13,0.0023920822452534,12968140.137972496,2025-09-03,legacy
2025-09-09,B-5BIIQF,-0.0115983842910262,Company_B_02,B,South America,,,Mid,,,13,-0.0026480819129213,12968140.137972496,2025-09-03,legacy
2025-09-10,B-5BIIQF,-0.0429033061319147,Company_B_02,B,South America,,,Mid,,,13,-0.0320681829492234,12968140.137972496,2025-09-03,legacy
2025-09-11,B-5BIIQF,0.0032259665459496,Company_B_02,B,South America,,,Mid,,,13,-0.0042222927259599,12968140.137972496,2025-09-03,legacy
2025-09-12,B-5BIIQF,-0.013144296330795,Company_B_02,B,South America,,,Mid,,,13,0.0046539284908583,12968140.137972496,2025-09-03,legacy
2025-10-01,B-5BIIQF,0.0091953427192231,Company_B_02,B,South America,,,Mid,,,13,,12968140.137972496,2025-09-03,legacy
2025-10-02,B-5BIIQF,-0.0040356265307118,Company_B_02,B,South America,,,Mid,,,13,-0.0139835436674951,12968140.137972496,2025-09-03,legacy
2025-10-03,B-5BIIQF,-0.0218724892521814,Company_B_02,B,South America,,,Mid,,,13,0.0012570528124232,12968140.137972496,2025-09-03,legacy
2025-10-06,B-5BIIQF,0.0460263898994546,Company_B_02,B,South America,,,Mid,,,13,0.0191824545318301,12968140.137972496,2025-09-03,legacy
2025-10-07,B-5BIIQF,-0.0833247852817148,Company_B_02,B,South America,,,Mid,,,13,-0.0315562534880117,12968140.137972496,2025-09-03,legacy
2025-10-08,B-5BIIQF,0.012618604053388,Company_B_02,B,South America,,,Mid,,,13,-0.0126125562157682,12968140.137972496,2025-09-03,legacy
2025-10-09,B-5BIIQF,-0.0200400505421262,Company_B_02,B,South America,,,Mid,,,13,-0.0182787295370303,12968140.137972496,2025-09-03,legacy
2025-10-10,B-5BIIQF,0.023787263249764,Company_B_02,B,South America,,,Mid,,,13,0.0022168841621003,12968140.137972496,2025-09-03,legacy
2025-11-03,B-5BIIQF,-0.0228583953616879,Company_B_02,B,South America,,,Mid,,,13,-0.0005455947933683,12968140.137972496,2025-09-03,legacy
2025-11-04,B-5BIIQF,0.0006080822695954,Company_B_02,B,South America,,,Mid,,,13,-0.0227663271628853,12968140.137972496,2025-09-03,legacy
2025-11-05,B-5BIIQF,0.0559510546355095,Company_B_02,B,South America,,,Mid,,,13,0.0329021640544153,12968140.137972496,2025-09-03,legacy
2025-11-06,B-5BIIQF,0.0046785006233552,Company_B_02,B,South America,,,Mid,,,13,0.0261796770562837,12968140.137972496,2025-09-03,legacy
2025-11-07,B-5BIIQF,0.0222662324841011,Company_B_02,B,South America,,,Mid,,,13,-0.0026152260671159,12968140.137972496,2025-09-03,legacy
2025-11-10,B-5BIIQF,-0.0353659259564001,Company_B_02,B,South America,,,Mid,,,13,-0.0099451696321556,12968140.137972496,2025-09-03,legacy
2025-11-11,B-5BIIQF,-0.0049737888903069,Company_B_02,B,South America,,,Mid,,,13,0.0071147820767182,12968140.137972496,2025-09-03,legacy
2025-12-01,B-5BIIQF,-0.0035257381194117,Company_B_02,B,South America,,,Mid,,,13,0.0032907517570993,12968140.137972496,2025-09-03,legacy
2025-12-02,B-5BIIQF,0.0089281599984426,Company_B_02,B,South America,,,Mid,,,13,,12968140.137972496,2025-09-03,legacy
2025-12-03,B-5BIIQF,-0.0213012141913448,Company_B_02,B,South America,,,Mid,,,13,-0.0108077946280547,12968140.137972496,2025-09-03,legacy
2025-12-04,B-5BIIQF,0.0167595003329256,Company_B_02,B,South America,,,Mid,,,13,0.0224254442272963,12968140.137972496,2025-09-03,legacy
2025-12-05,B-5BIIQF,-0.0105954849717562,Company_B_02,B,South America,,,Mid,,,13,0.0141371876711961,12968140.137972496,2025-09-03,legacy
2025-12-08,B-5BIIQF,-0.0364408714311093,Company_B_02,B,South America,,,Mid,,,13,0.004564055137615,12968140.137972496,2025-09-03,legacy
2025-12-09,B-5BIIQF,-0.0119519947597858,Company_B_02,B,South America,,,Mid,,,13,,12968140.137972496,2025-09-03,legacy
2025-12-10,B-5BIIQF,0.007483763750119,Company_B_02,B,South America,,,Mid,,,13,0.0187045985583545,12968140.137972496,2025-09-03,legacy
2025-12-11,B-5BIIQF,0.003837566764574,Company_B_02,B,South America,,,Mid,,,13,-0.0061635450064645,12968140.137972496,2025-09-03,legacy
2025-12-12,B-5BIIQF,0.022847868603714,Company_B_02,B,South America,,,Mid,,,13,0.0093768957427672,12968140.137972496,2025-09-03,legacy
2025-05-01,B-6KZVQO,0.0172341831561509,Company_B_32,B,Europe,0.4810076158977743,0.027206283706547,Small,stable,legacy,40,0.0140277458538761,31598840.929525554,2025-04-30,
2025-05-05,B-6KZVQO,-0.030222508425988,Company_B_32,B,Europe,0.4810076158977743,0.027206283706547,Small,stable,legacy,40,-0.0102126348852569,31598840.929525554,2025-04-30,
2025-05-06,B-6KZVQO,0.0007232723924561,Company_B_32,B,Europe,0.4810076158977743,0.027206283706547,Small,stable,legacy,40,-0.030025691323182,31598840.929525554,2025-04-30,
2025-05-07,B-6KZVQO,0.0330600719754838,Company_B_32,B,Europe,0.4810076158977743,0.027206283706547,Small,stable,legacy,40,-0.0045847799145338,31598840.929525554,2025-04-30,
2025-05-08,B-6KZVQO,-0.0238422777967552,Company_B_32,B,Europe,0.4810076158977743,0.027206283706547,Small,stable,legacy,40,-0.0100549327049622,31598840.929525554,2025-04-30,
2025-05-09,B-6KZVQO,-0.0032440838259582,Company_B_32,B,Europe,0.4810076158977743,0.027206283706547,Small,stable,legacy,40,-0.0108788433685402,31598840.929525554,2025-04-30,
2025-05-12,B-6KZVQO,0.0215882253646701,Company_B_32,B,Europe,0.4810076158977743,0.027206283706547,Small,stable,legacy,40,0.013255782941715,31598840.929525554,2025-04-30,
2025-06-02,B-6KZVQO,0.0180079370543174,Company_B_32,B,Europe,0.4810076158977743,0.027206283706547,Small,stable,legacy,40,0.0084439877167436,31598840.929525554,2025-04-30,
2025-06-03,B-6KZVQO,-0.0141831941434906,Company_B_32,B,Europe,0.4810076158977743,0.027206283706547,Small,stable,legacy,40,-0.0167736228582782,31598840.929525554,2025-04-30,
2025-06-04,B-6KZVQO,,Company_B_32,B,Europe,0.4810076158977743,0.027206283706547,Small,stable,legacy,40,-0.0043931427354546,31598840.929525554,2025-04-30,
2025-06-05,B-6KZVQO,0.0151023554924824,Company_B_32,B,Europe,0.4810076158977743,0.027206283706547,Small,stable,legacy,40,-0.0005637740370175,31598840.929525554,2025-04-30,
2025-06-06,B-6KZVQO,0.0339234676216269,Company_B_32,B,Europe,0.4810076158977743,0.027206283706547,Small,stable,legacy,40,,31598840.929525554,2025-04-30,
2025-06-09,B-6KZVQO,0.0412910862134055,Company_B_32,B,Europe,0.4810076158977743,0.027206283706547,Small,stable,legacy,40,0.0184277164951934,31598840.929525554,2025-04-30,
2025-06-10,B-6KZVQO,-0.003604399497221,Company_B_32,B,Europe,0.4810076158977743,0.027206283706547,Small,stable,legacy,40,0.0077210052577763,31598840.929525554,2025-04-30,
2025-06-11,B-6KZVQO,0.0205388816104552,Company_B_32,B,Europe,0.4810076158977743,0.027206283706547,Small,stable,legacy,40,-0.0023309390995482,31598840.929525554,2025-04-30,
2025-06-12,B-6KZVQO,0.0556691251706295,Company_B_32,B,Europe,0.4810076158977743,0.027206283706547,Small,stable,legacy,40,0.008891025310106,31598840.929525554,2025-04-30,
2025-07-01,B-6KZVQO,0.0100089565190901,Company_B_32,B,Europe,0.4810076158977743,0.027206283706547,Small,stable,legacy,40,,31598840.929525554,2025-04-30,
2025-07-02,B-6KZVQO,0.0064856394698023,Company_B_32,B,Europe,0.4810076158977743,0.027206283706547,Small,stable,legacy,40,-0.0047848339291268,31598840.929525554,2025-04-30,
2025-07-03,B-6KZVQO,-0.0405410805781788,Company_B_32,B,Europe,0.4810076158977743,0.027206283706547,Small,stable,legacy,40,-0.0300041296283168,31598840.929525554,2025-04-30,
2025-07-04,B-6KZVQO,-0.0001334593685076,Company_B_32,B,Europe,0.4810076158977743,0.027206283706547,Small,stable,legacy,40,0.0056822404651326,31598840.929525554,2025-04-30,
2025-07-07,B-6KZVQO,-0.0472561027649205,Company_B_32,B,Europe,0.4810076158977743,0.027206283706547,Small,stable,legacy,40,-0.0260411084866903,31598840.929525554,2025-04-30,
2025-07-08,B-6KZVQO,-0.028566152823722,Company_B_32,B,Europe,0.4810076158977743,0.027206283706547,Small,stable,legacy,40,,31598840.929525554,2025-04-30,
2025-07-09,B-6KZVQO,,Company_B_32,B,Europe,0.4810076158977743,0.027206283706547,Small,stable,legacy,40,-0.0023271599388046,31598840.929525554,2025-04-30,
2025-07-10,B-6KZVQO,0.0369618953597044,Company_B_32,B,Europe,0.4810076158977743,0.027206283706547,Small,stable,legacy,40,,31598840.929525554,2025-04-30,
2025-07-11,B-6KZVQO,-0.0233565775655361,Company_B_32,B,Europe,0.4810076158977743,0.027206283706547,Small,stable,legacy,40,-0.0120507403461468,31598840.929525554,2025-04-30,
2025-08-01,B-6KZVQO,0.0039120609738406,Company_B_32,B,Europe,0.4810076158977743,0.027206283706547,Small,stable,legacy,40,0.0040039417401903,31598840.929525554,2025-04-30,
2025-08-04,B-6KZVQO,-0.0304786522992149,Company_B_32,B,Europe,0.4810076158977743,0.027206283706547,Small,stable,legacy,40,0.0114973593521953,31598840.929525554,2025-04-30,
2025-08-05,B-6KZVQO,-0.0399906805722388,Company_B_32,B,Europe,0.4810076158977743,0.027206283706547,Small,stable,legacy,40,-0.0172789147832154,31598840.929525554,2025-04-30,
2025-08-06,B-6KZVQO,0.0005231957573418,Company_B_32,B,Europe,0.4810076158977743,0.027206283706547,Small,stable,legacy,40,0.0002102521817928,31598840.929525554,2025-04-30,
2025-08-07,B-6KZVQO,0.0167750216008033,Company_B_32,B,Europe,0.4810076158977743,0.027206283706547,Small,stable,legacy,40,0.0187115199297718,31598840.929525554,2025-04-30,
2025-08-11,B-6KZVQO,0.0084146257416942,Company_B_32,B,Europe,0.4810076158977743,0.027206283706547,Small,stable,legacy,40,-0.0090665158126864,31598840.929525554,2025-04-30,
2025-08-12,B-6KZVQO,,Company_B_32,B,Europe,0.4810076158977743,0.027206283706547,Small,stable,legacy,40,-0.0015097488640975,31598840.929525554,2025-04-30,
2025-09-01,B-6KZVQO,0.0026545944880461,Company_B_32,B,Europe,0.4810076158977743,0.027206283706547,Small,stable,legacy,40,-0.0182440765094434,31598840.929525554,2025-04-30,
2025-09-02,B-6KZVQO,,Company_B_32,B,Europe,0.4810076158977743,0.027206283706547,Small,stable,legacy,40,0.000493033588286,31598840.929525554,2025-04-30,
2025-09-03,B-6KZVQO,0.0057827291212579,Company_B_32,B,Europe,0.4810076158977743,0.027206283706547,Small,stable,legacy,40,-0.0130870635919819,31598840.929525554,2025-04-30,
2025-09-04,B-6KZVQO,0.0197408864308055,Company_B_32,B,Europe,0.4810076158977743,0.027206283706547,Small,stable,legacy,40,0.0003558120086072,31598840.929525554,2025-04-30,
2025-09-05,B-6KZVQO,-0.020282962880651,Company_B_32,B,Europe,0.4810076158977743,0.027206283706547,Small,stable,legacy,40,-0.0087005818517411,31598840.929525554,2025-04-30,
2025-09-08,B-6KZVQO,-0.0063890831977965,Company_B_32,B,Europe,0.4810076158977743,0.027206283706547,Small,stable,legacy,40,0.0023920822452534,31598840.929525554,2025-04-30,
2025-09-09,B-6KZVQO,0.012348204196595,Company_B_32,B,Europe,0.4810076158977743,0.027206283706547,Small,stable,legacy,40,-0.0026480819129213,31598840.929525554,2025-04-30,
2025-09-10,B-6KZVQO,-0.0049458892522405,Company_B_32,B,Europe,0.4810076158977743,0.027206283706547,Small,stable,legacy,40,-0.0320681829492234,31598840.929525554,2025-04-30,
2025-09-12,B-6KZVQO,-0.0080625853611691,Company_B_32,B,Europe,0.4810076158977743,0.027206283706547,Small,stable,legacy,40,0.0046539284908583,31598840.929525554,2025-04-30,
2025-10-01,B-6KZVQO,-0.0241332053054059,Company_B_32,B,Europe,0.4810076158977743,0.027206283706547,Small,stable,legacy,40,,31598840.929525554,2025-04-30,
2025-10-02,B-6KZVQO,-0.0304933155947336,Company_B_32,B,Europe,0.4810076158977743,0.027206283706547,Small,stable,legacy,40,-0.0139835436674951,31598840.929525554,2025-04-30,
2025-10-03,B-6KZVQO,0.0024749287964473,Company_B_32,B,Europe,0.4810076158977743,0.027206283706547,Small,stable,legacy,40,0.0012570528124232,31598840.929525554,2025-04-30,
2025-10-06,B-6KZVQO,0.0070545107459151,Company_B_32,B,Europe,0.4810076158977743,0.027206283706547,Small,stable,legacy,40,0.0191824545318301,31598840.929525554,2025-04-30,
2025-10-08,B-6KZVQO,-0.0209433885347967,Company_B_32,B,Europe,0.4810076158977743,0.027206283706547,Small,stable,legacy,40,-0.0126125562157682,31598840.929525554,2025-04-30,
2025-10-09,B-6KZVQO,-0.0302211149879546,Company_B_32,B,Europe,0.4810076158977743,0.027206283706547,Small,stable,legacy,40,-0.0182787295370303,31598840.929525554,2025-04-30,
2025-10-10,B-6KZVQO,-0.0364827340873252,Company_B_32,B,Europe,0.4810076158977743,0.027206283706547,Small,stable,legacy,40,0.0022168841621003,31598840.929525554,2025-04-30,
2025-11-03,B-6KZVQO,-0.0755436360469379,Company_B_32,B,Europe,0.4810076158977743,0.027206283706547,Small,stable,legacy,40,-0.0005455947933683,31598840.929525554,2025-04-30,
2025-11-04,B-6KZVQO,-0.0589930141639371,Company_B_32,B,Europe,0.4810076158977743,0.027206283706547,Small,stable,legacy,40,-0.0227663271628853,31598840.929525554,2025-04-30,
2025-11-05,B-6KZVQO,0.0493006131822561,Company_B_32,B,Europe,0.4810076158977743,0.027206283706547,Small,stable,legacy,40,0.0329021640544153,31598840.929525554,2025-04-30,
2025-11-06,B-6KZVQO,0.0478177702432122,Company_B_32,B,Europe,0.4810076158977743,0.027206283706547,Small,stable,legacy,40,0.0261796770562837,31598840.929525554,2025-04-30,
2025-11-07,B-6KZVQO,-0.0304941037133509,Company_B_32,B,Europe,0.4810076158977743,0.027206283706547,Small,stable,legacy,40,-0.0026152260671159,31598840.929525554,2025-04-30,
2025-11-10,B-6KZVQO,0.0115412462010667,Company_B_32,B,Europe,0.4810076158977743,0.027206283706547,Small,stable,legacy,40,-0.0099451696321556,31598840.929525554,2025-04-30,
2025-11-12,B-6KZVQO,-0.0486674913234696,Company_B_32,B,Europe,0.4810076158977743,0.027206283706547,Small,stable,legacy,40,-0.0288607520326152,31598840.929525554,2025-04-30,
2025-12-01,B-6KZVQO,0.0168874439577964,Company_B_32,B,Europe,0.4810076158977743,0.027206283706547,Small,stable,legacy,40,0.0032907517570993,31598840.929525554,2025-04-30,
2025-12-02,B-6KZVQO,-0.0395405480713249,Company_B_32,B,Europe,0.4810076158977743,0.027206283706547,Small,stable,legacy,40,,31598840.929525554,2025-04-30,
2025-12-03,B-6KZVQO,0.0145864008702627,Company_B_32,B,Europe,0.4810076158977743,0.027206283706547,Small,stable,legacy,40,-0.0108077946280547,31598840.929525554,2025-04-30,
2025-12-04,B-6KZVQO,0.0318199246158229,Company_B_32,B,Europe,0.4810076158977743,0.027206283706547,Small,stable,legacy,40,0.0224254442272963,31598840.929525554,2025-04-30,
2025-12-05,B-6KZVQO,0.021488686003641,Company_B_32,B,Europe,0.4810076158977743,0.027206283706547,Small,stable,legacy,40,0.0141371876711961,31598840.929525554,2025-04-30,
2025-12-08,B-6KZVQO,0.0047673279857611,Company_B_32,B,Europe,0.4810076158977743,0.027206283706547,Small,stable,legacy,40,0.004564055137615,31598840.929525554,2025-04-30,
2025-12-09,B-6KZVQO,-0.0107086081904403,Company_B_32,B,Europe,0.4810076158977743,0.027206283706547,Small,stable,legacy,40,,31598840.929525554,2025-04-30,
2025-12-10,B-6KZVQO,0.0304145534301499,Company_B_32,B,Europe,0.4810076158977743,0.027206283706547,Small,stable,legacy,40,0.0187045985583545,31598840.929525554,2025-04-30,
2025-12-11,B-6KZVQO,0.0428876283859455,Company_B_32,B,Europe,0.4810076158977743,0.027206283706547,Small,stable,legacy,40,-0.0061635450064645,31598840.929525554,2025-04-30,
2025-12-12,B-6KZVQO,0.0504197792672355,Company_B_32,B,Europe,0.4810076158977743,0.027206283706547,Small,stable,legacy,40,0.0093768957427672,31598840.929525554,2025-04-30,
2025-03-05,B-9KROIO,-0.0119409849840247,Company_B_42,B,,0.5701663648089567,0.0277544532017155,Small,watchlist,core,55,0.0075017569132821,26662073.341073405,2025-03-05,legacy
2025-03-06,B-9KROIO,0.0112337164222085,Company_B_42,B,,0.5701663648089567,0.0277544532017155,Small,watchlist,core,55,0.0066686231237621,26662073.341073405,2025-03-05,legacy
2025-03-07,B-9KROIO,-0.0204777636278977,Company_B_42,B,,0.5701663648089567,0.0277544532017155,Small,watchlist,core,55,0.0112572342293805,26662073.341073405,2025-03-05,legacy
2025-03-10,B-9KROIO,-0.0149516911329545,Company_B_42,B,,0.5701663648089567,0.0277544532017155,Small,watchlist,core,55,-0.017433239731723,26662073.341073405,2025-03-05,legacy
2025-03-11,B-9KROIO,-0.0030365215637355,Company_B_42,B,,0.5701663648089567,0.0277544532017155,Small,watchlist,core,55,-0.0023939118081542,26662073.341073405,2025-03-05,legacy
2025-03-12,B-9KROIO,0.0152335651105507,Company_B_42,B,,0.5701663648089567,0.0277544532017155,Small,watchlist,core,55,0.0319413685846036,26662073.341073405,2025-03-05,legacy
2025-04-01,B-9KROIO,-0.0035345627260281,Company_B_42,B,,0.5701663648089567,0.0277544532017155,Small,watchlist,core,55,0.0115957818789293,26662073.341073405,2025-03-05,legacy
2025-04-02,B-9KROIO,0.0286321866277132,Company_B_42,B,,0.5701663648089567,0.0277544532017155,Small,watchlist,core,55,0.0186776451485401,26662073.341073405,2025-03-05,legacy
2025-04-03,B-9KROIO,-0.0219817746015059,Company_B_42,B,,0.5701663648089567,0.0277544532017155,Small,watchlist,core,55,-0.0037462404383459,26662073.341073405,2025-03-05,legacy
2025-04-04,B-9KROIO,-0.0323979694942883,Company_B_42,B,,0.5701663648089567,0.0277544532017155,Small,watchlist,core,55,0.0147203918974813,26662073.341073405,2025-03-05,legacy
2025-04-08,B-9KROIO,0.0086970480492269,Company_B_42,B,,0.5701663648089567,0.0277544532017155,Small,watchlist,core,55,0.0056866936253566,26662073.341073405,2025-03-05,legacy
2025-04-09,B-9KROIO,0.0098742855640862,Company_B_42,B,,0.5701663648089567,0.0277544532017155,Small,watchlist,core,55,-0.0004650774196358,26662073.341073405,2025-03-05,legacy
2025-04-10,B-9KROIO,-0.004737547064471,Company_B_42,B,,0.5701663648089567,0.0277544532017155,Small,watchlist,core,55,-0.0095558031349188,26662073.341073405,2025-03-05,legacy
2025-04-11,B-9KROIO,0.0200602428109039,Company_B_42,B,,0.5701663648089567,0.0277544532017155,Small,watchlist,core,55,0.0326847601054619,26662073.341073405,2025-03-05,legacy
2025-05-01,B-9KROIO,0.0520903744337387,Company_B_42,B,,0.5701663648089567,0.0277544532017155,Small,watchlist,core,55,0.0140277458538761,26662073.341073405,2025-03-05,legacy
2025-05-02,B-9KROIO,-0.0408332053795588,Company_B_42,B,,0.5701663648089567,0.0277544532017155,Small,watchlist,core,55,-0.0237675804038153,26662073.341073405,2025-03-05,legacy
2025-05-05,B-9KROIO,0.0325685770707504,Company_B_42,B,,0.5701663648089567,0.0277544532017155,Small,watchlist,core,55,-0.0102126348852569,26662073.341073405,2025-03-05,legacy
2025-05-06,B-9KROIO,-0.0150024909180668,Company_B_42,B,,0.5701663648089567,0.0277544532017155,Small,watchlist,core,55,-0.030025691323182,26662073.341073405,2025-03-05,legacy
2025-05-07,B-9KROIO,0.0018725660849972,Company_B_42,B,,0.5701663648089567,0.0277544532017155,Small,watchlist,core,55,-0.0045847799145338,26662073.341073405,2025-03-05,legacy
2025-05-08,B-9KROIO,-0.0418343663446309,Company_B_42,B,,0.5701663648089567,0.0277544532017155,Small,watchlist,core,55,-0.0100549327049622,26662073.341073405,2025-03-05,legacy
2025-05-09,B-9KROIO,-0.0022644822714108,Company_B_42,B,,0.5701663648089567,0.0277544532017155,Small,watchlist,core,55,-0.0108788433685402,26662073.341073405,2025-03-05,legacy
2025-05-12,B-9KROIO,0.0101554450429149,Company_B_42,B,,0.5701663648089567,0.0277544532017155,Small,watchlist,core,55,0.013255782941715,26662073.341073405,2025-03-05,legacy
2025-06-02,B-9KROIO,0.04617122848212,Company_B_42,B,,0.5701663648089567,0.0277544532017155,Small,watchlist,core,55,0.0084439877167436,26662073.341073405,2025-03-05,legacy
2025-06-03,B-9KROIO,0.0185115752653545,Company_B_42,B,,0.5701663648089567,0.0277544532017155,Small,watchlist,core,55,-0.0167736228582782,26662073.341073405,2025-03-05,legacy
2025-06-05,B-9KROIO,,Company_B_42,B,,0.5701663648089567,0.0277544532017155,Small,watchlist,core,55,-0.0005637740370175,26662073.341073405,2025-03-05,legacy
2025-06-06,B-9KROIO,0.0272012758348982,Company_B_42,B,,0.5701663648089567,0.0277544532017155,Small,watchlist,core,55,,26662073.341073405,2025-03-05,legacy
2025-06-09,B-9KROIO,0.0537947504431916,Company_B_42,B,,0.5701663648089567,0.0277544532017155,Small,watchlist,core,55,0.0184277164951934,26662073.341073405,2025-03-05,legacy
2025-06-10,B-9KROIO,-0.001564720939447,Company_B_42,B,,0.5701663648089567,0.0277544532017155,Small,watchlist,core,55,0.0077210052577763,26662073.341073405,2025-03-05,legacy
2025-06-11,B-9KROIO,-0.0103355214222374,Company_B_42,B,,0.5701663648089567,0.0277544532017155,Small,watchlist,core,55,-0.0023309390995482,26662073.341073405,2025-03-05,legacy
2025-06-12,B-9KROIO,-0.0064964048642022,Company_B_42,B,,0.5701663648089567,0.0277544532017155,Small,watchlist,core,55,0.008891025310106,26662073.341073405,2025-03-05,legacy
2025-07-01,B-9KROIO,0.0299753348823176,Company_B_42,B,,0.5701663648089567,0.0277544532017155,Small,watchlist,core,55,,26662073.341073405,2025-03-05,legacy
2025-07-02,B-9KROIO,0.0171990935177446,Company_B_42,B,,0.5701663648089567,0.0277544532017155,Small,watchlist,core,55,-0.0047848339291268,26662073.341073405,2025-03-05,legacy
2025-07-03,B-9KROIO,0.0219183383649362,Company_B_42,B,,0.5701663648089567,0.0277544532017155,Small,watchlist,core,55,-0.0300041296283168,26662073.341073405,2025-03-05,legacy
2025-07-04,B-9KROIO,0.0003610847058927,Company_B_42,B,,0.5701663648089567,0.0277544532017155,Small,watchlist,core,55,0.0056822404651326,26662073.341073405,2025-03-05,legacy
2025-07-07,B-9KROIO,-0.0382618344711969,Company_B_42,B,,0.5701663648089567,0.0277544532017155,Small,watchlist,core,55,-0.0260411084866903,26662073.341073405,2025-03-05,legacy
2025-07-08,B-9KROIO,0.0166468454591034,Company_B_42,B,,0.5701663648089567,0.0277544532017155,Small,watchlist,core,55,,26662073.341073405,2025-03-05,legacy
2025-07-10,B-9KROIO,-0.0285630638406565,Company_B_42,B,,0.5701663648089567,0.0277544532017155,Small,watchlist,core,55,,26662073.341073405,2025-03-05,legacy
2025-07-11,B-9KROIO,-0.0107557119089315,Company_B_42,B,,0.5701663648089567,0.0277544532017155,Small,watchlist,core,55,-0.0120507403461468,26662073.341073405,2025-03-05,legacy
2025-08-01,B-9KROIO,-0.0125585936392276,Company_B_42,B,,0.5701663648089567,0.0277544532017155,Small,watchlist,core,55,0.0040039417401903,26662073.341073405,2025-03-05,legacy
2025-08-04,B-9KROIO,-0.0057104153999977,Company_B_42,B,,0.5701663648089567,0.0277544532017155,Small,watchlist,core,55,0.0114973593521953,26662073.341073405,2025-03-05,legacy
2025-08-05,B-9KROIO,-0.0327129708116605,Company_B_42,B,,0.5701663648089567,0.0277544532017155,Small,watchlist,core,55,-0.0172789147832154,26662073.341073405,2025-03-05,legacy
2025-08-06,B-9KROIO,0.017361017106214,Company_B_42,B,,0.5701663648089567,0.0277544532017155,Small,watchlist,core,55,0.0002102521817928,26662073.341073405,2025-03-05,legacy
2025-08-07,B-9KROIO,-0.0042915095140886,Company_B_42,B,,0.5701663648089567,0.0277544532017155,Small,watchlist,core,55,0.0187115199297718,26662073.341073405,2025-03-05,legacy
2025-08-08,B-9KROIO,0.0401010030885103,Company_B_42,B,,0.5701663648089567,0.0277544532017155,Small,watchlist,core,55,0.0105064073241729,26662073.341073405,2025-03-05,legacy
2025-08-11,B-9KROIO,0.0084266635164633,Company_B_42,B,,0.5701663648089567,0.0277544532017155,Small,watchlist,core,55,-0.0090665158126864,26662073.341073405,2025-03-05,legacy
2025-08-12,B-9KROIO,0.0134437546480014,Company_B_42,B,,0.5701663648089567,0.0277544532017155,Small,watchlist,core,55,-0.0015097488640975,26662073.341073405,2025-03-05,legacy
2025-09-01,B-9KROIO,-0.0323874052056062,Company_B_42,B,,0.5701663648089567,0.0277544532017155,Small,watchlist,core,55,-0.0182440765094434,26662073.341073405,2025-03-05,legacy
2025-09-02,B-9KROIO,-0.0198884769422836,Company_B_42,B,,0.5701663648089567,0.0277544532017155,Small,watchlist,core,55,0.000493033588286,26662073.341073405,2025-03-05,legacy
2025-09-03,B-9KROIO,-0.0120341939330344,Company_B_42,B,,0.5701663648089567,0.0277544532017155,Small,watchlist,core,55,-0.0130870635919819,26662073.341073405,2025-03-05,legacy
2025-09-04,B-9KROIO,-0.0020959847640264,Company_B_42,B,,0.5701663648089567,0.0277544532017155,Small,watchlist,core,55,0.0003558120086072,26662073.341073405,2025-03-05,legacy
2025-09-05,B-9KROIO,0.0341097627381803,Company_B_42,B,,0.5701663648089567,0.0277544532017155,Small,watchlist,core,55,-0.0087005818517411,26662073.341073405,2025-03-05,legacy
2025-09-08,B-9KROIO,0.0430275062401471,Company_B_42,B,,0.5701663648089567,0.0277544532017155,Small,watchlist,core,55,0.0023920822452534,26662073.341073405,2025-03-05,legacy
2025-09-09,B-9KROIO,0.0312111193271998,Company_B_42,B,,0.5701663648089567,0.0277544532017155,Small,watchlist,core,55,-0.0026480819129213,26662073.341073405,2025-03-05,legacy
2025-09-10,B-9KROIO,-0.0332459526949007,Company_B_42,B,,0.5701663648089567,0.0277544532017155,Small,watchlist,core,55,-0.0320681829492234,26662073.341073405,2025-03-05,legacy
2025-09-11,B-9KROIO,-0.0349248911072687,Company_B_42,B,,0.5701663648089567,0.0277544532017155,Small,watchlist,core,55,-0.0042222927259599,26662073.341073405,2025-03-05,legacy
2025-09-12,B-9KROIO,0.008246101395076,Company_B_42,B,,0.5701663648089567,0.0277544532017155,Small,watchlist,core,55,0.0046539284908583,26662073.341073405,2025-03-05,legacy
2025-10-01,B-9KROIO,-0.0196597026473373,Company_B_42,B,,0.5701663648089567,0.0277544532017155,Small,watchlist,core,55,,26662073.341073405,2025-03-05,legacy
2025-10-02,B-9KROIO,-0.040199368911226,Company_B_42,B,,0.5701663648089567,0.0277544532017155,Small,watchlist,core,55,-0.0139835436674951,26662073.341073405,2025-03-05,legacy
2025-10-03,B-9KROIO,0.061269365785777,Company_B_42,B,,0.5701663648089567,0.0277544532017155,Small,watchlist,core,55,0.0012570528124232,26662073.341073405,2025-03-05,legacy
2025-10-06,B-9KROIO,0.0310906838308452,Company_B_42,B,,0.5701663648089567,0.0277544532017155,Small,watchlist,core,55,0.0191824545318301,26662073.341073405,2025-03-05,legacy
2025-10-07,B-9KROIO,-0.0253530965255167,Company_B_42,B,,0.5701663648089567,0.0277544532017155,Small,watchlist,core,55,-0.0315562534880117,26662073.341073405,2025-03-05,legacy
2025-10-08,B-9KROIO,0.0285254242184697,Company_B_42,B,,0.5701663648089567,0.0277544532017155,Small,watchlist,core,55,-0.0126125562157682,26662073.341073405,2025-03-05,legacy
2025-10-09,B-9KROIO,-0.0534435792357359,Company_B_42,B,,0.5701663648089567,0.0277544532017155,Small,watchlist,core,55,-0.0182787295370303,26662073.341073405,2025-03-05,legacy
2025-10-10,B-9KROIO,-0.0033992752197688,Company_B_42,B,,0.5701663648089567,0.0277544532017155,Small,watchlist,core,55,0.0022168841621003,26662073.341073405,2025-03-05,legacy
2025-11-03,B-9KROIO,-0.0391614952819407,Company_B_42,B,,0.5701663648089567,0.0277544532017155,Small,watchlist,core,55,-0.0005455947933683,26662073.341073405,2025-03-05,legacy
2025-11-04,B-9KROIO,-0.0027803774946569,Company_B_42,B,,0.5701663648089567,0.0277544532017155,Small,watchlist,core,55,-0.0227663271628853,26662073.341073405,2025-03-05,legacy
2025-11-06,B-9KROIO,0.07481556621581,Company_B_42,B,,0.5701663648089567,0.0277544532017155,Small,watchlist,core,55,0.0261796770562837,26662073.341073405,2025-03-05,legacy
2025-11-07,B-9KROIO,0.0364414016755072,Company_B_42,B,,0.5701663648089567,0.0277544532017155,Small,watchlist,core,55,-0.0026152260671159,26662073.341073405,2025-03-05,legacy
2025-11-10,B-9KROIO,-0.02771686346309,Company_B_42,B,,0.5701663648089567,0.0277544532017155,Small,watchlist,core,55,-0.0099451696321556,26662073.341073405,2025-03-05,legacy
2025-11-11,B-9KROIO,0.0035977881356868,Company_B_42,B,,0.5701663648089567,0.0277544532017155,Small,watchlist,core,55,0.0071147820767182,26662073.341073405,2025-03-05,legacy
2025-11-12,B-9KROIO,-0.0252776226257071,Company_B_42,B,,0.5701663648089567,0.0277544532017155,Small,watchlist,core,55,-0.0288607520326152,26662073.341073405,2025-03-05,legacy
2025-12-01,B-9KROIO,,Company_B_42,B,,0.5701663648089567,0.0277544532017155,Small,watchlist,core,55,0.0032907517570993,26662073.341073405,2025-03-05,legacy
2025-12-02,B-9KROIO,-0.0045315842993167,Company_B_42,B,,0.5701663648089567,0.0277544532017155,Small,watchlist,core,55,,26662073.341073405,2025-03-05,legacy
2025-12-03,B-9KROIO,-0.0219064339167884,Company_B_42,B,,0.5701663648089567,0.0277544532017155,Small,watchlist,core,55,-0.0108077946280547,26662073.341073405,2025-03-05,legacy
2025-12-04,B-9KROIO,-0.0005250125755098,Company_B_42,B,,0.5701663648089567,0.0277544532017155,Small,watchlist,core,55,0.0224254442272963,26662073.341073405,2025-03-05,legacy
2025-12-05,B-9KROIO,-0.0032711479110272,Company_B_42,B,,0.5701663648089567,0.0277544532017155,Small,watchlist,core,55,0.0141371876711961,26662073.341073405,2025-03-05,legacy
2025-12-08,B-9KROIO,0.0388675294649246,Company_B_42,B,,0.5701663648089567,0.0277544532017155,Small,watchlist,core,55,0.004564055137615,26662073.341073405,2025-03-05,legacy
2025-12-10,B-9KROIO,0.0142521414884477,Company_B_42,B,,0.5701663648089567,0.0277544532017155,Small,watchlist,core,55,0.0187045985583545,26662073.341073405,2025-03-05,legacy
2025-12-11,B-9KROIO,0.0428697287102765,Company_B_42,B,,0.5701663648089567,0.0277544532017155,Small,watchlist,core,55,-0.0061635450064645,26662073.341073405,2025-03-05,legacy
2025-12-12,B-9KROIO,-0.030976505105567,Company_B_42,B,,0.5701663648089567,0.0277544532017155,Small,watchlist,core,55,0.0093768957427672,26662073.341073405,2025-03-05,legacy
2025-07-10,B-CKUMRG,-0.0439003640824148,Company_B_14,B,NorthAmerica,0.3168593915784876,0.0326507484231694,Large,stable,legacy,87,,35359823.88189043,2025-07-09,
2025-07-11,B-CKUMRG,,Company_B_14,B,NorthAmerica,0.3168593915784876,0.0326507484231694,Large,stable,legacy,87,-0.0120507403461468,35359823.88189043,2025-07-09,
2025-08-01,B-CKUMRG,0.0015024380568492,Company_B_14,B,NorthAmerica,0.3168593915784876,0.0326507484231694,Large,stable,legacy,87,0.0040039417401903,35359823.88189043,2025-07-09,
2025-08-04,B-CKUMRG,0.0179620324002316,Company_B_14,B,NorthAmerica,0.3168593915784876,0.0326507484231694,Large,stable,legacy,87,0.0114973593521953,35359823.88189043,2025-07-09,
2025-08-05,B-CKUMRG,-0.041735653097699,Company_B_14,B,NorthAmerica,0.3168593915784876,0.0326507484231694,Large,stable,legacy,87,-0.0172789147832154,35359823.88189043,2025-07-09,
2025-08-06,B-CKUMRG,0.0167968585365913,Company_B_14,B,NorthAmerica,0.3168593915784876,0.0326507484231694,Large,stable,legacy,87,0.0002102521817928,35359823.88189043,2025-07-09,
2025-08-07,B-CKUMRG,0.0130707938432626,Company_B_14,B,NorthAmerica,0.3168593915784876,0.0326507484231694,Large,stable,legacy,87,0.0187115199297718,35359823.88189043,2025-07-09,
2025-08-08,B-CKUMRG,0.0464765256460189,Company_B_14,B,NorthAmerica,0.3168593915784876,0.0326507484231694,Large,stable,legacy,87,0.0105064073241729,35359823.88189043,2025-07-09,
2025-08-11,B-CKUMRG,-0.0433714781910733,Company_B_14,B,NorthAmerica,0.3168593915784876,0.0326507484231694,Large,stable,legacy,87,-0.0090665158126864,35359823.88189043,2025-07-09,
2025-08-12,B-CKUMRG,-0.0012588672698959,Company_B_14,B,NorthAmerica,0.3168593915784876,0.0326507484231694,Large,stable,legacy,87,-0.0015097488640975,35359823.88189043,2025-07-09,
2025-09-02,B-CKUMRG,0.0036165515057139,Company_B_14,B,NorthAmerica,0.3168593915784876,0.0326507484231694,Large,stable,legacy,87,0.000493033588286,35359823.88189043,2025-07-09,
2025-09-03,B-CKUMRG,-0.0310565782949074,Company_B_14,B,NorthAmerica,0.3168593915784876,0.0326507484231694,Large,stable,legacy,87,-0.0130870635919819,35359823.88189043,2025-07-09,
2025-09-04,B-CKUMRG,-0.0038684622757266,Company_B_14,B,NorthAmerica,0.3168593915784876,0.0326507484231694,Large,stable,legacy,87,0.0003558120086072,35359823.88189043,2025-07-09,
2025-09-05,B-CKUMRG,-0.0165768023037347,Company_B_14,B,NorthAmerica,0.3168593915784876,0.0326507484231694,Large,stable,legacy,87,-0.0087005818517411,35359823.88189043,2025-07-09,
2025-09-08,B-CKUMRG,0.0020324181942692,Company_B_14,B,NorthAmerica,0.3168593915784876,0.0326507484231694,Large,stable,legacy,87,0.0023920822452534,35359823.88189043,2025-07-09,
2025-09-09,B-CKUMRG,0.0014491960105494,Company_B_14,B,NorthAmerica,0.3168593915784876,0.0326507484231694,Large,stable,legacy,87,-0.0026480819129213,35359823.88189043,2025-07-09,
2025-09-10,B-CKUMRG,-0.0365787746652268,Company_B_14,B,NorthAmerica,0.3168593915784876,0.0326507484231694,Large,stable,legacy,87,-0.0320681829492234,35359823.88189043,2025-07-09,
2025-09-11,B-CKUMRG,-0.003275976637262,Company_B_14,B,NorthAmerica,0.3168593915784876,0.0326507484231694,Large,stable,legacy,87,-0.0042222927259599,35359823.88189043,2025-07-09,
2025-09-12,B-CKUMRG,0.0020368803052426,Company_B_14,B,NorthAmerica,0.3168593915784876,0.0326507484231694,Large,stable,legacy,87,0.0046539284908583,35359823.88189043,2025-07-09,
2025-10-01,B-CKUMRG,0.0229284792403428,Company_B_14,B,NorthAmerica,0.3168593915784876,0.0326507484231694,Large,stable,legacy,87,,35359823.88189043,2025-07-09,
2025-10-02,B-CKUMRG,-0.0521436020464886,Company_B_14,B,NorthAmerica,0.3168593915784876,0.0326507484231694,Large,stable,legacy,87,-0.0139835436674951,35359823.88189043,2025-07-09,
2025-10-03,B-CKUMRG,0.0018658807170743,Company_B_14,B,NorthAmerica,0.3168593915784876,0.0326507484231694,Large,stable,legacy,87,0.0012570528124232,35359823.88189043,2025-07-09,
2025-10-06,B-CKUMRG,0.0106190321552843,Company_B_14,B,NorthAmerica,0.3168593915784876,0.0326507484231694,Large,stable,legacy,87,0.0191824545318301,35359823.88189043,2025-07-09,
2025-10-07,B-CKUMRG,-0.0085904296089562,Company_B_14,B,NorthAmerica,0.3168593915784876,0.0326507484231694,Large,stable,legacy,87,-0.0315562534880117,35359823.88189043,2025-07-09,
2025-10-08,B-CKUMRG,-0.0167441962831643,Company_B_14,B,NorthAmerica,0.3168593915784876,0.0326507484231694,Large,stable,legacy,87,-0.0126125562157682,35359823.88189043,2025-07-09,
2025-10-09,B-CKUMRG,-0.0065075659597412,Company_B_14,B,NorthAmerica,0.3168593915784876,0.0326507484231694,Large,stable,legacy,87,-0.0182787295370303,35359823.88189043,2025-07-09,
2025-10-10,B-CKUMRG,-0.0161144168327192,Company_B_14,B,NorthAmerica,0.3168593915784876,0.0326507484231694,Large,stable,legacy,87,0.0022168841621003,35359823.88189043,2025-07-09,
2025-11-03,B-CKUMRG,-0.0079675775155556,Company_B_14,B,NorthAmerica,0.3168593915784876,0.0326507484231694,Large,stable,legacy,87,-0.0005455947933683,35359823.88189043,2025-07-09,
2025-11-04,B-CKUMRG,-0.0177558299870303,Company_B_14,B,NorthAmerica,0.3168593915784876,0.0326507484231694,Large,stable,legacy,87,-0.0227663271628853,35359823.88189043,2025-07-09,
2025-11-05,B-CKUMRG,0.068604859157503,Company_B_14,B,NorthAmerica,0.3168593915784876,0.0326507484231694,Large,stable,legacy,87,0.0329021640544153,35359823.88189043,2025-07-09,
2025-11-06,B-CKUMRG,0.0425453848729113,Company_B_14,B,NorthAmerica,0.3168593915784876,0.0326507484231694,Large,stable,legacy,87,0.0261796770562837,35359823.88189043,2025-07-09,
2025-11-07,B-CKUMRG,0.0096914809617409,Company_B_14,B,NorthAmerica,0.3168593915784876,0.0326507484231694,Large,stable,legacy,87,-0.0026152260671159,35359823.88189043,2025-07-09,
2025-11-10,B-CKUMRG,0.0143209094174457,Company_B_14,B,NorthAmerica,0.3168593915784876,0.0326507484231694,Large,stable,legacy,87,-0.0099451696321556,35359823.88189043,2025-07-09,
2025-11-11,B-CKUMRG,0.0185351916438662,Company_B_14,B,NorthAmerica,0.3168593915784876,0.0326507484231694,Large,stable,legacy,87,0.0071147820767182,35359823.88189043,2025-07-09,
2025-11-12,B-CKUMRG,-0.0138435968964498,Company_B_14,B,NorthAmerica,0.3168593915784876,0.0326507484231694,Large,stable,legacy,87,-0.0288607520326152,35359823.88189043,2025-07-09,
2025-12-01,B-CKUMRG,-0.0099677460460259,Company_B_14,B,NorthAmerica,0.3168593915784876,0.0326507484231694,Large,stable,legacy,87,0.0032907517570993,35359823.88189043,2025-07-09,
2025-12-02,B-CKUMRG,-0.0646872004885861,Company_B_14,B,NorthAmerica,0.3168593915784876,0.0326507484231694,Large,stable,legacy,87,,35359823.88189043,2025-07-09,
2025-12-03,B-CKUMRG,-0.0205140063558247,Company_B_14,B,NorthAmerica,0.3168593915784876,0.0326507484231694,Large,stable,legacy,87,-0.0108077946280547,35359823.88189043,2025-07-09,
2025-12-04,B-CKUMRG,0.0118105183494172,Company_B_14,B,NorthAmerica,0.3168593915784876,0.0326507484231694,Large,stable,legacy,87,0.0224254442272963,35359823.88189043,2025-07-09,
2025-12-05,B-CKUMRG,0.0266510431146927,Company_B_14,B,NorthAmerica,0.3168593915784876,0.0326507484231694,Large,stable,legacy,87,0.0141371876711961,35359823.88189043,2025-07-09,
2025-12-08,B-CKUMRG,0.0073651715117214,Company_B_14,B,NorthAmerica,0.3168593915784876,0.0326507484231694,Large,stable,legacy,87,0.004564055137615,35359823.88189043,2025-07-09,
2025-12-09,B-CKUMRG,-0.0160545710296018,Company_B_14,B,NorthAmerica,0.3168593915784876,0.0326507484231694,Large,stable,legacy,87,,35359823.88189043,2025-07-09,
2025-12-10,B-CKUMRG,0.0229291211185108,Company_B_14,B,NorthAmerica,0.3168593915784876,0.0326507484231694,Large,stable,legacy,87,0.0187045985583545,35359823.88189043,2025-07-09,
2025-12-11,B-CKUMRG,0.0347935057419348,Company_B_14,B,NorthAmerica,0.3168593915784876,0.0326507484231694,Large,stable,legacy,87,-0.0061635450064645,35359823.88189043,2025-07-09,
2025-12-12,B-CKUMRG,0.0341868157551198,Company_B_14,B,NorthAmerica,0.3168593915784876,0.0326507484231694,Large,stable,legacy,87,0.0093768957427672,35359823.88189043,2025-07-09,
2025-11-03,B-CUJ2V2,-0.0095715108464876,Company_B_38,B,North America,0.5625085201248153,0.0437620750599563,Mid,stable,satellite,83,-0.0005455947933683,32401684.59601034,2025-10-22,review
2025-11-04,B-CUJ2V2,-0.0489887749153312,Company_B_38,B,North America,0.5625085201248153,0.0437620750599563,Mid,stable,satellite,83,-0.0227663271628853,32401684.59601034,2025-10-22,review
2025-11-06,B-CUJ2V2,-0.0114970934381641,Company_B_38,B,North America,0.5625085201248153,0.0437620750599563,Mid,stable,satellite,83,0.0261796770562837,32401684.59601034,2025-10-22,review
2025-11-07,B-CUJ2V2,-0.0152049443716292,Company_B_38,B,North America,0.5625085201248153,0.0437620750599563,Mid,stable,satellite,83,-0.0026152260671159,32401684.59601034,2025-10-22,review
2025-11-10,B-CUJ2V2,-0.0475709224533814,Company_B_38,B,North America,0.5625085201248153,0.0437620750599563,Mid,stable,satellite,83,-0.0099451696321556,32401684.59601034,2025-10-22,review
2025-11-11,B-CUJ2V2,-0.0166668441581647,Company_B_38,B,North America,0.5625085201248153,0.0437620750599563,Mid,stable,satellite,83,0.0071147820767182,32401684.59601034,2025-10-22,review
2025-11-12,B-CUJ2V2,-0.0468525611034778,Company_B_38,B,North America,0.5625085201248153,0.0437620750599563,Mid,stable,satellite,83,-0.0288607520326152,32401684.59601034,2025-10-22,review
2025-12-01,B-CUJ2V2,0.0017030320101959,Company_B_38,B,North America,0.5625085201248153,0.0437620750599563,Mid,stable,satellite,83,0.0032907517570993,32401684.59601034,2025-10-22,review
2025-12-02,B-CUJ2V2,-0.0020463264282341,Company_B_38,B,North America,0.5625085201248153,0.0437620750599563,Mid,stable,satellite,83,,32401684.59601034,2025-10-22,review
2025-12-03,B-CUJ2V2,-0.0219533165940238,Company_B_38,B,North America,0.5625085201248153,0.0437620750599563,Mid,stable,satellite,83,-0.0108077946280547,32401684.59601034,2025-10-22,review
2025-12-04,B-CUJ2V2,0.0865475709152493,Company_B_38,B,North America,0.5625085201248153,0.0437620750599563,Mid,stable,satellite,83,0.0224254442272963,32401684.59601034,2025-10-22,review
2025-12-05,B-CUJ2V2,0.0311878429335125,Company_B_38,B,North America,0.5625085201248153,0.0437620750599563,Mid,stable,satellite,83,0.0141371876711961,32401684.59601034,2025-10-22,review
2025-12-08,B-CUJ2V2,-0.0005269086106579,Company_B_38,B,North America,0.5625085201248153,0.0437620750599563,Mid,stable,satellite,83,0.004564055137615,32401684.59601034,2025-10-22,review
2025-12-09,B-CUJ2V2,,Company_B_38,B,North America,0.5625085201248153,0.0437620750599563,Mid,stable,satellite,83,,32401684.59601034,2025-10-22,review
2025-12-10,B-CUJ2V2,0.0160466765954652,Company_B_38,B,North America,0.5625085201248153,0.0437620750599563,Mid,stable,satellite,83,0.0187045985583545,32401684.59601034,2025-10-22,review
2025-12-11,B-CUJ2V2,-0.0069531647838491,Company_B_38,B,North America,0.5625085201248153,0.0437620750599563,Mid,stable,satellite,83,-0.0061635450064645,32401684.59601034,2025-10-22,review
2025-12-12,B-CUJ2V2,0.0221766171128048,Company_B_38,B,North America,0.5625085201248153,0.0437620750599563,Mid,stable,satellite,83,0.0093768957427672,32401684.59601034,2025-10-22,review
2025-04-03,B-FVUAOK,0.0117158657223894,Company_B_24,B,Europe,0.5189843392837443,0.0248162426031954,Mid,manual review,,52,-0.0037462404383459,12382703.597104952,2025-04-02,review
2025-04-04,B-FVUAOK,0.0154422599678519,Company_B_24,B,Europe,0.5189843392837443,0.0248162426031954,Mid,manual review,,52,0.0147203918974813,12382703.597104952,2025-04-02,review
2025-04-07,B-FVUAOK,0.0036925514258108,Company_B_24,B,Europe,0.5189843392837443,0.0248162426031954,Mid,manual review,,52,0.0246663868926757,12382703.597104952,2025-04-02,review
2025-04-08,B-FVUAOK,0.0378704460014279,Company_B_24,B,Europe,0.5189843392837443,0.0248162426031954,Mid,manual review,,52,0.0056866936253566,12382703.597104952,2025-04-02,review
2025-04-09,B-FVUAOK,-0.0089241232284905,Company_B_24,B,Europe,0.5189843392837443,0.0248162426031954,Mid,manual review,,52,-0.0004650774196358,12382703.597104952,2025-04-02,review
2025-04-10,B-FVUAOK,0.00359310921806,Company_B_24,B,Europe,0.5189843392837443,0.0248162426031954,Mid,manual review,,52,-0.0095558031349188,12382703.597104952,2025-04-02,review
2025-04-11,B-FVUAOK,0.0005725258410947,Company_B_24,B,Europe,0.5189843392837443,0.0248162426031954,Mid,manual review,,52,0.0326847601054619,12382703.597104952,2025-04-02,review
2025-05-01,B-FVUAOK,0.0285313817359954,Company_B_24,B,Europe,0.5189843392837443,0.0248162426031954,Mid,manual review,,52,0.0140277458538761,12382703.597104952,2025-04-02,review
2025-05-02,B-FVUAOK,-0.0627197972879952,Company_B_24,B,Europe,0.5189843392837443,0.0248162426031954,Mid,manual review,,52,-0.0237675804038153,12382703.597104952,2025-04-02,review
2025-05-05,B-FVUAOK,-0.0093621907230668,Company_B_24,B,Europe,0.5189843392837443,0.0248162426031954,Mid,manual review,,52,-0.0102126348852569,12382703.597104952,2025-04-02,review
2025-05-06,B-FVUAOK,-0.0266125453222379,Company_B_24,B,Europe,0.5189843392837443,0.0248162426031954,Mid,manual review,,52,-0.030025691323182,12382703.597104952,2025-04-02,review
2025-05-07,B-FVUAOK,-0.0316371462780482,Company_B_24,B,Europe,0.5189843392837443,0.0248162426031954,Mid,manual review,,52,-0.0045847799145338,12382703.597104952,2025-04-02,review
2025-05-08,B-FVUAOK,-0.0322770218623762,Company_B_24,B,Europe,0.5189843392837443,0.0248162426031954,Mid,manual review,,52,-0.0100549327049622,12382703.597104952,2025-04-02,review
2025-05-09,B-FVUAOK,0.0231485516103789,Company_B_24,B,Europe,0.5189843392837443,0.0248162426031954,Mid,manual review,,52,-0.0108788433685402,12382703.597104952,2025-04-02,review
2025-05-12,B-FVUAOK,-0.004041772097093,Company_B_24,B,Europe,0.5189843392837443,0.0248162426031954,Mid,manual review,,52,0.013255782941715,12382703.597104952,2025-04-02,review
2025-06-02,B-FVUAOK,0.0439580428812211,Company_B_24,B,Europe,0.5189843392837443,0.0248162426031954,Mid,manual review,,52,0.0084439877167436,12382703.597104952,2025-04-02,review
2025-06-03,B-FVUAOK,-0.0378631162023484,Company_B_24,B,Europe,0.5189843392837443,0.0248162426031954,Mid,manual review,,52,-0.0167736228582782,12382703.597104952,2025-04-02,review
2025-06-04,B-FVUAOK,0.0031778274451552,Company_B_24,B,Europe,0.5189843392837443,0.0248162426031954,Mid,manual review,,52,-0.0043931427354546,12382703.597104952,2025-04-02,review
2025-06-05,B-FVUAOK,0.0604746660578197,Company_B_24,B,Europe,0.5189843392837443,0.0248162426031954,Mid,manual review,,52,-0.0005637740370175,12382703.597104952,2025-04-02,review
2025-06-06,B-FVUAOK,-0.0016668954016236,Company_B_24,B,Europe,0.5189843392837443,0.0248162426031954,Mid,manual review,,52,,12382703.597104952,2025-04-02,review
2025-06-09,B-FVUAOK,0.0462509005526936,Company_B_24,B,Europe,0.5189843392837443,0.0248162426031954,Mid,manual review,,52,0.0184277164951934,12382703.597104952,2025-04-02,review
2025-06-10,B-FVUAOK,0.0282093500168113,Company_B_24,B,Europe,0.5189843392837443,0.0248162426031954,Mid,manual review,,52,0.0077210052577763,12382703.597104952,2025-04-02,review
2025-06-12,B-FVUAOK,0.0539825953847845,Company_B_24,B,Europe,0.5189843392837443,0.0248162426031954,Mid,manual review,,52,0.008891025310106,12382703.597104952,2025-04-02,review
2025-07-01,B-FVUAOK,0.0440770960450003,Company_B_24,B,Europe,0.5189843392837443,0.0248162426031954,Mid,manual review,,52,,12382703.597104952,2025-04-02,review
2025-07-02,B-FVUAOK,9.32965475814989e-05,Company_B_24,B,Europe,0.5189843392837443,0.0248162426031954,Mid,manual review,,52,-0.0047848339291268,12382703.597104952,2025-04-02,review
2025-07-03,B-FVUAOK,,Company_B_24,B,Europe,0.5189843392837443,0.0248162426031954,Mid,manual review,,52,-0.0300041296283168,12382703.597104952,2025-04-02,review
2025-07-04,B-FVUAOK,0.0104593865611831,Company_B_24,B,Europe,0.5189843392837443,0.0248162426031954,Mid,manual review,,52,0.0056822404651326,12382703.597104952,2025-04-02,review
2025-07-07,B-FVUAOK,0.0101337365558941,Company_B_24,B,Europe,0.5189843392837443,0.0248162426031954,Mid,manual review,,52,-0.0260411084866903,12382703.597104952,2025-04-02,review
2025-07-08,B-FVUAOK,-0.0072573403291235,Company_B_24,B,Europe,0.5189843392837443,0.0248162426031954,Mid,manual review,,52,,12382703.597104952,2025-04-02,review
2025-07-09,B-FVUAOK,-0.0167196273654119,Company_B_24,B,Europe,0.5189843392837443,0.0248162426031954,Mid,manual review,,52,-0.0023271599388046,12382703.597104952,2025-04-02,review
2025-07-10,B-FVUAOK,0.0178559055836233,Company_B_24,B,Europe,0.5189843392837443,0.0248162426031954,Mid,manual review,,52,,12382703.597104952,2025-04-02,review
2025-07-11,B-FVUAOK,0.0123154877061244,Company_B_24,B,Europe,0.5189843392837443,0.0248162426031954,Mid,manual review,,52,-0.0120507403461468,12382703.597104952,2025-04-02,review
2025-08-01,B-FVUAOK,0.0040769547806963,Company_B_24,B,Europe,0.5189843392837443,0.0248162426031954,Mid,manual review,,52,0.0040039417401903,12382703.597104952,2025-04-02,review
2025-08-04,B-FVUAOK,-0.0314388271602284,Company_B_24,B,Europe,0.5189843392837443,0.0248162426031954,Mid,manual review,,52,0.0114973593521953,12382703.597104952,2025-04-02,review
2025-08-05,B-FVUAOK,-0.0385792650190911,Company_B_24,B,Europe,0.5189843392837443,0.0248162426031954,Mid,manual review,,52,-0.0172789147832154,12382703.597104952,2025-04-02,review
2025-08-06,B-FVUAOK,0.0079913352843247,Company_B_24,B,Europe,0.5189843392837443,0.0248162426031954,Mid,manual review,,52,0.0002102521817928,12382703.597104952,2025-04-02,review
2025-08-07,B-FVUAOK,,Company_B_24,B,Europe,0.5189843392837443,0.0248162426031954,Mid,manual review,,52,0.0187115199297718,12382703.597104952,2025-04-02,review
2025-08-08,B-FVUAOK,-0.0073114871250501,Company_B_24,B,Europe,0.5189843392837443,0.0248162426031954,Mid,manual review,,52,0.0105064073241729,12382703.597104952,2025-04-02,review
2025-08-12,B-FVUAOK,0.0125311981878191,Company_B_24,B,Europe,0.5189843392837443,0.0248162426031954,Mid,manual review,,52,-0.0015097488640975,12382703.597104952,2025-04-02,review
2025-09-01,B-FVUAOK,-0.078420989308492,Company_B_24,B,Europe,0.5189843392837443,0.0248162426031954,Mid,manual review,,52,-0.0182440765094434,12382703.597104952,2025-04-02,review
2025-09-02,B-FVUAOK,0.0041616369120286,Company_B_24,B,Europe,0.5189843392837443,0.0248162426031954,Mid,manual review,,52,0.000493033588286,12382703.597104952,2025-04-02,review
2025-09-03,B-FVUAOK,-0.0213106760783854,Company_B_24,B,Europe,0.5189843392837443,0.0248162426031954,Mid,manual review,,52,-0.0130870635919819,12382703.597104952,2025-04-02,review
2025-09-04,B-FVUAOK,,Company_B_24,B,Europe,0.5189843392837443,0.0248162426031954,Mid,manual review,,52,0.0003558120086072,12382703.597104952,2025-04-02,review
2025-09-05,B-FVUAOK,0.0352407239583295,Company_B_24,B,Europe,0.5189843392837443,0.0248162426031954,Mid,manual review,,52,-0.0087005818517411,12382703.597104952,2025-04-02,review
2025-09-08,B-FVUAOK,0.0205669013129975,Company_B_24,B,Europe,0.5189843392837443,0.0248162426031954,Mid,manual review,,52,0.0023920822452534,12382703.597104952,2025-04-02,review
2025-09-09,B-FVUAOK,-0.005858228520502,Company_B_24,B,Europe,0.5189843392837443,0.0248162426031954,Mid,manual review,,52,-0.0026480819129213,12382703.597104952,2025-04-02,review
2025-09-10,B-FVUAOK,-0.0276632180968232,Company_B_24,B,Europe,0.5189843392837443,0.0248162426031954,Mid,manual review,,52,-0.0320681829492234,12382703.597104952,2025-04-02,review
2025-09-11,B-FVUAOK,0.0020757689461377,Company_B_24,B,Europe,0.5189843392837443,0.0248162426031954,Mid,manual review,,52,-0.0042222927259599,12382703.597104952,2025-04-02,review
2025-09-12,B-FVUAOK,-0.0316355879857292,Company_B_24,B,Europe,0.5189843392837443,0.0248162426031954,Mid,manual review,,52,0.0046539284908583,12382703.597104952,2025-04-02,review
2025-10-01,B-FVUAOK,0.0022855563903362,Company_B_24,B,Europe,0.5189843392837443,0.0248162426031954,Mid,manual review,,52,,12382703.597104952,2025-04-02,review
2025-10-02,B-FVUAOK,-0.0362858958140614,Company_B_24,B,Europe,0.5189843392837443,0.0248162426031954,Mid,manual review,,52,-0.0139835436674951,12382703.597104952,2025-04-02,review
2025-10-03,B-FVUAOK,,Company_B_24,B,Europe,0.5189843392837443,0.0248162426031954,Mid,manual review,,52,0.0012570528124232,12382703.597104952,2025-04-02,review
2025-10-06,B-FVUAOK,0.0033006963928818,Company_B_24,B,Europe,0.5189843392837443,0.0248162426031954,Mid,manual review,,52,0.0191824545318301,12382703.597104952,2025-04-02,review
2025-10-07,B-FVUAOK,-0.0548379687390058,Company_B_24,B,Europe,0.5189843392837443,0.0248162426031954,Mid,manual review,,52,-0.0315562534880117,12382703.597104952,2025-04-02,review
2025-10-08,B-FVUAOK,-0.0144820970852597,Company_B_24,B,Europe,0.5189843392837443,0.0248162426031954,Mid,manual review,,52,-0.0126125562157682,12382703.597104952,2025-04-02,review
2025-10-09,B-FVUAOK,-0.0641870692311942,Company_B_24,B,Europe,0.5189843392837443,0.0248162426031954,Mid,manual review,,52,-0.0182787295370303,12382703.597104952,2025-04-02,review
2025-10-10,B-FVUAOK,0.0130266430082987,Company_B_24,B,Europe,0.5189843392837443,0.0248162426031954,Mid,manual review,,52,0.0022168841621003,12382703.597104952,2025-04-02,review
2025-11-03,B-FVUAOK,0.0273635533101475,Company_B_24,B,Europe,0.5189843392837443,0.0248162426031954,Mid,manual review,,52,-0.0005455947933683,12382703.597104952,2025-04-02,review
2025-11-04,B-FVUAOK,-0.043902773459857,Company_B_24,B,Europe,0.5189843392837443,0.0248162426031954,Mid,manual review,,52,-0.0227663271628853,12382703.597104952,2025-04-02,review
2025-11-05,B-FVUAOK,0.0161773026592,Company_B_24,B,Europe,0.5189843392837443,0.0248162426031954,Mid,manual review,,52,0.0329021640544153,12382703.597104952,2025-04-02,review
2025-11-06,B-FVUAOK,0.0133557762724598,Company_B_24,B,Europe,0.5189843392837443,0.0248162426031954,Mid,manual review,,52,0.0261796770562837,12382703.597104952,2025-04-02,review
2025-11-07,B-FVUAOK,-0.0202236358908219,Company_B_24,B,Europe,0.5189843392837443,0.0248162426031954,Mid,manual review,,52,-0.0026152260671159,12382703.597104952,2025-04-02,review
2025-11-10,B-FVUAOK,-0.0159132930983881,Company_B_24,B,Europe,0.5189843392837443,0.0248162426031954,Mid,manual review,,52,-0.0099451696321556,12382703.597104952,2025-04-02,review
2025-11-12,B-FVUAOK,-0.0251753468143714,Company_B_24,B,Europe,0.5189843392837443,0.0248162426031954,Mid,manual review,,52,-0.0288607520326152,12382703.597104952,2025-04-02,review
2025-12-01,B-FVUAOK,-0.0300078383323796,Company_B_24,B,Europe,0.5189843392837443,0.0248162426031954,Mid,manual review,,52,0.0032907517570993,12382703.597104952,2025-04-02,review
2025-12-02,B-FVUAOK,,Company_B_24,B,Europe,0.5189843392837443,0.0248162426031954,Mid,manual review,,52,,12382703.597104952,2025-04-02,review
2025-12-05,B-FVUAOK,0.0002113985792112,Company_B_24,B,Europe,0.5189843392837443,0.0248162426031954,Mid,manual review,,52,0.0141371876711961,12382703.597104952,2025-04-02,review
2025-12-08,B-FVUAOK,-0.0059201961975641,Company_B_24,B,Europe,0.5189843392837443,0.0248162426031954,Mid,manual review,,52,0.004564055137615,12382703.597104952,2025-04-02,review
2025-12-09,B-FVUAOK,-0.018110738364384,Company_B_24,B,Europe,0.5189843392837443,0.0248162426031954,Mid,manual review,,52,,12382703.597104952,2025-04-02,review
2025-12-10,B-FVUAOK,0.0311312995470154,Company_B_24,B,Europe,0.5189843392837443,0.0248162426031954,Mid,manual review,,52,0.0187045985583545,12382703.597104952,2025-04-02,review
2025-12-11,B-FVUAOK,-0.0032663803957599,Company_B_24,B,Europe,0.5189843392837443,0.0248162426031954,Mid,manual review,,52,-0.0061635450064645,12382703.597104952,2025-04-02,review
2025-12-12,B-FVUAOK,0.0237028150405876,Company_B_24,B,Europe,0.5189843392837443,0.0248162426031954,Mid,manual review,,52,0.0093768957427672,12382703.597104952,2025-04-02,review
2025-09-01,B-HVWXAK,-0.019778486210647,Company_B_37,B,South America,0.5835807896314338,0.037445454357923,Large,watchlist,core,35,-0.0182440765094434,22600622.79431236,2025-08-27,
2025-09-02,B-HVWXAK,0.0075436061959874,Company_B_37,B,South America,0.5835807896314338,0.037445454357923,Large,watchlist,core,35,0.000493033588286,22600622.79431236,2025-08-27,
2025-09-03,B-HVWXAK,0.014075021324528,Company_B_37,B,South America,0.5835807896314338,0.037445454357923,Large,watchlist,core,35,-0.0130870635919819,22600622.79431236,2025-08-27,
2025-09-04,B-HVWXAK,-0.00023101609665,Company_B_37,B,South America,0.5835807896314338,0.037445454357923,Large,watchlist,core,35,0.0003558120086072,22600622.79431236,2025-08-27,
2025-09-05,B-HVWXAK,-0.0056886625220801,Company_B_37,B,South America,0.5835807896314338,0.037445454357923,Large,watchlist,core,35,-0.0087005818517411,22600622.79431236,2025-08-27,
2025-09-08,B-HVWXAK,0.0155567679278461,Company_B_37,B,South America,0.5835807896314338,0.037445454357923,Large,watchlist,core,35,0.0023920822452534,22600622.79431236,2025-08-27,
2025-09-09,B-HVWXAK,-0.0172648406877456,Company_B_37,B,South America,0.5835807896314338,0.037445454357923,Large,watchlist,core,35,-0.0026480819129213,22600622.79431236,2025-08-27,
2025-09-10,B-HVWXAK,-0.0244413658858977,Company_B_37,B,South America,0.5835807896314338,0.037445454357923,Large,watchlist,core,35,-0.0320681829492234,22600622.79431236,2025-08-27,
2025-09-11,B-HVWXAK,-0.0216462479314157,Company_B_37,B,South America,0.5835807896314338,0.037445454357923,Large,watchlist,core,35,-0.0042222927259599,22600622.79431236,2025-08-27,
2025-10-01,B-HVWXAK,-0.0011971324986729,Company_B_37,B,South America,0.5835807896314338,0.037445454357923,Large,watchlist,core,35,,22600622.79431236,2025-08-27,
2025-10-02,B-HVWXAK,-0.019244469267764,Company_B_37,B,South America,0.5835807896314338,0.037445454357923,Large,watchlist,core,35,-0.0139835436674951,22600622.79431236,2025-08-27,
2025-10-03,B-HVWXAK,-0.0208377581894486,Company_B_37,B,South America,0.5835807896314338,0.037445454357923,Large,watchlist,core,35,0.0012570528124232,22600622.79431236,2025-08-27,
2025-10-06,B-HVWXAK,0.0289838802028755,Company_B_37,B,South America,0.5835807896314338,0.037445454357923,Large,watchlist,core,35,0.0191824545318301,22600622.79431236,2025-08-27,
2025-10-07,B-HVWXAK,-0.0025826686545688,Company_B_37,B,South America,0.5835807896314338,0.037445454357923,Large,watchlist,core,35,-0.0315562534880117,22600622.79431236,2025-08-27,
2025-10-08,B-HVWXAK,0.0029364425996728,Company_B_37,B,South America,0.5835807896314338,0.037445454357923,Large,watchlist,core,35,-0.0126125562157682,22600622.79431236,2025-08-27,
2025-10-09,B-HVWXAK,-0.0125329778372854,Company_B_37,B,South America,0.5835807896314338,0.037445454357923,Large,watchlist,core,35,-0.0182787295370303,22600622.79431236,2025-08-27,
2025-10-10,B-HVWXAK,0.0002910087195674,Company_B_37,B,South America,0.5835807896314338,0.037445454357923,Large,watchlist,core,35,0.0022168841621003,22600622.79431236,2025-08-27,
2025-11-03,B-HVWXAK,-0.0210457372697461,Company_B_37,B,South America,0.5835807896314338,0.037445454357923,Large,watchlist,core,35,-0.0005455947933683,22600622.79431236,2025-08-27,
2025-11-05,B-HVWXAK,-0.0207542575082745,Company_B_37,B,South America,0.5835807896314338,0.037445454357923,Large,watchlist,core,35,0.0329021640544153,22600622.79431236,2025-08-27,
2025-11-06,B-HVWXAK,0.0119502326337225,Company_B_37,B,South America,0.5835807896314338,0.037445454357923,Large,watchlist,core,35,0.0261796770562837,22600622.79431236,2025-08-27,
2025-11-07,B-HVWXAK,-0.0313288549167198,Company_B_37,B,South America,0.5835807896314338,0.037445454357923,Large,watchlist,core,35,-0.0026152260671159,22600622.79431236,2025-08-27,
2025-11-10,B-HVWXAK,0.0110683828475149,Company_B_37,B,South America,0.5835807896314338,0.037445454357923,Large,watchlist,core,35,-0.0099451696321556,22600622.79431236,2025-08-27,
2025-11-12,B-HVWXAK,-0.0319457273800694,Company_B_37,B,South America,0.5835807896314338,0.037445454357923,Large,watchlist,core,35,-0.0288607520326152,22600622.79431236,2025-08-27,
2025-12-01,B-HVWXAK,-0.0413673809492102,Company_B_37,B,South America,0.5835807896314338,0.037445454357923,Large,watchlist,core,35,0.0032907517570993,22600622.79431236,2025-08-27,
2025-12-02,B-HVWXAK,-0.0277542866056454,Company_B_37,B,South America,0.5835807896314338,0.037445454357923,Large,watchlist,core,35,,22600622.79431236,2025-08-27,
2025-12-03,B-HVWXAK,-0.0263585731156617,Company_B_37,B,South America,0.5835807896314338,0.037445454357923,Large,watchlist,core,35,-0.0108077946280547,22600622.79431236,2025-08-27,
2025-12-04,B-HVWXAK,0.0668082945699071,Company_B_37,B,South America,0.5835807896314338,0.037445454357923,Large,watchlist,core,35,0.0224254442272963,22600622.79431236,2025-08-27,
2025-12-05,B-HVWXAK,-0.0077881399308471,Company_B_37,B,South America,0.5835807896314338,0.037445454357923,Large,watchlist,core,35,0.0141371876711961,22600622.79431236,2025-08-27,
2025-12-08,B-HVWXAK,-0.0454244102511687,Company_B_37,B,South America,0.5835807896314338,0.037445454357923,Large,watchlist,core,35,0.004564055137615,22600622.79431236,2025-08-27,
2025-12-09,B-HVWXAK,0.0231964588782668,Company_B_37,B,South America,0.5835807896314338,0.037445454357923,Large,watchlist,core,35,,22600622.79431236,2025-08-27,
2025-12-10,B-HVWXAK,-0.0463980190058385,Company_B_37,B,South America,0.5835807896314338,0.037445454357923,Large,watchlist,core,35,0.0187045985583545,22600622.79431236,2025-08-27,
2025-12-11,B-HVWXAK,-0.0132219568917218,Company_B_37,B,South America,0.5835807896314338,0.037445454357923,Large,watchlist,core,35,-0.0061635450064645,22600622.79431236,2025-08-27,
2025-12-12,B-HVWXAK,0.0263509117135869,Company_B_37,B,South America,0.5835807896314338,0.037445454357923,Large,watchlist,core,35,0.0093768957427672,22600622.79431236,2025-08-27,
2025-02-03,B-IOC2XD,-0.0114426735238092,Company_B_28,B,Europe,0.4363384716897764,0.0387879212756317,Large,manual review,core,13,-0.0129161605812873,36960381.26215227,2025-01-29,legacy
2025-02-04,B-IOC2XD,0.0098318271763333,Company_B_28,B,Europe,0.4363384716897764,0.0387879212756317,Large,manual review,core,13,0.0146645598591776,36960381.26215227,2025-01-29,legacy
2025-02-05,B-IOC2XD,0.0624146762192553,Company_B_28,B,Europe,0.4363384716897764,0.0387879212756317,Large,manual review,core,13,0.0368528512948007,36960381.26215227,2025-01-29,legacy
2025-02-06,B-IOC2XD,0.0030502375453325,Company_B_28,B,Europe,0.4363384716897764,0.0387879212756317,Large,manual review,core,13,-0.0028169333638068,36960381.26215227,2025-01-29,legacy
2025-02-07,B-IOC2XD,0.0054142021640953,Company_B_28,B,Europe,0.4363384716897764,0.0387879212756317,Large,manual review,core,13,0.0037946313290671,36960381.26215227,2025-01-29,legacy
2025-02-10,B-IOC2XD,0.0728270802667481,Company_B_28,B,Europe,0.4363384716897764,0.0387879212756317,Large,manual review,core,13,,36960381.26215227,2025-01-29,legacy
2025-02-11,B-IOC2XD,,Company_B_28,B,Europe,0.4363384716897764,0.0387879212756317,Large,manual review,core,13,0.0062881352120187,36960381.26215227,2025-01-29,legacy
2025-02-12,B-IOC2XD,-0.0516781113628802,Company_B_28,B,Europe,0.4363384716897764,0.0387879212756317,Large,manual review,core,13,-0.0208527580455251,36960381.26215227,2025-01-29,legacy
2025-03-03,B-IOC2XD,0.0337630168891798,Company_B_28,B,Europe,0.4363384716897764,0.0387879212756317,Large,manual review,core,13,0.0241394851882321,36960381.26215227,2025-01-29,legacy
2025-03-04,B-IOC2XD,-0.0170853606351216,Company_B_28,B,Europe,0.4363384716897764,0.0387879212756317,Large,manual review,core,13,-0.0101597991216656,36960381.26215227,2025-01-29,legacy
2025-03-05,B-IOC2XD,-0.0013605068704173,Company_B_28,B,Europe,0.4363384716897764,0.0387879212756317,Large,manual review,core,13,0.0075017569132821,36960381.26215227,2025-01-29,legacy
2025-03-06,B-IOC2XD,0.0342915377798172,Company_B_28,B,Europe,0.4363384716897764,0.0387879212756317,Large,manual review,core,13,0.0066686231237621,36960381.26215227,2025-01-29,legacy
2025-03-07,B-IOC2XD,0.0142328083842003,Company_B_28,B,Europe,0.4363384716897764,0.0387879212756317,Large,manual review,core,13,0.0112572342293805,36960381.26215227,2025-01-29,legacy
2025-03-10,B-IOC2XD,0.0091533098401192,Company_B_28,B,Europe,0.4363384716897764,0.0387879212756317,Large,manual review,core,13,-0.017433239731723,36960381.26215227,2025-01-29,legacy
2025-03-11,B-IOC2XD,0.0503772896800388,Company_B_28,B,Europe,0.4363384716897764,0.0387879212756317,Large,manual review,core,13,-0.0023939118081542,36960381.26215227,2025-01-29,legacy
2025-03-12,B-IOC2XD,0.0096094053642295,Company_B_28,B,Europe,0.4363384716897764,0.0387879212756317,Large,manual review,core,13,0.0319413685846036,36960381.26215227,2025-01-29,legacy
2025-04-01,B-IOC2XD,-0.0018157235175424,Company_B_28,B,Europe,0.4363384716897764,0.0387879212756317,Large,manual review,core,13,0.0115957818789293,36960381.26215227,2025-01-29,legacy
2025-04-02,B-IOC2XD,0.0534115795542599,Company_B_28,B,Europe,0.4363384716897764,0.0387879212756317,Large,manual review,core,13,0.0186776451485401,36960381.26215227,2025-01-29,legacy
2025-04-03,B-IOC2XD,-0.0212213148297042,Company_B_28,B,Europe,0.4363384716897764,0.0387879212756317,Large,manual review,core,13,-0.0037462404383459,36960381.26215227,2025-01-29,legacy
2025-04-04,B-IOC2XD,0.0017938588254378,Company_B_28,B,Europe,0.4363384716897764,0.0387879212756317,Large,manual review,core,13,0.0147203918974813,36960381.26215227,2025-01-29,legacy
2025-04-07,B-IOC2XD,0.0109872950302258,Company_B_28,B,Europe,0.4363384716897764,0.0387879212756317,Large,manual review,core,13,0.0246663868926757,36960381.26215227,2025-01-29,legacy
2025-04-08,B-IOC2XD,0.0100736113933032,Company_B_28,B,Europe,0.4363384716897764,0.0387879212756317,Large,manual review,core,13,0.0056866936253566,36960381.26215227,2025-01-29,legacy
2025-04-09,B-IOC2XD,0.0067937795279205,Company_B_28,B,Europe,0.4363384716897764,0.0387879212756317,Large,manual review,core,13,-0.0004650774196358,36960381.26215227,2025-01-29,legacy
2025-04-10,B-IOC2XD,-0.0226011951684912,Company_B_28,B,Europe,0.4363384716897764,0.0387879212756317,Large,manual review,core,13,-0.0095558031349188,36960381.26215227,2025-01-29,legacy
2025-04-11,B-IOC2XD,0.0269268961883522,Company_B_28,B,Europe,0.4363384716897764,0.0387879212756317,Large,manual review,core,13,0.0326847601054619,36960381.26215227,2025-01-29,legacy
2025-05-01,B-IOC2XD,-0.0142365349414123,Company_B_28,B,Europe,0.4363384716897764,0.0387879212756317,Large,manual review,core,13,0.0140277458538761,36960381.26215227,2025-01-29,legacy
2025-05-02,B-IOC2XD,-0.0045712222238072,Company_B_28,B,Europe,0.4363384716897764,0.0387879212756317,Large,manual review,core,13,-0.0237675804038153,36960381.26215227,2025-01-29,legacy
2025-05-05,B-IOC2XD,-0.0073418855803518,Company_B_28,B,Europe,0.4363384716897764,0.0387879212756317,Large,manual review,core,13,-0.0102126348852569,36960381.26215227,2025-01-29,legacy
2025-05-06,B-IOC2XD,-0.0384807019067059,Company_B_28,B,Europe,0.4363384716897764,0.0387879212756317,Large,manual review,core,13,-0.030025691323182,36960381.26215227,2025-01-29,legacy
2025-05-07,B-IOC2XD,0.0056825926659105,Company_B_28,B,Europe,0.4363384716897764,0.0387879212756317,Large,manual review,core,13,-0.0045847799145338,36960381.26215227,2025-01-29,legacy
2025-05-08,B-IOC2XD,0.0206201497969084,Company_B_28,B,Europe,0.4363384716897764,0.0387879212756317,Large,manual review,core,13,-0.0100549327049622,36960381.26215227,2025-01-29,legacy
2025-05-09,B-IOC2XD,-0.0510344693101206,Company_B_28,B,Europe,0.4363384716897764,0.0387879212756317,Large,manual review,core,13,-0.0108788433685402,36960381.26215227,2025-01-29,legacy
2025-06-02,B-IOC2XD,-0.0004745641475012,Company_B_28,B,Europe,0.4363384716897764,0.0387879212756317,Large,manual review,core,13,0.0084439877167436,36960381.26215227,2025-01-29,legacy
2025-06-03,B-IOC2XD,0.0151739167216447,Company_B_28,B,Europe,0.4363384716897764,0.0387879212756317,Large,manual review,core,13,-0.0167736228582782,36960381.26215227,2025-01-29,legacy
2025-06-04,B-IOC2XD,0.02178067019608,Company_B_28,B,Europe,0.4363384716897764,0.0387879212756317,Large,manual review,core,13,-0.0043931427354546,36960381.26215227,2025-01-29,legacy
2025-06-05,B-IOC2XD,0.0035464076656253,Company_B_28,B,Europe,0.4363384716897764,0.0387879212756317,Large,manual review,core,13,-0.0005637740370175,36960381.26215227,2025-01-29,legacy
2025-06-06,B-IOC2XD,0.0420305617827104,Company_B_28,B,Europe,0.4363384716897764,0.0387879212756317,Large,manual review,core,13,,36960381.26215227,2025-01-29,legacy
2025-06-09,B-IOC2XD,0.030120425992904,Company_B_28,B,Europe,0.4363384716897764,0.0387879212756317,Large,manual review,core,13,0.0184277164951934,36960381.26215227,2025-01-29,legacy
2025-06-10,B-IOC2XD,0.0064566530420147,Company_B_28,B,Europe,0.4363384716897764,0.0387879212756317,Large,manual review,core,13,0.0077210052577763,36960381.26215227,2025-01-29,legacy
2025-06-12,B-IOC2XD,0.0044917485091629,Company_B_28,B,Europe,0.4363384716897764,0.0387879212756317,Large,manual review,core,13,0.008891025310106,36960381.26215227,2025-01-29,legacy
2025-07-01,B-IOC2XD,-0.0043143825201884,Company_B_28,B,Europe,0.4363384716897764,0.0387879212756317,Large,manual review,core,13,,36960381.26215227,2025-01-29,legacy
2025-07-02,B-IOC2XD,0.0352015101547418,Company_B_28,B,Europe,0.4363384716897764,0.0387879212756317,Large,manual review,core,13,-0.0047848339291268,36960381.26215227,2025-01-29,legacy
2025-07-03,B-IOC2XD,-0.017780942888426,Company_B_28,B,Europe,0.4363384716897764,0.0387879212756317,Large,manual review,core,13,-0.0300041296283168,36960381.26215227,2025-01-29,legacy
2025-07-04,B-IOC2XD,-8.615662410433288e-05,Company_B_28,B,Europe,0.4363384716897764,0.0387879212756317,Large,manual review,core,13,0.0056822404651326,36960381.26215227,2025-01-29,legacy
2025-07-07,B-IOC2XD,-0.0262017695992683,Company_B_28,B,Europe,0.4363384716897764,0.0387879212756317,Large,manual review,core,13,-0.0260411084866903,36960381.26215227,2025-01-29,legacy
2025-07-08,B-IOC2XD,-0.0214670631016006,Company_B_28,B,Europe,0.4363384716897764,0.0387879212756317,Large,manual review,core,13,,36960381.26215227,2025-01-29,legacy
2025-07-09,B-IOC2XD,-0.0085163002735814,Company_B_28,B,Europe,0.4363384716897764,0.0387879212756317,Large,manual review,core,13,-0.0023271599388046,36960381.26215227,2025-01-29,legacy
2025-07-10,B-IOC2XD,0.0263043219976781,Company_B_28,B,Europe,0.4363384716897764,0.0387879212756317,Large,manual review,core,13,,36960381.26215227,2025-01-29,legacy
2025-07-11,B-IOC2XD,,Company_B_28,B,Europe,0.4363384716897764,0.0387879212756317,Large,manual review,core,13,-0.0120507403461468,36960381.26215227,2025-01-29,legacy
2025-08-04,B-IOC2XD,-0.0047784282320655,Company_B_28,B,Europe,0.4363384716897764,0.0387879212756317,Large,manual review,core,13,0.0114973593521953,36960381.26215227,2025-01-29,legacy
2025-08-05,B-IOC2XD,-0.0055491193464498,Company_B_28,B,Europe,0.4363384716897764,0.0387879212756317,Large,manual review,core,13,-0.0172789147832154,36960381.26215227,2025-01-29,legacy
2025-08-06,B-IOC2XD,-0.0119536103505856,Company_B_28,B,Europe,0.4363384716897764,0.0387879212756317,Large,manual review,core,13,0.0002102521817928,36960381.26215227,2025-01-29,legacy
2025-08-07,B-IOC2XD,-0.0249127440137482,Company_B_28,B,Europe,0.4363384716897764,0.0387879212756317,Large,manual review,core,13,0.0187115199297718,36960381.26215227,2025-01-29,legacy
2025-08-08,B-IOC2XD,0.0068188739659727,Company_B_28,B,Europe,0.4363384716897764,0.0387879212756317,Large,manual review,core,13,0.0105064073241729,36960381.26215227,2025-01-29,legacy
2025-08-11,B-IOC2XD,0.0149741558229671,Company_B_28,B,Europe,0.4363384716897764,0.0387879212756317,Large,manual review,core,13,-0.0090665158126864,36960381.26215227,2025-01-29,legacy
2025-08-12,B-IOC2XD,0.0055237340908902,Company_B_28,B,Europe,0.4363384716897764,0.0387879212756317,Large,manual review,core,13,-0.0015097488640975,36960381.26215227,2025-01-29,legacy
2025-09-01,B-IOC2XD,-0.0111908058116256,Company_B_28,B,Europe,0.4363384716897764,0.0387879212756317,Large,manual review,core,13,-0.0182440765094434,36960381.26215227,2025-01-29,legacy
2025-09-02,B-IOC2XD,0.0052999804149385,Company_B_28,B,Europe,0.4363384716897764,0.0387879212756317,Large,manual review,core,13,0.000493033588286,36960381.26215227,2025-01-29,legacy
2025-09-03,B-IOC2XD,0.0077750566312035,Company_B_28,B,Europe,0.4363384716897764,0.0387879212756317,Large,manual review,core,13,-0.0130870635919819,36960381.26215227,2025-01-29,legacy
2025-09-04,B-IOC2XD,-0.0242538852608768,Company_B_28,B,Europe,0.4363384716897764,0.0387879212756317,Large,manual review,core,13,0.0003558120086072,36960381.26215227,2025-01-29,legacy
2025-09-05,B-IOC2XD,-0.0084876175674815,Company_B_28,B,Europe,0.4363384716897764,0.0387879212756317,Large,manual review,core,13,-0.0087005818517411,36960381.26215227,2025-01-29,legacy
2025-09-08,B-IOC2XD,-0.021826838797468,Company_B_28,B,Europe,0.4363384716897764,0.0387879212756317,Large,manual review,core,13,0.0023920822452534,36960381.26215227,2025-01-29,legacy
2025-09-09,B-IOC2XD,0.005213658243263,Company_B_28,B,Europe,0.4363384716897764,0.0387879212756317,Large,manual review,core,13,-0.0026480819129213,36960381.26215227,2025-01-29,legacy
2025-09-11,B-IOC2XD,0.003533189811731,Company_B_28,B,Europe,0.4363384716897764,0.0387879212756317,Large,manual review,core,13,-0.0042222927259599,36960381.26215227,2025-01-29,legacy
2025-09-12,B-IOC2XD,-0.0145102685078321,Company_B_28,B,Europe,0.4363384716897764,0.0387879212756317,Large,manual review,core,13,0.0046539284908583,36960381.26215227,2025-01-29,legacy
2025-10-01,B-IOC2XD,-0.0248422744691418,Company_B_28,B,Europe,0.4363384716897764,0.0387879212756317,Large,manual review,core,13,,36960381.26215227,2025-01-29,legacy
2025-10-02,B-IOC2XD,-0.021457581781052,Company_B_28,B,Europe,0.4363384716897764,0.0387879212756317,Large,manual review,core,13,-0.0139835436674951,36960381.26215227,2025-01-29,legacy
2025-10-03,B-IOC2XD,0.0007942385288665,Company_B_28,B,Europe,0.4363384716897764,0.0387879212756317,Large,manual review,core,13,0.0012570528124232,36960381.26215227,2025-01-29,legacy
2025-10-06,B-IOC2XD,-0.0189961507905109,Company_B_28,B,Europe,0.4363384716897764,0.0387879212756317,Large,manual review,core,13,0.0191824545318301,36960381.26215227,2025-01-29,legacy
2025-10-07,B-IOC2XD,-0.0054379911164406,Company_B_28,B,Europe,0.4363384716897764,0.0387879212756317,Large,manual review,core,13,-0.0315562534880117,36960381.26215227,2025-01-29,legacy
2025-10-08,B-IOC2XD,-0.0140033636834066,Company_B_28,B,Europe,0.4363384716897764,0.0387879212756317,Large,manual review,core,13,-0.0126125562157682,36960381.26215227,2025-01-29,legacy
2025-10-09,B-IOC2XD,-0.0304195264514466,Company_B_28,B,Europe,0.4363384716897764,0.0387879212756317,Large,manual review,core,13,-0.0182787295370303,36960381.26215227,2025-01-29,legacy
2025-10-10,B-IOC2XD,0.0227634426169965,Company_B_28,B,Europe,0.4363384716897764,0.0387879212756317,Large,manual review,core,13,0.0022168841621003,36960381.26215227,2025-01-29,legacy
2025-11-03,B-IOC2XD,0.0447966289688315,Company_B_28,B,Europe,0.4363384716897764,0.0387879212756317,Large,manual review,core,13,-0.0005455947933683,36960381.26215227,2025-01-29,legacy
2025-11-04,B-IOC2XD,0.0416825381522157,Company_B_28,B,Europe,0.4363384716897764,0.0387879212756317,Large,manual review,core,13,-0.0227663271628853,36960381.26215227,2025-01-29,legacy
2025-11-05,B-IOC2XD,0.0366644873306301,Company_B_28,B,Europe,0.4363384716897764,0.0387879212756317,Large,manual review,core,13,0.0329021640544153,36960381.26215227,2025-01-29,legacy
2025-11-06,B-IOC2XD,0.0233120223174053,Company_B_28,B,Europe,0.4363384716897764,0.0387879212756317,Large,manual review,core,13,0.0261796770562837,36960381.26215227,2025-01-29,legacy
2025-11-07,B-IOC2XD,,Company_B_28,B,Europe,0.4363384716897764,0.0387879212756317,Large,manual review,core,13,-0.0026152260671159,36960381.26215227,2025-01-29,legacy
2025-11-10,B-IOC2XD,-0.0261446053931957,Company_B_28,B,Europe,0.4363384716897764,0.0387879212756317,Large,manual review,core,13,-0.0099451696321556,36960381.26215227,2025-01-29,legacy
2025-11-11,B-IOC2XD,-0.0138062799124235,Company_B_28,B,Europe,0.4363384716897764,0.0387879212756317,Large,manual review,core,13,0.0071147820767182,36960381.26215227,2025-01-29,legacy
2025-11-12,B-IOC2XD,0.0066413626276434,Company_B_28,B,Europe,0.4363384716897764,0.0387879212756317,Large,manual review,core,13,-0.0288607520326152,36960381.26215227,2025-01-29,legacy
2025-12-01,B-IOC2XD,-0.0177335772399528,Company_B_28,B,Europe,0.4363384716897764,0.0387879212756317,Large,manual review,core,13,0.0032907517570993,36960381.26215227,2025-01-29,legacy
2025-12-02,B-IOC2XD,-0.0099767122189996,Company_B_28,B,Europe,0.4363384716897764,0.0387879212756317,Large,manual review,core,13,,36960381.26215227,2025-01-29,legacy
2025-12-04,B-IOC2XD,0.0494121181632563,Company_B_28,B,Europe,0.4363384716897764,0.0387879212756317,Large,manual review,core,13,0.0224254442272963,36960381.26215227,2025-01-29,legacy
2025-12-05,B-IOC2XD,0.0181656871211708,Company_B_28,B,Europe,0.4363384716897764,0.0387879212756317,Large,manual review,core,13,0.0141371876711961,36960381.26215227,2025-01-29,legacy
2025-12-08,B-IOC2XD,0.0107127460002299,Company_B_28,B,Europe,0.4363384716897764,0.0387879212756317,Large,manual review,core,13,0.004564055137615,36960381.26215227,2025-01-29,legacy
2025-12-09,B-IOC2XD,-0.0052779196676845,Company_B_28,B,Europe,0.4363384716897764,0.0387879212756317,Large,manual review,core,13,,36960381.26215227,2025-01-29,legacy
2025-12-10,B-IOC2XD,-0.0010624762971043,Company_B_28,B,Europe,0.4363384716897764,0.0387879212756317,Large,manual review,core,13,0.0187045985583545,36960381.26215227,2025-01-29,legacy
2025-12-11,B-IOC2XD,-0.0039312977163283,Company_B_28,B,Europe,0.4363384716897764,0.0387879212756317,Large,manual review,core,13,-0.0061635450064645,36960381.26215227,2025-01-29,legacy
2025-12-12,B-IOC2XD,0.035386881646448,Company_B_28,B,Europe,0.4363384716897764,0.0387879212756317,Large,manual review,core,13,0.0093768957427672,36960381.26215227,2025-01-29,legacy
2025-10-01,B-J2ILS4,-0.0162608584531681,Company_B_13,B,asia,0.5612485910550065,0.039659096654194,Large,stable,,15,,,2025-09-24,legacy
2025-10-02,B-J2ILS4,-0.0240976083553814,Company_B_13,B,asia,0.5612485910550065,0.039659096654194,Large,stable,,15,-0.0139835436674951,,2025-09-24,legacy
2025-10-03,B-J2ILS4,0.0060376766805356,Company_B_13,B,asia,0.5612485910550065,0.039659096654194,Large,stable,,15,0.0012570528124232,,2025-09-24,legacy
2025-10-06,B-J2ILS4,0.0065923090614882,Company_B_13,B,asia,0.5612485910550065,0.039659096654194,Large,stable,,15,0.0191824545318301,,2025-09-24,legacy
2025-10-07,B-J2ILS4,-0.0685154337385248,Company_B_13,B,asia,0.5612485910550065,0.039659096654194,Large,stable,,15,-0.0315562534880117,,2025-09-24,legacy
2025-10-08,B-J2ILS4,0.0061990609126212,Company_B_13,B,asia,0.5612485910550065,0.039659096654194,Large,stable,,15,-0.0126125562157682,,2025-09-24,legacy
2025-10-09,B-J2ILS4,-0.0049621180972108,Company_B_13,B,asia,0.5612485910550065,0.039659096654194,Large,stable,,15,-0.0182787295370303,,2025-09-24,legacy
2025-10-10,B-J2ILS4,0.0098110237661543,Company_B_13,B,asia,0.5612485910550065,0.039659096654194,Large,stable,,15,0.0022168841621003,,2025-09-24,legacy
2025-11-03,B-J2ILS4,-0.0009621751850753,Company_B_13,B,asia,0.5612485910550065,0.039659096654194,Large,stable,,15,-0.0005455947933683,,2025-09-24,legacy
2025-11-04,B-J2ILS4,-0.0342573966404112,Company_B_13,B,asia,0.5612485910550065,0.039659096654194,Large,stable,,15,-0.0227663271628853,,2025-09-24,legacy
2025-11-05,B-J2ILS4,0.0517604560375881,Company_B_13,B,asia,0.5612485910550065,0.039659096654194,Large,stable,,15,0.0329021640544153,,2025-09-24,legacy
2025-11-06,B-J2ILS4,0.0060826049858413,Company_B_13,B,asia,0.5612485910550065,0.039659096654194,Large,stable,,15,0.0261796770562837,,2025-09-24,legacy
2025-11-07,B-J2ILS4,-0.0007929869103699,Company_B_13,B,asia,0.5612485910550065,0.039659096654194,Large,stable,,15,-0.0026152260671159,,2025-09-24,legacy
2025-11-10,B-J2ILS4,-0.0070776563775196,Company_B_13,B,asia,0.5612485910550065,0.039659096654194,Large,stable,,15,-0.0099451696321556,,2025-09-24,legacy
2025-11-12,B-J2ILS4,-0.0420322918794635,Company_B_13,B,asia,0.5612485910550065,0.039659096654194,Large,stable,,15,-0.0288607520326152,,2025-09-24,legacy
2025-12-01,B-J2ILS4,0.0369790870464251,Company_B_13,B,asia,0.5612485910550065,0.039659096654194,Large,stable,,15,0.0032907517570993,,2025-09-24,legacy
2025-12-02,B-J2ILS4,0.0026811912832912,Company_B_13,B,asia,0.5612485910550065,0.039659096654194,Large,stable,,15,,,2025-09-24,legacy
2025-12-03,B-J2ILS4,-0.0136224461294253,Company_B_13,B,asia,0.5612485910550065,0.039659096654194,Large,stable,,15,-0.0108077946280547,,2025-09-24,legacy
2025-12-04,B-J2ILS4,0.0393435204644668,Company_B_13,B,asia,0.5612485910550065,0.039659096654194,Large,stable,,15,0.0224254442272963,,2025-09-24,legacy
2025-12-05,B-J2ILS4,0.0263378301842242,Company_B_13,B,asia,0.5612485910550065,0.039659096654194,Large,stable,,15,0.0141371876711961,,2025-09-24,legacy
2025-12-08,B-J2ILS4,-0.018098544183082,Company_B_13,B,asia,0.5612485910550065,0.039659096654194,Large,stable,,15,0.004564055137615,,2025-09-24,legacy
2025-12-09,B-J2ILS4,0.0047482034551116,Company_B_13,B,asia,0.5612485910550065,0.039659096654194,Large,stable,,15,,,2025-09-24,legacy
2025-12-10,B-J2ILS4,0.0250846522522699,Company_B_13,B,asia,0.5612485910550065,0.039659096654194,Large,stable,,15,0.0187045985583545,,2025-09-24,legacy
2025-12-11,B-J2ILS4,-0.0084918484991437,Company_B_13,B,asia,0.5612485910550065,0.039659096654194,Large,stable,,15,-0.0061635450064645,,2025-09-24,legacy
2025-12-12,B-J2ILS4,0.0036159527207201,Company_B_13,B,asia,0.5612485910550065,0.039659096654194,Large,stable,,15,0.0093768957427672,,2025-09-24,legacy
2025-07-01,B-JI444W,0.005983031458463,Company_B_20,B,North America,0.4746622431051985,0.0338857059003395,Small,manual review,legacy,42,,32329342.40816668,2025-06-18,review
2025-07-02,B-JI444W,0.0115053748901653,Company_B_20,B,North America,0.4746622431051985,0.0338857059003395,Small,manual review,legacy,42,-0.0047848339291268,32329342.40816668,2025-06-18,review
2025-07-07,B-JI444W,-0.0358294903270844,Company_B_20,B,North America,0.4746622431051985,0.0338857059003395,Small,manual review,legacy,42,-0.0260411084866903,32329342.40816668,2025-06-18,review
2025-07-08,B-JI444W,0.0327869076143371,Company_B_20,B,North America,0.4746622431051985,0.0338857059003395,Small,manual review,legacy,42,,32329342.40816668,2025-06-18,review
2025-07-09,B-JI444W,0.0207659976021077,Company_B_20,B,North America,0.4746622431051985,0.0338857059003395,Small,manual review,legacy,42,-0.0023271599388046,32329342.40816668,2025-06-18,review
2025-07-10,B-JI444W,-0.0030260652259872,Company_B_20,B,North America,0.4746622431051985,0.0338857059003395,Small,manual review,legacy,42,,32329342.40816668,2025-06-18,review
2025-08-04,B-JI444W,0.0194928365252888,Company_B_20,B,North America,0.4746622431051985,0.0338857059003395,Small,manual review,legacy,42,0.0114973593521953,32329342.40816668,2025-06-18,review
2025-08-05,B-JI444W,-0.008828419616925,Company_B_20,B,North America,0.4746622431051985,0.0338857059003395,Small,manual review,legacy,42,-0.0172789147832154,32329342.40816668,2025-06-18,review
2025-08-07,B-JI444W,0.0500620593919208,Company_B_20,B,North America,0.4746622431051985,0.0338857059003395,Small,manual review,legacy,42,0.0187115199297718,32329342.40816668,2025-06-18,review
2025-08-08,B-JI444W,0.0308864130959379,Company_B_20,B,North America,0.4746622431051985,0.0338857059003395,Small,manual review,legacy,42,0.0105064073241729,32329342.40816668,2025-06-18,review
2025-08-11,B-JI444W,-0.012252784008172,Company_B_20,B,North America,0.4746622431051985,0.0338857059003395,Small,manual review,legacy,42,-0.0090665158126864,32329342.40816668,2025-06-18,review
2025-08-12,B-JI444W,0.0186924856702115,Company_B_20,B,North America,0.4746622431051985,0.0338857059003395,Small,manual review,legacy,42,-0.0015097488640975,32329342.40816668,2025-06-18,review
2025-09-01,B-JI444W,0.0054795177344503,Company_B_20,B,North America,0.4746622431051985,0.0338857059003395,Small,manual review,legacy,42,-0.0182440765094434,32329342.40816668,2025-06-18,review
2025-09-02,B-JI444W,0.0112936037108116,Company_B_20,B,North America,0.4746622431051985,0.0338857059003395,Small,manual review,legacy,42,0.000493033588286,32329342.40816668,2025-06-18,review
2025-09-03,B-JI444W,-0.0216336606315594,Company_B_20,B,North America,0.4746622431051985,0.0338857059003395,Small,manual review,legacy,42,-0.0130870635919819,32329342.40816668,2025-06-18,review
2025-09-04,B-JI444W,0.0360374180038344,Company_B_20,B,North America,0.4746622431051985,0.0338857059003395,Small,manual review,legacy,42,0.0003558120086072,32329342.40816668,2025-06-18,review
2025-09-05,B-JI444W,-0.0495165175186967,Company_B_20,B,North America,0.4746622431051985,0.0338857059003395,Small,manual review,legacy,42,-0.0087005818517411,32329342.40816668,2025-06-18,review
2025-09-08,B-JI444W,-0.0113229003331492,Company_B_20,B,North America,0.4746622431051985,0.0338857059003395,Small,manual review,legacy,42,0.0023920822452534,32329342.40816668,2025-06-18,review
2025-09-09,B-JI444W,0.0295920307939682,Company_B_20,B,North America,0.4746622431051985,0.0338857059003395,Small,manual review,legacy,42,-0.0026480819129213,32329342.40816668,2025-06-18,review
2025-09-10,B-JI444W,-0.0066627615717036,Company_B_20,B,North America,0.4746622431051985,0.0338857059003395,Small,manual review,legacy,42,-0.0320681829492234,32329342.40816668,2025-06-18,review
2025-09-11,B-JI444W,-0.0156278738319664,Company_B_20,B,North America,0.4746622431051985,0.0338857059003395,Small,manual review,legacy,42,-0.0042222927259599,32329342.40816668,2025-06-18,review
2025-09-12,B-JI444W,,Company_B_20,B,North America,0.4746622431051985,0.0338857059003395,Small,manual review,legacy,42,0.0046539284908583,32329342.40816668,2025-06-18,review
2025-10-01,B-JI444W,0.0249650646214979,Company_B_20,B,North America,0.4746622431051985,0.0338857059003395,Small,manual review,legacy,42,,32329342.40816668,2025-06-18,review
2025-10-02,B-JI444W,-0.0083945128496079,Company_B_20,B,North America,0.4746622431051985,0.0338857059003395,Small,manual review,legacy,42,-0.0139835436674951,32329342.40816668,2025-06-18,review
2025-10-06,B-JI444W,0.0417744235975646,Company_B_20,B,North America,0.4746622431051985,0.0338857059003395,Small,manual review,legacy,42,0.0191824545318301,32329342.40816668,2025-06-18,review
2025-10-07,B-JI444W,-0.0263778847034048,Company_B_20,B,North America,0.4746622431051985,0.0338857059003395,Small,manual review,legacy,42,-0.0315562534880117,32329342.40816668,2025-06-18,review
2025-10-08,B-JI444W,0.011064733086134,Company_B_20,B,North America,0.4746622431051985,0.0338857059003395,Small,manual review,legacy,42,-0.0126125562157682,32329342.40816668,2025-06-18,review
2025-10-09,B-JI444W,-0.0643433899216735,Company_B_20,B,North America,0.4746622431051985,0.0338857059003395,Small,manual review,legacy,42,-0.0182787295370303,32329342.40816668,2025-06-18,review
2025-10-10,B-JI444W,-0.0108051538751928,Company_B_20,B,North America,0.4746622431051985,0.0338857059003395,Small,manual review,legacy,42,0.0022168841621003,32329342.40816668,2025-06-18,review
2025-11-03,B-JI444W,0.0235545331594047,Company_B_20,B,North America,0.4746622431051985,0.0338857059003395,Small,manual review,legacy,42,-0.0005455947933683,32329342.40816668,2025-06-18,review
2025-11-04,B-JI444W,,Company_B_20,B,North America,0.4746622431051985,0.0338857059003395,Small,manual review,legacy,42,-0.0227663271628853,32329342.40816668,2025-06-18,review
2025-11-05,B-JI444W,0.0315964995323966,Company_B_20,B,North America,0.4746622431051985,0.0338857059003395,Small,manual review,legacy,42,0.0329021640544153,32329342.40816668,2025-06-18,review
2025-11-06,B-JI444W,0.040323875907102,Company_B_20,B,North America,0.4746622431051985,0.0338857059003395,Small,manual review,legacy,42,0.0261796770562837,32329342.40816668,2025-06-18,review
2025-11-07,B-JI444W,0.0267121078292263,Company_B_20,B,North America,0.4746622431051985,0.0338857059003395,Small,manual review,legacy,42,-0.0026152260671159,32329342.40816668,2025-06-18,review
2025-11-10,B-JI444W,-0.0047681883550604,Company_B_20,B,North America,0.4746622431051985,0.0338857059003395,Small,manual review,legacy,42,-0.0099451696321556,32329342.40816668,2025-06-18,review
2025-11-11,B-JI444W,0.0051138770538189,Company_B_20,B,North America,0.4746622431051985,0.0338857059003395,Small,manual review,legacy,42,0.0071147820767182,32329342.40816668,2025-06-18,review
2025-11-12,B-JI444W,-0.0086474828984495,Company_B_20,B,North America,0.4746622431051985,0.0338857059003395,Small,manual review,legacy,42,-0.0288607520326152,32329342.40816668,2025-06-18,review
2025-12-01,B-JI444W,-0.0090500417033999,Company_B_20,B,North America,0.4746622431051985,0.0338857059003395,Small,manual review,legacy,42,0.0032907517570993,32329342.40816668,2025-06-18,review
2025-12-03,B-JI444W,-0.0056940829886061,Company_B_20,B,North America,0.4746622431051985,0.0338857059003395,Small,manual review,legacy,42,-0.0108077946280547,32329342.40816668,2025-06-18,review
2025-12-04,B-JI444W,0.019111512023722,Company_B_20,B,North America,0.4746622431051985,0.0338857059003395,Small,manual review,legacy,42,0.0224254442272963,32329342.40816668,2025-06-18,review
2025-12-08,B-JI444W,-0.0299499351208265,Company_B_20,B,North America,0.4746622431051985,0.0338857059003395,Small,manual review,legacy,42,0.004564055137615,32329342.40816668,2025-06-18,review
2025-12-09,B-JI444W,-0.0103656738220684,Company_B_20,B,North America,0.4746622431051985,0.0338857059003395,Small,manual review,legacy,42,,32329342.40816668,2025-06-18,review
2025-12-10,B-JI444W,0.0348202300271875,Company_B_20,B,North America,0.4746622431051985,0.0338857059003395,Small,manual review,legacy,42,0.0187045985583545,32329342.40816668,2025-06-18,review
2025-12-11,B-JI444W,0.0071971251787373,Company_B_20,B,North America,0.4746622431051985,0.0338857059003395,Small,manual review,legacy,42,-0.0061635450064645,32329342.40816668,2025-06-18,review
2025-12-12,B-JI444W,-0.0071717047230566,Company_B_20,B,North America,0.4746622431051985,0.0338857059003395,Small,manual review,legacy,42,0.0093768957427672,32329342.40816668,2025-06-18,review
2025-03-03,B-JRBLOP,0.0149431290612678,Company_B_43,B,North America,0.397771971835267,0.0343267474415366,Mid,,legacy,31,0.0241394851882321,31066982.473586395,2025-02-26,legacy
2025-03-04,B-JRBLOP,-0.0029690712142084,Company_B_43,B,North America,0.397771971835267,0.0343267474415366,Mid,,legacy,31,-0.0101597991216656,31066982.473586395,2025-02-26,legacy
2025-03-05,B-JRBLOP,0.0183109973471868,Company_B_43,B,North America,0.397771971835267,0.0343267474415366,Mid,,legacy,31,0.0075017569132821,31066982.473586395,2025-02-26,legacy
2025-03-06,B-JRBLOP,0.0035743284979818,Company_B_43,B,North America,0.397771971835267,0.0343267474415366,Mid,,legacy,31,0.0066686231237621,31066982.473586395,2025-02-26,legacy
2025-03-07,B-JRBLOP,0.018653667755639,Company_B_43,B,North America,0.397771971835267,0.0343267474415366,Mid,,legacy,31,0.0112572342293805,31066982.473586395,2025-02-26,legacy
2025-03-10,B-JRBLOP,0.0054776949834021,Company_B_43,B,North America,0.397771971835267,0.0343267474415366,Mid,,legacy,31,-0.017433239731723,31066982.473586395,2025-02-26,legacy
2025-03-11,B-JRBLOP,-0.0305273056284199,Company_B_43,B,North America,0.397771971835267,0.0343267474415366,Mid,,legacy,31,-0.0023939118081542,31066982.473586395,2025-02-26,legacy
2025-04-01,B-JRBLOP,0.0143710673609219,Company_B_43,B,North America,0.397771971835267,0.0343267474415366,Mid,,legacy,31,0.0115957818789293,31066982.473586395,2025-02-26,legacy
2025-04-02,B-JRBLOP,0.0354180972563463,Company_B_43,B,North America,0.397771971835267,0.0343267474415366,Mid,,legacy,31,0.0186776451485401,31066982.473586395,2025-02-26,legacy
2025-04-03,B-JRBLOP,-0.0302191836426628,Company_B_43,B,North America,0.397771971835267,0.0343267474415366,Mid,,legacy,31,-0.0037462404383459,31066982.473586395,2025-02-26,legacy
2025-04-04,B-JRBLOP,0.0165500417999071,Company_B_43,B,North America,0.397771971835267,0.0343267474415366,Mid,,legacy,31,0.0147203918974813,31066982.473586395,2025-02-26,legacy
2025-04-07,B-JRBLOP,0.0086942250449209,Company_B_43,B,North America,0.397771971835267,0.0343267474415366,Mid,,legacy,31,0.0246663868926757,31066982.473586395,2025-02-26,legacy
2025-04-08,B-JRBLOP,-0.0266382791224855,Company_B_43,B,North America,0.397771971835267,0.0343267474415366,Mid,,legacy,31,0.0056866936253566,31066982.473586395,2025-02-26,legacy
2025-04-09,B-JRBLOP,0.0211731222087666,Company_B_43,B,North America,0.397771971835267,0.0343267474415366,Mid,,legacy,31,-0.0004650774196358,31066982.473586395,2025-02-26,legacy
2025-04-11,B-JRBLOP,0.0096545077204167,Company_B_43,B,North America,0.397771971835267,0.0343267474415366,Mid,,legacy,31,0.0326847601054619,31066982.473586395,2025-02-26,legacy
2025-05-01,B-JRBLOP,-0.01831442418208,Company_B_43,B,North America,0.397771971835267,0.0343267474415366,Mid,,legacy,31,0.0140277458538761,31066982.473586395,2025-02-26,legacy
2025-05-02,B-JRBLOP,-0.0448917407678243,Company_B_43,B,North America,0.397771971835267,0.0343267474415366,Mid,,legacy,31,-0.0237675804038153,31066982.473586395,2025-02-26,legacy
2025-05-05,B-JRBLOP,0.0080492976026989,Company_B_43,B,North America,0.397771971835267,0.0343267474415366,Mid,,legacy,31,-0.0102126348852569,31066982.473586395,2025-02-26,legacy
2025-05-06,B-JRBLOP,-0.0034758756017832,Company_B_43,B,North America,0.397771971835267,0.0343267474415366,Mid,,legacy,31,-0.030025691323182,31066982.473586395,2025-02-26,legacy
2025-05-07,B-JRBLOP,-0.0185156245245762,Company_B_43,B,North America,0.397771971835267,0.0343267474415366,Mid,,legacy,31,-0.0045847799145338,31066982.473586395,2025-02-26,legacy
2025-05-08,B-JRBLOP,0.0023719504367219,Company_B_43,B,North America,0.397771971835267,0.0343267474415366,Mid,,legacy,31,-0.0100549327049622,31066982.473586395,2025-02-26,legacy
2025-05-09,B-JRBLOP,0.0073630826446648,Company_B_43,B,North America,0.397771971835267,0.0343267474415366,Mid,,legacy,31,-0.0108788433685402,31066982.473586395,2025-02-26,legacy
2025-05-12,B-JRBLOP,-0.0115620131430219,Company_B_43,B,North America,0.397771971835267,0.0343267474415366,Mid,,legacy,31,0.013255782941715,31066982.473586395,2025-02-26,legacy
2025-06-02,B-JRBLOP,0.0278731712219196,Company_B_43,B,North America,0.397771971835267,0.0343267474415366,Mid,,legacy,31,0.0084439877167436,31066982.473586395,2025-02-26,legacy
2025-06-03,B-JRBLOP,-0.0216238642344753,Company_B_43,B,North America,0.397771971835267,0.0343267474415366,Mid,,legacy,31,-0.0167736228582782,31066982.473586395,2025-02-26,legacy
2025-06-04,B-JRBLOP,-0.0042433605847599,Company_B_43,B,North America,0.397771971835267,0.0343267474415366,Mid,,legacy,31,-0.0043931427354546,31066982.473586395,2025-02-26,legacy
2025-06-05,B-JRBLOP,0.0229139816460213,Company_B_43,B,North America,0.397771971835267,0.0343267474415366,Mid,,legacy,31,-0.0005637740370175,31066982.473586395,2025-02-26,legacy
2025-06-06,B-JRBLOP,0.0273117614963799,Company_B_43,B,North America,0.397771971835267,0.0343267474415366,Mid,,legacy,31,,31066982.473586395,2025-02-26,legacy
2025-06-09,B-JRBLOP,0.0135448008609056,Company_B_43,B,North America,0.397771971835267,0.0343267474415366,Mid,,legacy,31,0.0184277164951934,31066982.473586395,2025-02-26,legacy
2025-06-10,B-JRBLOP,-0.0070868671976285,Company_B_43,B,North America,0.397771971835267,0.0343267474415366,Mid,,legacy,31,0.0077210052577763,31066982.473586395,2025-02-26,legacy
2025-06-11,B-JRBLOP,-0.0584460446240124,Company_B_43,B,North America,0.397771971835267,0.0343267474415366,Mid,,legacy,31,-0.0023309390995482,31066982.473586395,2025-02-26,legacy
2025-06-12,B-JRBLOP,0.0281104077501301,Company_B_43,B,North America,0.397771971835267,0.0343267474415366,Mid,,legacy,31,0.008891025310106,31066982.473586395,2025-02-26,legacy
2025-07-01,B-JRBLOP,0.0297473774716539,Company_B_43,B,North America,0.397771971835267,0.0343267474415366,Mid,,legacy,31,,31066982.473586395,2025-02-26,legacy
2025-07-02,B-JRBLOP,,Company_B_43,B,North America,0.397771971835267,0.0343267474415366,Mid,,legacy,31,-0.0047848339291268,31066982.473586395,2025-02-26,legacy
2025-07-03,B-JRBLOP,-0.0628985414917905,Company_B_43,B,North America,0.397771971835267,0.0343267474415366,Mid,,legacy,31,-0.0300041296283168,31066982.473586395,2025-02-26,legacy
2025-07-04,B-JRBLOP,0.0097306109295034,Company_B_43,B,North America,0.397771971835267,0.0343267474415366,Mid,,legacy,31,0.0056822404651326,31066982.473586395,2025-02-26,legacy
2025-07-07,B-JRBLOP,-0.0054952435537355,Company_B_43,B,North America,0.397771971835267,0.0343267474415366,Mid,,legacy,31,-0.0260411084866903,31066982.473586395,2025-02-26,legacy
2025-07-08,B-JRBLOP,0.0323389321125118,Company_B_43,B,North America,0.397771971835267,0.0343267474415366,Mid,,legacy,31,,31066982.473586395,2025-02-26,legacy
2025-07-09,B-JRBLOP,-0.0272543086790192,Company_B_43,B,North America,0.397771971835267,0.0343267474415366,Mid,,legacy,31,-0.0023271599388046,31066982.473586395,2025-02-26,legacy
2025-07-10,B-JRBLOP,-0.0210068082183511,Company_B_43,B,North America,0.397771971835267,0.0343267474415366,Mid,,legacy,31,,31066982.473586395,2025-02-26,legacy
2025-07-11,B-JRBLOP,0.0354346934160173,Company_B_43,B,North America,0.397771971835267,0.0343267474415366,Mid,,legacy,31,-0.0120507403461468,31066982.473586395,2025-02-26,legacy
2025-08-01,B-JRBLOP,0.0168438896790173,Company_B_43,B,North America,0.397771971835267,0.0343267474415366,Mid,,legacy,31,0.0040039417401903,31066982.473586395,2025-02-26,legacy
2025-08-04,B-JRBLOP,0.0212542777632146,Company_B_43,B,North America,0.397771971835267,0.0343267474415366,Mid,,legacy,31,0.0114973593521953,31066982.473586395,2025-02-26,legacy
2025-08-05,B-JRBLOP,0.0388011161928393,Company_B_43,B,North America,0.397771971835267,0.0343267474415366,Mid,,legacy,31,-0.0172789147832154,31066982.473586395,2025-02-26,legacy
2025-08-06,B-JRBLOP,0.0415278678010038,Company_B_43,B,North America,0.397771971835267,0.0343267474415366,Mid,,legacy,31,0.0002102521817928,31066982.473586395,2025-02-26,legacy
2025-08-07,B-JRBLOP,0.0305462550420701,Company_B_43,B,North America,0.397771971835267,0.0343267474415366,Mid,,legacy,31,0.0187115199297718,31066982.473586395,2025-02-26,legacy
2025-08-08,B-JRBLOP,0.0150987687112045,Company_B_43,B,North America,0.397771971835267,0.0343267474415366,Mid,,legacy,31,0.0105064073241729,31066982.473586395,2025-02-26,legacy
2025-08-11,B-JRBLOP,0.025580917358982,Company_B_43,B,North America,0.397771971835267,0.0343267474415366,Mid,,legacy,31,-0.0090665158126864,31066982.473586395,2025-02-26,legacy
2025-08-12,B-JRBLOP,0.03397625701241,Company_B_43,B,North America,0.397771971835267,0.0343267474415366,Mid,,legacy,31,-0.0015097488640975,31066982.473586395,2025-02-26,legacy
2025-09-02,B-JRBLOP,-0.0198875018430011,Company_B_43,B,North America,0.397771971835267,0.0343267474415366,Mid,,legacy,31,0.000493033588286,31066982.473586395,2025-02-26,legacy
2025-09-03,B-JRBLOP,-0.0322376335296385,Company_B_43,B,North America,0.397771971835267,0.0343267474415366,Mid,,legacy,31,-0.0130870635919819,31066982.473586395,2025-02-26,legacy
2025-09-04,B-JRBLOP,-0.0098170399232733,Company_B_43,B,North America,0.397771971835267,0.0343267474415366,Mid,,legacy,31,0.0003558120086072,31066982.473586395,2025-02-26,legacy
2025-09-05,B-JRBLOP,0.0090428105304919,Company_B_43,B,North America,0.397771971835267,0.0343267474415366,Mid,,legacy,31,-0.0087005818517411,31066982.473586395,2025-02-26,legacy
2025-09-08,B-JRBLOP,0.003226253552957,Company_B_43,B,North America,0.397771971835267,0.0343267474415366,Mid,,legacy,31,0.0023920822452534,31066982.473586395,2025-02-26,legacy
2025-09-10,B-JRBLOP,-0.0502435444336898,Company_B_43,B,North America,0.397771971835267,0.0343267474415366,Mid,,legacy,31,-0.0320681829492234,31066982.473586395,2025-02-26,legacy
2025-09-11,B-JRBLOP,-0.0248884931947523,Company_B_43,B,North America,0.397771971835267,0.0343267474415366,Mid,,legacy,31,-0.0042222927259599,31066982.473586395,2025-02-26,legacy
2025-09-12,B-JRBLOP,0.0001682618089612,Company_B_43,B,North America,0.397771971835267,0.0343267474415366,Mid,,legacy,31,0.0046539284908583,31066982.473586395,2025-02-26,legacy
2025-10-01,B-JRBLOP,0.0158624332455558,Company_B_43,B,North America,0.397771971835267,0.0343267474415366,Mid,,legacy,31,,31066982.473586395,2025-02-26,legacy
2025-10-02,B-JRBLOP,0.0415262812581145,Company_B_43,B,North America,0.397771971835267,0.0343267474415366,Mid,,legacy,31,-0.0139835436674951,31066982.473586395,2025-02-26,legacy
2025-10-03,B-JRBLOP,0.0033702927816161,Company_B_43,B,North America,0.397771971835267,0.0343267474415366,Mid,,legacy,31,0.0012570528124232,31066982.473586395,2025-02-26,legacy
2025-10-06,B-JRBLOP,0.0096061943776055,Company_B_43,B,North America,0.397771971835267,0.0343267474415366,Mid,,legacy,31,0.0191824545318301,31066982.473586395,2025-02-26,legacy
2025-10-07,B-JRBLOP,-0.0473251111528516,Company_B_43,B,North America,0.397771971835267,0.0343267474415366,Mid,,legacy,31,-0.0315562534880117,31066982.473586395,2025-02-26,legacy
2025-10-08,B-JRBLOP,-0.001265119964914,Company_B_43,B,North America,0.397771971835267,0.0343267474415366,Mid,,legacy,31,-0.0126125562157682,31066982.473586395,2025-02-26,legacy
2025-10-09,B-JRBLOP,-0.0262997143679845,Company_B_43,B,North America,0.397771971835267,0.0343267474415366,Mid,,legacy,31,-0.0182787295370303,31066982.473586395,2025-02-26,legacy
2025-10-10,B-JRBLOP,-0.0191210847397541,Company_B_43,B,North America,0.397771971835267,0.0343267474415366,Mid,,legacy,31,0.0022168841621003,31066982.473586395,2025-02-26,legacy
2025-11-04,B-JRBLOP,-0.0372478211459363,Company_B_43,B,North America,0.397771971835267,0.0343267474415366,Mid,,legacy,31,-0.0227663271628853,31066982.473586395,2025-02-26,legacy
2025-11-05,B-JRBLOP,0.0012692732145086,Company_B_43,B,North America,0.397771971835267,0.0343267474415366,Mid,,legacy,31,0.0329021640544153,31066982.473586395,2025-02-26,legacy
2025-11-06,B-JRBLOP,0.0438169746194626,Company_B_43,B,North America,0.397771971835267,0.0343267474415366,Mid,,legacy,31,0.0261796770562837,31066982.473586395,2025-02-26,legacy
2025-11-07,B-JRBLOP,0.0300658517694807,Company_B_43,B,North America,0.397771971835267,0.0343267474415366,Mid,,legacy,31,-0.0026152260671159,31066982.473586395,2025-02-26,legacy
2025-11-10,B-JRBLOP,-0.0295141306207787,Company_B_43,B,North America,0.397771971835267,0.0343267474415366,Mid,,legacy,31,-0.0099451696321556,31066982.473586395,2025-02-26,legacy
2025-11-11,B-JRBLOP,-0.031255252983667,Company_B_43,B,North America,0.397771971835267,0.0343267474415366,Mid,,legacy,31,0.0071147820767182,31066982.473586395,2025-02-26,legacy
2025-11-12,B-JRBLOP,-0.0246658833579321,Company_B_43,B,North America,0.397771971835267,0.0343267474415366,Mid,,legacy,31,-0.0288607520326152,31066982.473586395,2025-02-26,legacy
2025-12-01,B-JRBLOP,0.0280263689004822,Company_B_43,B,North America,0.397771971835267,0.0343267474415366,Mid,,legacy,31,0.0032907517570993,31066982.473586395,2025-02-26,legacy
2025-12-02,B-JRBLOP,-0.0471419537749492,Company_B_43,B,North America,0.397771971835267,0.0343267474415366,Mid,,legacy,31,,31066982.473586395,2025-02-26,legacy
2025-12-03,B-JRBLOP,-0.0180440933446868,Company_B_43,B,North America,0.397771971835267,0.0343267474415366,Mid,,legacy,31,-0.0108077946280547,31066982.473586395,2025-02-26,legacy
2025-12-04,B-JRBLOP,0.0217125921957345,Company_B_43,B,North America,0.397771971835267,0.0343267474415366,Mid,,legacy,31,0.0224254442272963,31066982.473586395,2025-02-26,legacy
2025-12-05,B-JRBLOP,0.0116261411426038,Company_B_43,B,North America,0.397771971835267,0.0343267474415366,Mid,,legacy,31,0.0141371876711961,31066982.473586395,2025-02-26,legacy
2025-12-08,B-JRBLOP,0.0106132885592974,Company_B_43,B,North America,0.397771971835267,0.0343267474415366,Mid,,legacy,31,0.004564055137615,31066982.473586395,2025-02-26,legacy
2025-12-09,B-JRBLOP,-0.0141391124347478,Company_B_43,B,North America,0.397771971835267,0.0343267474415366,Mid,,legacy,31,,31066982.473586395,2025-02-26,legacy
2025-12-10,B-JRBLOP,-0.0037685911662615,Company_B_43,B,North America,0.397771971835267,0.0343267474415366,Mid,,legacy,31,0.0187045985583545,31066982.473586395,2025-02-26,legacy
2025-12-11,B-JRBLOP,0.0043742128807011,Company_B_43,B,North America,0.397771971835267,0.0343267474415366,Mid,,legacy,31,-0.0061635450064645,31066982.473586395,2025-02-26,legacy
2025-12-12,B-JRBLOP,0.0045057807688952,Company_B_43,B,North America,0.397771971835267,0.0343267474415366,Mid,,legacy,31,0.0093768957427672,31066982.473586395,2025-02-26,legacy
2025-07-02,B-JS2LBB,-0.0100158977939529,Company_B_41,B,South America,0.4943045458786471,0.0423442153500894,Mid,watchlist,satellite,28,-0.0047848339291268,22684692.28025836,2025-06-25,check formatting
2025-07-03,B-JS2LBB,-0.0452991603836659,Company_B_41,B,South America,0.4943045458786471,0.0423442153500894,Mid,watchlist,satellite,28,-0.0300041296283168,22684692.28025836,2025-06-25,check formatting
2025-07-07,B-JS2LBB,,Company_B_41,B,South America,0.4943045458786471,0.0423442153500894,Mid,watchlist,satellite,28,-0.0260411084866903,22684692.28025836,2025-06-25,check formatting
2025-07-08,B-JS2LBB,-0.0062260429274488,Company_B_41,B,South America,0.4943045458786471,0.0423442153500894,Mid,watchlist,satellite,28,,22684692.28025836,2025-06-25,check formatting
2025-07-09,B-JS2LBB,0.005140595969854,Company_B_41,B,South America,0.4943045458786471,0.0423442153500894,Mid,watchlist,satellite,28,-0.0023271599388046,22684692.28025836,2025-06-25,check formatting
2025-07-10,B-JS2LBB,-0.0128813630846375,Company_B_41,B,South America,0.4943045458786471,0.0423442153500894,Mid,watchlist,satellite,28,,22684692.28025836,2025-06-25,check formatting
2025-07-11,B-JS2LBB,-0.0049025019400447,Company_B_41,B,South America,0.4943045458786471,0.0423442153500894,Mid,watchlist,satellite,28,-0.0120507403461468,22684692.28025836,2025-06-25,check formatting
2025-08-01,B-JS2LBB,-0.0350248192611424,Company_B_41,B,South America,0.4943045458786471,0.0423442153500894,Mid,watchlist,satellite,28,0.0040039417401903,22684692.28025836,2025-06-25,check formatting
2025-08-04,B-JS2LBB,0.0008052613936745,Company_B_41,B,South America,0.4943045458786471,0.0423442153500894,Mid,watchlist,satellite,28,0.0114973593521953,22684692.28025836,2025-06-25,check formatting
2025-08-05,B-JS2LBB,-0.0263526291634751,Company_B_41,B,South America,0.4943045458786471,0.0423442153500894,Mid,watchlist,satellite,28,-0.0172789147832154,22684692.28025836,2025-06-25,check formatting
2025-08-06,B-JS2LBB,-0.0128300635267987,Company_B_41,B,South America,0.4943045458786471,0.0423442153500894,Mid,watchlist,satellite,28,0.0002102521817928,22684692.28025836,2025-06-25,check formatting
2025-08-07,B-JS2LBB,0.0215023689219968,Company_B_41,B,South America,0.4943045458786471,0.0423442153500894,Mid,watchlist,satellite,28,0.0187115199297718,22684692.28025836,2025-06-25,check formatting
2025-08-11,B-JS2LBB,-0.0076225586216432,Company_B_41,B,South America,0.4943045458786471,0.0423442153500894,Mid,watchlist,satellite,28,-0.0090665158126864,22684692.28025836,2025-06-25,check formatting
2025-08-12,B-JS2LBB,-0.012091367163005,Company_B_41,B,South America,0.4943045458786471,0.0423442153500894,Mid,watchlist,satellite,28,-0.0015097488640975,22684692.28025836,2025-06-25,check formatting
2025-09-01,B-JS2LBB,-0.0071405219906129,Company_B_41,B,South America,0.4943045458786471,0.0423442153500894,Mid,watchlist,satellite,28,-0.0182440765094434,22684692.28025836,2025-06-25,check formatting
2025-09-02,B-JS2LBB,0.0200251941210054,Company_B_41,B,South America,0.4943045458786471,0.0423442153500894,Mid,watchlist,satellite,28,0.000493033588286,22684692.28025836,2025-06-25,check formatting
2025-09-03,B-JS2LBB,-0.0365643572464098,Company_B_41,B,South America,0.4943045458786471,0.0423442153500894,Mid,watchlist,satellite,28,-0.0130870635919819,22684692.28025836,2025-06-25,check formatting
2025-09-04,B-JS2LBB,0.0089766145037147,Company_B_41,B,South America,0.4943045458786471,0.0423442153500894,Mid,watchlist,satellite,28,0.0003558120086072,22684692.28025836,2025-06-25,check formatting
2025-09-05,B-JS2LBB,-0.0191811902342075,Company_B_41,B,South America,0.4943045458786471,0.0423442153500894,Mid,watchlist,satellite,28,-0.0087005818517411,22684692.28025836,2025-06-25,check formatting
2025-09-08,B-JS2LBB,0.0281491037989692,Company_B_41,B,South America,0.4943045458786471,0.0423442153500894,Mid,watchlist,satellite,28,0.0023920822452534,22684692.28025836,2025-06-25,check formatting
2025-09-10,B-JS2LBB,-0.0365982202850836,Company_B_41,B,South America,0.4943045458786471,0.0423442153500894,Mid,watchlist,satellite,28,-0.0320681829492234,22684692.28025836,2025-06-25,check formatting
2025-09-11,B-JS2LBB,-0.0227975752656669,Company_B_41,B,South America,0.4943045458786471,0.0423442153500894,Mid,watchlist,satellite,28,-0.0042222927259599,22684692.28025836,2025-06-25,check formatting
2025-09-12,B-JS2LBB,0.0026602213211329,Company_B_41,B,South America,0.4943045458786471,0.0423442153500894,Mid,watchlist,satellite,28,0.0046539284908583,22684692.28025836,2025-06-25,check formatting
2025-10-02,B-JS2LBB,-0.0130637805998071,Company_B_41,B,South America,0.4943045458786471,0.0423442153500894,Mid,watchlist,satellite,28,-0.0139835436674951,22684692.28025836,2025-06-25,check formatting
2025-10-03,B-JS2LBB,-0.0211254509662848,Company_B_41,B,South America,0.4943045458786471,0.0423442153500894,Mid,watchlist,satellite,28,0.0012570528124232,22684692.28025836,2025-06-25,check formatting
2025-10-06,B-JS2LBB,0.0033842233194405,Company_B_41,B,South America,0.4943045458786471,0.0423442153500894,Mid,watchlist,satellite,28,0.0191824545318301,22684692.28025836,2025-06-25,check formatting
2025-10-07,B-JS2LBB,-0.0520740354067029,Company_B_41,B,South America,0.4943045458786471,0.0423442153500894,Mid,watchlist,satellite,28,-0.0315562534880117,22684692.28025836,2025-06-25,check formatting
2025-10-08,B-JS2LBB,-0.0359659523197063,Company_B_41,B,South America,0.4943045458786471,0.0423442153500894,Mid,watchlist,satellite,28,-0.0126125562157682,22684692.28025836,2025-06-25,check formatting
2025-10-09,B-JS2LBB,-0.0101311148733745,Company_B_41,B,South America,0.4943045458786471,0.0423442153500894,Mid,watchlist,satellite,28,-0.0182787295370303,22684692.28025836,2025-06-25,check formatting
2025-10-10,B-JS2LBB,0.0091659889223479,Company_B_41,B,South America,0.4943045458786471,0.0423442153500894,Mid,watchlist,satellite,28,0.0022168841621003,22684692.28025836,2025-06-25,check formatting
2025-11-03,B-JS2LBB,0.0196591104040846,Company_B_41,B,South America,0.4943045458786471,0.0423442153500894,Mid,watchlist,satellite,28,-0.0005455947933683,22684692.28025836,2025-06-25,check formatting
2025-11-04,B-JS2LBB,-0.0513461276980978,Company_B_41,B,South America,0.4943045458786471,0.0423442153500894,Mid,watchlist,satellite,28,-0.0227663271628853,22684692.28025836,2025-06-25,check formatting
2025-11-05,B-JS2LBB,0.0450684639064272,Company_B_41,B,South America,0.4943045458786471,0.0423442153500894,Mid,watchlist,satellite,28,0.0329021640544153,22684692.28025836,2025-06-25,check formatting
2025-11-06,B-JS2LBB,0.0364133173213151,Company_B_41,B,South America,0.4943045458786471,0.0423442153500894,Mid,watchlist,satellite,28,0.0261796770562837,22684692.28025836,2025-06-25,check formatting
2025-11-07,B-JS2LBB,0.0378192462901774,Company_B_41,B,South America,0.4943045458786471,0.0423442153500894,Mid,watchlist,satellite,28,-0.0026152260671159,22684692.28025836,2025-06-25,check formatting
2025-11-10,B-JS2LBB,0.000171465430593,Company_B_41,B,South America,0.4943045458786471,0.0423442153500894,Mid,watchlist,satellite,28,-0.0099451696321556,22684692.28025836,2025-06-25,check formatting
2025-11-12,B-JS2LBB,-0.0266171389763204,Company_B_41,B,South America,0.4943045458786471,0.0423442153500894,Mid,watchlist,satellite,28,-0.0288607520326152,22684692.28025836,2025-06-25,check formatting
2025-12-01,B-JS2LBB,-0.0003714092230867,Company_B_41,B,South America,0.4943045458786471,0.0423442153500894,Mid,watchlist,satellite,28,0.0032907517570993,22684692.28025836,2025-06-25,check formatting
2025-12-02,B-JS2LBB,-0.0112444549943786,Company_B_41,B,South America,0.4943045458786471,0.0423442153500894,Mid,watchlist,satellite,28,,22684692.28025836,2025-06-25,check formatting
2025-12-03,B-JS2LBB,-0.0309153982078724,Company_B_41,B,South America,0.4943045458786471,0.0423442153500894,Mid,watchlist,satellite,28,-0.0108077946280547,22684692.28025836,2025-06-25,check formatting
2025-12-05,B-JS2LBB,0.0401220569725327,Company_B_41,B,South America,0.4943045458786471,0.0423442153500894,Mid,watchlist,satellite,28,0.0141371876711961,22684692.28025836,2025-06-25,check formatting
2025-12-08,B-JS2LBB,0.0159770771503665,Company_B_41,B,South America,0.4943045458786471,0.0423442153500894,Mid,watchlist,satellite,28,0.004564055137615,22684692.28025836,2025-06-25,check formatting
2025-12-09,B-JS2LBB,0.0170075439618858,Company_B_41,B,South America,0.4943045458786471,0.0423442153500894,Mid,watchlist,satellite,28,,22684692.28025836,2025-06-25,check formatting
2025-12-10,B-JS2LBB,-0.0081494949260211,Company_B_41,B,South America,0.4943045458786471,0.0423442153500894,Mid,watchlist,satellite,28,0.0187045985583545,22684692.28025836,2025-06-25,check formatting
2025-12-11,B-JS2LBB,-0.0183917144686581,Company_B_41,B,South America,0.4943045458786471,0.0423442153500894,Mid,watchlist,satellite,28,-0.0061635450064645,22684692.28025836,2025-06-25,check formatting
2025-12-12,B-JS2LBB,-0.0019679505834845,Company_B_41,B,South America,0.4943045458786471,0.0423442153500894,Mid,watchlist,satellite,28,0.0093768957427672,22684692.28025836,2025-06-25,check formatting
2025-04-02,B-KVE4NM,0.0155921087769871,Company_B_22,B,North America,0.448622896022981,0.0287784188073835,Mid,stable,,92,0.0186776451485401,6768759.60275202,2025-04-02,review
2025-04-03,B-KVE4NM,-0.0236427276462553,Company_B_22,B,North America,0.448622896022981,0.0287784188073835,Mid,stable,,92,-0.0037462404383459,6768759.60275202,2025-04-02,review
2025-04-04,B-KVE4NM,0.0147088025677776,Company_B_22,B,North America,0.448622896022981,0.0287784188073835,Mid,stable,,92,0.0147203918974813,6768759.60275202,2025-04-02,review
2025-04-07,B-KVE4NM,0.026294935330147,Company_B_22,B,North America,0.448622896022981,0.0287784188073835,Mid,stable,,92,0.0246663868926757,6768759.60275202,2025-04-02,review
2025-04-08,B-KVE4NM,-0.0468681022624848,Company_B_22,B,North America,0.448622896022981,0.0287784188073835,Mid,stable,,92,0.0056866936253566,6768759.60275202,2025-04-02,review
2025-04-10,B-KVE4NM,0.0158109590437099,Company_B_22,B,North America,0.448622896022981,0.0287784188073835,Mid,stable,,92,-0.0095558031349188,6768759.60275202,2025-04-02,review
2025-04-11,B-KVE4NM,0.0100305829863065,Company_B_22,B,North America,0.448622896022981,0.0287784188073835,Mid,stable,,92,0.0326847601054619,6768759.60275202,2025-04-02,review
2025-05-01,B-KVE4NM,0.0083961498075914,Company_B_22,B,North America,0.448622896022981,0.0287784188073835,Mid,stable,,92,0.0140277458538761,6768759.60275202,2025-04-02,review
2025-05-05,B-KVE4NM,-0.0283697022639108,Company_B_22,B,North America,0.448622896022981,0.0287784188073835,Mid,stable,,92,-0.0102126348852569,6768759.60275202,2025-04-02,review
2025-05-06,B-KVE4NM,-0.0987594646412493,Company_B_22,B,North America,0.448622896022981,0.0287784188073835,Mid,stable,,92,-0.030025691323182,6768759.60275202,2025-04-02,review
2025-05-07,B-KVE4NM,0.0330280463887469,Company_B_22,B,North America,0.448622896022981,0.0287784188073835,Mid,stable,,92,-0.0045847799145338,6768759.60275202,2025-04-02,review
2025-05-08,B-KVE4NM,-0.0237967107492795,Company_B_22,B,North America,0.448622896022981,0.0287784188073835,Mid,stable,,92,-0.0100549327049622,6768759.60275202,2025-04-02,review
2025-05-09,B-KVE4NM,-0.0196053427166457,Company_B_22,B,North America,0.448622896022981,0.0287784188073835,Mid,stable,,92,-0.0108788433685402,6768759.60275202,2025-04-02,review
2025-05-12,B-KVE4NM,0.0728736184188916,Company_B_22,B,North America,0.448622896022981,0.0287784188073835,Mid,stable,,92,0.013255782941715,6768759.60275202,2025-04-02,review
2025-06-02,B-KVE4NM,0.0269271494961101,Company_B_22,B,North America,0.448622896022981,0.0287784188073835,Mid,stable,,92,0.0084439877167436,6768759.60275202,2025-04-02,review
2025-06-03,B-KVE4NM,-0.0084672900974099,Company_B_22,B,North America,0.448622896022981,0.0287784188073835,Mid,stable,,92,-0.0167736228582782,6768759.60275202,2025-04-02,review
2025-06-04,B-KVE4NM,0.0153366816398384,Company_B_22,B,North America,0.448622896022981,0.0287784188073835,Mid,stable,,92,-0.0043931427354546,6768759.60275202,2025-04-02,review
2025-06-05,B-KVE4NM,-0.0218234754358187,Company_B_22,B,North America,0.448622896022981,0.0287784188073835,Mid,stable,,92,-0.0005637740370175,6768759.60275202,2025-04-02,review
2025-06-06,B-KVE4NM,0.0172657829209081,Company_B_22,B,North America,0.448622896022981,0.0287784188073835,Mid,stable,,92,,6768759.60275202,2025-04-02,review
2025-06-09,B-KVE4NM,0.0359301582632,Company_B_22,B,North America,0.448622896022981,0.0287784188073835,Mid,stable,,92,0.0184277164951934,6768759.60275202,2025-04-02,review
2025-06-11,B-KVE4NM,0.0394220254725286,Company_B_22,B,North America,0.448622896022981,0.0287784188073835,Mid,stable,,92,-0.0023309390995482,6768759.60275202,2025-04-02,review
2025-07-01,B-KVE4NM,0.0251303112846952,Company_B_22,B,North America,0.448622896022981,0.0287784188073835,Mid,stable,,92,,6768759.60275202,2025-04-02,review
2025-07-02,B-KVE4NM,0.0038605520154866,Company_B_22,B,North America,0.448622896022981,0.0287784188073835,Mid,stable,,92,-0.0047848339291268,6768759.60275202,2025-04-02,review
2025-07-03,B-KVE4NM,-0.0317679100654886,Company_B_22,B,North America,0.448622896022981,0.0287784188073835,Mid,stable,,92,-0.0300041296283168,6768759.60275202,2025-04-02,review
2025-07-04,B-KVE4NM,0.006764444504077,Company_B_22,B,North America,0.448622896022981,0.0287784188073835,Mid,stable,,92,0.0056822404651326,6768759.60275202,2025-04-02,review
2025-07-07,B-KVE4NM,-0.053494768447209,Company_B_22,B,North America,0.448622896022981,0.0287784188073835,Mid,stable,,92,-0.0260411084866903,6768759.60275202,2025-04-02,review
2025-07-08,B-KVE4NM,-0.0062482489616292,Company_B_22,B,North America,0.448622896022981,0.0287784188073835,Mid,stable,,92,,6768759.60275202,2025-04-02,review
2025-07-09,B-KVE4NM,0.0255973469910155,Company_B_22,B,North America,0.448622896022981,0.0287784188073835,Mid,stable,,92,-0.0023271599388046,6768759.60275202,2025-04-02,review
2025-07-10,B-KVE4NM,0.0376000151938053,Company_B_22,B,North America,0.448622896022981,0.0287784188073835,Mid,stable,,92,,6768759.60275202,2025-04-02,review
2025-07-11,B-KVE4NM,-0.0409024143506586,Company_B_22,B,North America,0.448622896022981,0.0287784188073835,Mid,stable,,92,-0.0120507403461468,6768759.60275202,2025-04-02,review
2025-08-01,B-KVE4NM,0.0212302644171253,Company_B_22,B,North America,0.448622896022981,0.0287784188073835,Mid,stable,,92,0.0040039417401903,6768759.60275202,2025-04-02,review
2025-08-05,B-KVE4NM,-0.0061579764519173,Company_B_22,B,North America,0.448622896022981,0.0287784188073835,Mid,stable,,92,-0.0172789147832154,6768759.60275202,2025-04-02,review
2025-08-06,B-KVE4NM,-0.0428804753516764,Company_B_22,B,North America,0.448622896022981,0.0287784188073835,Mid,stable,,92,0.0002102521817928,6768759.60275202,2025-04-02,review
2025-08-07,B-KVE4NM,0.0322923032113383,Company_B_22,B,North America,0.448622896022981,0.0287784188073835,Mid,stable,,92,0.0187115199297718,6768759.60275202,2025-04-02,review
2025-08-08,B-KVE4NM,-0.0272276925442329,Company_B_22,B,North America,0.448622896022981,0.0287784188073835,Mid,stable,,92,0.0105064073241729,6768759.60275202,2025-04-02,review
2025-08-11,B-KVE4NM,0.007642433580241,Company_B_22,B,North America,0.448622896022981,0.0287784188073835,Mid,stable,,92,-0.0090665158126864,6768759.60275202,2025-04-02,review
2025-08-12,B-KVE4NM,-0.0022460872162769,Company_B_22,B,North America,0.448622896022981,0.0287784188073835,Mid,stable,,92,-0.0015097488640975,6768759.60275202,2025-04-02,review
2025-09-01,B-KVE4NM,-0.0126751589012802,Company_B_22,B,North America,0.448622896022981,0.0287784188073835,Mid,stable,,92,-0.0182440765094434,6768759.60275202,2025-04-02,review
2025-09-02,B-KVE4NM,0.0300688398450858,Company_B_22,B,North America,0.448622896022981,0.0287784188073835,Mid,stable,,92,0.000493033588286,6768759.60275202,2025-04-02,review
2025-09-03,B-KVE4NM,-0.0022344203547547,Company_B_22,B,North America,0.448622896022981,0.0287784188073835,Mid,stable,,92,-0.0130870635919819,6768759.60275202,2025-04-02,review
2025-09-04,B-KVE4NM,0.0012021041016101,Company_B_22,B,North America,0.448622896022981,0.0287784188073835,Mid,stable,,92,0.0003558120086072,6768759.60275202,2025-04-02,review
2025-09-05,B-KVE4NM,-0.0015363646415136,Company_B_22,B,North America,0.448622896022981,0.0287784188073835,Mid,stable,,92,-0.0087005818517411,6768759.60275202,2025-04-02,review
2025-09-08,B-KVE4NM,0.0295205719081608,Company_B_22,B,North America,0.448622896022981,0.0287784188073835,Mid,stable,,92,0.0023920822452534,6768759.60275202,2025-04-02,review
2025-09-09,B-KVE4NM,0.0014463930792124,Company_B_22,B,North America,0.448622896022981,0.0287784188073835,Mid,stable,,92,-0.0026480819129213,6768759.60275202,2025-04-02,review
2025-09-10,B-KVE4NM,-0.0402864671768641,Company_B_22,B,North America,0.448622896022981,0.0287784188073835,Mid,stable,,92,-0.0320681829492234,6768759.60275202,2025-04-02,review
2025-09-11,B-KVE4NM,-0.0150063157402577,Company_B_22,B,North America,0.448622896022981,0.0287784188073835,Mid,stable,,92,-0.0042222927259599,6768759.60275202,2025-04-02,review
2025-09-12,B-KVE4NM,-0.0077822499691505,Company_B_22,B,North America,0.448622896022981,0.0287784188073835,Mid,stable,,92,0.0046539284908583,6768759.60275202,2025-04-02,review
2025-10-01,B-KVE4NM,0.0152440667637299,Company_B_22,B,North America,0.448622896022981,0.0287784188073835,Mid,stable,,92,,6768759.60275202,2025-04-02,review
2025-10-03,B-KVE4NM,-0.0053684459581309,Company_B_22,B,North America,0.448622896022981,0.0287784188073835,Mid,stable,,92,0.0012570528124232,6768759.60275202,2025-04-02,review
2025-10-06,B-KVE4NM,-0.041009792966483,Company_B_22,B,North America,0.448622896022981,0.0287784188073835,Mid,stable,,92,0.0191824545318301,6768759.60275202,2025-04-02,review
2025-10-07,B-KVE4NM,-0.0373013848239609,Company_B_22,B,North America,0.448622896022981,0.0287784188073835,Mid,stable,,92,-0.0315562534880117,6768759.60275202,2025-04-02,review
2025-10-08,B-KVE4NM,-0.0231460780661487,Company_B_22,B,North America,0.448622896022981,0.0287784188073835,Mid,stable,,92,-0.0126125562157682,6768759.60275202,2025-04-02,review
2025-10-10,B-KVE4NM,0.007489543018503,Company_B_22,B,North America,0.448622896022981,0.0287784188073835,Mid,stable,,92,0.0022168841621003,6768759.60275202,2025-04-02,review
2025-11-03,B-KVE4NM,0.001551681727194,Company_B_22,B,North America,0.448622896022981,0.0287784188073835,Mid,stable,,92,-0.0005455947933683,6768759.60275202,2025-04-02,review
2025-11-04,B-KVE4NM,-0.0402079548342831,Company_B_22,B,North America,0.448622896022981,0.0287784188073835,Mid,stable,,92,-0.0227663271628853,6768759.60275202,2025-04-02,review
2025-11-05,B-KVE4NM,0.0522122298649041,Company_B_22,B,North America,0.448622896022981,0.0287784188073835,Mid,stable,,92,0.0329021640544153,6768759.60275202,2025-04-02,review
2025-11-06,B-KVE4NM,0.0745140807832493,Company_B_22,B,North America,0.448622896022981,0.0287784188073835,Mid,stable,,92,0.0261796770562837,6768759.60275202,2025-04-02,review
2025-11-07,B-KVE4NM,-0.0141273403227674,Company_B_22,B,North America,0.448622896022981,0.0287784188073835,Mid,stable,,92,-0.0026152260671159,6768759.60275202,2025-04-02,review
2025-11-10,B-KVE4NM,0.0169261965223225,Company_B_22,B,North America,0.448622896022981,0.0287784188073835,Mid,stable,,92,-0.0099451696321556,6768759.60275202,2025-04-02,review
2025-11-11,B-KVE4NM,0.0226088545957078,Company_B_22,B,North America,0.448622896022981,0.0287784188073835,Mid,stable,,92,0.0071147820767182,6768759.60275202,2025-04-02,review
2025-11-12,B-KVE4NM,-0.0296662801776176,Company_B_22,B,North America,0.448622896022981,0.0287784188073835,Mid,stable,,92,-0.0288607520326152,6768759.60275202,2025-04-02,review
2025-12-01,B-KVE4NM,-0.0035828579358984,Company_B_22,B,North America,0.448622896022981,0.0287784188073835,Mid,stable,,92,0.0032907517570993,6768759.60275202,2025-04-02,review
2025-12-02,B-KVE4NM,-0.0089375400011285,Company_B_22,B,North America,0.448622896022981,0.0287784188073835,Mid,stable,,92,,6768759.60275202,2025-04-02,review
2025-12-03,B-KVE4NM,-0.036016319511667,Company_B_22,B,North America,0.448622896022981,0.0287784188073835,Mid,stable,,92,-0.0108077946280547,6768759.60275202,2025-04-02,review
2025-12-04,B-KVE4NM,0.0160231026406646,Company_B_22,B,North America,0.448622896022981,0.0287784188073835,Mid,stable,,92,0.0224254442272963,6768759.60275202,2025-04-02,review
2025-12-05,B-KVE4NM,-0.0174279871719586,Company_B_22,B,North America,0.448622896022981,0.0287784188073835,Mid,stable,,92,0.0141371876711961,6768759.60275202,2025-04-02,review
2025-12-08,B-KVE4NM,0.0122880536328036,Company_B_22,B,North America,0.448622896022981,0.0287784188073835,Mid,stable,,92,0.004564055137615,6768759.60275202,2025-04-02,review
2025-12-09,B-KVE4NM,-0.0192195481993864,Company_B_22,B,North America,0.448622896022981,0.0287784188073835,Mid,stable,,92,,6768759.60275202,2025-04-02,review
2025-12-10,B-KVE4NM,0.0343932555226812,Company_B_22,B,North America,0.448622896022981,0.0287784188073835,Mid,stable,,92,0.0187045985583545,6768759.60275202,2025-04-02,review
2025-12-11,B-KVE4NM,-0.0449207908933035,Company_B_22,B,North America,0.448622896022981,0.0287784188073835,Mid,stable,,92,-0.0061635450064645,6768759.60275202,2025-04-02,review
2025-12-12,B-KVE4NM,-0.0054664723891097,Company_B_22,B,North America,0.448622896022981,0.0287784188073835,Mid,stable,,92,0.0093768957427672,6768759.60275202,2025-04-02,review
2025-11-03,B-MHTAKQ,-0.0149429366174677,Company_B_35,B,South America,0.6212518836831601,0.0327334580699937,,manual review,,77,-0.0005455947933683,15703008.00584986,2025-10-22,
2025-11-04,B-MHTAKQ,-0.0404269777121403,Company_B_35,B,South America,0.6212518836831601,0.0327334580699937,,manual review,,77,-0.0227663271628853,15703008.00584986,2025-10-22,
2025-11-05,B-MHTAKQ,0.0293328314716106,Company_B_35,B,South America,0.6212518836831601,0.0327334580699937,,manual review,,77,0.0329021640544153,15703008.00584986,2025-10-22,
2025-11-06,B-MHTAKQ,0.0659140887896168,Company_B_35,B,South America,0.6212518836831601,0.0327334580699937,,manual review,,77,0.0261796770562837,15703008.00584986,2025-10-22,
2025-11-07,B-MHTAKQ,,Company_B_35,B,South America,0.6212518836831601,0.0327334580699937,,manual review,,77,-0.0026152260671159,15703008.00584986,2025-10-22,
2025-11-10,B-MHTAKQ,0.0360443644553832,Company_B_35,B,South America,0.6212518836831601,0.0327334580699937,,manual review,,77,-0.0099451696321556,15703008.00584986,2025-10-22,
2025-11-12,B-MHTAKQ,-0.0102259774395551,Company_B_35,B,South America,0.6212518836831601,0.0327334580699937,,manual review,,77,-0.0288607520326152,15703008.00584986,2025-10-22,
2025-12-01,B-MHTAKQ,-0.0110826748914108,Company_B_35,B,South America,0.6212518836831601,0.0327334580699937,,manual review,,77,0.0032907517570993,15703008.00584986,2025-10-22,
2025-12-02,B-MHTAKQ,-0.0066340664406505,Company_B_35,B,South America,0.6212518836831601,0.0327334580699937,,manual review,,77,,15703008.00584986,2025-10-22,
2025-12-03,B-MHTAKQ,-0.0309512288054562,Company_B_35,B,South America,0.6212518836831601,0.0327334580699937,,manual review,,77,-0.0108077946280547,15703008.00584986,2025-10-22,
2025-12-04,B-MHTAKQ,0.049238618178703,Company_B_35,B,South America,0.6212518836831601,0.0327334580699937,,manual review,,77,0.0224254442272963,15703008.00584986,2025-10-22,
2025-12-05,B-MHTAKQ,0.0318102038411737,Company_B_35,B,South America,0.6212518836831601,0.0327334580699937,,manual review,,77,0.0141371876711961,15703008.00584986,2025-10-22,
2025-12-08,B-MHTAKQ,-0.011830767110072,Company_B_35,B,South America,0.6212518836831601,0.0327334580699937,,manual review,,77,0.004564055137615,15703008.00584986,2025-10-22,
2025-12-09,B-MHTAKQ,-0.0035034509456681,Company_B_35,B,South America,0.6212518836831601,0.0327334580699937,,manual review,,77,,15703008.00584986,2025-10-22,
2025-12-10,B-MHTAKQ,0.0435199303863522,Company_B_35,B,South America,0.6212518836831601,0.0327334580699937,,manual review,,77,0.0187045985583545,15703008.00584986,2025-10-22,
2025-12-11,B-MHTAKQ,0.0033795572551993,Company_B_35,B,South America,0.6212518836831601,0.0327334580699937,,manual review,,77,-0.0061635450064645,15703008.00584986,2025-10-22,
2025-12-12,B-MHTAKQ,0.0034627279764539,Company_B_35,B,South America,0.6212518836831601,0.0327334580699937,,manual review,,77,0.0093768957427672,15703008.00584986,2025-10-22,
2025-01-01,B-MUVZTX,-0.0417295054119699,Company_B_11,B,North America,0.5619171116975393,0.0326251906128119,Mid,manual review,core,48,-0.0084609808135676,30493123.80112432,2025-01-01,
2025-01-02,B-MUVZTX,0.0375949081208078,Company_B_11,B,North America,0.5619171116975393,0.0326251906128119,Mid,manual review,core,48,0.0150606232546089,30493123.80112432,2025-01-01,
2025-01-03,B-MUVZTX,-0.0328450182984786,Company_B_11,B,North America,0.5619171116975393,0.0326251906128119,Mid,manual review,core,48,-0.0129958013555349,30493123.80112432,2025-01-01,
2025-01-06,B-MUVZTX,0.0044823847001943,Company_B_11,B,North America,0.5619171116975393,0.0326251906128119,Mid,manual review,core,48,0.013121934397316,30493123.80112432,2025-01-01,
2025-01-07,B-MUVZTX,-0.0597590900526682,Company_B_11,B,North America,0.5619171116975393,0.0326251906128119,Mid,manual review,core,48,-0.0321310013809564,30493123.80112432,2025-01-01,
2025-01-09,B-MUVZTX,-0.0498346957998559,Company_B_11,B,North America,0.5619171116975393,0.0326251906128119,Mid,manual review,core,48,-0.0078227017427365,30493123.80112432,2025-01-01,
2025-01-10,B-MUVZTX,0.0007383740405067,Company_B_11,B,North America,0.5619171116975393,0.0326251906128119,Mid,manual review,core,48,,30493123.80112432,2025-01-01,
2025-02-03,B-MUVZTX,-0.003758127615573,Company_B_11,B,North America,0.5619171116975393,0.0326251906128119,Mid,manual review,core,48,-0.0129161605812873,30493123.80112432,2025-01-01,
2025-02-05,B-MUVZTX,0.0432322777371524,Company_B_11,B,North America,0.5619171116975393,0.0326251906128119,Mid,manual review,core,48,0.0368528512948007,30493123.80112432,2025-01-01,
2025-02-06,B-MUVZTX,0.0046533535204713,Company_B_11,B,North America,0.5619171116975393,0.0326251906128119,Mid,manual review,core,48,-0.0028169333638068,30493123.80112432,2025-01-01,
2025-02-07,B-MUVZTX,0.036463579844511,Company_B_11,B,North America,0.5619171116975393,0.0326251906128119,Mid,manual review,core,48,0.0037946313290671,30493123.80112432,2025-01-01,
2025-02-10,B-MUVZTX,0.0138854802883447,Company_B_11,B,North America,0.5619171116975393,0.0326251906128119,Mid,manual review,core,48,,30493123.80112432,2025-01-01,
2025-02-11,B-MUVZTX,0.0370760169675859,Company_B_11,B,North America,0.5619171116975393,0.0326251906128119,Mid,manual review,core,48,0.0062881352120187,30493123.80112432,2025-01-01,
2025-02-12,B-MUVZTX,-0.0401942870151515,Company_B_11,B,North America,0.5619171116975393,0.0326251906128119,Mid,manual review,core,48,-0.0208527580455251,30493123.80112432,2025-01-01,
2025-03-03,B-MUVZTX,0.026790341738904,Company_B_11,B,North America,0.5619171116975393,0.0326251906128119,Mid,manual review,core,48,0.0241394851882321,30493123.80112432,2025-01-01,
2025-03-04,B-MUVZTX,-0.0042552349809605,Company_B_11,B,North America,0.5619171116975393,0.0326251906128119,Mid,manual review,core,48,-0.0101597991216656,30493123.80112432,2025-01-01,
2025-03-05,B-MUVZTX,-0.0019526870895983,Company_B_11,B,North America,0.5619171116975393,0.0326251906128119,Mid,manual review,core,48,0.0075017569132821,30493123.80112432,2025-01-01,
2025-03-06,B-MUVZTX,0.0121235742746764,Company_B_11,B,North America,0.5619171116975393,0.0326251906128119,Mid,manual review,core,48,0.0066686231237621,30493123.80112432,2025-01-01,
2025-03-07,B-MUVZTX,0.0017530354654845,Company_B_11,B,North America,0.5619171116975393,0.0326251906128119,Mid,manual review,core,48,0.0112572342293805,30493123.80112432,2025-01-01,
2025-03-10,B-MUVZTX,-0.0065020435122218,Company_B_11,B,North America,0.5619171116975393,0.0326251906128119,Mid,manual review,core,48,-0.017433239731723,30493123.80112432,2025-01-01,
2025-03-11,B-MUVZTX,-0.0037056366238402,Company_B_11,B,North America,0.5619171116975393,0.0326251906128119,Mid,manual review,core,48,-0.0023939118081542,30493123.80112432,2025-01-01,
2025-03-12,B-MUVZTX,-0.0021795210698252,Company_B_11,B,North America,0.5619171116975393,0.0326251906128119,Mid,manual review,core,48,0.0319413685846036,30493123.80112432,2025-01-01,
2025-04-01,B-MUVZTX,-0.0021801057917704,Company_B_11,B,North America,0.5619171116975393,0.0326251906128119,Mid,manual review,core,48,0.0115957818789293,30493123.80112432,2025-01-01,
2025-04-02,B-MUVZTX,0.0231002604795607,Company_B_11,B,North America,0.5619171116975393,0.0326251906128119,Mid,manual review,core,48,0.0186776451485401,30493123.80112432,2025-01-01,
2025-04-03,B-MUVZTX,-0.0194380817901855,Company_B_11,B,North America,0.5619171116975393,0.0326251906128119,Mid,manual review,core,48,-0.0037462404383459,30493123.80112432,2025-01-01,
2025-04-04,B-MUVZTX,0.0003129443667891,Company_B_11,B,North America,0.5619171116975393,0.0326251906128119,Mid,manual review,core,48,0.0147203918974813,30493123.80112432,2025-01-01,
2025-04-07,B-MUVZTX,0.006637957751439,Company_B_11,B,North America,0.5619171116975393,0.0326251906128119,Mid,manual review,core,48,0.0246663868926757,30493123.80112432,2025-01-01,
2025-04-08,B-MUVZTX,0.0031072108522275,Company_B_11,B,North America,0.5619171116975393,0.0326251906128119,Mid,manual review,core,48,0.0056866936253566,30493123.80112432,2025-01-01,
2025-04-09,B-MUVZTX,0.0152794917538276,Company_B_11,B,North America,0.5619171116975393,0.0326251906128119,Mid,manual review,core,48,-0.0004650774196358,30493123.80112432,2025-01-01,
2025-04-10,B-MUVZTX,0.0094218956718201,Company_B_11,B,North America,0.5619171116975393,0.0326251906128119,Mid,manual review,core,48,-0.0095558031349188,30493123.80112432,2025-01-01,
2025-04-11,B-MUVZTX,0.0603819814516405,Company_B_11,B,North America,0.5619171116975393,0.0326251906128119,Mid,manual review,core,48,0.0326847601054619,30493123.80112432,2025-01-01,
2025-05-01,B-MUVZTX,0.0271791976235456,Company_B_11,B,North America,0.5619171116975393,0.0326251906128119,Mid,manual review,core,48,0.0140277458538761,30493123.80112432,2025-01-01,
2025-05-02,B-MUVZTX,-0.0019285793965733,Company_B_11,B,North America,0.5619171116975393,0.0326251906128119,Mid,manual review,core,48,-0.0237675804038153,30493123.80112432,2025-01-01,
2025-05-05,B-MUVZTX,0.0117229900676223,Company_B_11,B,North America,0.5619171116975393,0.0326251906128119,Mid,manual review,core,48,-0.0102126348852569,30493123.80112432,2025-01-01,
2025-05-06,B-MUVZTX,-0.0342384355443569,Company_B_11,B,North America,0.5619171116975393,0.0326251906128119,Mid,manual review,core,48,-0.030025691323182,30493123.80112432,2025-01-01,
2025-05-07,B-MUVZTX,0.0098159842790447,Company_B_11,B,North America,0.5619171116975393,0.0326251906128119,Mid,manual review,core,48,-0.0045847799145338,30493123.80112432,2025-01-01,
2025-05-08,B-MUVZTX,-0.0174042750627728,Company_B_11,B,North America,0.5619171116975393,0.0326251906128119,Mid,manual review,core,48,-0.0100549327049622,30493123.80112432,2025-01-01,
2025-05-09,B-MUVZTX,0.0033027256608033,Company_B_11,B,North America,0.5619171116975393,0.0326251906128119,Mid,manual review,core,48,-0.0108788433685402,30493123.80112432,2025-01-01,
2025-05-12,B-MUVZTX,0.0389180415435845,Company_B_11,B,North America,0.5619171116975393,0.0326251906128119,Mid,manual review,core,48,0.013255782941715,30493123.80112432,2025-01-01,
2025-06-02,B-MUVZTX,0.0001929242677525,Company_B_11,B,North America,0.5619171116975393,0.0326251906128119,Mid,manual review,core,48,0.0084439877167436,30493123.80112432,2025-01-01,
2025-06-03,B-MUVZTX,-0.0526017788078601,Company_B_11,B,North America,0.5619171116975393,0.0326251906128119,Mid,manual review,core,48,-0.0167736228582782,30493123.80112432,2025-01-01,
2025-06-04,B-MUVZTX,-0.0078717787014767,Company_B_11,B,North America,0.5619171116975393,0.0326251906128119,Mid,manual review,core,48,-0.0043931427354546,30493123.80112432,2025-01-01,
2025-06-05,B-MUVZTX,-0.031460588788558,Company_B_11,B,North America,0.5619171116975393,0.0326251906128119,Mid,manual review,core,48,-0.0005637740370175,30493123.80112432,2025-01-01,
2025-06-06,B-MUVZTX,,Company_B_11,B,North America,0.5619171116975393,0.0326251906128119,Mid,manual review,core,48,,30493123.80112432,2025-01-01,
2025-06-09,B-MUVZTX,0.0514747274412547,Company_B_11,B,North America,0.5619171116975393,0.0326251906128119,Mid,manual review,core,48,0.0184277164951934,30493123.80112432,2025-01-01,
2025-06-10,B-MUVZTX,-0.0071606269984044,Company_B_11,B,North America,0.5619171116975393,0.0326251906128119,Mid,manual review,core,48,0.0077210052577763,30493123.80112432,2025-01-01,
2025-06-12,B-MUVZTX,-0.0060760830779884,Company_B_11,B,North America,0.5619171116975393,0.0326251906128119,Mid,manual review,core,48,0.008891025310106,30493123.80112432,2025-01-01,
2025-07-01,B-MUVZTX,0.0222394390910722,Company_B_11,B,North America,0.5619171116975393,0.0326251906128119,Mid,manual review,core,48,,30493123.80112432,2025-01-01,
2025-07-02,B-MUVZTX,-0.0128189908044394,Company_B_11,B,North America,0.5619171116975393,0.0326251906128119,Mid,manual review,core,48,-0.0047848339291268,30493123.80112432,2025-01-01,
2025-07-03,B-MUVZTX,-0.0249619413123757,Company_B_11,B,North America,0.5619171116975393,0.0326251906128119,Mid,manual review,core,48,-0.0300041296283168,30493123.80112432,2025-01-01,
2025-07-04,B-MUVZTX,-0.000133999680225,Company_B_11,B,North America,0.5619171116975393,0.0326251906128119,Mid,manual review,core,48,0.0056822404651326,30493123.80112432,2025-01-01,
2025-07-07,B-MUVZTX,-0.0194574152683756,Company_B_11,B,North America,0.5619171116975393,0.0326251906128119,Mid,manual review,core,48,-0.0260411084866903,30493123.80112432,2025-01-01,
2025-07-08,B-MUVZTX,0.0439758654340983,Company_B_11,B,North America,0.5619171116975393,0.0326251906128119,Mid,manual review,core,48,,30493123.80112432,2025-01-01,
2025-07-09,B-MUVZTX,0.0314673385520166,Company_B_11,B,North America,0.5619171116975393,0.0326251906128119,Mid,manual review,core,48,-0.0023271599388046,30493123.80112432,2025-01-01,
2025-07-10,B-MUVZTX,-0.0223048366889739,Company_B_11,B,North America,0.5619171116975393,0.0326251906128119,Mid,manual review,core,48,,30493123.80112432,2025-01-01,
2025-07-11,B-MUVZTX,,Company_B_11,B,North America,0.5619171116975393,0.0326251906128119,Mid,manual review,core,48,-0.0120507403461468,30493123.80112432,2025-01-01,
2025-08-01,B-MUVZTX,0.0074584249027413,Company_B_11,B,North America,0.5619171116975393,0.0326251906128119,Mid,manual review,core,48,0.0040039417401903,30493123.80112432,2025-01-01,
2025-08-04,B-MUVZTX,0.009216050119908,Company_B_11,B,North America,0.5619171116975393,0.0326251906128119,Mid,manual review,core,48,0.0114973593521953,30493123.80112432,2025-01-01,
2025-08-06,B-MUVZTX,0.0109447224065015,Company_B_11,B,North America,0.5619171116975393,0.0326251906128119,Mid,manual review,core,48,0.0002102521817928,30493123.80112432,2025-01-01,
2025-08-08,B-MUVZTX,0.0218033369012759,Company_B_11,B,North America,0.5619171116975393,0.0326251906128119,Mid,manual review,core,48,0.0105064073241729,30493123.80112432,2025-01-01,
2025-08-11,B-MUVZTX,-0.040620154722724,Company_B_11,B,North America,0.5619171116975393,0.0326251906128119,Mid,manual review,core,48,-0.0090665158126864,30493123.80112432,2025-01-01,
2025-08-12,B-MUVZTX,0.0101280663154543,Company_B_11,B,North America,0.5619171116975393,0.0326251906128119,Mid,manual review,core,48,-0.0015097488640975,30493123.80112432,2025-01-01,
2025-09-01,B-MUVZTX,0.0205683113620855,Company_B_11,B,North America,0.5619171116975393,0.0326251906128119,Mid,manual review,core,48,-0.0182440765094434,30493123.80112432,2025-01-01,
2025-09-03,B-MUVZTX,0.027889161140128,Company_B_11,B,North America,0.5619171116975393,0.0326251906128119,Mid,manual review,core,48,-0.0130870635919819,30493123.80112432,2025-01-01,
2025-09-04,B-MUVZTX,-0.0120474647283794,Company_B_11,B,North America,0.5619171116975393,0.0326251906128119,Mid,manual review,core,48,0.0003558120086072,30493123.80112432,2025-01-01,
2025-09-05,B-MUVZTX,0.0103179612089515,Company_B_11,B,North America,0.5619171116975393,0.0326251906128119,Mid,manual review,core,48,-0.0087005818517411,30493123.80112432,2025-01-01,
2025-09-08,B-MUVZTX,0.0018633336253672,Company_B_11,B,North America,0.5619171116975393,0.0326251906128119,Mid,manual review,core,48,0.0023920822452534,30493123.80112432,2025-01-01,
2025-09-09,B-MUVZTX,-0.0099879311431897,Company_B_11,B,North America,0.5619171116975393,0.0326251906128119,Mid,manual review,core,48,-0.0026480819129213,30493123.80112432,2025-01-01,
2025-09-10,B-MUVZTX,-0.0620575521873665,Company_B_11,B,North America,0.5619171116975393,0.0326251906128119,Mid,manual review,core,48,-0.0320681829492234,30493123.80112432,2025-01-01,
2025-09-11,B-MUVZTX,-0.0185932576511438,Company_B_11,B,North America,0.5619171116975393,0.0326251906128119,Mid,manual review,core,48,-0.0042222927259599,30493123.80112432,2025-01-01,
2025-10-01,B-MUVZTX,-0.0176904382690643,Company_B_11,B,North America,0.5619171116975393,0.0326251906128119,Mid,manual review,core,48,,30493123.80112432,2025-01-01,
2025-10-02,B-MUVZTX,-0.0382456636526505,Company_B_11,B,North America,0.5619171116975393,0.0326251906128119,Mid,manual review,core,48,-0.0139835436674951,30493123.80112432,2025-01-01,
2025-10-03,B-MUVZTX,0.0294377872941803,Company_B_11,B,North America,0.5619171116975393,0.0326251906128119,Mid,manual review,core,48,0.0012570528124232,30493123.80112432,2025-01-01,
2025-10-06,B-MUVZTX,-0.0110355279856841,Company_B_11,B,North America,0.5619171116975393,0.0326251906128119,Mid,manual review,core,48,0.0191824545318301,30493123.80112432,2025-01-01,
2025-10-07,B-MUVZTX,-0.0056617696325945,Company_B_11,B,North America,0.5619171116975393,0.0326251906128119,Mid,manual review,core,48,-0.0315562534880117,30493123.80112432,2025-01-01,
2025-10-08,B-MUVZTX,-0.0313532959098392,Company_B_11,B,North America,0.5619171116975393,0.0326251906128119,Mid,manual review,core,48,-0.0126125562157682,30493123.80112432,2025-01-01,
2025-10-09,B-MUVZTX,-0.0303029730135269,Company_B_11,B,North America,0.5619171116975393,0.0326251906128119,Mid,manual review,core,48,-0.0182787295370303,30493123.80112432,2025-01-01,
2025-11-03,B-MUVZTX,0.0065360602986296,Company_B_11,B,North America,0.5619171116975393,0.0326251906128119,Mid,manual review,core,48,-0.0005455947933683,30493123.80112432,2025-01-01,
2025-11-04,B-MUVZTX,-0.0554594448650625,Company_B_11,B,North America,0.5619171116975393,0.0326251906128119,Mid,manual review,core,48,-0.0227663271628853,30493123.80112432,2025-01-01,
2025-11-06,B-MUVZTX,0.0438032026771344,Company_B_11,B,North America,0.5619171116975393,0.0326251906128119,Mid,manual review,core,48,0.0261796770562837,30493123.80112432,2025-01-01,
2025-11-07,B-MUVZTX,0.0437858716489632,Company_B_11,B,North America,0.5619171116975393,0.0326251906128119,Mid,manual review,core,48,-0.0026152260671159,30493123.80112432,2025-01-01,
2025-11-10,B-MUVZTX,,Company_B_11,B,North America,0.5619171116975393,0.0326251906128119,Mid,manual review,core,48,-0.0099451696321556,30493123.80112432,2025-01-01,
2025-11-11,B-MUVZTX,-0.0203704058794108,Company_B_11,B,North America,0.5619171116975393,0.0326251906128119,Mid,manual review,core,48,0.0071147820767182,30493123.80112432,2025-01-01,
2025-12-01,B-MUVZTX,-0.0316349782524338,Company_B_11,B,North America,0.5619171116975393,0.0326251906128119,Mid,manual review,core,48,0.0032907517570993,30493123.80112432,2025-01-01,
2025-12-02,B-MUVZTX,-0.0441830312797171,Company_B_11,B,North America,0.5619171116975393,0.0326251906128119,Mid,manual review,core,48,,30493123.80112432,2025-01-01,
2025-12-03,B-MUVZTX,-0.0069392266954743,Company_B_11,B,North America,0.5619171116975393,0.0326251906128119,Mid,manual review,core,48,-0.0108077946280547,30493123.80112432,2025-01-01,
2025-12-04,B-MUVZTX,-0.0044528723756679,Company_B_11,B,North America,0.5619171116975393,0.0326251906128119,Mid,manual review,core,48,0.0224254442272963,30493123.80112432,2025-01-01,
2025-12-05,B-MUVZTX,0.0278980569201261,Company_B_11,B,North America,0.5619171116975393,0.0326251906128119,Mid,manual review,core,48,0.0141371876711961,30493123.80112432,2025-01-01,
2025-12-09,B-MUVZTX,-0.0057343795657135,Company_B_11,B,North America,0.5619171116975393,0.0326251906128119,Mid,manual review,core,48,,30493123.80112432,2025-01-01,
2025-12-10,B-MUVZTX,0.0034833228180194,Company_B_11,B,North America,0.5619171116975393,0.0326251906128119,Mid,manual review,core,48,0.0187045985583545,30493123.80112432,2025-01-01,
2025-12-11,B-MUVZTX,,Company_B_11,B,North America,0.5619171116975393,0.0326251906128119,Mid,manual review,core,48,-0.0061635450064645,30493123.80112432,2025-01-01,
2025-12-12,B-MUVZTX,0.0233512477262837,Company_B_11,B,North America,0.5619171116975393,0.0326251906128119,Mid,manual review,core,48,0.0093768957427672,30493123.80112432,2025-01-01,
2025-05-01,B-O2NB6I,0.0309127415654837,Company_B_30,B,Europe,0.4559347578430257,0.0352247537177965,Mid,manual review,satellite,70,0.0140277458538761,34693326.39213783,2025-04-16,new
2025-05-02,B-O2NB6I,-0.0415289734852736,Company_B_30,B,Europe,0.4559347578430257,0.0352247537177965,Mid,manual review,satellite,70,-0.0237675804038153,34693326.39213783,2025-04-16,new
2025-05-05,B-O2NB6I,-0.0306385496683215,Company_B_30,B,Europe,0.4559347578430257,0.0352247537177965,Mid,manual review,satellite,70,-0.0102126348852569,34693326.39213783,2025-04-16,new
2025-05-06,B-O2NB6I,-0.0020952599330172,Company_B_30,B,Europe,0.4559347578430257,0.0352247537177965,Mid,manual review,satellite,70,-0.030025691323182,34693326.39213783,2025-04-16,new
2025-05-07,B-O2NB6I,-0.0115041203292479,Company_B_30,B,Europe,0.4559347578430257,0.0352247537177965,Mid,manual review,satellite,70,-0.0045847799145338,34693326.39213783,2025-04-16,new
2025-05-08,B-O2NB6I,,Company_B_30,B,Europe,0.4559347578430257,0.0352247537177965,Mid,manual review,satellite,70,-0.0100549327049622,34693326.39213783,2025-04-16,new
2025-05-09,B-O2NB6I,-0.0137587695076234,Company_B_30,B,Europe,0.4559347578430257,0.0352247537177965,Mid,manual review,satellite,70,-0.0108788433685402,34693326.39213783,2025-04-16,new
2025-05-12,B-O2NB6I,0.0092034792762667,Company_B_30,B,Europe,0.4559347578430257,0.0352247537177965,Mid,manual review,satellite,70,0.013255782941715,34693326.39213783,2025-04-16,new
2025-06-02,B-O2NB6I,0.0203263354005103,Company_B_30,B,Europe,0.4559347578430257,0.0352247537177965,Mid,manual review,satellite,70,0.0084439877167436,34693326.39213783,2025-04-16,new
2025-06-03,B-O2NB6I,-0.0358292479442795,Company_B_30,B,Europe,0.4559347578430257,0.0352247537177965,Mid,manual review,satellite,70,-0.0167736228582782,34693326.39213783,2025-04-16,new
2025-06-04,B-O2NB6I,0.0325822419412598,Company_B_30,B,Europe,0.4559347578430257,0.0352247537177965,Mid,manual review,satellite,70,-0.0043931427354546,34693326.39213783,2025-04-16,new
2025-06-05,B-O2NB6I,-0.0422224974263138,Company_B_30,B,Europe,0.4559347578430257,0.0352247537177965,Mid,manual review,satellite,70,-0.0005637740370175,34693326.39213783,2025-04-16,new
2025-06-06,B-O2NB6I,0.0327033432695266,Company_B_30,B,Europe,0.4559347578430257,0.0352247537177965,Mid,manual review,satellite,70,,34693326.39213783,2025-04-16,new
2025-06-09,B-O2NB6I,0.0344970074020895,Company_B_30,B,Europe,0.4559347578430257,0.0352247537177965,Mid,manual review,satellite,70,0.0184277164951934,34693326.39213783,2025-04-16,new
2025-06-10,B-O2NB6I,-0.0125587422982547,Company_B_30,B,Europe,0.4559347578430257,0.0352247537177965,Mid,manual review,satellite,70,0.0077210052577763,34693326.39213783,2025-04-16,new
2025-06-12,B-O2NB6I,-0.0113756795111861,Company_B_30,B,Europe,0.4559347578430257,0.0352247537177965,Mid,manual review,satellite,70,0.008891025310106,34693326.39213783,2025-04-16,new
2025-07-01,B-O2NB6I,0.0159525848091684,Company_B_30,B,Europe,0.4559347578430257,0.0352247537177965,Mid,manual review,satellite,70,,34693326.39213783,2025-04-16,new
2025-07-02,B-O2NB6I,-0.0123136878228498,Company_B_30,B,Europe,0.4559347578430257,0.0352247537177965,Mid,manual review,satellite,70,-0.0047848339291268,34693326.39213783,2025-04-16,new
2025-07-03,B-O2NB6I,0.0159505882454914,Company_B_30,B,Europe,0.4559347578430257,0.0352247537177965,Mid,manual review,satellite,70,-0.0300041296283168,34693326.39213783,2025-04-16,new
2025-07-04,B-O2NB6I,0.0262109171999573,Company_B_30,B,Europe,0.4559347578430257,0.0352247537177965,Mid,manual review,satellite,70,0.0056822404651326,34693326.39213783,2025-04-16,new
2025-07-07,B-O2NB6I,-0.0401712242945044,Company_B_30,B,Europe,0.4559347578430257,0.0352247537177965,Mid,manual review,satellite,70,-0.0260411084866903,34693326.39213783,2025-04-16,new
2025-07-08,B-O2NB6I,0.0407413323666119,Company_B_30,B,Europe,0.4559347578430257,0.0352247537177965,Mid,manual review,satellite,70,,34693326.39213783,2025-04-16,new
2025-07-09,B-O2NB6I,0.0102444688907303,Company_B_30,B,Europe,0.4559347578430257,0.0352247537177965,Mid,manual review,satellite,70,-0.0023271599388046,34693326.39213783,2025-04-16,new
2025-07-10,B-O2NB6I,-0.0219274975526493,Company_B_30,B,Europe,0.4559347578430257,0.0352247537177965,Mid,manual review,satellite,70,,34693326.39213783,2025-04-16,new
2025-07-11,B-O2NB6I,-0.0095134219369621,Company_B_30,B,Europe,0.4559347578430257,0.0352247537177965,Mid,manual review,satellite,70,-0.0120507403461468,34693326.39213783,2025-04-16,new
2025-08-01,B-O2NB6I,-0.0081509555129606,Company_B_30,B,Europe,0.4559347578430257,0.0352247537177965,Mid,manual review,satellite,70,0.0040039417401903,34693326.39213783,2025-04-16,new
2025-08-04,B-O2NB6I,0.000454922036664,Company_B_30,B,Europe,0.4559347578430257,0.0352247537177965,Mid,manual review,satellite,70,0.0114973593521953,34693326.39213783,2025-04-16,new
2025-08-05,B-O2NB6I,-0.0280012825012893,Company_B_30,B,Europe,0.4559347578430257,0.0352247537177965,Mid,manual review,satellite,70,-0.0172789147832154,34693326.39213783,2025-04-16,new
2025-08-06,B-O2NB6I,0.0279573645736355,Company_B_30,B,Europe,0.4559347578430257,0.0352247537177965,Mid,manual review,satellite,70,0.0002102521817928,34693326.39213783,2025-04-16,new
2025-08-08,B-O2NB6I,0.0140639300844542,Company_B_30,B,Europe,0.4559347578430257,0.0352247537177965,Mid,manual review,satellite,70,0.0105064073241729,34693326.39213783,2025-04-16,new
2025-08-11,B-O2NB6I,-0.0129833843018244,Company_B_30,B,Europe,0.4559347578430257,0.0352247537177965,Mid,manual review,satellite,70,-0.0090665158126864,34693326.39213783,2025-04-16,new
2025-08-12,B-O2NB6I,0.0146605230482285,Company_B_30,B,Europe,0.4559347578430257,0.0352247537177965,Mid,manual review,satellite,70,-0.0015097488640975,34693326.39213783,2025-04-16,new
2025-09-01,B-O2NB6I,-0.0218926617453429,Company_B_30,B,Europe,0.4559347578430257,0.0352247537177965,Mid,manual review,satellite,70,-0.0182440765094434,34693326.39213783,2025-04-16,new
2025-09-02,B-O2NB6I,-0.0077101979145846,Company_B_30,B,Europe,0.4559347578430257,0.0352247537177965,Mid,manual review,satellite,70,0.000493033588286,34693326.39213783,2025-04-16,new
2025-09-03,B-O2NB6I,0.004756269447783,Company_B_30,B,Europe,0.4559347578430257,0.0352247537177965,Mid,manual review,satellite,70,-0.0130870635919819,34693326.39213783,2025-04-16,new
2025-09-04,B-O2NB6I,-0.0270680101120217,Company_B_30,B,Europe,0.4559347578430257,0.0352247537177965,Mid,manual review,satellite,70,0.0003558120086072,34693326.39213783,2025-04-16,new
2025-09-05,B-O2NB6I,0.018437538601964,Company_B_30,B,Europe,0.4559347578430257,0.0352247537177965,Mid,manual review,satellite,70,-0.0087005818517411,34693326.39213783,2025-04-16,new
2025-09-08,B-O2NB6I,0.0010445747409943,Company_B_30,B,Europe,0.4559347578430257,0.0352247537177965,Mid,manual review,satellite,70,0.0023920822452534,34693326.39213783,2025-04-16,new
2025-09-09,B-O2NB6I,-0.0209096170698709,Company_B_30,B,Europe,0.4559347578430257,0.0352247537177965,Mid,manual review,satellite,70,-0.0026480819129213,34693326.39213783,2025-04-16,new
2025-09-10,B-O2NB6I,-0.0352448406346973,Company_B_30,B,Europe,0.4559347578430257,0.0352247537177965,Mid,manual review,satellite,70,-0.0320681829492234,34693326.39213783,2025-04-16,new
2025-09-11,B-O2NB6I,0.000579019659024,Company_B_30,B,Europe,0.4559347578430257,0.0352247537177965,Mid,manual review,satellite,70,-0.0042222927259599,34693326.39213783,2025-04-16,new
2025-09-12,B-O2NB6I,0.0359188690955546,Company_B_30,B,Europe,0.4559347578430257,0.0352247537177965,Mid,manual review,satellite,70,0.0046539284908583,34693326.39213783,2025-04-16,new
2025-10-01,B-O2NB6I,0.0092715859684075,Company_B_30,B,Europe,0.4559347578430257,0.0352247537177965,Mid,manual review,satellite,70,,34693326.39213783,2025-04-16,new
2025-10-02,B-O2NB6I,-0.0510799192250688,Company_B_30,B,Europe,0.4559347578430257,0.0352247537177965,Mid,manual review,satellite,70,-0.0139835436674951,34693326.39213783,2025-04-16,new
2025-10-03,B-O2NB6I,-0.0428347445849245,Company_B_30,B,Europe,0.4559347578430257,0.0352247537177965,Mid,manual review,satellite,70,0.0012570528124232,34693326.39213783,2025-04-16,new
2025-10-07,B-O2NB6I,-0.0314683553835927,Company_B_30,B,Europe,0.4559347578430257,0.0352247537177965,Mid,manual review,satellite,70,-0.0315562534880117,34693326.39213783,2025-04-16,new
2025-10-08,B-O2NB6I,-0.0359283814853984,Company_B_30,B,Europe,0.4559347578430257,0.0352247537177965,Mid,manual review,satellite,70,-0.0126125562157682,34693326.39213783,2025-04-16,new
2025-10-09,B-O2NB6I,-0.0465557237283091,Company_B_30,B,Europe,0.4559347578430257,0.0352247537177965,Mid,manual review,satellite,70,-0.0182787295370303,34693326.39213783,2025-04-16,new
2025-10-10,B-O2NB6I,0.011507806158141,Company_B_30,B,Europe,0.4559347578430257,0.0352247537177965,Mid,manual review,satellite,70,0.0022168841621003,34693326.39213783,2025-04-16,new
2025-11-03,B-O2NB6I,-0.0016048510079786,Company_B_30,B,Europe,0.4559347578430257,0.0352247537177965,Mid,manual review,satellite,70,-0.0005455947933683,34693326.39213783,2025-04-16,new
2025-11-04,B-O2NB6I,0.0015673496862099,Company_B_30,B,Europe,0.4559347578430257,0.0352247537177965,Mid,manual review,satellite,70,-0.0227663271628853,34693326.39213783,2025-04-16,new
2025-11-05,B-O2NB6I,0.0601601089979106,Company_B_30,B,Europe,0.4559347578430257,0.0352247537177965,Mid,manual review,satellite,70,0.0329021640544153,34693326.39213783,2025-04-16,new
2025-11-06,B-O2NB6I,,Company_B_30,B,Europe,0.4559347578430257,0.0352247537177965,Mid,manual review,satellite,70,0.0261796770562837,34693326.39213783,2025-04-16,new
2025-11-07,B-O2NB6I,0.0171629891189311,Company_B_30,B,Europe,0.4559347578430257,0.0352247537177965,Mid,manual review,satellite,70,-0.0026152260671159,34693326.39213783,2025-04-16,new
2025-11-10,B-O2NB6I,-0.0099167101471726,Company_B_30,B,Europe,0.4559347578430257,0.0352247537177965,Mid,manual review,satellite,70,-0.0099451696321556,34693326.39213783,2025-04-16,new
2025-11-11,B-O2NB6I,-0.0218875372783646,Company_B_30,B,Europe,0.4559347578430257,0.0352247537177965,Mid,manual review,satellite,70,0.0071147820767182,34693326.39213783,2025-04-16,new
2025-11-12,B-O2NB6I,-0.0463094827847124,Company_B_30,B,Europe,0.4559347578430257,0.0352247537177965,Mid,manual review,satellite,70,-0.0288607520326152,34693326.39213783,2025-04-16,new
2025-12-01,B-O2NB6I,-0.0100145619337447,Company_B_30,B,Europe,0.4559347578430257,0.0352247537177965,Mid,manual review,satellite,70,0.0032907517570993,34693326.39213783,2025-04-16,new
2025-12-02,B-O2NB6I,-0.0027951540196444,Company_B_30,B,Europe,0.4559347578430257,0.0352247537177965,Mid,manual review,satellite,70,,34693326.39213783,2025-04-16,new
2025-12-03,B-O2NB6I,-0.0178237709600585,Company_B_30,B,Europe,0.4559347578430257,0.0352247537177965,Mid,manual review,satellite,70,-0.0108077946280547,34693326.39213783,2025-04-16,new
2025-12-04,B-O2NB6I,0.0346499985505414,Company_B_30,B,Europe,0.4559347578430257,0.0352247537177965,Mid,manual review,satellite,70,0.0224254442272963,34693326.39213783,2025-04-16,new
2025-12-05,B-O2NB6I,0.0193682224750738,Company_B_30,B,Europe,0.4559347578430257,0.0352247537177965,Mid,manual review,satellite,70,0.0141371876711961,34693326.39213783,2025-04-16,new
2025-12-08,B-O2NB6I,0.006926840587065,Company_B_30,B,Europe,0.4559347578430257,0.0352247537177965,Mid,manual review,satellite,70,0.004564055137615,34693326.39213783,2025-04-16,new
2025-12-09,B-O2NB6I,0.0099040026023496,Company_B_30,B,Europe,0.4559347578430257,0.0352247537177965,Mid,manual review,satellite,70,,34693326.39213783,2025-04-16,new
2025-12-10,B-O2NB6I,0.0115305787286806,Company_B_30,B,Europe,0.4559347578430257,0.0352247537177965,Mid,manual review,satellite,70,0.0187045985583545,34693326.39213783,2025-04-16,new
2025-12-11,B-O2NB6I,-0.0430539933195981,Company_B_30,B,Europe,0.4559347578430257,0.0352247537177965,Mid,manual review,satellite,70,-0.0061635450064645,34693326.39213783,2025-04-16,new
2025-12-12,B-O2NB6I,0.0147950008157981,Company_B_30,B,Europe,0.4559347578430257,0.0352247537177965,Mid,manual review,satellite,70,0.0093768957427672,34693326.39213783,2025-04-16,new
2025-09-01,B-QF6194,-0.0317575890301843,Company_B_47,B,Asia,,0.0278945246598982,Mid,stable,,98,-0.0182440765094434,13341848.527672105,2025-08-20,
2025-09-02,B-QF6194,0.0200803789686639,Company_B_47,B,Asia,,0.0278945246598982,Mid,stable,,98,0.000493033588286,13341848.527672105,2025-08-20,
2025-09-03,B-QF6194,-0.0116809062430479,Company_B_47,B,Asia,,0.0278945246598982,Mid,stable,,98,-0.0130870635919819,13341848.527672105,2025-08-20,
2025-09-04,B-QF6194,-0.0236733379537505,Company_B_47,B,Asia,,0.0278945246598982,Mid,stable,,98,0.0003558120086072,13341848.527672105,2025-08-20,
2025-09-05,B-QF6194,-0.0056011203600481,Company_B_47,B,Asia,,0.0278945246598982,Mid,stable,,98,-0.0087005818517411,13341848.527672105,2025-08-20,
2025-09-08,B-QF6194,-0.0305523982097561,Company_B_47,B,Asia,,0.0278945246598982,Mid,stable,,98,0.0023920822452534,13341848.527672105,2025-08-20,
2025-09-10,B-QF6194,-0.0165378027974147,Company_B_47,B,Asia,,0.0278945246598982,Mid,stable,,98,-0.0320681829492234,13341848.527672105,2025-08-20,
2025-09-11,B-QF6194,0.0139507729646533,Company_B_47,B,Asia,,0.0278945246598982,Mid,stable,,98,-0.0042222927259599,13341848.527672105,2025-08-20,
2025-09-12,B-QF6194,0.0134736796984889,Company_B_47,B,Asia,,0.0278945246598982,Mid,stable,,98,0.0046539284908583,13341848.527672105,2025-08-20,
2025-10-01,B-QF6194,-0.0033120636326613,Company_B_47,B,Asia,,0.0278945246598982,Mid,stable,,98,,13341848.527672105,2025-08-20,
2025-10-02,B-QF6194,0.0073789153191255,Company_B_47,B,Asia,,0.0278945246598982,Mid,stable,,98,-0.0139835436674951,13341848.527672105,2025-08-20,
2025-10-03,B-QF6194,0.0107648316115139,Company_B_47,B,Asia,,0.0278945246598982,Mid,stable,,98,0.0012570528124232,13341848.527672105,2025-08-20,
2025-10-07,B-QF6194,-0.0121687923695937,Company_B_47,B,Asia,,0.0278945246598982,Mid,stable,,98,-0.0315562534880117,13341848.527672105,2025-08-20,
2025-10-08,B-QF6194,-0.0255839027701851,Company_B_47,B,Asia,,0.0278945246598982,Mid,stable,,98,-0.0126125562157682,13341848.527672105,2025-08-20,
2025-10-09,B-QF6194,0.0080459440712084,Company_B_47,B,Asia,,0.0278945246598982,Mid,stable,,98,-0.0182787295370303,13341848.527672105,2025-08-20,
2025-10-10,B-QF6194,0.0165943508959997,Company_B_47,B,Asia,,0.0278945246598982,Mid,stable,,98,0.0022168841621003,13341848.527672105,2025-08-20,
2025-11-03,B-QF6194,-0.0009394082806996,Company_B_47,B,Asia,,0.0278945246598982,Mid,stable,,98,-0.0005455947933683,13341848.527672105,2025-08-20,
2025-11-04,B-QF6194,-0.0512542980535625,Company_B_47,B,Asia,,0.0278945246598982,Mid,stable,,98,-0.0227663271628853,13341848.527672105,2025-08-20,
2025-11-05,B-QF6194,0.0359721331840171,Company_B_47,B,Asia,,0.0278945246598982,Mid,stable,,98,0.0329021640544153,13341848.527672105,2025-08-20,
2025-11-06,B-QF6194,0.054938655001477,Company_B_47,B,Asia,,0.0278945246598982,Mid,stable,,98,0.0261796770562837,13341848.527672105,2025-08-20,
2025-11-07,B-QF6194,-0.0104155068606272,Company_B_47,B,Asia,,0.0278945246598982,Mid,stable,,98,-0.0026152260671159,13341848.527672105,2025-08-20,
2025-11-10,B-QF6194,-0.0067856664520028,Company_B_47,B,Asia,,0.0278945246598982,Mid,stable,,98,-0.0099451696321556,13341848.527672105,2025-08-20,
2025-11-11,B-QF6194,-0.0120079364369322,Company_B_47,B,Asia,,0.0278945246598982,Mid,stable,,98,0.0071147820767182,13341848.527672105,2025-08-20,
2025-11-12,B-QF6194,-0.0418482072225262,Company_B_47,B,Asia,,0.0278945246598982,Mid,stable,,98,-0.0288607520326152,13341848.527672105,2025-08-20,
2025-12-01,B-QF6194,0.033086966605918,Company_B_47,B,Asia,,0.0278945246598982,Mid,stable,,98,0.0032907517570993,13341848.527672105,2025-08-20,
2025-12-02,B-QF6194,-0.0423605619273067,Company_B_47,B,Asia,,0.0278945246598982,Mid,stable,,98,,13341848.527672105,2025-08-20,
2025-12-03,B-QF6194,0.0237939002704044,Company_B_47,B,Asia,,0.0278945246598982,Mid,stable,,98,-0.0108077946280547,13341848.527672105,2025-08-20,
2025-12-04,B-QF6194,0.0153921610689046,Company_B_47,B,Asia,,0.0278945246598982,Mid,stable,,98,0.0224254442272963,13341848.527672105,2025-08-20,
2025-12-08,B-QF6194,0.004640298563438,Company_B_47,B,Asia,,0.0278945246598982,Mid,stable,,98,0.004564055137615,13341848.527672105,2025-08-20,
2025-12-09,B-QF6194,0.0069486708992754,Company_B_47,B,Asia,,0.0278945246598982,Mid,stable,,98,,13341848.527672105,2025-08-20,
2025-12-10,B-QF6194,0.0433003567699831,Company_B_47,B,Asia,,0.0278945246598982,Mid,stable,,98,0.0187045985583545,13341848.527672105,2025-08-20,
2025-12-11,B-QF6194,,Company_B_47,B,Asia,,0.0278945246598982,Mid,stable,,98,-0.0061635450064645,13341848.527672105,2025-08-20,
2025-12-12,B-QF6194,-0.0073681976958932,Company_B_47,B,Asia,,0.0278945246598982,Mid,stable,,98,0.0093768957427672,13341848.527672105,2025-08-20,
2025-11-03,B-SQ4OLC,-0.0128097895084902,Company_B_18,B,South America,0.5258228823322695,0.0459530261516893,Small,,satellite,26,-0.0005455947933683,35683734.8563096,2025-10-29,legacy
2025-11-04,B-SQ4OLC,0.0008056891865338,Company_B_18,B,South America,0.5258228823322695,0.0459530261516893,Small,,satellite,26,-0.0227663271628853,35683734.8563096,2025-10-29,legacy
2025-11-05,B-SQ4OLC,0.0034519223471073,Company_B_18,B,South America,0.5258228823322695,0.0459530261516893,Small,,satellite,26,0.0329021640544153,35683734.8563096,2025-10-29,legacy
2025-11-06,B-SQ4OLC,0.0120990571488533,Company_B_18,B,South America,0.5258228823322695,0.0459530261516893,Small,,satellite,26,0.0261796770562837,35683734.8563096,2025-10-29,legacy
2025-11-07,B-SQ4OLC,-0.0200827552413086,Company_B_18,B,South America,0.5258228823322695,0.0459530261516893,Small,,satellite,26,-0.0026152260671159,35683734.8563096,2025-10-29,legacy
2025-11-10,B-SQ4OLC,-0.0114082022199944,Company_B_18,B,South America,0.5258228823322695,0.0459530261516893,Small,,satellite,26,-0.0099451696321556,35683734.8563096,2025-10-29,legacy
2025-11-11,B-SQ4OLC,0.0352844084813672,Company_B_18,B,South America,0.5258228823322695,0.0459530261516893,Small,,satellite,26,0.0071147820767182,35683734.8563096,2025-10-29,legacy
2025-11-12,B-SQ4OLC,-0.0521044142515834,Company_B_18,B,South America,0.5258228823322695,0.0459530261516893,Small,,satellite,26,-0.0288607520326152,35683734.8563096,2025-10-29,legacy
2025-12-01,B-SQ4OLC,-0.0078696875896691,Company_B_18,B,South America,0.5258228823322695,0.0459530261516893,Small,,satellite,26,0.0032907517570993,35683734.8563096,2025-10-29,legacy
2025-12-02,B-SQ4OLC,-0.0366437324406992,Company_B_18,B,South America,0.5258228823322695,0.0459530261516893,Small,,satellite,26,,35683734.8563096,2025-10-29,legacy
2025-12-03,B-SQ4OLC,-0.0267980861937928,Company_B_18,B,South America,0.5258228823322695,0.0459530261516893,Small,,satellite,26,-0.0108077946280547,35683734.8563096,2025-10-29,legacy
2025-12-04,B-SQ4OLC,0.0027481019224066,Company_B_18,B,South America,0.5258228823322695,0.0459530261516893,Small,,satellite,26,0.0224254442272963,35683734.8563096,2025-10-29,legacy
2025-12-05,B-SQ4OLC,-6.36897279253125e-05,Company_B_18,B,South America,0.5258228823322695,0.0459530261516893,Small,,satellite,26,0.0141371876711961,35683734.8563096,2025-10-29,legacy
2025-12-08,B-SQ4OLC,-0.0147192154768998,Company_B_18,B,South America,0.5258228823322695,0.0459530261516893,Small,,satellite,26,0.004564055137615,35683734.8563096,2025-10-29,legacy
2025-12-10,B-SQ4OLC,-0.0117354215390688,Company_B_18,B,South America,0.5258228823322695,0.0459530261516893,Small,,satellite,26,0.0187045985583545,35683734.8563096,2025-10-29,legacy
2025-12-11,B-SQ4OLC,0.0071379233611792,Company_B_18,B,South America,0.5258228823322695,0.0459530261516893,Small,,satellite,26,-0.0061635450064645,35683734.8563096,2025-10-29,legacy
2025-04-01,B-ST9KM6,-0.0186549454423611,Company_B_36,B,Asia,0.3384341660679322,0.0383744678486786,Mid,watchlist,,76,0.0115957818789293,32541198.350750968,2025-03-19,review
2025-04-02,B-ST9KM6,0.0075898689004292,Company_B_36,B,Asia,0.3384341660679322,0.0383744678486786,Mid,watchlist,,76,0.0186776451485401,32541198.350750968,2025-03-19,review
2025-04-03,B-ST9KM6,0.0153957820654268,Company_B_36,B,Asia,0.3384341660679322,0.0383744678486786,Mid,watchlist,,76,-0.0037462404383459,32541198.350750968,2025-03-19,review
2025-04-04,B-ST9KM6,0.0021049415103378,Company_B_36,B,Asia,0.3384341660679322,0.0383744678486786,Mid,watchlist,,76,0.0147203918974813,32541198.350750968,2025-03-19,review
2025-04-07,B-ST9KM6,0.0223558794104729,Company_B_36,B,Asia,0.3384341660679322,0.0383744678486786,Mid,watchlist,,76,0.0246663868926757,32541198.350750968,2025-03-19,review
2025-04-08,B-ST9KM6,-0.0037857400968222,Company_B_36,B,Asia,0.3384341660679322,0.0383744678486786,Mid,watchlist,,76,0.0056866936253566,32541198.350750968,2025-03-19,review
2025-04-09,B-ST9KM6,0.0166961431804809,Company_B_36,B,Asia,0.3384341660679322,0.0383744678486786,Mid,watchlist,,76,-0.0004650774196358,32541198.350750968,2025-03-19,review
2025-04-10,B-ST9KM6,-0.0417242387113761,Company_B_36,B,Asia,0.3384341660679322,0.0383744678486786,Mid,watchlist,,76,-0.0095558031349188,32541198.350750968,2025-03-19,review
2025-04-11,B-ST9KM6,0.0290718900297895,Company_B_36,B,Asia,0.3384341660679322,0.0383744678486786,Mid,watchlist,,76,0.0326847601054619,32541198.350750968,2025-03-19,review
2025-05-01,B-ST9KM6,0.0395271224825752,Company_B_36,B,Asia,0.3384341660679322,0.0383744678486786,Mid,watchlist,,76,0.0140277458538761,32541198.350750968,2025-03-19,review
2025-05-02,B-ST9KM6,-0.0073461646116969,Company_B_36,B,Asia,0.3384341660679322,0.0383744678486786,Mid,watchlist,,76,-0.0237675804038153,32541198.350750968,2025-03-19,review
2025-05-05,B-ST9KM6,0.0165565865154191,Company_B_36,B,Asia,0.3384341660679322,0.0383744678486786,Mid,watchlist,,76,-0.0102126348852569,32541198.350750968,2025-03-19,review
2025-05-06,B-ST9KM6,-0.0795469198068032,Company_B_36,B,Asia,0.3384341660679322,0.0383744678486786,Mid,watchlist,,76,-0.030025691323182,32541198.350750968,2025-03-19,review
2025-05-07,B-ST9KM6,0.0058834611975161,Company_B_36,B,Asia,0.3384341660679322,0.0383744678486786,Mid,watchlist,,76,-0.0045847799145338,32541198.350750968,2025-03-19,review
2025-05-08,B-ST9KM6,0.0265938439679565,Company_B_36,B,Asia,0.3384341660679322,0.0383744678486786,Mid,watchlist,,76,-0.0100549327049622,32541198.350750968,2025-03-19,review
2025-05-09,B-ST9KM6,-0.0321978302293934,Company_B_36,B,Asia,0.3384341660679322,0.0383744678486786,Mid,watchlist,,76,-0.0108788433685402,32541198.350750968,2025-03-19,review
2025-05-12,B-ST9KM6,0.0179939708659338,Company_B_36,B,Asia,0.3384341660679322,0.0383744678486786,Mid,watchlist,,76,0.013255782941715,32541198.350750968,2025-03-19,review
2025-06-02,B-ST9KM6,0.0138294701217289,Company_B_36,B,Asia,0.3384341660679322,0.0383744678486786,Mid,watchlist,,76,0.0084439877167436,32541198.350750968,2025-03-19,review
2025-06-03,B-ST9KM6,-0.0005813720400505,Company_B_36,B,Asia,0.3384341660679322,0.0383744678486786,Mid,watchlist,,76,-0.0167736228582782,32541198.350750968,2025-03-19,review
2025-06-04,B-ST9KM6,0.0121595639739902,Company_B_36,B,Asia,0.3384341660679322,0.0383744678486786,Mid,watchlist,,76,-0.0043931427354546,32541198.350750968,2025-03-19,review
2025-06-05,B-ST9KM6,-0.0264789861273166,Company_B_36,B,Asia,0.3384341660679322,0.0383744678486786,Mid,watchlist,,76,-0.0005637740370175,32541198.350750968,2025-03-19,review
2025-06-06,B-ST9KM6,0.0221546614005501,Company_B_36,B,Asia,0.3384341660679322,0.0383744678486786,Mid,watchlist,,76,,32541198.350750968,2025-03-19,review
2025-06-09,B-ST9KM6,0.0192258802555358,Company_B_36,B,Asia,0.3384341660679322,0.0383744678486786,Mid,watchlist,,76,0.0184277164951934,32541198.350750968,2025-03-19,review
2025-06-10,B-ST9KM6,-0.0179627086302732,Company_B_36,B,Asia,0.3384341660679322,0.0383744678486786,Mid,watchlist,,76,0.0077210052577763,32541198.350750968,2025-03-19,review
2025-06-11,B-ST9KM6,0.0322994313888247,Company_B_36,B,Asia,0.3384341660679322,0.0383744678486786,Mid,watchlist,,76,-0.0023309390995482,32541198.350750968,2025-03-19,review
2025-06-12,B-ST9KM6,0.051658519664873,Company_B_36,B,Asia,0.3384341660679322,0.0383744678486786,Mid,watchlist,,76,0.008891025310106,32541198.350750968,2025-03-19,review
2025-07-01,B-ST9KM6,0.0183421405492429,Company_B_36,B,Asia,0.3384341660679322,0.0383744678486786,Mid,watchlist,,76,,32541198.350750968,2025-03-19,review
2025-07-02,B-ST9KM6,-0.0101855236260824,Company_B_36,B,Asia,0.3384341660679322,0.0383744678486786,Mid,watchlist,,76,-0.0047848339291268,32541198.350750968,2025-03-19,review
2025-07-03,B-ST9KM6,-0.0456627980378449,Company_B_36,B,Asia,0.3384341660679322,0.0383744678486786,Mid,watchlist,,76,-0.0300041296283168,32541198.350750968,2025-03-19,review
2025-07-04,B-ST9KM6,0.0421366114745649,Company_B_36,B,Asia,0.3384341660679322,0.0383744678486786,Mid,watchlist,,76,0.0056822404651326,32541198.350750968,2025-03-19,review
2025-07-07,B-ST9KM6,-0.0517138318980093,Company_B_36,B,Asia,0.3384341660679322,0.0383744678486786,Mid,watchlist,,76,-0.0260411084866903,32541198.350750968,2025-03-19,review
2025-07-08,B-ST9KM6,0.0501914494329546,Company_B_36,B,Asia,0.3384341660679322,0.0383744678486786,Mid,watchlist,,76,,32541198.350750968,2025-03-19,review
2025-07-09,B-ST9KM6,0.0242847883405238,Company_B_36,B,Asia,0.3384341660679322,0.0383744678486786,Mid,watchlist,,76,-0.0023271599388046,32541198.350750968,2025-03-19,review
2025-07-10,B-ST9KM6,,Company_B_36,B,Asia,0.3384341660679322,0.0383744678486786,Mid,watchlist,,76,,32541198.350750968,2025-03-19,review
2025-07-11,B-ST9KM6,0.0075436835026639,Company_B_36,B,Asia,0.3384341660679322,0.0383744678486786,Mid,watchlist,,76,-0.0120507403461468,32541198.350750968,2025-03-19,review
2025-08-01,B-ST9KM6,-0.0222843801822646,Company_B_36,B,Asia,0.3384341660679322,0.0383744678486786,Mid,watchlist,,76,0.0040039417401903,32541198.350750968,2025-03-19,review
2025-08-04,B-ST9KM6,-0.0044343033878357,Company_B_36,B,Asia,0.3384341660679322,0.0383744678486786,Mid,watchlist,,76,0.0114973593521953,32541198.350750968,2025-03-19,review
2025-08-06,B-ST9KM6,0.0263271668000864,Company_B_36,B,Asia,0.3384341660679322,0.0383744678486786,Mid,watchlist,,76,0.0002102521817928,32541198.350750968,2025-03-19,review
2025-08-07,B-ST9KM6,0.0363035260770871,Company_B_36,B,Asia,0.3384341660679322,0.0383744678486786,Mid,watchlist,,76,0.0187115199297718,32541198.350750968,2025-03-19,review
2025-08-08,B-ST9KM6,0.0009604985466242,Company_B_36,B,Asia,0.3384341660679322,0.0383744678486786,Mid,watchlist,,76,0.0105064073241729,32541198.350750968,2025-03-19,review
2025-08-11,B-ST9KM6,-0.0081511070243715,Company_B_36,B,Asia,0.3384341660679322,0.0383744678486786,Mid,watchlist,,76,-0.0090665158126864,32541198.350750968,2025-03-19,review
2025-08-12,B-ST9KM6,0.0060684192742763,Company_B_36,B,Asia,0.3384341660679322,0.0383744678486786,Mid,watchlist,,76,-0.0015097488640975,32541198.350750968,2025-03-19,review
2025-09-01,B-ST9KM6,-0.0044058599621633,Company_B_36,B,Asia,0.3384341660679322,0.0383744678486786,Mid,watchlist,,76,-0.0182440765094434,32541198.350750968,2025-03-19,review
2025-09-03,B-ST9KM6,0.0354646001305988,Company_B_36,B,Asia,0.3384341660679322,0.0383744678486786,Mid,watchlist,,76,-0.0130870635919819,32541198.350750968,2025-03-19,review
2025-09-04,B-ST9KM6,0.0289602186992498,Company_B_36,B,Asia,0.3384341660679322,0.0383744678486786,Mid,watchlist,,76,0.0003558120086072,32541198.350750968,2025-03-19,review
2025-09-05,B-ST9KM6,0.0021375527106982,Company_B_36,B,Asia,0.3384341660679322,0.0383744678486786,Mid,watchlist,,76,-0.0087005818517411,32541198.350750968,2025-03-19,review
2025-09-08,B-ST9KM6,-0.0034519198283328,Company_B_36,B,Asia,0.3384341660679322,0.0383744678486786,Mid,watchlist,,76,0.0023920822452534,32541198.350750968,2025-03-19,review
2025-09-09,B-ST9KM6,0.0072883292769608,Company_B_36,B,Asia,0.3384341660679322,0.0383744678486786,Mid,watchlist,,76,-0.0026480819129213,32541198.350750968,2025-03-19,review
2025-09-10,B-ST9KM6,-0.0129627525423312,Company_B_36,B,Asia,0.3384341660679322,0.0383744678486786,Mid,watchlist,,76,-0.0320681829492234,32541198.350750968,2025-03-19,review
2025-09-12,B-ST9KM6,0.0018668872755254,Company_B_36,B,Asia,0.3384341660679322,0.0383744678486786,Mid,watchlist,,76,0.0046539284908583,32541198.350750968,2025-03-19,review
2025-10-01,B-ST9KM6,0.0042824388455742,Company_B_36,B,Asia,0.3384341660679322,0.0383744678486786,Mid,watchlist,,76,,32541198.350750968,2025-03-19,review
2025-10-02,B-ST9KM6,0.0194427319539291,Company_B_36,B,Asia,0.3384341660679322,0.0383744678486786,Mid,watchlist,,76,-0.0139835436674951,32541198.350750968,2025-03-19,review
2025-10-03,B-ST9KM6,-0.0133867414496824,Company_B_36,B,Asia,0.3384341660679322,0.0383744678486786,Mid,watchlist,,76,0.0012570528124232,32541198.350750968,2025-03-19,review
2025-10-07,B-ST9KM6,-0.0315791825051492,Company_B_36,B,Asia,0.3384341660679322,0.0383744678486786,Mid,watchlist,,76,-0.0315562534880117,32541198.350750968,2025-03-19,review
2025-10-08,B-ST9KM6,0.0223510418937608,Company_B_36,B,Asia,0.3384341660679322,0.0383744678486786,Mid,watchlist,,76,-0.0126125562157682,32541198.350750968,2025-03-19,review
2025-10-09,B-ST9KM6,-0.0104306926546908,Company_B_36,B,Asia,0.3384341660679322,0.0383744678486786,Mid,watchlist,,76,-0.0182787295370303,32541198.350750968,2025-03-19,review
2025-10-10,B-ST9KM6,-0.0165025561587217,Company_B_36,B,Asia,0.3384341660679322,0.0383744678486786,Mid,watchlist,,76,0.0022168841621003,32541198.350750968,2025-03-19,review
2025-11-03,B-ST9KM6,0.0330187915670323,Company_B_36,B,Asia,0.3384341660679322,0.0383744678486786,Mid,watchlist,,76,-0.0005455947933683,32541198.350750968,2025-03-19,review
2025-11-04,B-ST9KM6,-0.0386550054241307,Company_B_36,B,Asia,0.3384341660679322,0.0383744678486786,Mid,watchlist,,76,-0.0227663271628853,32541198.350750968,2025-03-19,review
2025-11-05,B-ST9KM6,0.0464844702786594,Company_B_36,B,Asia,0.3384341660679322,0.0383744678486786,Mid,watchlist,,76,0.0329021640544153,32541198.350750968,2025-03-19,review
2025-11-06,B-ST9KM6,0.0245997539888385,Company_B_36,B,Asia,0.3384341660679322,0.0383744678486786,Mid,watchlist,,76,0.0261796770562837,32541198.350750968,2025-03-19,review
2025-11-07,B-ST9KM6,-0.0076393775227369,Company_B_36,B,Asia,0.3384341660679322,0.0383744678486786,Mid,watchlist,,76,-0.0026152260671159,32541198.350750968,2025-03-19,review
2025-11-10,B-ST9KM6,-0.0078862059343185,Company_B_36,B,Asia,0.3384341660679322,0.0383744678486786,Mid,watchlist,,76,-0.0099451696321556,32541198.350750968,2025-03-19,review
2025-11-12,B-ST9KM6,-0.0530269142143193,Company_B_36,B,Asia,0.3384341660679322,0.0383744678486786,Mid,watchlist,,76,-0.0288607520326152,32541198.350750968,2025-03-19,review
2025-12-01,B-ST9KM6,-0.0079055861705658,Company_B_36,B,Asia,0.3384341660679322,0.0383744678486786,Mid,watchlist,,76,0.0032907517570993,32541198.350750968,2025-03-19,review
2025-12-02,B-ST9KM6,-0.0243708163241009,Company_B_36,B,Asia,0.3384341660679322,0.0383744678486786,Mid,watchlist,,76,,32541198.350750968,2025-03-19,review
2025-12-03,B-ST9KM6,-0.0159568675010667,Company_B_36,B,Asia,0.3384341660679322,0.0383744678486786,Mid,watchlist,,76,-0.0108077946280547,32541198.350750968,2025-03-19,review
2025-12-04,B-ST9KM6,0.0314190302951811,Company_B_36,B,Asia,0.3384341660679322,0.0383744678486786,Mid,watchlist,,76,0.0224254442272963,32541198.350750968,2025-03-19,review
2025-12-05,B-ST9KM6,0.0247753612241589,Company_B_36,B,Asia,0.3384341660679322,0.0383744678486786,Mid,watchlist,,76,0.0141371876711961,32541198.350750968,2025-03-19,review
2025-12-08,B-ST9KM6,-0.0182338222162261,Company_B_36,B,Asia,0.3384341660679322,0.0383744678486786,Mid,watchlist,,76,0.004564055137615,32541198.350750968,2025-03-19,review
2025-12-09,B-ST9KM6,0.0002643958796865,Company_B_36,B,Asia,0.3384341660679322,0.0383744678486786,Mid,watchlist,,76,,32541198.350750968,2025-03-19,review
2025-12-11,B-ST9KM6,-0.0252758775109798,Company_B_36,B,Asia,0.3384341660679322,0.0383744678486786,Mid,watchlist,,76,-0.0061635450064645,32541198.350750968,2025-03-19,review
2025-12-12,B-ST9KM6,-0.0010539749342458,Company_B_36,B,Asia,0.3384341660679322,0.0383744678486786,Mid,watchlist,,76,0.0093768957427672,32541198.350750968,2025-03-19,review
2025-12-03,B-TB1OZ6,-0.0155378102055588,Company_B_31,B,North America,0.3959413947487566,0.0181105376834935,,manual review,,86,-0.0108077946280547,23461017.052539565,2025-12-03,
2025-12-04,B-TB1OZ6,0.0198887441851504,Company_B_31,B,North America,0.3959413947487566,0.0181105376834935,,manual review,,86,0.0224254442272963,23461017.052539565,2025-12-03,
2025-12-05,B-TB1OZ6,0.0658026465750766,Company_B_31,B,North America,0.3959413947487566,0.0181105376834935,,manual review,,86,0.0141371876711961,23461017.052539565,2025-12-03,
2025-12-08,B-TB1OZ6,0.0002196961105136,Company_B_31,B,North America,0.3959413947487566,0.0181105376834935,,manual review,,86,0.004564055137615,23461017.052539565,2025-12-03,
2025-12-09,B-TB1OZ6,-0.0457020906039099,Company_B_31,B,North America,0.3959413947487566,0.0181105376834935,,manual review,,86,,23461017.052539565,2025-12-03,
2025-12-10,B-TB1OZ6,0.0213202381485437,Company_B_31,B,North America,0.3959413947487566,0.0181105376834935,,manual review,,86,0.0187045985583545,23461017.052539565,2025-12-03,
2025-12-11,B-TB1OZ6,0.0168376488870849,Company_B_31,B,North America,0.3959413947487566,0.0181105376834935,,manual review,,86,-0.0061635450064645,23461017.052539565,2025-12-03,
2025-12-12,B-TB1OZ6,0.0201515989221542,Company_B_31,B,North America,0.3959413947487566,0.0181105376834935,,manual review,,86,0.0093768957427672,23461017.052539565,2025-12-03,
2025-05-07,B-TWSM8S,-0.0330473597491005,Company_B_12,B,South America,0.5091520178173208,0.0390654396673085,Mid,manual review,legacy,56,-0.0045847799145338,9124536.531704089,2025-05-07,legacy
2025-05-08,B-TWSM8S,-0.0183958567019921,Company_B_12,B,South America,0.5091520178173208,0.0390654396673085,Mid,manual review,legacy,56,-0.0100549327049622,9124536.531704089,2025-05-07,legacy
2025-05-09,B-TWSM8S,8.26707037513072e-05,Company_B_12,B,South America,0.5091520178173208,0.0390654396673085,Mid,manual review,legacy,56,-0.0108788433685402,9124536.531704089,2025-05-07,legacy
2025-05-12,B-TWSM8S,0.006405350068194,Company_B_12,B,South America,0.5091520178173208,0.0390654396673085,Mid,manual review,legacy,56,0.013255782941715,9124536.531704089,2025-05-07,legacy
2025-06-02,B-TWSM8S,-0.0043297523026212,Company_B_12,B,South America,0.5091520178173208,0.0390654396673085,Mid,manual review,legacy,56,0.0084439877167436,9124536.531704089,2025-05-07,legacy
2025-06-03,B-TWSM8S,0.0160929652216701,Company_B_12,B,South America,0.5091520178173208,0.0390654396673085,Mid,manual review,legacy,56,-0.0167736228582782,9124536.531704089,2025-05-07,legacy
2025-06-04,B-TWSM8S,-0.0334122831755511,Company_B_12,B,South America,0.5091520178173208,0.0390654396673085,Mid,manual review,legacy,56,-0.0043931427354546,9124536.531704089,2025-05-07,legacy
2025-06-05,B-TWSM8S,0.0055728308778414,Company_B_12,B,South America,0.5091520178173208,0.0390654396673085,Mid,manual review,legacy,56,-0.0005637740370175,9124536.531704089,2025-05-07,legacy
2025-06-06,B-TWSM8S,-5.252356387958762e-05,Company_B_12,B,South America,0.5091520178173208,0.0390654396673085,Mid,manual review,legacy,56,,9124536.531704089,2025-05-07,legacy
2025-06-09,B-TWSM8S,0.0149773285239554,Company_B_12,B,South America,0.5091520178173208,0.0390654396673085,Mid,manual review,legacy,56,0.0184277164951934,9124536.531704089,2025-05-07,legacy
2025-06-10,B-TWSM8S,0.0237028062680942,Company_B_12,B,South America,0.5091520178173208,0.0390654396673085,Mid,manual review,legacy,56,0.0077210052577763,9124536.531704089,2025-05-07,legacy
2025-06-11,B-TWSM8S,-0.0146316984505732,Company_B_12,B,South America,0.5091520178173208,0.0390654396673085,Mid,manual review,legacy,56,-0.0023309390995482,9124536.531704089,2025-05-07,legacy
2025-06-12,B-TWSM8S,-0.0073519320163697,Company_B_12,B,South America,0.5091520178173208,0.0390654396673085,Mid,manual review,legacy,56,0.008891025310106,9124536.531704089,2025-05-07,legacy
2025-07-01,B-TWSM8S,0.0155927859008125,Company_B_12,B,South America,0.5091520178173208,0.0390654396673085,Mid,manual review,legacy,56,,9124536.531704089,2025-05-07,legacy
2025-07-02,B-TWSM8S,-0.0243010285515911,Company_B_12,B,South America,0.5091520178173208,0.0390654396673085,Mid,manual review,legacy,56,-0.0047848339291268,9124536.531704089,2025-05-07,legacy
2025-07-03,B-TWSM8S,-0.0624321007565138,Company_B_12,B,South America,0.5091520178173208,0.0390654396673085,Mid,manual review,legacy,56,-0.0300041296283168,9124536.531704089,2025-05-07,legacy
2025-07-04,B-TWSM8S,-0.0008820867377275,Company_B_12,B,South America,0.5091520178173208,0.0390654396673085,Mid,manual review,legacy,56,0.0056822404651326,9124536.531704089,2025-05-07,legacy
2025-07-07,B-TWSM8S,-0.0284430431293169,Company_B_12,B,South America,0.5091520178173208,0.0390654396673085,Mid,manual review,legacy,56,-0.0260411084866903,9124536.531704089,2025-05-07,legacy
2025-07-08,B-TWSM8S,-0.0147181861063688,Company_B_12,B,South America,0.5091520178173208,0.0390654396673085,Mid,manual review,legacy,56,,9124536.531704089,2025-05-07,legacy
2025-07-09,B-TWSM8S,-0.0192607924750733,Company_B_12,B,South America,0.5091520178173208,0.0390654396673085,Mid,manual review,legacy,56,-0.0023271599388046,9124536.531704089,2025-05-07,legacy
2025-07-10,B-TWSM8S,-0.0237068125208528,Company_B_12,B,South America,0.5091520178173208,0.0390654396673085,Mid,manual review,legacy,56,,9124536.531704089,2025-05-07,legacy
2025-08-01,B-TWSM8S,-0.0081121364215406,Company_B_12,B,South America,0.5091520178173208,0.0390654396673085,Mid,manual review,legacy,56,0.0040039417401903,9124536.531704089,2025-05-07,legacy
2025-08-04,B-TWSM8S,-0.0058225670885081,Company_B_12,B,South America,0.5091520178173208,0.0390654396673085,Mid,manual review,legacy,56,0.0114973593521953,9124536.531704089,2025-05-07,legacy
2025-08-05,B-TWSM8S,-0.0116814449587214,Company_B_12,B,South America,0.5091520178173208,0.0390654396673085,Mid,manual review,legacy,56,-0.0172789147832154,9124536.531704089,2025-05-07,legacy
2025-08-06,B-TWSM8S,-0.0033200599547396,Company_B_12,B,South America,0.5091520178173208,0.0390654396673085,Mid,manual review,legacy,56,0.0002102521817928,9124536.531704089,2025-05-07,legacy
2025-08-07,B-TWSM8S,,Company_B_12,B,South America,0.5091520178173208,0.0390654396673085,Mid,manual review,legacy,56,0.0187115199297718,9124536.531704089,2025-05-07,legacy
2025-08-08,B-TWSM8S,-0.0108419735246256,Company_B_12,B,South America,0.5091520178173208,0.0390654396673085,Mid,manual review,legacy,56,0.0105064073241729,9124536.531704089,2025-05-07,legacy
2025-08-11,B-TWSM8S,-0.0090693064145207,Company_B_12,B,South America,0.5091520178173208,0.0390654396673085,Mid,manual review,legacy,56,-0.0090665158126864,9124536.531704089,2025-05-07,legacy
2025-08-12,B-TWSM8S,-0.0156676667154402,Company_B_12,B,South America,0.5091520178173208,0.0390654396673085,Mid,manual review,legacy,56,-0.0015097488640975,9124536.531704089,2025-05-07,legacy
2025-09-01,B-TWSM8S,0.0597074941326137,Company_B_12,B,South America,0.5091520178173208,0.0390654396673085,Mid,manual review,legacy,56,-0.0182440765094434,9124536.531704089,2025-05-07,legacy
2025-09-02,B-TWSM8S,-0.0319763463996205,Company_B_12,B,South America,0.5091520178173208,0.0390654396673085,Mid,manual review,legacy,56,0.000493033588286,9124536.531704089,2025-05-07,legacy
2025-09-03,B-TWSM8S,-0.0137706940173775,Company_B_12,B,South America,0.5091520178173208,0.0390654396673085,Mid,manual review,legacy,56,-0.0130870635919819,9124536.531704089,2025-05-07,legacy
2025-09-04,B-TWSM8S,-0.0034478663940369,Company_B_12,B,South America,0.5091520178173208,0.0390654396673085,Mid,manual review,legacy,56,0.0003558120086072,9124536.531704089,2025-05-07,legacy
2025-09-08,B-TWSM8S,-0.0201552464588567,Company_B_12,B,South America,0.5091520178173208,0.0390654396673085,Mid,manual review,legacy,56,0.0023920822452534,9124536.531704089,2025-05-07,legacy
2025-09-10,B-TWSM8S,-0.0535838519181699,Company_B_12,B,South America,0.5091520178173208,0.0390654396673085,Mid,manual review,legacy,56,-0.0320681829492234,9124536.531704089,2025-05-07,legacy
2025-09-11,B-TWSM8S,0.0024375621323062,Company_B_12,B,South America,0.5091520178173208,0.0390654396673085,Mid,manual review,legacy,56,-0.0042222927259599,9124536.531704089,2025-05-07,legacy
2025-09-12,B-TWSM8S,0.0076342932465472,Company_B_12,B,South America,0.5091520178173208,0.0390654396673085,Mid,manual review,legacy,56,0.0046539284908583,9124536.531704089,2025-05-07,legacy
2025-10-01,B-TWSM8S,0.0450352060517624,Company_B_12,B,South America,0.5091520178173208,0.0390654396673085,Mid,manual review,legacy,56,,9124536.531704089,2025-05-07,legacy
2025-10-02,B-TWSM8S,-0.0236688056660665,Company_B_12,B,South America,0.5091520178173208,0.0390654396673085,Mid,manual review,legacy,56,-0.0139835436674951,9124536.531704089,2025-05-07,legacy
2025-10-03,B-TWSM8S,0.0064008012201401,Company_B_12,B,South America,0.5091520178173208,0.0390654396673085,Mid,manual review,legacy,56,0.0012570528124232,9124536.531704089,2025-05-07,legacy
2025-10-06,B-TWSM8S,0.0253068353600732,Company_B_12,B,South America,0.5091520178173208,0.0390654396673085,Mid,manual review,legacy,56,0.0191824545318301,9124536.531704089,2025-05-07,legacy
2025-10-08,B-TWSM8S,-0.0084636354409066,Company_B_12,B,South America,0.5091520178173208,0.0390654396673085,Mid,manual review,legacy,56,-0.0126125562157682,9124536.531704089,2025-05-07,legacy
2025-10-09,B-TWSM8S,0.0101009635464324,Company_B_12,B,South America,0.5091520178173208,0.0390654396673085,Mid,manual review,legacy,56,-0.0182787295370303,9124536.531704089,2025-05-07,legacy
2025-10-10,B-TWSM8S,-0.0367055871297774,Company_B_12,B,South America,0.5091520178173208,0.0390654396673085,Mid,manual review,legacy,56,0.0022168841621003,9124536.531704089,2025-05-07,legacy
2025-11-04,B-TWSM8S,-0.0495011694650517,Company_B_12,B,South America,0.5091520178173208,0.0390654396673085,Mid,manual review,legacy,56,-0.0227663271628853,9124536.531704089,2025-05-07,legacy
2025-11-05,B-TWSM8S,0.039843813388728,Company_B_12,B,South America,0.5091520178173208,0.0390654396673085,Mid,manual review,legacy,56,0.0329021640544153,9124536.531704089,2025-05-07,legacy
2025-11-06,B-TWSM8S,0.0408475487342365,Company_B_12,B,South America,0.5091520178173208,0.0390654396673085,Mid,manual review,legacy,56,0.0261796770562837,9124536.531704089,2025-05-07,legacy
2025-11-07,B-TWSM8S,0.0012861185266461,Company_B_12,B,South America,0.5091520178173208,0.0390654396673085,Mid,manual review,legacy,56,-0.0026152260671159,9124536.531704089,2025-05-07,legacy
2025-11-10,B-TWSM8S,-0.0045093981288564,Company_B_12,B,South America,0.5091520178173208,0.0390654396673085,Mid,manual review,legacy,56,-0.0099451696321556,9124536.531704089,2025-05-07,legacy
2025-11-11,B-TWSM8S,-0.0162950138771434,Company_B_12,B,South America,0.5091520178173208,0.0390654396673085,Mid,manual review,legacy,56,0.0071147820767182,9124536.531704089,2025-05-07,legacy
2025-12-01,B-TWSM8S,,Company_B_12,B,South America,0.5091520178173208,0.0390654396673085,Mid,manual review,legacy,56,0.0032907517570993,9124536.531704089,2025-05-07,legacy
2025-12-02,B-TWSM8S,-0.0451416492899922,Company_B_12,B,South America,0.5091520178173208,0.0390654396673085,Mid,manual review,legacy,56,,9124536.531704089,2025-05-07,legacy
2025-12-03,B-TWSM8S,-0.0079106430234431,Company_B_12,B,South America,0.5091520178173208,0.0390654396673085,Mid,manual review,legacy,56,-0.0108077946280547,9124536.531704089,2025-05-07,legacy
2025-12-04,B-TWSM8S,-0.0298090080384491,Company_B_12,B,South America,0.5091520178173208,0.0390654396673085,Mid,manual review,legacy,56,0.0224254442272963,9124536.531704089,2025-05-07,legacy
2025-12-08,B-TWSM8S,,Company_B_12,B,South America,0.5091520178173208,0.0390654396673085,Mid,manual review,legacy,56,0.004564055137615,9124536.531704089,2025-05-07,legacy
2025-12-09,B-TWSM8S,-0.0050404423077356,Company_B_12,B,South America,0.5091520178173208,0.0390654396673085,Mid,manual review,legacy,56,,9124536.531704089,2025-05-07,legacy
2025-12-10,B-TWSM8S,0.0421334442846022,Company_B_12,B,South America,0.5091520178173208,0.0390654396673085,Mid,manual review,legacy,56,0.0187045985583545,9124536.531704089,2025-05-07,legacy
2025-12-11,B-TWSM8S,0.0131976766466189,Company_B_12,B,South America,0.5091520178173208,0.0390654396673085,Mid,manual review,legacy,56,-0.0061635450064645,9124536.531704089,2025-05-07,legacy
2025-12-12,B-TWSM8S,-0.0139771884160086,Company_B_12,B,South America,0.5091520178173208,0.0390654396673085,Mid,manual review,legacy,56,0.0093768957427672,9124536.531704089,2025-05-07,legacy
2025-05-07,B-VQT2JW,-0.0178490859196982,Company_B_07,B,South America,0.5361921853928844,0.0442446315886971,Mid,manual review,satellite,62,-0.0045847799145338,15074920.661685389,2025-05-07,
2025-05-08,B-VQT2JW,-0.0147718997205326,Company_B_07,B,South America,0.5361921853928844,0.0442446315886971,Mid,manual review,satellite,62,-0.0100549327049622,15074920.661685389,2025-05-07,
2025-05-09,B-VQT2JW,-0.0408349839074005,Company_B_07,B,South America,0.5361921853928844,0.0442446315886971,Mid,manual review,satellite,62,-0.0108788433685402,15074920.661685389,2025-05-07,
2025-05-12,B-VQT2JW,0.015672842207388,Company_B_07,B,South America,0.5361921853928844,0.0442446315886971,Mid,manual review,satellite,62,0.013255782941715,15074920.661685389,2025-05-07,
2025-06-02,B-VQT2JW,0.0075403002032761,Company_B_07,B,South America,0.5361921853928844,0.0442446315886971,Mid,manual review,satellite,62,0.0084439877167436,15074920.661685389,2025-05-07,
2025-06-03,B-VQT2JW,-0.0043740503892323,Company_B_07,B,South America,0.5361921853928844,0.0442446315886971,Mid,manual review,satellite,62,-0.0167736228582782,15074920.661685389,2025-05-07,
2025-06-04,B-VQT2JW,0.029718997915924,Company_B_07,B,South America,0.5361921853928844,0.0442446315886971,Mid,manual review,satellite,62,-0.0043931427354546,15074920.661685389,2025-05-07,
2025-06-05,B-VQT2JW,0.0092852383176542,Company_B_07,B,South America,0.5361921853928844,0.0442446315886971,Mid,manual review,satellite,62,-0.0005637740370175,15074920.661685389,2025-05-07,
2025-06-06,B-VQT2JW,0.0245000159429269,Company_B_07,B,South America,0.5361921853928844,0.0442446315886971,Mid,manual review,satellite,62,,15074920.661685389,2025-05-07,
2025-06-09,B-VQT2JW,0.0040167958544666,Company_B_07,B,South America,0.5361921853928844,0.0442446315886971,Mid,manual review,satellite,62,0.0184277164951934,15074920.661685389,2025-05-07,
2025-06-10,B-VQT2JW,-0.0269890053318972,Company_B_07,B,South America,0.5361921853928844,0.0442446315886971,Mid,manual review,satellite,62,0.0077210052577763,15074920.661685389,2025-05-07,
2025-06-11,B-VQT2JW,0.0083405630872128,Company_B_07,B,South America,0.5361921853928844,0.0442446315886971,Mid,manual review,satellite,62,-0.0023309390995482,15074920.661685389,2025-05-07,
2025-06-12,B-VQT2JW,0.0202174499207951,Company_B_07,B,South America,0.5361921853928844,0.0442446315886971,Mid,manual review,satellite,62,0.008891025310106,15074920.661685389,2025-05-07,
2025-07-01,B-VQT2JW,0.019392866027225,Company_B_07,B,South America,0.5361921853928844,0.0442446315886971,Mid,manual review,satellite,62,,15074920.661685389,2025-05-07,
2025-07-02,B-VQT2JW,-0.0037935893759989,Company_B_07,B,South America,0.5361921853928844,0.0442446315886971,Mid,manual review,satellite,62,-0.0047848339291268,15074920.661685389,2025-05-07,
2025-07-03,B-VQT2JW,-0.073063670876947,Company_B_07,B,South America,0.5361921853928844,0.0442446315886971,Mid,manual review,satellite,62,-0.0300041296283168,15074920.661685389,2025-05-07,
2025-07-04,B-VQT2JW,0.0047770785373772,Company_B_07,B,South America,0.5361921853928844,0.0442446315886971,Mid,manual review,satellite,62,0.0056822404651326,15074920.661685389,2025-05-07,
2025-07-07,B-VQT2JW,-0.0506676702429921,Company_B_07,B,South America,0.5361921853928844,0.0442446315886971,Mid,manual review,satellite,62,-0.0260411084866903,15074920.661685389,2025-05-07,
2025-07-08,B-VQT2JW,0.0084897260489367,Company_B_07,B,South America,0.5361921853928844,0.0442446315886971,Mid,manual review,satellite,62,,15074920.661685389,2025-05-07,
2025-07-09,B-VQT2JW,0.004619612425038,Company_B_07,B,South America,0.5361921853928844,0.0442446315886971,Mid,manual review,satellite,62,-0.0023271599388046,15074920.661685389,2025-05-07,
2025-07-10,B-VQT2JW,-0.0036832322014166,Company_B_07,B,South America,0.5361921853928844,0.0442446315886971,Mid,manual review,satellite,62,,15074920.661685389,2025-05-07,
2025-07-11,B-VQT2JW,-0.0030067632710235,Company_B_07,B,South America,0.5361921853928844,0.0442446315886971,Mid,manual review,satellite,62,-0.0120507403461468,15074920.661685389,2025-05-07,
2025-08-01,B-VQT2JW,-0.0013235821742044,Company_B_07,B,South America,0.5361921853928844,0.0442446315886971,Mid,manual review,satellite,62,0.0040039417401903,15074920.661685389,2025-05-07,
2025-08-04,B-VQT2JW,-0.0159094756447744,Company_B_07,B,South America,0.5361921853928844,0.0442446315886971,Mid,manual review,satellite,62,0.0114973593521953,15074920.661685389,2025-05-07,
2025-08-05,B-VQT2JW,0.0330546226076244,Company_B_07,B,South America,0.5361921853928844,0.0442446315886971,Mid,manual review,satellite,62,-0.0172789147832154,15074920.661685389,2025-05-07,
2025-08-07,B-VQT2JW,-0.0177396540345433,Company_B_07,B,South America,0.5361921853928844,0.0442446315886971,Mid,manual review,satellite,62,0.0187115199297718,15074920.661685389,2025-05-07,
2025-08-08,B-VQT2JW,0.0164767282401657,Company_B_07,B,South America,0.5361921853928844,0.0442446315886971,Mid,manual review,satellite,62,0.0105064073241729,15074920.661685389,2025-05-07,
2025-08-11,B-VQT2JW,0.0008331261806381,Company_B_07,B,South America,0.5361921853928844,0.0442446315886971,Mid,manual review,satellite,62,-0.0090665158126864,15074920.661685389,2025-05-07,
2025-08-12,B-VQT2JW,0.0087184987992964,Company_B_07,B,South America,0.5361921853928844,0.0442446315886971,Mid,manual review,satellite,62,-0.0015097488640975,15074920.661685389,2025-05-07,
2025-09-01,B-VQT2JW,0.0145430263211132,Company_B_07,B,South America,0.5361921853928844,0.0442446315886971,Mid,manual review,satellite,62,-0.0182440765094434,15074920.661685389,2025-05-07,
2025-09-02,B-VQT2JW,0.0065083402499338,Company_B_07,B,South America,0.5361921853928844,0.0442446315886971,Mid,manual review,satellite,62,0.000493033588286,15074920.661685389,2025-05-07,
2025-09-03,B-VQT2JW,,Company_B_07,B,South America,0.5361921853928844,0.0442446315886971,Mid,manual review,satellite,62,-0.0130870635919819,15074920.661685389,2025-05-07,
2025-09-04,B-VQT2JW,0.0099434322915563,Company_B_07,B,South America,0.5361921853928844,0.0442446315886971,Mid,manual review,satellite,62,0.0003558120086072,15074920.661685389,2025-05-07,
2025-09-05,B-VQT2JW,-0.0031547249233835,Company_B_07,B,South America,0.5361921853928844,0.0442446315886971,Mid,manual review,satellite,62,-0.0087005818517411,15074920.661685389,2025-05-07,
2025-09-08,B-VQT2JW,0.0016420863661658,Company_B_07,B,South America,0.5361921853928844,0.0442446315886971,Mid,manual review,satellite,62,0.0023920822452534,15074920.661685389,2025-05-07,
2025-09-09,B-VQT2JW,-0.0039295925968839,Company_B_07,B,South America,0.5361921853928844,0.0442446315886971,Mid,manual review,satellite,62,-0.0026480819129213,15074920.661685389,2025-05-07,
2025-09-10,B-VQT2JW,-0.0503533332467826,Company_B_07,B,South America,0.5361921853928844,0.0442446315886971,Mid,manual review,satellite,62,-0.0320681829492234,15074920.661685389,2025-05-07,
2025-09-11,B-VQT2JW,-0.042638519098191,Company_B_07,B,South America,0.5361921853928844,0.0442446315886971,Mid,manual review,satellite,62,-0.0042222927259599,15074920.661685389,2025-05-07,
2025-09-12,B-VQT2JW,0.0535923619177467,Company_B_07,B,South America,0.5361921853928844,0.0442446315886971,Mid,manual review,satellite,62,0.0046539284908583,15074920.661685389,2025-05-07,
2025-10-01,B-VQT2JW,-0.0100027721685228,Company_B_07,B,South America,0.5361921853928844,0.0442446315886971,Mid,manual review,satellite,62,,15074920.661685389,2025-05-07,
2025-10-02,B-VQT2JW,-0.0308436222220163,Company_B_07,B,South America,0.5361921853928844,0.0442446315886971,Mid,manual review,satellite,62,-0.0139835436674951,15074920.661685389,2025-05-07,
2025-10-03,B-VQT2JW,-0.0022455550888175,Company_B_07,B,South America,0.5361921853928844,0.0442446315886971,Mid,manual review,satellite,62,0.0012570528124232,15074920.661685389,2025-05-07,
2025-10-06,B-VQT2JW,-0.0258640524350168,Company_B_07,B,South America,0.5361921853928844,0.0442446315886971,Mid,manual review,satellite,62,0.0191824545318301,15074920.661685389,2025-05-07,
2025-10-07,B-VQT2JW,-0.0042151607272365,Company_B_07,B,South America,0.5361921853928844,0.0442446315886971,Mid,manual review,satellite,62,-0.0315562534880117,15074920.661685389,2025-05-07,
2025-10-08,B-VQT2JW,-0.04070293736989,Company_B_07,B,South America,0.5361921853928844,0.0442446315886971,Mid,manual review,satellite,62,-0.0126125562157682,15074920.661685389,2025-05-07,
2025-10-09,B-VQT2JW,-0.0341896020798026,Company_B_07,B,South America,0.5361921853928844,0.0442446315886971,Mid,manual review,satellite,62,-0.0182787295370303,15074920.661685389,2025-05-07,
2025-10-10,B-VQT2JW,0.003839110942091,Company_B_07,B,South America,0.5361921853928844,0.0442446315886971,Mid,manual review,satellite,62,0.0022168841621003,15074920.661685389,2025-05-07,
2025-11-03,B-VQT2JW,-0.0095118270781708,Company_B_07,B,South America,0.5361921853928844,0.0442446315886971,Mid,manual review,satellite,62,-0.0005455947933683,15074920.661685389,2025-05-07,
2025-11-04,B-VQT2JW,-0.0303149880316019,Company_B_07,B,South America,0.5361921853928844,0.0442446315886971,Mid,manual review,satellite,62,-0.0227663271628853,15074920.661685389,2025-05-07,
2025-11-05,B-VQT2JW,0.0265065228433206,Company_B_07,B,South America,0.5361921853928844,0.0442446315886971,Mid,manual review,satellite,62,0.0329021640544153,15074920.661685389,2025-05-07,
2025-11-06,B-VQT2JW,0.0353708180347802,Company_B_07,B,South America,0.5361921853928844,0.0442446315886971,Mid,manual review,satellite,62,0.0261796770562837,15074920.661685389,2025-05-07,
2025-11-07,B-VQT2JW,-0.0252038896120768,Company_B_07,B,South America,0.5361921853928844,0.0442446315886971,Mid,manual review,satellite,62,-0.0026152260671159,15074920.661685389,2025-05-07,
2025-11-10,B-VQT2JW,0.012117648340685,Company_B_07,B,South America,0.5361921853928844,0.0442446315886971,Mid,manual review,satellite,62,-0.0099451696321556,15074920.661685389,2025-05-07,
2025-11-12,B-VQT2JW,0.0224195159645614,Company_B_07,B,South America,0.5361921853928844,0.0442446315886971,Mid,manual review,satellite,62,-0.0288607520326152,15074920.661685389,2025-05-07,
2025-12-01,B-VQT2JW,-0.0393575697178665,Company_B_07,B,South America,0.5361921853928844,0.0442446315886971,Mid,manual review,satellite,62,0.0032907517570993,15074920.661685389,2025-05-07,
2025-12-02,B-VQT2JW,-0.0048389415879261,Company_B_07,B,South America,0.5361921853928844,0.0442446315886971,Mid,manual review,satellite,62,,15074920.661685389,2025-05-07,
2025-12-03,B-VQT2JW,0.0170639015659727,Company_B_07,B,South America,0.5361921853928844,0.0442446315886971,Mid,manual review,satellite,62,-0.0108077946280547,15074920.661685389,2025-05-07,
2025-12-04,B-VQT2JW,0.0508052393723827,Company_B_07,B,South America,0.5361921853928844,0.0442446315886971,Mid,manual review,satellite,62,0.0224254442272963,15074920.661685389,2025-05-07,
2025-12-05,B-VQT2JW,0.0049150630884388,Company_B_07,B,South America,0.5361921853928844,0.0442446315886971,Mid,manual review,satellite,62,0.0141371876711961,15074920.661685389,2025-05-07,
2025-12-08,B-VQT2JW,-0.035794700528302,Company_B_07,B,South America,0.5361921853928844,0.0442446315886971,Mid,manual review,satellite,62,0.004564055137615,15074920.661685389,2025-05-07,
2025-12-09,B-VQT2JW,-0.0110153835517447,Company_B_07,B,South America,0.5361921853928844,0.0442446315886971,Mid,manual review,satellite,62,,15074920.661685389,2025-05-07,
2025-12-10,B-VQT2JW,0.0151217003839519,Company_B_07,B,South America,0.5361921853928844,0.0442446315886971,Mid,manual review,satellite,62,0.0187045985583545,15074920.661685389,2025-05-07,
2025-12-11,B-VQT2JW,0.0034466285476238,Company_B_07,B,South America,0.5361921853928844,0.0442446315886971,Mid,manual review,satellite,62,-0.0061635450064645,15074920.661685389,2025-05-07,
2025-12-12,B-VQT2JW,-0.0362084409475938,Company_B_07,B,South America,0.5361921853928844,0.0442446315886971,Mid,manual review,satellite,62,0.0093768957427672,15074920.661685389,2025-05-07,
2025-11-03,B-WMAEKB,-0.0116278238363311,Company_B_27,B,North America,0.4479411587144589,0.0406882090142755,,,satellite,98,-0.0005455947933683,37108845.62431498,2025-10-15,
2025-11-03,B-WMAEKB,-0.0116278238363311,Company_B_27,B,North America,0.4479411587144589,0.0406882090142755,,,satellite,98,-0.0005455947933683,37108845.62431498,2025-10-15,
2025-11-04,B-WMAEKB,-0.0118880085340118,Company_B_27,B,North America,0.4479411587144589,0.0406882090142755,,,satellite,98,-0.0227663271628853,37108845.62431498,2025-10-15,
2025-11-04,B-WMAEKB,-0.0118880085340118,Company_B_27,B,North America,0.4479411587144589,0.0406882090142755,,,satellite,98,-0.0227663271628853,37108845.62431498,2025-10-15,
2025-11-05,B-WMAEKB,-0.0171166542105776,Company_B_27,B,North America,0.4479411587144589,0.0406882090142755,,,satellite,98,0.0329021640544153,37108845.62431498,2025-10-15,
2025-11-05,B-WMAEKB,-0.0171166542105776,Company_B_27,B,North America,0.4479411587144589,0.0406882090142755,,,satellite,98,0.0329021640544153,37108845.62431498,2025-10-15,
2025-11-07,B-WMAEKB,0.0209167225099496,Company_B_27,B,North America,0.4479411587144589,0.0406882090142755,,,satellite,98,-0.0026152260671159,37108845.62431498,2025-10-15,
2025-11-07,B-WMAEKB,0.0209167225099496,Company_B_27,B,North America,0.4479411587144589,0.0406882090142755,,,satellite,98,-0.0026152260671159,37108845.62431498,2025-10-15,
2025-11-10,B-WMAEKB,-0.008847631467606,Company_B_27,B,North America,0.4479411587144589,0.0406882090142755,,,satellite,98,-0.0099451696321556,37108845.62431498,2025-10-15,
2025-11-10,B-WMAEKB,-0.008847631467606,Company_B_27,B,North America,0.4479411587144589,0.0406882090142755,,,satellite,98,-0.0099451696321556,37108845.62431498,2025-10-15,
2025-11-11,B-WMAEKB,-0.0032718191097964,Company_B_27,B,North America,0.4479411587144589,0.0406882090142755,,,satellite,98,0.0071147820767182,37108845.62431498,2025-10-15,
2025-11-11,B-WMAEKB,-0.0032718191097964,Company_B_27,B,North America,0.4479411587144589,0.0406882090142755,,,satellite,98,0.0071147820767182,37108845.62431498,2025-10-15,
2025-11-12,B-WMAEKB,-0.0321693002787137,Company_B_27,B,North America,0.4479411587144589,0.0406882090142755,,,satellite,98,-0.0288607520326152,37108845.62431498,2025-10-15,
2025-11-12,B-WMAEKB,-0.0321693002787137,Company_B_27,B,North America,0.4479411587144589,0.0406882090142755,,,satellite,98,-0.0288607520326152,37108845.62431498,2025-10-15,
2025-12-01,B-WMAEKB,0.0075770468967897,Company_B_27,B,North America,0.4479411587144589,0.0406882090142755,,,satellite,98,0.0032907517570993,37108845.62431498,2025-10-15,
2025-12-01,B-WMAEKB,0.0075770468967897,Company_B_27,B,North America,0.4479411587144589,0.0406882090142755,,,satellite,98,0.0032907517570993,37108845.62431498,2025-10-15,
2025-12-02,B-WMAEKB,-0.0182412672195194,Company_B_27,B,North America,0.4479411587144589,0.0406882090142755,,,satellite,98,,37108845.62431498,2025-10-15,
2025-12-02,B-WMAEKB,-0.0182412672195194,Company_B_27,B,North America,0.4479411587144589,0.0406882090142755,,,satellite,98,,37108845.62431498,2025-10-15,
2025-12-03,B-WMAEKB,,Company_B_27,B,North America,0.4479411587144589,0.0406882090142755,,,satellite,98,-0.0108077946280547,37108845.62431498,2025-10-15,
2025-12-03,B-WMAEKB,,Company_B_27,B,North America,0.4479411587144589,0.0406882090142755,,,satellite,98,-0.0108077946280547,37108845.62431498,2025-10-15,
2025-12-04,B-WMAEKB,0.0191767682760227,Company_B_27,B,North America,0.4479411587144589,0.0406882090142755,,,satellite,98,0.0224254442272963,37108845.62431498,2025-10-15,
2025-12-04,B-WMAEKB,0.0191767682760227,Company_B_27,B,North America,0.4479411587144589,0.0406882090142755,,,satellite,98,0.0224254442272963,37108845.62431498,2025-10-15,
2025-12-05,B-WMAEKB,0.0312382607439769,Company_B_27,B,North America,0.4479411587144589,0.0406882090142755,,,satellite,98,0.0141371876711961,37108845.62431498,2025-10-15,
2025-12-05,B-WMAEKB,0.0312382607439769,Company_B_27,B,North America,0.4479411587144589,0.0406882090142755,,,satellite,98,0.0141371876711961,37108845.62431498,2025-10-15,
2025-12-08,B-WMAEKB,-0.0024022744600276,Company_B_27,B,North America,0.4479411587144589,0.0406882090142755,,,satellite,98,0.004564055137615,37108845.62431498,2025-10-15,
2025-12-08,B-WMAEKB,-0.0024022744600276,Company_B_27,B,North America,0.4479411587144589,0.0406882090142755,,,satellite,98,0.004564055137615,37108845.62431498,2025-10-15,
2025-12-09,B-WMAEKB,0.031169391440875,Company_B_27,B,North America,0.4479411587144589,0.0406882090142755,,,satellite,98,,37108845.62431498,2025-10-15,
2025-12-09,B-WMAEKB,0.031169391440875,Company_B_27,B,North America,0.4479411587144589,0.0406882090142755,,,satellite,98,,37108845.62431498,2025-10-15,
2025-12-10,B-WMAEKB,,Company_B_27,B,North America,0.4479411587144589,0.0406882090142755,,,satellite,98,0.0187045985583545,37108845.62431498,2025-10-15,
2025-12-10,B-WMAEKB,,Company_B_27,B,North America,0.4479411587144589,0.0406882090142755,,,satellite,98,0.0187045985583545,37108845.62431498,2025-10-15,
2025-12-11,B-WMAEKB,-0.0282316660030805,Company_B_27,B,North America,0.4479411587144589,0.0406882090142755,,,satellite,98,-0.0061635450064645,37108845.62431498,2025-10-15,
2025-12-11,B-WMAEKB,-0.0282316660030805,Company_B_27,B,North America,0.4479411587144589,0.0406882090142755,,,satellite,98,-0.0061635450064645,37108845.62431498,2025-10-15,
2025-12-12,B-WMAEKB,0.0033403208737184,Company_B_27,B,North America,0.4479411587144589,0.0406882090142755,,,satellite,98,0.0093768957427672,37108845.62431498,2025-10-15,
2025-12-12,B-WMAEKB,0.0033403208737184,Company_B_27,B,North America,0.4479411587144589,0.0406882090142755,,,satellite,98,0.0093768957427672,37108845.62431498,2025-10-15,
2025-06-02,B-WWOGAM,0.0130359090061126,Company_B_23,B,Asia,0.4840351692577983,0.030429586987347,,watchlist,satellite,37,0.0084439877167436,31227350.15946521,2025-05-21,legacy
2025-06-03,B-WWOGAM,-0.051587765490396,Company_B_23,B,Asia,0.4840351692577983,0.030429586987347,,watchlist,satellite,37,-0.0167736228582782,31227350.15946521,2025-05-21,legacy
2025-06-04,B-WWOGAM,0.023849782344991,Company_B_23,B,Asia,0.4840351692577983,0.030429586987347,,watchlist,satellite,37,-0.0043931427354546,31227350.15946521,2025-05-21,legacy
2025-06-09,B-WWOGAM,0.0093145184038848,Company_B_23,B,Asia,0.4840351692577983,0.030429586987347,,watchlist,satellite,37,0.0184277164951934,31227350.15946521,2025-05-21,legacy
2025-06-10,B-WWOGAM,0.0073527285230845,Company_B_23,B,Asia,0.4840351692577983,0.030429586987347,,watchlist,satellite,37,0.0077210052577763,31227350.15946521,2025-05-21,legacy
2025-06-11,B-WWOGAM,-0.00911841982288,Company_B_23,B,Asia,0.4840351692577983,0.030429586987347,,watchlist,satellite,37,-0.0023309390995482,31227350.15946521,2025-05-21,legacy
2025-07-01,B-WWOGAM,0.0007612250142092,Company_B_23,B,Asia,0.4840351692577983,0.030429586987347,,watchlist,satellite,37,,31227350.15946521,2025-05-21,legacy
2025-07-02,B-WWOGAM,0.0123659215961375,Company_B_23,B,Asia,0.4840351692577983,0.030429586987347,,watchlist,satellite,37,-0.0047848339291268,31227350.15946521,2025-05-21,legacy
2025-07-03,B-WWOGAM,-0.058654959127282,Company_B_23,B,Asia,0.4840351692577983,0.030429586987347,,watchlist,satellite,37,-0.0300041296283168,31227350.15946521,2025-05-21,legacy
2025-07-04,B-WWOGAM,-0.0246028380548021,Company_B_23,B,Asia,0.4840351692577983,0.030429586987347,,watchlist,satellite,37,0.0056822404651326,31227350.15946521,2025-05-21,legacy
2025-07-07,B-WWOGAM,-0.060307740116781,Company_B_23,B,Asia,0.4840351692577983,0.030429586987347,,watchlist,satellite,37,-0.0260411084866903,31227350.15946521,2025-05-21,legacy
2025-07-08,B-WWOGAM,0.0199834148035049,Company_B_23,B,Asia,0.4840351692577983,0.030429586987347,,watchlist,satellite,37,,31227350.15946521,2025-05-21,legacy
2025-07-09,B-WWOGAM,-0.0498161598748963,Company_B_23,B,Asia,0.4840351692577983,0.030429586987347,,watchlist,satellite,37,-0.0023271599388046,31227350.15946521,2025-05-21,legacy
2025-07-10,B-WWOGAM,-0.0398134530814141,Company_B_23,B,Asia,0.4840351692577983,0.030429586987347,,watchlist,satellite,37,,31227350.15946521,2025-05-21,legacy
2025-07-11,B-WWOGAM,-0.0004751299032851,Company_B_23,B,Asia,0.4840351692577983,0.030429586987347,,watchlist,satellite,37,-0.0120507403461468,31227350.15946521,2025-05-21,legacy
2025-08-01,B-WWOGAM,-0.0051113306945057,Company_B_23,B,Asia,0.4840351692577983,0.030429586987347,,watchlist,satellite,37,0.0040039417401903,31227350.15946521,2025-05-21,legacy
2025-08-04,B-WWOGAM,0.0165646737426333,Company_B_23,B,Asia,0.4840351692577983,0.030429586987347,,watchlist,satellite,37,0.0114973593521953,31227350.15946521,2025-05-21,legacy
2025-08-05,B-WWOGAM,-0.0198512872118342,Company_B_23,B,Asia,0.4840351692577983,0.030429586987347,,watchlist,satellite,37,-0.0172789147832154,31227350.15946521,2025-05-21,legacy
2025-08-06,B-WWOGAM,0.0179926281009203,Company_B_23,B,Asia,0.4840351692577983,0.030429586987347,,watchlist,satellite,37,0.0002102521817928,31227350.15946521,2025-05-21,legacy
2025-08-07,B-WWOGAM,0.0226158376037464,Company_B_23,B,Asia,0.4840351692577983,0.030429586987347,,watchlist,satellite,37,0.0187115199297718,31227350.15946521,2025-05-21,legacy
2025-08-08,B-WWOGAM,0.0136318469554531,Company_B_23,B,Asia,0.4840351692577983,0.030429586987347,,watchlist,satellite,37,0.0105064073241729,31227350.15946521,2025-05-21,legacy
2025-08-11,B-WWOGAM,-0.0272527389471489,Company_B_23,B,Asia,0.4840351692577983,0.030429586987347,,watchlist,satellite,37,-0.0090665158126864,31227350.15946521,2025-05-21,legacy
2025-08-12,B-WWOGAM,-0.0283416830984285,Company_B_23,B,Asia,0.4840351692577983,0.030429586987347,,watchlist,satellite,37,-0.0015097488640975,31227350.15946521,2025-05-21,legacy
2025-09-01,B-WWOGAM,-0.0163471699837664,Company_B_23,B,Asia,0.4840351692577983,0.030429586987347,,watchlist,satellite,37,-0.0182440765094434,31227350.15946521,2025-05-21,legacy
2025-09-02,B-WWOGAM,0.0013492972040928,Company_B_23,B,Asia,0.4840351692577983,0.030429586987347,,watchlist,satellite,37,0.000493033588286,31227350.15946521,2025-05-21,legacy
2025-09-03,B-WWOGAM,0.0083692159113804,Company_B_23,B,Asia,0.4840351692577983,0.030429586987347,,watchlist,satellite,37,-0.0130870635919819,31227350.15946521,2025-05-21,legacy
2025-09-04,B-WWOGAM,-0.001994471126866,Company_B_23,B,Asia,0.4840351692577983,0.030429586987347,,watchlist,satellite,37,0.0003558120086072,31227350.15946521,2025-05-21,legacy
2025-09-05,B-WWOGAM,-0.0185436918560185,Company_B_23,B,Asia,0.4840351692577983,0.030429586987347,,watchlist,satellite,37,-0.0087005818517411,31227350.15946521,2025-05-21,legacy
2025-09-08,B-WWOGAM,0.0171947518270724,Company_B_23,B,Asia,0.4840351692577983,0.030429586987347,,watchlist,satellite,37,0.0023920822452534,31227350.15946521,2025-05-21,legacy
2025-09-09,B-WWOGAM,0.0202778849599817,Company_B_23,B,Asia,0.4840351692577983,0.030429586987347,,watchlist,satellite,37,-0.0026480819129213,31227350.15946521,2025-05-21,legacy
2025-09-10,B-WWOGAM,-0.0611726498764457,Company_B_23,B,Asia,0.4840351692577983,0.030429586987347,,watchlist,satellite,37,-0.0320681829492234,31227350.15946521,2025-05-21,legacy
2025-09-11,B-WWOGAM,,Company_B_23,B,Asia,0.4840351692577983,0.030429586987347,,watchlist,satellite,37,-0.0042222927259599,31227350.15946521,2025-05-21,legacy
2025-09-12,B-WWOGAM,-0.0442218539964096,Company_B_23,B,Asia,0.4840351692577983,0.030429586987347,,watchlist,satellite,37,0.0046539284908583,31227350.15946521,2025-05-21,legacy
2025-10-01,B-WWOGAM,-0.0582044642278028,Company_B_23,B,Asia,0.4840351692577983,0.030429586987347,,watchlist,satellite,37,,31227350.15946521,2025-05-21,legacy
2025-10-02,B-WWOGAM,-0.0155100559577074,Company_B_23,B,Asia,0.4840351692577983,0.030429586987347,,watchlist,satellite,37,-0.0139835436674951,31227350.15946521,2025-05-21,legacy
2025-10-03,B-WWOGAM,,Company_B_23,B,Asia,0.4840351692577983,0.030429586987347,,watchlist,satellite,37,0.0012570528124232,31227350.15946521,2025-05-21,legacy
2025-10-06,B-WWOGAM,,Company_B_23,B,Asia,0.4840351692577983,0.030429586987347,,watchlist,satellite,37,0.0191824545318301,31227350.15946521,2025-05-21,legacy
2025-10-07,B-WWOGAM,-0.0438366577287805,Company_B_23,B,Asia,0.4840351692577983,0.030429586987347,,watchlist,satellite,37,-0.0315562534880117,31227350.15946521,2025-05-21,legacy
2025-10-08,B-WWOGAM,-0.0200758652464859,Company_B_23,B,Asia,0.4840351692577983,0.030429586987347,,watchlist,satellite,37,-0.0126125562157682,31227350.15946521,2025-05-21,legacy
2025-10-09,B-WWOGAM,-0.008974951682352,Company_B_23,B,Asia,0.4840351692577983,0.030429586987347,,watchlist,satellite,37,-0.0182787295370303,31227350.15946521,2025-05-21,legacy
2025-10-10,B-WWOGAM,-0.0253739544241929,Company_B_23,B,Asia,0.4840351692577983,0.030429586987347,,watchlist,satellite,37,0.0022168841621003,31227350.15946521,2025-05-21,legacy
2025-11-03,B-WWOGAM,-0.0338018028920713,Company_B_23,B,Asia,0.4840351692577983,0.030429586987347,,watchlist,satellite,37,-0.0005455947933683,31227350.15946521,2025-05-21,legacy
2025-11-04,B-WWOGAM,-0.0171378586653998,Company_B_23,B,Asia,0.4840351692577983,0.030429586987347,,watchlist,satellite,37,-0.0227663271628853,31227350.15946521,2025-05-21,legacy
2025-11-05,B-WWOGAM,-0.0141085493365882,Company_B_23,B,Asia,0.4840351692577983,0.030429586987347,,watchlist,satellite,37,0.0329021640544153,31227350.15946521,2025-05-21,legacy
2025-11-06,B-WWOGAM,0.0163944673424972,Company_B_23,B,Asia,0.4840351692577983,0.030429586987347,,watchlist,satellite,37,0.0261796770562837,31227350.15946521,2025-05-21,legacy
2025-11-07,B-WWOGAM,0.0504642005870616,Company_B_23,B,Asia,0.4840351692577983,0.030429586987347,,watchlist,satellite,37,-0.0026152260671159,31227350.15946521,2025-05-21,legacy
2025-11-12,B-WWOGAM,-0.0168477888043141,Company_B_23,B,Asia,0.4840351692577983,0.030429586987347,,watchlist,satellite,37,-0.0288607520326152,31227350.15946521,2025-05-21,legacy
2025-12-01,B-WWOGAM,0.0208133177383224,Company_B_23,B,Asia,0.4840351692577983,0.030429586987347,,watchlist,satellite,37,0.0032907517570993,31227350.15946521,2025-05-21,legacy
2025-12-02,B-WWOGAM,-0.0058331381628006,Company_B_23,B,Asia,0.4840351692577983,0.030429586987347,,watchlist,satellite,37,,31227350.15946521,2025-05-21,legacy
2025-12-03,B-WWOGAM,-0.0218544681723485,Company_B_23,B,Asia,0.4840351692577983,0.030429586987347,,watchlist,satellite,37,-0.0108077946280547,31227350.15946521,2025-05-21,legacy
2025-12-04,B-WWOGAM,0.0429971669790121,Company_B_23,B,Asia,0.4840351692577983,0.030429586987347,,watchlist,satellite,37,0.0224254442272963,31227350.15946521,2025-05-21,legacy
2025-12-05,B-WWOGAM,0.0423204415494709,Company_B_23,B,Asia,0.4840351692577983,0.030429586987347,,watchlist,satellite,37,0.0141371876711961,31227350.15946521,2025-05-21,legacy
2025-12-08,B-WWOGAM,0.0221476924089438,Company_B_23,B,Asia,0.4840351692577983,0.030429586987347,,watchlist,satellite,37,0.004564055137615,31227350.15946521,2025-05-21,legacy
2025-12-09,B-WWOGAM,0.0655627865053529,Company_B_23,B,Asia,0.4840351692577983,0.030429586987347,,watchlist,satellite,37,,31227350.15946521,2025-05-21,legacy
2025-12-10,B-WWOGAM,0.0333104638316536,Company_B_23,B,Asia,0.4840351692577983,0.030429586987347,,watchlist,satellite,37,0.0187045985583545,31227350.15946521,2025-05-21,legacy
2025-12-11,B-WWOGAM,0.0196947475944712,Company_B_23,B,Asia,0.4840351692577983,0.030429586987347,,watchlist,satellite,37,-0.0061635450064645,31227350.15946521,2025-05-21,legacy
2025-12-12,B-WWOGAM,0.0225345729019281,Company_B_23,B,Asia,0.4840351692577983,0.030429586987347,,watchlist,satellite,37,0.0093768957427672,31227350.15946521,2025-05-21,legacy
2025-02-03,B-Y6J2QG,-0.000599260169549,Company_B_39,B,europe,0.6498374440296733,0.0317881165479549,Large,manual review,,56,-0.0129161605812873,25392552.226008814,2025-01-22,check formatting
2025-02-04,B-Y6J2QG,,Company_B_39,B,europe,0.6498374440296733,0.0317881165479549,Large,manual review,,56,0.0146645598591776,25392552.226008814,2025-01-22,check formatting
2025-02-05,B-Y6J2QG,0.0192714216339817,Company_B_39,B,europe,0.6498374440296733,0.0317881165479549,Large,manual review,,56,0.0368528512948007,25392552.226008814,2025-01-22,check formatting
2025-02-10,B-Y6J2QG,0.0187612439554187,Company_B_39,B,europe,0.6498374440296733,0.0317881165479549,Large,manual review,,56,,25392552.226008814,2025-01-22,check formatting
2025-02-11,B-Y6J2QG,-0.0054378726953721,Company_B_39,B,europe,0.6498374440296733,0.0317881165479549,Large,manual review,,56,0.0062881352120187,25392552.226008814,2025-01-22,check formatting
2025-02-12,B-Y6J2QG,-0.0379317775462903,Company_B_39,B,europe,0.6498374440296733,0.0317881165479549,Large,manual review,,56,-0.0208527580455251,25392552.226008814,2025-01-22,check formatting
2025-03-03,B-Y6J2QG,0.0680641356098619,Company_B_39,B,europe,0.6498374440296733,0.0317881165479549,Large,manual review,,56,0.0241394851882321,25392552.226008814,2025-01-22,check formatting
2025-03-04,B-Y6J2QG,-0.0179999006033839,Company_B_39,B,europe,0.6498374440296733,0.0317881165479549,Large,manual review,,56,-0.0101597991216656,25392552.226008814,2025-01-22,check formatting
2025-03-05,B-Y6J2QG,-0.0103475452444595,Company_B_39,B,europe,0.6498374440296733,0.0317881165479549,Large,manual review,,56,0.0075017569132821,25392552.226008814,2025-01-22,check formatting
2025-03-06,B-Y6J2QG,-0.019443313442976,Company_B_39,B,europe,0.6498374440296733,0.0317881165479549,Large,manual review,,56,0.0066686231237621,25392552.226008814,2025-01-22,check formatting
2025-03-07,B-Y6J2QG,0.0295509222440687,Company_B_39,B,europe,0.6498374440296733,0.0317881165479549,Large,manual review,,56,0.0112572342293805,25392552.226008814,2025-01-22,check formatting
2025-03-10,B-Y6J2QG,-0.0358410788837815,Company_B_39,B,europe,0.6498374440296733,0.0317881165479549,Large,manual review,,56,-0.017433239731723,25392552.226008814,2025-01-22,check formatting
2025-03-11,B-Y6J2QG,-0.0164073108436737,Company_B_39,B,europe,0.6498374440296733,0.0317881165479549,Large,manual review,,56,-0.0023939118081542,25392552.226008814,2025-01-22,check formatting
2025-03-12,B-Y6J2QG,0.0400588573515711,Company_B_39,B,europe,0.6498374440296733,0.0317881165479549,Large,manual review,,56,0.0319413685846036,25392552.226008814,2025-01-22,check formatting
2025-04-01,B-Y6J2QG,-0.0314170934639194,Company_B_39,B,europe,0.6498374440296733,0.0317881165479549,Large,manual review,,56,0.0115957818789293,25392552.226008814,2025-01-22,check formatting
2025-04-02,B-Y6J2QG,0.0283190055710852,Company_B_39,B,europe,0.6498374440296733,0.0317881165479549,Large,manual review,,56,0.0186776451485401,25392552.226008814,2025-01-22,check formatting
2025-04-03,B-Y6J2QG,-0.0091763297643639,Company_B_39,B,europe,0.6498374440296733,0.0317881165479549,Large,manual review,,56,-0.0037462404383459,25392552.226008814,2025-01-22,check formatting
2025-04-04,B-Y6J2QG,0.0041596708666132,Company_B_39,B,europe,0.6498374440296733,0.0317881165479549,Large,manual review,,56,0.0147203918974813,25392552.226008814,2025-01-22,check formatting
2025-04-07,B-Y6J2QG,0.0220736134643317,Company_B_39,B,europe,0.6498374440296733,0.0317881165479549,Large,manual review,,56,0.0246663868926757,25392552.226008814,2025-01-22,check formatting
2025-04-08,B-Y6J2QG,0.0475483859106673,Company_B_39,B,europe,0.6498374440296733,0.0317881165479549,Large,manual review,,56,0.0056866936253566,25392552.226008814,2025-01-22,check formatting
2025-04-09,B-Y6J2QG,0.002845894457229,Company_B_39,B,europe,0.6498374440296733,0.0317881165479549,Large,manual review,,56,-0.0004650774196358,25392552.226008814,2025-01-22,check formatting
2025-04-10,B-Y6J2QG,0.013355451392404,Company_B_39,B,europe,0.6498374440296733,0.0317881165479549,Large,manual review,,56,-0.0095558031349188,25392552.226008814,2025-01-22,check formatting
2025-05-01,B-Y6J2QG,-0.0188021789806648,Company_B_39,B,europe,0.6498374440296733,0.0317881165479549,Large,manual review,,56,0.0140277458538761,25392552.226008814,2025-01-22,check formatting
2025-05-02,B-Y6J2QG,0.0075929686773289,Company_B_39,B,europe,0.6498374440296733,0.0317881165479549,Large,manual review,,56,-0.0237675804038153,25392552.226008814,2025-01-22,check formatting
2025-05-05,B-Y6J2QG,-0.0105005220470994,Company_B_39,B,europe,0.6498374440296733,0.0317881165479549,Large,manual review,,56,-0.0102126348852569,25392552.226008814,2025-01-22,check formatting
2025-05-06,B-Y6J2QG,-0.0436330952710555,Company_B_39,B,europe,0.6498374440296733,0.0317881165479549,Large,manual review,,56,-0.030025691323182,25392552.226008814,2025-01-22,check formatting
2025-05-07,B-Y6J2QG,-0.0277457081615146,Company_B_39,B,europe,0.6498374440296733,0.0317881165479549,Large,manual review,,56,-0.0045847799145338,25392552.226008814,2025-01-22,check formatting
2025-05-08,B-Y6J2QG,-0.0033514444072649,Company_B_39,B,europe,0.6498374440296733,0.0317881165479549,Large,manual review,,56,-0.0100549327049622,25392552.226008814,2025-01-22,check formatting
2025-05-09,B-Y6J2QG,-0.0220501687441672,Company_B_39,B,europe,0.6498374440296733,0.0317881165479549,Large,manual review,,56,-0.0108788433685402,25392552.226008814,2025-01-22,check formatting
2025-05-12,B-Y6J2QG,0.0136314907058044,Company_B_39,B,europe,0.6498374440296733,0.0317881165479549,Large,manual review,,56,0.013255782941715,25392552.226008814,2025-01-22,check formatting
2025-06-02,B-Y6J2QG,0.0055318249853349,Company_B_39,B,europe,0.6498374440296733,0.0317881165479549,Large,manual review,,56,0.0084439877167436,25392552.226008814,2025-01-22,check formatting
2025-06-03,B-Y6J2QG,0.0086895040842948,Company_B_39,B,europe,0.6498374440296733,0.0317881165479549,Large,manual review,,56,-0.0167736228582782,25392552.226008814,2025-01-22,check formatting
2025-06-04,B-Y6J2QG,-0.0038091954203162,Company_B_39,B,europe,0.6498374440296733,0.0317881165479549,Large,manual review,,56,-0.0043931427354546,25392552.226008814,2025-01-22,check formatting
2025-06-06,B-Y6J2QG,-0.0121814103960576,Company_B_39,B,europe,0.6498374440296733,0.0317881165479549,Large,manual review,,56,,25392552.226008814,2025-01-22,check formatting
2025-06-09,B-Y6J2QG,0.025549580855969,Company_B_39,B,europe,0.6498374440296733,0.0317881165479549,Large,manual review,,56,0.0184277164951934,25392552.226008814,2025-01-22,check formatting
2025-06-10,B-Y6J2QG,-0.0328885981180922,Company_B_39,B,europe,0.6498374440296733,0.0317881165479549,Large,manual review,,56,0.0077210052577763,25392552.226008814,2025-01-22,check formatting
2025-06-12,B-Y6J2QG,-0.025541061847987,Company_B_39,B,europe,0.6498374440296733,0.0317881165479549,Large,manual review,,56,0.008891025310106,25392552.226008814,2025-01-22,check formatting
2025-07-01,B-Y6J2QG,0.0029212396270811,Company_B_39,B,europe,0.6498374440296733,0.0317881165479549,Large,manual review,,56,,25392552.226008814,2025-01-22,check formatting
2025-07-02,B-Y6J2QG,-0.0071344252139631,Company_B_39,B,europe,0.6498374440296733,0.0317881165479549,Large,manual review,,56,-0.0047848339291268,25392552.226008814,2025-01-22,check formatting
2025-07-03,B-Y6J2QG,-0.0218605651931805,Company_B_39,B,europe,0.6498374440296733,0.0317881165479549,Large,manual review,,56,-0.0300041296283168,25392552.226008814,2025-01-22,check formatting
2025-07-04,B-Y6J2QG,0.0006719462127175,Company_B_39,B,europe,0.6498374440296733,0.0317881165479549,Large,manual review,,56,0.0056822404651326,25392552.226008814,2025-01-22,check formatting
2025-07-07,B-Y6J2QG,-0.0671920686225207,Company_B_39,B,europe,0.6498374440296733,0.0317881165479549,Large,manual review,,56,-0.0260411084866903,25392552.226008814,2025-01-22,check formatting
2025-07-09,B-Y6J2QG,-0.0234320541136537,Company_B_39,B,europe,0.6498374440296733,0.0317881165479549,Large,manual review,,56,-0.0023271599388046,25392552.226008814,2025-01-22,check formatting
2025-07-10,B-Y6J2QG,0.0236867502007155,Company_B_39,B,europe,0.6498374440296733,0.0317881165479549,Large,manual review,,56,,25392552.226008814,2025-01-22,check formatting
2025-07-11,B-Y6J2QG,-0.0014931887401122,Company_B_39,B,europe,0.6498374440296733,0.0317881165479549,Large,manual review,,56,-0.0120507403461468,25392552.226008814,2025-01-22,check formatting
2025-08-01,B-Y6J2QG,0.0238225812955016,Company_B_39,B,europe,0.6498374440296733,0.0317881165479549,Large,manual review,,56,0.0040039417401903,25392552.226008814,2025-01-22,check formatting
2025-08-04,B-Y6J2QG,0.0130514406881098,Company_B_39,B,europe,0.6498374440296733,0.0317881165479549,Large,manual review,,56,0.0114973593521953,25392552.226008814,2025-01-22,check formatting
2025-08-05,B-Y6J2QG,0.0422081055640696,Company_B_39,B,europe,0.6498374440296733,0.0317881165479549,Large,manual review,,56,-0.0172789147832154,25392552.226008814,2025-01-22,check formatting
2025-08-06,B-Y6J2QG,0.0017289185433794,Company_B_39,B,europe,0.6498374440296733,0.0317881165479549,Large,manual review,,56,0.0002102521817928,25392552.226008814,2025-01-22,check formatting
2025-08-07,B-Y6J2QG,0.0112135024307839,Company_B_39,B,europe,0.6498374440296733,0.0317881165479549,Large,manual review,,56,0.0187115199297718,25392552.226008814,2025-01-22,check formatting
2025-08-08,B-Y6J2QG,0.0078629947894167,Company_B_39,B,europe,0.6498374440296733,0.0317881165479549,Large,manual review,,56,0.0105064073241729,25392552.226008814,2025-01-22,check formatting
2025-08-11,B-Y6J2QG,-0.0167120040216995,Company_B_39,B,europe,0.6498374440296733,0.0317881165479549,Large,manual review,,56,-0.0090665158126864,25392552.226008814,2025-01-22,check formatting
2025-08-12,B-Y6J2QG,-0.0171018830144211,Company_B_39,B,europe,0.6498374440296733,0.0317881165479549,Large,manual review,,56,-0.0015097488640975,25392552.226008814,2025-01-22,check formatting
2025-09-01,B-Y6J2QG,-0.0130495071997394,Company_B_39,B,europe,0.6498374440296733,0.0317881165479549,Large,manual review,,56,-0.0182440765094434,25392552.226008814,2025-01-22,check formatting
2025-09-02,B-Y6J2QG,-0.0257043585160757,Company_B_39,B,europe,0.6498374440296733,0.0317881165479549,Large,manual review,,56,0.000493033588286,25392552.226008814,2025-01-22,check formatting
2025-09-04,B-Y6J2QG,0.0054745243745619,Company_B_39,B,europe,0.6498374440296733,0.0317881165479549,Large,manual review,,56,0.0003558120086072,25392552.226008814,2025-01-22,check formatting
2025-09-05,B-Y6J2QG,-0.0004903795665686,Company_B_39,B,europe,0.6498374440296733,0.0317881165479549,Large,manual review,,56,-0.0087005818517411,25392552.226008814,2025-01-22,check formatting
2025-09-08,B-Y6J2QG,-0.0208266056883794,Company_B_39,B,europe,0.6498374440296733,0.0317881165479549,Large,manual review,,56,0.0023920822452534,25392552.226008814,2025-01-22,check formatting
2025-09-09,B-Y6J2QG,-0.0268482796565352,Company_B_39,B,europe,0.6498374440296733,0.0317881165479549,Large,manual review,,56,-0.0026480819129213,25392552.226008814,2025-01-22,check formatting
2025-09-10,B-Y6J2QG,-0.0645769202790619,Company_B_39,B,europe,0.6498374440296733,0.0317881165479549,Large,manual review,,56,-0.0320681829492234,25392552.226008814,2025-01-22,check formatting
2025-09-11,B-Y6J2QG,0.0215565522690259,Company_B_39,B,europe,0.6498374440296733,0.0317881165479549,Large,manual review,,56,-0.0042222927259599,25392552.226008814,2025-01-22,check formatting
2025-09-12,B-Y6J2QG,0.0302473998982223,Company_B_39,B,europe,0.6498374440296733,0.0317881165479549,Large,manual review,,56,0.0046539284908583,25392552.226008814,2025-01-22,check formatting
2025-10-02,B-Y6J2QG,-0.0279202327283778,Company_B_39,B,europe,0.6498374440296733,0.0317881165479549,Large,manual review,,56,-0.0139835436674951,25392552.226008814,2025-01-22,check formatting
2025-10-03,B-Y6J2QG,0.0067764284183153,Company_B_39,B,europe,0.6498374440296733,0.0317881165479549,Large,manual review,,56,0.0012570528124232,25392552.226008814,2025-01-22,check formatting
2025-10-06,B-Y6J2QG,-0.0186360751527763,Company_B_39,B,europe,0.6498374440296733,0.0317881165479549,Large,manual review,,56,0.0191824545318301,25392552.226008814,2025-01-22,check formatting
2025-10-07,B-Y6J2QG,-0.03281264209205,Company_B_39,B,europe,0.6498374440296733,0.0317881165479549,Large,manual review,,56,-0.0315562534880117,25392552.226008814,2025-01-22,check formatting
2025-10-08,B-Y6J2QG,-0.0481722640243815,Company_B_39,B,europe,0.6498374440296733,0.0317881165479549,Large,manual review,,56,-0.0126125562157682,25392552.226008814,2025-01-22,check formatting
2025-10-09,B-Y6J2QG,,Company_B_39,B,europe,0.6498374440296733,0.0317881165479549,Large,manual review,,56,-0.0182787295370303,25392552.226008814,2025-01-22,check formatting
2025-10-10,B-Y6J2QG,-0.0016674847562752,Company_B_39,B,europe,0.6498374440296733,0.0317881165479549,Large,manual review,,56,0.0022168841621003,25392552.226008814,2025-01-22,check formatting
2025-11-03,B-Y6J2QG,0.0101500827227642,Company_B_39,B,europe,0.6498374440296733,0.0317881165479549,Large,manual review,,56,-0.0005455947933683,25392552.226008814,2025-01-22,check formatting
2025-11-04,B-Y6J2QG,-0.0192680029509206,Company_B_39,B,europe,0.6498374440296733,0.0317881165479549,Large,manual review,,56,-0.0227663271628853,25392552.226008814,2025-01-22,check formatting
2025-11-05,B-Y6J2QG,-0.001114093395451,Company_B_39,B,europe,0.6498374440296733,0.0317881165479549,Large,manual review,,56,0.0329021640544153,25392552.226008814,2025-01-22,check formatting
2025-11-06,B-Y6J2QG,0.0609865045559168,Company_B_39,B,europe,0.6498374440296733,0.0317881165479549,Large,manual review,,56,0.0261796770562837,25392552.226008814,2025-01-22,check formatting
2025-11-07,B-Y6J2QG,-0.0062052782119633,Company_B_39,B,europe,0.6498374440296733,0.0317881165479549,Large,manual review,,56,-0.0026152260671159,25392552.226008814,2025-01-22,check formatting
2025-11-10,B-Y6J2QG,-0.0173137346647239,Company_B_39,B,europe,0.6498374440296733,0.0317881165479549,Large,manual review,,56,-0.0099451696321556,25392552.226008814,2025-01-22,check formatting
2025-11-11,B-Y6J2QG,0.011478053583115,Company_B_39,B,europe,0.6498374440296733,0.0317881165479549,Large,manual review,,56,0.0071147820767182,25392552.226008814,2025-01-22,check formatting
2025-11-12,B-Y6J2QG,-0.0624566375969411,Company_B_39,B,europe,0.6498374440296733,0.0317881165479549,Large,manual review,,56,-0.0288607520326152,25392552.226008814,2025-01-22,check formatting
2025-12-01,B-Y6J2QG,0.0202215724898055,Company_B_39,B,europe,0.6498374440296733,0.0317881165479549,Large,manual review,,56,0.0032907517570993,25392552.226008814,2025-01-22,check formatting
2025-12-02,B-Y6J2QG,-0.0527476441792557,Company_B_39,B,europe,0.6498374440296733,0.0317881165479549,Large,manual review,,56,,25392552.226008814,2025-01-22,check formatting
2025-12-03,B-Y6J2QG,-0.0200835478657924,Company_B_39,B,europe,0.6498374440296733,0.0317881165479549,Large,manual review,,56,-0.0108077946280547,25392552.226008814,2025-01-22,check formatting
2025-12-04,B-Y6J2QG,0.0013416307755509,Company_B_39,B,europe,0.6498374440296733,0.0317881165479549,Large,manual review,,56,0.0224254442272963,25392552.226008814,2025-01-22,check formatting
2025-12-05,B-Y6J2QG,-0.0374644839792494,Company_B_39,B,europe,0.6498374440296733,0.0317881165479549,Large,manual review,,56,0.0141371876711961,25392552.226008814,2025-01-22,check formatting
2025-12-08,B-Y6J2QG,0.0071649097453496,Company_B_39,B,europe,0.6498374440296733,0.0317881165479549,Large,manual review,,56,0.004564055137615,25392552.226008814,2025-01-22,check formatting
2025-12-09,B-Y6J2QG,-0.0084682602462292,Company_B_39,B,europe,0.6498374440296733,0.0317881165479549,Large,manual review,,56,,25392552.226008814,2025-01-22,check formatting
2025-12-10,B-Y6J2QG,0.02812951777185,Company_B_39,B,europe,0.6498374440296733,0.0317881165479549,Large,manual review,,56,0.0187045985583545,25392552.226008814,2025-01-22,check formatting
2025-12-11,B-Y6J2QG,0.0064311872489334,Company_B_39,B,europe,0.6498374440296733,0.0317881165479549,Large,manual review,,56,-0.0061635450064645,25392552.226008814,2025-01-22,check formatting
2025-12-12,B-Y6J2QG,0.0219723237743657,Company_B_39,B,europe,0.6498374440296733,0.0317881165479549,Large,manual review,,56,0.0093768957427672,25392552.226008814,2025-01-22,check formatting
