simulation_id,systematic_factor_F,analytical_conditional_loss
1,1.4326227600622672,369137.11219918204
2,-0.9504180779989508,3955152.438511286
3,1.539095134069865,345577.0434805956
4,0.8662886925318929,564597.9439429323
5,-0.9018233733914761,3740721.0315612783
6,0.3304750123061947,938263.5944640145
7,0.30179743896345773,966449.6309452538
8,-0.7772042874364725,3240520.079360422
9,0.6234908483294656,702656.4971651651
10,-0.2743009185360154,1815607.572593435
11,-0.9180913896912143,3811245.8045180184
12,1.1864017667117448,437308.9959961073
13,-1.0534249122150607,4448548.647371905
14,-0.5787058806304848,2576045.6409900654
15,1.8280145399325964,295254.0256913533
16,-0.6733278759938253,2873932.4184055733
17,1.8681362484318655,289564.16144470335
18,0.8837452350918588,556233.6445240977
19,-0.6388951094533025,2761729.1755665527
20,0.6988911469448132,655085.4968645704
21,1.3578306271460356,387662.0505035257
22,1.6298358658598502,327812.5389047727
23,0.6789602433304959,667214.8423614717
24,0.23852276641032688,1032424.8958538851
25,0.007586468461264883,1323816.9106314797
26,-0.013585783067152291,1355044.3075224461
27,1.8630369499428334,290272.14079216577
28,-1.101890842750146,4699978.571174894
29,1.0478169373787871,486115.0731607001
30,-1.1033318998002895,4707650.969269217
31,1.178883730316533,439742.0938634956
32,0.03679190180179907,1282086.37357971
33,-0.07770445157076154,1454845.0701901834
34,0.3398158142960458,929304.3509778276
35,1.4017117006861197,376583.6677843653
36,1.032475157516852,492066.4744653188
37,0.4112109959469242,864260.1708307349
38,-0.5289729456430899,2432187.5363135254
39,-0.6535611998059949,2808975.464182446
40,0.28489942116482064,983549.386804146
41,-0.7788331857585303,3246619.6234087986
42,-0.231153860700971,1728754.057413623
43,-1.5421768271476701,7638047.484683562
44,0.213025438899624,1060556.231493102
45,0.0021763011295171824,1331717.4472034904
46,-0.7008488578314229,2966866.5659818016
47,-0.9411075565721392,3913186.1510993177
48,-0.22724265217462197,1721106.4188178976
49,-0.22190221874418767,1710723.5565250954
50,0.8637476202783461,565831.1859986257
51,0.27573031122450603,992983.9590466478
52,-0.41140486838612267,2124009.298244444
53,0.7799742229597986,608824.7186304843
54,-1.26749734245561,5660061.835965419
55,0.0723148032374758,1233361.0398423912
56,0.07308545705450308,1232328.0452123503
57,1.0483879731122123,485895.7959156818
58,0.9168506294269333,540876.16044227
59,0.03779326714723062,1280682.658253919
60,-0.06098389693080156,1428040.95993738
61,0.40875328575584324,866401.562717328
62,-0.7047267072767511,2980198.7307532826
63,-0.8555816556731686,3546997.818714596
64,0.19136775182318458,1085180.9969550886
65,1.659594890740878,322406.1109425398
66,-0.10361687012895016,1497508.1095681174
67,0.7115580824975551,647536.8698762885
68,-0.17480040110916428,1622054.2530794786
69,-0.9191441976554868,3815853.2319688452
70,0.39957717411468313,874456.6815470867
71,-0.5935114210062452,2620519.518396284
72,-0.859468677914553,3562904.34477311
73,0.350952774607467,918761.6479557416
74,0.40696357964905244,867965.1857786212
75,1.2897744773527557,406097.84421441803
76,0.836051997683305,579536.490212347
77,0.55348739516702,751152.3373727498
78,0.826886458970247,584180.4400794081
79,-1.9524626393267717,11643484.774909018
80,-0.3471740088317166,1973127.162048335
81,0.24281654480060924,1027777.0342188224
82,0.9924430999426221,508155.72983933997
83,-1.4703354551834524,7070575.887682218
84,-1.5953449004950269,8082320.488917913
85,-1.610833165923397,8215722.382651507
86,-0.5046564221042954,2364862.3230711687
87,0.3390862952683932,930000.2132547341
88,-1.4872659996020685,7200974.769216145
89,-0.3439566334940709,1965873.5662304384
90,0.4489419763353735,832220.2872371097
91,-0.10695053780921668,1503097.7210297158
92,-1.4487598685839083,6907330.240457977
93,0.4699715491203299,815025.7592555671
94,0.7501162419182844,625301.4404003763
95,-0.9452507439273454,3931808.9030774683
96,-0.43015281871942607,2170298.1679795296
97,-1.0159138454599193,4262566.680421205
98,2.1809879831771686,253410.92327354028
99,-0.0672372844649095,1437999.8864354675
100,-0.6252495695611878,2718485.5357545246
101,0.25065290167650506,1019359.9331659912
102,-1.126123665136298,4830535.005597756
103,0.25842258047286176,1011097.290075917
104,0.09413401015357138,1204500.7117296583
105,0.9350466765042402,532708.3511991855
106,-1.5131508551188215,7404294.134335772
107,0.05265179046825803,1260061.3243369167
108,0.22785366765194298,1044084.8123374161
109,-0.4377151599275099,2189266.567193208
110,1.6279292862162764,328165.7048167758
111,-1.0157016773657712,4261535.643959649
112,0.05690499465110952,1254229.4923821127
113,-0.9216530953026265,3826854.323300891
114,-0.9053644322900777,3755965.5259713773
115,1.755874157423927,306206.1340672489
116,-0.442588326797422,2201581.210217439
117,0.32011830185912343,948323.4921697463
118,-1.1269852120943165,4835237.201923016
119,-0.2397255399628735,1745643.7833911814
120,0.6240219622719205,702305.0092332858
121,-1.0466112590227905,4414215.383421532
122,-0.36101387746502367,2004654.2290881658
123,0.5437896178483954,758221.8611656189
124,2.034791033968384,268652.02125202323
125,-0.7844975894836623,3267917.7456772476
126,0.5632747561496321,744106.4180172216
127,0.6401524292489877,691743.6329754026
128,0.5143518962978267,780229.9521334547
129,-0.4711031474403378,2275095.9667047607
130,-0.8783300784919638,3641066.651713052
131,1.2487695042320077,417993.0138320807
132,-1.3559748307522308,6241781.946082686
133,-0.7221980762213379,3041003.9183992166
134,1.1321996443508893,455381.2472734553
135,-1.1309689703919363,4857034.4091479285
136,-0.24208269655069442,1750319.6772930613
137,1.5610861245288457,341087.18228774366
138,-0.4866238174635298,2316173.9776253044
139,-0.7440810074309,3118889.874597489
140,-1.4115905907070208,6633688.491678846
141,-0.4285020013835833,2166180.3029682357
142,0.5653419027848343,742629.599049449
143,-0.5288387974123726,2431810.782476565
144,0.02639142160187914,1296771.223308979
145,-0.5267659036245689,2425996.666528268
146,0.8901496035013318,553211.62917687
147,0.9738088558277507,515930.2632637495
148,-0.22142814761403426,1709805.1678574071
149,1.483737639708743,357436.70700536575
150,0.15738487795092654,1125216.1660307876
151,0.1669749024633945,1113742.1146566686
152,-1.6526256175621976,8584809.695283046
153,-0.2682313002196281,1803109.725381417
154,-0.029244363188109426,1378680.631074668
155,0.31809058594716233,950308.777451481
156,-0.6786781488462489,2891770.230213945
157,-0.8676343997330411,3596543.7276253565
158,1.4038170170774005,376067.3058804946
159,0.7361983662262226,633200.6330160502
160,1.6251979562040464,328673.0900433475
161,-0.9425628291564395,3919717.764687496
162,0.45026367713391424,831125.870637577
163,-0.1157575077610307,1517976.8468035117
164,-1.0057177378559639,4213280.951604588
165,-0.286200546709795,1840381.2984645306
166,-1.3560123738526328,6242039.539859799
167,-0.6099922711103973,2670938.799198889
168,0.6045706059691349,715335.8475117692
169,1.2171054105719636,427609.2766706309
170,-0.6896092326927882,2928557.188204539
171,1.446516285204353,365882.66499309737
172,-1.9115725449709164,11182306.043462222
173,0.38829714145434563,884489.6748551126
174,-0.3045754702479974,1879351.4545534137
175,-0.4044930617023816,2107205.5668569626
176,-1.9758323160232458,11913519.809940847
177,-0.5765206225081717,2569546.4358283496
178,-0.5963094990406738,2629011.395877661
179,-1.3509737020690713,6207550.809722938
180,-0.27601538046004337,1819154.6674807724
181,0.01887952289541211,1307498.1149775228
182,0.1498347330324794,1134348.6429133574
183,-0.6408939936828472,2768121.4123320025
184,-0.05441373021175864,1417661.285190766
185,0.8532843910212472,570951.8048158648
186,1.0146155201665432,499142.93663605483
187,0.8045810383073655,595713.0189938607
188,0.8150949772239603,590235.8277941637
189,0.13983233038044718,1146583.184366879
190,1.239321817083452,420822.0691980559
191,0.3801693939172745,891809.4976856912
192,-0.236907612361259,1740071.629946156
193,-1.626155945286397,8349491.014390476
194,-1.363040628025968,6290426.380035831
195,-1.492440025194757,7241231.604064086
196,0.5633546628623894,744049.2577099231
197,-0.8760913153825232,3631703.8577815024
198,-0.7882589405409055,3282135.5693491045
199,-0.39154500844360624,2076100.8759271377
200,-0.9674044659349337,4032814.2747675246
201,0.05382870092718847,1258444.4490750835
202,-1.5961437130382319,8089156.408705174
203,0.5745593640818119,736092.0405024422
204,0.4848987940165781,803099.8573414263
205,-0.20556252712670398,1679377.5072292557
206,-0.6175665191858047,2694437.183672339
207,0.25676886808119737,1012849.0558239438
208,1.078264301991871,474643.06397578894
209,-1.9705435246746528,11851994.707999768
210,0.5812660288467686,731383.7994025938
211,-0.22111393915315877,1709196.767062444
212,-0.524816375196294,2420541.550041078
213,-0.3453116242489347,1968924.9482309176
214,-1.2423086944152812,5503493.175844092
215,-1.775128500031698,9745501.63646857
216,0.60241610547478,716799.3619576263
217,0.5940549831304917,722517.5213345663
218,0.047822130023782564,1266721.7118384351
219,0.9320724330092087,534030.4485266221
220,1.034361412374248,491328.46218525467
221,0.6578459609095438,680408.247410961
222,0.8377245966845805,578694.9052017949
223,1.038243989123145,489814.9507423817
224,0.3997464345528193,874307.2375029931
225,-0.24196712610876442,1750090.1037782854
226,-0.10769239390275849,1504344.769405135
227,-0.13320480575317206,1547940.3623112428
228,-1.051154930890634,4437083.043650364
229,0.556919829060525,748671.2165626832
230,-0.19717620360108232,1663533.1912603322
231,1.0063274137158051,502482.109461618
232,-0.840729329811863,3486846.0294780442
233,1.7926932581486537,300496.67730200564
234,-0.7770133437322745,3239805.80751691
235,-1.2115150443357752,5317354.717271395
236,0.352298011064942,917498.357220842
237,0.9896899358769023,509292.77470294986
238,0.03227699632428572,1288437.4678223236
239,0.10745119860730125,1187274.3580806362
240,-0.4624884667794969,2252621.639570239
241,-0.8331828710669218,3456660.864823388
242,-0.11116282815268466,1510193.871317997
243,-0.6095370592611713,2669533.1372113293
244,0.7769831172253229,610446.9672098676
245,1.0923910374354797,469469.58561863384
246,-0.9615351026599315,4005818.324102827
247,-1.5542152696961438,7736804.18602967
248,1.1620865292878833,445262.7649097982
249,-0.7443387801013404,3119818.930689476
250,-1.1884396834408903,5181602.178120092
251,0.7400269279753786,631013.5910774823
252,0.6166350997747718,707215.2252350615
253,0.9281014437839593,535803.480461368
254,-1.8085008727247864,10082634.41513033
255,-0.14521131803928722,1568941.3878040842
256,-0.4495805901185234,2219376.8887166074
257,0.813587773818734,591016.4652374932
258,0.0636713030176543,1245016.2074093327
259,-1.6255188657852675,8343893.594057649
260,0.8205882580091665,587403.4046335737
261,-0.6212845959630278,2706048.1471271184
262,0.40842340931989074,866689.4976062817
263,-0.7701533987826138,3214246.2034579967
264,-0.8885270699047787,3684004.821694184
265,-0.2095182926640647,1686908.3338818506
266,-0.3772771821963108,2042383.9389886816
267,1.038744673854693,489620.31815347244
268,-3.1115245619395058,30812961.35983579
269,0.21409391076133993,1059358.9043491473
270,0.13269713770987465,1155406.2523011488
271,0.8775119498610112,559198.8541478482
272,1.0883515621191617,470939.432957102
273,-0.6734445751939429,2874320.3234982183
274,0.34542450140140935,923976.1133622552
275,-0.07462402761782225,1449864.69136824
276,-1.138175362626566,4896692.440673343
277,-0.7726136758487443,3223390.2694064695
278,0.2087697868328358,1065341.3407764386
279,0.6331067649562451,696329.8016578194
280,-0.8161616435435034,3389501.61747553
281,-1.151812930674592,4972551.444171127
282,0.3661930827783164,904576.5024384276
283,-0.7190369149640709,3029912.1789926165
284,-1.0597006302953929,4480390.126607865
285,-0.6967067468856003,2952691.0717723574
286,1.3108028623684944,400232.0704122622
287,1.165051081075172,444279.85193724086
288,0.9702368072933271,517441.8520975712
289,1.5761460941756704,338082.16159810213
290,0.29838916142470917,969868.8717757902
291,0.16831212863768086,1112153.2818845604
292,-1.1034763153379332,4708420.492372092
293,-0.22692990397356547,1720496.4881352298
294,0.5532748795776974,751306.3140387895
295,-0.339258534006345,1955332.4619642438
296,-0.7143573865508196,3013566.0995082054
297,0.6442381654835813,689103.1321998885
298,-0.275424401606234,1817931.1341442752
299,0.1492736699270571,1135030.800039242
300,0.47674040070685353,809589.5025353114
301,-2.071350456088093,13066713.39291836
302,0.6780724074640296,667762.4228543806
303,-0.9370533651405784,3895044.254322388
304,0.20969468807378291,1064299.1586774364
305,-0.3303539263795139,1935517.6824369908
306,-1.085041305069489,4611118.155451661
307,0.43988113085100816,839773.2827835552
308,-1.268050018483877,5663541.236888945
309,0.40655194290314184,868325.3317041661
310,0.03888608137735359,1279152.7745954595
311,-2.0176788815229743,12408899.221351529
312,0.13961123481090462,1146855.381618265
313,0.4094920895876735,865757.1353007861
314,-1.0358364579271235,4360423.987958802
315,-0.9777646363398595,4080884.0765809403
316,-0.0037469049696561008,1340429.1549157156
317,1.593062843930756,334772.68048896303
318,-1.3198550935506832,5998228.706610401
319,1.644103105721058,325195.8731903464
320,-0.3610711048620001,2004785.6940445884
321,0.8518820141111229,571643.3551563873
322,0.06352286833702273,1245217.477163583
323,-0.014461137161031647,1356353.3897143085
324,-1.119420963561009,4794095.2365327105
325,1.4096267083811174,374649.4231400265
326,-1.6890593270802743,8917593.338495454
327,-0.8702011400825407,3607180.4570359164
328,0.37557504259635904,895981.0741685688
329,1.979327228103807,275155.9479962926
330,0.17561855416011865,1103519.7345093186
331,1.1963683540148653,434118.9817344356
332,0.2150022395605713,1058342.316493678
333,-0.10698926387259364,1503162.7903717998
334,1.3691570908127524,384743.92931083735
335,-0.8749301100015393,3626856.636267649
336,-1.8507135972341648,10522238.498462662
337,0.400707267833948,873459.5105305089
338,1.299230121385508,403441.007298391
339,0.5460225090898193,756586.2910211115
340,-0.062347516856299814,1430205.965493436
341,-1.1016847913124066,4698882.462125361
342,0.42468335040881366,852641.1509492674
343,0.2755703735430802,993149.511663593
344,1.6321294732208538,327388.7784265976
345,0.0874730066241411,1213226.7728732235
346,-2.64553157155286,21718222.04112184
347,-0.8571690897947793,3553485.673914388
348,2.4380268733668724,232118.7100574343
349,-0.6408776738715652,2768069.163230779
350,-0.6402669886494118,2766114.718267997
351,-1.7688402467218942,9682995.702996662
352,0.01876284672068336,1307665.5301035177
353,0.007924376024411896,1323325.2447975306
354,-0.515292056250326,2394070.9287331416
355,-0.30665293477815897,1883812.7159441435
356,0.41128290539798795,864197.6182059377
357,-0.07385732596853478,1448628.082452782
358,-1.7502783799894408,9500359.588000912
359,0.10984860477737544,1184204.008098088
360,-0.22816000529246624,1722896.8244214861
361,0.303242176841232,965004.7446297387
362,1.2310719394869734,423320.21871333517
363,0.4629252655493293,820735.3301415448
364,1.3361006090577587,393378.0043792329
365,1.6973133549549728,315831.4200625622
366,0.26790713157418283,1001121.6213771298
367,0.2752624379848053,993468.3533607429
368,0.43077657002607317,847451.8528614314
369,-0.8654155759239393,3587373.043858309
370,-0.6893316556575438,2927617.3198730093
371,-0.2510881248122083,1768309.1166551895
372,-1.8338118719658556,10344446.431122366
373,-1.9957783634479327,12147738.50546805
374,-0.6585182601732333,2825126.424457657
375,-0.8299013025981533,3443613.728851744
376,0.6350709246408743,695047.1056352272
377,-2.0640070073148644,12975211.137470033
378,-0.08400693654542542,1465094.8393046393
379,0.3138123165043021,954514.4872029613
380,0.4653796890803946,818740.6471121416
381,0.8553302893101722,569945.1456352781
382,-0.46961744311402753,2271203.4996416033
383,0.15713779567087427,1125513.6442304114
384,-0.2492407793848501,1764602.5614527885
385,-0.8967277504219963,3718887.5332133556
386,-0.7935919103531442,3302397.3648014143
387,-1.5173565186612228,7437784.038589263
388,0.11031138926895538,1183612.396579895
389,-0.23850465559013392,1743227.2407431959
390,-0.7791247037114798,3247712.4174586325
391,0.8105448794332977,592597.1069279051
392,0.4919022612238453,797582.9753077866
393,0.8570923290392344,569080.2708556347
394,0.053163930684302786,1259357.4348405232
395,-0.7890851090628375,3285266.5285938224
396,-0.7177231451251046,3025314.2302787234
397,0.5914364724041049,724321.008901775
398,-1.2785985505972184,5730315.657633124
399,-0.4286861383302005,2166639.2174134045
400,0.2864025819042629,982013.2439174862
401,-0.8367783711673418,3471010.959850915
402,-0.22333217922877732,1713496.9849598901
403,-1.071332371921961,4539965.20048952
404,-0.5212643117727723,2410634.529459715
405,1.7831871774228714,301946.3966081898
406,-1.3994925208283144,6546665.387003779
407,0.8012714956442112,597452.472184534
408,0.1086949242163682,1185680.3567993068
409,-3.681039807892954,43825976.33159693
410,-1.3824489195815868,6425748.896544113
411,-0.6605976581482956,2831929.0252376045
412,-0.8629477765784187,3577199.678958273
413,-0.32379662952912225,1921062.85523265
414,-0.03893449185206353,1393542.4194943046
415,1.9796344792041418,275118.7263376131
416,-0.5868307878561315,2600356.4057537317
417,-1.142493723966986,4920598.464592353
418,-1.7167135659796773,9177147.529885938
419,-0.5810552352052483,2583051.4667677255
420,-1.7673444405649958,9668174.552943975
421,-0.6856295391513217,2915110.6324892943
422,-1.6097522558567148,8206353.442745464
423,-1.5884449572762491,8023473.47122814
424,0.48174153408828746,805603.2446131615
425,0.06939626221146339,1237282.2405249204
426,-0.4522812463933139,2226290.162697719
427,0.12403144507374189,1166230.0248512586
428,-0.5485164028492758,2487717.291678184
429,0.39167854517361317,881466.8252972169
430,-0.6895747132442687,2928440.2899904926
431,0.7855197881438474,605833.4868090956
432,-0.0001623691590963589,1335149.3438354507
433,0.8242274084069857,585537.9720539862
434,-0.9033576632111714,3747318.9968328383
435,-1.2249784167640312,5398030.470963332
436,-1.1416216407894533,4915762.140649465
437,0.2615236577779785,1007822.3117840714
438,-0.33660390547414965,1949402.8434894602
439,-0.006727066708979043,1344836.938523988
440,1.6119360926615829,331161.0870978429
441,-2.374286417127664,17262204.87148818
442,0.9976316272480815,506023.73089814675
443,-0.05598335635398353,1420133.2431090113
444,0.9644014404269293,519926.11249586457
445,-1.7732692465862279,9726986.954159178
446,-0.614804329081057,2685843.747485332
447,0.45014820893884544,831221.4084013137
448,-0.6203226710540681,2703039.3941355576
449,0.3962998244338892,877356.7454841522
450,1.0930487163842209,469230.98987034964
451,1.0396293299042882,489276.7269676677
452,-1.838984714741239,10398607.512596346
453,-1.0749832800301005,4558814.7238448085
454,-1.1033493949526127,4707744.186635457
455,0.4987838488254745,792210.3034796925
456,1.2016115893751396,432456.868564943
457,-1.034743428619879,4355001.391867815
458,-0.6791979776947429,2893509.1965037156
459,1.22951074836578,423795.9019375753
460,0.8160782792411894,589727.3524119509
461,0.09808149989899098,1199364.085769577
462,2.275332641406133,244863.9547156305
463,0.15056109647135696,1133466.2316801944
464,-0.39394496391766687,2081829.6058001474
465,-1.8605264228759055,10626556.617796483
466,-3.142251142293329,31469460.083106365
467,1.5728695039810132,338731.20749209187
468,-1.7409889321573881,9410002.535643322
469,-0.3784931150265,2045234.7603866633
470,-1.003855652254812,4204337.763290155
471,-2.3697327492862716,17193013.153188396
472,1.062309327082246,480599.0874596507
473,0.12277504381294888,1167809.2316273355
474,-1.134852526545722,4878369.718699616
475,-0.5119323956354898,2384804.5016137403
476,-0.7548041592969649,3157768.097770702
477,-0.9824319177046297,4102715.2210750137
478,1.29941717129606,403388.76871476724
479,-0.3764390572933309,2040421.3478848995
480,-1.6066680898151258,8179669.722354344
481,-0.0401713726806161,1395452.4787294243
482,0.5716328932806767,738159.2656675915
483,-1.047653336581392,4419450.329485896
484,1.0245423040965231,495189.7813133468
485,0.7972642169067199,599568.5680024842
486,-0.6535816898616843,2809042.0342139467
487,-1.6331886275402594,8411487.049003065
488,0.7729113402484308,612665.3719721229
489,1.1498327979716907,449365.0047336056
490,-0.9618521763403011,4007272.3315153704
491,-0.5407347204083592,2465453.378683348
492,0.45568569913287205,826655.6520712858
493,1.1877426827213569,436877.4594545489
494,1.7036402078691617,314758.03230639227
495,-0.8913377786958118,3695925.203817469
496,0.6608956077438365,678480.4334387924
497,0.39138445361274576,881729.2113732216
498,0.7452900502151908,628024.5854565861
499,-1.5503716004285206,7705156.905540054
500,0.28566238463876054,982769.313070455
501,-1.92469545964874,11328752.368645422
502,1.2363375463485737,421722.7323899032
503,0.22547104632099296,1046710.4797163396
504,-0.014547745808668421,1356482.990372133
505,-0.2891650970102408,1846609.531032488
506,1.4515875875142037,364708.7402389367
507,-1.2858591176621217,5776681.90590564
508,0.010738687709211589,1319238.4601175822
509,1.426161579333053,370669.93342109007
510,-0.3094359573924286,1889806.8879794546
511,2.0822310206193824,263417.4795491404
512,1.5657402145935144,340152.536169557
513,1.142432348547296,451873.56519736844
514,0.06007569528756915,1249902.3146139209
515,1.8146137672489149,297216.7188700678
516,1.7954464544755468,300079.91602083517
517,-0.945442354014397,3932672.174994153
518,0.8964340177364191,550270.2339153842
519,0.01220867217568931,1317109.5889984146
520,0.28087577342005776,987675.8964279878
521,-0.55126277078909,2495623.673497703
522,1.1964906765422805,434080.07946481433
523,1.9314460165508245,281126.23267751304
524,-0.4970726002444676,2344258.746972686
525,-0.6672600296858249,2853834.6889113113
526,0.40882063037927224,866342.7955027303
527,0.3470700275552041,922420.1268921758
528,-0.645673438883498,2783465.718763176
529,0.8396539730177294,577726.3614541513
530,0.6364384009054433,694155.9870207506
531,0.6106715407605613,711213.5413487578
532,1.5293183994086994,347612.7679272332
533,0.6155501906637102,707940.3292085783
534,-0.12144662310002695,1527675.6936267165
535,-0.08373256560768645,1464646.9437448534
536,-1.7379208160335258,9380311.923660232
537,-0.778966209271527,3247118.2353429073
538,1.293178638778029,405137.6988155081
539,1.202320130142051,432233.10521714605
540,0.45701429720038295,825565.0271876944
541,0.11772404200630916,1174183.4728359755
542,-1.1069112780932533,4726757.879695802
543,-1.467286903968855,7047311.475162474
544,0.1286572675980666,1160437.3725352976
545,0.3763371250529385,895287.415670244
546,-1.0175255308750035,4270406.31289822
547,-0.10731111919278469,1503703.7084299885
548,1.272622040097228,410998.86656498606
549,0.38650690519013425,886095.4020103248
550,0.09710127358638457,1200637.195167721
551,-0.7264943304079006,3056142.6156063215
552,1.8669410693526665,289729.70853667526
553,1.636842157492942,326521.8201079741
554,0.017594459777247034,1309343.3727611229
555,-1.6374821353608042,8449522.586801581
556,0.9497336836043149,526253.0319783648
557,0.8280635123528882,583580.994115707
558,-0.9618724785454401,4007365.4484552275
559,-1.9115610810066117,11182178.752688246
560,-0.5287024280781466,2431427.851884879
561,-0.5337354449819264,2445601.710872322
562,0.9335458209279794,533374.8755856642
563,0.6108709026564796,711079.3810956469
564,1.099278943567759,466980.6370585298
565,-0.20322832410748898,1674950.9809238096
566,0.042609950248707666,1273955.3831358715
567,-0.12054828542992364,1526139.623906876
568,0.5415580343782621,759861.1763659623
569,-0.02777559274243538,1376443.7213112228
570,1.277240346456895,409668.8193272665
571,1.2471180010446852,418485.11509281996
572,-0.9920483174177276,4148041.9858010374
573,0.5186930920664965,776931.765402873
574,-0.08421153908475075,1465428.941826135
575,-0.8121894843351096,3374011.731044293
576,-0.8485863817112623,3518543.5769345374
577,-0.3955607761175649,2085695.9269876562
578,1.29807637622992,403763.4930063239
579,-0.23166553943524104,1729757.278530481
580,1.9329297680176043,280936.0554495488
581,0.8803672625908032,557837.6238044582
582,0.3275494824365231,941091.759102478
583,-0.3629958276226376,2009212.554354773
584,-1.0242870407276337,4303442.75579083
585,1.2419418184402702,420034.1385512919
586,-0.27855279698570845,1824418.0890709935
587,-0.9098245649999401,3775250.9328649947
588,-0.8622202076497651,3574205.608433328
589,-0.17315810345390698,1619054.9065552661
590,-0.6148940758850985,2686122.5244978056
591,-1.0854008486201927,4612998.043525498
592,-0.7556856327242258,3160985.05228362
593,0.018348593279332023,1308260.1289585938
594,-1.2141943115676568,5333322.630280461
595,-0.3521315012899184,1984359.4772375524
596,-0.868282101550767,3599225.001689607
597,-0.12993953800026792,1542283.0322675388
598,-0.20461751607944764,1677583.8728184528
599,-0.8304177570489942,3445663.9327428
600,0.7847188496716085,606264.1905642315
601,-1.0877875924176201,4625495.14032252
602,-0.03470020712742228,1387026.021550453
603,1.3079230715987225,401026.2268507613
604,0.9617084757589526,521078.8410588129
605,-2.4881045482800013,19052287.721989892
606,-0.8349600950780875,3463746.817420218
607,-0.27996931436952893,1827363.5278298242
608,0.265032129743005,1004132.7207764582
609,-1.8560854070392658,10579245.171407145
610,2.013499534981006,271098.326424388
611,-0.4652767025643357,2259870.4293618444
612,0.9845883166859747,511410.32395631267
613,0.3252547341263637,943317.5705807484
614,-1.043491534222834,4398577.624596673
615,-1.5101107724179816,7380165.404239023
616,-0.5962750436489015,2628906.658508137
617,2.2224911376631025,249536.45670076343
618,-1.5844732462211506,7989762.462147858
619,-0.6944933401135485,2945143.682755303
620,-0.9089069853542401,3771275.672521533
621,1.0900103764739872,470334.9242266429
622,0.030833767255884548,1290475.2998937473
623,1.6342967884842428,326989.44884667813
624,1.401586365272369,376614.4511880025
625,2.3944477021007895,235307.35909260233
626,1.638812697456766,326160.80164915684
627,-1.129093117557068,4846759.485081932
628,1.6524408540916449,323687.81436842115
629,-0.5964337947547653,2629389.2645356827
630,0.09230539716404781,1206888.9016681043
631,0.7040899854207421,651972.4553109865
632,1.0247181873763058,495120.1896587993
633,0.2707554149722626,998149.4064049608
634,1.631048094140658,327588.4219789319
635,-1.01398495138399,4253201.727315918
636,0.07474014026348753,1230113.4887842708
637,-0.8851549251091944,3669751.845639123
638,-0.3032715798742943,1876557.183307963
639,-1.0673080261660695,4519271.066022082
640,-0.17948699303970772,1630647.0762118436
641,-1.7713597084761612,9708000.815079186
642,0.8257691595956823,584750.2933432384
643,0.4605913419748274,822637.9330292116
644,-0.5251700179906644,2421530.170474772
645,-0.045914191041906624,1404359.810282613
646,0.48732498733065616,801183.0284751006
647,0.11635978532888863,1175912.1563118917
648,-0.9312992857408202,3869432.358458992
649,-0.021718567114270452,1367262.4931294646
650,0.05624651291948264,1255130.3263512861
651,-0.012548425826679845,1353494.8171218429
652,-1.0995170851494076,4687365.376385427
653,0.42602972186947347,851491.0117832939
654,-0.6189113038603238,2698630.9399290886
655,-0.018112421153188413,1361829.4188259486
656,-1.6184578661415314,8282062.776797119
657,0.48280563903490986,804758.3810600686
658,-0.7111382028462832,3002371.736059223
659,0.5760136265455251,735067.6590115767
660,1.4594866096508956,362894.96937854285
661,0.6348593328960422,695185.129989846
662,-1.9406529130063959,11508816.024067417
663,-0.40958539409606565,2119572.292016752
664,0.4548557069096037,827337.9255673559
665,-1.313246719479951,5954584.663535993
666,0.7245679493098915,639910.8599503962
667,-0.47731244571784937,2291438.8247610163
668,-0.5991125094671994,2637546.103049567
669,-1.1615697359276578,5027478.276295288
670,0.14785603996633034,1136756.567381724
671,0.26902874222938367,999949.9154105143
672,-0.1863560265173712,1643331.881837321
673,1.484332377464635,357304.9070665655
674,-0.47918193193210873,2296383.0374298524
675,1.555689574676741,342177.692050341
676,1.3711093835143762,384245.12092031946
677,-0.7665324401630257,3200834.3434664416
678,-0.9728191086073334,4057870.629377367
679,1.8052165530104467,298612.1589052177
680,-0.10396884993797595,1498097.1817547465
681,0.689331922381657,660864.143262145
682,-0.44603607315503474,2210337.291201249
683,0.010403408538074086,1319724.5732339798
684,0.3700134499506192,901063.9157804595
685,0.45256157893669713,829227.5459061558
686,0.14653375823748452,1138369.0691280845
687,1.3483802221998131,390128.7700977367
688,1.2747891402068694,410373.7888001231
689,0.059578066683540466,1250580.2998710815
690,-0.12458815813222879,1533060.9544549868
691,2.1349445793809894,257933.04288301338
692,-0.1495272867365912,1576567.560827692
693,0.18917706122846098,1087709.900076705
694,1.4853477668956656,357080.1117496295
695,0.60791038758269,713075.1995617538
696,-0.4341775419911677,2180371.847456607
697,-0.27694621236987543,1821083.613492445
698,0.2432192578315584,1027342.4185116035
699,0.8948847513736592,550993.1630936872
700,-0.33215211723532606,1939501.7913466636
701,0.17156711573237501,1108297.1409289516
702,0.1257109032852735,1164122.9982899856
703,0.21941959830228722,1053415.2454466887
704,-1.3356587437859675,6103745.442535987
705,-1.4699549275039818,7067668.385797725
706,-0.1253770377934971,1534416.5770898007
707,-1.7276432651519862,9281404.542139374
708,0.013829184156181654,1314767.287625807
709,0.5742492756895807,736310.7146965446
710,0.8681811479095287,563682.098731878
711,-1.152451529855408,4976129.73996313
712,0.2335180195673503,1037874.6371035848
713,-0.030536802375997808,1380652.4095948853
714,0.31484049627254107,953501.6395167591
715,-0.30282135902340107,1875593.3811306672
716,-0.6360964221484904,2752804.081111475
717,0.6673893161352653,674400.6001540784
718,-0.9605984208663283,4001525.879555882
719,0.9102763771711869,543874.3196009261
720,1.1495427396683484,449462.88389048027
721,-1.5046345008050812,7336869.111352598
722,0.014898418787990931,1313224.4258168302
723,-0.80770160599434,3356593.3088380853
724,-0.7216754515001838,3039167.3976301397
725,0.6996845134820496,654609.0851997195
726,0.5775259996154931,734004.3765365819
727,1.3141970622572594,399299.7436723242
728,-0.2977436556136214,1864759.9996440646
729,-0.7945326697572481,3305984.2424322134
730,0.42228013277437526,854699.0549235576
731,0.6791899780679519,667073.2533139738
732,-0.3235610770920949,1920545.7506014297
733,-0.7536574948269782,3153588.1242032363
734,-0.1371662082640985,1554834.7443874464
735,0.3923682942870023,880851.8254379714
736,-0.7892400227653721,3285853.934071366
737,-0.3237732118612614,1921011.4401459722
738,0.09717820489066396,1200537.2202155727
739,-1.351603752602319,6211854.241028737
740,-0.6073123186708262,2662674.0084017823
741,-0.25564976548102236,1777497.8196637954
742,1.3647912631735328,385863.82198684977
743,-0.5125978993100934,2386637.1291263886
744,-2.2728411775412227,15765179.402664075
745,-0.5310779666511045,2438107.289347978
746,1.0891708987925834,470640.68899661634
747,-0.9359088891661618,3889937.330878702
748,0.28642914298147015,981986.1266105942
749,2.020466737023022,270291.0298995777
750,0.8536955388958071,570749.2923387396
751,-0.45646947481144795,2237055.6557507496
752,-1.4525043289890944,6935427.769007673
753,-1.7276077827611198,9281064.537315296
754,1.011611091011936,500349.30216385407
755,-0.3724352930867919,2031073.356385674
756,-0.10281319806597901,1496164.0566994883
757,-0.06422380573490047,1433190.984132315
758,-1.736742104555103,9368925.45575316
759,2.1399822375510236,257426.38744190935
760,-1.8620199553777572,10642504.829430647
761,-3.4177633079498557,37612471.163570225
762,0.5212147134127301,775024.4272377442
763,0.1802819626919695,1098051.1407737778
764,-0.8387141820007845,3478760.81927691
765,-0.137206761300675,1554905.4983660965
766,0.07647012546977475,1227803.1082827018
767,0.10607506208164857,1189040.9961511388
768,1.9406946942140204,279946.2828417131
769,-0.006185635124727795,1344034.9086869366
770,-0.5754609948616966,2566400.9684784925
771,0.4899667523208755,799102.6782233932
772,0.1793090274452447,1099189.3823434021
773,1.1860019331146452,437437.81328427006
774,1.7774890355625685,302823.4426435901
775,-0.9756699530216875,4071121.7634711033
776,0.541019370853156,760257.583056888
777,-0.22205163128560595,1711013.1154944696
778,1.2294662719448588,423809.4673277969
779,0.4409181581724489,838904.3658958601
780,-0.36183257159617604,2006535.8324770979
781,0.4436616387492601,836611.2037006724
782,-1.3631177784017632,6290959.343995706
783,2.0184442579741844,270524.69089787325
784,-0.4870211560607392,2317235.595889624
785,-1.25567020024715,5586058.205339857
786,-1.1473690103586829,4947715.369292725
787,0.2632668150074566,1005987.0973220662
788,0.06682256402853601,1240752.1700358829
789,-0.3224310533436222,1918067.0890225205
790,0.05330307321920084,1259166.274994786
791,1.0897506016632978,470429.50766509766
792,0.9681104216800255,518344.9612141004
793,0.6632438125079678,677001.1787223167
794,-1.0070796445716537,4219833.151293102
795,-2.277104470648196,15826220.421645202
796,0.26029213587261696,1009121.3398318818
797,0.16730141512806704,1113353.9171083139
798,0.6277246202202914,699861.278501332
799,0.9187473344049628,540015.8585673146
800,0.5245797050337457,772488.7905446575
801,0.5345806625237303,765017.2149629433
802,0.640776586128568,691339.3581369476
803,0.884874057516949,555699.1868355008
804,0.6754002280768646,669414.2926984117
805,0.1371493170978526,1149891.4961571477
806,-0.6228397986773676,2710919.702403925
807,-0.5815979916317192,2584672.7202146
808,1.8279591290421602,295262.07591723785
809,0.5893559913086251,725758.2709146021
810,0.8985862842047877,549268.3078144237
811,-0.4356943165140843,2184180.8914854205
812,-2.139856230593768,13943379.979333812
813,0.7789873094743446,609359.2894152238
814,-0.37588074761567947,2039115.0881898224
815,0.6817753042349053,665482.7595796982
816,-0.17651818092720417,1625197.9939158834
817,0.1196166491046943,1171790.2572076218
818,0.9704253569426764,517361.8905757478
819,-0.41039914515095666,2121555.5206779917
820,-0.15574683265502465,1587629.488183467
821,-1.4518781660418003,6930722.377315054
822,0.8468189268494015,574150.4835505707
823,-1.8659309320776596,10684355.686173977
824,-0.9359194290411718,3889984.3333497117
825,-0.35995146719741683,2002215.2749299945
826,-2.896302539857143,26401544.67760186
827,-1.3754295453605125,6376517.020484202
828,1.2090695781073053,430111.60219314694
829,-0.030173341437114008,1380097.5805352756
830,-0.546492560573226,2481907.291768669
831,-1.529581831669561,7535863.176293692
832,0.3329712488522852,935858.808986548
833,1.1687378787670653,443062.61920847686
834,-0.9848636544899546,4114133.059780999
835,-1.3132614954715498,5954681.936296774
836,-2.163507730903985,14255768.35032578
837,1.3012011849415581,402891.15404787316
838,0.7724860937656359,612897.7269731954
839,2.1088596251768457,260604.69479753906
840,0.4829553317105689,804639.6228654071
841,-0.27687745072203107,1820941.0447128557
842,0.23793102192491788,1033067.4398853423
843,0.421642143658706,855246.441057392
844,-1.0713899743678146,4540262.040398735
845,-1.0372846477973392,4367618.231247726
846,-0.986000548983721,4119481.3978911703
847,0.008740144798094339,1322139.138916136
848,-1.2148129444063462,5337015.683400984
849,1.3583168091556725,387535.93819170387
850,1.5213653468099584,349287.068488193
851,-0.7792351981295054,3248126.7143356134
852,0.08338024493515332,1218625.0369962717
853,0.9627758529978168,520621.4732391808
854,0.4412710869014541,838608.9138409328
855,0.09004818151811907,1209844.4974295965
856,0.6613142123539718,678216.4053819209
857,0.8600174462659814,567648.823911627
858,0.5045583843101487,787738.5023200299
859,-0.47661828381950666,2289605.7826195774
860,0.7633986726653482,617893.5759952749
861,0.5012965936632178,790260.3497468659
862,0.17359203172252355,1105906.3029102867
863,-1.4363649959164226,6815018.33598245
864,0.27702820930485267,991641.7481054809
865,-0.2778863953109269,1823034.1719703851
866,-0.3300741422724465,1934898.5703267292
867,-1.5778075248285448,7933450.907883161
868,0.15998524465052164,1122091.0845496042
869,-0.0740005223554876,1448858.9529992975
870,-0.12291798570146906,1530195.2981964913
871,-0.9934831894097444,4154845.371230426
872,0.6191538819053839,705535.684991522
873,-0.7278985948369158,3061106.901417843
874,0.0730456058757294,1232381.4375507415
875,-0.4685136444563159,2268316.067777471
876,0.46701556434333663,817414.6816390598
877,0.4101783575487974,865159.0804477698
878,1.1738231155838248,441392.98857896304
879,0.2543724514660267,1015394.1454812452
880,-0.41553411238720583,2134115.062839007
881,1.1719463728503612,442007.9245928973
882,-1.3055885146362378,5904357.725176046
883,0.19107183552579654,1085522.1861947016
884,1.3400268964426831,392333.6374219154
885,1.64711806757711,324648.76895738795
886,-0.11925129808335207,1523924.9342242095
887,0.7280268593413575,637904.7280354659
888,-1.1488974172023398,4956244.524511594
889,1.0323920737875394,492099.02248869505
890,-1.4260140199881741,6738743.796966255
891,0.28190711286077413,986616.1649770257
892,0.501682968653362,789961.0717589597
893,-1.8128220898568541,10126957.071069002
894,-0.42359701742659245,2153993.148194551
895,0.30280609333257247,965440.5912275587
896,0.32225242252095176,946239.5941122273
897,-0.06178887814979391,1429318.5730688507
898,-1.7496040879930426,9493777.452004742
899,-0.8872552791301431,3678623.1642923667
900,0.28618645168594553,982233.9345161838
901,0.8903562784702241,553114.518532563
902,0.38290959355800724,889333.1422030065
903,0.4663898101232107,817921.5598914693
904,-0.9021864421282121,3742281.348935007
905,0.1293963109402715,1159515.0610698746
906,-1.6930059160460251,8954265.148507675
907,0.3733151870121547,898042.0218592011
908,-0.8863661578199563,3674865.2599031366
909,-0.3390392719197008,1954841.973020123
910,-0.5956065777897124,2626875.4921419504
911,0.8674443381510537,564038.4102463301
912,1.05117561947573,484827.63081800914
913,0.18615554865689168,1091209.5013264045
914,0.8833207834431527,556434.8076130498
915,1.1603088574427325,445853.9366856472
916,-0.14768306805953224,1573303.8807085373
917,-0.854443141766737,3542351.719906047
918,0.5756749259589486,735306.0682077312
919,-1.6557604539852881,8613036.713308763
920,1.601374132695581,333171.86356031924
921,1.0010854614414968,504612.34210177016
922,-1.6182156635722802,8279948.635960962
923,0.24418666527509342,1026299.2873007909
924,-0.011903338957712138,1352532.2766358056
925,0.5551883011503933,749921.4743512168
926,-1.392650410090822,6497888.496659453
927,0.5017879455169553,789879.784574592
928,-0.5577702672225641,2514460.0827158163
929,-1.7378881157697246,9379995.885531843
930,-0.4720623983134139,2277612.81955236
931,1.3317705966065159,394535.7499507788
932,0.4704034877265648,814677.4416325517
933,0.2362320000684984,1034915.0200931316
934,-0.9681436193315502,4036226.114016399
935,-0.9596337727275746,3997109.8103614785
936,1.2390017567029885,420918.50201035355
937,-1.4899259267903844,7221646.6450093025
938,0.0739677048802211,1231146.7054086677
939,-1.007664657350535,4222650.600370831
940,0.3689509360745822,902039.1018766232
941,-1.4765517063405997,7118217.3362099575
942,-0.27852144010538127,1824352.9448698817
943,0.46864312464431196,816098.2214014727
944,0.48823501042920936,800465.600569401
945,-0.23052547144813637,1727522.8731166958
946,0.19262605509389036,1083731.6195031467
947,0.5276913455585008,770153.8137969632
948,0.46034178251801217,822841.7108032684
949,1.0740106686076694,476219.1395559989
950,-0.3787588213751492,2045858.281701006
951,0.5132974408833813,781033.8506454572
952,-0.5366233335529368,2453772.6154530845
953,-0.24900130456701533,1764122.689810467
954,-0.48370756404956416,2308397.6043727095
955,-1.5130704999916533,7403655.507691737
956,0.2888068280085752,979562.3813761934
957,2.3398868624542515,239525.34728674777
958,-0.12716776517925346,1537498.739012006
959,-1.1597924954917183,5017432.253172669
960,0.41131815208309935,864166.9599145877
961,1.4511479504058458,364810.2154048105
962,0.266272211516017,1002832.5773939387
963,0.24047941523563235,1030303.7303559969
964,1.1668421522768166,443687.80120083113
965,-0.7671099055227185,3202969.575486625
966,1.038841756486317,489582.59333194874
967,-0.18767351682737643,1645777.2019598319
968,-0.7869801284257529,3277294.940374375
969,0.158400706511232,1123994.1273507434
970,-0.6272804929365742,2724878.384429354
971,-0.24820488560459814,1762527.8014104422
972,0.6962038142880718,656702.8413205157
973,-0.5169050700006788,2398532.9674145654
974,-0.8542569055335051,3541592.2759734294
975,-0.35533698871226527,1991658.284442733
976,0.15238983359511296,1131248.2267587776
977,-0.4399563667922082,2194921.236765198
978,-0.21111834135810478,1689964.9082323294
979,1.3911992939481652,379182.4590810986
980,0.8871117496938538,554642.0017881994
981,-0.7888175544128516,3284252.2492608847
982,0.35436813460505545,915558.5904196358
983,1.4851482564490799,357124.25860463944
984,-0.4426699205452355,2201788.012694314
985,-0.9525113199375665,3964645.9245934105
986,-0.9294054030563295,3861037.50544253
987,-1.2011103497863498,5255751.906409435
988,0.33662819967495694,932349.7015717012
989,-0.7188259031818421,3029173.212743994
990,0.4339524737103778,844763.1592240623
991,0.5934379241780113,722941.9706294574
992,0.2912470889496942,977082.5084503986
993,1.5190095686287208,349786.19459496014
994,-0.5916823378036552,2614983.4222229556
995,-1.0750512090238429,4559166.122839417
996,0.3876043646334593,885110.6134381606
997,-2.913243119641244,26736273.80920701
998,-0.7713768986378946,3218790.3906559856
999,-0.6365465173917064,2754237.4953560107
1000,-2.0301925789851927,12560006.59752436
1001,-1.1980915875349514,5237999.533094731
1002,-0.28213763230052347,1831882.134220001
1003,0.5343789500421442,765166.9632709253
1004,1.3879624833239559,379989.5490058475
1005,-0.2675633623174346,1801740.0588856724
1006,-0.08942035720941849,1473963.453582304
1007,0.48818447066158993,800505.422194037
1008,-0.8691202749403162,3602697.612586875
1009,-2.038736049041292,12663961.171803059
1010,-0.6917926860699453,2935960.7459680922
1011,0.4886990017050238,800100.1304937787
1012,-0.35118498382325003,1982209.705609251
1013,0.10217774803711112,1194061.0095795714
1014,-1.1535819020394846,4982469.356039154
1015,-0.09790292252180703,1487981.3941108051
1016,2.2334390808516806,248544.9701754544
1017,0.7517014241401111,624410.6924567517
1018,1.2643191371303641,413409.6302604173
1019,0.5718072221249163,738035.903544129
1020,-1.0112310209536735,4239864.440778913
1021,0.7364063274243781,633081.559737385
1022,0.11509139637441865,1177522.0519373622
1023,-1.1981900786991033,5238577.8737906795
1024,-0.809125434247392,3362110.0251333155
1025,-0.35380085149985074,1988157.0002558
1026,0.8540528704956802,570573.3740220639
1027,-0.5612849613998548,2524693.710853535
1028,1.4569847354836485,363467.51702495397
1029,-0.39999510668971766,2096345.196404163
1030,-1.8395297982531928,10404327.662580865
1031,-0.7110739086243375,3002148.5787409353
1032,0.16465738746718198,1116502.0985823567
1033,-1.2170741396275035,5350533.906537557
1034,-1.6575066726714234,8628793.22563107
1035,0.7356922014007384,633490.5831938068
1036,0.18082884730953552,1097411.957130703
1037,0.37604707747796307,895551.3411884838
1038,0.992399930760342,508173.5276772346
1039,-0.84771099708665,3514998.3353436077
1040,-0.04721072347145838,1406379.6806928515
1041,-1.6274410282564373,8360791.279579953
1042,0.42059289155036317,856147.6618902632
1043,1.5145831604496076,350727.98877757665
1044,-0.47695078043102057,2290483.602335746
1045,-0.6373456475054472,2756784.3207240477
1046,0.9236388387777802,537806.8044412512
1047,-0.9052616463951735,3755522.1927082455
1048,0.1003511952399791,1196422.293781003
1049,-0.4405114189180069,2196324.006955301
1050,-0.01680522455786232,1359866.0538744782
1051,-1.2341798487227724,5453797.796341268
1052,-1.867914217576353,10705627.683421718
1053,0.16310922901003783,1118350.3801067264
1054,-1.5157593245192345,7425050.43376397
1055,0.3607009281453133,909656.4648765562
1056,0.7169769560186704,644344.9679530778
1057,-1.8920100276334875,10966719.038401816
1058,0.15812379007708252,1124327.1003471357
1059,0.2648706161257365,1004302.2089318101
1060,-0.17763157450934297,1627239.2142156817
1061,0.8759929226974239,559925.0624991164
1062,-0.3309633316553731,1936866.916954543
1063,-1.2494482028208391,5547473.876326754
1064,-1.1588172910151593,5011927.567303812
1065,0.2819177465980802,986605.2457856217
1066,0.55136133260837,752694.6595789882
1067,1.750604031483582,307044.47736457584
1068,-0.6233225559470035,2712433.6944991387
1069,0.62226911071998,703465.9482875674
1070,0.4446741877911576,835766.8970469317
1071,-0.00011768610366166282,1335083.6786175002
1072,-1.1407177265802912,4910753.864573034
1073,-0.7394570565442742,3102270.457840532
1074,0.08946306947372805,1210612.023835008
1075,-0.37339115456355026,2033300.9898350623
1076,-1.6992457156794467,9012496.036300778
1077,0.17971868443438643,1098709.950683083
1078,0.724188691416915,640131.3689934945
1079,0.6828374967586512,664830.8302270047
1080,-1.0613953012989443,4489024.596705314
1081,1.506106872237534,352545.97741356294
1082,-1.3224039721924354,6015137.566794501
1083,-0.03025658122628557,1380224.62506294
1084,-0.20773326197876477,1683505.5082578524
1085,0.9839681766185597,511668.67026824184
1086,0.7563061124516898,621833.4906884313
1087,-0.04475120303435585,1402550.7829506723
1088,0.6730177802077546,670891.8555678976
1089,2.09870634053618,261666.8440806033
1090,-0.5493993569624408,2490256.3970294693
1091,-0.21421126920867142,1695890.4758069522
1092,0.6259097220546646,701057.6445188746
1093,0.10371881564218077,1192073.0388981071
1094,-0.1261071807198891,1535672.453436786
1095,0.6452489071769905,688452.0567856276
1096,0.014418621987830543,1313916.4956702439
1097,0.27919552735253766,989405.3973208519
1098,1.1932632070822324,435108.5334205019
1099,-0.17606894641924636,1624375.1950128544
1100,0.4256198854802244,851840.9042569239
1101,1.2521030877303254,417002.8213659979
1102,-0.06521104830681497,1434764.424366881
1103,-0.4030077268921793,2103612.696042765
1104,-0.6998832306510966,2963555.9003285905
1105,-0.325895379297289,1925676.7632436305
1106,2.384083724836051,236088.80673752783
1107,2.3099037901300985,241956.28143850865
1108,1.7092492901172263,313813.339931803
1109,0.8134789656097313,591072.8796065603
1110,-0.8316332855550674,3450493.9529992547
1111,0.16423165673760448,1117009.9975470852
1112,0.6194601270159756,705331.8498016115
1113,0.7123921609133407,647044.1192737201
1114,-0.30860115918834463,1888006.7321855074
1115,-0.4983379149314903,2347683.451278347
1116,1.5582704494281463,341655.25204871135
1117,0.03551641356730024,1283876.9276516598
1118,-0.024713251333923516,1371793.0923450438
1119,-0.12526854696703463,1534230.065799354
1120,0.42534762404959114,852073.4458053205
1121,0.46734030730387466,817151.791579077
1122,1.9398917260633288,280048.2096132164
1123,-0.38760244788341497,2066725.867276296
1124,-1.0101295850068441,4234541.131233723
1125,-0.09628255348301164,1485292.1458820682
1126,1.3758283217588578,383044.4684130253
1127,-0.7676129597732614,3204830.8004169306
1128,-0.2654717024270067,1797458.1756178874
1129,1.4896926783505964,356121.40062555356
1130,1.080714148364625,473739.2024218495
1131,-0.42703754679110234,2162534.131750156
1132,-0.11573150083669764,1517932.6677764105
1133,-0.7837085296520825,3264942.740788918
1134,-0.3709604573763417,2027641.3050572164
1135,1.4334932215787215,368931.55177388305
1136,-0.7373036219302217,3094560.306361006
1137,-0.9710219809458983,4049538.1869658944
1138,-0.5196252756754444,2406077.1260448038
1139,1.8082608039566157,298158.3623432719
1140,1.5791588513553017,337487.6924589403
1141,0.2189583838791917,1053928.380611475
1142,0.8745866355641935,560598.6347998908
1143,-0.7301813508141114,3069193.739506398
1144,0.5846934297512384,728993.3289322472
1145,-0.1890120326204333,1648265.6338256109
1146,2.1610869190950357,255335.8314569419
1147,0.18267522995912794,1095257.2438935365
1148,1.556843263469072,341943.9474236511
1149,-1.3323117412850594,6081263.212279295
1150,0.5794061136684451,732685.4345111169
1151,0.6877096353153829,661851.9055393329
1152,0.4859373202688669,802278.6309419121
1153,-0.4849051300418951,2311587.724747574
1154,0.14053666415737492,1145716.5683564488
1155,0.5190705242859844,776645.884090396
1156,-0.04514294760436512,1403159.8465805755
1157,-0.2331520365942147,1732675.363387285
1158,0.016444006519837205,1310997.879795075
1159,-0.14300285480769676,1565054.9057632533
1160,0.6751241595664735,669585.2748138538
1161,-0.10738504476773042,1503827.9802776636
1162,-1.2918527678988614,5815207.92261129
1163,-1.5462169312912861,7671071.386228987
1164,0.1946973829932738,1081350.8179720333
1165,-0.15071769365941654,1578678.1785337254
1166,-1.146771337808006,4944383.7406978225
1167,1.5751334977514095,338282.4619375773
1168,-0.24317732844554554,1752495.7152173552
1169,-1.0051036518439775,4210329.666874421
1170,-1.6727918491499552,8767726.567711305
1171,-0.5147701184403597,2392628.9292409956
1172,-0.509950209411825,2379354.6189665743
1173,0.07446421149889088,1230482.4575915418
1174,1.6951527433051405,316199.88805595704
1175,-0.894753682723409,3710461.8574124114
1176,0.11554881815893016,1176941.172951845
1177,-0.262234592526154,1790853.042797238
1178,1.3459217754175274,390775.2788249453
1179,0.23050036289333437,1041177.4856453014
1180,1.2033392023739429,431911.62506302184
1181,-1.000219132101615,4186923.5427827225
1182,1.8951251407884648,285888.541043445
1183,-0.6508731620651206,2800255.9633700512
1184,1.792391526316623,300542.4362234285
1185,-2.7330708563381694,23293740.402200274
1186,0.982284038590034,512371.30514945573
1187,1.1167043904434726,460780.45312570094
1188,0.5425272960870353,759148.580899912
1189,0.7061998281653318,650715.0180909039
1190,-1.3653402650357918,6306329.482937783
1191,0.6244565346787524,702017.5905833135
1192,-1.1102383596265144,4744581.802095348
1193,-0.5379759993542805,2457609.391898563
1194,0.27718008432793667,991484.8334145426
1195,0.21385633424315942,1059624.9909039815
1196,0.4038177238988171,870722.3726902831
1197,0.08039789170651632,1222576.367119419
1198,0.20350204615516898,1071300.5585653412
1199,0.48477723372791276,803196.0542611053
1200,0.47386745746202236,811891.0651211338
1201,-0.032135409287848346,1383095.7194598643
1202,-0.07185776005881768,1445408.5723861742
1203,-1.079038511689219,4579836.426902924
1204,0.3384643445231693,930593.9843093707
1205,2.051878157132899,266732.81912746094
1206,0.43947350207117203,840115.1489523449
1207,0.10888281256731086,1185439.7713469586
1208,-2.17958021498781,14470914.059100967
1209,-0.5042273517899961,2363691.6787513862
1210,0.7887163074119251,604118.9698009415
1211,0.14835218301167108,1136152.2281767
1212,0.5007098670767434,790715.1004841656
1213,0.43261171034087925,845896.8997684078
1214,0.3206368025961485,947816.6690432696
1215,-0.19224883031291817,1654300.2225881924
1216,0.6085275724584727,712658.499292733
1217,-1.0662938920287202,4514069.920826668
1218,-1.2063979905078954,5286977.532287399
1219,-0.18332389506527652,1637719.2434257164
1220,1.3235541866308966,396750.0276188972
1221,0.009996120294180759,1320315.3670099836
1222,-0.7555926839522673,3160645.682531217
1223,-0.045897338445827045,1404333.5772197514
1224,-1.8655973208950605,10680780.742972359
1225,-0.21849717585327091,1704139.0854283406
1226,-0.7803823525685828,3252430.9966307287
1227,-2.160903179908403,14221122.062291406
1228,-1.5901957011898291,8038371.007083429
1229,0.2675950544882522,1001447.9360850917
1230,-0.29397354410501486,1856759.7639149711
1231,2.110601976258258,260423.69096766264
1232,0.7154751086220696,645227.3800148965
1233,-0.23693006257303098,1740115.9465242575
1234,-1.2067270524557892,5288926.285631434
1235,-0.31227590695533136,1895944.6923326743
1236,1.828018327110756,295253.47550079547
1237,0.057421311908481064,1253523.6707178345
1238,-0.5917682878542687,2615243.302891088
1239,-0.003464118562522407,1340011.7605833088
1240,-0.7736650231320761,3227305.5366190537
1241,0.5629735972162063,744321.9012845632
1242,-0.2527726706646323,1771696.3710349917
1243,1.4860040916399893,356934.96020322235
1244,-0.4459338491640761,2210077.1574067296
1245,-0.8917887977881088,3697841.430291107
1246,-1.55414964894704,7736262.975744009
1247,2.4459940784490617,231552.29368089023
1248,-0.8942465756987666,3708300.3771285336
1249,-0.12819607413343467,1539271.7526053013
1250,-1.4527433897893842,6937224.94840782
1251,-0.551590196494252,2496567.9892654037
1252,-1.8446256249753679,10457923.497495092
1253,-1.398899485762011,6542425.152083565
1254,1.9081795019457675,284152.9716602763
1255,-0.18459412376167714,1640067.9403686845
1256,-0.6601519452919352,2830469.5331442617
1257,1.0589570313575989,481865.9706111725
1258,-1.2095932133393892,5305927.476121732
1259,1.1036358370611725,465417.49550593965
1260,0.6349015166305259,695157.6099297788
1261,0.9765812859326286,514761.79892874893
1262,0.14537469175967463,1139784.764783302
1263,-1.5437496325102171,7650889.381444573
1264,-0.623465845424091,2712883.2331295605
1265,-0.5788776974308966,2576557.3493848382
1266,0.9699666424227567,517556.4592073937
1267,-0.175072961279496,1622552.6238419753
1268,0.21074934066612225,1063112.2723413184
1269,0.0648617772341501,1243403.3527366074
1270,0.5622076939914745,744870.2918334368
1271,-0.7361416581273789,3090407.84224548
1272,-0.7352696063284537,3087295.024787823
1273,-1.3200436874040102,5999478.373044639
1274,-1.8479581950053379,10493091.314948162
1275,-0.012608620136546485,1353584.6735090995
1276,-1.0570037705674902,4466681.131903961
1277,1.1251219033611843,457834.2475356391
1278,-0.7186938967135192,3028711.014634285
1279,0.04125077401362735,1275849.547684091
1280,0.6925099199288403,658935.1204551433
1281,1.215693332886212,428047.1514278309
1282,1.3308248796304578,394789.4522961211
1283,1.6745496903984138,319762.91765890777
1284,0.7026206305492131,652850.1888521927
1285,0.6642185853095417,676388.4310779645
1286,0.3588316118184741,911393.6701448917
1287,0.06785712118519537,1239355.993179365
1288,1.7806568659073072,302335.10774443083
1289,0.19028220480076488,1086433.2547035492
1290,-1.9458816506243746,11568292.3753589
1291,0.2294699329167608,1042308.2182852321
1292,0.152873879941205,1130662.0088534728
1293,0.41304173321135473,862669.4463062877
1294,0.22650656808691072,1045568.3449294799
1295,1.3785893196186743,382345.26649586216
1296,0.6637764536348176,676666.2622732591
1297,-0.20909555371229857,1686101.7834214303
1298,0.748792318897657,626046.7736683679
1299,-1.009352207970207,4230787.77881626
1300,-1.0036431395356,4203318.24100632
1301,1.372396892916552,383916.831386611
1302,-0.3680455408358026,2020876.0727996444
1303,-1.0936089662179485,4656106.95812876
1304,-0.4834882786707629,2307813.95619074
1305,1.122498371045942,458749.1289261502
1306,2.034430245301398,268692.96342084237
1307,-0.1610429877438577,1597116.6992593212
1308,0.3615532878249612,908865.7266255938
1309,-1.4676902626745327,7050385.865628167
1310,0.4236635990890809,853513.5999774233
1311,0.15235394131095745,1131291.7094967556
1312,1.3061251346110678,401523.5033450478
1313,0.10557198024110939,1189687.6062528004
1314,-0.2474592872151927,1761036.0997284332
1315,-0.6573470093687689,2821301.9425705206
1316,0.6340503928861656,695713.1599607867
1317,2.1321735282858447,258213.00903950963
1318,-0.7292956732292956,3066053.664289691
1319,-0.40896451974403736,2118060.4375381614
1320,-2.1129607168561697,13594219.698768355
1321,0.10429083000802852,1191336.1313647171
1322,0.27429506130331105,994470.8093002975
1323,2.009275107175375,271591.0693171015
1324,0.649248309028646,685884.1079302243
1325,-0.5618447712861971,2526327.597556037
1326,1.9885476566823164,274044.84495263867
1327,-0.4227866841876824,2151986.656267602
1328,0.44490574571063235,835573.9685245508
1329,-2.006918074431075,12280054.74135258
1330,0.24850388547149183,1021659.8265608272
1331,0.2587209358521128,1010781.6386403829
1332,-0.9532436201581912,3967972.2069004774
1333,-1.538524404515796,7608295.57672735
1334,0.7219862216413988,641414.0625381396
1335,1.291909606883584,405495.1485581813
1336,-1.7842775142787013,9837019.171779307
1337,-1.669844335859124,8740793.747323487
1338,-1.946212791449053,11572066.98372634
1339,0.43903659166545667,840481.7717138791
1340,-1.1763187245254036,5111555.253564583
1341,-0.04401465471406859,1401406.4472681708
1342,0.6391702259792482,692380.4773302859
1343,-0.5540101685498378,2503558.628944378
1344,-0.23831897374514535,1742860.0316770342
1345,0.09450696215368574,1204014.3115333836
1346,0.5118998487802839,782101.0329374957
1347,0.0711486245961872,1234926.1192191616
1348,-0.6454862382536379,2782863.116768259
1349,0.48086767183268064,806297.9271827475
1350,0.39566202847568344,877922.5393254557
1351,1.7083823708595098,313958.92517595174
1352,0.5061685648369871,786497.4906616969
1353,-1.1069916773176824,4727187.871121931
1354,-1.05519695331086,4457518.250257312
1355,-0.5787229497091972,2576096.4718713574
1356,-2.3227302509927963,16489767.993183618
1357,-1.6982973172944438,9003625.614754094
1358,0.10124251667862356,1195269.350517631
1359,-1.1359349540422456,4884331.53851642
1360,1.9635769107517218,277082.3535095817
1361,-0.0009166326797913708,1336258.350534374
1362,1.5152771640511704,350579.9852654268
1363,-1.618027209093343,8278303.96130058
1364,-0.6847270468800225,2912069.8334059087
1365,0.28458024396515086,983875.9479949198
1366,0.6825141559353499,665029.1889767906
1367,-0.3839275544405986,2058027.4381606178
1368,-0.529841001146317,2434626.9042655723
1369,-0.31985100980728776,1912420.6406189809
1370,-1.5309259039058734,7546712.507886493
1371,-0.5093436962059676,2377689.6091845096
1372,-1.015005940583793,4258156.325727058
1373,-0.7048963364164548,2980783.2721214304
1374,-1.2584894680114918,5603619.942907363
1375,-2.107711688791602,13526828.352712637
1376,-0.027297727795034313,1375716.831788903
1377,1.0836178350880288,472671.5428492287
1378,-1.2935772371499676,5826334.55724602
1379,-1.2577983995878006,5599310.602366492
1380,-0.919568024364501,3817709.5285073975
1381,-0.015754103183984756,1358289.6453043253
1382,0.5486087928238953,754697.7303151137
1383,-0.5923850939738218,2617109.0588047216
1384,-1.5190458000058082,7451271.909800409
1385,0.6522818843196456,683945.0965865501
1386,-0.4047372406401911,2107796.8258659807
1387,0.7005804036926091,654071.692960465
1388,0.6804355604689436,666306.3099871929
1389,-0.4842088568965515,2309732.4135415605
1390,-0.30470161524467204,1879622.0226857215
1391,-0.9296564525633243,3862149.317326564
1392,-0.8128501173943146,3376583.1797648505
1393,0.13518855915095768,1152316.3718276906
1394,0.49622656127439285,794201.3066048915
1395,1.0328288124794394,491927.9688394032
1396,-0.14876532375020327,1575218.2218152033
1397,0.39795672920253217,875889.0563960839
1398,-0.008137266726723122,1346928.4546715773
1399,-0.18564085641287553,1642006.1638635686
1400,1.5769605316718065,337921.24061611935
1401,-0.4190050914185623,2142648.7201991808
1402,0.5029306071129079,788995.6923251575
1403,1.011073523464709,500565.63959778764
1404,-1.6943559568023732,8966837.92543564
1405,1.8018961163467828,299109.03782554605
1406,-0.3197095112618216,1912111.482941394
1407,-2.792294024268011,24396224.386596844
1408,0.2982406453892793,970018.2051866577
1409,0.37370263750981264,897688.2491717548
1410,0.4478051980769457,833163.0700325781
1411,-1.3065656421020495,5910745.40609694
1412,1.4848539642236667,357189.3983942695
1413,1.4661468746350277,361379.4593124252
1414,-0.6887832401203137,2925761.279262061
1415,0.033817255497032295,1286266.7223453624
1416,-0.9961770092258333,4167646.2611586563
1417,1.2590955318637687,414939.30764627864
1418,0.766373391489053,616251.7828810337
1419,-0.3899787106666041,2072371.0365534732
1420,0.7592173598582361,620211.946419029
1421,-1.1999309929060604,5248810.040744199
1422,1.2420831789852005,419991.70035420556
1423,-0.1589316592916866,1593327.1133764293
1424,-0.8493887927831268,3521796.305558646
1425,-0.7794631647212594,3248981.6339674066
1426,-0.43932076397882314,2193316.038116149
1427,0.7247446320245954,639808.1693782443
1428,0.3787858954775753,893063.0976691474
1429,-0.5959531398864557,2627928.340208024
1430,-0.3812793676487533,2051783.1072786662
1431,2.0631614327229073,265486.5338972459
1432,-1.4377608085537572,6825360.491248752
1433,1.602641388958766,332929.21951105463
1434,-0.5122844921387917,2385773.9056700957
1435,1.4692501358562384,360677.61187332094
1436,-0.5673813977805008,2542545.024910259
1437,-0.5558847760107094,2508987.553567229
1438,0.5014283384348639,790158.286285362
1439,-0.026266175958210344,1374149.206178848
1440,0.4354767459181807,843476.6159330445
1441,1.0007391535285766,504753.5780841797
1442,-0.4053228178831279,2109215.4612302915
1443,-0.21662970453555994,1700539.6066647167
1444,0.30459665185624085,963652.5569654179
1445,-0.8026079702284766,3336929.519690473
1446,1.0722942134566031,476857.5499854209
1447,0.4155858904584118,860465.0362904735
1448,-0.2309894871641578,1728431.9131949134
1449,-0.3318423385304943,1938814.8175802412
1450,-0.306430385691743,1883334.2605216852
1451,1.343539212214365,391403.7395466359
1452,-1.0633319325161747,4498910.724855882
1453,-0.48185728303673175,2303477.6880358397
1454,-0.16460009331980605,1603523.7901373638
1455,0.9353671123044346,532566.2126609633
1456,1.6969667161107247,315890.4698169151
1457,1.2927502912507012,405258.288093923
1458,1.8060244916450066,298491.55893450027
1459,-2.9740884468645596,27956645.598616336
1460,-0.5764309149113869,2569279.990641157
1461,0.28582731108615583,982600.7881025183
1462,-0.604885395264683,2655211.7772750496
1463,-0.22323197644504114,1713302.4808769291
1464,-0.361283551137641,2005273.8134795118
1465,0.20380611579103916,1070955.484520443
1466,0.48867090940709457,800122.2516336102
1467,-1.5715589594619008,7880964.911158305
1468,-0.524408181795031,2419400.9452434345
1469,-0.58462178116953,2593723.8787809117
1470,0.3146709830651487,953668.5331067046
1471,0.44728471511486706,833595.1907226134
1472,-0.7358890729838348,3089505.9139141287
1473,-0.2894179918346592,1847141.8850435135
1474,-0.661267520127227,2834123.90824129
1475,0.3603824635112445,909952.1280958945
1476,-1.1025988228210601,4703746.524319835
1477,1.2086507798069106,430242.71317524277
1478,1.099620444071347,466857.8022817276
1479,-0.8870983027458514,3677959.4307878884
1480,-1.0060892111191042,4215067.183460109
1481,0.17925106086613352,1099257.2422717884
1482,-0.3910401067201352,2074897.7786374812
1483,-0.8444996498248535,3502022.06203525
1484,-0.7185553692693528,3028226.0592583236
1485,-1.1467431842416165,4944226.85360893
1486,-0.7365528725711418,3091876.756302899
1487,-1.374069600400274,6367016.835856324
1488,-0.7256973197973712,3053328.5921702357
1489,-1.917208388308891,11245019.62843484
1490,0.4191614965360322,857379.0731405001
1491,1.0567518448086128,482702.29978083086
1492,-0.663418530704689,2841183.4284529695
1493,-0.8004353152933568,3328576.140786602
1494,1.755141465237808,306322.36510180787
1495,1.700440589595313,315299.82791943685
1496,-0.5266803508864215,2425757.011450331
1497,1.3334209331213565,394093.7448114258
1498,-0.06715330095614942,1437865.619686011
1499,0.5967014829476386,720700.9226259418
1500,-0.09201608529810634,1478237.2799578854
1501,-2.7063230740679556,22805422.467132133
1502,1.251033254984264,417320.14553523785
1503,0.7064785039257677,650549.1861933316
1504,0.35217182115587675,917616.7675653258
1505,-1.7394474559866924,9395075.992367152
1506,-0.16560547200963655,1605339.8201860355
1507,0.37776053860353676,893993.6201855366
1508,0.09008127290410177,1209801.1064892043
1509,0.48077314429631474,806373.1192851823
1510,-0.9692524393311003,4041349.3856275366
1511,0.24109752005447144,1029634.7563552593
1512,0.29397808565871636,974316.353368082
1513,-0.021801945114606716,1367388.4033444417
1514,-1.4192117858888278,6689021.038388295
1515,-0.23081213456360192,1728084.4053719677
1516,1.6857689351505725,317811.5478744487
1517,1.7321186557421488,310027.9540774578
1518,-0.7956297608541639,3310171.959622716
1519,-0.07806229527807536,1455424.8718002783
1520,1.08498663258298,472169.6154021004
1521,0.245075531141422,1025341.9817857465
1522,-0.29744721624351717,1864129.6143821452
1523,0.4267999612128339,850833.9284336398
1524,-0.5071937616157111,2371797.205959573
1525,-0.35249749257155055,1985191.394712429
1526,1.6055598093990606,332371.86411357106
1527,-0.22377382132765314,1714354.5448956927
1528,1.4103572705738094,374471.8542200734
1529,1.0444255871674342,487420.6434800646
1530,0.5629692316703773,744325.0255055522
1531,-2.0567144264321473,12884814.124004355
1532,-0.3297641163247352,1934212.784607181
1533,-0.37741477121349687,2042706.3137493082
1534,0.9947011868929486,507226.13048183994
1535,0.2611398749786627,1008226.9122822724
1536,-0.41929665177804265,2143367.165219759
1537,0.7729568107906993,612640.5343476309
1538,-1.065309655148914,4509027.401212867
1539,-2.32523901497419,16526799.404213496
1540,-0.6864847283532318,2917994.96027962
1541,-0.13923612143031375,1558450.7414624575
1542,2.075586911789306,264133.10673801927
1543,-0.5767927390334913,2570354.8345734915
1544,0.6851735664285605,663400.1791759626
1545,-0.5109656523704538,2382144.909545145
1546,-1.1173392087348613,4782828.91715037
1547,1.0508946579074678,484935.11721150513
1548,-0.4347653352570121,2181847.138259973
1549,0.17226742374249038,1107469.58279512
1550,0.43146322296816975,846869.6078649376
1551,2.775242464699094,211954.0939081172
1552,0.3277585143664022,940889.3319388784
1553,1.1475104510421752,450149.68426207715
1554,-0.7908708288622701,3292043.8708191984
1555,-0.3169213520251814,1906030.5459796432
1556,0.2537408961002655,1016066.1818525572
1557,-1.291532097378545,5813140.965779683
1558,-0.9456084649114476,3933420.709003335
1559,0.14888953077796155,1135498.1286678594
1560,0.14220731630796193,1143664.090338181
1561,-0.20457439101521882,1677502.071246226
1562,1.226171160247112,424816.607070724
1563,-0.683887284099948,2909243.2197571504
1564,0.27136717479312156,997512.4401105187
1565,1.6821767645810848,318433.4186981001
1566,0.09918270077117529,1197935.7422518719
1567,-0.8653506920995084,3587105.208717882
1568,-1.2594722531508586,5609753.4520448325
1569,-0.8104356118823316,3367194.164157404
1570,0.6455293813539814,688271.5377116002
1571,-0.553580701929159,2502316.563896449
1572,-0.6947375466231107,2945975.4516230584
1573,0.7806399146897457,608464.5232492328
1574,-0.25620950538335185,1778628.8784236598
1575,0.8877820885590849,554325.8938165408
1576,0.5818927366346427,730945.9083554863
1577,-0.2785989446548137,1824513.9658202275
1578,0.9224621770983312,538336.9337620286
1579,-0.5896983900619422,2608991.9590123007
1580,0.8733545154199589,561189.7851185031
1581,0.04214281793721297,1274606.0175570769
1582,0.5050955552892025,787324.2036314443
1583,0.3519095247875123,917862.9547970706
1584,0.37559114818451184,895966.4076082439
1585,0.13358574806671616,1154303.0679745385
1586,0.6724198758810185,671263.3795884729
1587,-0.5035031895826927,2361717.277927023
1588,-0.22895265478268104,1724445.4758228054
1589,-0.464846702795334,2258750.951990494
1590,-1.0193062651541163,4279083.883904389
1591,-0.668600836516512,2858263.5873925337
1592,-0.2888574010150609,1845962.040370559
1593,0.23285476867225716,1038599.4790651265
1594,0.8935557297867707,551614.4650165531
1595,-1.2418486778876527,5500670.105616412
1596,-1.7068100167022402,9083499.963592943
1597,0.8380788863198745,578516.8725692135
1598,-0.32088822933161415,1914688.471523051
1599,-2.8357471331154676,25223466.824290678
1600,-1.1172468387728764,4782329.579206754
1601,-0.9318973438926159,3872086.913984681
1602,-0.93378507457324,3880477.1713911765
1603,0.10523923531242248,1190115.5095087658
1604,-0.730870351065562,3071638.7054926585
1605,1.2660851134640136,412894.75926163665
1606,1.3363162116981546,393320.521687679
1607,0.42248168158444327,854526.2220018265
1608,-1.7547888281920698,9544482.92982194
1609,0.4315669022172554,846781.7380475132
1610,-2.1810700200589124,14490973.950618414
1611,-0.9478615702825202,3943587.0371215353
1612,0.8424382669366705,576332.8715313742
1613,0.5139000972916239,780574.2623062693
1614,1.1076629551577084,463980.3524887904
1615,0.27324168777701535,995563.7927639019
1616,-0.6994398066287612,2962036.840834522
1617,1.1126649812465528,462205.51546056336
1618,1.1447516969709866,451084.82906740886
1619,1.3933454870963098,378649.1125864964
1620,0.59602493890163,721164.7243663707
1621,-1.3376150396436817,6116919.892699727
1622,-0.46074163402341833,2248092.544694028
1623,0.10433746722388161,1191276.0737308715
1624,0.9797238628239725,513442.3307528428
1625,-0.2461845239504515,1758488.8757620372
1626,-1.5184339191770702,7446384.030002385
1627,-0.22564873997488843,1718000.3775721868
1628,0.24219024170862294,1028453.3972589374
1629,-0.23452724656016333,1735379.746408881
1630,0.20358210669722482,1071209.688713318
1631,0.4450458538495675,835457.2616592984
1632,0.2721978217799207,996648.3654970326
1633,-0.4725120922262294,2278793.7039599465
1634,0.05344449867689734,1258972.0132387856
1635,-0.6868698958651034,2919294.953854226
1636,-0.35728745044640225,1996113.339409344
1637,0.6804366053657555,666305.667128026
1638,0.7867397718352888,605178.2931352368
1639,-0.35877417363188696,1999516.251477304
1640,-0.8776051975905826,3638032.5789597416
1641,-0.10579562721553287,1501158.6310476959
1642,-1.2332924493693695,5448397.109920662
1643,1.6457783967792294,324891.61945827445
1644,0.08664802411048411,1214312.6549455496
1645,-0.7441166691687923,3119018.389310318
1646,-0.038972733501245686,1393601.4299183001
1647,0.37488055443398427,896613.7986421827
1648,-1.0041004787495036,4205512.596542528
1649,-0.3601595693177833,2002692.763535512
1650,0.21464492955892722,1058742.0718205238
1651,0.32933851561377553,939361.0073201354
1652,-0.2106829320830441,1689132.5473507924
1653,-1.1401821669821248,4907788.709151039
1654,-1.251620234097714,5560916.13397748
1655,-1.1163426461918202,4777444.172371703
1656,1.3310212592641424,394736.7457880363
1657,0.22480130614366897,1047449.9783008841
1658,0.20358475304329704,1071206.68523141
1659,-0.7120077801529849,3005391.541854504
1660,0.11224392085618187,1181145.6513013747
1661,1.1925041359627406,435351.0275697473
1662,0.45341135777038905,828526.9526273758
1663,0.7398719234107555,631101.9274886552
1664,0.8974290227328762,549806.6943129821
1665,-1.4654129158176048,7033043.01294874
1666,-0.47048368625887643,2273472.1727087474
1667,0.9240953474814851,537601.3454679734
1668,-0.3570889922437717,1995659.5588041167
1669,0.015156392347115534,1312852.49192851
1670,-1.713259462602816,9144397.18282939
1671,-0.9302322999345364,3864700.6944026775
1672,0.027504311967611685,1295190.661224895
1673,1.9229658880790887,282219.65940288623
1674,-0.20689720919450375,1681914.3087586067
1675,0.19561373862605655,1080299.5559010487
1676,0.04769565116603353,1266896.6806844187
1677,0.8538947675856532,570651.1998935521
1678,-0.7904472590739383,3290435.0661892053
1679,-0.05502928206877301,1418630.1198224472
1680,-0.8016309829619134,3333170.702535755
1681,-0.7360676458183534,3090143.5330674187
1682,1.5525573916414557,342813.97825612506
1683,-1.2847167218936026,5769364.533384229
1684,1.0418483969368004,488416.5682755911
1685,-1.5563580380329975,7754494.244322907
1686,-1.5335610813590688,7568021.872789594
1687,-1.1972958603418646,5233329.129841561
1688,-2.6808647486033066,22346276.18382312
1689,-0.48201201834708546,2303888.7157718064
1690,1.5399590546177384,345398.34053312644
1691,0.2452152403313494,1025191.6143439926
1692,-0.7584264664887675,3171008.303925084
1693,-0.039327123918931055,1394148.4221401967
1694,-1.7429841514729512,9429351.159249548
1695,0.15075773216973665,1133227.4921093895
1696,-0.6534013655908295,2808456.233744767
1697,-0.9995028071909636,4183501.24301508
1698,-0.4474291424374663,2213885.46896565
1699,0.8517645880839553,571701.3176135346
1700,0.034264527597171204,1285637.1555027438
1701,-0.07431378803741243,1449364.1646718506
1702,-2.3083150746383536,16278090.881961431
1703,0.34822187898327733,921332.9048607377
1704,0.7920055850432306,602362.0355011962
1705,-0.08238131313772891,1462443.3391499324
1706,0.5548264448566739,750183.1065599453
1707,1.0982941569228806,467335.15527814574
1708,-0.04717065508468462,1406317.208852973
1709,-0.8446629054569819,3502680.6233363794
1710,1.0675418913982928,478632.4059030824
1711,1.7983315530235366,299644.67881378456
1712,-0.6968490483220956,2953176.953667422
1713,0.2909942446464038,977339.0974143172
1714,-1.0235802302646404,4299978.191165918
1715,0.635429862398889,694813.0512980227
1716,-1.067788352644894,4521736.428242308
1717,-0.9617589300036703,4006844.67937053
1718,-0.31043583501224875,1891965.4353317653
1719,-1.3419760249594797,6146378.302109008
1720,-1.020864385790528,4286690.141535623
1721,-1.5747953260642322,7908113.020451924
1722,-0.7647220208352536,3194149.1675556786
1723,-0.5049669539903872,2365709.927416811
1724,0.6263958443264241,700736.9226070874
1725,-1.415568319743588,6662518.643901478
1726,0.8040196666365353,596007.5482439582
1727,-0.42898160666687596,2167375.808966491
1728,-0.5357794857764104,2451382.178031147
1729,-0.739674303701562,3103049.3366397256
1730,0.6366770980805243,694000.6002548544
1731,-0.8011692005805859,3331395.493323585
1732,0.8820470641756237,557039.1270791222
1733,-1.6456618929475348,8522378.236773066
1734,0.3136636709329993,954661.0266339856
1735,1.6539006020111386,323425.37347199925
1736,-0.38529002220709857,2061247.8806421608
1737,1.2246927931899294,425269.8303375394
1738,-0.47250627144716023,2278778.41470226
1739,-0.4776011270168184,2292201.578885112
1740,2.1644404454272124,255008.34214532335
1741,-0.2814791364949914,1830508.6112149805
1742,0.5284516370488382,769584.7106417698
1743,0.7738392737893122,612158.7890433853
1744,0.9729003659707997,516314.0558492097
1745,-0.37148748294200157,2028867.0290847989
1746,0.31782931177910373,950564.9598050448
1747,-1.0328279649356527,4345513.765137285
1748,-0.7407548649097608,3106926.2417624732
1749,-0.5923838057281422,2617105.1606326727
1750,-0.06900206641539645,1440824.5611338217
1751,0.101812115209468,1194533.2451294798
1752,0.7416375452395886,630096.7486645334
1753,1.2847139960460814,407532.7888008333
1754,0.33584429122112147,933100.5331091173
1755,2.3121886873115263,241768.1059351748
1756,0.08994665394822547,1209977.6363875708
1757,0.05793126750792511,1252826.9979799574
1758,1.1890574699460386,436455.04295394383
1759,0.2080524666141318,1066150.4671583793
1760,0.3953818306535724,878171.2516046843
1761,0.314649881601609,953689.3110106856
1762,-0.25238688468785414,1770920.0203797005
1763,-1.2461436741940788,5527078.476644845
1764,0.9672667708698902,518703.95380246616
1765,1.2148868004159057,428297.60233711445
1766,1.272396386660411,411064.0522413896
1767,0.013885662672398753,1314685.7393901036
1768,-0.06337562522927204,1431840.730695781
1769,-1.3444648076951482,6163245.707722031
1770,-1.4955422026819436,7265459.978806221
1771,-0.192391363693073,1654566.513576269
1772,1.4518631877414943,364645.1557365083
1773,-0.9895133625464205,4136048.124024353
1774,-1.1342775861223562,4875205.749791902
1775,-0.10736644327309179,1503796.7093417968
1776,-0.39867634738627267,2093172.1790096827
1777,0.0026366632706733427,1331043.0760813453
1778,-0.5574177725720303,2513436.065230352
1779,0.8070897658095113,594399.3820735457
1780,-0.762968315995231,3187686.4387845146
1781,1.028280047954526,493714.22560567374
1782,-0.9969243324012008,4171204.0436207606
1783,-0.5958449980353798,2627599.7619001814
1784,-0.13315327114588368,1547850.8958537176
1785,-1.329436441387201,6062007.598554082
1786,-0.711465638280456,3003508.478366034
1787,1.4515701942252974,364712.7538267496
1788,-0.6288312170074309,2729769.8421182763
1789,-0.17240896308982082,1617688.7700652205
1790,-0.42830195879445876,2165681.8626902145
1791,1.1119313664924588,462465.11344357295
1792,-0.10073524609912017,1492695.156606304
1793,0.15725289985298116,1125375.0512861959
1794,-0.6103426137718259,2672021.1401434583
1795,1.357026410748679,387870.82775433594
1796,0.42268490730451597,854351.9964098486
1797,0.6221657677752215,703534.4756228434
1798,0.12022129354772525,1171026.891459155
1799,-0.5568614564858625,2511820.7976802704
1800,-0.6429390292377881,2774676.5665996433
1801,1.138209179236184,453315.70875336474
1802,1.3220284268444693,397163.7358788799
1803,-0.35121085982880335,1982268.4434952694
1804,0.48756043402298316,800997.330632559
1805,-0.7334690649605259,3080877.6872541085
1806,0.02234827275277408,1302532.1499532391
1807,-1.4297531925881979,6766211.8157624975
1808,-0.5660172591981054,2538539.511324417
1809,-0.3486695941521083,1976508.6303184696
1810,1.0307273760561735,492751.89484500705
1811,0.6291340665218669,698934.1091057467
1812,-0.9410934161574477,3913122.7360745724
1813,0.14739347447775394,1137320.3502951933
1814,-0.3362849758221234,1948691.7402336001
1815,-1.260008451162176,5613102.357127309
1816,-0.9380383708108094,3899444.6678110147
1817,-1.1993344050340018,5245301.587098445
1818,-0.5411341457699326,2466591.197506768
1819,1.089971527910487,470349.0669148789
1820,0.0737138620297832,1231486.4686248652
1821,0.10665012595645641,1188302.373114529
1822,0.6035196545141132,716049.2333834887
1823,0.3257409537256745,942845.4107034727
1824,-1.7237579221727943,9244233.56844362
1825,0.008602372760988033,1322339.370174571
1826,-0.08310761358185766,1463627.3173213443
1827,-0.45199210849828714,2225548.945256868
1828,0.2057897273389904,1068707.6610076567
1829,-1.385515608971749,6447361.375849635
1830,0.8343561245410887,580391.6324816768
1831,-0.9255949439479043,3844199.5308752744
1832,-1.1341046432139403,4874254.3899176195
1833,-0.6371500547835723,2756160.7492836425
1834,0.3125200842424817,955789.3438956976
1835,-1.1503713090130117,4964482.137613535
1836,-1.4279656663714004,6753068.604932765
1837,-0.2133532119120759,1694244.303451301
1838,-1.6063272510706736,8176725.263544339
1839,0.8290290422655248,583089.9479592367
1840,0.10706935823947657,1187764.2427623463
1841,0.6055464713952334,714674.2935944827
1842,-1.6820255142791127,8852538.604558663
1843,-0.0841966914407733,1465404.6937206218
1844,-2.0560356476858637,12876424.027009957
1845,0.016985613150154507,1310218.6773058258
1846,-0.7907185114067702,3291465.2498497902
1847,2.5282897555729766,225983.92219618754
1848,-0.7810952721779242,3255108.771974704
1849,0.03529565857383824,1284187.1205352608
1850,-1.855185404652313,10569677.325873476
1851,-1.05007364831258,4431631.159256575
1852,-1.6470273675785134,8534590.512766557
1853,-0.17500667394099303,1622431.4032870862
1854,2.132042525212836,258226.26702248678
1855,-1.4210168605795277,6702184.754056054
1856,-2.3167957719389842,16402396.697594436
1857,1.0220522604416085,496176.69347416254
1858,0.7002812138422831,654251.0906064013
1859,-0.2789859154854534,1825318.152682453
1860,-0.6332786231373179,2743847.2389786136
1861,0.18790499774250402,1089181.597248783
1862,1.5463638619265794,344079.44898013683
1863,-1.0146825693102839,4256586.5052124
1864,0.5986803066053447,719346.665057767
1865,0.22485560459819662,1047390.000696766
1866,0.6918805455608835,659316.5203039504
1867,-0.4908911821497864,2327601.898196485
1868,0.6352067968732146,694958.4940306708
1869,1.1609577627250955,445637.9861607369
1870,1.607255573559935,332048.92991337244
1871,-0.5872972742693114,2601759.2207685565
1872,1.9733042115407904,275888.3551593161
1873,-0.5823479792757659,2586914.6843190435
1874,0.2998428751856182,968408.6561669725
1875,1.1438651432009348,451386.0434276874
1876,0.6274683370163325,700030.0488766931
1877,-0.924101915298236,3837621.0339137996
1878,-1.1807550119783399,5137092.508482707
1879,-0.6164118527492665,2690841.5474360553
1880,0.6428641106543284,689989.5974493314
1881,-0.35373862308342874,1988015.3018316175
1882,-0.3988724305445834,2093643.6481824801
1883,0.503331860759643,788685.545344628
1884,-0.3730869318227162,2032591.7197741214
1885,-0.6647694621239127,2845626.084660348
1886,1.253683853968497,416534.7326003934
1887,-0.46611015875259315,2262041.9168300666
1888,-1.2886008167135345,5794276.854541034
1889,0.19893734785847345,1076496.935062307
1890,0.961689020093816,521087.18354611075
1891,-1.080966222304186,4589860.7113416465
1892,-0.1580462541176816,1591740.8695531036
1893,-0.5301660958655177,2435541.113783602
1894,0.6225665288354448,703268.779386549
1895,-0.3443122188747328,1966673.8435382177
1896,-1.5010801510339402,7308883.316658664
1897,-0.3829442126772551,2055706.4206300871
1898,0.6852029008782438,663382.2415565104
1899,-0.018846734916124205,1362933.750084387
1900,-0.46772609694926087,2266258.24150863
1901,-1.23635152069139,5467034.755624523
1902,-0.24404128755075635,1754215.265001592
1903,-0.2329853364365153,1732347.854729254
1904,-0.7948378255024472,3307148.5378564857
1905,1.1372932085620067,453629.51977892406
1906,0.14009593681384871,1146258.7507311807
1907,-2.134371544846363,13871653.151960636
1908,-1.7945264593085908,9940351.73877912
1909,1.6516628971737404,323827.8717669673
1910,-0.12287333044786086,1530118.7612275854
1911,-0.10649973509739867,1502340.4925869463
1912,1.2677965796457982,412396.87413814623
1913,0.8150572336349556,590255.3581825637
1914,-0.525223085223797,2421678.5573892333
1915,0.7051510160777933,651339.6690544226
1916,1.6757148057527234,319559.01752605714
1917,0.8396760304890549,577715.3025002705
1918,-0.03291172374509773,1384284.009380605
1919,-0.5641942535621519,2533196.6319337343
1920,-0.04433172453611368,1401898.9319982722
1921,1.2576315535176439,415369.8304945298
1922,0.23280788274413144,1038650.7421786023
1923,1.1831287437541813,438365.41148188635
1924,-0.897399825421173,3721760.234528829
1925,-0.494664668285651,2337755.629524518
1926,-1.2338656059636839,5451884.776048644
1927,1.9724895154310345,275987.8270003801
1928,0.9867420275354107,510514.6906319257
1929,-1.2854401521073715,5773997.3562890915
1930,-0.26136383548366565,1789080.7884153766
1931,-0.776640978445881,3238413.325596492
1932,0.09950141952936031,1197522.711271077
1933,0.047461746189980815,1267220.3348313598
1934,1.6465484544939288,324751.97742062085
1935,0.5014362112265391,790152.1877344137
1936,0.3803905952725207,891609.2716031059
1937,1.2543608022265338,416334.56351597497
1938,1.5658514792686504,340130.2575155793
1939,0.18465687837397082,1092950.3107200824
1940,-1.7459752330049376,9458417.13965703
1941,0.7936895317714073,601465.4418253556
1942,-1.9318721404656323,11409463.85309817
1943,-0.5156779346416734,2395137.599030973
1944,1.2244601966415787,425341.21467247745
1945,0.44816414547507366,832865.2294825867
1946,-1.9241862759891641,11323042.656384502
1947,0.6089557051778641,712369.6344176391
1948,0.08443458048805903,1217231.7127425496
1949,-0.19938044454849788,1667681.7733504828
1950,0.7631869735901704,618010.6554211779
1951,-0.07440257980057167,1449507.3974858043
1952,-0.9442023495443811,3927088.6839993256
1953,0.1993291605708303,1076049.7139696064
1954,-1.2663399783156342,5652781.75113509
1955,-1.5868140504696209,8009616.370866954
1956,0.2159059591109338,1057332.0562679535
1957,0.3485338621185974,921038.7032140947
1958,1.4253494423670061,370863.4779051576
1959,-0.2963669483761901,1861834.3310903744
1960,-0.37555411063423505,2038351.2747148883
1961,-1.1185076648356207,4789149.535975264
1962,-1.50154617706856,7312547.484513077
1963,-2.095316283482694,13368658.644098066
1964,0.3794862620047967,892428.2111653137
1965,0.8133903786364093,591118.815586137
1966,0.8768289946824475,559525.1826852589
1967,0.2822634060513858,986250.3883080259
1968,-0.4092657500091579,2118793.8044676655
1969,-0.33989478350534,1956756.4913215279
1970,-0.8010088721221053,3330779.3646783675
1971,1.2155473266802042,428092.47150028637
1972,-0.6646976395696335,2845389.7157215653
1973,-2.5237003874906225,19635940.70516834
1974,-0.40127610681040604,2099432.1954865498
1975,0.5524273806608652,751920.7824416935
1976,0.13612500421618332,1151157.5131763495
1977,-0.8195192390769416,3402648.6531858547
1978,-0.46597636206621346,2261693.177276095
1979,-1.5152820663246063,7421249.082923906
1980,0.6631399938094725,677066.4850424177
1981,-2.0215368762689243,12455339.587114826
1982,1.9817362473260247,274864.47393938876
1983,-0.09117360529263976,1476848.6293820885
1984,-1.273539994161055,5698207.116830328
1985,-2.3917625803818288,17529487.5226724
1986,-1.1860205654668994,5167553.1737646535
1987,-0.6588050978947017,2826063.8232034263
1988,-0.9249576975744006,3841390.424078596
1989,-1.3572124540549042,6250278.527164925
1990,0.4682870613226685,816385.9895541763
1991,-0.6253542549394577,2718814.6912464057
1992,-1.156555076661322,4999179.287986821
1993,3.0569542688210003,199736.4467921619
1994,-1.1937939487038538,5212819.790375773
1995,-0.18752182636254244,1645495.4545566016
1996,-0.9375866596920547,3897426.1097499775
1997,2.8208482474333283,209736.6732993922
1998,1.2659813262841098,412924.98672937765
1999,0.8363320555632677,579395.4503116544
2000,-0.996659296319245,4169941.9605302187
2001,1.4328771828491207,369077.0068702642
2002,-2.820328271601202,24928175.160142202
2003,2.2523758511260747,246859.1657928553
2004,-0.4955294187183174,2340088.9265761618
2005,-0.2804506392784617,1828365.5357288704
2006,-0.4818378256268623,2303426.00813186
2007,0.8437346088861173,575685.7721851866
2008,-0.875825242177564,3630592.6401201542
2009,-0.6804213050778939,2897605.6553172274
2010,-0.2165806183726116,1700445.1068078943
2011,1.1454363437638828,450852.4462518295
2012,2.0677485275340826,264984.5859629107
2013,-0.2349302362028623,1736173.1032069551
2014,-0.922306556563652,3829724.582387061
2015,0.7394052916136632,631367.9651816146
2016,1.721194406339637,311822.97349162534
2017,-1.3329149520608314,6085309.672046974
2018,0.5334943892482789,765824.1070981072
2019,2.1502022404035688,256407.61679603893
2020,0.024458823884545462,1299521.240220682
2021,0.519712141485885,776160.2177025136
2022,0.3312827208039796,937484.6343651782
2023,-0.16323987563697995,1601070.4128811564
2024,2.7610661095236915,212664.74229611634
2025,0.5113071906764226,782554.158388147
2026,0.7871344560924054,604966.5472731076
2027,-1.7011139070950454,9029990.12103391
2028,-0.19341702157512458,1656484.1059175243
2029,0.8282686949700746,583476.5920528102
2030,-0.4572627553995882,2239100.7955482537
2031,1.1976368395248596,433715.857526395
2032,-0.5382041260515585,2458257.0666318214
2033,0.14787104130410722,1136738.2890418011
2034,1.5599526675040063,341315.62217421265
2035,-0.04536642830786675,1403507.436657645
2036,1.1374158470384188,453587.48273868026
2037,0.6869467301430476,662317.1290328288
2038,-0.7834309639139418,3263896.857954173
2039,-0.9889048404688817,4133173.8133735964
2040,1.560852106943876,341134.32055796357
2041,0.7323308745964059,635420.8727110154
2042,-0.6634990413966342,2841448.001057037
2043,-0.25466427855456863,1775508.3487346545
2044,-0.9694415056519058,4042223.572066721
2045,-1.8196555687708873,10197362.728721546
2046,0.4213726913135466,855477.762400461
2047,-0.12818022820444522,1539244.4137728314
2048,-0.9223515305836051,3829922.2011766285
2049,-2.0781816167856073,13152260.550704598
2050,0.4650645924164331,818996.3705840644
2051,1.0063530351328511,502471.7323720096
2052,-0.3116996149264419,1894697.4682239424
2053,0.6751504620423782,669568.9818447344
2054,0.263853148980735,1005370.7177597722
2055,0.2736885131933582,995099.9854717674
2056,0.3634489887025038,907110.173578692
2057,0.44333946061989404,836880.080162347
2058,0.36112075067119986,909266.8853712196
2059,0.4355722424298979,843396.0971510484
2060,0.29003958860208245,978308.6413338195
2061,1.4868859967030843,356740.10629832954
2062,-0.4917209058875699,2329830.622875629
2063,-0.9917034984968253,4146408.598524421
2064,-0.4188473422823436,2142260.1094735884
2065,-1.0963471972288368,4670570.365329673
2066,-0.6541986301675201,2811047.146357739
2067,-1.4592893774070657,6986590.876410977
2068,0.181411470231804,1096731.4934318585
2069,0.06901199288872924,1237799.605150782
2070,0.5549589198985626,750087.3092641566
2071,-0.709177729280874,2995574.5382710337
2072,1.7214307331864207,311783.8875504747
2073,0.6408700164225445,691278.8700154847
2074,-1.2298840786084386,5427698.37961099
2075,-1.3184903863125814,5989192.671735122
2076,-0.5060113076726288,2368562.80747646
2077,-1.2934461004476565,5825487.774203744
2078,0.15602138731193602,1126858.9266882574
2079,0.16301659360358606,1118461.0891956706
2080,-0.7610592820894952,3180665.8373364983
2081,-0.6325433475306501,2741514.853631116
2082,-0.6376973570643722,2757905.965684277
2083,0.19131886322695504,1085237.3562581986
2084,0.09758564002158795,1200007.9064445137
2085,-0.6637520423719863,2842279.567602822
2086,-0.3250824773048091,1923888.2737637681
2087,-1.5814568172694543,7964238.689585197
2088,-0.692165264816675,2937225.922148336
2089,0.5958618485241017,721276.5906772142
2090,-0.24600328711038455,1758127.053544068
2091,-1.6171979939402334,8271070.471987701
2092,-0.15258995018156093,1582004.0540676806
2093,0.6720845698613781,671471.8561874919
2094,1.1676848114789893,443409.71934296546
2095,-1.574716594438985,7907451.657169947
2096,0.4517843069563493,829869.0321523546
2097,0.6321527290427891,696954.0066211143
2098,-0.011612053306038284,1352097.9024463808
2099,0.47556660442118276,810528.8228098219
2100,-1.5482593891043845,7687812.135874922
2101,0.22071845926278433,1051971.7891171023
2102,-0.6384736456540316,2760383.263668959
2103,-1.0077331788387769,4222980.718110469
2104,1.584634457053671,336412.91051905794
2105,0.9077843307689095,545017.4223277146
2106,-1.653609127906534,8593657.326259125
2107,2.767413609103885,212345.26516902275
2108,0.5189612709939363,776728.6223511097
2109,-1.203775643935128,5271470.703193618
2110,-0.1942752146918572,1658090.4732709178
2111,1.076738388922227,475207.4705132075
2112,0.9907812443921634,508841.5904468499
2113,-0.8789199499236157,3643537.4147800063
2114,-0.10737973233923788,1503819.0494905685
2115,1.3254430482063113,396238.96304092323
2116,0.688672348946279,661265.4891755224
2117,0.6231890375936108,702856.3407458105
2118,0.10949337467965396,1184658.3607150177
2119,-2.9130102989665008,26731658.4288545
2120,0.3118394020469795,956461.722854527
2121,-0.9736071756561366,4061529.6146738185
2122,0.2701543631921064,998775.7091987329
2123,-3.599061193073045,41863085.298476465
2124,-0.9109993761851578,3780346.429399519
2125,1.283973176727699,407743.62368887174
2126,-0.25588989948303276,1777982.9599067227
2127,-0.2347915216835973,1735899.9745636967
2128,0.5754063485203748,735495.1920676231
2129,-0.3435741106310634,1965013.0495186853
2130,0.4370583640770262,842144.3326250215
2131,-1.2322330527709253,5441955.927016626
2132,-0.940544273570377,3910660.7677130955
2133,1.639026456801753,326121.69182977686
2134,-0.12352883811471645,1531242.6977389613
2135,2.0917328093913157,262403.70995251485
2136,0.045424545648406346,1270043.2574475626
2137,-0.7305757124410891,3070592.9250018788
2138,-1.315079858460282,5966663.218130555
2139,1.250932542979243,417350.03990684124
2140,0.2322525096493041,1039258.1975434492
2141,-0.6772082377952752,2886858.605731489
2142,0.839636951093898,577734.8959497273
2143,1.1550235804828621,447619.4717902538
2144,-0.5742176426260875,2562715.098181119
2145,2.4197051799414067,233440.44514386522
2146,0.05319629161468448,1259312.9730364399
2147,-0.12319992271932212,1530678.6231052547
2148,2.1011258622585887,261412.586907844
2149,0.8821735097210152,556979.0905268376
2150,0.4954337394388066,794819.8977923845
2151,1.9466511392260135,279193.23107699724
2152,-0.35071799016415295,1981149.958638319
2153,-0.0018859530325832498,1337685.1068636999
2154,0.16495580761266107,1116146.2458949229
2155,0.7539564352006357,623146.6771953563
2156,-1.9700028662435005,11845718.815601148
2157,-0.7334106984961343,3080669.8821614203
2158,-1.5275155381552086,7519209.763063988
2159,-0.8395023816525738,3481921.091756867
2160,0.9123783725809465,542912.9665821391
2161,0.6683344472858113,673809.6352157047
2162,0.03742050205079738,1281204.9934412765
2163,1.1133264907172324,461971.64027587447
2164,0.403923689187156,870629.3179008054
2165,0.7484007141082958,626267.4799358076
2166,-0.3870135412843874,2065329.333574335
2167,-1.6598444837570763,8649924.84430686
2168,2.05818623496031,266034.02387197444
2169,-0.729880039879701,3068125.11861279
2170,-1.2394250042264872,5485817.667225553
2171,-0.16405475146269974,1602539.6786412473
2172,-0.5958585528315785,2627640.944532212
2173,0.34820694983717415,921346.9860718931
2174,-0.7244968485418868,3049094.8791288873
2175,-0.3751361323236925,2037374.3071424172
2176,-1.088798404574448,4630797.190540978
2177,-0.242292777404402,1750737.0734906706
2178,-1.1007351787664705,4693833.947204
2179,-0.28947930486119755,1847270.9762949299
2180,-0.48101531654406243,2301242.4752403023
2181,-0.013720068924444134,1355245.0368949773
2182,-0.9640034259798097,4017150.4820773234
2183,-1.1830871308131758,5150563.476350412
2184,-0.7513729482770498,3145276.3523302022
2185,-1.835474900166459,10361834.501803659
2186,-0.5853853803900145,2596014.642071048
2187,-2.282917996530787,15909722.047486996
2188,-0.6332247600527486,2743676.311082089
2189,0.5525180708598514,751854.9966267794
2190,0.42762988811877733,850126.6538769514
2191,0.06636409249664307,1241371.480846681
2192,-0.7926879805026579,3298954.4756146655
2193,0.7932417901531645,601703.6462600395
2194,-1.544866190052018,7660017.055630747
2195,-0.5741850029291178,2562618.4113779576
2196,-0.7027377332143974,2973353.188398196
2197,0.049997038243229354,1263717.350794598
2198,-0.5482427890534534,2486930.9978277585
2199,-0.23542631576680023,1737150.2648412446
2200,-0.6224987593527704,2709850.6686924985
2201,1.5185933027746137,349874.54198218987
2202,-0.2476955987364127,1761508.7347774229
2203,-2.0205099868576637,12442965.743076546
2204,1.356817450460212,387925.10903607396
2205,-0.10220287719456195,1495144.2629739847
2206,1.8030328005262173,298938.7162838214
2207,0.8528279181193006,571176.7674871661
2208,-1.4871967810905853,7200437.504276992
2209,-1.6581941066967998,8635002.58136372
2210,1.0540692976543546,483722.84445920447
2211,0.09538191687565156,1202874.1069494868
2212,-1.9630991216985603,11765803.364400135
2213,-1.1201141290767662,4797851.990824274
2214,-1.301356470926914,5876762.344630113
2215,-0.7672162087797715,3203362.79344112
2216,-0.8647455909648107,3584608.3246364086
2217,1.4869735092885499,356720.78235079837
2218,-1.4537943784442415,6945130.668857092
2219,-1.2565819603015658,5591732.349543749
2220,-0.7551712193688956,3159107.300708943
2221,0.33266895034890964,936149.6231602771
2222,0.13975322949008967,1146680.5590060106
2223,-0.6643297965159938,2844179.4462828375
2224,-0.16494217149100282,1604141.4366046623
2225,0.718913380584424,643209.732547865
2226,-1.1425277048524825,4920787.000624024
2227,0.6153705834614636,708060.4682299251
2228,0.5908751814345949,724708.3873605386
2229,-1.5877405507255038,8017485.987723839
2230,0.9255519233109488,536946.5928248015
2231,0.593583603642868,722841.7333560439
2232,0.7094939350735243,648758.586970356
2233,-1.808155221128689,10079095.72450367
2234,1.4004204138308363,376901.0499106693
2235,0.1771123366240237,1101764.496878798
2236,0.6523162276159451,683923.1882263331
2237,1.1153147148745004,461269.8909494634
2238,0.18250956135991978,1095450.3707910536
2239,1.1895394421877894,436300.3704526788
2240,-0.22448876821967417,1715743.7854982112
2241,-0.9917768322998513,4146755.9260103805
2242,-0.28032319662984434,1828100.1719117656
2243,0.38632108544713983,886262.2819648721
2244,-0.06771613670742445,1438765.7106268406
2245,1.623429167083984,329002.5803693253
2246,0.5892668112926597,725819.9653577809
2247,-1.9039730791767413,11098170.46109355
2248,0.5621834214514726,744887.6799333615
2249,1.9627170926979378,277188.5607136683
2250,0.8803926390350753,557825.5482678968
2251,1.6748379947935723,319712.436041954
2252,2.1633830652986052,255111.46312869506
2253,-2.1303809326733933,13819634.188247474
2254,1.6638216373306973,321654.1290137035
2255,0.6322873611441994,696865.8733044984
2256,-0.29357779568454656,1855922.1159476566
2257,1.0301358328412615,492984.22433872597
2258,2.0605640867666106,265771.9556343137
2259,0.7439535509067944,628781.6883249836
2260,0.14880111172211893,1135605.7281615373
2261,2.4200009645598253,233418.89236649932
2262,1.3798721917685044,382021.2111532994
2263,0.6350907153168069,695034.1978134289
2264,0.24647919416097994,1023832.4545921083
2265,-0.046595764529354794,1405421.225253027
2266,-2.24944312189497,15433093.553953098
2267,-1.2126840323960857,5324316.364788282
2268,1.1609543706693841,445639.1145478002
2269,0.7417347808828916,630041.4581159027
2270,0.604449426303019,715418.0550569728
2271,-0.42705174205391516,2162569.444090033
2272,1.227656594979004,424362.0695430361
2273,-0.084426675550511,1465780.337782081
2274,-1.0199521744091091,4282235.482091497
2275,0.9046876125133073,546442.9830035997
2276,0.26691213433391553,1002162.4671518151
2277,0.3755205996334032,896030.65491983
2278,0.19295944311030463,1083347.9958133458
2279,-0.291537128016928,1851609.2316528268
2280,1.0049007330325566,503060.4744282499
2281,2.9547825610684852,203782.6914831211
2282,0.22855296433337757,1043315.6973271344
2283,-0.6854656126075928,2914558.0747991605
2284,-0.3832100615017365,2056333.6413929334
2285,-0.05971473520969816,1426029.2464477431
2286,-0.560082874837677,2521188.8751226193
2287,1.0046048060159536,503180.5728876636
2288,0.693731077270384,658195.9814561715
2289,0.7479054814130377,626546.7494800539
2290,0.3860640437286907,886493.1901998275
2291,0.46370030087994935,820104.7871494328
2292,-1.1483716343596575,4953308.92513451
2293,-0.6880487427657378,2923277.297837928
2294,0.7178669876157571,643822.8327904813
2295,-0.7488044202838978,3135957.0336584435
2296,-1.3625918419839282,6287326.894506737
2297,0.5213922827066518,774890.3480844349
2298,0.3646149397220785,906032.5398426928
2299,-0.03099605415590385,1381353.8273978196
2300,-0.10396468180955817,1498090.204474882
2301,-0.22970186943266124,1725910.6569464265
2302,-0.55004626012838,2492118.3680951367
2303,1.1091414000714452,463454.58957644826
2304,0.06575729427038136,1242191.7065518002
2305,-1.8857958660501273,10898915.888044281
2306,-0.011457435699451148,1351867.3965646832
2307,-2.2463104890212597,15389007.668530023
2308,0.7280270457476509,637904.6201620561
2309,-0.677858557001534,2889030.586691185
2310,-0.40713549505391033,2113613.249218578
2311,0.93048775702404,534736.9198193519
2312,1.078621149970636,474511.23076629086
2313,-0.644421882599182,2779439.4174978505
2314,0.6421441191005995,690454.7230756602
2315,-0.14393075766596292,1566686.5410776867
2316,0.8649885237935397,565228.4442067113
2317,2.1063806917990013,260862.8553659653
2318,0.33841506786090203,930641.048568489
2319,-1.395171792243001,6515826.424782794
2320,0.5134781724910534,780895.9865367649
2321,-0.6028866072659765,2649081.797315192
2322,0.26821683181517586,1000797.9207215164
2323,-0.6265767205287358,2722661.3744229265
2324,0.929617762765824,535125.3856133904
2325,0.11004579358208667,1183951.8846277695
2326,0.4426356259551827,837467.8588277283
2327,0.339445517448317,929657.4826200441
2328,0.8200393607934202,587685.5272179171
2329,-0.9473417029482288,3941239.120276898
2330,1.0380579545392197,489887.30016687716
2331,-1.4140431296202718,6651451.453028235
2332,-0.6833236676087191,2907347.633504017
2333,1.3654706191783423,385689.1550380725
2334,-0.8666418908835468,3592438.7833572635
2335,0.3722022097125438,899059.2366279566
2336,-1.2798464182672333,5738261.004567427
2337,-0.3375896303665521,1951602.414454322
2338,-0.8097861369286405,3364672.9478892474
2339,0.7337781705693046,634588.7195347543
2340,-1.1768944934948193,5114863.134327095
2341,-1.6179495526216445,8277626.318627543
2342,0.7000344653371151,654399.0957900935
2343,-0.6615783829298473,2835143.0637355857
2344,0.1035376364287025,1192306.557744192
2345,-0.8762762502961514,3632476.4046069756
2346,-1.3475182127384504,6183995.180138837
2347,-1.2260519853097391,5404510.617538287
2348,-1.5333969213838252,7566692.912317955
2349,-0.851997236046801,3532390.147517733
2350,0.4511391639646457,830401.9588266544
2351,1.1579395943875057,446643.9198690324
2352,-1.2120770382140311,5320700.52389286
2353,0.12323606057057976,1167229.4736872932
2354,-0.5918784531447254,2615576.4395167218
2355,-1.181652051878822,5142270.284134639
2356,0.3709844314952141,900173.9012980853
2357,0.3111190608445321,957173.9160328532
2358,0.7672626759893474,615762.190656643
2359,-0.18325326824231275,1637588.7603755977
2360,-0.9563094219105364,3981926.439197791
2361,0.7274784234355234,638222.2201456771
2362,-0.4696607726409018,2271316.9231073605
2363,1.1807945994536166,439121.4712894456
2364,0.08081469750613976,1222023.2417595754
2365,0.49341292866377573,796399.471558345
2366,0.4651248494772312,818947.4596569922
2367,-0.936377383318259,3892027.0956866527
2368,0.1662396495816468,1114616.8629370022
2369,0.6531664688415443,683381.1088792598
2370,-0.3585521806164345,1999007.7492907983
2371,2.007133679442077,271841.7920918729
2372,-0.40792649154576077,2115535.3186818156
2373,2.3561553327981763,238240.44929874578
2374,1.0451191951839491,487153.1653164918
2375,1.0009089530919955,504684.3203210863
2376,2.375405290022964,236750.1869329812
2377,1.073221620340354,476512.4412229701
2378,0.7450329121413263,628170.1485005529
2379,-0.6413080350696784,2769447.327265284
2380,-0.1869019144691374,1644344.590048088
2381,-0.6165669743980243,2691324.316156181
2382,-0.5312226069761958,2438514.5883580297
2383,1.5463578367901614,344080.6847772185
2384,-0.6192158162993477,2699581.483163626
2385,0.5010769831874188,790430.5217540907
2386,1.2914215320164115,405632.77742830437
2387,0.7161129088737491,644852.4315349301
2388,0.817862165543007,588806.524155346
2389,-1.341644381513731,6144133.690246907
2390,0.599070254823343,719080.2008451204
2391,0.7506543710645103,624998.8505225882
2392,0.6708232147216457,672256.9102218291
2393,-0.3485350720954722,1976204.229108862
2394,-0.8724024653404014,3616326.9114312157
2395,-1.2259731219718124,5404034.354675807
2396,-1.1446285987071751,4932456.176275765
2397,0.8283443719576058,583438.0926444668
2398,-2.5028889282698805,19293332.001166694
2399,0.06485117235065363,1243417.7095106938
2400,-0.6162695597405974,2690398.7805360183
2401,0.7016060796020513,653457.2098437479
2402,1.2723468467637946,411078.3655714661
2403,0.14020405127809826,1146125.7202896164
2404,-0.37194323333884305,2029927.6161522546
2405,-0.6859804402273196,2916293.786791539
2406,-0.629230752338011,2731031.525679425
2407,0.19608916316589378,1079754.62289908
2408,-0.3368689991817335,1949994.1210382122
2409,-0.4188710995595632,2142318.6301700226
2410,1.615723551719531,330446.3877561336
2411,-0.30922584256032754,1889353.6244129601
2412,-0.6832157193767382,2906984.7160130762
2413,-0.47093287021256636,2274649.4993494214
2414,1.863279295468171,290238.39537950075
2415,-0.5544771594422736,2504909.930608425
2416,-0.7286767423948456,3063861.1889727046
2417,-2.160300449949914,14213113.0835284
2418,0.6455852417255518,688235.5925836874
2419,1.2520714559865413,417012.1975410104
2420,0.0693154239779867,1237391.056940068
2421,-0.007574490289125567,1346093.3363407745
2422,-0.29169091229661775,1851933.8748362968
2423,-0.5848431195134217,2594387.6732430076
2424,0.6531006394869634,683423.0578257443
2425,-0.6637957968926841,2842423.405073785
2426,-1.155607610556287,4993848.78522391
2427,0.4784459351306061,808227.1883199104
2428,0.12101644999122008,1170023.895588093
2429,-1.4629309376147648,7014183.385448448
2430,0.3257399529070675,942846.3822797725
2431,1.5392423033669957,345546.58782031154
2432,0.6159655466178974,707662.6045208102
2433,0.6227839731155121,703124.6757047283
2434,-0.29220364180846253,1853016.7033213144
2435,1.7670094660285,304452.37480100075
2436,0.728107567840238,637858.0244074657
2437,0.8180856074827746,588691.3337366875
2438,0.10030688536286604,1196479.64357106
2439,0.8421571869933749,576473.3212200541
2440,-0.25655802973870645,1779333.5297726053
2441,1.059107638055979,481808.9378845635
2442,0.30851916069179997,959749.8825155342
2443,-0.46177109703083336,2250760.5381551143
2444,1.7054765285070506,314448.0419919812
2445,-0.23786712715232367,1741966.7990821677
2446,-0.8408668941807651,3487398.627893547
2447,2.4389730610992073,232051.1799151972
2448,0.07562525110917247,1228930.7983848243
2449,-0.0031132290635199292,1339494.0523007568
2450,0.5193583040608221,776428.0021761694
2451,0.4487542666591817,832375.8685900712
2452,-0.5891377570217833,2607301.380119949
2453,-2.2747591895850436,15792620.812497238
2454,1.6658890884447435,321287.72638481366
2455,-0.14531334166998983,1569121.1883529795
2456,1.9383385939668882,280245.6380321972
2457,1.3894218205808955,379625.26217971876
2458,2.2156200000758255,250165.14704720248
2459,0.3609176088406096,909455.3671372747
2460,-0.3217290746639771,1916529.0443206206
2461,-1.2309855818528646,5434379.99047755
2462,-0.40006165759555057,2096505.4557737936
2463,0.19691674034590112,1078806.8392794929
2464,-0.07485862222268089,1450243.3049234205
2465,-0.6867453839961569,2918874.6462265477
2466,-0.8965827596614675,3718268.065724851
2467,-0.44198970502034446,2200064.5983055215
2468,-0.3127333664742455,1896935.3608660453
2469,1.184339768521913,437974.0250011411
2470,0.19499603013796932,1081008.0688603788
2471,-0.7831326800356557,3262773.272065825
2472,1.0257811301630206,494699.94785197295
2473,-0.092180624143776,1478508.6582504446
2474,1.0246154263494616,495160.8471689468
2475,-0.4559588273776501,2235740.1918879743
2476,0.945768256908167,527983.9997581961
2477,1.4411835317334767,367125.1501424118
2478,0.9517184942772694,525389.9251109179
2479,-0.11651545849419356,1519265.0382984777
2480,-1.4176958383856573,6677983.069418528
2481,2.609083532813965,220982.42756490444
2482,-1.485595190743407,7188015.7012413535
2483,-0.510219409574689,2380094.015113583
2484,1.9635220924239125,277089.1215802319
2485,0.9221679738376324,538469.6080189078
2486,0.6405939024277468,691457.6512208844
2487,-0.9628153639905299,4011692.2812950364
2488,0.03924764545262906,1278647.0683090228
2489,-0.16936664759927278,1612153.8103767836
2490,0.4660376059185624,818207.034515244
2491,-1.3717250765624167,6350667.625146447
2492,0.37212526033649346,899129.6188705856
2493,0.11800988344724668,1173821.6553641125
2494,0.5478909044804238,755221.3178639731
2495,2.244129844342796,247588.74548653833
2496,-1.3112756953019493,5941621.646311378
2497,-0.3031573133981684,1876312.5192247787
2498,0.3192575825441607,949165.5704638585
2499,1.993605170827716,273440.5422775706
2500,-0.18477866019743103,1640409.4621030106
2501,1.4081653105099416,375005.11475820374
2502,-0.08847691310771749,1472413.5203077856
2503,1.4368481517368308,368141.3682816572
2504,-0.9369252543513705,3894472.2780534695
2505,-2.3857310187240004,17436928.66942958
2506,-0.19297956937033578,1655665.9381308022
2507,-0.4625757198001748,2252848.1123805735
2508,-0.6912702852067025,2934187.724564074
2509,-0.767538420517614,3204554.9496900234
2510,0.1301579333120509,1158565.477257177
2511,-0.26593563649773716,1798406.9572728325
2512,1.322706639103945,396979.7412868439
2513,0.8362174404222897,579453.1654945231
2514,0.40452459795036627,870101.8616168408
2515,0.6289454657162635,699058.0780234183
2516,-1.1159267615584965,4775198.657837225
2517,-0.05702707277954978,1421779.6564132092
2518,-0.050192821341480155,1411037.9862464142
2519,-0.3465228832574454,1971656.9064302738
2520,-0.20298718301561294,1674494.414000264
2521,1.2669255608660408,412650.1291434471
2522,0.14939620654405356,1134881.7748333004
2523,0.5088213302997241,784458.5282752778
2524,-0.3679615244724843,2020681.43288751
2525,1.8878564380660232,286866.76309927274
2526,1.4374595903183698,367997.7130009794
2527,0.3853568592675681,887128.8685037697
2528,1.1730084991737828,441659.7271651485
2529,-0.3560782589154592,1993350.1804498276
2530,0.07222966226775888,1233475.2257773795
2531,-0.6269475031183825,2723829.1806665463
2532,1.3082213467608448,400943.8381766354
2533,1.2512722188575254,417249.2290343332
2534,1.8423613666366574,293187.71673579793
2535,0.2220382598943172,1050507.511919377
2536,0.4216976859514866,855198.7686758745
2537,0.08850560134015158,1211869.2205671223
2538,-0.5465776689722889,2482151.340192146
2539,-0.20231483536484973,1673222.136122325
2540,-0.600193816867899,2640845.9765892965
2541,-1.97283645023456,11878638.815420946
2542,1.4140906379411113,373566.958403499
2543,-0.5950410702866761,2625158.4073050306
2544,-0.3699637766945885,2025325.4219499016
2545,0.01626630400908946,1311253.6540986258
2546,-0.16442907559307987,1603215.1037594106
2547,-0.3376706416056373,1951783.3021941348
2548,0.4569694720673927,825601.793058729
2549,-0.6570780644476912,2820424.487197615
2550,2.2658303683813736,245683.4596506054
2551,-0.5785584473457517,2575606.634173835
2552,-0.5011481876791287,2355308.1695499597
2553,1.2930428360783106,405175.9232266813
2554,1.1469153406392727,450351.1340339708
2555,0.5497222846649866,753886.5682648794
2556,0.28687796248220604,981528.0475493042
2557,0.4832164346140075,804432.5324534683
2558,0.45711459780539315,825482.7676427375
2559,-0.5659629934429087,2538380.303645181
2560,-0.05770451499767886,1422849.4430444571
2561,1.929165314413498,281419.21646200155
2562,0.5760997423929962,735007.0591838385
2563,-0.5220564877251737,2412840.374613673
2564,0.6770277959408136,668407.4976413772
2565,-1.2113145144490443,5316161.329316566
2566,-1.0972154377447294,4675165.053393331
2567,0.3769068910531358,894769.24957814
2568,1.2586841730131961,415060.19860805507
2569,0.005625648580868949,1326674.0999530712
2570,-0.9842209568177218,4111112.4763228837
2571,0.26364709954937404,1005587.2731293469
2572,1.0923528985761242,469483.42793348583
2573,0.7145284122346026,645784.489066669
2574,0.5785786388190537,733265.5333554271
2575,-0.3568140548667793,1995031.0866872098
2576,-1.7319646631473882,9322889.007654931
2577,1.565904270870916,340119.68806481577
2578,0.8987769366104802,549179.6882051338
2579,0.5297137912527728,768641.1753774615
2580,-0.026346388151970407,1374271.0299384943
2581,-1.7437343889980252,9436634.864269286
2582,2.586407720859077,222342.4079149704
2583,0.9894278449369901,509401.22578142624
2584,1.5093065823303982,351857.45573370275
2585,0.1949698272600427,1081038.1359588183
2586,-0.3167923801646215,1905749.759911115
2587,-0.019149045596530134,1363388.6902631496
2588,-0.7328406720178328,3078641.1127782855
2589,-1.628448274274132,8369657.243189575
2590,-1.3963078806547575,6523922.957867625
2591,-0.5543623589751449,2504577.6710345624
2592,0.7349519660937051,633914.957679129
2593,0.16607499908546453,1114812.8639069542
2594,0.9361615289406964,532214.0775960042
2595,-0.1986411668238116,1666289.1250236449
2596,-1.1217711396103227,4806843.424499098
2597,-0.4394075064700832,2193535.032029538
2598,0.23279363413957668,1038666.3216154196
2599,0.2663238933063721,1002778.4372253828
2600,-0.09372072330695694,1481051.4922499552
2601,-0.6718799015495892,2869123.7202537125
2602,0.24551460760984894,1024869.4990812077
2603,0.7358648496762356,633391.662583816
2604,-2.5023107085507563,19283868.09510003
2605,-0.7173182248076202,3023898.473385049
2606,-0.9102997123380209,3777310.9966592304
2607,0.5923746066647754,723674.1742033182
2608,0.32602518108556516,942569.5384483581
2609,0.648340935026988,686465.5588316154
2610,-0.7811071898028112,3255153.5536625218
2611,-0.028005413188163897,1376793.461089515
2612,-0.05791807909316968,1423186.88237104
2613,-1.0429274779098305,4395755.763617633
2614,-0.5345461572616156,2447892.7050378597
2615,-0.612428353734088,2678473.9267029655
2616,-1.1040336880210306,4711391.554838436
2617,-1.5560172179607603,7751678.26668371
2618,0.3769013346094137,894774.3009819099
2619,0.8306077172678621,582288.3803889776
2620,0.6599371564018557,679085.4969892931
2621,-0.45716551876091865,2238850.007566565
2622,2.449076329325704,231334.50486085875
2623,-0.6278631448475465,2726715.214106752
2624,0.17953285417904122,1098927.401392684
2625,0.7614354694213009,618980.5418097437
2626,0.08049184982965472,1222451.6537646342
2627,1.6429685660561983,325402.27586707677
2628,1.6424998257419816,325487.6361660162
2629,0.724734957194431,639813.7919268333
2630,-0.2337008433430336,1733754.055702592
2631,-0.47973151808903763,2297838.6178379245
2632,-0.5225255751165054,2414147.541461647
2633,1.9762634821179743,275527.8478541044
2634,-0.11196622824534924,1511551.5432136266
2635,1.5440461171920996,344555.51582828973
2636,0.716632988180081,644546.9161580463
2637,-0.9414807196516016,3914860.014123904
2638,0.9751982924553383,515344.1556741708
2639,0.04441848239385587,1271440.029752958
2640,-0.19033357527138092,1650726.558863334
2641,-0.19331714331764924,1656297.26439096
2642,-0.13910014856932165,1558212.9202544354
2643,-0.7989171210173241,3322751.0808520005
2644,-0.7948087678047783,3307037.653539513
2645,0.36016915480563266,910150.2319162128
2646,0.40910976387933135,866090.5455210329
2647,-0.09585882549448256,1484589.8024512972
2648,-3.4634314038719345,38669851.819269925
2649,-0.498043984667953,2346887.4399479292
2650,0.3493332218191697,920285.4401589846
2651,1.4090886006001813,374780.3183035033
2652,1.7065002536894074,314275.5283459314
2653,0.8320622992498402,581551.257202908
2654,-0.01498472768908368,1357137.1028449917
2655,1.6164638398916888,330307.0835169062
2656,1.4603796131059446,362691.0398384075
2657,-1.462553070040123,7011315.909806015
2658,-0.15417158793270042,1584819.7095106633
2659,0.8666981522947841,564399.5992506387
2660,-0.8595994393872447,3563440.638963068
2661,0.20312134288169595,1071732.7892078643
2662,-1.2689956611223194,5669498.993614963
2663,-0.6423020210511408,2772633.0369342216
2664,-0.3914772797064763,2075939.44697549
2665,-1.5873033879704364,8013771.960458524
2666,0.5182035482497127,777302.7711421407
2667,0.2636089036174823,1005627.4228461379
2668,-1.4403142940363602,6844315.2670787545
2669,1.0619822284380227,480722.4648514805
2670,0.058175020823567763,1252494.154582663
2671,-1.3789947546417436,6401481.182404966
2672,-0.33877807807239907,1954257.853382615
2673,1.1957489602172664,434316.0602670899
2674,0.5663772597063689,741891.3909473661
2675,-0.3776077537007849,2043158.5672741903
2676,-0.3777675829978445,2043533.206358697
2677,0.08180360500841062,1220712.0724209223
2678,1.0252352450730682,494915.69611145655
2679,0.44610194341876414,834578.2393878613
2680,0.45495914484376954,827252.8573831638
2681,-0.3351108317227685,1946076.1786606107
2682,1.6267269529306498,328388.8459386698
2683,1.3588604695043005,387395.0074817304
2684,-0.1165784196536913,1519372.1000717245
2685,0.7043425145540733,651821.7715626826
2686,1.6467333049087554,324718.47636730975
2687,0.7778081912914325,609998.8591519071
2688,-0.09410074486107203,1481679.6931206328
2689,1.0770437249237241,475094.44468578295
2690,0.6606456121064763,678638.1819769253
2691,0.9550534220337216,523944.637655499
2692,0.08504291342686524,1216428.6358316785
2693,0.1313316728678787,1157103.8679206467
2694,1.5995008406841835,333531.24197612837
2695,0.4902482253615729,798881.4389224295
2696,-1.0023633299156873,4197183.288670231
2697,-1.4226656605355494,6714228.353200384
2698,-1.6426166474886563,8495194.551427757
2699,-0.8291913265105104,3440797.213109906
2700,0.924103142202015,537597.8383733053
2701,-0.43506278611569627,2182594.1006853255
2702,0.44381450670138084,836483.6654201463
2703,1.6514114499313046,323873.1690319978
2704,-2.516389523068422,19515146.69225845
2705,-0.7763553240302181,3237345.5000020396
2706,-0.3008704400301086,1871423.1049804885
2707,-0.3398057441850247,1956557.1406338494
2708,-0.1930098255339422,1655722.5120449937
2709,-1.0693797433402865,4529913.412538186
2710,-0.5611601376335468,2524329.540990009
2711,0.27595400691238064,992752.4669007655
2712,0.012750938200767328,1316325.2603643879
2713,-0.6381281809045065,2759280.538818275
2714,0.12605016099217503,1163697.9154745715
2715,0.847166300197312,573977.951073823
2716,0.08202815226117725,1220414.5792605216
2717,0.005517970745186303,1326831.206243623
2718,-0.0036714199324686205,1340317.724032197
2719,0.47553724170975176,810552.3382507063
2720,1.856296938369363,291214.61277180753
2721,0.674431530739873,670014.5196393364
2722,-1.2999402002578977,5867552.928803587
2723,-0.1857141695734735,1642142.0112072409
2724,-0.28246978495245634,1832575.3749085758
2725,-0.18554751197314973,1641833.216935517
2726,0.28063381329188836,987924.7202051303
2727,-1.1542379954777016,4986152.38023459
2728,-0.5353531750844682,2450175.437078875
2729,-1.4442089367362825,6873312.732416022
2730,-1.0677750155171661,4521667.956253067
2731,-1.1867767234134718,5171940.850841142
2732,-0.21897582040759317,1705062.9903034118
2733,-0.2875087340284905,1843126.888148845
2734,0.42613350321041527,851402.439055778
2735,-0.5222886955069158,2413487.358107172
2736,-0.5742021376284513,2562669.168106762
2737,0.8586922146635634,568296.6790204796
2738,-1.3520079522469661,6214616.418815969
2739,-0.8103239816529535,3366760.6930719353
2740,1.3719889134205876,384020.80076780176
2741,-0.27603595636325257,1819197.282775406
2742,-1.2013687768371963,5257274.150417349
2743,-1.4848183757698337,7181997.364828729
2744,0.8287409658466651,583236.3932523121
2745,-0.845951311630413,3507882.14843145
2746,-1.1973244475699603,5233496.853290956
2747,-0.39670148923554766,2088429.970163944
2748,0.2903291133416306,978014.4762329713
2749,0.33514117290656337,933774.6258333726
2750,0.31719453780040047,951187.7205542902
2751,0.24594294353521565,1024408.8295342287
2752,0.7550695754130009,622524.0714390087
2753,-0.8101633923079923,3366137.2038821573
2754,1.1572077026563463,446888.4349373698
2755,2.320816182194831,241061.96249875295
2756,-0.14203832324937743,1563360.856832153
2757,0.27531605589348296,993412.827434801
2758,0.33698329974366237,932009.8332179504
2759,1.0851135595100723,472123.11657522334
2760,-0.14961381238528731,1576720.8674973662
2761,-1.2886055211205523,5794307.086012744
2762,-0.6974035702566895,2955071.099834564
2763,-0.5303063507222102,2435935.6374630122
2764,-0.5489080731700114,2488843.2897345223
2765,0.4407839534141001,839016.7497440161
2766,0.3772812124520553,894429.034213669
2767,0.04465224550548059,1271115.3253144573
2768,-1.6536346250661291,8593886.797584463
2769,0.13571761083304718,1151661.4963929108
2770,0.44916045154552897,832039.2534458614
2771,0.8228930375055181,586220.9602496021
2772,-1.6679345918958202,8723379.701309716
2773,1.9925770081436658,273563.09964440006
2774,-1.0982651204371952,4680725.473039651
2775,0.9454895431384074,528105.9931476051
2776,0.26936275094013207,999601.3134014345
2777,1.4986544226948542,354160.26767394267
2778,-2.074882381500713,13110892.40470415
2779,-1.0952213734470961,4664618.740712185
2780,0.5617534926917873,745195.7576986083
2781,0.18770417384434018,1089414.156027486
2782,-0.3921285358749445,2077492.2387189018
2783,-0.7800792622813569,3251293.2194621214
2784,0.5300359684576021,768400.5742067014
2785,-1.8158501690158422,10158107.889095819
2786,2.3262675317209665,240619.3292521669
2787,0.8996835837427428,548758.5540003873
2788,-0.4974307960856643,2345227.718779042
2789,0.4646393311303339,819341.6648685584
2790,-0.13474882777020664,1550623.519567581
2791,-1.0876409281288202,4624726.301288225
2792,-0.2832937879468042,1834296.3814243977
2793,0.8826925530885099,556732.7498314013
2794,0.05022731771703438,1263399.7321367639
2795,-0.5256745898646917,2422941.4339129836
2796,1.0737707957383522,476308.2728994129
2797,-0.9477166655088941,3942932.459661133
2798,-0.5528521883151236,2500211.0563301533
2799,0.15802829225901419,1124441.9571333898
2800,0.446204892449388,834492.6149410442
2801,-1.1254067684527695,4826625.476293306
2802,0.8617077747465522,566824.0835555361
2803,-1.0424307311192822,4393272.031067407
2804,-0.8754480717156138,3629017.9983963645
2805,-1.4379076463706932,6826449.258097261
2806,-0.6156388461762237,2688437.099048257
2807,-1.0648074279363604,4506456.358987873
2808,-0.07830830499633905,1455823.6233503346
2809,-0.29222123213111095,1853053.8642010225
2810,-0.1262167438743084,1535861.0052311835
2811,0.3280981195653976,940560.5728580953
2812,-0.1292344481314167,1541064.426143532
2813,-1.1051520868559561,4717358.346769619
2814,-1.0357572186751258,4360030.665393242
2815,-0.9868571474575268,4123515.43845263
2816,-1.552766421535434,7724862.136748369
2817,-0.9350096164685292,3885929.0138581716
2818,-0.026403348689093605,1374357.547270985
2819,-0.007233475327519789,1345587.5833257395
2820,0.13605086974820582,1151249.2049302596
2821,0.8814106789468468,557341.4316281301
2822,-0.48269852671423513,2305713.220481358
2823,-0.8585119935906476,3558983.038564474
2824,0.9151701576247704,541640.1319762276
2825,-0.42806087806096554,2165081.3278693086
2826,1.611989399978204,331151.00476184685
2827,-0.8377535435328303,3474912.897697551
2828,-0.19312139452689198,1655931.1455156968
2829,0.0761857650606267,1228182.5216224098
2830,0.3042530040621852,963995.4023420255
2831,0.1964993312378053,1079284.752461652
2832,2.00365832771905,272250.05068686476
2833,-1.056018473466503,4461682.250556281
2834,-0.021666232753296537,1367183.4690656415
2835,0.8978899513456127,549592.1633058754
2836,0.2841855495503613,984279.9580131223
2837,-0.4364579705387984,2186101.2631712137
2838,-0.7937753745892542,3303096.5702450564
2839,-0.8460084992187271,3508113.1973173474
2840,-0.13496232400540825,1550994.9332051359
2841,0.06855109111263653,1238420.4766586574
2842,-1.5590925902740096,7777119.1844419865
2843,-1.5613118706252886,7795521.584015211
2844,-0.23476351297178452,1735844.8311206065
2845,0.13030447578250692,1158382.8748500373
2846,0.2650036709326496,1004162.5821645237
2847,1.9705508520864419,276224.91999081924
2848,0.7460790989595841,627578.2139151626
2849,-0.5032535069348376,2361036.920754407
2850,-1.0314955975450109,4338925.660851286
2851,0.7120451032650432,647249.0871717598
2852,-0.5102156709581529,2380083.7448617565
2853,-0.9274995060672044,3852606.8401463474
2854,0.46475836187336594,819244.9978779316
2855,0.8018447713202426,597150.6361011888
2856,-1.147949068162515,4950950.761922382
2857,1.0340599888934554,491446.2773493892
2858,-0.23229750459633305,1730997.211923273
2859,-1.1983137841924494,5239304.354762334
2860,0.2655656607838958,1003573.0961153675
2861,1.0844299991918096,472373.62304889504
2862,0.07346718345655484,1231816.7472618667
2863,-0.8013534717273781,3332103.768442138
2864,-1.4891071889095182,7215278.371627914
2865,-0.9933465513672814,4154197.057354781
2866,-0.15094109856001459,1579074.628444015
2867,1.7800514198029596,302428.29472485
2868,-0.1393471976132375,1558645.0473840116
2869,0.9702295606498733,517444.9256921159
2870,0.46238795694896295,821172.8355832599
2871,1.3317950062150934,394529.2057095091
2872,2.5589340774137326,224035.269500986
2873,0.9984675817759777,505681.551695966
2874,0.3142360130752051,954096.9470770671
2875,1.2899585581184847,406045.8187566867
2876,1.0708829887661049,477383.480865935
2877,0.30236472766418426,965881.9650957395
2878,0.008724724546220627,1322161.548241163
2879,0.5877947934102792,726839.3264107305
2880,0.7022670841258685,653061.6310262358
2881,-1.4989644169856526,7292267.784662434
2882,0.9080650859040224,544888.4573414609
2883,0.12183644507173373,1168990.629084066
2884,2.6541594550141334,218374.99931523539
2885,-0.12053155796228847,1526111.037878118
2886,-1.1910704641981777,5196919.573784013
2887,-0.29038191998439034,1849172.504352542
2888,1.0322780530618914,492143.69568626845
2889,-0.6233841989928786,2712627.0765725733
2890,-1.713031026018226,9142234.587964261
2891,-2.529821869402481,19737448.18031832
2892,0.8941150346414108,551352.8676167319
2893,-0.8648173673528438,3584904.414860898
2894,0.31762507017046193,950765.2808202665
2895,0.030596021181552042,1290811.3525143734
2896,1.074389909179255,476078.2747030253
2897,0.41850717819113603,857942.7298286593
2898,1.4953936300288968,354871.3113654945
2899,-0.5700642763323186,2550441.4784357864
2900,-0.2949818767469622,1858895.8510569443
2901,-1.009641023160702,4232181.880881633
2902,-0.7393439455399058,3101865.0060939896
2903,-0.4072198711374773,2113818.190349979
2904,1.5718561822740207,338932.46494821104
2905,-0.5378906978842604,2457367.2571712267
2906,0.5378151227707967,762621.3022518933
2907,2.122492772852773,259198.21739421296
2908,-1.1488778295010693,4956135.1322500985
2909,-1.5146349027896213,7416097.0717109265
2910,0.5658001357102925,742302.758229663
2911,0.0687537919377562,1238147.3778305862
2912,0.1956069402400578,1080307.3506272743
2913,0.38709632214795686,885566.3251277978
2914,-0.6509221249773693,2800414.548003321
2915,0.938514017250683,531173.4055831644
2916,0.37937507540305887,892528.9643768591
2917,1.8008320047110509,299268.6978420742
2918,-1.5158301824849005,7425614.956373869
2919,0.9899466004285307,509186.6042119562
2920,0.7235829419066879,640483.7885088095
2921,-1.0661870396374893,4513522.2340625385
2922,-1.026998586250188,4316758.051337311
2923,1.6778651508943014,319183.461963049
2924,-0.2655730285701756,1797665.3494552183
2925,-1.509023212919562,7371549.78692639
2926,0.9934899592804122,507724.42991211754
2927,-0.7639449020869429,3191283.7603737116
2928,-1.2601688482737765,5614104.48746746
2929,-0.495988506232242,2341328.6253527915
2930,0.4256154571934258,851844.6858555408
2931,-0.34724612055545234,1973290.06338715
2932,-0.8415978220628075,3490336.1943458067
2933,0.767231516797504,615779.3357733226
2934,0.5503272544724385,753446.3440055483
2935,0.6801714760927935,666468.8121808814
2936,-1.4024086686564654,6567550.686985887
2937,0.5863347239676346,727852.3231120012
2938,-0.2743824844420187,1815776.157617723
2939,1.8985969168785795,285424.3137125637
2940,1.412047601489687,374061.6273720675
2941,-0.7901169450310447,3289180.997079551
2942,-2.3429955950822987,16790527.365805853
2943,-0.280753858494003,1828997.0718123561
2944,0.9829798443509347,512080.8264721077
2945,0.5479846901217742,755152.8883943931
2946,0.0991156034031399,1198022.715712896
2947,-1.1747407097282099,5102499.246234051
2948,-0.3859704544712904,2062858.192486383
2949,1.3088598609124207,400767.5736480545
2950,1.196492199484276,434079.59516109957
2951,-0.49854698107412404,2348249.805743362
2952,0.14690573536720872,1137915.1746722485
2953,-2.1887495210940457,14594692.97235698
2954,2.1705273116369335,254417.17673017277
2955,0.36511074977156516,905574.7743435621
2956,0.35887067845637227,911357.3218313524
2957,1.0991360705040298,467032.0430992412
2958,-2.068614826044406,13032570.654931441
2959,0.40370110711395873,870824.7958712934
2960,2.032564189580771,268905.001594332
2961,-1.2279256295774255,5415836.803040792
2962,1.0395569697814666,489304.8163297697
2963,0.21827513306132626,1054689.1032481918
2964,0.9390872403022572,530920.3029175682
2965,0.10887125572860197,1185454.5678798198
2966,1.6221754569487796,329236.55667643266
2967,-0.8774198311228784,3637257.0950429346
2968,0.5360314838884637,763941.2916145911
2969,-0.6940176182390732,2943524.0394089143
2970,1.409984535769857,374562.4300892292
2971,-0.16510640964859488,1604438.0734500207
2972,-0.3345683434881953,1944868.9750760307
2973,-0.13478019664149501,1550678.0849608989
2974,1.214332105651035,428469.9989683783
2975,0.5886621352747891,726238.4651081811
2976,1.9007478351173002,285137.67337201454
2977,-0.9455305085855227,3933069.403043761
2978,-0.15865756047156393,1592835.8664283091
2979,0.48667889160561156,801692.8960500519
2980,-0.25478525796260804,1775752.448599886
2981,-0.17363629421265075,1619927.6015731671
2982,0.45745570602264185,825203.0939082012
2983,0.17153439893753875,1108335.820611219
2984,1.1283373862383517,456717.09230846324
2985,1.3138106326877297,399405.6882934624
2986,1.7189034587420127,312202.45709065464
2987,-0.12460201944814564,1533084.7624496524
2988,-0.5351157992783524,2449503.7697601146
2989,0.6796296405308914,666802.3992578074
2990,0.5411211498870825,760182.6620127104
2991,-0.28285798561889136,1833385.9516222463
2992,-1.291687141515506,5814140.257763599
2993,0.9232464116808388,537983.5184974619
2994,1.943411659631004,279602.12222119607
2995,0.23844469674173777,1032509.6397591033
2996,1.149975860301253,449316.74212038395
2997,0.5830825155809449,730115.5614951899
2998,-0.49290688208436917,2333020.097201185
2999,0.7295293556682814,637036.0721253336
3000,-0.18763158740297928,1645699.317637619
3001,0.4835019345359592,804206.1714535165
3002,-0.7305033407819068,3070336.1050746115
3003,0.07263779805178985,1232927.9705863483
3004,1.0493542507317237,485525.1095357751
3005,1.072600989230884,476743.3467639019
3006,0.953844816609962,524467.7095205785
3007,-2.532270670920782,19778147.72611613
3008,-1.5289271824305317,7530583.626243446
3009,0.24962867154040536,1020455.2839475228
3010,0.2228536668754946,1049604.0760125408
3011,-0.299507281511233,1868515.1156853666
3012,-1.24816918438081,5539571.8724992275
3013,-0.5959913419369112,2628044.4232732826
3014,0.9637342778088851,520211.32286698726
3015,-0.40759359910078985,2114726.1888533863
3016,-1.0840784749030405,4606087.434388694
3017,-0.03505612968040994,1387572.439324232
3018,-1.0662866850328483,4514032.978436431
3019,-0.42327182979274225,2153187.706118659
3020,0.4164901097804725,859683.3006977474
3021,-0.06515573503137381,1434676.216105345
3022,-0.9338162083478191,3880615.6937297443
3023,-1.6372724710873354,8447661.913711134
3024,-0.3017309763206877,1873261.3588129072
3025,1.7814509425988705,302212.99158932554
3026,-0.45801038217422624,2241030.0116190435
3027,-0.3637895137587691,2011041.0400888915
3028,0.11006007326858398,1183933.629225419
3029,0.22864247892221906,1043217.2951164623
3030,0.16614875602155735,1114725.0581126318
3031,0.41782747893611966,858528.7527480316
3032,0.39417420156390226,879244.2054189419
3033,-0.060080573123584106,1426608.7978741152
3034,-0.7208425514341087,3036242.8189492957
3035,1.270195877305702,411700.698320303
3036,-1.0277439396877996,4320424.897562825
3037,-1.4602203469599249,6993636.079092039
3038,0.07860153401501647,1224963.5821883103
3039,1.066018950750572,479203.45761857304
3040,0.931520800570617,534276.2115777254
3041,0.5975040383850907,720151.2578471511
3042,1.8993631919220857,285322.111852862
3043,-1.3998469931462687,6549201.021991201
3044,0.43529316616960917,843631.430690776
3045,-0.8910631416244339,3694758.8291747994
3046,-0.10892091069732304,1506412.4274266066
3047,-0.5765396491316057,2569602.9513895796
3048,0.49722889703249185,793420.1468728813
3049,0.07893222173171544,1224523.716709161
3050,1.236292000390063,421736.50464841246
3051,1.0248990733733603,495048.6348716146
3052,2.138308297030971,257594.4116735033
3053,0.8043112493069301,595854.5399799196
3054,-0.7906697635256091,3291280.0881358394
3055,1.6267261244879103,328388.9998033069
3056,-1.18314481355363,5150897.072480735
3057,1.6689629013368132,320744.6873554128
3058,1.9064468018235483,284381.7718305169
3059,1.3460086183811697,390752.4073197923
3060,0.7620968274883251,618614.0615784508
3061,-0.22103261329977383,1709039.3344892669
3062,1.8149174039007103,297171.8946047827
3063,-0.14605616652250702,1570430.9877420955
3064,-0.940306366940613,3909594.6173096434
3065,0.4907667288154876,798474.1021127237
3066,0.2523297606417851,1017569.7296451011
3067,-2.0504744326467033,12807837.191799734
3068,-0.3583810050462382,1998615.744121016
3069,-0.9331848249730467,3877807.419328762
3070,0.378534847195351,893290.8134866682
3071,-1.5423472991791765,7639438.505190654
3072,-0.25116424272479154,1768462.021950798
3073,-0.362992071920702,2009203.9061873113
3074,-1.5208693294969893,7465854.88549454
3075,1.1134389951070618,461931.884169635
3076,0.05416463621196955,1257983.3722971748
3077,1.3203680682671468,397614.8433662522
3078,-0.1030755460669195,1496602.6565351565
3079,1.190223840353247,436080.89847335947
3080,1.2496459559379136,417732.272582572
3081,0.0994443408261745,1197596.6678875093
3082,0.17174676776531692,1108084.7746552613
3083,0.49634904560862664,794105.7957032174
3084,-1.0565629964792724,4464444.234108549
3085,-0.8030341676437923,3338570.5419851867
3086,-0.2157720843304055,1698889.3540362974
3087,0.13720278563402152,1149825.4560687693
3088,1.5262889230835441,348248.59512418247
3089,-0.6303064428700146,2734431.3334815754
3090,-0.4057445402913421,2110237.7573122
3091,0.6767473698926514,668580.8157018889
3092,0.7855990669209946,605790.8788398679
3093,0.5014160313670564,790167.819911745
3094,-1.6457754263659679,8523393.087146888
3095,-0.6542890285535136,2811341.0693819867
3096,0.0014409656367650818,1332795.430428739
3097,-0.5564014664821231,2510486.011244983
3098,0.5112855040299966,782570.7457864289
3099,-0.32247991439876567,1918174.1932191474
3100,-0.71164103043198,3004117.553975126
3101,0.18675134208638913,1090518.3692288545
3102,-0.6401956827076819,2765886.5999058457
3103,-1.0252689523815093,4308260.098032833
3104,-1.168791458618157,5068487.891951699
3105,-0.1197052907293788,1524699.748720947
3106,0.08443662027909318,1217229.0189241644
3107,0.05782357470976246,1252974.084411415
3108,-0.8652175646321346,3586555.7294755187
3109,-1.4000798861462451,6550867.431092948
3110,0.5245594775075272,772503.9999001286
3111,1.3702657102911504,384460.52857363975
3112,-0.35914043679954266,2000355.5213193395
3113,-0.1151635077484474,1516968.1519391236
3114,-1.685491356139376,8884545.11885109
3115,-1.0496548140691877,4429521.044428625
3116,1.3883096028229212,379902.83899432706
3117,-0.02280847246234627,1368909.4155080845
3118,-0.17297068777553906,1618713.0152670566
3119,0.9440898748062629,528719.2881824034
3120,2.2781557863304447,244622.18786177013
3121,1.383371034651817,381140.04179336684
3122,-0.7726755804544543,3223620.676516764
3123,0.6179959709960618,706307.1112688832
3124,0.24021082867234245,1030594.5859579262
3125,0.244699911086825,1025746.3906236344
3126,-0.07392685270749348,1448740.1728231271
3127,-0.03187302532058318,1382694.3552455786
3128,0.2887459276261085,979624.3694868821
3129,1.0137204084454745,499501.86618348083
3130,-0.4350424262231252,2182542.9641668405
3131,-0.9565190220247662,3982882.140039399
3132,-0.034988241367887835,1387468.1972889206
3133,-1.0335935926325985,4349303.743861465
3134,-0.6704089801022852,2864247.0152173056
3135,-0.778338100997428,3244764.553787153
3136,-2.2384963805736984,15279424.825109556
3137,0.6425972606443807,690161.9363940958
3138,0.8476762416017692,573724.8139991381
3139,0.09542181419145451,1202822.1445802446
3140,0.7753910781545772,611312.9676313042
3141,-0.7944835602807593,3305796.9067081767
3142,-1.931352015428754,11403599.51793619
3143,1.5558133439763504,342152.5996209145
3144,-0.19965262939155273,1668194.8347192502
3145,0.21912599016893083,1053741.871264737
3146,-0.7018390300447183,2970265.186434242
3147,-1.5701077825641911,7868817.120258967
3148,-1.4484518139353224,6905023.027553389
3149,0.3269688157399494,941654.3632474315
3150,0.8660542429577126,564711.5595866868
3151,-0.8815874404682993,3654730.6464955425
3152,1.321123051528012,397409.6030530198
3153,-1.684309474755731,8873620.033061607
3154,-2.191850295655619,14636722.09660101
3155,0.33018255060500357,938545.845696755
3156,-0.1715843428158138,1616186.4544790753
3157,0.6209685561662746,704329.0187754708
3158,0.3528129775084832,917015.3369764363
3159,-2.4938858379017677,19146313.62013775
3160,1.2140318380029913,428563.3712839984
3161,0.4968491488322513,793715.9810794868
3162,0.0956913612541599,1202471.1546468155
3163,1.6457919505220255,324889.16048373433
3164,-0.7945260088137114,3305958.8326234613
3165,0.9175161591563272,540574.0533933032
3166,-0.2768313179360594,1820845.4008143626
3167,-0.5652544276904949,2536302.4072833564
3168,-0.6903755038769035,2931153.315586792
3169,0.6720347699610743,671502.8269604581
3170,0.9110151469437816,543536.1462832284
3171,1.4681062506747768,360936.0023450339
3172,-1.7932881004546,9927820.577878457
3173,-0.08933046386932664,1473815.6938721605
3174,-0.8933908121364632,3704655.5179345203
3175,-0.3326921939635817,1940700.0996914385
3176,0.368541820901759,902414.946740154
3177,-2.471664953710022,18786548.731797583
3178,0.6209688569884091,704328.8189775968
3179,-2.28866700744546,15992597.38387684
3180,0.6203955081913005,704709.7621209099
3181,-1.046011700016684,4411206.067277782
3182,-0.5102662292016613,2380222.635890471
3183,0.6063444046605306,714133.9797837056
3184,-0.5908636520397211,2612509.3319354737
3185,0.9680069973318591,518388.949798715
3186,-0.1786296007011533,1629071.3230991806
3187,0.891426789511044,552611.9275893925
3188,-0.7215707486937432,3038799.599975028
3189,-0.4125592471069349,2126829.430231875
3190,-0.7135079103590167,3010608.1405065903
3191,0.2485047773835509,1021658.8707185867
3192,0.825116133726622,585083.7330986375
3193,0.009086347261089867,1321636.1383358794
3194,-2.1410549934640075,13959092.787536617
3195,1.042409409872846,488199.49265969533
3196,-0.6295758623930954,2732121.811886618
3197,-0.9738603394156575,4062705.7093840195
3198,1.2213266427220084,426304.95816122205
3199,-0.08497742644091688,1466680.3448971724
3200,-0.2916249072201392,1851794.5286794002
3201,0.3274478179732323,941190.2308907243
3202,0.0884032578449177,1212003.6922520904
3203,-0.20976896458755112,1687386.793793239
3204,-0.47714489101855745,2290996.231795632
3205,-0.6751370108171207,2879951.7945871865
3206,-1.3815383864853803,6419344.0633811485
3207,-0.13889457727622712,1557853.4453815152
3208,0.7593442858963573,620141.3874735838
3209,-0.3127024250168599,1896868.3370068737
3210,-0.18545352757799655,1641659.1045032644
3211,0.9999626986720223,505070.4695633387
3212,0.01693246489721019,1310295.1174625338
3213,0.28842602342262197,979950.0668187648
3214,1.676880519886222,319355.30388437794
3215,1.3545111512249823,388525.15928748716
3216,2.0355326565209495,268567.91698043054
3217,1.0549253111199353,483396.8046844009
3218,-0.09968335082603198,1490942.5679389976
3219,0.357177446400771,912934.4090402259
3220,-0.028959384303677206,1378246.2906882614
3221,-0.922710771497844,3831501.076982904
3222,-0.21866781912440528,1704468.4074615345
3223,0.5657280325831742,742354.1739788995
3224,-1.1584941365300845,5010104.684782078
3225,0.012998230677250923,1315967.756778961
3226,-0.6525338027461102,2805639.5790103227
3227,0.46142302697725907,821959.2925789016
3228,-1.0413341802535687,4387793.893604609
3229,-0.10557275348784698,1500784.7486581493
3230,-2.1474475437436618,14043100.236304339
3231,-1.1827475872289739,5148600.192678666
3232,-0.1438978347474869,1566628.6168072182
3233,-0.26870221824684937,1804076.0596491045
3234,-0.8851645144469598,3669792.30184063
3235,0.36026546283109373,910060.782120957
3236,-1.1242189466761294,4820154.168781919
3237,-0.7763397739173222,3237287.3808549754
3238,0.29596085589139426,972314.1099695687
3239,-0.776329500724194,3237248.9849578044
3240,2.6279700898214173,219874.66121101426
3241,-0.3367693235956771,1949771.7775365512
3242,0.5598498375038795,746561.9268885786
3243,-1.697244140562854,8993783.51952886
3244,0.8179227866055738,588775.2690759777
3245,-0.9772479254687956,4078473.892414997
3246,-0.1698233997443738,1612983.459127167
3247,0.8806247890849741,557715.0964791283
3248,-0.2840193339195796,1835813.1894047237
3249,-1.136184721906551,4885708.159690543
3250,-0.08951663906770595,1474121.7326616351
3251,-1.0661759555798302,4513465.424703826
3252,-0.35598848161618984,1993145.1892506396
3253,0.11224452319098766,1181144.8834048565
3254,0.4508619620187799,830631.0800177505
3255,0.6740531363398398,670249.1847202976
3256,-0.48746406853603597,2318419.570967857
3257,-1.7368097542187568,9369578.65651541
3258,-1.9207441120152837,11284502.219632091
3259,0.24751279696882933,1022722.6276850844
3260,-0.8128021527353217,3376396.4181406437
3261,-0.4392765202953224,2193204.347330196
3262,-1.9864856985157848,12038188.221772494
3263,-0.04223505253180717,1398645.936695417
3264,-0.4349551515347935,2182323.776579577
3265,-0.8062495343391591,3350976.208166724
3266,0.3791100732247858,892769.1576083963
3267,-1.4320566114418711,6783180.744583658
3268,0.48683852398715605,801566.882456562
3269,-1.9307555625076405,11396877.45020379
3270,1.9554870569642564,278085.95461048424
3271,-0.02264675234750737,1368664.90260513
3272,2.2993315148012745,242833.36371745533
3273,-1.625276871822367,8341768.233178916
3274,-0.3178775770590336,1908113.731677911
3275,1.1700418173536231,442633.47151618125
3276,0.7175358583524218,644017.019254948
3277,0.5666611049466538,741689.1814368309
3278,-0.1719698362196459,1616888.5656165427
3279,-0.7085679457930841,2993463.4479524437
3280,0.1510677701638489,1132851.189713307
3281,-0.0019381676590286237,1337762.0117618486
3282,0.3151792561483638,953168.223357894
3283,1.1338235653251296,454821.5335608394
3284,-0.24299574366704738,1752134.5368819446
3285,-0.4431034094016538,2202887.045745371
3286,-1.2968186004590803,5847299.522935835
3287,-1.6766641508204667,8803212.767286977
3288,-1.2096489656019869,5306258.668618889
3289,1.0092360942236467,501306.2124777767
3290,1.1981641420095825,433548.4714398398
3291,-1.3275557054105886,6049441.499835456
3292,-0.522251794911986,2413384.532814839
3293,0.39878340305244947,875157.9544246854
3294,0.38746396410272116,885236.5223190587
3295,0.9779719628558611,514177.2440400669
3296,0.803958678151872,596039.5592523334
3297,-0.36083028343201534,2004232.531422724
3298,-1.308471254503279,5923220.339018548
3299,1.114726062328906,461477.47271724534
3300,1.569381202136426,339425.0861343484
3301,0.2859129123916655,982513.3330928629
3302,0.3027384436227722,965508.226002373
3303,-1.587332733906743,8014021.231398651
3304,0.7998451987667872,598204.3986314823
3305,0.9314628562254048,534302.0369923762
3306,2.7402391939172865,213727.81555230086
3307,0.27440722124004197,994354.5185826512
3308,-1.0306449311925199,4334724.267755218
3309,-1.4939678080774974,7253155.169662376
3310,-0.2394167699867131,1745032.280199159
3311,-1.1498829197624847,4961751.140095251
3312,-0.9185928342394614,3813439.627847597
3313,-1.307298515711632,5915540.354226195
3314,-0.2923795142186415,1853388.2829780458
3315,-0.158085981186015,1591812.0050474398
3316,2.5930621040521915,221939.87100317507
3317,0.31528009071611923,953069.0073408921
3318,1.228216089131358,424191.087602557
3319,-0.03928129602966131,1394077.6743037128
3320,-0.5195996876937123,2406006.047701522
3321,-0.09206983508427866,1478325.9247717878
3322,-0.28342678345285316,1834574.3176131744
3323,1.4456619655319505,366081.15826078074
3324,0.4484727039675187,832609.3095222475
3325,1.2553251846258104,416049.69736165873
3326,1.4356195093396835,368430.3651688822
3327,-0.5280898323342551,2429708.419132176
3328,1.4562347425311941,363639.49925631285
3329,-2.6268326049284147,21390200.246963754
3330,-2.536794511001827,19853474.61663259
3331,-0.31943270300153115,1911506.8435824509
3332,-1.4555165777549222,6958102.053071409
3333,0.008573316543888874,1322381.6035243769
3334,-1.8427500190157804,10438171.448894626
3335,-0.950778563686147,3956785.818052655
3336,-0.20709610479798998,1682292.7035877674
3337,0.28218674589592374,986329.0748473804
3338,1.326141328133173,396050.33827322937
3339,-0.6371666640943237,2756213.6961301914
3340,0.6396759872580636,692052.4495358639
3341,-0.26594565239220685,1798427.4465206417
3342,0.8672457753920405,564134.4901977692
3343,-0.8435783988301325,3498308.03873836
3344,0.44654914951962565,834206.3728217977
3345,-1.0435541886219633,4398891.175813199
3346,0.03771909667580339,1280786.5696490472
3347,-0.7854901790635138,3271663.873816403
3348,0.40773149260103025,867293.8383717706
3349,0.43110039885319806,847177.1992959179
3350,-0.1101678056308491,1508514.2604920196
3351,0.8208711634860176,587258.074304878
3352,1.028770885183094,493520.9791475004
3353,-0.8213989133649026,3410030.2688212846
3354,0.23939199036053563,1031481.9321026087
3355,1.520921377402194,349381.02210528817
3356,-0.9700286440190697,4044939.460289201
3357,-0.005292037514215618,1342712.4058034574
3358,0.4955307709927314,794744.1560178836
3359,-1.5680722471802735,7851804.075919071
3360,2.021891083000627,270126.8077574075
3361,-0.8263998082389908,3429744.6724782437
3362,-0.5259176597602134,2423621.589247194
3363,-0.16865154916489195,1610855.8426869595
3364,-0.9816816684506435,4099198.554759258
3365,0.47706936752516405,809326.5040212685
3366,1.352219404532636,389123.1463719893
3367,0.6206773017585004,704522.4983282529
3368,0.4573891731652359,825257.634394176
3369,0.8004311111241647,597895.3460007282
3370,-0.5136302809305071,2389482.905231392
3371,-0.6363908923507472,2753741.793123401
3372,1.6178165210329924,330052.8697623927
3373,0.7579037139094802,620942.8866418528
3374,-1.4462987576474569,6888915.912605535
3375,1.7042106454549555,314661.66186784965
3376,1.4394646528309012,367527.3994888418
3377,0.6933583037680324,658421.4897215519
3378,1.2901556868756918,405990.1190148873
3379,1.5112302709829317,351444.8269357653
3380,-0.05721207479037419,1422071.7131880536
3381,0.9927617473814381,508024.387882912
3382,2.671047384963192,217429.81950910005
3383,-0.6210493958505529,2705312.1666634255
3384,-0.18221562534996372,1635673.030337859
3385,-1.128818626402077,4845257.635287454
3386,-0.23340972550882833,1733181.7660894
3387,1.369618626169453,384625.89735077997
3388,-0.9723258914346381,4055582.2065323647
3389,0.9895842366080163,509336.50782238954
3390,1.50736413154599,352275.1107002572
3391,-1.9461958325166497,11571873.649311276
3392,-0.6794448587952819,2894335.443708887
3393,1.5187060200425264,349850.6145994727
3394,0.5068263050174239,785991.2908865295
3395,-0.9413998313020677,3914497.1232398413
3396,-0.4437865345188907,2204620.1450763117
3397,0.33697587229265896,932016.9404901422
3398,0.9973807875388303,506126.4777859452
3399,2.024022119775921,269881.62292151875
3400,-0.1520311925995358,1581010.667248839
3401,0.7353865149063118,633665.7832995047
3402,-0.1962852041167442,1661859.455757526
3403,0.2697103262962449,999238.7101344806
3404,0.8704742460836385,562575.3387066652
3405,-0.783791102167383,3265253.9415644063
3406,0.698080113976664,655573.0199988026
3407,-1.4132276643654382,6645540.739035067
3408,0.5513572057215421,752697.6574770674
3409,2.235507466277229,248359.04784798154
3410,0.08850018421999047,1211876.337819926
3411,-1.328057388391161,6052791.242286297
3412,-1.1418587340524093,4917076.563047267
3413,0.7474711728608947,626791.8093303428
3414,-2.0949985131040925,13364621.733505277
3415,-0.5143530982923987,2391477.434489914
3416,0.15603983508298275,1126836.6814176461
3417,2.4043481274647336,234569.28319816245
3418,2.2564037066007407,246505.29448649054
3419,0.04862498492744156,1265611.7072427562
3420,-0.9379148750303586,3898892.7048297427
3421,1.252710770344151,416822.766813518
3422,-0.2867112907297105,1841452.7117893465
3423,0.276525982339738,992160.8577009841
3424,0.6490135172152883,686034.4988697827
3425,1.278433862395409,409326.3508523561
3426,0.16739800009608216,1113239.1162063933
3427,0.7485971525986287,626156.7544120048
3428,-0.5967283048805585,2630284.8171883486
3429,-0.9066280295342656,3761419.7143195267
3430,-0.24699869552764517,1760115.2875570483
3431,-0.7577336004380291,3168471.550894685
3432,0.8544825994970243,570361.920448168
3433,2.3649103042766946,237558.6675812171
3434,-0.12517215491959555,1534064.375193529
3435,-0.05078393057562964,1411963.4235407324
3436,1.7520868765616717,306808.0501910317
3437,2.412112688938688,233996.12250424398
3438,-1.1694370085971177,5072168.479109394
3439,-1.2582761625685588,5602289.504876696
3440,0.6929756765842091,658653.0714524924
3441,0.0652584756361936,1242866.4452172832
3442,1.1942496594916865,434793.7478058224
3443,0.7379393371241384,632204.7793322881
3444,-0.004676268378468664,1341801.9479130106
3445,0.3292919805224848,939405.9761681135
3446,0.6672914914659934,674461.8083312204
3447,-0.9704776102861887,4047017.3736246265
3448,0.10647433134521235,1188528.1098762718
3449,-0.6356394724984733,2751349.6024301494
3450,-0.20367796747711744,1675802.6812110585
3451,0.7595619357606805,620020.4214026744
3452,-0.833523225102053,3458016.802606734
3453,-0.06779772470230105,1438896.2393963234
3454,-0.887694852215738,3680482.393229697
3455,-0.43893562860968055,2192343.9832595442
3456,1.3475164256033023,390355.69914654957
3457,-0.1610174994315097,1597070.891481421
3458,-0.2356293738809696,1737550.4144074542
3459,-2.0457192892408482,12749407.813967556
3460,-0.9309054043361832,3867685.0094180615
3461,-0.814521334022314,3383096.708779502
3462,1.0293561565611262,493290.71135612566
3463,-0.23079971830717927,1728060.0795832688
3464,-1.4559889909223338,6961663.835839089
3465,-0.37600170880752,2039398.022468367
3466,1.6775768157533277,319233.7619435139
3467,0.08288143861575806,1219284.8678594215
3468,-1.1749538112477729,5103721.35686492
3469,-0.1256863385273333,1534948.4478169412
3470,-0.21500050825211056,1697406.1613012562
3471,0.2726277075886094,996201.5403475045
3472,0.21088198050460216,1062963.1149980514
3473,-0.7570783967266094,3166074.5174073544
3474,0.5822628361872592,730687.4795599364
3475,1.4339658667741462,368820.02967265
3476,1.6069490583602848,332107.251395269
3477,-0.9022323210162363,3742478.5613337816
3478,0.0896912683968518,1210312.6139626673
3479,-0.6465635367215421,2786332.7449080762
3480,-1.2849071576176856,5770583.757618484
3481,-0.467117562313053,2264669.4915135875
3482,1.1531070961881476,448262.59988126723
3483,-0.9323703656451034,3874187.7026828695
3484,0.2622431223200263,1007064.3559431952
3485,1.1564889291049563,447128.7884972694
3486,0.03448694050685589,1285324.2260923255
3487,-0.29720292484548383,1863610.2946252667
3488,1.2487399040731502,418001.82481247885
3489,-0.9090558557741214,3771920.357753569
3490,0.5306509880924429,767941.555894059
3491,-0.004454636386674773,1341474.4221806622
3492,-0.08581127880032868,1468044.1613257455
3493,-0.0744502188232695,1449584.2520692572
3494,0.7291051930478283,637281.1282443028
3495,0.45638652509013694,826080.1230668855
3496,0.12799203771941808,1161268.3072770447
3497,0.16708872762777666,1113606.767276981
3498,1.1188527553748544,460025.50759369356
3499,-0.18965538159127265,1649463.1503321182
3500,-1.2242064560236152,5393375.162786499
3501,1.7088617358689813,313878.40440841106
3502,0.17139773767374739,1108497.4068705293
3503,0.3225854359219721,945914.9314176233
3504,0.5423172362308883,759302.9402199514
3505,1.085043662620786,472148.72190147714
3506,-1.300273708261435,5869720.442514924
3507,0.7879886451102885,604508.6472229917
3508,-0.09803563433150393,1488201.8907568078
3509,-0.3792286003987438,2046961.1815356757
3510,1.7519602427459178,306828.2242184402
3511,0.651979253181454,684138.1936569131
3512,-0.32738026782066876,1928948.2836272286
3513,-0.31990061781508183,1912529.0409022323
3514,0.5093261498738003,784071.3026396425
3515,0.31345643884173907,954865.3690688466
3516,-1.0513665232450238,4438150.630916545
3517,-1.0646838248712045,4505823.80810421
3518,0.3498470936403671,919801.6094988188
3519,0.200481465989064,1074735.7492173242
3520,1.2810450277133876,408578.89546277776
3521,1.779249158763891,302551.87999955897
3522,-0.05177569900849367,1413517.6729311119
3523,-1.3330568755825827,6086262.067383485
3524,1.5846139756151976,336416.91719706816
3525,-2.369757637218512,17193390.80963417
3526,-2.2016681501150526,14770367.41229137
3527,-0.006129277253357436,1343951.4564302918
3528,-0.8218799387007412,3411921.779095033
3529,0.05626936697001593,1255099.048365767
3530,-0.26220498166276857,1790792.7446017463
3531,-0.18159903091776042,1634535.8193611267
3532,0.5936698735256627,722782.3827332157
3533,0.0891566033369223,1211014.2609983669
3534,0.5744294037778114,736183.6778254336
3535,0.7166776329372773,644520.6995666755
3536,0.7384244058250927,631927.7118153363
3537,-0.9054497935542674,3756333.741702952
3538,1.5904061720539222,335287.8485612706
3539,-0.8788912021059853,3643416.963121476
3540,-0.118592687096762,1522801.6834714303
3541,-0.3987835117383712,2093429.8348990544
3542,1.5487028145417672,343600.4097551291
3543,-1.7454871264465204,9453669.023338478
3544,-1.4326837632081157,6787807.217894313
3545,0.3462451018679726,923199.754519856
3546,-0.268007352672989,1802650.3758268724
3547,0.7403998484417004,630801.1374854922
3548,1.3079373031716264,401022.2951454721
3549,0.9587125048437771,522365.9461646577
3550,-0.7118696262891548,3004911.570602249
3551,-2.112416558278215,13587221.946289254
3552,0.6560625030576841,681539.1596515061
3553,1.5489383911510004,343552.2383642681
3554,0.6918789410341882,659317.4930392699
3555,0.3163638142963625,952003.4881741942
3556,-0.8483556605354636,3517608.839568419
3557,0.4396470095915179,839969.6114426873
3558,0.6534234786432336,683217.3665643709
3559,0.06925098792221962,1237477.8023460929
3560,0.9147285631740398,541841.1614284945
3561,1.158014871288623,446618.7837560156
3562,-0.4902648260869531,2325920.895747463
3563,-0.36768787932859526,2020047.6190242097
3564,-0.14114280304912152,1561789.8339418594
3565,1.5118991502963386,351301.5840145456
3566,1.4853609843289657,357077.1874371694
3567,1.0475230300660954,486227.9955664397
3568,-0.141920650547513,1563154.3221812954
3569,0.48696509411207756,801466.9865565209
3570,-0.5443425375056944,2475750.2072446696
3571,-1.2625860034091159,5629225.722611808
3572,-0.2381776858429815,1742580.6734065027
3573,0.9557085956302717,523661.4231837079
3574,0.27252180257582137,996311.5956556506
3575,0.2547488853393126,1014993.8412614005
3576,-0.40516825189547884,2108840.9082659953
3577,0.7261817364899555,638973.7695332662
3578,1.4810738380125696,358028.231055512
3579,1.2668268155127416,412678.85763582616
3580,0.7882446199889754,604371.5261197721
3581,-1.4906543260269347,7227316.270378051
3582,-2.4171790968033346,17923125.453502376
3583,0.11748358780454414,1174487.940963377
3584,0.22895626787418355,1042872.4398760378
3585,-2.123573741316572,13731228.226582566
3586,-0.8869672028882472,3677405.1971357195
3587,1.6913452653695615,316851.58697895997
3588,0.3925608785087943,880680.2091545566
3589,-0.2947082732827532,1858315.979564463
3590,-0.13708228539306108,1554688.3332266703
3591,0.2958718361895646,972403.8949872496
3592,-0.30799283649499604,1886696.1019911836
3593,0.2806937387604504,987863.0876597828
3594,-0.22881965975255011,1724185.529070227
3595,0.2861230775941809,982298.6573894492
3596,-0.14018879126231806,1560118.1226144317
3597,-2.1830606558203214,14517808.526712447
3598,0.2439388065560935,1026566.4242698135
3599,1.0063500431191812,502472.94416858256
3600,0.018010999838798,1308744.923672868
3601,-0.5363061521959077,2452873.83040981
3602,1.0625148576010293,480521.590299758
3603,0.16008578794401152,1121970.4607153684
3604,-0.03575151201518386,1388640.7060840684
3605,-0.15278200549170207,1582345.6587762837
3606,-1.1319104065703531,4862198.591101407
3607,-0.3577012633893576,1997059.886354029
3608,1.29381336639756,404959.1285970226
3609,-0.22799234426730602,1722569.4478394184
3610,-0.6119150684489998,2676884.489386485
3611,0.3263181418840162,942285.2946612017
3612,1.2268192501861948,424618.18896726286
3613,-0.24659353943846726,1759305.7329387479
3614,0.004098842211965417,1328903.764869294
3615,0.7909075765096281,602947.7002541273
3616,0.6275639357300181,699967.0876718218
3617,0.28664512141229176,981765.6594904478
3618,-1.2583163892613616,5602540.387016882
3619,0.23109684899147948,1040523.6170260535
3620,1.2028976285984125,432050.8745798891
3621,-0.9934843497688279,4154850.8772547073
3622,-0.23320438681703312,1732778.227502251
3623,0.015834042138404687,1311876.0651919108
3624,0.11483971157718792,1177841.8098524807
3625,0.7882660702392913,604360.0376571732
3626,-0.7690350318913604,3210097.973468268
3627,-1.633258027477163,8412100.72722206
3628,-0.45225825078430054,2226231.203081985
3629,0.11498547835253448,1177656.6051254077
3630,0.08156838386732787,1221023.7977456194
3631,0.7913478867179046,602712.7447728893
3632,0.7229173758643275,640871.3254380538
3633,-1.294398442808359,5831639.769296167
3634,0.48371168178157936,804039.924560123
3635,-1.0067421263662641,4218208.447321108
3636,-1.3021551396029374,5881961.385742039
3637,0.8278762819558201,583676.2856380433
3638,0.6519851843627974,684134.4084799124
3639,-1.2157644861504195,5342700.590491908
3640,-0.2816572383078967,1830879.995495315
3641,1.137964525910097,453399.49111557857
3642,-0.2106915628027449,1689149.04213207
3643,-0.12239876037484591,1529305.6339172374
3644,1.5746830194310397,338371.6510572571
3645,0.5555747751643171,749642.1773832435
3646,0.5543598335040678,750520.6595289024
3647,-0.5078851154532101,2373690.386569591
3648,-0.9706429942179194,4047783.059572694
3649,0.6885294420136576,661352.4919658235
3650,-1.0872959179518031,4622918.163556446
3651,0.5075726173680749,785417.4441522291
3652,0.5978835929869837,719891.5011863478
3653,-0.7143179184666412,3013428.604240604
3654,-0.9547751232835234,3974937.180110468
3655,0.10494479110549505,1190494.3095109486
3656,-1.3820617424317176,6423024.752446891
3657,2.2464856432246982,247379.6073367817
3658,1.4943625024733547,355096.7581526287
3659,1.3296449288609689,395106.41444325936
3660,-0.02411351834497853,1370884.4015087003
3661,-0.9955975376257241,4164889.5269118
3662,-1.7317338174584702,9320669.161342682
3663,-1.5142117199155156,7412729.788341305
3664,1.0109393501945731,500619.6591352918
3665,1.3922761197457256,378914.67992639943
3666,-1.3463244014967055,6175875.337116372
3667,0.6989015820737188,655079.2274782837
3668,2.702873329513219,215693.69203518555
3669,0.22606269929095543,1046057.7276633552
3670,-0.5302102563542759,2435665.3260233593
3671,-0.13156555998561367,1545097.3666814994
3672,0.08030876860655367,1222694.676526743
3673,-0.2484077558985998,1762933.9160923013
3674,-0.3803049708564027,2049490.5383207705
3675,-2.026989770198166,12521200.835330281
3676,0.12177796350202123,1169064.2854135907
3677,0.904777124982296,546401.696899476
3678,0.8637390350736543,565835.3594169123
3679,-1.7644346305005212,9639394.826521743
3680,0.6833745142299846,664501.5703188612
3681,0.19292987362940883,1083382.0143014663
3682,-0.7099907254538587,2998391.446386045
3683,-0.029125104352762273,1378498.8480540265
3684,-0.6540494643579525,2810562.2129164436
3685,0.8010404956699603,597574.1591042591
3686,-0.08660180314440724,1469338.42599779
3687,0.6011447874978311,717664.852027374
3688,0.5772520235967891,734196.8434385965
3689,-0.9740794163281099,4063723.709190702
3690,-0.9751114612559986,4068522.612025109
3691,-0.6598927532677984,2829621.1508068116
3692,-0.23934288374334423,1744885.986715503
3693,1.4884910602540038,356386.0212037091
3694,0.2780883376392142,990547.0778542045
3695,0.39458816774787425,878876.2174354637
3696,0.2335112253147811,1037882.0591736995
3697,1.1947882794440334,434622.03537565895
3698,0.054686416802010196,1257267.6080351076
3699,-0.3778159927151,2043646.6927831958
3700,-0.30034249847325295,1870296.2868704014
3701,0.9195074487798006,539671.6742653734
3702,2.237182850514958,248208.77518455056
3703,-0.2777469884841331,1822744.8085269078
3704,-0.10611987215581016,1501702.7547377802
3705,-0.2495862441776976,1765295.070063688
3706,-0.47797965885720695,2293202.1337708137
3707,1.2430237953877956,419709.5085002267
3708,0.8397549736870579,577675.7253161516
3709,0.11286600335990446,1180352.891863805
3710,0.9544839319898001,524191.0062708818
3711,0.9686419096023436,518118.9997858677
3712,-0.23005356625082446,1726598.9098318154
3713,-0.48580552174016883,2313989.216693956
3714,-2.381212853088726,17367809.00628111
3715,1.6582574682270004,322644.8660279965
3716,-0.82951700965043,3442088.940276631
3717,0.48585846221109286,802340.950361146
3718,1.8094564239802458,297980.5923440412
3719,-0.9217768291320433,3827397.654114255
3720,0.3604005527631251,909935.33076045
3721,0.6190595677905242,705598.4761722573
3722,0.7645778260069068,617242.0320137076
3723,0.18138005930106932,1096768.166365968
3724,-0.8387522500573725,3478913.388861072
3725,1.0558719495932904,483036.6614776609
3726,-0.9395802804999049,3906342.447976651
3727,1.1179720100271384,460334.75631874177
3728,0.5116416115085423,782298.4295535668
3729,-0.5845374091084844,2593470.8919242546
3730,-0.560429575870536,2522199.218019643
3731,-1.273003435823618,5694810.776748311
3732,0.18434624462665625,1093311.5495831897
3733,-1.8670646620209033,10696511.61136689
3734,-1.3181967378673247,5987249.927574701
3735,1.1770231316858828,440347.83535580745
3736,-0.08737398820236669,1470603.900967265
3737,1.0760753683661264,475453.0513386629
3738,-0.7941344668980109,3304465.533338935
3739,0.6252410337479093,701499.1434163104
3740,-0.18614447589273578,1642939.606058484
3741,-0.9842978341232901,4111473.6785582704
3742,-0.6250879012635778,2717977.291154061
3743,-0.5331936409702657,2444071.847007536
3744,0.8553713930558349,569924.9481049045
3745,0.2488367936575404,1021303.1319910055
3746,2.1435060590872914,257073.74816796975
3747,0.6082640900547189,712836.3523142841
3748,-0.9503749534164719,3954957.0814380706
3749,-1.5056023357235795,7344505.2613146305
3750,1.864504963126158,290067.87805204326
3751,-0.6054515065296292,2656950.5520909857
3752,0.011255454286415403,1318489.6151062849
3753,-1.2357770152627945,5463530.185946916
3754,-0.13732710673733747,1555115.48932275
3755,0.9904361199572763,508984.2086760317
3756,2.7036765216384597,215650.62347933766
3757,-1.1564276903857156,4998462.304105314
3758,-0.3883502995876485,2068500.755350975
3759,-0.21372082336599235,1694949.3480248188
3760,2.5644117648121543,223693.72351236938
3761,-1.2670555325666821,5657281.766794671
3762,0.650262641653993,685234.9205833602
3763,-2.025439410910539,12502448.740189068
3764,-1.6252108949165809,8341188.855334369
3765,0.17327785732925782,1106276.8476220006
3766,0.6507189882905627,684943.1285275592
3767,0.3383673963441918,930686.5825797598
3768,0.8657796266754172,564844.6837070166
3769,0.8006675065800799,597770.7197485042
3770,-0.18155199023746163,1634449.0959158053
3771,-0.6996495609238883,2962755.3103331127
3772,-0.2525472164723916,1771242.6252719844
3773,-0.173798345506806,1620223.4615228462
3774,-0.95577806177474,3979504.598609227
3775,0.8772067406545246,559344.6533991944
3776,-0.9372329747122753,3895846.291196217
3777,0.8645985496674066,565417.7622631869
3778,0.05381937932416782,1258457.2459238805
3779,0.2844026210672006,984057.7378989487
3780,0.039575565208837184,1278188.6187921434
3781,0.23835689644035968,1032604.9562768834
3782,-0.6029183015307075,2649178.8873935053
3783,1.559071275468581,341493.48182428005
3784,1.0152522092072418,498887.88112822257
3785,-0.591746063408597,2615176.10201352
3786,-0.2628749356902775,1792157.544333651
3787,0.44968854158997923,831601.8753463988
3788,-0.3557440280947363,1992587.1343064897
3789,-0.5014608815409044,2356158.1312560984
3790,0.5965888103658578,720778.1367799953
3791,0.028004711140471247,1294480.7017640036
3792,-0.08075072986417402,1459789.1601533464
3793,-0.03748052080537941,1391300.90756601
3794,-1.5205100417065622,7462979.711879078
3795,1.9197829192484088,282632.94375484134
3796,-0.7120133890651572,3005411.029819034
3797,-0.8316637380245756,3450615.042780151
3798,-1.9595809387977337,11725236.508652857
3799,-0.5197894213799494,2406533.141468391
3800,0.9200188952758533,539440.2767503184
3801,-0.44313378308749196,2202964.074156504
3802,-1.1898836151134025,5190004.2354038255
3803,0.43984071753860365,839807.1682308003
3804,-0.2577670953018816,1781780.374793032
3805,-0.813090711161221,3377520.139001952
3806,-0.91771626433557,3809605.4129913743
3807,0.053693319405330016,1258630.317853212
3808,-0.982218427108799,4101714.2317163986
3809,-0.08084477494229904,1459942.094773835
3810,-0.5811562617476912,2583353.1624743748
3811,0.9159355367708947,541291.973463309
3812,0.9800166542025551,513319.6666555786
3813,-0.3757940520301129,2038912.3283409434
3814,-0.8574318976427961,3554560.8718020916
3815,-0.46150354974699764,2250066.8374717794
3816,0.3748524564975143,896639.4095885628
3817,-0.5934511910366438,2620337.031598385
3818,-0.5436841128488505,2473867.77432069
3819,0.9762830372204777,514887.29969760566
3820,1.021451131071084,496415.41739612375
3821,0.8646808635154226,565377.7940406817
3822,-1.3976104218216743,6533216.483526621
3823,-1.9656029047398071,11794738.69030164
3824,-0.43016399799334093,2170326.0818271674
3825,0.03174188511312547,1289192.6089815223
3826,-0.7924153900789437,3297916.9184035193
3827,1.7613519574299135,305340.436713612
3828,0.07911646367260401,1224278.726532494
3829,0.18357898377721205,1094204.4174716526
3830,-0.15722162295130948,1590265.0729062816
3831,0.3937253854016046,879643.3937902319
3832,1.3834855580353065,381111.2647858587
3833,-1.602787983304182,8146202.009253208
3834,1.1455268804032408,450821.7314237165
3835,0.4970385556452991,793568.4099387812
3836,0.5435606760500975,758389.824535272
3837,1.3435531959448257,391400.0454983738
3838,0.17965326041411608,1098786.5012332506
3839,-2.0775272745628,13144048.283694299
3840,1.728919259138982,310551.1874236969
3841,-0.7205317050411868,3035152.0491057904
3842,-0.9013309930900504,3738605.9782052315
3843,1.2103417430282943,429713.758081372
3844,0.8188659110110932,588289.3251040266
3845,0.42874411060319345,849178.2844597615
3846,-1.0377914338779135,4370138.422626728
3847,-0.06282673016123215,1430967.6865755583
3848,1.3446776351651468,391103.2173678039
3849,-1.9310851027886244,11400591.016275084
3850,1.2804499409077095,408749.02476770943
3851,0.43845750286416707,840968.01746128
3852,-0.8285658086202909,3438317.592698843
3853,2.2009203027869253,251526.97764448784
3854,-1.247841458658385,5537548.74323644
3855,-0.9439794430016999,3926085.7760670832
3856,-0.8301408355722719,3444564.472365476
3857,-1.8236252040118028,10238439.472554047
3858,0.6338848236093685,695821.3019520991
3859,-0.7974656199545354,3317191.176352987
3860,-0.8765740061414032,3633720.5802189317
3861,-0.3397616249467333,1956458.3697899538
3862,0.16894666634732847,1111400.2983805581
3863,-0.0713545886781231,1444599.6824091922
3864,-0.5475547140435617,2484954.770967947
3865,1.2664619351500657,412785.0452045161
3866,-0.5142831290351566,2391284.2879359135
3867,-0.12703903911826261,1537276.949020443
3868,1.2371415520419011,421479.7463427114
3869,-0.6719602656445145,2869390.39802151
3870,-0.9449967669976601,3930664.9224611414
3871,-0.3808686952029419,2050816.544539035
3872,0.2595663033195706,1009887.9179135553
3873,0.8872466229916508,554578.3785071487
3874,-0.02028933399984934,1365106.2407800418
3875,-2.103718674535129,13475726.946735317
3876,-0.17603271657546238,1624308.857926445
3877,0.7938859778642814,601360.9731565439
3878,0.5058266280123173,786760.8160591248
3879,-0.7751271718494798,3232758.3686065017
3880,-1.0761699254179062,4564956.878388109
3881,0.07464488866425095,1230240.8435685516
3882,-0.31651977980852203,1905156.4239028422
3883,-0.5087436517349897,2376043.5347809927
3884,2.8093008023702275,210288.4149442489
3885,0.5144433492476408,780160.2813811277
3886,-1.4459068872454621,6885987.78470863
3887,1.1412757572151757,452267.75364501
3888,0.40533461584700375,869391.5008435417
3889,0.9723951067962253,516527.696146093
3890,-0.42450298313253604,2156238.7521644467
3891,0.557378584268014,748340.4368843108
3892,0.481294452144235,805958.5577998713
3893,-0.361991189309659,2006900.5992315197
3894,-0.3914673843537897,2075915.8628712639
3895,0.23044998480716533,1041232.7329690803
3896,1.204990113334459,431391.7021474728
3897,-0.22444633666811378,1715661.3009440233
3898,2.248413163311712,247208.91007503105
3899,0.5746666956978373,736016.3706273197
3900,1.713702790608994,313067.87270310766
3901,-0.2925157239208275,1853676.118990828
3902,-0.5199007607888406,2406842.5054111048
3903,-0.1007999058292376,1492802.9629061809
3904,0.807957854714896,593945.8122907957
3905,-0.525979087975916,2423793.507892833
3906,-1.1766134961139807,5113248.519322402
3907,0.8802702473419373,557883.7927276422
3908,-1.3573710427693866,6251368.007367002
3909,-0.9782096699555203,4082960.9972295715
3910,0.13430385990842642,1153412.4625578877
3911,-0.3160849249361799,1904210.3363187977
3912,0.8037547480147802,596146.6142171916
3913,-0.4312499810649007,2173039.4895578106
3914,1.8142180848166534,297275.15609445627
3915,0.056250116688682315,1255125.3941834443
3916,0.18207307040718296,1095959.402052563
3917,1.7898795507580927,300924.03896414576
3918,1.184621989758402,437882.90125448746
3919,1.0541242799243118,483701.8920321344
3920,1.228580654121386,424079.7412592952
3921,0.20337870999344237,1071440.5650237182
3922,-0.7229168607449602,3043531.5386348558
3923,-0.9425509104179858,3919664.228643868
3924,-1.390974836442056,6485991.647332167
3925,0.08885999731674704,1211403.705575303
3926,-0.1432914595822331,1565562.1900731395
3927,-0.8390027675365648,3479917.576646054
3928,-1.5658444192002152,7833219.151905816
3929,1.1372910229723345,453630.26899732806
3930,-0.7756467462253899,3234698.1969260625
3931,-1.2614308545824462,5621994.823792237
3932,-1.2309977870399278,5434454.067221589
3933,0.8376893639310143,578712.6142944867
3934,-0.9857200568956778,4118161.2616395284
3935,-0.510770475454893,2381608.330909745
3936,0.01739571460519657,1309629.023621851
3937,-0.043405901954377074,1400461.4588624374
3938,-0.6078115605349953,2664211.6812573588
3939,-0.1527491898453254,1582287.284507513
3940,-0.11028764901373157,1508716.4472373577
3941,-0.35293798630066364,1986193.150182362
3942,0.5072144317693367,785692.7877293606
3943,-0.636532272878891,2754192.1195267094
3944,0.06566877785328028,1242311.4092626881
3945,0.5983871886586156,719547.0500936989
3946,-1.0757186660492717,4562620.230755192
3947,-0.13839748910987282,1556984.5856712738
3948,-0.5494595467818595,2490429.5806079875
3949,1.9546381468109013,278191.8299658206
3950,-0.0861104034710403,1468533.7446685194
3951,-0.22593948717712514,1718566.498871362
3952,1.164713126185133,444391.71612371283
3953,-0.9649349297127388,4021434.895878838
3954,0.64634406668635,687747.558504846
3955,-0.18563476841519624,1641994.8835197317
3956,0.6412862950733909,691009.453591357
3957,-0.33940546322431075,1955661.2155505538
3958,-1.010891546146259,4238223.071409816
3959,-0.4979649467217447,2346673.4396234867
3960,-1.003944145111628,4204762.372871371
3961,-0.32801273240803686,1930343.5325707437
3962,0.22740874106454595,1044574.5184298854
3963,-1.109274293694693,4739410.751314389
3964,-0.22158477643955268,1710108.5357968805
3965,0.7421098299269091,629828.2608622484
3966,1.1293694395329732,456359.49250046985
3967,0.9759755323853462,515016.7454811133
3968,-2.1084650230958686,13536485.206259562
3969,0.9991642475805426,505396.66620005795
3970,1.2883367817514766,406504.58548146056
3971,0.029039667029143953,1293013.742735341
3972,-0.5933731657799457,2620100.647126823
3973,-2.1982861038376202,14724231.498673165
3974,0.43070096815370795,847515.9906179981
3975,-0.3013580170357971,1872464.4162422065
3976,-2.0995067081321235,13421977.119094592
3977,0.6447557885577161,688769.5963364299
3978,-0.6150922276375403,2686738.138697405
3979,0.36863812578409405,902326.4558592573
3980,-0.07762954953880463,1454723.7419125158
3981,0.3409597874855748,928214.4656995351
3982,-1.4798995703110194,7143988.748244867
3983,-0.3028493548614406,1875653.2972662062
3984,-2.530151296812897,19742920.230559956
3985,0.3614325989704529,908977.6377106527
3986,1.9680656294670826,276529.6571720389
3987,1.6098497063922932,331556.21880231675
3988,-0.29209611158308957,1852789.5550108447
3989,-0.42416311130305623,2155396.0304253735
3990,-1.1125187950551843,4756834.185590737
3991,-0.6983307499327789,2958240.8656633594
3992,1.0409777501275257,488753.75979239435
3993,0.6455148428151652,688280.8934193846
3994,-0.2611885755670087,1788724.3103407717
3995,0.34473949378642676,924624.8157637945
3996,0.9805503294964133,513096.2029998506
3997,-0.5876297719399192,2602759.572901516
3998,0.1395019521031651,1146989.9510315773
3999,-1.0619805236395565,4492009.922157664
4000,0.07300423642136512,1232436.8669147468
4001,0.7957069963886938,600393.8220628963
4002,-1.1207336154517449,4801211.705655841
4003,-0.46211377078552535,2251649.3516838183
4004,-1.1200456167353423,4797480.554008875
4005,0.09049764857656602,1209255.2911581725
4006,-1.8644470200116057,10668461.408497218
4007,-0.4033856631335866,2104526.274919954
4008,0.5278408575659802,770041.8551600056
4009,-2.1393538246963857,13936798.503981065
4010,0.7050796532595477,651382.2019161998
4011,2.352932061972849,238493.15587424106
4012,-0.28557711401876584,1839074.3997971117
4013,-0.09800343923416342,1488148.3962210664
4014,-1.5855316402570925,7998734.312180906
4015,-0.4954404794647538,2339848.837268918
4016,0.3905817734199263,882445.860610843
4017,0.49710160108598667,793519.2977835245
4018,-0.20672278122678733,1681582.5396178402
4019,-0.3467990501861201,1972280.3553671674
4020,-0.8020882939237355,3334929.6280437163
4021,-0.30351070600523866,1877069.303779219
4022,-0.3197226372894397,1912140.1595245746
4023,-0.581238887845971,2583599.9354352965
4024,-2.8391807842572176,25289486.552286427
4025,-0.7549108004868612,3158157.116237916
4026,-0.4975381403981876,2345518.18101594
4027,0.04449135349546177,1271338.7991712894
4028,-0.16833078059695272,1610273.9929563946
4029,0.5802940583181184,732063.6303691745
4030,1.697792168395809,315749.8956167462
4031,2.6036203435758942,221307.06103249683
4032,1.3415512396641622,391929.558275528
4033,-1.3401156664807585,6133796.413235504
4034,0.28304573702407554,985447.819033603
4035,0.5886227467335001,726265.737446329
4036,0.951953953355102,525287.6796663936
4037,-0.06942948619703573,1441509.62037593
4038,-1.315137677356145,5967044.538060967
4039,-1.678705064690414,8821963.127266746
4040,-0.4814988104896385,2302525.758195518
4041,0.9084080957506823,544730.9585703863
4042,0.3121250213081854,956179.5162788149
4043,-1.3517780246292617,6213045.031411499
4044,0.9835638747654459,511837.2100764507
4045,1.1854112828210344,437628.2268169016
4046,-1.6709464795829083,8750856.617212322
4047,-0.07101285493376355,1444050.6074284352
4048,0.7103295232496786,648263.6324563229
4049,-1.3959447949266308,6521334.415347699
4050,0.7248576156375695,639742.513884739
4051,-0.0792252415510146,1457310.9468233052
4052,0.9652861538370668,519548.2748092829
4053,0.01537916750903303,1312531.4027455207
4054,1.7928079823918333,300479.2832747869
4055,-0.27516567935471964,1817395.7672268173
4056,-0.03278908681126423,1384096.2142472733
4057,-0.9715866704820862,4052154.6524012685
4058,0.3664593333353307,904331.1430989273
4059,0.5987575806810609,719293.8505590134
4060,1.1470787779708376,450295.7939923051
4061,0.5972396390167484,720332.280464261
4062,0.4208218792814044,855950.8766827689
4063,-1.969253596660784,11837025.575109586
4064,0.7294090697197022,637105.5526659312
4065,-1.2011407386469488,5255930.888965196
4066,-0.5055450904136949,2367288.796672307
4067,-1.4938972280024647,7252603.960575286
4068,-0.21784246879531324,1702876.2186431217
4069,0.7823549615197303,607537.956463809
4070,1.5228521561207753,348972.80390471756
4071,-0.6049197256704913,2655317.1882591997
4072,-0.43949581293923307,2193757.997813397
4073,-0.7007524317749245,2966535.8034784882
4074,0.5746349477449672,736038.7521664648
4075,-1.1415616571960083,4915429.648109606
4076,-1.4535814933871403,6943528.686591793
4077,1.3611597410164211,386800.0392758371
4078,-2.4337849078386,18183448.894023057
4079,0.04015539239059711,1277378.4537682545
4080,-1.2024348371738647,5263557.895364989
4081,1.0558251435084682,483054.45837626373
4082,0.7243191382902132,640055.5121206967
4083,-0.28478058954862007,1837406.1000582469
4084,-2.174166690233495,14398189.927451527
4085,-0.8251680367558889,3424878.6052172123
4086,-0.1512718801770986,1579661.829111738
4087,0.6911443633863699,659763.0375952859
4088,0.6333716911298163,696156.602155923
4089,0.5857564049398876,728254.0877526992
4090,-1.6370128870420082,8445358.693984956
4091,-0.5487762778211345,2488464.338352076
4092,-0.6494336978706112,2795597.730583694
4093,-0.24010561837985836,1746396.8284535853
4094,0.09608110107852684,1201963.8681580168
4095,1.443362349540071,366616.50531720393
4096,-0.416063445329646,2135414.166552542
4097,0.3066917525187744,961565.6103482252
4098,1.0648061191719165,479659.02200082195
4099,-1.3264618725175974,6042143.618436001
4100,0.20921862347661385,1064835.4363818902
4101,0.6747240277019556,669833.2029997213
4102,-1.1515887982144375,4971296.106286255
4103,1.196356472293138,434122.76080302504
4104,0.31418452288901066,954147.6769942497
4105,1.2774468032090995,409609.5415818163
4106,1.1771280206465031,440313.6494134913
4107,0.2627168168144382,1006565.6994828912
4108,-0.5021240435617146,2357961.776460411
4109,0.7506067022683577,625025.646224082
4110,-2.6345727499877487,21525612.43386596
4111,-1.020837578411247,4286559.169757465
4112,-0.11048969379493873,1509057.3837134845
4113,0.2889915861825657,979374.3528493586
4114,2.7400637249524786,213736.86977599197
4115,0.9681103926447496,518344.9735626072
4116,2.4352944003838046,232314.1275653275
4117,-0.2964884536032508,1862092.3463013524
4118,-0.916457111076439,3804104.148363769
4119,-0.43362174335505216,2178977.8155760835
4120,-0.08070403541332825,1459713.233059852
4121,-1.760539855796577,9600980.690622445
4122,-0.004101359110330915,1340952.5411793056
4123,0.13022203952901934,1158485.5921381821
4124,-1.9698708924517203,11844187.265279017
4125,0.009554300800406553,1320956.59332744
4126,-1.5497454861665787,7700012.039400736
4127,-0.28270280230300737,1833061.8771497495
4128,0.5590026836133928,747170.9689322232
4129,-1.7065896854746982,9081425.371989775
4130,-0.447394589059093,2213797.3891895316
4131,1.0463206641685538,486690.39859502803
4132,0.4875902800621896,800973.7949466014
4133,0.11174481847365296,1181782.1421059736
4134,0.38618552623058117,886384.0493501368
4135,-1.2148812263659723,5337423.447130071
4136,-0.7863194008657864,3274796.6437965482
4137,-0.1525581597768743,1581947.5170116036
4138,-0.4520863665701277,2225790.551723764
4139,0.5695408151074206,739641.8660470679
4140,0.5785320467789277,733298.2149485527
4141,-0.31048530212222836,1892072.293879747
4142,1.099477636081124,466909.1625884219
4143,-1.0203216150012104,4284039.074240912
4144,0.40785093168113173,867189.478338494
4145,1.5472344719323499,343900.9777819207
4146,1.2481896630031752,418165.6732171236
4147,-1.6122005165665172,8227586.79478447
4148,1.0595649106233134,481635.8419819465
4149,-1.2429891374550035,5507671.354524618
4150,-2.432603256531654,18164842.614708968
4151,0.4785882539682214,808113.6446365898
4152,0.9306850650422994,534648.8789357615
4153,-1.3455531892545876,6170634.817181018
4154,1.4942907008402555,355112.4677036539
4155,-0.24448821726327857,1755105.512863887
4156,-0.8736967764659753,3621715.119100608
4157,0.3622945735227404,908178.735105325
4158,0.724541824186034,639926.0462340463
4159,0.8833989349950812,556397.7605250259
4160,-0.7495354174350005,3138606.529672226
4161,0.36607832310363414,904682.2834126151
4162,0.16472705614237648,1116419.009701801
4163,-1.2908386301605346,5808673.285667053
4164,-1.0546184264335616,4454588.059436113
4165,0.5099939980872698,783559.4109985636
4166,-0.4356973187975576,2184188.437928547
4167,0.47909139146215146,807712.4020733295
4168,1.0823867669534974,473123.7136600365
4169,0.18336269713129374,1094456.2698511155
4170,0.9797370218289155,513436.8168406839
4171,0.3510027055411284,918714.7196183454
4172,1.35228587011608,389105.7792268785
4173,0.8117747505810318,591957.5024075428
4174,1.064025851860551,479952.4787174452
4175,-0.1245732642015088,1533035.3733144104
4176,-0.5314118163701482,2439047.496387428
4177,0.3564403910665349,913621.9782309748
4178,-0.5556019018936529,2508167.573910002
4179,1.465313431794651,361568.41721560806
4180,0.381101984970123,890965.7243425818
4181,0.6773713792256035,668195.2303220024
4182,-0.07075772868317048,1443640.8407456174
4183,0.5687515595969542,740202.2285508348
4184,-2.734210101852594,23314672.680295102
4185,1.1695172849756743,442806.01846758934
4186,-2.5957723108064847,20852048.642144334
4187,-0.7706890213977122,3216234.7815851714
4188,0.08557213769359708,1215730.4958375483
4189,0.514084316993475,780433.8466869444
4190,1.731901408859736,310063.4183068745
4191,-0.058649003697482556,1424342.4547602073
4192,0.6746799352588706,669860.531201223
4193,-0.8937839588133897,3706329.5791576477
4194,1.26854684845346,412178.9510419946
4195,-0.12333457039644419,1530909.5096714196
4196,-0.661648189730686,2835371.973737601
4197,0.16998208668196121,1110172.9074367168
4198,0.09762645775904531,1199954.893711642
4199,1.006923610601576,502240.72799528117
4200,2.1094573910845598,260542.55439832705
4201,-0.5755472479757737,2566656.861816973
4202,-2.4178316165014255,17933307.94848059
4203,1.66118479585186,322122.79251149483
4204,1.0157550062590155,498686.608746337
4205,0.6843603798115467,663897.7014237316
4206,0.22686331707987464,1045175.2162262913
4207,0.9956565235706495,506833.64821482776
4208,-0.709381154061383,2996279.1287707137
4209,0.7834294841891575,606958.4771933954
4210,-0.5887733462427145,2606203.099948247
4211,2.0465943432080054,267322.16173429525
4212,-0.5540299547731724,2503615.868015796
4213,-1.3175677344189693,5983090.381859221
4214,0.7113397606760649,647665.9357331075
4215,0.8723850159726712,561655.5915508418
4216,0.25734964150111433,1012233.424580089
4217,-0.5311907190233531,2438424.787700742
4218,-0.8427818308505937,3495099.735653447
4219,1.943600215469291,279578.27909029863
4220,-0.17437396988295212,1621274.8699318958
4221,-1.1989981267375753,5243324.911255344
4222,-1.1007461244827346,4693892.11055372
4223,0.4827678599788513,804788.3565647225
4224,0.38901983442033683,883842.5107514374
4225,-1.1915279531896457,5199587.417095317
4226,-0.6468819004309337,2787358.9188895016
4227,0.5464831784323182,756249.4399192655
4228,1.0033793746132225,503678.3830487689
4229,0.7760044744422491,610979.0967379352
4230,-0.17121656504233942,1615516.9221442724
4231,0.1327722054811209,1155313.009621698
4232,0.23775062541852016,1033263.4195577153
4233,-0.18458797919460002,1640056.5699558288
4234,0.5498669519612427,753781.2656212688
4235,0.22878863316636996,1043056.6538558326
4236,1.292852387156035,405229.53993746056
4237,-0.13189834063654832,1545674.0493625738
4238,-1.1458211527804165,4939091.294338773
4239,-0.6681067708647053,2856630.813869184
4240,0.17390140926864922,1105541.5606010926
4241,-1.1856026338241235,5165129.530376863
4242,0.0528191035223705,1259831.3178366004
4243,0.44291025365024966,837238.4514906807
4244,-0.010577485754808737,1350556.409735623
4245,-1.2998244949552258,5866801.109737832
4246,-0.2511573596037917,1768448.194582243
4247,0.836066705129986,579529.082136257
4248,-0.45554640103326355,2234678.338425208
4249,0.323193368405723,945322.6008719441
4250,-0.5678035015787812,2543785.745951256
4251,-0.3160388028531507,1904110.0206955136
4252,0.3280316038035663,940624.9530057057
4253,-0.8146399191491361,3383559.35402629
4254,1.5424494962030364,344884.2593862233
4255,0.5281980087520316,769774.4978626382
4256,-0.615450231225722,2687850.7375544426
4257,-0.8170442706146971,3392952.866791275
4258,1.0093303876875659,501268.1653425427
4259,2.234831592398606,248419.75194760767
4260,-0.4158500791228259,2134890.417757344
4261,-2.951615455500965,27502638.424841464
4262,-0.19213005428054983,1654078.352635618
4263,1.0209259299803928,496624.13820686593
4264,-0.6763255774732662,2883913.233066701
4265,0.4968716685096396,793698.4336047925
4266,-1.0677897587046339,4521743.646921938
4267,1.1486108149616863,449777.6026063321
4268,-0.25165023199677045,1769438.612151313
4269,0.4797332324420608,807200.9229017212
4270,0.8644546085244386,565487.6643103183
4271,0.6298139048530592,698487.4952458179
4272,1.1420766525100716,451994.7315764772
4273,0.11231772353606298,1181051.5671021305
4274,-0.6338390778041817,2745626.4067835235
4275,-0.044594814207950625,1402307.721538501
4276,-2.2583724082939494,15559242.509982836
4277,1.2185543081062509,427160.79664496717
4278,0.3215711302969958,946904.2340614011
4279,1.443187625865146,366657.2435521348
4280,-0.05104498503565437,1412372.347431998
4281,1.126651086388761,457302.3942747079
4282,-0.06008277928236283,1426612.293622782
4283,0.26058317619737253,1008814.1614094365
4284,-0.10339504366311095,1497136.9945183718
4285,0.06104441458237887,1248583.7238271623
4286,-0.601013531236879,2643350.3107806053
4287,2.2562178558068364,246521.58667390523
4288,0.48059543140943123,806514.5060813827
4289,2.27542057251331,244856.41275373017
4290,0.3027729338420966,965473.7426650859
4291,-0.12066388813431973,1526337.1968362129
4292,0.24397418581341776,1026528.2880648117
4293,0.5161613863386416,778852.9677312046
4294,1.6565166838610952,322956.21665273496
4295,-0.758569923471288,3171533.783702255
4296,2.2866942107207047,243895.70291288607
4297,-1.3599814583189158,6269325.032869596
4298,-1.625092927807808,8340153.007157874
4299,0.8259075769526683,584679.6523345162
4300,-0.2299035621062053,1726305.3228323031
4301,-0.4760746219934358,2288171.217456796
4302,-0.7847585172134376,3268902.1067702146
4303,0.7397728352068119,631158.4066407224
4304,-0.8074262450856105,3355527.4188238126
4305,0.009304316733247471,1321319.5611728725
4306,-0.2652366198455667,1796977.6193784296
4307,-1.2087049642664096,5300653.401813439
4308,0.7973386519286235,599529.1622478598
4309,-2.475412457097007,18846912.8767994
4310,-0.17203206208956473,1617001.9309939013
4311,1.973834449204313,275823.6666020197
4312,-0.27842855881510536,1824159.9978363733
4313,1.1907267132569146,435919.75901965844
4314,-1.6760552887461413,8797625.31986195
4315,-0.027434278244061843,1375924.496742068
4316,-0.8513805513109466,3529882.800225719
4317,-1.7355690975321232,9357605.160382958
4318,0.8339080255404749,580617.8970162089
4319,-0.20504174985523924,1678388.81102184
4320,0.10314286576443497,1192815.5569673907
4321,-1.5277538382012121,7521128.769750214
4322,-0.71585900439856,3018801.900363382
4323,0.6468021384017384,687453.1828385425
4324,-1.2371307506385778,5471791.39158471
4325,-1.4275945315150438,6750342.508113422
4326,1.6476458754065169,324553.19967778906
4327,-1.8135615989819307,10134557.647904256
4328,0.09476223875109724,1203681.5149810899
4329,1.461482883577266,362439.4062227217
4330,-0.23336950058042055,1733102.706652694
4331,-1.034433819703763,4353466.540300066
4332,-0.9939614847630585,4157115.511988607
4333,1.0907492643520913,470066.0676738089
4334,0.4697442640299204,815209.120892122
4335,-0.42973624407451866,2169258.2777830437
4336,1.152144699100599,448586.1486574605
4337,-0.3034551787029422,1876950.3713310095
4338,-0.28505047579026405,1837971.1875772537
4339,-0.11362975236601972,1514367.0744315067
4340,0.3794722754780175,892440.8844509616
4341,-1.6345371688981456,8423418.325006986
4342,1.8680987044451296,289569.35812802945
4343,0.21359527957306815,1059917.4661301423
4344,0.36462339259424353,906024.7331362929
4345,-0.3041227834476542,1878380.8306607718
4346,1.7509139605411992,306995.0264842562
4347,0.7743626567674922,611873.327089332
4348,0.6336236675492614,695991.9235434163
4349,-1.0280550863293272,4321956.474944083
4350,0.5937233562742507,722745.5918064658
4351,-1.3125101236046257,5949737.308788488
4352,0.6805025733671116,666265.082923375
4353,0.0426740117115225,1273866.1865524964
4354,-0.06880792762783183,1440513.5207462076
4355,-1.4132883063631085,6645980.132397704
4356,-0.6088451046053158,2667397.857160111
4357,-0.4821775348330277,2304328.4656589096
4358,1.346586436475204,390600.2930325834
4359,0.5844506810011287,729162.2893465939
4360,-1.2671068556402307,5657604.652571271
4361,1.028629885831659,493576.4793069596
4362,0.02879902297787763,1293354.6635477429
4363,-0.13411087090151066,1549514.2711592922
4364,-0.7297133296026976,3067534.026038476
4365,0.02527470026573845,1298359.4593820372
4366,-0.25532538770765906,1776842.7097807464
4367,1.2165796665305297,427772.21458414214
4368,-0.7363695542747712,3091221.8335646763
4369,-0.08628703182157192,1468822.9218346616
4370,-0.7629528630725734,3187629.548784975
4371,-0.8199588928508998,3404373.8179853205
4372,-1.3965750122884628,6525827.985147391
4373,-1.1043232621953076,4712935.80273133
4374,0.8307928522019382,582194.4850490973
4375,-0.5735415421542798,2560713.0775431073
4376,0.6657802220105756,675408.3782145383
4377,1.5444690734702502,344468.53822536196
4378,1.27138980633591,411355.054373179
4379,-0.5782038363605521,2574551.032127561
4380,-1.8236309356451696,10238498.876368135
4381,-0.22862473179500997,1723804.6076716452
4382,-1.0245603725911625,4304783.2408041395
4383,-0.5566024071053629,2511069.0064653307
4384,1.9923727160724156,273587.4691591482
4385,-1.8848577123951233,10888708.015433898
4386,0.08846961458330845,1211916.502480899
4387,-0.26857130147127195,1803807.35949679
4388,0.4583540833336745,824467.1034300192
4389,-1.957429908521041,11700486.425684202
4390,-0.556847593923663,2511780.5611251965
4391,-0.47614850083444527,2288366.1076400504
4392,0.9063849946034018,545660.900204815
4393,0.19743593537025,1078212.7410856846
4394,-0.4184500648350797,2141281.753630849
4395,-1.4779481434623167,7128957.2650174815
4396,2.2848544903130272,244051.6364340725
4397,-0.45008871816966856,2220675.914950692
4398,-0.9493209795173286,3950185.346915741
4399,-0.41388971641543437,2130084.611223749
4400,0.01082770022798947,1319109.437542676
4401,0.12714574137030626,1162326.426722582
4402,-0.9368332578560242,3894061.590360874
4403,-1.2318833954093602,5439831.491141212
4404,-1.1827200863794318,5148441.208945441
4405,-1.4778042050012257,7127849.602691133
4406,-0.16910932901918935,1611686.6215065606
4407,-0.4281243774845897,2165239.488790869
4408,-0.3920507357098666,2077306.6753998618
4409,0.6709299317860552,672190.4412995292
4410,-0.28629833763837154,1840586.3875625615
4411,-2.6608511258501677,21989212.59141248
4412,-0.6102083003200429,2671606.142909567
4413,0.3455409806873712,923865.8641360855
4414,0.06716259415237867,1240293.083866563
4415,-0.20882231778798946,1685580.696194684
4416,-0.24743657129928226,1760990.673977168
4417,0.9264869745255367,536526.9164388744
4418,0.10982294863379788,1184236.8164048903
4419,-0.324788565981895,1923242.0665096187
4420,0.6467370945353774,687494.9721225803
4421,-1.4452278401675456,6880916.350594573
4422,-0.2617361558825322,1789838.3414108416
4423,0.005262798796689193,1327203.5975016975
4424,0.0312997610867765,1289816.9130145432
4425,-0.14507149042317627,1568695.0007461873
4426,-0.5525064628065245,2499212.491845428
4427,-0.5908852779039462,2612574.6554434886
4428,-2.2584343235052478,15560119.733466687
4429,-0.8085578311558441,3359909.7560438714
4430,-0.7479352004411958,3132809.4057428525
4431,1.2020222327782573,432327.1593463586
4432,0.7518973861421646,624300.7032221612
4433,0.09006857361863939,1209817.75815851
4434,-1.4244240435643207,6727092.970635042
4435,-0.05704882218208965,1421813.987987802
4436,-0.5612533157157603,2524601.3803978474
4437,-0.7868032518198451,3276625.965076721
4438,-2.3240128412318266,16508692.967317248
4439,-0.0797790474092661,1458210.0784907932
4440,-0.8228131245425548,3415594.191872216
4441,0.485451575117567,802662.6028574335
4442,1.2494284611404658,417796.94958782365
4443,2.0470154920786605,267275.0530722289
4444,-0.4576451382154656,2240087.3012707317
4445,-0.46899664484841824,2269579.082881707
4446,1.0227664467240318,495893.3096913119
4447,-1.1400895305682601,4907275.988145517
4448,1.032160072051626,492189.9273601303
4449,-0.16049413217853434,1596130.6124719605
4450,-0.6515383331880864,2802411.1352112996
4451,0.07647562300747691,1227795.774433752
4452,-0.5138198134447148,2390005.732717549
4453,1.0686206617118617,478228.5729903081
4454,1.1932805580284331,435102.993182761
4455,-0.6365878331570315,2754369.110771506
4456,-0.26734549509633476,1801293.5452909544
4457,-0.5191320220460997,2404707.3441923102
4458,0.0369815799966864,1281820.34610216
4459,1.004682192594821,503149.16208252864
4460,-0.8105574623362873,3367667.3831564263
4461,-0.6620508595186162,2836692.765696549
4462,0.22403237883462213,1048299.7753627821
4463,-0.025853311496198506,1373522.3548874906
4464,0.36941682975369944,901611.3361628393
4465,1.009470841363557,501211.5011901652
4466,0.3618142802748415,908623.7755671603
4467,-1.7935848623912507,9930822.415940735
4468,0.3969512979597492,876779.2964710868
4469,-0.5684048322600969,2545554.343563585
4470,0.4870100326003782,801431.5226147939
4471,0.9024861848592971,547459.8457273312
4472,0.36970172524305145,901349.8820592618
4473,-2.8942241384835143,26360631.225082316
4474,-0.34986927152818054,1979225.5016386707
4475,-0.12270630541852269,1529832.5260706518
4476,-0.9698320203505512,4044029.759555016
4477,0.8054257636144606,595270.2254437959
4478,0.24413116336478813,1026359.0987516635
4479,0.3729151649137145,898407.4580615202
4480,0.4706354329201218,814490.479613714
4481,-0.9470683092815356,3940004.9017196666
4482,-0.11512932162674241,1516910.1218725326
4483,2.0606581724207502,265761.60133735556
4484,-1.0350996229760072,4356767.8081278475
4485,-0.6353993539431398,2750585.6096035712
4486,-0.38149543900859273,2052291.8475993595
4487,-0.5617640119625588,2526091.8233785983
4488,-0.0027742052011017564,1338994.0680217762
4489,-1.8310009343451104,10315108.488832675
4490,0.2165478561385243,1056615.1927043493
4491,1.2577446569574053,415336.5409720686
4492,0.236962706347684,1034119.9310585113
4493,1.1109463355634503,462814.05898232386
4494,0.5069166634693753,785921.7840816188
4495,-0.7659251487452707,3198590.3283047713
4496,-2.102502093736581,13460185.693391256
4497,-0.07715001628644877,1453947.2507828583
4498,0.2381655311270733,1032812.740630372
4499,0.08313309478566892,1218951.9199755518
4500,2.41525471424879,233765.5939986668
4501,0.7680529218119525,615327.5931475685
4502,-1.423620169041847,6721209.057168494
4503,-0.34505724907667573,1968351.723124436
4504,0.5340773456705752,765390.9423442577
4505,1.2977510156887262,403854.5199413993
4506,-0.5881041866687959,2604187.570086439
4507,-0.854780687156668,3543728.5795518677
4508,-1.6305982364055924,8388607.589777498
4509,0.7509172556741,624851.1066728911
4510,0.4948589116370236,795268.7960905503
4511,-0.4823082659389907,2304675.8577992558
4512,-0.7993646695245394,3324467.2198705785
4513,-0.2395608012565544,1745317.4978674995
4514,-1.3541919570728704,6229559.847325892
4515,-0.8532836452353783,3537626.0110847903
4516,-1.8840690621542975,10880132.618031302
4517,-1.0197430909650944,4281215.060077054
4518,0.17672565298820178,1102218.54095561
4519,1.7076807958430251,314076.8565091999
4520,-0.6146058879845869,2685227.440956205
4521,0.6416320026551819,690785.8206034935
4522,-0.8376509325977785,3474502.1234328444
4523,-0.17368893131710747,1620023.6955595552
4524,0.32821738237467774,940445.1529525165
4525,0.8694831216089,563053.3039354646
4526,-0.12587785616005268,1535277.8825504805
4527,0.34796986601948454,921570.6403226752
4528,-0.3887008262899032,2069333.2175746625
4529,0.7149338142955649,645545.8362216244
4530,1.4862629059671635,356877.75389475486
4531,0.7085548662356171,649315.4727858689
4532,-0.34960138837363575,1978618.4920211928
4533,0.0726435834591696,1232920.2151659273
4534,0.24257248197061182,1028040.5404365788
4535,-0.008513891449807541,1347487.6682578127
4536,-0.9765105805098294,4075036.883735041
4537,-0.9991268762657228,4181706.2508749813
4538,-0.7332593785190574,3080131.194167996
4539,0.4459577189869417,834698.2123437994
4540,0.41334261275396855,862408.3704010203
4541,-0.012158673465888831,1352913.1703485476
4542,-1.9961544339193136,12152187.785436505
4543,2.9771603113318332,202862.24914195418
4544,-0.7076564845645993,2990310.6811030833
4545,-0.8592375837433119,3561956.744086433
4546,2.5254455225981656,226168.10288503207
4547,1.132992647005317,455107.7803327916
4548,0.338944121621434,930135.9034643322
4549,-2.3993934338411567,17647058.771976154
4550,-1.990627703759402,12086925.101458307
4551,-0.2202820689798288,1707587.1575857326
4552,-1.6404951931411875,8476299.416306827
4553,0.2701691779873712,998760.266223379
4554,0.19264186044837767,1083713.4288789
4555,-0.3267953341739721,1927658.8462228412
4556,-1.1030210343129312,4705994.903769587
4557,-1.0055663092636096,4212553.009243039
4558,-0.23975998541043828,1745712.0152523022
4559,0.853455427184329,570867.5473150936
4560,0.3841443096664181,888220.1568147287
4561,-0.6386043119397959,2760800.4660181436
4562,0.6009533015966013,717795.3349082451
4563,-0.7413211355798324,3108959.8432329446
4564,-0.2705336655343832,1807839.5405713741
4565,-0.9527141674587349,3965567.0426341263
4566,0.12246823374955935,1168195.2530260351
4567,0.7476741967967978,626677.2354575439
4568,0.8420045807919485,576549.5965267657
4569,0.20901389383788582,1065066.160619472
4570,2.40911157634987,234217.06826279583
4571,0.3905064078833326,882513.1864434149
4572,-0.17824035248114803,1628356.4980453283
4573,-0.2895545100819081,1847429.330030234
4574,1.0336112672360154,491621.74979771907
4575,0.36476937444806823,905889.9239828124
4576,-0.4469355161208624,2212627.5151738212
4577,-0.5189221477177695,2404124.758547105
4578,-0.1875294124426186,1645509.543561648
4579,-0.40765501629465367,2114875.44535848
4580,0.30823300790381153,960033.9256415688
4581,-0.41330190710839376,2128645.810335912
4582,0.45112641336247433,830412.4960416765
4583,1.256691779157811,415646.61639635765
4584,-1.4544647635780745,6950177.457310434
4585,-0.38219469324431077,2053939.1535242712
4586,-1.2863536132586442,5779851.8431711355
4587,0.6920531570029934,659211.8873113476
4588,0.9770323576048501,514572.082314015
4589,1.321652152421487,397265.88439964445
4590,0.26098154154501224,1008393.8921431164
4591,0.2837453542453264,984730.7836855026
4592,0.6751766678458461,669552.7493073981
4593,1.0651629724738791,479524.9074952508
4594,-1.5362981638656306,7590208.994089397
4595,0.798454013335934,598939.1431223119
4596,-1.3095707400856849,5930428.598953169
4597,-0.15645014149292583,1588885.7630584706
4598,0.27327135624684695,995532.9885055027
4599,1.0085017325112855,501602.68207851856
4600,0.4084016932280117,866708.4569260579
4601,0.5948597247950297,721964.479181716
4602,0.04285519375710137,1273613.9551036824
4603,-0.7347780841981443,3085541.8795037405
4604,-1.2407779605077567,5494104.246818717
4605,0.5124100190034653,781711.2514689721
4606,-0.747549644980937,3131414.220928658
4607,0.7317366115808348,635763.0054839322
4608,0.15175164336261662,1132021.676968007
4609,0.08067447598831427,1222209.2912081038
4610,-0.24350214339074122,1753141.9845305758
4611,-0.0907611867544749,1476169.3773480603
4612,-0.7643991354773149,3192958.31299502
4613,2.0999750563355315,261533.4302801857
4614,1.5316776885109449,347119.25207119784
4615,0.4744914042994505,811390.4877239466
4616,-1.5155391019203197,7423296.160931973
4617,0.4001865011324798,873918.8443309307
4618,0.12858574565525446,1160526.676480231
4619,0.5246705101970244,772420.517769874
4620,1.3589314319081112,387376.6192988306
4621,-0.41738292326871723,2138656.067917642
4622,-0.4689433048393428,2269439.5664265216
4623,1.0315874158122478,492414.4255450002
4624,1.1641974857473116,444562.4872343758
4625,0.19073492400957714,1085910.7993530522
4626,1.3991563305063255,377212.2429691214
4627,-1.9363354733897817,11459882.637776352
4628,0.44008345411863986,839603.6667721533
4629,0.28525038137061426,983190.4613147051
4630,1.314599617695741,399189.4327045515
4631,-1.056618335666731,4464725.0196588915
4632,1.125520778103117,457695.41837154224
4633,-0.6072021968369092,2662334.9518009257
4634,-0.16275530773067673,1600197.414667558
4635,-0.7870496486599051,3277557.9133142373
4636,-1.3490373829109656,6194341.509735145
4637,0.7282361973209317,637783.6003395896
4638,-0.43960379872916544,2194030.684155312
4639,-0.862776572696648,3576494.9290744597
4640,-0.8801540851229209,3648711.9650077787
4641,-0.15557544078371427,1587323.5082879066
4642,0.37084945518125373,900297.5559943437
4643,1.5502234373708705,343289.71567582915
4644,-1.9560279835232086,11684377.152881982
4645,-0.169408558192076,1612229.9175754571
4646,0.32059962675723863,947852.9964043767
4647,-0.4263608764101799,2160851.5346633377
4648,1.2879908225723442,406602.57150699705
4649,-0.2714136727537937,1809650.895086024
4650,-0.08679350737473732,1469652.4813758216
4651,-1.0774712311993657,4571701.302039964
4652,0.47253015412329435,812965.3052766608
4653,-0.15511885283107585,1586508.69567127
4654,1.097244947382778,467713.35444033105
4655,-0.8079858665629444,3357693.9930164553
4656,0.20456406082230755,1070095.911543867
4657,0.3807694536972294,891266.4702536057
4658,0.6135080449197406,709307.9566393858
4659,0.42254157712100915,854474.868775484
4660,1.8260798970984617,295535.4147388834
4661,-2.8801361260667018,26084198.78150725
4662,-0.07343484491598154,1447947.172100904
4663,-0.7560848006500968,3162442.879500896
4664,-1.2813136924848065,5747615.852028975
4665,0.5232432025118718,773494.5768003555
4666,0.7829051823226401,607241.1279645836
4667,2.0950671493151947,262050.63149788656
4668,1.0574827214078928,482424.8503515921
4669,-1.0215826773027414,4290200.860471491
4670,-1.7221778784227306,9229151.805297205
4671,0.2465539829122329,1023752.10124842
4672,0.2029487406226895,1071928.821984246
4673,-0.008600794089398268,1347616.7392218115
4674,-0.13337433697507048,1548234.7168409335
4675,-0.11225946618415276,1512047.4272875586
4676,-0.7539917529808945,3154806.0461149625
4677,0.5185432667892043,777045.287188746
4678,-0.660253077224778,2830800.625050168
4679,0.9234250779980988,537903.0521608795
4680,0.32963469924705063,939074.8552866144
4681,-1.0629440183161818,4496928.8858596105
4682,-0.8287316018619845,3438974.646735028
4683,-1.7645810535222983,9640841.39438823
4684,1.5909990665087412,335172.7310288381
4685,-1.2743343989210592,5703238.894979701
4686,-0.7786591608491623,3245967.4387415927
4687,0.20844583447507645,1065706.6624379794
4688,2.055976576767941,266278.21409618587
4689,0.10352018744219021,1192329.0502838881
4690,-0.456325995318099,2236685.9613368153
4691,0.46434054145836073,819584.382495484
4692,-0.882761463015717,3659667.462802809
4693,-1.9245714281684196,11327361.341912549
4694,2.8644321008115887,207711.3046712554
4695,-0.17950666547801739,1630683.25072747
4696,-0.2989309103650018,1867287.0147206197
4697,0.8083673664958756,593732.0210136016
4698,-1.5370236145692404,7596098.768450301
4699,0.3782439227369055,893554.7912068764
4700,-1.1534821460496996,4981909.58589588
4701,0.17005319233532984,1110088.6779197615
4702,-0.6618333677967905,2835979.2977340077
4703,0.1223088930980936,1168395.7911473906
4704,-1.4459644834837524,6886418.087406132
4705,-0.9498950709924641,3952783.798987794
4706,-0.005279253021910251,1342693.4958575824
4707,0.369001775153512,901992.410948742
4708,0.11375748333066667,1179217.9129388887
4709,-1.6482221659767071,8545288.136218106
4710,0.9751997725833195,515343.5318650928
4711,0.6984421663362581,655355.3224612664
4712,-1.188246360024934,5180478.186672383
4713,0.08065236843184793,1222238.6270882983
4714,-0.8418621274769826,3491399.013210285
4715,-2.438804307071986,18262624.198357746
4716,0.16038898305409818,1121606.804832174
4717,1.6101056052689473,331507.7005235388
4718,-0.5232631310417036,2416204.2941607917
4719,0.7838783976722168,606716.619520505
4720,0.6463948534164603,687714.9123147654
4721,0.768330320764827,615175.1415966825
4722,-0.5811374990631095,2583297.1287447563
4723,0.6107908460409446,711133.2509239345
4724,0.00973270684383082,1320697.6241214839
4725,0.25912242581239076,1010357.0638146399
4726,-1.860006228898888,10621006.286845705
4727,-0.6599540528568548,2829821.7725350657
4728,0.13735449876872063,1149638.0964944796
4729,0.19857304416739774,1076912.9574901192
4730,-1.626115418743835,8349134.853222167
4731,2.5758154588654385,222989.13627126045
4732,0.12172837909831787,1169126.7402324127
4733,-0.05069464995503374,1411823.6023039808
4734,-0.05833376843653839,1423843.9463282898
4735,-0.4840388176332546,2309279.555086953
4736,-0.4945663807079935,2337490.57852922
4737,-1.3632639709081538,6291969.3673519045
4738,0.8151869152108816,590188.2585210897
4739,-0.3039602664170949,1878032.5022502062
4740,1.1828007668219895,438471.5124958516
4741,-1.0640723277093227,4502695.618990205
4742,1.5625649963914492,340789.60793217114
4743,-0.4076193607802763,2114788.793727919
4744,1.0018118260681343,504316.3090917845
4745,-0.43589185803661595,2184677.4834098583
4746,-1.2850308006744937,5771375.4783347715
4747,-0.2111464155611583,1690018.5923336898
4748,-0.49419013924593896,2336476.258387151
4749,0.7998499245786341,598201.9049653009
4750,0.4448659466713631,835607.1240452434
4751,0.2322040137089124,1039311.2618411847
4752,1.840702079691424,293424.86934231647
4753,-0.2656032662303248,1797727.1790829378
4754,-0.7046904648239749,2980073.8541012774
4755,-1.4222805644345033,6711413.762395769
4756,-1.1653286524016384,5048786.105767654
4757,-0.3701083339095431,2025661.1413067009
4758,0.2100104650591124,1063943.6215968686
4759,0.43988211820050954,839772.4549402741
4760,-0.2705117950974086,1807794.5486509728
4761,1.2575246650084906,415401.29515655746
4762,-0.6784271964755548,2890931.099386171
4763,0.6964513068382976,656553.656503196
4764,-2.9302680658836535,27074903.535963804
4765,-0.3598120470492783,2001895.4439137331
4766,0.3506514047352121,919044.9587901926
4767,2.34573758867286,239060.53243394443
4768,0.8465134976813797,574302.2468541983
4769,-2.0473373579996554,12769267.671549663
4770,0.8782101975257983,558865.5138828214
4771,0.7090551289790513,649018.7236646559
4772,0.8917901632602194,552441.4850723619
4773,1.15321459031386,448226.485903144
4774,-0.08784695521408822,1471379.613981745
4775,-0.01609051700940648,1358793.951716064
4776,-1.7526435716209778,9523476.529932085
4777,0.5329193780177898,766251.686675638
4778,-0.5410277433825569,2466288.0431196503
4779,-0.7606764519728441,3179259.776367605
4780,-0.9757319927033195,4071410.584806484
4781,-1.5784743301909472,7939069.073375093
4782,-0.2088429624180657,1685620.061351966
4783,1.587504953122499,335852.3715462432
4784,-0.13518026363305052,1551374.1787066604
4785,-0.6620477749520637,2836682.645718158
4786,0.024025139541925263,1300139.2793848617
4787,0.08068391837347638,1222196.7617752666
4788,0.725616374505191,639301.8413845579
4789,-0.2964450180432413,1862000.1068960559
4790,-1.1342761159891341,4875197.661866816
4791,-0.36795714587206624,2020671.2895682536
4792,0.4190216474318954,857499.5050820361
4793,-1.1568660823842494,5000930.152592212
4794,-0.8942432060347565,3708286.0183784924
4795,1.6542608754624721,323360.67404987005
4796,0.09835527045732147,1199008.7976203095
4797,0.8453276244901816,574892.05410191
4798,-1.8858009947430867,10898971.712837119
4799,0.37141189130891966,899782.4375242187
4800,-0.7688962060022877,3209583.407698721
4801,-0.3321247741698711,1939441.14419474
4802,-0.9672471289817577,4032088.377870054
4803,-0.570980195900549,2553142.978571895
4804,0.33853864221551216,930523.0280267086
4805,1.3293284437678046,395191.5096713002
4806,0.4120784632834602,863505.9634811132
4807,0.5458905728639596,756682.8023587306
4808,-0.49781920180087474,2346278.878529226
4809,-0.707439393206074,2989560.240918232
4810,1.5818623277586057,336956.13055524515
4811,0.41237146100508326,863251.4105601246
4812,0.6748725508574104,669741.160748081
4813,0.8819191637226301,557099.8643259361
4814,0.6371443318236617,693696.579208159
4815,-0.10644378577360536,1502246.5423469555
4816,-0.17884476139590694,1629466.5975054784
4817,-0.8993357993811549,3730047.154119372
4818,-0.908784104267467,3770743.613468215
4819,0.25230162475349466,1017599.7356858993
4820,-1.5209765117734997,7466712.784993859
4821,0.8698581969529489,562872.3541157274
4822,0.9961182027704523,506644.14752483886
4823,0.22204877160127742,1050495.8594137882
4824,0.417604682187588,858720.9549992001
4825,-1.12722311184043,4836536.36069775
4826,1.3259891843371143,396091.4224210733
4827,-0.2772720330616219,1821759.325755825
4828,0.9715434569158244,516888.1144031591
4829,0.8359577589852643,579583.9611483228
4830,-1.540011863427108,7620400.319500066
4831,0.1824091957778884,1095567.3910332439
4832,0.6389156608727358,692545.6645484455
4833,0.02047511338043987,1305211.1211646404
4834,-0.36571721242629873,2015489.379011599
4835,-1.029211491513504,4327653.156072189
4836,-1.2527280052716356,5567783.093001956
4837,0.3726269353050658,898670.8836887442
4838,-0.07067810602875758,1443512.982975828
4839,2.1043794913218705,261071.81123918528
4840,-0.7296583197421843,3067339.0061563132
4841,0.7355205247941545,633588.9688553014
4842,-0.6933792365876223,2941351.9915367723
4843,-0.014157872540069805,1355899.6976513234
4844,-1.3005138450739118,5871281.562566228
4845,1.7557016547669637,306233.4897926853
4846,-1.8727492650966227,10757625.307076786
4847,0.4824706989045604,805024.1875582745
4848,0.834041761529174,580550.3543156938
4849,0.7720125183948993,613156.6384152272
4850,1.6408939252095938,325780.45311982976
4851,0.09805795820361227,1199394.642972467
4852,0.6384283724300739,692862.0168676339
4853,0.31475247148150115,953588.2994682255
4854,0.7395343219557676,631294.3860000655
4855,0.7542984327950228,622955.294992259
4856,-1.3225764119348844,6016283.019109264
4857,0.38505527958623015,887400.1299184324
4858,0.9256936628882538,536882.9439370984
4859,0.35540862117469385,914585.5676367693
4860,-0.08738902369324474,1470628.553611136
4861,1.878879026857497,288086.7954977186
4862,1.0838904374713765,472571.5119063883
4863,-0.1831584277014233,1637413.5604363633
4864,-1.043604314146473,4399142.041765582
4865,-0.731964993631014,3075527.0647916337
4866,-0.12909179295355086,1540818.0054620313
4867,0.147683215803472,1136967.1696793512
4868,-1.0536154656870496,4449512.375340021
4869,-1.0364882988900728,4363660.805378479
4870,1.8036120479848057,298852.0116501348
4871,-0.47870336867578206,2295116.3370987778
4872,1.3230315697957518,396891.6452834388
4873,0.6284781151410305,699365.4012560626
4874,0.21663635170422563,1056516.4078917282
4875,1.34073945642602,392144.65278793895
4876,0.025733244458893967,1297707.032589526
4877,-0.3701878280735973,2025845.783412472
4878,1.8281903686893821,295228.48444179486
4879,-0.3282745089048004,1930921.3391914286
4880,0.5810013736847227,731568.8244327797
4881,0.1757061689708725,1103416.6923289194
4882,-0.41825894921134893,2140811.268892098
4883,-0.05101178613699556,1412320.3362041272
4884,1.5995932688429049,333513.4907730727
4885,-2.3467602618358874,16846807.847693782
4886,0.9214036491759695,538814.5224952071
4887,-0.506644243601271,2370293.5303533836
4888,0.8589984027348392,568146.8975162081
4889,2.6011644239588203,221453.61741728644
4890,-0.6699363356140158,2862681.7582895
4891,0.8186559023032778,588397.4809705853
4892,0.013884008825882636,1314688.127264517
4893,0.4785362771064001,808155.1099938194
4894,0.44394227309689355,836377.0886857755
4895,0.06048449743427461,1249345.668655006
4896,-2.0843711179934328,13230128.986695018
4897,0.43969493220812783,839929.4198379479
4898,-0.14520143950480624,1568923.9796571177
4899,0.5469612272058928,755900.0917155517
4900,1.1204218013515235,459475.43866028264
4901,0.3846552313021117,887760.1228664748
4902,-0.26012009274026865,1786552.6782748953
4903,-1.7762313468494968,9756497.226392547
4904,-0.8722610862400018,3615738.8170272247
4905,0.6957626163789429,656968.9066870962
4906,0.2827399397638193,985761.4313588315
4907,0.9282745209638997,535726.0141163875
4908,0.4698948297295259,815087.6464255479
4909,0.26989843666600627,999042.5337863629
4910,-0.34584222850705604,1970121.2155456396
4911,0.20680969218756376,1067554.0522184763
4912,-0.1919210857692085,1653688.085062748
4913,0.09534814784554307,1202918.089877616
4914,-1.1620222909948439,5030039.303918571
4915,1.425386673680101,370854.6008258361
4916,-0.2927671884820031,1854207.635576045
4917,-2.269992471502774,15724483.694234552
4918,-1.010758055608179,4237577.803875482
4919,-0.31713065777349364,1906486.3218147028
4920,0.9613226807861102,521244.3066831398
4921,0.5765001358700188,734725.390008505
4922,0.5846004340477666,729058.0504938621
4923,-2.513820924908276,19472819.7110726
4924,0.38273458777092006,889491.0369822719
4925,0.6320386352619596,697028.7070300853
4926,-1.8235206852499728,10237356.266596233
4927,-0.7897655063483836,3287847.237105315
4928,1.4931463936584302,355363.02122656896
4929,0.12490110878331698,1165138.394785408
4930,0.43387738445660023,844826.6025594606
4931,-1.0673218698021534,4519342.103585567
4932,1.6419845098864414,325581.53492321796
4933,0.20216504775691002,1072819.4431956366
4934,1.1054709100177114,464761.7067455166
4935,-0.7312360412791266,3072937.1617269567
4936,-0.6676551623509093,2855139.1641451935
4937,0.39931522374165085,874688.0277885769
4938,1.3111105727983154,400147.38355682377
4939,0.49185695832052057,797618.5025428444
4940,-0.6516500532486741,2802773.273655242
4941,-0.9009624893816667,3737023.7913538907
4942,-0.09494333324633183,1483073.6120851985
4943,0.1484275230789154,1136060.4917130072
4944,0.004277050932572845,1328643.2973783803
4945,-0.7793916118813025,3248713.2730890284
4946,-1.0125499448461288,4246247.108326358
4947,-0.07872144500344515,1456493.5488165538
4948,-1.2692254811921928,5670947.752521947
4949,0.5367497730749167,763409.3542722435
4950,0.41329314883542423,862451.2837592039
4951,1.0249558761036581,495026.1682850307
4952,1.8357937242253388,294129.1813014475
4953,-0.4669222208873193,2264159.7425759677
4954,-1.4448273279357664,6877926.6464472
4955,-0.5782951289234595,2574822.7489097374
4956,-0.3101409603979185,1891328.582788304
4957,0.9968820910566554,506330.84753191366
4958,-0.49000073858652216,2325212.517790265
4959,0.9261496305340339,536678.2676507946
4960,-0.5310336329734667,2437982.462136934
4961,0.2818878706172064,986635.9241409049
4962,-0.5024128081154956,2358747.5919914604
4963,-2.1637453114748926,14258931.723522859
4964,-1.3634252576799766,6293083.839142625
4965,-1.3307203248029966,6070599.0135517875
4966,-0.5080291232771114,2374084.928152091
4967,1.4639808757158093,361870.94193428644
4968,0.17604478159317705,1103018.5643070766
4969,-0.5543498844494028,2504541.5695230816
4970,0.37832289843565453,893483.1208442105
4971,1.6315790838125621,327490.3577887928
4972,-2.4935891505376353,19141481.087007493
4973,0.07952620280541645,1223734.0931875885
4974,-1.2876785589509783,5788352.938664219
4975,1.3422389592284323,391747.5078907183
4976,0.35302598633312204,916815.6355430116
4977,-1.4763484023292308,7116654.887114745
4978,-0.0112702208345814,1351588.354305051
4979,0.021920071268653824,1303144.0007274332
4980,1.2112455231309525,429431.5078283087
4981,0.5927413733094228,723421.5043789817
4982,0.2159115973259233,1057325.7570138662
4983,0.06087365955433393,1248816.0329855138
4984,1.0183157954101874,497663.51297700504
4985,1.0189281132309274,497419.3725580279
4986,-0.6631103015904014,2840170.759157204
4987,0.5787088185578079,733174.2302650765
4988,-0.8822029175738385,3657317.9594526724
4989,1.0142650734941827,499283.4128849294
4990,0.6508963611703944,684829.760989907
4991,-0.49772321778949075,2346019.067608932
4992,0.31022140288951827,958062.3407535783
4993,-0.4426388232305181,2201709.1929764957
4994,-1.9890350194678252,12068167.139162004
4995,1.3638610239320783,386103.2342604797
4996,-1.4242382921643029,6725732.979326146
4997,-1.4262596869746398,6740545.515286216
4998,0.38258513146713097,889625.9084433652
4999,-0.09986169855241393,1491239.555422303
5000,-0.3019542646795745,1873738.6570485753
5001,0.25503776932971145,1014686.7692631674
5002,-0.15203842286334382,1581023.5171648855
5003,-1.106248553772048,4723214.862031082
5004,0.7306128956491474,636410.6732646007
5005,0.6994768519351953,654733.7376875775
5006,0.1261427867500478,1163581.889173067
5007,-0.2842998301267493,1836399.948846589
5008,0.3737734026096443,897623.6540875176
5009,0.15278296074555434,1130772.0915577323
5010,0.6039990314944714,715723.7125698217
5011,-1.134648462856364,4877246.51624504
5012,-1.6479760579665084,8543083.707288288
5013,0.7822292687577614,607605.7935911457
5014,0.6087663698005102,712497.361012606
5015,-0.0077281753113272655,1346321.3347514754
5016,0.40914506051615335,866059.7579417108
5017,-1.034602271842286,4354301.560518503
5018,-0.6958036507968992,2949609.336253159
5019,0.3981874536222696,875684.9279550663
5020,-0.7993203195122365,3324297.1198918703
5021,-0.7980018165098308,3319243.9972085464
5022,-3.115965356128715,30907452.795438427
5023,-0.45000316218232816,2220457.136304502
5024,-0.5234949788943489,2416851.197052067
5025,0.2783885028630352,990237.4021168442
5026,-0.03241794071101503,1383528.0508537726
5027,-0.36947800420855537,2024197.6952801754
5028,-0.26140308672632306,1789160.6358216628
5029,-0.7425986865158296,3113552.6112056267
5030,0.6310618403585795,697668.6913341931
5031,0.23199292111731032,1039542.2778286021
5032,-1.138756136174432,4899901.369845885
5033,0.23163288612090852,1039936.4375008268
5034,1.0707582103011457,477430.02842553006
5035,-0.22585312384520986,1718398.317439464
5036,0.791060398900962,602866.137099148
5037,1.0738814147711484,476267.16505840304
5038,-1.4308873895720813,6774562.693097091
5039,0.5414270869320003,759957.5163313795
5040,-0.5187395088787237,2403617.8930314914
5041,0.08069317800111434,1222184.474995374
5042,-0.7021359458403071,2971285.056991479
5043,-0.07523336432763571,1450848.3340177052
5044,-0.8792771911529748,3645034.5525608277
5045,-0.6862963525300829,2917359.3750948156
5046,-1.137028900840517,4890363.559245083
5047,0.40150855260929763,872753.3501666811
5048,1.0962187742694833,468083.73854414606
5049,-1.1061516881671212,4722697.209033795
5050,1.7431505929515956,308239.3551314936
5051,-0.6470515370069017,2787905.858665555
5052,-0.14051459285188533,1560688.800474641
5053,-0.7649526902985131,3195000.1806790223
5054,0.884767241995279,555749.7271016705
5055,0.1987261696885199,1076738.0698017245
5056,0.18917016671514872,1087717.8701626512
5057,-0.7775888555167597,3241959.1171928262
5058,0.22753383793694507,1044436.8030974594
5059,0.6230323303381495,702960.1348726385
5060,-0.22191541455712374,1710749.1276386736
5061,0.26458078384224254,1004606.4391433361
5062,-0.09644677088667564,1485564.4417509895
5063,0.8178450359223381,588815.3563063677
5064,-1.5456454529184271,7666392.828097517
5065,-0.6139331952639784,2683139.2906209496
5066,-0.790942751951122,3292317.1254420415
5067,0.12303916232858027,1167477.044233047
5068,-1.8606114606388304,10627464.163940057
5069,-1.4977054548726607,7282395.989528316
5070,1.853963686289936,291542.66509314196
5071,-0.4479664503177882,2215255.585532588
5072,-1.5599539493764445,7784257.292886848
5073,0.2469557432787478,1023320.5796923109
5074,1.7351783816774664,309529.4695052278
5075,0.2655962793781456,1003540.9916320378
5076,-0.2840756486026651,1835930.9758034677
5077,0.2873855093414418,981010.3465581946
5078,0.6345122379300756,695411.6264781695
5079,-0.3468656395803009,1972430.7127151848
5080,-0.2442735157089658,1754677.7836390743
5081,0.34818175873312684,921370.747001098
5082,0.14973039669608837,1134475.4612668091
5083,-2.633961857321266,21514906.11770026
5084,0.7341761852618014,634360.1440390142
5085,0.9672185760703641,518724.47348094906
5086,-0.00975787976065066,1349336.6311462491
5087,0.872166431649615,561760.6927668434
5088,-0.4769457563354281,2290470.335702748
5089,-0.1410364397286299,1561603.3556098826
5090,-0.3745610084147536,2036030.8401819877
5091,0.03851484393693034,1279672.251051948
5092,-1.0891685662973167,4632740.212881618
5093,0.8392328746736609,577937.547572393
5094,0.9079734971433134,544930.52357837
5095,1.5833260690654594,336669.06740566203
5096,0.43968114455975466,839940.9829702361
5097,-0.13055354713228823,1543345.0955934576
5098,0.11448441957402648,1178293.3715498652
5099,0.578090004926289,733608.379004969
5100,-0.021697975726288163,1367231.3998362052
5101,1.1639364048691794,444648.9952641738
5102,1.0362497834830249,490591.3985045239
5103,-2.166575382216763,14296652.888245484
5104,-0.12881271962768692,1540336.0644411976
5105,-0.2895583322672027,1847437.378495092
5106,-1.4791595326113214,7138285.194541681
5107,0.7801596051471988,608724.3802718008
5108,0.08035393918161488,1222634.7116831401
5109,-0.3467952577197273,1972271.7924296248
5110,-0.3265434642422371,1927103.9027480076
5111,0.40665630922029655,868234.0023383817
5112,0.14617978806312731,1138801.1905739396
5113,1.5117930854804296,351324.2902399186
5114,1.744070081150787,308091.3624515033
5115,-1.4184322774945848,6683343.288809605
5116,-0.008488747409396022,1347450.3260471248
5117,-0.448278165473005,2216050.8523326963
5118,0.26434561948501595,1004853.3686023211
5119,-0.66546477957286,2847915.3952179058
5120,1.6265961332030556,328413.1447098037
5121,1.4012013805373096,376709.0367894917
5122,0.565168890375965,742753.0526280686
5123,-0.5254105651251814,2422202.864343531
5124,-0.8475205983624714,3514227.6905124653
5125,1.2255635916138579,425002.7669611835
5126,-1.159313995302437,5014730.60211046
5127,0.26880040685886214,1000188.3128080529
5128,-0.11339876030106516,1513975.768669804
5129,-0.8998948651236448,3732443.503727521
5130,-0.02211490263153661,1367861.1223877554
5131,-0.44568747869296277,2209450.338650557
5132,-0.11339030063391024,1513961.4399430312
5133,-1.249095154782913,5545291.677446146
5134,-1.6519884944472647,8579082.150600795
5135,1.108576756464002,463655.2708389814
5136,0.09484833662222547,1203569.2960239472
5137,-0.41398806152690343,2130325.4332633987
5138,0.7685733479433281,615041.6245785536
5139,-0.008275153306797556,1347133.158341179
5140,-1.2895943020184957,5800664.2950611515
5141,-1.6774944655037214,8810837.131276658
5142,-0.28988786538277717,1848131.4255797877
5143,0.2644518159359337,1004741.8500223096
5144,-0.19710494522655359,1663399.2651053288
5145,-1.6449382017370349,8515911.65694696
5146,-0.8209780386209443,3408376.11798384
5147,-0.40353171317969594,2104879.4306672453
5148,1.7071725798196324,314162.3483416821
5149,1.1114229906581392,462645.1501480752
5150,0.3545042189723311,915431.2557360388
5151,0.2936209374503732,974677.5498616794
5152,0.2508877065606011,1019109.0258914139
5153,1.2840801378216107,407713.17073107965
5154,-1.6415105977913018,8485338.985205768
5155,0.6775108631769744,668109.083280431
5156,-0.23270149234218448,1731790.3531033169
5157,0.5976008824843243,720084.9683668623
5158,0.17611684053249482,1102933.8622701282
5159,-0.1738860231400244,1620383.560929354
5160,0.0003029511930833047,1334465.7005878282
5161,-0.006725293750685476,1344834.3113249154
5162,-0.6878108267496256,2922473.1433572597
5163,-0.1361265659068301,1553022.0709047907
5164,-1.4556479328957055,6959092.254943353
5165,-0.5998267045687344,2639725.176942033
5166,-0.2731003020755868,1813128.0195709078
5167,-0.24978915120362408,1765701.9486636585
5168,0.26844486932069306,1000559.6564466837
5169,-0.8577170460305862,3555727.8229298783
5170,-0.5480635972016151,2486416.184982902
5171,0.5300333991160735,768402.4925902642
5172,1.2970813083617028,404042.00308698276
5173,1.0020545157051621,504217.4610847268
5174,-0.15374561448441224,1584060.8406694955
5175,-0.43142222778716743,2173470.1854699487
5176,-0.4217558840330646,2149437.0801467323
5177,-0.49422248072110575,2336563.430886822
5178,0.6064362265602307,714071.8389535161
5179,-0.6231249101263522,2711813.7478087465
5180,0.6163562015180377,707401.5314770429
5181,0.04158927126623503,1275377.5095575247
5182,0.529234228488205,768999.496520797
5183,-1.022218047431324,4293308.527456806
5184,-0.3327526636149135,1940834.317216661
5185,-0.8744907486627144,3625024.2264779126
5186,2.120641006946203,259387.94359993708
5187,-0.2855797279148841,1839079.8772123207
5188,-1.162788207644547,5034376.35669282
5189,-0.8978106239825722,3723517.184659949
5190,-0.6177872806228916,2695125.1857737466
5191,0.4567623417678342,825771.7102261628
5192,0.009103068502159964,1321611.8494551873
5193,0.9581968130913624,522587.99152262666
5194,0.5910483287819491,724588.8587863419
5195,1.2369112362851882,421549.32698293193
5196,-0.8632610867104652,3578489.745544786
5197,-1.0763426075184368,4565851.328631045
5198,0.485185765005451,802872.8220753254
5199,1.5479600058563177,343752.39350534324
5200,0.7009158272215186,653870.651272133
5201,0.00112765973270991,1333255.0324190923
5202,-0.04820981893697868,1407938.4167830937
5203,-1.8365449464712666,10373034.717707364
5204,0.39881427920938434,875130.6629006502
5205,-1.4363712510131261,6815064.652497045
5206,2.3049284181234397,242367.72816577228
5207,1.1422742295930461,451927.42100695934
5208,1.8469916738776322,292528.43939684244
5209,-0.5786737378144222,2575949.9240148882
5210,-1.0020908652674148,4195878.272202443
5211,1.072771160985131,476680.0162722177
5212,0.6912544863777343,659696.2176862702
5213,0.7367442311108554,632888.1525949043
5214,1.1319550065698145,455465.6662195554
5215,1.0187770578986666,497479.58288586687
5216,0.355044460102708,914925.9692332087
5217,0.18480169765849058,1092781.9479077556
5218,-0.7257983716486509,3053685.236868742
5219,-0.6463609107559186,2785679.8223438137
5220,0.6178974925847798,706372.7728672686
5221,-0.010100215518021871,1349845.9593067523
5222,0.5736102143014447,736761.6558918935
5223,1.7777886509238656,302777.1751241558
5224,0.76592942662086,616496.4155721215
5225,-0.19815942526749108,1665382.3070582
5226,-0.9329440940415505,3876737.200786238
5227,-0.3475415435267382,1973957.5767174312
5228,-0.964981095240733,4021647.3443124024
5229,-0.514940329258876,2393099.0864186613
5230,-1.7437306861895085,9436598.904314743
5231,-1.0516968641503017,4439817.839077899
5232,0.23973983970854543,1031104.8666173791
5233,-1.244896975824732,5519401.333081135
5234,-0.8494894579993814,3522204.575832486
5235,1.005321086809048,502889.9568527555
5236,0.5770720132480672,734323.336840553
5237,-0.5018514851459625,2357220.3096828363
5238,2.386645909341083,235894.77172614614
5239,0.3636509492998052,906923.3954048927
5240,-0.7775456932313982,3241797.5746477917
5241,1.9785790330238313,275246.6443312352
5242,0.8521022556549636,571534.6656577328
5243,2.8651324666568145,207679.47740900857
5244,1.468410554234333,360867.2277268327
5245,0.8058014456080264,595073.4523257485
5246,-0.6790338472111874,2892960.023959104
5247,1.828295337229338,295213.23908195965
5248,-1.9742410124535532,11894982.510332342
5249,-2.0672821509858603,13015961.827240987
5250,2.4426912508975973,231786.49577109184
5251,-1.108237118574286,4733853.330229368
5252,-1.138251057201272,4897110.564778115
5253,-1.222146745466156,5380971.7067794725
5254,-0.6829270461053686,2906014.429444282
5255,0.8906104641947539,552995.1192165507
5256,0.14198368870265118,1143938.5751042909
5257,0.12902100628851115,1159983.3256053806
5258,-0.37199725638556524,2030053.3731883042
5259,0.895880479874502,550528.3647165622
5260,-0.39644575871450083,2087816.7121830683
5261,2.1165548390148063,259808.0552115111
5262,-0.7011960425084822,2968057.787879963
5263,2.1714538263475065,254327.55798533148
5264,0.3646388436153748,906010.4634616796
5265,1.9215123960690446,282408.18894366425
5266,1.6636169825139053,321690.4494173353
5267,-0.34023994958123466,1957529.4897366883
5268,0.13582211444315467,1151532.1908917131
5269,-0.4670993582083146,2264621.982370571
5270,-0.23143235030110293,1729299.9986451282
5271,1.2994113430769252,403390.3962117935
5272,-1.3131947050190467,5954242.255012217
5273,0.12405370005996094,1166202.0746325697
5274,-1.1652738203196558,5048474.695868192
5275,0.2740786183611018,994695.270889834
5276,0.14409927652432758,1141344.9837006629
5277,0.19256097270832523,1083806.5276790827
5278,-0.7185332342233146,3028148.5762279644
5279,0.7194710300522827,642883.3327104017
5280,0.7190229950725086,643145.5552055067
5281,1.1360929593217128,454041.2774451026
5282,-0.15533809592451808,1586899.8923830783
5283,1.2625534803058958,413925.55636869586
5284,-0.4460042317086648,2210256.2594871866
5285,-1.2433491580051586,5509883.16448292
5286,0.38852945271057016,884281.5770130445
5287,0.03971179938951927,1277998.211889877
5288,-0.6956196147251444,2948981.7204273376
5289,0.2202840454285422,1052454.2975728442
5290,-1.2460294958383407,5526374.971889985
5291,0.16140304172375666,1120391.5498282826
5292,0.7597504167338724,619915.6942435785
5293,-0.17464988328900444,1621779.1064486708
5294,-0.9065030733822159,3760880.017864002
5295,-0.09726037063079392,1486914.3304148733
5296,0.9922122406554328,508250.92017266876
5297,-0.12440627897877636,1532748.599556649
5298,0.6674581561593588,674357.5320754006
5299,0.8233486757331152,585987.6135144322
5300,-0.9042454176406017,3751141.705799233
5301,-0.62287608149411,2711033.4607144166
5302,1.354516335433257,388523.80851747724
5303,0.7128754797902119,646758.8296039191
5304,-0.2717676094697088,1810379.9686512754
5305,0.8892498854651121,553634.6807880424
5306,1.4136587655731199,373671.4199285649
5307,-1.0611322503005904,4487683.324012352
5308,-0.4338507985898423,2179552.210183521
5309,-0.5515466315875647,2496442.324422893
5310,-0.1363478283776235,1553407.6577316783
5311,1.245467400940027,418977.97393192776
5312,1.3545115908913614,388525.04472998966
5313,0.8493249904034674,572907.5007220167
5314,1.5475337130465467,343839.67911258055
5315,-1.8533916219132023,10550628.014754603
5316,-0.8650252362879444,3585762.043243998
5317,-0.06186852678177651,1429445.0562152897
5318,0.911555521557073,543288.9913223166
5319,-0.1359478791604077,1552710.7568803895
5320,0.2967828118299502,971485.5709690508
5321,-0.8666086498905468,3592301.378875667
5322,0.44589922625146533,834746.8758109454
5323,0.17287782957482697,1106748.8644841877
5324,-1.9578978897435417,11705867.690331707
5325,-1.6838739137409242,8869596.555772046
5326,0.3883285403398185,884461.5449945441
5327,-0.9189890718196566,3815174.018856199
5328,0.6231098076415713,702908.8156207511
5329,1.9825976512613925,274760.45273610856
5330,1.2496119459787325,417742.3850427374
5331,0.8071284450183769,594379.1617182032
5332,2.3973553811295667,235089.74345746182
5333,0.6183091638319221,706098.341710699
5334,-0.1667075404704834,1607333.1068524604
5335,-0.4523046193856246,2226350.091567351
5336,0.42303818015248723,854049.2435573315
5337,-0.6663146298998468,2850715.9930231487
5338,1.4375206387332344,367983.3759172451
5339,0.5843983012957766,729198.7541189089
5340,1.4766322994327459,359018.891656272
5341,0.9613029526037894,521252.77020093804
5342,-0.08447486559476496,1465859.0625824449
5343,0.721510861806969,641691.3838080112
5344,-0.006648138972576448,1344719.9877721807
5345,-1.1560789849696496,4996500.120551261
5346,0.26429111398425104,1004910.6115776325
5347,0.9768207088666575,514661.08621295966
5348,0.9086750779584488,544608.4170662077
5349,1.5311798303458135,347223.27381040435
5350,-0.8954724412003673,3713527.5361759793
5351,0.4008728339605832,873313.539982093
5352,-1.8484572896244804,10498366.128866808
5353,0.3443940883018614,924952.1310805168
5354,0.4749469353023363,811025.2798869536
5355,-1.3030544730607452,5887820.583484495
5356,-1.647596188428461,8539682.07330259
5357,0.45241949843847873,829344.7577349705
5358,-0.8159092310125872,3388515.2592199785
5359,-0.5007820673579458,2354313.3852704186
5360,-0.2820072314283673,1831610.0497035284
5361,-0.5972263148192216,2631799.8771215854
5362,0.30223260166458177,966014.1420893825
5363,0.7980853558109039,599134.0670964795
5364,-1.3271902799654374,6047002.576720338
5365,-0.10167523398513141,1494263.2426587366
5366,2.6902245732349352,216376.74419519427
5367,0.7320449081640807,635585.4784342991
5368,0.8086457856185107,593586.7326658057
5369,-0.44310873138035817,2202900.5422112374
5370,0.48024195261848734,806795.8267668003
5371,1.2491883688819516,417868.36709168507
5372,0.6504251254356832,685131.0073760101
5373,0.36777020421903034,903124.3509162456
5374,-0.33822723743475425,1953026.5913211484
5375,-0.4201291360563695,2145419.907700139
5376,-0.4885302431732814,2321272.1832345715
5377,-1.7236427681584106,9243133.732433274
5378,0.8700673472938781,562771.4902721678
5379,1.5809704284848272,337131.30100498797
5380,-0.6817002454563119,2901894.503018808
5381,-0.5095118445594082,2378151.0928473165
5382,-0.5482650263331798,2486994.892445428
5383,0.585374570593767,728519.5162782498
5384,-1.6611624237969982,8661856.491801811
5385,0.6890249232397949,661050.9077641782
5386,-1.6037439231098363,8154436.8537150845
5387,0.2690042668628825,999975.4659977274
5388,2.2440977364761068,247591.59979921268
5389,0.44025007885609346,839464.01144635
5390,1.2387742329982718,420987.07764062163
5391,-0.5242488157406787,2418955.7819604203
5392,-0.006856347296193513,1345028.5244515399
5393,0.5688658017644249,740121.0826600658
5394,-0.9729241004661795,4058357.9261094886
5395,-0.24252027588664016,1751189.1973485334
5396,-0.9465922296740025,3937856.5423591314
5397,0.00023962330412608904,1334558.7176312043
5398,-1.499891016604905,7299540.71346426
5399,-1.1879711646137985,5178878.567578004
5400,-0.5178321822888121,2401101.4726793165
5401,0.6776917442708478,667997.3918673813
5402,0.9046104749683918,546478.5651829895
5403,0.9386713059091649,531103.9373787326
5404,-0.1305348592223202,1543312.758775523
5405,-0.37582925507208015,2038994.6571142806
5406,-0.9402451176099482,3909320.1802235935
5407,0.5220899145470986,774363.8762581701
5408,-1.1127597693744942,4758130.591768429
5409,1.5333624418951823,346767.7182463045
5410,-0.15631480677386594,1588643.9381702691
5411,-1.3641107319674792,6297822.30555327
5412,-0.08342267306512267,1464141.2459145188
5413,-0.40431927662473194,2106784.866642345
5414,-1.3035513673116428,5891060.083415915
5415,1.7434965538104357,308183.6528738608
5416,0.3788879335081042,892970.5640444768
5417,-0.9434120610420741,3923534.0869689393
5418,-1.0754293131272126,4561122.525172664
5419,0.533701612931845,765670.0926714329
5420,1.0166654532085153,498322.4804855777
5421,0.8446573222265603,575225.8336668822
5422,0.680072152296803,666529.9445700018
5423,0.24489198410300614,1025539.5722294044
5424,1.5146236407368434,350719.35243058385
5425,0.9278701801026383,535907.0168726826
5426,0.17723833689729182,1101616.5956219183
5427,0.3005804316223934,967668.8399617585
5428,-1.556687825839807,7757219.886668154
5429,-0.5818791117744605,2585512.8518215595
5430,-1.3368080548922816,6111482.324724162
5431,0.1740821715587673,1105328.5164548515
5432,-1.8408319662792072,10418002.740641726
5433,1.1875235752844204,436947.9229923698
5434,2.480363189587021,229165.31990417995
5435,-0.1550835288217763,1586445.6768030417
5436,-0.6028045923821345,2648830.575094275
5437,-0.7069254016718877,2987784.2201042334
5438,-1.8693042642689435,10720556.53373715
5439,0.6576448429438574,680535.6489348959
5440,-0.04406436587554154,1401483.647552755
5441,0.33745584087358355,931557.8012822423
5442,0.06903879238718899,1237763.515228656
5443,0.02723972897185724,1295566.2292128645
5444,-1.4774065169360187,7124790.001951169
5445,0.5027800604442356,789112.0979263035
5446,1.699106232631701,315526.40372821793
5447,-0.4582947075787781,2241764.152547318
5448,-0.7877135832113098,3280070.40223111
5449,1.2892217161730508,406254.1397761726
5450,-1.2210586221856685,5374429.433971882
5451,0.6358346555469551,694549.2255109968
5452,1.1697545609302336,442727.95141042775
5453,1.079679528927334,474120.5774571921
5454,-1.529809026912572,7537696.167985799
5455,0.04544381418672864,1270016.5232175956
5456,-0.4885443474608954,2321309.944321561
5457,-1.328133414077737,6053299.008875512
5458,0.0885501435877903,1211810.7008389481
5459,0.6657337008604618,675437.545530729
5460,0.31073588142969566,957553.0291010737
5461,2.5294481008007867,225909.07614626185
5462,2.0817945566162663,263464.3192101503
5463,0.09189071822453289,1207431.247835064
5464,-0.05907029589635335,1425008.9877097097
5465,-0.11356808523033933,1514262.5978828415
5466,1.1966784945303,434020.35938295186
5467,-1.642521339093124,8494344.925366275
5468,0.18794286090335424,1089137.7574917262
5469,-2.028912498313509,12544486.132263795
5470,0.2831009127060368,985391.2463341146
5471,0.1603205882334098,1121688.8261486078
5472,1.5740795152532627,338491.2152637496
5473,0.32596382587908285,942629.0815594109
5474,0.6714374078932087,671874.4837425493
5475,1.3343187001523877,393853.6830411249
5476,0.5372160112744732,763064.3392869212
5477,-0.230191182319805,1726868.2987094733
5478,-1.3202975071842815,6001160.603513549
5479,-0.670866341612523,2865762.4706971245
5480,1.7805205767928527,302356.0786497905
5481,-0.44751932416991097,2214115.3677511923
5482,-0.5341689743223548,2446826.5499894153
5483,1.1237611548442696,458308.38867060054
5484,-0.30421323801715777,1878574.7350352423
5485,-2.2892516955211115,16001042.737228617
5486,-1.741611969396587,9416040.997573666
5487,-0.7183201138361058,3027402.655109246
5488,0.886579543570876,554893.1647798285
5489,0.5764175120881724,734783.5023765233
5490,-0.5269565036587768,2426530.6730470057
5491,0.05136412832479033,1261833.112358552
5492,0.365774049775089,904962.8260817083
5493,-2.083988262134702,13225302.530694805
5494,-1.8893601167673535,10937765.700007029
5495,0.036938184771116565,1281881.2031548456
5496,-0.10194015237785795,1494705.5115976569
5497,0.7651429137748249,616930.1412730378
5498,-2.2643678762515074,15644347.779950457
5499,0.3573625297511613,912761.8543700281
5500,-1.0189446424198128,4277320.355597062
5501,0.26312996210748546,1006131.0295454216
5502,-1.1802904112887325,5134412.656208196
5503,1.0600478774769957,481453.12926026544
5504,0.9320539876333584,534038.6634983052
5505,-0.4862966690859817,2315300.2717316607
5506,-1.89110962718532,10956874.452098275
5507,1.105359235029003,464801.57162710984
5508,0.21002937522649837,1063922.3349599394
5509,2.13659662865381,257766.56228440453
5510,0.336038053316665,932914.8765503928
5511,1.3903067215516578,379404.6929720734
5512,0.4273932540615807,850328.2396337538
5513,-2.2284200271696974,15138929.98490479
5514,-0.8357678848648349,3466972.1818982847
5515,-1.2623492014715847,5627742.736015069
5516,-1.860019204594492,10621144.706449032
5517,0.231980154111188,1039556.2518114529
5518,0.1609236474091459,1120965.863819494
5519,-1.0797989234407894,4583788.228752592
5520,0.35154579741973446,918204.480687223
5521,-1.311964144773527,5946146.60390144
5522,0.9801043591479044,513282.9318576988
5523,1.7214392277807837,311782.4828451188
5524,1.7822561994986634,302089.2762986366
5525,0.2522092101503514,1017698.3005518779
5526,-0.5851325168608635,2595255.8362284033
5527,-0.400982580300354,2098724.4240443707
5528,-0.36223996230625516,2007472.8336787578
5529,1.7325466019449387,309958.1219556409
5530,0.7671343255820459,615832.8189378993
5531,-1.1885787893290152,5182411.0826118635
5532,1.463710484874969,361932.388988394
5533,-0.5088173221753807,2376245.568477952
5534,0.2310610401013448,1040562.856710037
5535,1.160439535018036,445810.4339299561
5536,0.028165515720711014,1294252.6496295785
5537,-0.5460816829437553,2480729.4438081
5538,-0.5184925530889759,2402932.707101813
5539,-0.8940048978768954,3707270.678676039
5540,-0.7331182383642798,3079628.8291291185
5541,-0.23122545481916373,1728894.3901228826
5542,-0.07838061585166324,1455940.8537149648
5543,0.7049316287612527,651470.4382581592
5544,-0.010599911527912008,1350589.8025798423
5545,-0.4021581193860729,2101560.4722275445
5546,0.5582558087607447,747708.4687555064
5547,0.10860307024085164,1185797.9939673466
5548,1.1348891132551573,454454.9000294977
5549,0.7397748594152632,631157.2527928666
5550,-2.2869213196771008,15967400.69903747
5551,0.07732553468173488,1226662.585582243
5552,0.8690644666466314,563255.3809549856
5553,-0.13693733107436784,1554435.4831076455
5554,0.4550349527097303,827190.5195723083
5555,-1.1520841887162048,4974071.112282533
5556,0.4993420487164386,791776.5813847192
5557,1.3745022471869857,383381.14798485674
5558,-0.9440481899781855,3926395.058723733
5559,0.29464090444955754,973646.4591272486
5560,-0.8389953745842518,3479887.9383333335
5561,0.19635767256600695,1079447.0025991437
5562,-1.6408922073969796,8479832.862749219
5563,-0.5553376585200227,2507401.8463740842
5564,0.7814984446382289,608000.4408220364
5565,-0.465033082471427,2259236.1092172475
5566,-0.034376013914541745,1386528.527696123
5567,1.1474288453783277,450177.2994487463
5568,0.3077604749435973,960503.2028777519
5569,0.6397720984066785,691990.1376909143
5570,-1.2054197379922051,5281187.9941910505
5571,-0.21977552135078185,1706607.8327675709
5572,-0.3688393873192102,2022716.1470685871
5573,0.2356585047023406,1035539.5664362442
5574,0.07117328185825597,1234893.003823672
5575,-0.08893348370275823,1473163.367165289
5576,0.35126898373465426,918464.5048180465
5577,1.452329121670275,364537.708509677
5578,-0.9235440962356383,3835165.9474270325
5579,-0.01895838839934208,1363101.7546200748
5580,-0.7232534540376971,3044715.8876269907
5581,2.4823140277700855,229032.52830848185
5582,-2.1300266841918534,13815023.312381882
5583,-1.1461102528167828,4940701.009546525
5584,-1.116404290342075,4777777.094170915
5585,1.0049977975116122,503021.09184790624
5586,1.6551822746961626,323195.335480353
5587,0.35919767701659544,911053.1478443317
5588,0.19087076946905168,1085754.087287154
5589,-0.03465198930479477,1386952.0155951136
5590,-0.06812452484927506,1439419.2052161386
5591,1.1513002817790992,448870.35941858834
5592,-0.9798151727053132,4090461.9538667696
5593,0.7383446181769385,631973.2740326457
5594,-1.7857993094269249,9852307.967978828
5595,0.9607502416633974,521489.9735919995
5596,-1.0188714405861252,4276963.454185861
5597,-0.8252331834153624,3425135.7973618396
5598,1.439993345221008,367403.58380704443
5599,-1.6537626734674586,8595039.293707516
5600,0.9952211559200081,507012.4514950066
5601,-0.2628299926419969,1792065.9532878106
5602,1.0022658482299946,504131.409849057
5603,0.30297420970912364,965272.5373446307
5604,-0.392743957169927,2078960.7110730861
5605,-0.860351197340876,3566525.341479827
5606,-1.6458989881432247,8524497.691862635
5607,-1.0302415029906498,4332733.082663962
5608,-0.859912056930179,3564723.096889608
5609,-1.0944467136112908,4660527.582195368
5610,0.736636475918683,632949.8196935356
5611,1.018292647709989,497672.7460602744
5612,0.2464120275638312,1023904.6252092643
5613,0.45246752556372594,829305.1345097978
5614,0.2507939082132801,1019209.2476841095
5615,0.7592243441239761,620208.0635245153
5616,-0.1555000630423564,1587188.9596726047
5617,0.7081416591424072,649560.725719214
5618,0.35374592405766364,916141.0786049454
5619,0.3966150199009899,877077.3041700708
5620,0.33291427976568116,935913.6051961713
5621,0.1368688453368811,1150237.9861390078
5622,-0.7282823136069025,3062464.7860302245
5623,-0.11056170914248624,1509178.9253669789
5624,0.41661716418649286,859573.5295867091
5625,-0.7339175037109473,3082474.7466335623
5626,0.04118454393016815,1275941.929878106
5627,-0.2573107258977563,1780856.3708220054
5628,1.1078733617866352,463905.46757843613
5629,-0.5625149915320556,2528285.146679254
5630,-0.47976074016542414,2297916.0392615125
5631,1.171721902993912,442081.57270284434
5632,0.8857826535033303,555269.5600655845
5633,-0.7458625838771431,3125316.5289270864
5634,-0.4175724025749556,2139122.032979144
5635,0.29888355100054254,969371.9658850882
5636,0.643117925307829,689825.732005209
5637,0.01759325859982692,1309345.098964664
5638,-0.5299687560373356,2434986.1261162492
5639,-0.8857800715220805,3672390.1518403785
5640,-0.02960927665854935,1379237.0280641231
5641,-0.44579068774225256,2209712.901871256
5642,1.328288672211097,395471.31767657766
5643,-1.3207213068631525,6003970.328342461
5644,1.682899703373149,318308.04461306497
5645,0.05967474946156472,1250448.5427260532
5646,-1.1565472320596004,4999135.132546628
5647,-0.43659121818199026,2186436.523106773
5648,-1.0922266116072503,4648820.984427968
5649,0.25199706610710093,1017924.6070005228
5650,2.556271781925924,224202.0027593032
5651,-0.08517827940002365,1467008.7221574087
5652,0.8994250163466441,548878.6077218693
5653,2.136173595024186,257809.16175923985
5654,1.4172237804723706,372810.7988648609
5655,0.27041184403591917,998507.3522590696
5656,0.21926181573472944,1053590.756224421
5657,0.5661600966456413,742046.1463964042
5658,-1.0959558999985446,4668500.996183553
5659,-1.009740342083121,4232661.389459138
5660,-0.8178390098585886,3396063.3691049786
5661,0.2548106384560998,1014928.1906635994
5662,-0.22646745470756696,1719595.0368069669
5663,1.114010610932453,461729.97792189807
5664,2.110694654250952,260414.07346451306
5665,-0.3134167014555602,1898416.2123676138
5666,2.07483961007316,264213.94765557355
5667,0.7027396034979256,652779.0574467232
5668,-1.3735144160616055,6363142.024109957
5669,1.5115348188603488,351379.59215123736
5670,0.448556292395122,832539.9983368864
5671,-1.3284436411117586,6055371.3669111775
5672,-0.20010495248574275,1669047.833958657
5673,-0.192029233053376,1653890.047287665
5674,-0.8960425225549409,3715960.7902757274
5675,0.5902295764638347,725154.3018965176
5676,2.1667148505358855,254786.95952768897
5677,-0.22879575271451702,1724138.8058494937
5678,0.8480017911059744,573563.2964511833
5679,-0.9596928621249423,3997380.1838982576
5680,0.6994268616794852,654763.7501895258
5681,1.293890419106921,404937.4607963227
5682,-0.3998282946635701,2095943.557530417
5683,-1.6704864526354144,8746655.294487743
5684,1.3325355853868739,394330.7510917517
5685,-2.3512828383969766,16914588.15334148
5686,0.6207155969645998,704497.0547796984
5687,1.6286617815239928,328029.9227575315
5688,-0.9378678537714942,3898682.563300414
5689,-0.7468595414621992,3128918.5097436653
5690,0.5619754387284193,745036.69462173
5691,0.2500207535535217,1020035.8070457776
5692,-0.24827006559126455,1762658.2705318748
5693,0.8998592382962237,548677.0196810724
5694,-1.5041519977644104,7333064.712876538
5695,0.738038774457333,632147.9674078273
5696,0.6984808655734077,655332.0590939339
5697,-0.6848222712936857,2912390.5277170655
5698,1.3031202748217983,402357.10910115833
5699,0.12230437455283927,1168401.47855278
5700,0.5545663894081868,750371.2091835008
5701,-2.1749897979533936,14409230.421785431
5702,-2.3754763559601257,17280316.50942287
5703,-0.17219443524049421,1617297.7895648812
5704,-0.3449482309369402,1968106.108959508
5705,-0.6933333775458224,2941196.020608384
5706,0.6704053967684471,672517.2367601127
5707,0.32972026917437,938992.203801957
5708,-1.628577347993196,8370793.934997571
5709,1.2860323114706504,407158.08681038825
5710,-0.20359036669700034,1675636.7134554104
5711,-0.8307311690810877,3446908.680475447
5712,0.5041618349877767,788044.5288664426
5713,1.7522940890197083,306775.0458931475
5714,-2.0161517177454766,12390552.079316508
5715,-1.015119283788467,4258706.683362799
5716,0.29324875536185135,975054.1264562961
5717,0.14170852370229522,1144276.424978388
5718,1.147093439106445,450290.83027847204
5719,0.394432330415001,879014.7233386334
5720,-1.3644468765817621,6300147.1048543975
5721,-1.1937382293965122,5212494.051003357
5722,-0.8152709905686096,3386022.43275395
5723,0.9828182094425509,512148.2813157113
5724,-0.30438402272433596,1878940.8987820907
5725,-0.04246059602081776,1398995.4575542025
5726,0.38451053758529125,887890.3744882438
5727,1.7821017576126332,302112.99453491723
5728,-0.7892541676151967,3285907.5739453477
5729,-1.0669312138967373,4517337.878976546
5730,-0.12306384752215135,1530445.328059603
5731,-0.7577157988087845,3168406.4009458013
5732,-0.7875810021478276,3279568.533574756
5733,-0.2902825456482775,1848963.0508089317
5734,0.8478642503471318,573631.5274456877
5735,-0.16707651342671334,1608001.0692498463
5736,0.5540175983523066,750768.36597617
5737,-1.1261289703215964,4830563.947720775
5738,1.9180737672989698,282855.51497901784
5739,0.1971957713362741,1078487.5041799902
5740,-0.21791797770696758,1703021.816017877
5741,-1.8895666126457458,10940019.769737953
5742,0.053068157498343024,1259489.0316019002
5743,0.2579844971309791,1011560.9879938745
5744,-0.20342983938179182,1675332.6262787343
5745,0.49642286804906804,794048.2376687794
5746,0.26517938752754094,1003978.2228327069
5747,-0.9236405471352188,3835590.3427446918
5748,1.0944502882211704,468723.1870041593
5749,-0.13262585982778344,1546935.615341009
5750,0.23507904090442833,1036171.0774569804
5751,1.394579169919679,378343.18045329564
5752,-1.0278349483987026,4320872.823360363
5753,-0.016888200641049338,1359990.5852011235
5754,-0.198392311154325,1665820.6180409226
5755,-1.786801272952642,9862384.585401446
5756,0.2778475294774601,990795.6018626972
5757,2.212227777118243,250477.36705017983
5758,0.7090537772692787,649019.5252234159
5759,-0.06329201060095944,1431707.6988184548
5760,-1.480656860848198,7149829.294488454
5761,0.2428436796024508,1027747.7427860652
5762,-1.6897641610780645,8924133.68186716
5763,0.8484937165586881,573319.3614089559
5764,-0.6466400813146623,2786579.434723874
5765,-0.07110501581660693,1444198.6622492515
5766,0.21325759919610326,1060295.9343239798
5767,-0.47112926032684815,2275164.4427817464
5768,0.7070043486639705,650236.4330534866
5769,1.1138800681003518,461776.07535754266
5770,-0.8889478925346862,3685787.213808203
5771,1.4145799071802565,373448.68182714976
5772,1.4695636712608422,360606.8521126191
5773,1.565832827409921,340133.99198479997
5774,-1.055709275526899,4460114.610856146
5775,-0.6206821064237916,2704163.258989038
5776,0.11643102516977495,1175821.812418089
5777,-0.6111118906908007,2674399.2773023583
5778,1.452627728484926,364468.88076729863
5779,-1.3773575315845434,6390006.538822539
5780,0.42556423596827575,851888.4285148949
5781,0.8232225923731288,586052.1711274051
5782,0.6407340696885825,691366.8863023976
5783,0.06684673986071554,1240719.5229021471
5784,1.1886087075240457,436599.1428269249
5785,1.2793220160709071,409071.83751230966
5786,-0.2798722402865803,1827161.5134565828
5787,-0.851179632103384,3529066.262973838
5788,-0.8500571384783886,3524507.7839849754
5789,-1.0954191485606233,4665663.766129799
5790,-0.7737699766947814,3227696.643516366
5791,1.2194320106839267,426889.5191867755
5792,-1.6374362444911292,8449115.297750177
5793,0.949138826682898,526512.1362728698
5794,-0.9969443056171536,4171299.169160386
5795,1.5859957719645992,336146.8306435238
5796,0.8431861145644758,575959.434551136
5797,0.7862052055662763,605465.2561650766
5798,-0.06285508197246593,1431012.7667951998
5799,1.3686089940269504,384884.1870494253
5800,-1.240440430575066,5492035.897645373
5801,0.7849068777579228,606163.0388560377
5802,0.06108645320238046,1248526.538736059
5803,0.30334214159586514,964904.868481077
5804,-0.012554811845031695,1353504.3496692304
5805,0.7634571791691862,617861.2247986485
5806,-0.4642676227601245,2257244.2611386045
5807,1.3782817765903506,382423.02975771227
5808,-0.9384215247167575,3901157.6408168254
5809,0.28036183515855495,988204.5055127837
5810,0.4507648210151083,830711.3912120647
5811,0.12676310489860879,1162805.208531528
5812,-0.9663337264384595,4027876.693095232
5813,-0.7666046954059477,3201101.437770266
5814,-0.2830529688537756,1833793.2288834227
5815,-1.0603489823993957,4483691.7097269315
5816,1.5792624315528865,337467.2936229036
5817,-0.049856006807728726,1410510.9781310942
5818,0.7238337235725717,640337.852727323
5819,0.5235594749541987,773256.409403135
5820,1.8675011052160648,289652.1069771009
5821,-1.7561504975249096,9557835.718564369
5822,0.30716130262150065,961098.6555987705
5823,-0.31177509939944414,1894860.7835132251
5824,0.36422685411559014,906391.0501075048
5825,0.5455857305916214,756905.8571428381
5826,0.17574355684377238,1103372.7246348513
5827,0.9516338775744012,525426.6764822244
5828,1.4863624232078048,356855.7622801816
5829,-0.4245551331623419,2156368.090069
5830,-1.9867406491605164,12041183.78931804
5831,0.22589983967707208,1046237.3563436256
5832,1.6311505797921864,327569.4897417689
5833,0.4508460649859133,830644.2221818793
5834,0.6405008334607825,691517.9268171792
5835,-0.2391543466321563,1744512.7467762898
5836,-1.519774706120533,7457098.163160103
5837,-0.9897495355909353,4137164.1755359033
5838,-1.1712773086413035,5082674.209347073
5839,-0.06929282198949416,1441290.5380385378
5840,0.7573755416315396,621237.1208897155
5841,0.2643860663772695,1004810.892892162
5842,-1.5249458041746238,7498542.207793587
5843,-0.030626592815819413,1380789.515204007
5844,1.7681100067511206,304280.33120312926
5845,0.8859252991537915,555202.1559528806
5846,-1.3865313921456577,6454534.024155302
5847,0.630235230703135,698210.9049940964
5848,1.7115145450178642,313433.65400996717
5849,-0.5068573541249556,2370876.5598157537
5850,-1.3149878455554669,5966056.430458261
5851,0.318257164811885,950145.4897176032
5852,0.16950493899991334,1110738.3189231672
5853,-0.7789429449485918,3247031.0283092223
5854,0.2383006642623624,1032666.0078740602
5855,-0.6020787532660549,2646608.2828032477
5856,1.0019767229051302,504249.1429217708
5857,0.004711208621128194,1328008.9830473396
5858,-1.723642478584507,9243130.96684628
5859,-1.3170842476241065,5979894.856356916
5860,-0.040827401755817096,1396466.7593188435
5861,-0.656704069983961,2819204.7516127843
5862,-0.8377876358329984,3475049.3870846257
5863,-0.10113989457723419,1493369.9648244395
5864,-0.6192169273707205,2699584.952017095
5865,-1.3153498917377864,5968444.291876437
5866,-0.9846188276686507,4112982.1645371486
5867,-0.25254805957204196,1771244.3218476754
5868,0.5515022426545227,752592.3077221276
5869,-1.1852848627165946,5163287.419514062
5870,-1.7596608469088313,9592328.031083358
5871,1.2369194804714945,421546.835984217
5872,-1.263926625929885,5637628.017753021
5873,-0.6069325729790924,2661504.9844619525
5874,1.2934201951239646,405069.7240644461
5875,1.5302557768872904,347416.5144799065
5876,0.10354911581990013,1192291.7605567635
5877,-0.2863709505661327,1840738.6887319116
5878,-0.7004142713280739,2965376.1275023045
5879,0.7868918969680703,605096.6661476024
5880,1.2812435414128636,408522.1707849712
5881,-1.6188135771924925,8285168.522198968
5882,-1.5694592993950096,7863393.739791312
5883,0.00648861967245397,1325415.7602134526
5884,0.448154479281267,832873.2483123874
5885,1.6013216410503441,333181.9224221552
5886,0.8547434084404748,570233.642955755
5887,-1.6740687679186126,8779415.439268023
5888,-1.2668878204817065,5656226.7641543085
5889,-0.5632755909808381,2530508.5387818143
5890,-1.3322278358135282,6080700.54475101
5891,-1.3866082757372546,6455077.196835786
5892,-0.7512464558194637,3144816.768078581
5893,0.9923434424976681,508196.8182029022
5894,0.09897031210525248,1198211.0716743052
5895,0.3645091906787353,906130.2122337032
5896,-1.4862327260524422,7192958.184308676
5897,0.7664480110202654,616210.6798680465
5898,0.42003449222661227,856627.776414765
5899,0.35555137438059325,914452.1716690027
5900,-0.3225939686951153,1918424.2268294597
5901,-0.5078037528797105,2373467.505409946
5902,-0.2298288368063023,1726159.091276092
5903,-0.5606786675498958,2522925.3655868797
5904,0.5450115760055058,757326.20695795
5905,-0.34854786596351633,1976233.1773814433
5906,-0.8550172396085883,3544693.7921583885
5907,-0.7898964735124292,3288344.214634029
5908,0.5344326547454011,765127.0899108698
5909,-2.215149783443689,14955299.14252616
5910,-0.08686245559992634,1469765.452747532
5911,-1.4477209411002807,6899551.7126480555
5912,-0.07132655243652901,1444554.626799003
5913,-0.32706843909370986,1928260.7689475357
5914,-0.226051513428925,1718784.6822010898
5915,0.859941728463893,567685.8097942548
5916,-1.4436645142692475,6869252.911957272
5917,0.21542586702920172,1057868.6019222497
5918,0.11119078730238198,1182489.1544306837
5919,0.2568211670322699,1012793.5991732298
5920,1.6432666603989337,325348.01676111174
5921,-1.9036478174295628,11094580.37320904
5922,0.4020656314432106,872262.8330146186
5923,1.7955230695892126,300068.3384049698
5924,-0.2622385127305279,1790861.0258847657
5925,-0.2941864391064091,1857210.5488602547
5926,1.55504192174085,342309.05699971505
5927,1.0436432426677498,487722.62539611175
5928,1.0229413556066413,495823.94651804934
5929,-0.1500854369837528,1577556.784719939
5930,0.8283851674368224,583417.3401746952
5931,-0.7063190974575154,2985690.567718579
5932,-1.2185034683806901,5359094.801888673
5933,-1.3229118600023138,6018511.824475602
5934,-0.3430877274580432,1963919.4677852036
5935,0.3215498359469226,946925.0172864497
5936,-0.15290688250771747,1582567.8186132172
5937,-1.036043591578033,4361452.300154149
5938,1.0842900307233763,472424.9446211606
5939,-1.1247086308374414,4822821.028669868
5940,-1.0123536344466402,4245296.535377721
5941,-0.6502488230575877,2798234.595526985
5942,-0.08015310290641375,1458817.729022307
5943,-0.12975004645109411,1541955.4290607949
5944,-0.752116354352872,3147978.6960899998
5945,-0.11416480129763847,1515273.8924962517
5946,-0.5818493120046625,2585423.781678859
5947,-0.3049184028461984,1880087.1073062222
5948,1.0746564506422462,475979.3114323626
5949,-0.7041900744026222,2978350.2425998244
5950,-1.196592595807574,5229204.549592806
5951,-0.6316800815938043,2738779.0043413565
5952,0.06944048021166882,1237222.723348527
5953,2.2501890425812876,247051.97554899953
5954,-1.4142383503980953,6652867.140322173
5955,0.5183973779836383,777155.8473655108
5956,1.0522386275677862,484421.3080547728
5957,1.1401932202293432,452637.2278153514
5958,-0.42930645359046066,2168185.941747452
5959,-0.27889318432146154,1825125.407861128
5960,-0.44777202551003475,2214759.707253685
5961,0.8713643186434601,562146.6227674927
5962,0.12518986782942512,1164776.2016990266
5963,1.0923521158277243,469483.71203527396
5964,-0.21811645373239508,1703404.5850494306
5965,-0.5620493070427932,2526924.8330073305
5966,-1.537826199876823,7602619.268562721
5967,2.1360028227756835,257826.3644746294
5968,-1.3865037977344101,6454339.082879269
5969,-1.456726258119857,6967225.620999878
5970,-2.169810826110275,14339865.141177112
5971,0.3149613741803514,953382.6517697483
5972,-0.5980375938475495,2634269.8599775275
5973,1.8074843900773547,298273.94089369674
5974,-0.9370079664975354,3894841.553888749
5975,-0.09152379765476469,1477425.6700482212
5976,-1.2516262479817566,5560953.393006996
5977,0.7867711863290066,605161.435504272
5978,-1.9980770717285576,12174953.713315831
5979,-0.7571814509415375,3166451.418897994
5980,-1.7160559427453415,9170904.910671625
5981,-0.01121040495431701,1351499.2130712804
5982,-1.2919982768499385,5816146.0492510125
5983,-0.45487227621306947,2232943.8297188054
5984,-0.3822261063452475,2054013.1893076405
5985,-0.31825216297388764,1908930.4485980375
5986,-1.2494514655704991,5547494.0470408695
5987,-0.472637728622504,2279123.734998881
5988,-1.6060895726653712,8174672.513488863
5989,-0.6599472055372767,2829799.3618751927
5990,-0.5761374503319887,2568408.551906346
5991,-0.05434617947666382,1417555.0106911222
5992,-0.4166038318150973,2136741.251414548
5993,-0.35113088339384363,1982086.9049456762
5994,0.49246413397441674,797142.5180862162
5995,-0.26867843582811085,1804027.2442138249
5996,-1.234167323567438,5453721.535265714
5997,-0.26367414709355297,1793787.1298418685
5998,0.7316875166018667,635791.282442931
5999,0.8956077234890438,550655.6263126921
6000,-0.24692603889480125,1759970.0804636537
6001,2.1869800397165173,252839.995637889
6002,-0.8469056360605021,3511739.7226855266
6003,-0.009304273224553529,1348662.0919509982
6004,-1.6538731065894046,8596033.345978422
6005,-1.2207685987158248,5372686.891916119
6006,1.7288935974187916,310555.39243669907
6007,0.2240665004764578,1048262.0473788009
6008,0.8437086309196918,575698.7291260022
6009,-0.0929501670454438,1479778.6269173631
6010,0.13197428073801523,1156304.5780100126
6011,1.693093061347175,316552.05199516396
6012,1.0418896406079996,488400.6043607212
6013,-2.5022600870147595,19283039.698137023
6014,1.8260489184724495,295539.92586023046
6015,0.0006730799682551782,1333922.1977567263
6016,0.3629634496487135,907559.4102926084
6017,1.1510587633182974,448951.7048138359
6018,-2.0481651554369957,12779436.808122387
6019,0.13832660322420826,1148438.444116201
6020,0.9382928477326603,531271.111108603
6021,-0.4510325469923123,2223090.9040894974
6022,-0.57127482252195,2554012.5953751323
6023,0.2984337262713341,969824.0672016385
6024,0.6590421060221495,679651.2102701776
6025,-0.0485734908621051,1408506.2838005233
6026,-1.0778329081657594,4573577.438065605
6027,1.3388176860206193,392654.7307139852
6028,1.274048076696945,410587.34877582936
6029,0.34877360712689,920812.7024732339
6030,-0.772641275801049,3223492.9936251217
6031,2.1951802679525683,252065.0626698024
6032,1.45945649701732,362901.8499672362
6033,-0.5929246324824959,2618742.1933602835
6034,-1.952193540985605,11640402.824092956
6035,-0.020887708409721435,1366008.5234170437
6036,-0.5250766877960005,2421269.2226055516
6037,-1.2770025899687398,5720168.191237657
6038,0.40870449250505964,866444.1445482776
6039,0.517222094296871,778047.280305716
6040,0.419230789814173,857319.4088133546
6041,0.09047548544886663,1209284.3369291567
6042,-1.8042163803865374,10038840.42752267
6043,1.1783277304013182,439922.9570526834
6044,-0.4245576078067867,2156374.227665215
6045,0.8050593853362958,595462.2169728201
6046,-1.289964315150683,5803044.824022245
6047,1.1351450244387349,454366.9200304701
6048,0.04303009589813631,1273370.5209586837
6049,-1.101905533206052,4700056.727336425
6050,-0.9300459424968806,3863874.8352645906
6051,-0.8326490414624204,3454535.1731065838
6052,-1.60034212471245,8125163.868591964
6053,-1.6440579443745462,8508051.517783072
6054,-0.64398322770251,2778029.6284476104
6055,0.558218548024976,747735.2975440903
6056,0.05811926090052987,1252570.2853029645
6057,0.2776438605952203,991005.8563875804
6058,0.9082991549390503,544780.9730862831
6059,-0.1917179172344385,1653308.7462056978
6060,0.9687247494676235,518083.7943511607
6061,1.0565789465161262,482767.9718324538
6062,1.201154785863677,432601.2375489251
6063,-0.08384032020918292,1464822.828913959
6064,-1.4088034509456568,6613551.938481518
6065,-1.0573693924858238,4468537.425330768
6066,-0.17624081808013733,1624689.9337623974
6067,-0.12627566774699392,1535962.4204197535
6068,-0.7512405470456739,3144795.301377786
6069,0.4050055477875608,869679.9942596749
6070,-0.5926517292021543,2617916.011006618
6071,0.7760460345069935,610956.4851611687
6072,-1.1409081007676756,4911808.275259371
6073,-0.30514986933322064,1880583.8191353804
6074,0.7422461003163398,629750.8231935946
6075,0.8493047677832828,572917.5149539043
6076,-0.2757322043356417,1818568.2830952567
6077,0.47244091710111774,813037.0541174876
6078,0.368433293893466,902514.6811757613
6079,-2.310465973557273,16309556.14215437
6080,0.14780509000891598,1136818.649825328
6081,-1.132040703460816,4862913.72044839
6082,0.801907654301285,597117.5410304379
6083,1.851480408569926,291892.8261687798
6084,0.8248024941022832,585243.979173386
6085,2.3509320969202903,238650.41685596533
6086,-0.3194475482432293,1911539.2652476097
6087,-0.36669077806150363,2017739.9200129558
6088,0.5299791794964903,768442.9768259225
6089,1.3838159238074297,381028.2748420049
6090,1.7573283888185258,305975.74809493794
6091,1.670997458397422,320386.3743836228
6092,0.7674579445907727,615654.7611749505
6093,1.4205868544462679,372002.43622687756
6094,0.2455063227812817,1024878.4117898226
6095,1.8172170320175383,296832.9470506238
6096,-1.573889327121304,7900505.221502204
6097,1.1155237753270901,461196.20548192126
6098,0.7656564941992832,616646.8755883139
6099,-1.1907005986588892,5194763.609635019
6100,-0.17870409953022356,1629208.1739037973
6101,0.5401569290367997,760892.8332407313
6102,-2.216104324976839,14968454.924666138
6103,-1.626817738432289,8355308.85710271
6104,-1.393791541984586,6506001.561581644
6105,-1.2413177106856779,5497413.229080928
6106,1.363959059971347,386077.98991157615
6107,-0.7610345934986371,3180575.1425601244
6108,1.809261488867468,298009.5585852375
6109,0.5776654695834422,733906.425589149
6110,-0.7264152181283511,3055863.1779037053
6111,0.12676531978002026,1162802.4364454672
6112,-1.5942080014617013,8072599.650858248
6113,-0.8966603383309154,3718599.5053780186
6114,0.3441100009221224,925221.44845451
6115,1.192450632134119,435368.1287910961
6116,-1.4371455935502646,6820800.444937916
6117,-1.0202723634426005,4283798.589452549
6118,-0.2933687995747212,1855479.9146786206
6119,2.0699273388440105,264747.11462501716
6120,0.5926895695584747,723457.1853538201
6121,0.0017273190410803155,1332375.5248598794
6122,-0.61871322369523,2698012.808351421
6123,-0.2013095013878384,1671321.7222325956
6124,-0.02360423772874045,1370113.298144288
6125,2.1548291088748734,255950.3629659203
6126,-1.6346374167282063,8424305.829273038
6127,-1.438953087546371,6834205.270233312
6128,-0.531828019235165,2440220.150328413
6129,1.3953949206262508,378141.1476790837
6130,0.1951840142829366,1080792.3915607387
6131,1.0944439041730654,468725.4979531935
6132,-0.18722659088667756,1644947.240657182
6133,0.2511429308772956,1018836.3842807884
6134,0.7560541635118543,621974.1100036132
6135,-0.3497517388491899,1978959.1542586382
6136,0.04111455454701698,1276039.5641988823
6137,0.6095449936010802,711972.296651164
6138,2.494926201759992,228180.87272330522
6139,-0.5334577687926747,2444817.528805936
6140,-0.5007871715531356,2354327.2508910843
6141,0.6920792070349433,659196.0984132275
6142,-1.0639467226527264,4502053.319580877
6143,1.2149310952095504,428283.8409306334
6144,-0.0033287932385828566,1339812.072218715
6145,-0.37930500114039495,2047140.6067167083
6146,0.10341195355002131,1192468.5798332854
6147,2.4819401806032784,229057.95362274733
6148,-0.798423536915213,3320859.4152570534
6149,-1.6629976762192122,8678493.986389503
6150,1.1814480377227021,438909.5886476647
6151,-0.26249185554723686,1791377.013582515
6152,-0.7981862654753293,3319950.4428583095
6153,-1.3642811201340252,6299000.628225456
6154,1.62751116827892,328243.2659028259
6155,1.7759870969205733,303055.6305846242
6156,-0.7844194208478595,3267622.907367743
6157,0.13521658425795355,1152281.670493635
6158,1.4508374553766816,364881.9160808068
6159,-0.47404770269670926,2282830.9518508906
6160,0.2605114825284513,1008889.8198570206
6161,0.9943345428182827,507376.8866049978
6162,-0.46722515356667327,2264950.304657513
6163,1.053171524956509,484065.1719636628
6164,-1.3870784127061206,6458399.518350616
6165,-0.5039881056651938,2363039.1956464974
6166,0.25555563865228353,1014136.5789652481
6167,-0.05589205076078579,1419989.315311484
6168,-0.1011220983767163,1493340.2799894821
6169,-0.40682422584642297,2112857.387265271
6170,-0.06788539835879553,1439036.5191970416
6171,-1.7746111198690664,9740346.672794858
6172,0.43271550147221777,845809.0648928958
6173,0.8255797281122198,584846.9896526956
6174,1.5533718826431748,342648.28129805555
6175,1.4281139672177634,370205.4526995594
6176,0.8494708243682746,572835.2915053025
6177,-0.9525402188463998,3964777.140405217
6178,0.6926975975021519,658821.4479154801
6179,-0.11321571596641633,1513665.7675006166
6180,-0.17579522182370402,1623874.0772059518
6181,-0.26572856847376586,1797983.4201516109
6182,0.38756391538708435,885146.8853274512
6183,-0.8511358660241316,3528888.421394921
6184,0.4753360937763187,810713.4536034525
6185,-0.5841918833842695,2592435.1048952998
6186,-1.1190124255128886,4791882.3412320055
6187,1.1363240786881277,453961.9408012788
6188,0.08413928054371261,1217621.769513402
6189,0.6401386466139798,691752.5638397125
6190,-0.7806899401268146,3253586.053188505
6191,-0.6750340610521499,2879608.922526931
6192,1.8225599670369592,296049.0713670094
6193,-0.5969124594183772,2630844.9547054786
6194,1.2943769265399312,404800.6998021398
6195,-0.21030252536634628,1688405.6996611191
6196,0.1221490785610678,1168596.966450635
6197,1.8368255489662444,293980.77544831665
6198,-0.13006101678106402,1542493.0920022544
6199,0.155890514740099,1127016.754558353
6200,-2.1768808137460094,14434617.995905522
6201,0.9260843700565543,536707.5546656955
6202,0.28125164529483526,987289.5150525025
6203,-0.7230019262326478,3043830.8101599123
6204,2.5982600408629004,221627.4350279114
6205,-0.6272866184834227,2724897.6889595953
6206,-0.8254192040551788,3425870.2900590925
6207,-0.10122773002672197,1493516.4878303888
6208,-1.2725697427326357,5692066.8745962065
6209,0.04401324761922878,1272003.1411431693
6210,-1.9843839313762464,12013514.823242074
6211,1.0489267792789065,485689.04112251534
6212,-0.007760907463001054,1346369.9000192985
6213,-0.20175886621550546,1672170.8785976619
6214,0.24401661301941605,1026482.5569698133
6215,-1.0693532105892385,4529776.968329014
6216,-1.1173454361845123,4782862.5835124925
6217,0.83848227973521,578314.2635364245
6218,0.5174207621987772,777896.4993371676
6219,-0.9501401255842824,3953893.4565615784
6220,0.7452004466529951,628075.3035875123
6221,3.0876849281871412,198594.07739242757
6222,-0.45584150245011135,2235438.067994091
6223,1.3900216366559095,379475.7261556383
6224,0.1306412542832305,1157963.3535867534
6225,-0.24520389366283057,1756532.1020940826
6226,-0.7318722171392398,3075197.3188728318
6227,0.950300599066003,526006.2817228375
6228,0.48514486009914826,802905.1786092811
6229,1.085828407499058,471861.3770787476
6230,0.8741001263697947,560831.9420659106
6231,1.1605979451052686,445757.7086496086
6232,1.2579493311869725,415276.3116720807
6233,-0.3404131703991004,1957917.5394680654
6234,0.3822725270288964,889908.0907605542
6235,0.17730142731143128,1101542.547944483
6236,-0.627728826172433,2726291.6597848106
6237,-1.036609444414414,4364262.618410494
6238,1.5522699513989562,342872.4939130216
6239,0.7481461144718895,626411.0304852816
6240,1.7871070022549818,301346.57884095213
6241,0.5258097544555639,771564.6431119015
6242,-0.1771884558724897,1626426.493120581
6243,-0.2981426469631665,1865608.8247104734
6244,-0.4187423441602235,2142001.490283735
6245,-0.16290629797315367,1600469.3825884806
6246,-0.12453695180065698,1532973.0067695312
6247,0.681170077820951,665854.6209278712
6248,-1.23745446213146,5473768.5052928915
6249,-0.6108536211723598,2673600.6272031893
6250,-1.5050482939369734,7340133.085610514
6251,0.4349357294709366,843932.9656988756
6252,0.7366048883157765,632967.8985471725
6253,0.7164211507026624,644671.3332925072
6254,-0.86483110700388,3584961.0960152806
6255,-0.9011045261642529,3737633.5568801076
6256,-0.7342096785086097,3083515.7293503727
6257,-1.1154302984369133,4772519.336285996
6258,0.5732020324521848,737049.8756381461
6259,-0.7727613285786814,3223939.8550684685
6260,0.32669156705762825,941923.1354317549
6261,1.103197008684794,465574.54382001015
6262,-0.22192790333304296,1710773.3290248883
6263,-0.14200684197971827,1563305.599143124
6264,-0.7789311705571444,3246986.8925096933
6265,0.6794045762729645,666941.0309484915
6266,-0.3464912205424266,1971585.4409691838
6267,-0.005002925150958069,1342284.844969987
6268,1.0775782996425467,474896.6676537099
6269,-0.025193466692142168,1372521.1890415214
6270,-1.036151277164006,4361986.992869521
6271,-0.06593707837050335,1435922.7937347973
6272,-0.04459920759361681,1402314.5491405611
6273,0.4267668475550977,850862.1639793102
6274,1.4317026083197157,369354.65012680506
6275,-1.178384794792772,5123434.146195111
6276,-0.010194458588488758,1349986.212955457
6277,-0.4705321965376933,2273599.2894493807
6278,0.5283862826585487,769633.6086774595
6279,0.4310136825698745,847250.7360080514
6280,-0.26184152433055247,1790052.7953845456
6281,-0.7125158234916302,3007157.2267346596
6282,1.5545900714727512,342400.76923571626
6283,-0.08971212277195627,1474443.149639484
6284,-0.7286089756407863,3063621.228579715
6285,-2.560734856693163,20255122.158573847
6286,0.19253021813423254,1083841.9275770702
6287,-0.03397152680447455,1385908.102066667
6288,0.720150221266889,642486.1089131582
6289,0.3256896064060547,942895.2593457594
6290,0.49641047093506163,794057.9030945774
6291,-1.1045067963909858,4713914.7987316195
6292,-0.9093972065452458,3773398.977743324
6293,0.6997944368205484,654543.1152650667
6294,-0.5533078134064746,2501527.666023697
6295,0.05476194191017394,1257164.043894258
6296,-1.6482443749965798,8545487.08898979
6297,-1.7654496909781898,9649426.565499637
6298,-0.773059797578619,3225051.0810425095
6299,0.009302508756884724,1321322.1867059288
6300,0.4584861334268009,824358.9937998116
6301,0.7096679644980447,648655.4580524024
6302,-0.3875560683493305,2066615.8467747848
6303,-0.18618026231672297,1643005.9571739763
6304,0.20046658616203877,1074752.7042609188
6305,0.016395152910927777,1311068.1910275014
6306,0.04604126313693722,1269187.9126580097
6307,1.2309418978217936,423359.8056015312
6308,1.607435484611416,332014.7080117113
6309,-2.0582292589696287,12903552.985505285
6310,0.2584519288100837,1011066.2350356037
6311,-0.3125366527381957,1896509.2923482312
6312,-0.4825241728247061,2305249.7061576894
6313,-0.4099036458356204,2120347.686133456
6314,1.5305445740415657,347356.096609402
6315,0.444977628412374,835514.0892572176
6316,1.6327003809148906,327283.48489352857
6317,1.0071813833446452,502136.42076598847
6318,1.4728854832891993,359858.86897813383
6319,0.08239677161607398,1219926.3945446087
6320,-0.7406449731257014,3106531.747845437
6321,0.07405000773422184,1231036.5682463339
6322,-0.3692904607551881,2023762.4882930994
6323,0.2550857412400286,1014635.7880436005
6324,-2.28175025444263,15892924.86340742
6325,-0.6204924412387842,2703570.164693573
6326,0.036937263589065336,1281882.4950479725
6327,-0.10253782533911776,1495703.8363223774
6328,-0.9501397810774148,3953891.8963570576
6329,1.370376587788437,384432.2061909056
6330,-0.5290724323712285,2432466.9822591376
6331,0.7474639288143478,626795.8979648157
6332,-2.253716319592384,15493373.56173956
6333,-1.4069829572281636,6600427.792173956
6334,-1.8454421999588335,10466532.040591717
6335,-1.1044419673217147,4713568.970463414
6336,-0.5107294147911213,2381495.463096564
6337,-0.3170642587565554,1906341.7213736973
6338,-0.8846817167919854,3667755.9694892154
6339,-1.617468159287397,8273426.629133172
6340,0.10442631750498602,1191161.6655504603
6341,-0.07876337538445462,1456561.560213002
6342,0.8347742686820793,580180.6107998311
6343,-0.1661641900573377,1606350.020435039
6344,-0.26126105830013596,1788871.7306731981
6345,1.3169934211903167,398534.6191144553
6346,-0.8727351816999939,3617711.272953896
6347,-1.4620008922041687,7007127.472383589
6348,1.1934132328184783,435060.6335304848
6349,0.9047989868858034,546391.6141876772
6350,1.9677875022079068,276563.81719273224
6351,0.6732380075169756,670755.0833928346
6352,-1.5481430859786292,7686858.047798393
6353,-0.6891394745624798,2926966.7751974687
6354,-0.6076348022916377,2663667.160783438
6355,-1.023050355797792,4297382.6167892525
6356,1.6243951846261175,328822.54153159994
6357,-2.3931804245747927,17551293.03664147
6358,0.3515279884275782,918221.206733034
6359,0.028278664243593706,1294092.2107858015
6360,-0.694261556381369,2944354.4412343604
6361,-0.8282942121732327,3437241.4929010305
6362,-1.9193301974436645,11268700.559831753
6363,1.4558451753793704,363728.89508555876
6364,-0.1271533126266328,1537473.836054194
6365,-1.5760807537946881,7918917.442863077
6366,-0.5898470858446665,2609440.5344071467
6367,1.2193218894667812,426923.5385740426
6368,-0.43317414258528586,2177855.8365499293
6369,0.6280691414378895,699634.4883869869
6370,0.6414140112259588,690926.8243602086
6371,0.16820916826704285,1112275.5187084163
6372,-2.03640801869753,12635570.79265378
6373,-0.26999507684596313,1806731.905449644
6374,0.9145533867835365,541920.9394382966
6375,-2.773402254319629,24041382.254523896
6376,0.08518776969815979,1216237.4983604683
6377,0.10575192726591302,1189456.2732759432
6378,-0.11375743521563854,1514583.4204422412
6379,1.2384246330609527,421092.48546661716
6380,0.032377611751455135,1288295.5377728664
6381,-1.6570879745046212,8625013.065308418
6382,-0.05259350670413111,1414800.7551239524
6383,-0.03472403515942069,1387062.5950821722
6384,-0.5670870053870888,2541680.0592097417
6385,-2.4047597962538916,17730054.550794553
6386,0.8621283010884697,566619.1791529175
6387,-1.2101966330492435,5309513.038561006
6388,-0.5205813431687839,2408734.4348422247
6389,-0.47101306261624754,2274859.752757032
6390,0.6829089148141415,664787.0287714956
6391,0.5200065374083749,775937.5115173851
6392,0.19932262152993888,1076057.1758983252
6393,-0.2587761226212256,1783825.1757651917
6394,1.277471784837375,409602.3699173954
6395,0.18339951126037982,1094413.3971791214
6396,0.6180033410334608,706302.1975475586
6397,0.5813640384468086,731315.2951773182
6398,-0.9022826801725475,3742695.0437675957
6399,0.6437528908361189,689416.025890379
6400,0.31011545372602933,958167.2675698048
6401,-0.5133883338002283,2388815.661962659
6402,1.122538477044044,458735.120143092
6403,1.4270919463835805,370448.45414660755
6404,0.03545010050930934,1283970.098058709
6405,1.4410057622732877,367166.71147122665
6406,-0.01472694098582469,1356751.1817957528
6407,0.202864982629567,1072023.9655654272
6408,-0.953038427833219,3967039.908722471
6409,0.20829520629732487,1065876.5775479772
6410,-0.11384454603484519,1514731.0409167728
6411,-0.5146030223655976,2392167.4677861608
6412,0.8460124728229075,574551.3276582095
6413,0.06675255475002236,1240846.7164615707
6414,0.5327165305106737,766402.6000305007
6415,-1.3936627150757395,6505085.205418292
6416,0.7943055272728097,601137.9479549985
6417,0.04322766646105997,1273095.6009179077
6418,-0.09424321815772116,1481915.2878384278
6419,-0.0637274842528643,1432400.6953836952
6420,-0.9954434022314926,4164156.5425793505
6421,1.3523401766064553,389091.5902713741
6422,-0.12525651095093346,1534209.3757149605
6423,-0.6677527753831913,2855461.5113999937
6424,-0.4549699523801231,2233195.0618203413
6425,0.6463953166513136,687714.6145528444
6426,1.7667456101287373,304493.6566797485
6427,-1.5941113882477709,8071774.026871217
6428,1.6029823017195204,332864.00898928015
6429,1.031167192064461,492579.27005061856
6430,-0.8858448568053137,3672663.6689597834
6431,0.8285723456207675,583322.1374386084
6432,0.46856128620719856,816164.3510523019
6433,0.3659500553610396,904800.5340353446
6434,1.3732906932729638,383689.2413460089
6435,-0.5240632838231415,2418437.634218882
6436,0.7202255873729371,642442.0525627895
6437,-1.590718300583296,8042822.4055767525
6438,1.0567150945932937,482716.2574238968
6439,-0.9958838599506534,4166251.4414404747
6440,1.0300765500201687,493007.5174244392
6441,-0.5001865689764621,2352696.2816459876
6442,-0.31733316229222197,1906927.3982629732
6443,0.3788106799532943,893040.6206466451
6444,0.16598019408101106,1114925.73901505
6445,1.7428357694061392,308290.06446581625
6446,0.3414449403946981,927752.733843746
6447,-0.5070916466679642,2371517.709240035
6448,-0.38602030974011403,2062976.2320678912
6449,0.4698020439944675,815162.5019796875
6450,-0.4173945830620638,2138684.738466007
6451,-0.10617536076923591,1501795.8936622674
6452,1.3590188960948741,387353.95733247435
6453,-0.4769803508571709,2290561.687648463
6454,-1.65668015223588,8621332.403847668
6455,-0.06132177113525401,1428577.054647023
6456,-0.018894643951545272,1363005.8357226162
6457,-1.428715187414088,6758576.955176456
6458,-0.09522702500202812,1483543.2621018856
6459,2.2553358092031015,246598.95661015806
6460,-1.725448484859648,9260392.318229266
6461,0.5820679616630267,730823.5389219304
6462,0.14828540224759226,1136233.5499113286
6463,-0.1884777020639682,1647271.7665760953
6464,0.2514193989566882,1018541.1495274187
6465,0.7235000497050421,640532.0357925142
6466,-0.5773918855904996,2572135.6767865927
6467,-2.5924777391485203,20795460.81436414
6468,0.3798903436616789,892062.168314511
6469,-0.7798191413781137,3250317.055538126
6470,0.22340483216401535,1048993.941130178
6471,-0.27731604230440426,1821850.6162223048
6472,0.02984287850810489,1291876.5812009198
6473,-0.44594306921328974,2210100.618757184
6474,0.16297244133494676,1118513.860412034
6475,0.14913552648253772,1135198.833641618
6476,-0.29201180707126156,1852611.4899020216
6477,-0.8487207389222418,3519088.0182005567
6478,0.650735410936659,684932.6309374555
6479,0.10623580268947014,1188834.4835636104
6480,-0.15189726843375675,1580772.6726993255
6481,-0.6791655435672475,2893400.6652901066
6482,0.6157958081838889,707776.0809288741
6483,-0.9657648530104843,4025255.721325049
6484,-0.7088470637321421,2994429.5807959423
6485,2.064956743057318,265289.75722802547
6486,0.6809377412197345,665997.4494074545
6487,-1.0085031936747986,4226692.097603883
6488,0.07350567693726548,1231765.2014382556
6489,1.4679947477566868,360961.20927045547
6490,-0.12622186956486242,1535869.8268756457
6491,0.8103368201714017,592705.4097861451
6492,-1.675486641423065,8792409.536756733
6493,-0.9754312104912032,4070010.494294931
6494,0.5149383732486599,779783.3041054768
6495,2.126235634902354,258815.98617880346
6496,1.3758661514813735,383034.87196164555
6497,0.43149289229294874,846844.4614429141
6498,2.0587632298142937,265970.364543008
6499,1.0620699561169802,480689.370055489
6500,-0.12204985217679913,1528708.1220598365
6501,0.016264264345686685,1311256.5902001876
6502,-1.5860697443843954,8003298.962490189
6503,-0.999331163190395,4182681.58906224
6504,0.18028831433458503,1098043.7145922594
6505,0.2950547604581833,973228.4735584275
6506,0.7445202429230492,628460.508589906
6507,-0.4996215289685559,2351162.945563588
6508,0.6015730965186068,717373.1088452868
6509,0.42075130542220696,856011.5195735303
6510,1.443164103723241,366662.72860783024
6511,0.30006448197423785,968186.2969523276
6512,1.0141445814861096,499331.7265237164
6513,1.0369340745427107,490324.74587819545
6514,0.41429901800147917,861579.1589041651
6515,-2.109114678813475,13544817.078794273
6516,0.7730429935600143,612593.4622417737
6517,-0.4721907683779687,2277949.851405258
6518,1.1639749541751587,444636.2203141631
6519,0.41123214526459506,864241.7728530945
6520,1.4916802969525165,355684.55418701796
6521,-1.5398705364971155,7619249.522823788
6522,1.5131361535685794,351036.988617656
6523,-1.4182197833559045,6681796.2552831285
6524,1.2389060784099972,420947.33703978435
6525,-0.9546277421216642,3974266.418111472
6526,0.20270577336519016,1072204.8448674243
6527,0.0353127410662925,1284163.114060707
6528,-0.16664716228572232,1607223.8315901465
6529,0.6964676392873557,656543.8132172535
6530,0.17611561993188435,1102935.296966417
6531,-0.0812702518933568,1460634.2235694525
6532,-0.43866594269742437,2191663.5818068264
6533,-1.5892711019794492,8030500.482087169
6534,-0.6213616783664268,2706289.394625927
6535,0.49091055746134293,798361.1583209169
6536,0.622479158864233,703326.6921752807
6537,0.1654794062690272,1115522.2045504034
6538,1.187520566143567,436948.89084881736
6539,1.8033120697453506,298896.90628321667
6540,0.8607129737053737,567309.2475610665
6541,-0.6409814211216561,2768401.3346559047
6542,1.2846335149676698,407555.68393660756
6543,-0.7087131932283434,2993966.1658511963
6544,-0.09124953068463172,1476973.7164324336
6545,0.002653286334224743,1331018.7327544005
6546,-0.05607243416323266,1420273.6750625349
6547,-1.8890566095355574,10934453.328003058
6548,-0.5909836941396187,2612871.9543010397
6549,-1.0054895261932688,4212183.94522862
6550,0.27109296389691706,997797.8877248566
6551,0.6771735752105966,668317.4230820042
6552,-0.5625915699864821,2528508.9116941337
6553,-0.732978465962101,3079131.411828439
6554,0.428734413225874,849186.5325160909
6555,1.8177642273995545,296752.4334928553
6556,0.7612388605481183,619089.5493355624
6557,-0.028524136108957484,1377583.2228387368
6558,0.8261514431367732,584555.2262741886
6559,-1.123951982834921,4818700.8300615465
6560,1.3632836735667722,386251.9653800631
6561,-1.4999614774100016,7300094.015964795
6562,0.8756395466420241,560094.2055271998
6563,2.3459570717699334,239043.1551576235
6564,-0.4758461012934928,2287568.4952449584
6565,0.25140502611174775,1018556.4954307885
6566,0.3508604636270039,918848.4157327333
6567,0.024357123042156165,1299666.1427034442
6568,1.128614996731477,456620.85595887684
6569,-1.977950037709731,11938223.466548279
6570,0.452993978545986,828870.9618918956
6571,2.151386073281011,256290.38915736746
6572,-0.3129301562739545,1897361.696434197
6573,1.4556705690214582,363768.9769333719
6574,-2.3862846995959126,17445411.64051332
6575,0.10934803926349068,1184844.309221563
6576,1.7431223529316386,308243.9030204982
6577,0.32234997514840596,946144.4733800048
6578,-0.0302294635075098,1380183.2352506109
6579,0.28255406287671164,985952.1185788235
6580,-1.3811202486626568,6416404.677575397
6581,-0.31449490057338436,1900755.283131423
6582,2.6848733800197286,216668.4585519781
6583,0.23019217655066745,1041515.5150495595
6584,-0.13944699776750744,1558819.6510156167
6585,0.6191995774609379,705505.2651614399
6586,-0.8877337758138725,3680647.06870667
6587,-1.1178109667915341,4785379.914041211
6588,-1.5016622402377862,7313460.283221772
6589,-1.1453233426760765,4936320.596456899
6590,-1.4742813608477576,7100785.697198569
6591,1.2563474287404086,415748.11801219784
6592,0.5621101648843321,744940.1619754229
6593,0.10311982541533574,1192845.2720133048
6594,-0.11254724882126188,1512534.2624917685
6595,-1.703993081868924,9057005.283584014
6596,-1.4481436536154866,6902715.685089069
6597,0.889699194275865,553423.3527069165
6598,-0.4282624000072018,2165583.30938762
6599,-0.7229720320592017,3043725.6352372398
6600,-0.2948461946887573,1858608.2640893054
6601,0.418998299703534,857519.6132344686
6602,1.1877941517907473,436860.91017077677
6603,-1.3518266497733482,6213377.319773544
6604,1.0987431350304124,467173.47033702186
6605,0.04218783514143988,1274543.2996637025
6606,-0.3103487089424607,1891777.2418119228
6607,0.41485767676994123,861095.2682367769
6608,0.2805490454074199,988011.9109175107
6609,-1.8246043679362633,10248591.676798452
6610,-0.6324916984502228,2741351.0910959053
6611,0.31693171508650914,951445.7176397564
6612,-1.9595412317403862,11724779.271373533
6613,0.38416450040484684,888201.9713413374
6614,-1.894943089985607,10998835.506472975
6615,-0.14041598652461354,1560516.056073993
6616,0.07947789311191282,1223798.292686456
6617,2.142393587732773,257184.92011901469
6618,-0.13292670141914043,1547457.6284301495
6619,0.059463514571822196,1250736.4298080707
6620,0.08395534378826384,1217864.8022888245
6621,1.3717814541455091,384073.69003300683
6622,0.6759132882141844,669096.6918965938
6623,-0.7607401568135742,3179493.709720866
6624,-0.2220478170977146,1711005.7229994312
6625,0.8518445293213535,571661.8570094043
6626,1.888127184768116,286830.17265608325
6627,-0.37505713616457664,2037189.7198300108
6628,0.395238582289199,878298.4378775135
6629,-0.22274827448652032,1712363.902720496
6630,1.3065301784681005,401411.377390457
6631,0.9034901991758336,546995.7251151828
6632,-0.44222874169461257,2200670.0687619774
6633,0.6476803819016007,686889.2726782473
6634,-2.3656819325096845,17131619.460531697
6635,1.0041061963649167,503383.03037264594
6636,-1.5322365691250726,7557304.8679312505
6637,-0.04393884289620548,1401288.7225414873
6638,0.012991660722353849,1315977.2533315243
6639,0.39037028861278106,882634.8015505066
6640,-0.9291970133567615,3860114.8497684333
6641,0.16716600026565076,1113514.8950037789
6642,0.16125023880608336,1120574.5695449011
6643,0.836250680213819,579436.4265120474
6644,-0.5983689028877457,2635279.2210570076
6645,0.7469186844711125,627103.750320439
6646,-1.5852476282673145,7996325.959953213
6647,0.9226718152957443,538242.4255618994
6648,-0.7979026504229031,3318864.248209333
6649,-1.187679793843891,5177185.412952757
6650,0.9930366643894305,507911.11394834536
6651,-1.317942026245713,5985565.234635927
6652,0.3156539193829715,952701.291054901
6653,0.01643619882460653,1311009.1165179545
6654,1.1930277673154353,435183.7224681295
6655,0.06989942040312726,1236605.1891678884
6656,3.82521183581144e-05,1334854.5442503653
6657,-0.9925524368209633,4150431.055934731
6658,0.45764385138159264,825048.8865045214
6659,-0.03815435130571733,1392339.2083581996
6660,-0.44386419853676684,2204817.2696996424
6661,-0.8887784019145877,3685069.238040991
6662,1.2036048544274773,431827.88964580855
6663,-0.18583684466464856,1642369.352482775
6664,-0.6482855251238108,2791887.696146955
6665,2.4554224769023256,230888.42730840432
6666,-1.334140049582274,6093535.154576963
6667,-0.9447313165467924,3929469.5984758707
6668,-0.17053009627278015,1614268.0356243385
6669,-0.14725033296041584,1572539.1604409558
6670,-0.9614882030204284,4005603.2982715475
6671,-0.19976282035860596,1668402.5909340885
6672,-0.5504971968482139,2493417.1309337
6673,-0.2783114279886724,1823916.7073041806
6674,-0.19394018291399673,1657463.157272227
6675,0.8971267705023876,549947.4410353425
6676,-0.5050473309874915,2365929.369249108
6677,-0.7891548198176845,3285530.846845631
6678,1.1436138685463961,451471.47786096076
6679,-0.47851960152128353,2294630.1189917596
6680,-0.8102808631628612,3366593.2742520734
6681,-0.9053279130750477,3755808.0065980535
6682,1.3218253974084437,397218.84697849967
6683,0.5465166856024934,756224.9465633922
6684,0.02069764823601946,1304892.522853144
6685,-2.0196371796175883,12432455.823435366
6686,0.43174521809618444,846630.6398813027
6687,-0.954662112118424,3974422.8334849006
6688,1.3263081519425275,396005.29904050485
6689,1.4902838359976367,355991.36086712626
6690,-0.2996442929407728,1868807.179599533
6691,-1.7425308605664929,9424952.56415402
6692,-0.6162320551595653,2690282.091383723
6693,-2.02166647116672,12456901.840109574
6694,1.3348285554678214,393717.46891251515
6695,0.018542021601227077,1307982.4528657934
6696,-1.0809417326125697,4589733.235749793
6697,-1.246817612732258,5531232.548642795
6698,-0.6645947388558111,2845051.1022660467
6699,0.6474361630750786,687046.0188337371
6700,-0.7647657306623837,3194310.4100033483
6701,1.2942213616649039,404844.4211742286
6702,0.17798180916315307,1100744.3784918212
6703,0.6123951660926809,710054.7676849867
6704,-0.476642458385993,2289669.5938377464
6705,1.8796599578724689,287980.143097939
6706,0.7646010555378955,617229.2063972962
6707,-0.4046792324921965,2107656.348206787
6708,0.2908749809693862,977460.156239766
6709,-1.8579993274298185,10599614.452570727
6710,-0.4937254587812979,2335224.138628625
6711,-0.34303562636192075,1963802.362227246
6712,0.9023548301835579,547520.6105672158
6713,2.0353925699183537,268583.7979636514
6714,0.7346729362043721,634075.0294693016
6715,-1.195408487561006,5222266.491399675
6716,0.8554244352559368,569898.8858389715
6717,-0.2045758689065513,1677504.8745052156
6718,-0.013797322169183853,1355360.5297661088
6719,-1.6406109051285935,8477329.133397277
6720,0.07640193124186044,1227894.0852862475
6721,-0.7566050414212864,3164343.873444229
6722,-0.7763403267331414,3237289.447007974
6723,2.7522890647321985,213109.96154901557
6724,-1.6959652043385114,8981843.43981395
6725,2.7875449710257807,211345.71394879222
6726,-0.26045140659457094,1787225.7506224844
6727,0.36517521889852017,905515.2734660141
6728,0.6129559451393286,709678.3162797965
6729,0.5095297477885391,783915.2024977292
6730,-2.15031038666048,14080840.69337253
6731,-1.5862362401313237,8004711.758971832
6732,0.10826611392724923,1186229.6505629327
6733,-0.03345910155909,1385122.5672251035
6734,1.096640631890005,467931.4158745678
6735,-2.862597001530318,25742231.994613465
6736,-0.068303436038843,1439705.6006609346
6737,-0.8972303871844295,3721035.792208868
6738,0.024693805900835503,1299186.5109874066
6739,0.2496045632700294,1020481.083532233
6740,0.4916910593461222,797748.6207517127
6741,1.0245210402716134,495198.19581930974
6742,0.5806954886474034,731782.7525276117
6743,-0.43377157631703994,2179353.529132371
6744,0.9562955134693542,523407.91538064164
6745,0.7387451339423003,631744.6092663899
6746,-0.36105453033571433,2004747.617473445
6747,1.4848061696153074,357199.97969127947
6748,2.445473539402753,231589.14796155645
6749,-0.3547307472430291,1990275.7120884275
6750,0.15992612723953384,1122162.0161175318
6751,0.8330306187566568,581061.3146668003
6752,-0.32006359545464164,1912885.21547154
6753,-0.24766086941318685,1761439.2657578948
6754,0.6971448582470322,656135.847045533
6755,1.4925894114471059,355485.105192411
6756,-1.7828944743178325,9823140.802603196
6757,-0.03535462260707627,1388030.8786290907
6758,0.3490612323192825,920541.6581562327
6759,-0.2331756967221853,1732721.8528765866
6760,1.4467472484543324,365829.03914302174
6761,0.256260297343283,1013388.5264158582
6762,-0.8145054067259994,3383034.5750671015
6763,0.8241842997354574,585560.0186337918
6764,-1.6718759887134635,8759350.65571027
6765,-0.6915310298667081,2935072.5556225358
6766,-1.4273832930128336,6748791.321625118
6767,-2.133148210669457,13855691.466338497
6768,0.20800798104002602,1066200.6706082171
6769,0.08504426088636562,1216426.8577007116
6770,0.5886021332299243,726280.0106367597
6771,0.19850442854986855,1076991.3358275315
6772,-2.14659135111656,14031827.415019132
6773,-0.15831925642791658,1592229.7797135501
6774,0.9963637066545766,506543.42359044804
6775,0.8824807490178903,556833.25335306
6776,1.5072142535146118,352307.3785445073
6777,-1.778967411473827,9783819.101732165
6778,0.7630116301637525,618107.6526090595
6779,-0.6974798140122701,2955331.6287400974
6780,0.04953749524454331,1264351.4632949033
6781,0.15498675066665524,1128107.3811274634
6782,-0.27018573681207064,1807123.9237574723
6783,0.06658930145677844,1241067.2200069688
6784,1.1970410092865016,433905.1315030285
6785,-0.4978150581681917,2346267.661872362
6786,0.07828392456142033,1225386.2250734097
6787,-0.8587976934283772,3560153.6449559703
6788,0.5938854255845355,722634.1193573101
6789,0.1794474487472504,1099027.3564902819
6790,0.36844239239619603,902506.3192762394
6791,0.9231589392870285,538022.9203425581
6792,0.8722906596007671,561700.9570160249
6793,0.2488153080375139,1021326.1481826089
6794,-0.5883719674242442,2604993.9449668406
6795,0.8128749158066927,591386.207902444
6796,-0.5672447425827577,2542143.4758145716
6797,-1.5644130384864299,7821297.778670246
6798,0.1375034938760806,1149454.1287423428
6799,-0.8814199586601754,3654026.89778886
6800,1.0255066397166384,494808.41496837337
6801,0.2966328839849056,971636.6345613796
6802,2.0991256101199585,261622.73318338036
6803,1.7097985302525698,313721.18363082065
6804,0.00808246768544732,1323095.2884885673
6805,0.47278737304872803,812758.5407748168
6806,1.5874868068915151,335855.9088318231
6807,-0.2518027540361778,1769745.2238209655
6808,-1.023177545848957,4298005.520252104
6809,-0.7963808605791755,3313041.9641558216
6810,-0.807301996319214,3355046.5738555146
6811,-0.6253362464461047,2718758.065450794
6812,-1.459109019869395,6985226.706246751
6813,1.243010725977221,419713.4271229767
6814,-0.03971433777844931,1394746.3547993756
6815,-0.8514127876314871,3530013.825813732
6816,-0.8564873619172443,3550698.0502679246
6817,0.4829140835863835,804672.3446474015
6818,-1.0954369362303977,4665757.765084091
6819,2.1931660289389634,252254.73043284236
6820,-0.5479044849823898,2485959.151360106
6821,0.04493833536496798,1270718.0678672763
6822,-1.642349373103461,8492812.112766854
6823,-0.807954474183212,3357572.4215126457
6824,0.5820333552318216,730847.7043403685
6825,0.8248724365739726,585208.2382813364
6826,1.1068261289924386,464278.38206210214
6827,-0.9525181075424136,3964676.7434189515
6828,0.10857038727675743,1185839.8542697518
6829,0.20274505927734401,1072160.2083196177
6830,0.5932723442738718,723055.9235701205
6831,0.19349920109075525,1082727.2514992922
6832,1.3231489914085273,396859.8185025964
6833,0.20881798988731792,1065286.9950105967
6834,0.194899339027542,1081119.024298571
6835,-0.8438329257787531,3499333.784418947
6836,2.737542013531492,213867.17264352037
6837,-0.834765583012226,3462970.59731045
6838,0.13773976169791075,1149162.4747574695
6839,1.0250806987681036,494976.80420996016
6840,1.4946104684215407,355042.5162206194
6841,0.2796869509937965,988899.183169155
6842,-0.1263798065966134,1536141.674316864
6843,-0.04131610612665296,1397222.883839248
6844,1.4396732792394946,367478.5310317699
6845,1.4276663349593446,370311.8460882868
6846,0.36067147598910204,909683.803248531
6847,0.3512870776743873,918447.505507454
6848,-1.2491955190441628,5545911.95349478
6849,0.9403484892525518,530364.0605365762
6850,-0.10693438936136228,1503070.5885818368
6851,-0.8372629885695723,3472949.521088887
6852,-2.674640382514792,22234859.347261056
6853,-0.5163734235319604,2397061.345964008
6854,0.39389063591995194,879496.3890625272
6855,0.25711412882887485,1012483.0175332222
6856,-0.032159981170095484,1383133.3134189225
6857,-0.6606213800645241,2832006.723972687
6858,-0.23022576785126486,1726936.0084324847
6859,0.2339877096898042,1037361.7017680823
6860,0.8158448478739867,589848.00401359
6861,1.0120069383728811,500190.0931673696
6862,-0.031846061766131376,1382653.1170595004
6863,0.5958917313130456,721256.0918347108
6864,0.18370880077189564,1094053.2869723248
6865,-0.5880153369435002,2603920.0704666898
6866,-1.2943712321475322,5831463.912545001
6867,1.2867785636030662,406946.2569330247
6868,0.37656526457939216,895079.8917208784
6869,-1.1182233998619673,4787611.136126762
6870,1.4525126788347136,364495.3962414737
6871,0.6659195333556379,675321.0447714513
6872,2.8184760774699993,209849.48909214506
6873,1.1729979120446026,441663.1956361233
6874,0.0018857598966495592,1332143.2539695746
6875,-0.8553738446437086,3546149.3370994907
6876,-1.1626569200194479,5033632.690949427
6877,0.5077899954726661,785250.4036407461
6878,0.47768963960627536,808830.918837644
6879,-0.0670893762077536,1437763.4308962354
6880,0.4712390406664293,814004.1961846901
6881,-0.4622882577002765,2252102.068653332
6882,-0.4565490571175922,2237260.7377127516
6883,0.5502472480671222,753504.5433773705
6884,-0.6613089081421941,2834259.5766689987
6885,0.39590754809321876,877704.6820599829
6886,-0.37979570929210665,2048293.4173077801
6887,-1.018010240487136,4272766.689573804
6888,-0.05926661653457963,1425319.7099009848
6889,0.031041952278244533,1290181.1144650723
6890,0.68224109440926,665196.7673517503
6891,0.3595124796577547,910760.4390557453
6892,1.081604452095115,473411.4260653042
6893,1.031671396846801,492381.492231975
6894,-0.9339554872223539,3881235.4393966226
6895,0.7125304171868988,646962.4923343443
6896,-0.02968148313201945,1379347.154171067
6897,1.0172914819845718,498072.34912909835
6898,-0.5855951405759342,2596644.271540324
6899,-0.7804067051856245,3252522.431296771
6900,-1.2047390145205248,5277162.67526485
6901,0.7342547866918516,634315.0179270296
6902,-0.4451411298585152,2208060.970678524
6903,-0.451837836376798,2225153.5668828217
6904,1.2167979476380104,427704.55202922015
6905,0.24864863318530359,1021504.7179298372
6906,0.4713286703939863,813932.0201328249
6907,-2.0464176797350166,12757976.894088412
6908,0.7065411910011243,650511.8911148942
6909,0.6748818352462727,669735.407643187
6910,1.0827559152857775,472988.0512341805
6911,1.2739524540781326,410614.91988096974
6912,0.4949619410040017,795188.3133010041
6913,-1.668776326042666,8731051.569415357
6914,-0.26474140499368953,1795965.7537245075
6915,0.4816793469050176,805652.6549216917
6916,0.04448262233771422,1271350.92777009
6917,-0.12909733268006818,1540827.5738958756
6918,0.9696655493052422,517684.23309868225
6919,-0.7086988580978234,2993916.546622133
6920,-0.261085842038396,1788515.3863449655
6921,-0.08430836252328636,1465587.0779532061
6922,2.260630476741815,246135.699227481
6923,-1.9878994126733094,12054805.913761683
6924,1.3788521363945014,382278.83616075444
6925,-1.1055171665180472,4719307.591755042
6926,-0.0066016977875905025,1344651.1792247896
6927,0.5809369451990336,731613.8770494899
6928,0.3896327769354628,883294.0975714452
6929,-0.09271902261445308,1479397.0433202635
6930,1.0347877217047614,491161.91113544075
6931,-0.11219001246530291,1511929.96022099
6932,-0.3577336433486776,1997133.9716225313
6933,0.23573185567580424,1035459.6604370247
6934,-0.291860257031693,1852291.4372485336
6935,-0.2703803810117697,1807524.2286542305
6936,1.0562714904296913,482884.7887963896
6937,0.37443776348285185,897017.5049572522
6938,-0.5194624413089725,2405624.8411604958
6939,0.2612825268598976,1008076.4992814291
6940,-2.222412464015644,15055601.992197923
6941,0.07104931654615637,1235059.503186738
6942,0.5030956149119151,788868.1309956311
6943,0.40030617402128954,873813.2616120847
6944,-1.306100181599056,5907701.835363657
6945,-0.20130254953152638,1671308.5891433454
6946,0.597794433480103,719952.5080803141
6947,0.7228573175123437,640906.3117361171
6948,0.4771532210115932,809259.4836208127
6949,-0.15919225793990238,1593794.320037448
6950,-1.2382096560558553,5478383.444911993
6951,-1.1954923057667934,5222757.335036332
6952,0.7649905782287829,617014.1980271633
6953,0.9656202720383344,519405.69293622853
6954,-1.0889155926317315,4631412.243230077
6955,-0.454123315731998,2231018.4089344465
6956,0.28735027861285645,981046.2712591977
6957,0.29445952568792766,973829.7175627761
6958,0.41872778539118094,857752.6367690462
6959,0.11999777509678664,1171309.0160001619
6960,-0.8925202206091803,3700951.0142316367
6961,0.6497044440549739,685592.0701407198
6962,0.6634463173596583,676873.8197741542
6963,-0.8351255745719971,3464407.312336667
6964,1.0237569413713796,495500.7160711736
6965,-2.9384233890896585,27237901.507414944
6966,-0.44077435561146017,2196988.8463698565
6967,1.467233222068406,361133.45735753246
6968,1.58298424656271,336736.0578325725
6969,0.4560905797217496,826323.0946706319
6970,0.5765561359377448,734686.0065992732
6971,0.5336205042986089,765730.3699799251
6972,0.11450694938934422,1178264.7310210164
6973,0.6035721478409568,716013.5780092413
6974,-0.035450818232440555,1388178.656964623
6975,0.7863563869571287,605384.079782698
6976,-0.6057971608513143,2658012.771680942
6977,0.3318401044549821,936947.5596470843
6978,-1.203949305209615,5272496.353479181
6979,-0.990033363150016,4138505.795347303
6980,0.34305637188611926,926221.1555571171
6981,-0.7504804874850662,3142035.1865390763
6982,0.34479251417767853,924574.5850846368
6983,-1.840465557336394,10414153.366819657
6984,-1.3815189617524049,6419207.487281417
6985,0.11162107641694945,1181940.009158372
6986,-1.480693250209837,7150110.047197064
6987,-0.37307277158642443,2032558.7127169142
6988,0.05245332558173682,1260334.218596651
6989,0.3343789512523325,934506.0689225731
6990,0.04809589682292517,1266343.082983347
6991,-0.06334516134868452,1431792.260682091
6992,0.5282261680700223,769753.4235024331
6993,-1.5762183817455653,7920074.979687876
6994,0.8892807470076077,553620.1614649964
6995,0.5775782918626341,733967.6491850418
6996,-0.39241174328824047,2078167.8716699416
6997,0.8441928382516452,575457.2936975496
6998,0.47813996887437094,808471.3622739682
6999,1.6385387344171531,326210.94148709165
7000,1.01222797613745,500101.22723391355
7001,-0.13201641871262723,1545878.7268152782
7002,-0.881372908915055,3653829.2208629
7003,1.0904881199408525,470161.0604932803
7004,0.04092950317756024,1276297.750158155
7005,-0.16785070404903354,1609403.6031269352
7006,-0.723080558187432,3044107.473474746
7007,1.8501295069022807,292083.7544687627
7008,-0.8937832264090911,3706326.4598291693
7009,0.7041956873994166,651909.3771449379
7010,1.5561250559137871,342089.421580515
7011,-0.3288371658734572,1932163.888084991
7012,0.0841382144152244,1217623.1780091901
7013,-1.831496178064927,10320272.614254896
7014,-1.1737896802785568,5097048.441847324
7015,1.768054743477217,304288.9648240666
7016,-1.405022611235259,6586320.649521424
7017,0.019073012392542443,1307220.5370369824
7018,0.5637341550377494,743777.8727869159
7019,-0.7242769739975162,3048320.0726010716
7020,-0.5128102825399923,2387222.282566131
7021,1.0542780722907341,483643.2932395044
7022,-0.9001494928153484,3733535.412918881
7023,-0.21449459349453653,1696434.412964427
7024,-0.7935415482417822,3302205.453604784
7025,-0.5664750369276864,2539882.9669872923
7026,2.111158210209915,260365.9843743038
7027,-1.2299409621704818,5428043.24934618
7028,2.234754670916896,248426.66369577544
7029,-1.0962850984435097,4670241.9006053675
7030,-1.373535665923831,6363290.295967338
7031,-0.29570858101105085,1860436.9603017052
7032,-1.128674900584666,4844471.4240699075
7033,0.7128336365962518,646783.5214633477
7034,0.7396366447107864,631236.0454217861
7035,-0.9859754818958479,4119363.4034596686
7036,-1.0078826114637007,4223700.727195951
7037,0.576940687368339,734415.6381241301
7038,-0.2011992230892801,1671113.4034486394
7039,-0.6454779958283834,2782836.5872615227
7040,-0.3314780185093076,1938007.2227414274
7041,0.37999842739968953,891964.2913807711
7042,0.6271805285809852,700219.6459660617
7043,-0.37758882467866656,2043114.2025344535
7044,0.5864090762439825,727800.6914557313
7045,0.15496791228625142,1128130.1278846501
7046,-0.5794209501616159,2578175.9536781968
7047,0.4295650953907887,848480.3725381249
7048,-0.05882513249429498,1424621.0680554134
7049,-0.9896742743001945,4136808.492613691
7050,3.01901102448779,201193.21686464414
7051,1.118751841711898,460060.92300281214
7052,0.5570958751554904,748544.2576423747
7053,1.7582651942048189,305827.55092838686
7054,-0.38613985225260944,2063259.2952615144
7055,-0.1512535706096839,1579629.3198151188
7056,-0.602657440180704,2648379.8890512343
7057,1.0792610385710357,474274.98155243165
7058,0.18353345816852965,1094257.4234498737
7059,0.04630008132704256,1268829.148175103
7060,-0.8289048127465651,3439661.227198594
7061,-0.8054691599349268,3347961.2278682576
7062,-0.5078300045996522,2373539.415901596
7063,0.39162793434941695,881511.9727995793
7064,0.29697338181860633,971293.5992186314
7065,0.6701331046457816,672686.9670146857
7066,0.07180610137692356,1234043.4630869864
7067,-1.0556927939980731,4460031.063504121
7068,0.3853156872057327,887165.8952839834
7069,0.23742372521229632,1033618.6734579424
7070,0.22836195265753034,1043525.7115717292
7071,-1.0140741943081106,4253634.58554088
7072,0.56297257439234,744322.633271133
7073,-0.2020963109541616,1672808.8517903355
7074,-0.1797235819448249,1631082.184412337
7075,0.2064232574057426,1067990.9441321571
7076,1.5017587541288409,353486.01470129687
7077,0.8828943167053191,556637.0360007264
7078,-2.2625922543595944,15619109.11033511
7079,0.6811408214719747,665872.6038624477
7080,1.4304867128750425,369642.49009653326
7081,2.0010856304615707,272553.3578537455
7082,0.13561136934434231,1151792.9698339205
7083,-0.8610720128873519,3569485.486752752
7084,0.4391868257220817,840355.6832222427
7085,-0.8592654377567874,3562070.946514498
7086,0.1302681376708507,1158428.1515674843
7087,1.131040168845303,455781.58854977135
7088,-2.0706103044330035,13057469.208338944
7089,-0.6058162863658679,2658071.558202653
7090,0.5139898200614327,780505.8698155292
7091,-2.0502053232002275,12804525.161513029
7092,-0.9174892641428646,3808613.086283814
7093,2.9208127703782374,205218.8578393423
7094,0.4898577083282832,799188.4089109057
7095,0.27048221814669626,998434.0208993757
7096,0.5335815534929479,765759.3191931898
7097,0.06646777030328332,1241231.399729661
7098,2.541591091808049,225130.11970567078
7099,1.1892785452404517,436384.08467758755
7100,-0.3718648638178051,2029745.199019976
7101,-0.744875240039699,3121753.2938527176
7102,0.4625575505805186,821034.7107128605
7103,-1.062037183034122,4492299.0495460415
7104,0.5696588272345138,739558.1276823623
7105,1.623061371749389,329071.1835143366
7106,0.6104442711275734,711366.5240674785
7107,-0.1014526853493251,1493891.82111739
7108,1.1772859570045873,440262.1825679877
7109,1.0364411437849768,490516.8063138073
7110,-1.3762903580872805,6382536.790753477
7111,0.08448838638008767,1217160.6571565594
7112,-0.4149037632082038,2132569.1205884367
7113,0.32779706441023926,940852.0058822356
7114,-0.50561462963388,2367478.778661455
7115,1.134638920417283,454540.9417622958
7116,-0.6175428797236084,2694363.5218563075
7117,-1.023400709203164,4299098.648941583
7118,-0.055614617832845145,1419552.0903906086
7119,-2.3312167617814215,16615265.128693353
7120,-0.5463184215754663,2481408.0242378595
7121,-0.3330783905037711,1941557.4655610693
7122,3.0192726056723056,201182.99352421053
7123,-0.13640227539816208,1553502.5570422474
7124,2.143748275068846,257049.56203371033
7125,0.2893357521818251,979024.21344048
7126,0.1363773252168936,1150845.4996739835
7127,1.159945423286665,445974.96237397887
7128,-0.7389810660500167,3100564.5989031405
7129,-0.7481456356786618,3133571.1515155914
7130,-0.13691307529638064,1554393.1771542379
7131,-0.7151199958897784,3016224.023965188
7132,-0.3961355590594392,2087073.0875561466
7133,-0.0173626680871643,1360702.9203562937
7134,-0.2793177299543148,1826008.0194963005
7135,-1.460833670281545,6998280.786326492
7136,0.9767163176367376,514704.9943578809
7137,-0.43124977108987694,2173038.9645781307
7138,1.067083023966182,478804.3492110001
7139,0.46410765371030627,819773.6303003764
7140,0.2432043797989255,1027358.4711936906
7141,0.1971043230381295,1078592.1490378445
7142,-1.008748014340759,4227872.742576162
7143,0.9121267665095053,543027.9029335718
7144,0.2816832816403852,986846.0392587665
7145,-0.3530889933870313,1986536.6884737043
7146,0.8532765306083411,570955.677533453
7147,0.1622082272472203,1119427.7266071911
7148,-0.4401603217871894,2195436.5790184494
7149,-0.38462982184264594,2059686.7140965457
7150,-0.8020583635759965,3334814.4813200803
7151,0.25022519000872523,1019817.1699365862
7152,-1.2532000651300004,5570711.642050755
7153,-0.2792400503783205,1825846.492776577
7154,0.2726038259681934,996226.3565587605
7155,-0.3057551369164679,1881883.3471208727
7156,0.30633752698480765,961918.0638989888
7157,0.6619854913701014,677793.3038682906
7158,-1.7191373429889183,9200185.441789193
7159,-0.15056266920619618,1578403.1398911222
7160,-1.6626405665232784,8675254.553816365
7161,1.3832240098752253,381176.99168305483
7162,0.594540149896996,722184.0318790938
7163,-0.6301508044931458,2733939.163060333
7164,-0.5634989975485524,2531161.9805885446
7165,0.6417186209141371,690729.80415389
7166,-0.36555224160334815,2015108.2873956559
7167,0.8967326776307967,550131.0361564623
7168,-0.40951906161081064,2119410.7157873795
7169,0.13700558017037162,1150069.05084765
7170,-0.5858290422875686,2597346.5479540825
7171,-0.43301421017670855,2177455.087815548
7172,0.6322831570813081,696868.6251512109
7173,2.17831306757631,253667.0736878699
7174,-0.5140129943385623,2390538.7450735006
7175,-1.200933852961449,5254712.494207583
7176,-1.6169563075087423,8268963.155248843
7177,1.2469050997252704,418548.6283882388
7178,0.6997332769409838,654579.8189055764
7179,-0.19784588108772538,1664792.3896558061
7180,-1.446712530672754,6892008.861427903
7181,1.1167743216864,460755.8464818688
7182,1.1767713173014018,440429.9265349216
7183,-0.5560602131424268,2509496.237955674
7184,0.032767420967409984,1287745.8356477944
7185,0.8762822309766082,559786.642483566
7186,-1.4729094926629895,7090270.212838895
7187,-1.287073267063016,5784467.900292959
7188,0.37092543869104305,900227.9432357373
7189,-0.6760849439910397,2883110.7753447434
7190,0.7720867262506598,613116.0573477766
7191,-0.3343243019381446,1944326.1670793917
7192,0.5285485339734093,769512.220107976
7193,-0.7206736211649346,3035649.9893308384
7194,0.08345087651158337,1218531.6378536979
7195,-0.25977459063370495,1785851.0737020262
7196,-0.2092345849267118,1686366.9968475916
7197,-0.0965687484172902,1485766.734048603
7198,-0.2176279673517432,1702462.6878494045
7199,0.14826644622769009,1136256.634709896
7200,-1.2541972655640319,5576902.559315636
7201,0.2214688810315081,1051138.9171957187
7202,0.12839423410191883,1160765.842181506
7203,1.652742835605434,323633.48398476304
7204,-0.2654380820726582,1797389.4403340248
7205,-1.9132428052512718,11200863.8426057
7206,1.1378501576583346,453438.66584129
7207,1.7356155133954674,309458.4046142619
7208,0.8814617295917601,557317.171741374
7209,0.6872055239307039,662159.2640679757
7210,-2.0277949074146666,12530947.544514326
7211,-0.7156410632225126,3018041.4321738584
7212,0.30760005919402417,960662.5779782083
7213,1.780342551650197,302383.4767371705
7214,0.49405701139919134,795895.5761281209
7215,-1.2775668966849985,5723754.3514185995
7216,-0.28649936019542194,1841008.053197702
7217,-0.40333723601615795,2104409.189633016
7218,2.015084909670025,270914.04169183277
7219,0.7945575866081193,601004.0153686539
7220,-1.1955676140430447,5223198.379597748
7221,-1.1095170912579446,4740712.580189036
7222,1.0608870753559025,481135.9169763101
7223,1.0789602630559372,474386.0049992296
7224,0.1915990649414582,1084914.3843155438
7225,0.10873410283800689,1185630.1850037463
7226,0.639344645258986,692267.3279561683
7227,0.6874878831221573,661987.0840915393
7228,-0.5573532190502124,2513248.579455901
7229,-0.1259991745618919,1535486.606330186
7230,-0.3027393909603178,1875417.9664921637
7231,-0.5181579927399841,2402004.7791295378
7232,-0.16979895221311037,1612939.0405029808
7233,0.3664254404248318,904362.3719620215
7234,1.4307097800713355,369589.6504609663
7235,-0.831873142585276,3451447.8204865665
7236,-0.11917864594039518,1523800.9818687027
7237,1.3362600354070369,393335.49757557607
7238,-0.5274247186833371,2427842.987712972
7239,-2.268904417598567,15708959.45038637
7240,0.8412306095844353,576936.6712577585
7241,1.6905343771033599,316990.7737714366
7242,-0.37956306977589754,2047746.796819725
7243,0.9042046242655881,546665.8348410077
7244,0.33158628300465837,937192.085216512
7245,-1.1229880650758222,4813456.642282308
7246,0.9593652780115872,522085.08656855463
7247,1.1258533763164273,457579.7106745165
7248,-0.2071398283295404,1682375.8991807944
7249,0.7712811896986549,613556.7775452043
7250,-0.6907128455968006,2932296.953163975
7251,0.4029694297575598,871467.7699382155
7252,0.5033716187006603,788654.8233625927
7253,0.0016960518265851095,1332421.3674021596
7254,-1.1512172361479498,4969215.668830085
7255,0.14029986878811168,1146007.8360340341
7256,0.43664031583206253,842496.2141710591
7257,-0.9739626102837722,4063180.908625085
7258,0.990794029521504,508836.3083646874
7259,-0.5537185581670939,2502715.191030785
7260,-0.23445674849937348,1735240.99889267
7261,-1.1998478410366635,5248320.9088426735
7262,0.5285789028275089,769489.5024192375
7263,2.6515845451960387,218520.60181461571
7264,-0.3636696602056563,2010764.8100230705
7265,-0.7346809665191365,3085195.5991671397
7266,-0.3519653259028844,1983981.8737581829
7267,0.11552082571416494,1176976.7108099067
7268,0.48560905332841736,802538.0931683391
7269,1.0618363480058608,480777.5056527316
7270,0.8289908268136545,583109.3718869353
7271,-0.4550714580306495,2233456.1747908182
7272,0.4669984733476289,817428.5204012103
7273,-1.7147982621908067,9158975.710205581
7274,-0.7138564399784396,3011821.4076575954
7275,-0.7359296198707964,3089650.6808615807
7276,-0.11419921666545675,1515332.2414803132
7277,-1.8569623708130643,10588574.62346272
7278,0.7919634042619313,602384.5189744707
7279,-1.0354516687695532,4358514.305831189
7280,0.630686909585557,697914.5552574323
7281,1.3277240230909009,395623.42104199325
7282,2.3827176597435384,236192.48735970864
7283,-1.6722522877843544,8762791.269256277
7284,0.8658394558762775,564815.6766620127
7285,-0.33100766704801055,1936965.1153803621
7286,0.47958149072658773,807321.806839025
7287,-0.3743247939681297,2035479.3231800513
7288,-0.8560266781677435,3548815.4791384023
7289,0.055179650059735845,1256591.4383496218
7290,0.3828019816802344,889430.228241164
7291,1.651591734577948,323840.6900184722
7292,-1.463058921058204,7015154.824650672
7293,-0.10589545667610431,1501326.1339448288
7294,-1.1720175246565538,5086905.444141845
7295,-0.5422462587908607,2469762.0303312573
7296,0.5121856215332002,781882.6646371956
7297,-0.3378887538431688,1952270.4074982386
7298,0.3082482111878348,960018.8318242257
7299,1.5208057483810062,349405.5002288708
7300,-0.6455366067155571,2783025.2408658834
7301,-1.4631662157931218,7015969.318024979
7302,-1.0050539596086838,4210090.931590587
7303,-0.2632952678023702,1793014.398806083
7304,-3.5340824844895438,40323991.97846919
7305,0.37071178791051446,900423.6980046623
7306,3.0725613921356247,199152.1784062135
7307,-1.9506387962050653,11622608.735345606
7308,-1.430541508642829,6772015.096885708
7309,-0.24368835402766417,1753512.5957178383
7310,1.0116818119956743,500320.85242555157
7311,-0.5708428281521437,2552737.6280833525
7312,-0.14765577907232214,1573255.6440365203
7313,-0.32780267501989635,1929880.0161746643
7314,-0.46857466497816164,2268475.592378378
7315,0.43543434289861,843512.3716066461
7316,0.20927190006189336,1064775.4051319498
7317,1.896153177146848,285750.87584009115
7318,1.4216588067109197,371745.49061487947
7319,-1.216216677205382,5345404.075696194
7320,-0.08663666474433321,1469395.5316722412
7321,0.5925637200350207,723543.876897739
7322,-0.2172852918367012,1701802.2812107466
7323,-1.5238785351379538,7489972.616937417
7324,-0.6803117470381579,2897238.55219927
7325,-0.07697463788187352,1453663.383132274
7326,-1.1909463674129515,5196196.117551831
7327,0.4344098895931751,844376.8181943482
7328,-1.7784395097710524,9778542.813596275
7329,-1.315687674406204,5970672.883919941
7330,-0.3260322597169869,1925978.092049433
7331,0.08575439637686116,1215490.17291562
7332,0.6121459248480405,710222.1707712372
7333,-1.0976263944188296,4677341.265325253
7334,-0.3595528958643578,2001301.092457546
7335,-0.7315851951738321,3074177.4066050984
7336,-0.7087869916516343,2994221.6225608196
7337,0.427681935291124,850082.3237305972
7338,0.5944531281332469,722243.8327691318
7339,1.141549578352021,452174.3778551066
7340,0.024194895720084576,1299897.3212875554
7341,-1.5269562977074365,7514707.878683032
7342,0.8977879542268343,549639.6251292987
7343,-3.0618793563181055,29765772.792048607
7344,-0.27270432830317226,1812311.0412714668
7345,1.100277201812116,466621.7221507255
7346,-0.7130104754078513,3008877.35469806
7347,-2.180392607039678,14481850.265057135
7348,0.6565404273093479,681235.8474483402
7349,0.1664519320843834,1114364.2211685292
7350,1.2036613363879913,431810.08975976537
7351,0.3090152121300732,959257.7348842487
7352,-0.38773473257276403,2067039.7039298224
7353,0.14102566963511357,1145115.349750233
7354,1.8349923755112993,294244.5658032383
7355,-0.2894759629923732,1847263.9399219032
7356,0.729738671696642,636915.1909336362
7357,0.26961470635911317,999338.4482569097
7358,-1.225356058379837,5400309.151151453
7359,-0.11411100296188606,1515182.6859871508
7360,2.10031123581152,261498.11202967912
7361,1.231685941189191,423133.3940552278
7362,0.6147285715246186,708490.1363276829
7363,0.02515252445307678,1298533.3575333562
7364,-1.4671536351869168,7046295.955635339
7365,1.3088920145523375,400758.70124565205
7366,2.324936120699238,240727.18358906684
7367,1.4970389740829309,354512.1697337225
7368,0.8534349632181325,570877.627499727
7369,-0.5205072936994236,2408528.513207119
7370,-0.7803657547112386,3252368.6795270615
7371,-0.7014777228283704,2969024.6062860754
7372,-0.987077126198871,4124551.998224686
7373,0.7158615082456016,645000.1876057482
7374,1.0985876160464927,467229.465013753
7375,-0.6704131438414926,2864260.8080596784
7376,-0.4936288971774163,2334964.0321793184
7377,0.07903113253578853,1224392.1859353837
7378,-1.5392968361307873,7614579.4994096365
7379,0.024653953640818974,1299243.2730931828
7380,0.49939197010506364,791737.8075681519
7381,0.6680723864373113,673973.4227622907
7382,0.48456113326555195,803367.1028358581
7383,-0.8959948188137237,3715757.120088059
7384,-0.7065881729934691,2986619.5436862675
7385,-2.521621831764627,19601549.385790683
7386,-0.37211352608990095,2030324.0584031052
7387,-0.31681379172020696,1905796.372190169
7388,-0.48168146264798917,2303010.7432950437
7389,1.4860821628182603,356917.70201593987
7390,0.6876418331155634,661893.2331823253
7391,-0.39769225166661853,2090807.667535242
7392,0.06498411575715889,1243237.7461281405
7393,0.9109148005422983,543582.0612650473
7394,1.2803906645883691,408765.9782593204
7395,-0.6043212602861445,2653480.213578644
7396,-0.48305906018711275,2306671.9925167128
7397,-0.5851917422477823,2595433.5426766365
7398,-0.6842334206182571,2910407.97358938
7399,-1.515677421672025,7424397.962283727
7400,-0.2570849443528385,1780399.4259260062
7401,1.3196423328565297,397812.31652386906
7402,1.329577171132411,395124.6300184007
7403,0.44332309494734917,836893.7412441657
7404,1.5614994979013772,341003.9496435701
7405,0.5879817246528672,726709.7708722313
7406,0.5906271403705603,724879.663637055
7407,1.1076525859288509,463984.04347413965
7408,0.5733560228264015,736941.1242868374
7409,-2.29839870338618,16133566.2693081
7410,1.0807665788593148,473719.8891875921
7411,0.49370925874647054,796167.5870992967
7412,-0.7823164947330886,3259700.764371189
7413,0.581827494315375,730991.4777665155
7414,-0.15800247365301429,1591662.480090834
7415,1.0833625435649081,472765.2530865904
7416,1.4135452908489872,373698.87661685154
7417,0.10067775784864241,1195999.726771262
7418,0.9258525579483934,536811.6050235875
7419,0.21969518908694236,1053108.7744932547
7420,-0.007712746776041094,1346298.4438568454
7421,0.8567368960366569,569254.5732463661
7422,0.15203535487397352,1131677.7572344323
7423,0.3104948868534011,957791.5615783471
7424,1.5273089705104481,348034.24043788656
7425,2.3219763064840095,240967.53465399303
7426,0.516058169303309,778931.427556257
7427,-0.10998453495545098,1508205.1245659003
7428,1.5572525493276754,341861.1037130775
7429,0.9004607460599453,548397.9542556932
7430,0.7086621220135719,649251.8340196329
7431,-0.3291184599600588,1932785.4057043442
7432,0.11465293514707378,1178079.1697102515
7433,-0.5652638941913204,2536330.156771703
7434,0.9841162032694752,511606.98472504836
7435,0.5114319538649652,782458.7401441785
7436,-1.2264789013375843,5407089.455830653
7437,-1.1040773778912671,4711624.5154348435
7438,1.5423083485239486,344913.35293384176
7439,0.23927764181005576,1031605.9214853093
7440,2.298845339376618,242873.95131269444
7441,0.12174326229062193,1169107.9934593444
7442,2.061103797548572,265712.57506678323
7443,-0.7344328303394929,3084311.0246838382
7444,-0.0655225373428668,1435261.2711025993
7445,0.2255896563170599,1046579.5815210175
7446,-0.9558422198380104,3979796.945300946
7447,0.39941726609398415,874597.8979716395
7448,0.7219710131467152,641422.9324316313
7449,1.2082243885380453,430376.27265942004
7450,0.3963867278241734,877279.6886716493
7451,0.15545230213118638,1127545.415468589
7452,1.951526835190685,278580.7879706536
7453,-0.4217703151458477,2149472.7522037677
7454,0.9683654996161756,518236.4959824445
7455,0.8093476200393209,593220.722604186
7456,-0.3965140077376093,2087980.3591614189
7457,-0.12616062487466453,1535764.4244930272
7458,-0.313859647395345,1899376.777591357
7459,-1.2029592494078978,5266651.453390995
7460,-1.2810820870178086,5746138.31431336
7461,-1.0647599912631731,4506213.587420528
7462,-0.5414641799621459,2467531.7502259607
7463,-2.2879217226389366,15981836.81805638
7464,-0.7510870961366286,3144237.861280562
7465,0.7654269496440939,616773.4579565749
7466,2.6033346997859277,221324.08691633408
7467,-0.954503283910962,3973700.0664065788
7468,-1.0143092683052939,4254774.970439899
7469,1.8761248068755236,288463.74228625454
7470,-0.18622472960213574,1643088.4074511654
7471,0.4064249882634803,868436.4442738246
7472,1.712086703153436,313337.9191124611
7473,0.3472705856609772,922230.7064061668
7474,0.3432305808374341,926055.7689192499
7475,0.22306904355367949,1049365.604904216
7476,0.8390766032838091,578015.9486829865
7477,-0.05840585421549504,1423957.9243524985
7478,1.5836926422773552,336597.2577578934
7479,0.09726749731764824,1200421.193777673
7480,0.9615188402718712,521160.1646123295
7481,-1.2076499769856999,5294395.431622196
7482,-2.0363975165923462,12635442.827171098
7483,-0.23033768399665194,1727155.1317136681
7484,-0.8997531720718741,3731836.019297868
7485,-0.19253737082765263,1654839.343175853
7486,1.4039541701568747,376033.71410660044
7487,-0.41937946514842317,2143571.2747237203
7488,0.9410129653412779,530071.3708759028
7489,1.726265615176777,310986.7202158258
7490,0.21929524202408063,1053553.5712561968
7491,-0.351711662138515,1983405.615583752
7492,0.2031324688248801,1071720.15441414
7493,0.24392937814795776,1026576.587682743
7494,-1.959255890692687,11721493.894003974
7495,0.045025554027307124,1270596.9867125992
7496,-1.5177523344142203,7440942.529137951
7497,0.2025321687654573,1072402.1207341102
7498,1.4443700704299227,366381.7203366046
7499,1.2236210175875735,425598.9349590339
7500,0.7472726171270277,626903.8905634762
7501,-0.934786925667587,3884937.021651627
7502,-1.6999760723725432,9019331.945389258
7503,0.06080804899781401,1248905.3083209759
7504,-0.8701473849823755,3606957.383569014
7505,-1.122303146840486,4809733.522874667
7506,-0.2203004988219228,1707622.8001297868
7507,1.2312502268575405,423265.9555898134
7508,0.8433525478071862,575876.3750197011
7509,0.7813198523429971,608096.9375631836
7510,-0.6775345514809028,2887948.2476808643
7511,-1.7150211310533219,9161088.721964655
7512,-0.7911250624558808,3293009.8696298273
7513,-0.0475014600464399,1406833.0710154877
7514,0.9386265818265996,531123.6888212691
7515,0.27231280962916066,996528.8225545979
7516,-0.6963212743072192,2951375.2906781635
7517,-0.6175946621903698,2694524.881405576
7518,0.8088652020949093,593472.2704572289
7519,0.8650359778278779,565205.413485071
7520,0.9246842835458052,537336.4628199955
7521,0.8975361294729085,549756.8320874749
7522,-1.546482437944331,7673245.843212548
7523,-0.4338173272160986,2179468.2652280843
7524,0.17513687209466355,1104086.4374747842
7525,0.13256222460160727,1155573.8520348244
7526,-0.9494069102961092,3950574.183939942
7527,0.28716023226330883,981240.0890768239
7528,0.8359893477308155,579568.0482840607
7529,0.754358303994318,622921.7996618213
7530,-0.5168479394933206,2398374.783172766
7531,-0.989979067891812,4138249.1164265187
7532,-0.034038974687865625,1386011.5356164724
7533,-0.16632744035212202,1606645.3203047721
7534,0.5343883519673488,765159.9825594868
7535,0.6672269550514989,674502.1925105121
7536,0.7641545462784475,617475.8026226683
7537,-1.4307070793946373,6773234.510157349
7538,1.2187801807646592,427090.95587597
7539,0.26942198851933824,999539.5032025301
7540,0.18780080297770488,1089302.2497959104
7541,-0.10045474727160085,1492227.5854557434
7542,0.2806976905064603,987859.0235078526
7543,1.406419600829816,375430.85858560854
7544,0.3118098072140843,956490.9699831066
7545,-0.01684391944862465,1359924.1259319647
7546,0.2419159608566667,1028749.7716776426
7547,0.25669223597001395,1012930.3215182743
7548,-0.1881237001656018,1646613.6767373958
7549,0.8792268638439553,558380.6952938492
7550,-1.589945027776983,8036236.548966976
7551,0.3609985032069482,909380.3047586593
7552,0.4267601058274887,850867.912701927
7553,1.1128541769905809,462138.60564598686
7554,-0.7086531607855728,2993758.3766197404
7555,-1.503723163242781,7329684.88042769
7556,1.1210858126924736,459242.9827600413
7557,0.2598751236050092,1009561.6746348123
7558,-0.7575798632217582,3167908.950609226
7559,-0.938718236998201,3902484.6472543324
7560,0.36158709590201543,908834.3805369178
7561,1.0926722707863301,469367.5340713531
7562,0.9106001195055731,543726.0865147992
7563,-0.3335088203235088,1942513.5051622873
7564,-2.4300092793104304,18124041.872559458
7565,-1.2641194032900178,5638837.159738786
7566,-0.8499811033513774,3524199.2081965595
7567,0.8723992453130378,561648.7507229361
7568,-0.8497236820524766,3523154.7001705477
7569,0.16114712630880784,1120698.092672478
7570,0.6286177213522474,699273.5787902178
7571,-0.28731032235422105,1842710.1840490075
7572,1.476310430243129,359090.89589909074
7573,1.2212186143807586,426338.25108268677
7574,-1.5157062973138065,7424627.991882023
7575,-1.0159767246105706,4262872.288039815
7576,-0.16004464232583132,1595323.5487587298
7577,-1.9573050526842952,11699051.041482968
7578,0.8760159645637993,559914.0361986667
7579,0.5401242223226354,760916.937958857
7580,0.2888595429068015,979508.7288513172
7581,-0.4459735576875016,2210178.201616306
7582,-1.2113321787298563,5316266.442821959
7583,0.7394716922414238,631330.0988898807
7584,-1.3158457251620725,5971715.908843308
7585,-0.633274684001844,2743834.738253186
7586,-1.7662241742745677,9657086.327663805
7587,-2.5496757437383413,20068953.758931994
7588,0.18657422078844696,1090723.7785957542
7589,-1.035357713701148,4358048.131445221
7590,-0.2608051352233058,1787944.6613906925
7591,0.13791497709143877,1148946.2417460505
7592,-0.1823167766418334,1635859.670851807
7593,1.1365602339904222,453880.8995164045
7594,0.7173186080148866,644144.4678389643
7595,0.30773310292444805,960530.3950114767
7596,-1.1444507555129908,4931467.390514641
7597,1.103448586155836,465484.4983150817
7598,-0.12355458494570426,1531286.862116528
7599,-0.07663515483000694,1453114.0725481822
7600,1.3690854047472418,384762.2682656797
7601,-1.8299875947803537,10304548.299155397
7602,-1.6603910520957363,8654871.429353548
7603,0.44651254957371933,834236.7988468766
7604,2.627499298870785,219902.00410833242
7605,1.5077999530266324,352181.31507178134
7606,0.08919791508364634,1210960.030169674
7607,0.8366606481237695,579230.0324951225
7608,0.13712291646834718,1149924.1057729826
7609,0.4729340374768562,812640.6757230763
7610,0.06591622733147998,1241976.8115072427
7611,-0.21917692199777444,1705451.3299493035
7612,0.8117341892974774,591978.5805286079
7613,-0.11196805158384623,1511554.6260350079
7614,0.7167944242968594,644452.1236875762
7615,-0.28674554715048106,1841524.5971671746
7616,-0.4664485452158782,2262924.1658645766
7617,-0.637885878467699,2758507.3717763587
7618,-1.2142766939971552,5333814.296121807
7619,0.3952359138376133,878300.8073441152
7620,0.2435893491608837,1026943.20597239
7621,-1.5849351270689291,7993676.725090684
7622,-1.8973294260016178,11025019.245954238
7623,0.3007292521999107,967519.6481394601
7624,-0.8278838700280247,3435616.2823687345
7625,-0.589068104554562,2607091.421719067
7626,-0.20617454466153073,1680540.2365532005
7627,-0.5514559368750095,2496180.7322986345
7628,-0.35212772836750883,1984350.9031097558
7629,1.0517294144154898,484615.8802938134
7630,-0.4006842762860325,2098005.3892126936
7631,-1.6134123652355585,8238113.798763678
7632,-0.32532739688938767,1924426.9421791928
7633,0.24000751106310497,1030814.827425099
7634,1.263743986690338,413577.56338746723
7635,0.556663971584381,748855.7842423758
7636,-1.6549562083353024,8605787.780814981
7637,1.6711083158740734,320366.87656159635
7638,-0.10645060380521988,1502257.9908511224
7639,0.19555313567317947,1080369.0429282435
7640,-0.02198656355811827,1367667.245063721
7641,0.3857179595407555,886804.2083531416
7642,-1.5323350595866563,7558101.341455181
7643,1.0893414915179063,470578.52718874137
7644,-0.979139364025126,4087302.978581412
7645,0.04311257127188523,1273255.7478787994
7646,1.0028186383699376,503906.43231585575
7647,-0.1773669839422443,1626753.8766439608
7648,-0.27216663408918,1811202.2981809417
7649,-0.3443060718963158,1966660.0062667914
7650,-1.0801276001891726,4585497.309993096
7651,0.3156792995513324,952676.3322569107
7652,0.31028280835436467,958001.5343352093
7653,1.137714656362817,453485.0866643105
7654,-0.8280305360762383,3436197.085974321
7655,-1.0918269173365738,4646716.272495938
7656,0.681577820852196,665604.06488235
7657,0.8630203794301632,566184.8734968012
7658,-1.1883568421709017,5181120.508097445
7659,2.0298627735377144,269212.79071155767
7660,0.7038435294363304,652119.5624283717
7661,0.5963470194961549,720943.8730840135
7662,0.10256211106941165,1193564.8190212303
7663,0.936263907976009,532168.7228555505
7664,2.001311463234907,272526.69630844344
7665,-1.5486231330829157,7690796.737769703
7666,-1.0016681673660504,4193854.439104288
7667,-0.9322646285724294,3873718.008436366
7668,-0.580073967718146,2580122.9620953863
7669,-0.9871241476472834,4124773.599270547
7670,0.4653770299949273,818742.804716591
7671,-0.32477759317085797,1923217.945649796
7672,-0.3476849642036355,1974281.724569292
7673,-0.004334385415349694,1341296.754640441
7674,0.1286102536718977,1160496.0742921766
7675,2.0561940753247634,266254.1500214932
7676,0.6094752043385779,712019.3375192438
7677,-0.1526809505368641,1582165.9043090849
7678,1.0975177128199296,467614.9845586836
7679,0.10811880956471796,1186418.4122482003
7680,-0.9707255488363861,4048165.3176836837
7681,0.06324381267580444,1245595.9645780525
7682,0.5722412389139966,737728.8959763589
7683,0.5532089648076627,751354.0806770367
7684,-0.1819374062346532,1635159.7916144917
7685,-1.27654007654375,5717230.414085349
7686,0.005099349130801191,1327442.194585934
7687,-0.7094402650145033,2996483.8986277976
7688,1.2770331400890607,409728.3278192893
7689,0.8568389973765962,569204.4951738905
7690,-0.4317833907065749,2174373.5476420997
7691,-1.7484892167160786,9482902.621443218
7692,-1.1269838390815694,4835229.7048940705
7693,0.5195403156242646,776290.2404366967
7694,-1.5494000375603512,7697174.6772625
7695,-0.7821496102180588,3259072.879499249
7696,1.3381001200110056,392845.5036815567
7697,0.8842902970345763,555975.4803120737
7698,-1.0015108425416823,4193101.417702734
7699,0.8054295753430062,595268.2284759906
7700,0.1286518600708643,1160444.124214684
7701,-0.8544700024191157,3542461.2666155053
7702,-1.9050834061657438,11110432.51105147
7703,-0.0462314822548954,1404853.81522057
7704,0.2057892615142774,1068708.1882114988
7705,1.1159108093628018,461059.8431039157
7706,0.6824252751194657,665083.7288382498
7707,-1.334783509723457,6097859.349688894
7708,0.07085375162988146,1235322.2220120847
7709,3.2817728621973505,192071.71428086513
7710,-2.309822620666994,16300140.220616361
7711,-0.42089386463987205,2147307.388528795
7712,0.5054280254053947,787067.9260285961
7713,0.09735598555577185,1200306.2252633204
7714,0.01921632904825942,1307014.9801837185
7715,0.7229261554955111,640866.2111918946
7716,-0.15627026296074337,1588564.3532751536
7717,0.5608924950671341,745813.2430274535
7718,-0.09107174999746759,1476680.8414704942
7719,-0.8034636856129358,3340225.142565514
7720,0.035682417959241555,1283643.7242920147
7721,-0.0849202245273254,1466586.839793037
7722,-1.9577746190152747,11704450.030438984
7723,-0.10638941114773057,1502155.2426296407
7724,1.3255617755230025,396206.87981454673
7725,-0.8192287166797115,3401509.131950652
7726,0.22546021181170503,1046722.4376877121
7727,-1.1282395296866894,4842090.562750902
7728,-0.014766348562356037,1356810.1690279585
7729,1.7528096180975596,306692.96979541227
7730,1.5043252819834132,352930.5325054238
7731,-0.17665295905112374,1625444.9371741058
7732,1.647954682321448,324497.31326477573
7733,-0.9645431342648089,4019632.324108059
7734,-0.6226058811580883,2710186.4107924756
7735,0.03641895979092529,1282609.6181280636
7736,0.4952295623879469,794979.3070592993
7737,-0.5491668093586145,2489587.405363365
7738,0.13349817191477933,1154411.7359218309
7739,0.2599054825577498,1009529.6098491022
7740,-0.41875640487402577,2142036.1211095667
7741,-1.0016266700184007,4193655.8034205427
7742,1.4617192045466445,362385.5511880642
7743,0.8423525113902632,576375.7163893635
7744,-0.401682350177848,2100412.170720657
7745,0.05667572293684112,1254543.0617309336
7746,0.08852666137106119,1211841.5514284715
7747,-1.2402451635820977,5490839.63938678
7748,-0.6901302581348755,2930322.1745218677
7749,-0.7637037749629518,3190395.1830657404
7750,2.0531497454225662,266591.5368987649
7751,1.8545635095541086,291458.24254846433
7752,1.140742079211542,452449.8365937649
7753,-0.676306624790928,2883850.0221408335
7754,1.4774209931281443,358842.5776553724
7755,-0.08752998885512853,1470859.7068806756
7756,0.17299217173943537,1106613.9207213216
7757,-0.8202074900755323,3405349.667517633
7758,0.003011111972825195,1330494.8454382024
7759,-0.10245725815490705,1495569.2172486212
7760,0.3334099807421277,935436.9450020976
7761,-1.8597491322193584,10618263.972090878
7762,-0.6434173196900702,2776211.9186587557
7763,-1.2482369436269,5539990.248882422
7764,0.4521529152314458,829564.7380713902
7765,1.377611097960354,382592.7170379064
7766,-0.42351177867451645,2153781.993881862
7767,-0.06894778442492246,1440737.5853662281
7768,-1.2376233368141343,5474800.185062389
7769,-0.14171221038671106,1562788.5501290895
7770,-0.3050069654535774,1880277.14024656
7771,-0.5929144378628919,2618711.3256207383
7772,2.693800133484191,216182.73861261975
7773,-0.7671460456244849,3203103.25317849
7774,-0.5329669501056766,2443432.042052674
7775,-0.7955218978414014,3309760.00609217
7776,-0.4403761863048528,2195982.1507923054
7777,-0.6781273412732778,2889928.765398913
7778,0.902582979867759,547415.0747780112
7779,0.5807304268363576,731758.3133993723
7780,-0.7624729365328679,3185863.1916703642
7781,-1.4047139380511717,6584101.740437684
7782,0.9736086804534961,516014.78929621616
7783,-1.6168081965413061,8267671.96320142
7784,0.5450610301935861,757289.9883518011
7785,0.24756592937664804,1022665.616588989
7786,-0.8890429502187545,3686189.944243806
7787,-1.8842493765860333,10882092.805446547
7788,0.8288972438920598,583156.9416944057
7789,0.095874442783196,1202232.8239700836
7790,-1.8046290556377136,10043052.012580868
7791,-1.0074584756559595,4221657.4190078685
7792,-0.5862282338606056,2598545.5415268536
7793,2.4815302595732254,229085.84434778296
7794,2.7097511881463685,215326.05896042928
7795,-0.2781498982048787,1823581.2536821675
7796,-1.0450624861523574,4406445.651340524
7797,-1.0376578417427058,4369473.952472839
7798,0.42864696098906174,849260.9192276538
7799,1.048096760033244,486007.6015479715
7800,-1.1425344269333515,4920824.297502534
7801,0.5215261815167008,774789.2639323296
7802,0.7074140585191208,649992.899270115
7803,0.8816017645172184,557250.6335942099
7804,-0.13571590896796154,1552306.7139183164
7805,-1.3959154768951756,6521125.437558108
7806,-0.5289109887517449,2432013.523643149
7807,0.26710793702634883,1001957.53733507
7808,0.06971232839916906,1236856.8904326065
7809,0.5967521219427919,720666.2235345931
7810,1.1735498953687082,441482.42130224267
7811,0.4741896685795339,811632.5128041605
7812,-0.8023335999204428,3335873.5040731383
7813,0.9228649644437514,538155.3733384352
7814,-0.21582613334312192,1698993.304837433
7815,-0.2702498541706071,1807255.7768442826
7816,-0.8358656210306069,3467362.6219980544
7817,-0.9415914416315913,3915356.799790212
7818,0.4262303047085375,851319.8339596088
7819,1.035602107662657,490843.99749058724
7820,-0.25404775662265894,1774264.9572931346
7821,2.4611552618775483,230488.1482707794
7822,0.45861416769499375,824254.189459295
7823,-0.4165194017719943,2136533.850690371
7824,-1.4668645406647451,7044093.460748371
7825,0.39715964730862674,876594.7230350091
7826,0.5734247516878079,736892.5934272337
7827,0.7986328522551464,598844.6170815321
7828,-0.35142020560632586,1982743.721008998
7829,-1.2459394838881814,5525820.423749006
7830,-0.7496390537842558,3138982.3368492555
7831,-0.18946828044249492,1649114.785775214
7832,-0.3866909572989193,2064564.7784583885
7833,-0.7804159806421653,3252557.2577108606
7834,0.1712288262666415,1108697.1640926106
7835,0.8086107704527123,593605.0018867288
7836,0.5812202321429922,731415.8121655522
7837,0.01136124743910113,1318336.3706942284
7838,-0.3337586198188961,1943068.5713379472
7839,-0.5813589083967489,2583958.4340293556
7840,0.22929292743776122,1042502.6034060931
7841,0.07765872525981399,1226218.674701133
7842,-0.11117280614501142,1510210.7248589601
7843,0.8585580044651032,568362.350698996
7844,0.7609637210562917,619242.1435188795
7845,0.17047442255761758,1109589.8582785232
7846,-0.40246379937681415,2102298.5991940848
7847,-1.4024910310260734,6568141.399442645
7848,-0.5075630750180155,2372808.328586027
7849,-0.797921638782988,3318936.9594230466
7850,-0.20634237273815967,1680859.2350072465
7851,-0.3535407062095104,1987564.7024767941
7852,-0.8056675655330705,3348727.5191507232
7853,0.495587623546482,794699.7819262154
7854,-1.798541277218304,9981064.883236213
7855,-0.2017937827523826,1672236.8794785254
7856,-0.7101001789705602,2998770.88605959
7857,1.3677430509379196,385105.97809658584
7858,-0.056303546892328075,1420638.0994674193
7859,-0.36387002085330766,2011226.6097156631
7860,-0.389103372405669,2070289.654828596
7861,1.1732645714802166,441575.8489743324
7862,0.6737056932118359,670464.7557095182
7863,-1.1197469169654843,4795861.4731091475
7864,-0.8090327732930869,3361750.7367348387
7865,-1.4337114084607914,6795393.989577131
7866,-0.00992033453080365,1349578.3044768104
7867,-0.9798566268245774,4090655.800144408
7868,-0.8063812011536169,3351485.1632986213
7869,0.9170627838900879,540779.8282040269
7870,-0.8080954515575897,3358118.4101402713
7871,-0.7527232341097528,3150186.4427051116
7872,1.1413460768989905,452243.77082008676
7873,1.9773054295293193,275401.2165349295
7874,0.02843290407508694,1293873.5434647312
7875,-0.22676658638426378,1720178.0748307651
7876,-0.22268666790550637,1712244.4011304667
7877,0.471142739513718,814081.7538020463
7878,-2.221116028023471,15037662.430762718
7879,0.6443923622219189,689003.7506736297
7880,-0.30495589071952,1880167.544286148
7881,-0.2546448731456129,1775469.197863271
7882,0.024454275574430282,1299527.7202164473
7883,-1.0712809122952793,4539700.031236068
7884,1.480846425614062,358078.82119518175
7885,-1.0317756505043005,4340309.65563992
7886,1.3935073334553878,378608.9505355625
7887,1.4371305059829815,368075.0165458814
7888,0.5815273895262957,731201.1394521518
7889,0.5929992551330159,723243.9179901107
7890,0.13327304936173393,1154691.1323932235
7891,0.3391578131612733,929931.9660906477
7892,-0.8929976968907574,3702982.312530772
7893,-0.5286488247238337,2431277.348392632
7894,-0.6205479607975797,2703743.7641153466
7895,0.19966721340158483,1075664.0348019926
7896,-1.3638701405583666,6296158.818723389
7897,0.23907094602766987,1031830.089957532
7898,0.6837002189314397,664301.9827862759
7899,0.6682875350246815,673838.95123355
7900,-0.6635783960868945,2841708.79886615
7901,-0.9079549215818177,3767155.2288180627
7902,0.7731785161362431,612519.4518063101
7903,-0.7710737161560735,3217663.75936489
7904,-0.23697775564027493,1740210.096406755
7905,1.9338341267133574,280820.3062553879
7906,-0.06286935852342022,1431035.4675403822
7907,0.47572770124851216,810399.822497621
7908,0.5665355417521964,741778.622731122
7909,-1.7983491633183684,9979113.695095047
7910,0.3546023892919604,915339.4111810137
7911,2.4350839980318346,232329.19946023886
7912,1.2288788254484524,423988.71117687464
7913,0.8679445023654198,563796.5007034208
7914,1.0602134503474177,481390.5167415994
7915,1.1147052973633402,461484.7980881693
7916,-0.987737927589694,4127667.2249377393
7917,0.8080118950322309,593917.5933567985
7918,0.09817241672973333,1199246.0839709302
7919,-1.4434174929133232,6867411.525121821
7920,-0.3581688041218223,1998129.900666675
7921,-0.022095630540265487,1367832.0067209643
7922,-0.8053543330035842,3347517.815743635
7923,-0.3861764972113745,2063346.0745767462
7924,0.31657423307238436,951796.7755215308
7925,0.3470920345086116,922399.3396734493
7926,0.49763434808823304,793104.448940543
7927,0.40214489397649444,872193.0695598032
7928,-0.9374095882650006,3896635.1020392436
7929,-1.5885167794989852,8024084.17228494
7930,0.29117858457428375,977152.0191811639
7931,-0.19554287321936373,1660466.400759388
7932,0.024475429431211226,1299497.5825471492
7933,0.08243450201182799,1219876.438781264
7934,-0.492270577533914,2331308.3091506325
7935,0.33377356182137163,935087.5222931288
7936,-1.4828858197513544,7167043.60393338
7937,2.29922015314119,242842.65858894264
7938,0.2214584652309225,1051150.4719380978
7939,-0.06465331399520573,1433875.2834978628
7940,-0.8557686718502678,3547761.5629337914
7941,0.4202385712695631,856452.2682870397
7942,-1.683400733928214,8865227.263834355
7943,-0.19066744233534247,1651348.9101796802
7944,1.6543406280267685,323346.3556188016
7945,-1.1549173781752,4989968.749279362
7946,-0.16533038810380515,1604842.7069924227
7947,-0.38926216135481445,2070667.0603586736
7948,0.35967294840397196,910611.2780101222
7949,0.3341423223576834,934733.2881844359
7950,-0.4584203447896393,2242088.63291206
7951,-0.6773699800806676,2887398.652046268
7952,-0.08812916851309863,1471842.690466965
7953,0.06947405385228304,1237177.535644637
7954,0.21736116075299033,1055707.7462464385
7955,0.030674834013200574,1290699.9398823476
7956,1.2429105371605467,419743.46904884506
7957,-0.2272482687819126,1721117.3746387677
7958,1.8664344561258213,289799.95266664325
7959,2.2546788684713777,246656.63190872903
7960,-0.6568904612260275,2819812.5772180124
7961,0.6421207910434754,690469.800569793
7962,0.3645057806568825,906133.362033531
7963,0.5805255048873079,731901.6711946024
7964,0.29355343726240296,974745.8337291715
7965,-0.7615010832118394,3182289.243910156
7966,-0.8585620819287784,3559188.2402462126
7967,-0.3613677730032735,2005467.3575649133
7968,-0.24319292259381972,1752526.7362738205
7969,-1.7566425362150007,9562664.430489393
7970,1.4380123347278757,367867.94204661367
7971,0.552312386121626,752004.2094382067
7972,2.4160085668214357,233710.40435079724
7973,-1.85812939339843,10600999.819852443
7974,0.9808722997214423,512961.45943761565
7975,0.6160137950053558,707630.3532180977
7976,-1.0107779425002885,4237673.927460602
7977,0.36184613192366116,908594.2532872355
7978,0.17432208852166742,1105045.8291151242
7979,0.7108206194273882,647972.9833700568
7980,-0.5054676073040344,2367077.1303338865
7981,-1.0243651700179752,4303825.880859636
7982,0.47224422310420094,813195.2301882743
7983,0.5766942984584609,734588.8525886203
7984,-0.38199660186981527,2053472.3477570633
7985,1.0424678412101809,488176.89245078905
7986,0.4117541724535711,863787.8152296584
7987,1.669560186051294,320639.40471011377
7988,-0.3353493924695855,1946607.3020647701
7989,-0.8424886393725217,3493919.5749958055
7990,-0.4899338765935077,2325033.2050808063
7991,-1.3639500133731444,6296711.029377778
7992,0.3540404702214478,915865.2785152321
7993,0.5630767203492056,744248.105891587
7994,-1.0940446129848889,4658405.296710776
7995,1.1991068290015814,433249.50469507993
7996,0.6658293595422082,675377.5724046009
7997,-0.318536491590898,1909550.6247730262
7998,0.2296511139571722,1042109.2931266826
7999,-0.2844595563822047,1836734.1642189042
8000,-0.9877368130180818,4127661.9686363894
8001,-0.45518165965950375,2233739.693155487
8002,0.3333860521854985,935459.9474601946
8003,0.1900288957148292,1086725.7147098714
8004,0.5489050683066553,754481.784562727
8005,0.40599235065618944,868815.2312117423
8006,0.08415480941506615,1217601.25405006
8007,0.5120318805722387,782000.1331507602
8008,1.937963782816645,280293.33754711086
8009,-0.24916719858378877,1764455.1015203753
8010,1.1044809623993168,465115.2881090928
8011,0.022915191052366283,1301722.597159661
8012,-0.27324144096228403,1813419.3150573692
8013,-0.2710484163600387,1808898.8357871065
8014,0.056331582265001214,1255013.9052789921
8015,-1.9257891692104532,11341024.138326587
8016,-0.8125837885506577,3375546.2926452905
8017,1.493318514327203,355325.31149697525
8018,-0.8181412214426971,3397246.9091337738
8019,1.1742621672936095,441249.33937695005
8020,0.43904560437023593,840474.206841234
8021,-0.708254626002968,2992379.296618982
8022,-0.4015339541446112,2100054.141416195
8023,-1.9477916132444566,11590076.632167231
8024,2.798744094504061,210798.5223984053
8025,-0.8082549857299122,3358736.370937624
8026,1.4820125619252325,357819.5541180873
8027,-0.21753949616241577,1702292.1588172896
8028,-1.3979834433894727,6535880.076253092
8029,2.5495181417343646,224627.13274526162
8030,0.7475082178436652,626770.9012535802
8031,1.769459548123566,304069.67622999486
8032,0.8057359289508802,595107.7615270715
8033,0.166306847410994,1114536.882032065
8034,-0.8790819986161656,3644216.4605602124
8035,-0.5905176364390152,2611464.3749558884
8036,-1.818798527695359,10188511.416887185
8037,-1.293059240498415,5822990.355931033
8038,0.20356698891805533,1071226.8468965276
8039,-1.9515989671373082,11633595.45395051
8040,-1.0959862419727804,4668661.42907398
8041,-0.7701216002766839,3214128.1845896477
8042,-0.18916620716563262,1648552.524274972
8043,0.2519458960353822,1017979.2022952434
8044,-0.3341679607972814,1943978.5108690115
8045,-0.8958783952274645,3715260.096602134
8046,-0.664081784304684,2843363.7313627475
8047,0.40405147846638495,870517.1149389184
8048,-1.3515099365218877,6211213.284054729
8049,1.522580875828448,349030.10075918486
8050,-0.8613501055568544,3570628.149997242
8051,1.3119396117927464,399919.38183232496
8052,-2.014920504732047,12375775.307375316
8053,-0.09907225472637222,1489925.4624666967
8054,0.8378072479618621,578653.3652068304
8055,0.8847813163899584,555743.0673397947
8056,-0.7596032897134436,3175321.501606236
8057,0.1998275850214514,1075481.1274900804
8058,0.5680196094537968,740722.4139175278
8059,-0.7396531673353227,3102973.549683968
8060,-0.7253305005214779,3052034.313040829
8061,-0.7205613378769988,3035256.0149990725
8062,-0.43859729767243694,2191490.429614706
8063,1.8960274499336962,285767.70295835467
8064,0.12873542811581276,1160339.7887934067
8065,0.40516303227146805,869541.9126599156
8066,-2.0635455714710966,12969477.378634373
8067,0.16225743505141643,1119368.8559065058
8068,-0.6248279440020907,2717160.250756031
8069,0.4762309872738626,809996.9820319746
8070,1.8396564038196146,293574.5661777531
8071,-2.5018638964499456,19276557.019781765
8072,-0.19688060799860888,1662977.7128072132
8073,0.2820346271262109,986485.2374881952
8074,-1.2986527129688,5859192.013108401
8075,0.2951438321190586,973138.5420842273
8076,-0.663868467660745,2842662.3170966245
8077,-1.0994270212997328,4686887.426173745
8078,0.7141252305799461,646021.9582596178
8079,-0.9866616722196623,4122594.546554611
8080,-0.44700426319106584,2212802.665176066
8081,0.9366173582659029,532012.1871919266
8082,2.0520191972652855,266717.13815042673
8083,-0.6854993503549891,2914671.7882846603
8084,0.5448183696442144,757467.7269833739
8085,1.1336117710438502,454894.4668338241
8086,-0.7438519182732984,3118064.4267115267
8087,-1.3869975274212734,6457827.819691051
8088,0.09646452057779839,1201465.0528252532
8089,0.4968078528636597,793748.1604797201
8090,-0.5197830076706261,2406515.3217923385
8091,-0.6768012899993936,2885500.279367748
8092,-2.1882555572468845,14588005.571172496
8093,0.4363532792139102,842737.9295040335
8094,1.4756122068721365,359247.1922681555
8095,-1.2488023026873736,5543482.132907486
8096,-1.2831583112533316,5759395.7226252295
8097,-1.3037201586831433,5892160.876348651
8098,-0.6408603899925436,2768013.828670901
8099,0.524611774298345,772464.6780344497
8100,-0.40488027739621724,2108143.25826067
8101,0.4812518202683409,805992.4496611089
8102,-1.5103872409451042,7382356.940520306
8103,-1.0803032235561554,4586410.772160575
8104,-0.7891937966344567,3285678.6420204
8105,-0.33892342532205516,1954582.8771376887
8106,-0.31640860398891546,1904914.4976338267
8107,0.30216080333851014,966085.977507659
8108,-0.21153789111338647,1690767.374320414
8109,0.5984260593290159,719520.4724807704
8110,0.6135776688953126,709261.2701618134
8111,-0.7452628660777676,3123151.7255965075
8112,-0.7112353064318094,3002708.8017010395
8113,-0.6061530177613028,2659106.7916872264
8114,1.0097895862656392,501082.94552485883
8115,0.058142267437844626,1252538.8731264975
8116,-0.1462658279005759,1570800.8959234855
8117,-0.007561802565978465,1346074.5155230325
8118,1.5725011780613274,338804.33212948637
8119,1.5625031907252336,340802.0333911236
8120,-0.03709880257780866,1390713.1102901355
8121,1.9836240469417938,274636.6465176663
8122,0.5255581963069845,771753.522084658
8123,-0.06985375576798668,1442189.9932818662
8124,0.47959715194430114,807309.329351539
8125,-0.11250495705960983,1512462.7075458087
8126,-0.9863645653775716,4121195.23359926
8127,0.608465597932615,712700.3272366644
8128,0.8938274792625805,551487.3392542023
8129,-0.9833206473937636,4106884.657309957
8130,-0.5323338100020033,2441645.994576746
8131,-0.7438818330734418,3118172.2027360694
8132,1.062292634883657,480605.3822967486
8133,-0.8026569902206708,3337118.2254450833
8134,1.720427842292925,311949.83267636586
8135,0.27898859005688936,989618.6581489248
8136,0.3001197574684919,968130.8436142257
8137,0.2021716418373678,1072811.945692954
8138,-0.6713427930356403,2867342.029002015
8139,-0.8997769420726393,3731937.922477576
8140,-1.1665671967316933,5055824.862201144
8141,-1.357526958392257,6252439.285689901
8142,0.5512521432377762,752773.9834740624
8143,-0.07908521996753629,1457083.7134016012
8144,-0.0929424131224835,1479765.8246065946
8145,-0.47203043472025596,2277528.9080932317
8146,-0.6198365286567078,2701520.09482684
8147,-0.2533553140861017,1772869.5729114446
8148,0.11631752218946376,1175965.7568208766
8149,-0.013900214338898957,1355514.370022148
8150,-0.7666720405926515,3201350.4014821295
8151,-0.14495417779231487,1568488.3198753183
8152,-0.6583007343308436,2824415.7469581896
8153,1.8340452352553294,294381.0866331884
8154,0.928533245992504,535610.2452852345
8155,1.5142185849407979,350805.78942530905
8156,-0.608019707971492,2664853.042900955
8157,-0.3762838734594116,2040058.180611777
8158,0.65499160488472,682219.477494714
8159,-1.1159652179147928,4775406.257316769
8160,-0.0890738150638878,1473393.9258109282
8161,1.875435131779476,288558.32795948087
8162,1.1858409243624712,437489.70507431973
8163,-0.282773636889937,1833209.7957317976
8164,0.155468990641733,1127525.2770024922
8165,-0.34052527175966774,1958168.712774214
8166,1.4868584048716693,356746.19937946484
8167,0.0958296827890305,1202291.0862325795
8168,1.0925503042748876,469411.7877483784
8169,1.8074139747928668,298284.4284335235
8170,-0.15168183072819383,1580389.9047970492
8171,-0.6559870311534427,2816867.69258068
8172,-0.34366237164649005,1965211.564462987
8173,-0.38686511521262834,2064977.5124973953
8174,0.7175699356207776,643997.0312646158
8175,-2.516365283628226,19514746.985279858
8176,0.902965521423557,547238.1907594714
8177,1.6280748110871481,328138.7192439228
8178,-0.9122595208429448,3785819.318108128
8179,-0.7921248917315397,3296811.548014077
8180,-1.5652726887516817,7828455.623021283
8181,-0.9238175829975752,3836369.4374398342
8182,1.4614479428876617,362447.37018033885
8183,-1.0741644689659267,4554580.953018158
8184,0.15177596718926434,1131992.1863616868
8185,-1.2773178441328794,5722171.380331915
8186,0.16690509761443065,1113825.1280055242
8187,-0.4775709020692146,2292121.706192815
8188,1.0021316624544334,504186.0454663062
8189,0.4927904243147457,796886.8821767232
8190,0.8337665405751995,580689.3659220315
8191,-0.13523406455053463,1551467.815678174
8192,-0.9246761560939092,3840149.9548626146
8193,-0.29750123309232324,1864244.4654609994
8194,1.217463502254217,427498.35938424483
8195,-0.8995902983491704,3731137.842912432
8196,-0.5437050929197071,2473927.733718798
8197,0.7179586845125839,643769.0729550823
8198,-0.5566898571093196,2511322.7708739694
8199,0.8487464761699717,573194.0833324868
8200,0.5326854586205594,766425.7202014622
8201,0.15753818852029738,1125031.6326314649
8202,1.0590882196784581,481816.29074772244
8203,0.7722838076811263,613008.3008222514
8204,-1.103409282099429,4708063.289119596
8205,0.02063327205853757,1304984.6796311382
8206,0.9177328730230875,540475.7350116497
8207,-1.1216305889547604,4806080.156621116
8208,1.035343122590061,490945.06225519994
8209,0.4220531011247317,854893.7936101764
8210,0.6362406391314928,694284.7618801816
8211,0.48907603445813774,799803.3152861735
8212,1.1433857793259836,451549.0527525477
8213,-1.5142262062061398,7412845.034942881
8214,0.20085564115703872,1074309.495448965
8215,-0.12307710036433887,1530468.0477461175
8216,-1.2194692448798117,5364886.237376507
8217,1.5255581836857677,348402.3209389338
8218,-0.5765777281825494,2569716.062942904
8219,0.48892072006469084,799925.567528733
8220,-1.0629942436312798,4497185.439570701
8221,-0.8168950702046738,3392369.2242127405
8222,-0.5663658118432169,2539562.3548935405
8223,1.3089185498428106,400751.37942826323
8224,-0.22861322623258332,1723782.1267634984
8225,-0.9673146163985045,4032399.7258006195
8226,-0.1614310810880393,1597814.3624821377
8227,-0.3465521517368106,1971722.9703402822
8228,0.4100305638876887,865287.8321150852
8229,0.8642639169686669,565580.2896073405
8230,-1.4484444907935339,6904968.18803929
8231,-0.5487679969691168,2488440.530367938
8232,-0.4291631407594929,2167828.496251774
8233,-1.1543236543253987,4986633.414562157
8234,-0.8562018363384055,3549531.1449433328
8235,0.7408459965489795,630547.0997595201
8236,0.40104993926995414,873157.4303321512
8237,-0.6725875772462988,2871472.8978054747
8238,-0.5727476617989803,2558364.320053346
8239,1.1875039905682856,436954.2222630681
8240,0.9193311747641186,539751.4623478806
8241,0.04055954426866304,1276814.102416237
8242,-0.567189664404466,2541981.6517131506
8243,1.096314570942906,468049.1414874567
8244,-0.2406132264003022,1747403.095971405
8245,-0.6667217215435989,2852058.495230331
8246,-0.9808757032558458,4095423.8843031446
8247,-1.2059591273950008,5284379.526374478
8248,-1.0365418370829351,4363926.756841185
8249,0.32139416671867393,947076.9672424957
8250,0.3150269907923043,953318.0689188478
8251,1.8662441190548944,289826.35480691044
8252,1.1699854141492034,442652.02006171335
8253,-0.2840984980115421,1835978.769377887
8254,-0.6149702677577967,2686359.2192032095
8255,1.2668312863224243,412677.55684286734
8256,0.5019212474853094,789776.5801116514
8257,0.9702802992126974,517423.4060140927
8258,-0.43207026933620285,2175091.384507162
8259,-1.1912366521684605,5197888.554587007
8260,-0.4208853849295405,2147286.449643473
8261,1.1508734076009581,449014.15105084784
8262,1.4508450338905352,364880.16569134034
8263,0.44137413162765,838522.6758794
8264,0.47258568608856066,812920.6603174702
8265,-1.56864759311971,7856609.704181041
8266,0.25206134750100007,1017856.0277992749
8267,-0.44028400866329737,2195749.165555958
8268,-0.5682694265033528,2545155.9874316747
8269,0.1368426067138783,1150270.4072018575
8270,0.15984872867976824,1122254.8902495082
8271,-0.3621551822153979,2007277.8008198985
8272,-0.2579199394338562,1782089.9516929432
8273,-0.3524300072209658,1985037.9691723555
8274,0.13520260902187678,1152298.9747988447
8275,1.3495657209490437,389817.7267135358
8276,1.3890609308701702,379715.2872551924
8277,-1.3022214999661077,5882393.550318862
8278,-1.2285991856133007,5419913.64973885
8279,-0.26022157145692754,1786758.8057301813
8280,-0.7976219065782129,3317789.3899883926
8281,-0.06855089635979904,1440101.833199792
8282,-0.4659864547274882,2261719.481742167
8283,0.4201464556325432,856531.4821039684
8284,0.2277878441660861,1044157.2430706911
8285,-1.2815025944950849,5748821.21071957
8286,-0.22773523407010093,1722067.5433009895
8287,-0.524278150235528,2419037.716826655
8288,-0.8518434789117592,3531764.833806194
8289,0.4447322775477515,835718.4926535524
8290,0.15320668627772077,1130259.1638174374
8291,-0.4927660129078744,2332641.0190334725
8292,0.38722384826409506,885451.9068601072
8293,0.4276355158993629,850121.8603835147
8294,-0.757141236745879,3166304.3377804975
8295,2.6767407360006708,217114.95760298258
8296,0.7286809152355073,637526.3846825474
8297,-0.5937927519982595,2621372.074607489
8298,0.5943457295327303,722317.645748072
8299,-0.955621268632109,3978790.230351446
8300,-0.3291433922055975,1932840.503620136
8301,0.26594071814154385,1003179.9242314859
8302,0.38134820849658574,890743.1190819643
8303,0.7599503534579491,619804.629566611
8304,-2.938390958737922,27237252.32728328
8305,-1.0824591822373388,4597638.147337591
8306,0.8479347220908763,573596.5664340723
8307,-0.2062732441631111,1680727.8311715066
8308,0.7690875566534908,614759.2602219597
8309,0.10926580887263523,1184949.5335854045
8310,-0.09798215958845313,1488113.039696497
8311,-0.5939251106887462,2621773.2763719712
8312,-0.7029468356985487,2974072.133466185
8313,1.0218967693154293,496238.4254379634
8314,0.45163183528673756,829994.9429757182
8315,-0.04230257602844897,1398750.5663166125
8316,-0.3458044583725505,1970036.0358670175
8317,-0.14779108381989617,1573494.8280297809
8318,-1.1166045396601352,4778858.728071451
8319,-0.8917308198605666,3697595.0486815004
8320,0.9166090899945948,540985.8672812838
8321,-0.7116648420874112,3004200.2529343995
8322,-0.13816499166480842,1556578.388129575
8323,0.3594843939947746,910786.5487736365
8324,0.45979247846451593,823290.4754825627
8325,-1.3845951996099959,6440868.166164627
8326,-0.7713953322910427,3218858.902852732
8327,0.22108632513029997,1051563.4054703976
8328,1.0760519689341839,475461.722206659
8329,-0.8660146631012833,3589846.933947795
8330,1.7814907961816469,302206.865855648
8331,-0.6005521147879055,2641940.3287969283
8332,-0.5632110852009619,2530319.8977387547
8333,-0.6233740080303682,2712595.105271769
8334,-0.7777295519917096,3242485.7533584856
8335,-0.2236236365655015,1714062.8707597756
8336,0.43672653163299785,842423.6287209617
8337,1.5262737326721743,348251.7893162067
8338,0.8433636069446699,575870.8565178007
8339,-0.06267168549810333,1430721.1892941722
8340,-0.09149645228271958,1477380.6017450537
8341,1.084076484772506,472503.2621194487
8342,-1.6404877609984054,8476233.281440673
8343,-0.6272290803280703,2724716.364101585
8344,-1.82156078622938,10217061.1319238
8345,-0.21016722980866845,1688147.271111408
8346,-0.4028209809867668,2103161.4318529265
8347,-0.5391834703250497,2461039.504580801
8348,0.35660773173149385,913465.8158121902
8349,-0.8180190149453793,3396768.2682602727
8350,-0.6219021525641426,2707981.5428080573
8351,0.5436611316697902,758316.1190798625
8352,-0.9281753407264279,3855594.36943207
8353,-0.5348145776983201,2448651.7182823643
8354,-0.09908803167673341,1489951.7117875572
8355,0.47756847092191057,808927.699158669
8356,0.8206502363203078,587371.5614681051
8357,-0.14269207812465634,1564508.8531687693
8358,1.467030467831291,361179.34551897686
8359,-0.4920625416239839,2330748.9311642204
8360,0.127276991540174,1162162.2508370404
8361,0.7671031933279031,615849.9520582344
8362,-1.105383139555333,4718591.904851657
8363,1.424373319779381,371096.3626755285
8364,-0.6628094447734781,2839182.6581695145
8365,0.4699539434566728,815039.9606624047
8366,-1.0361779636102373,4362119.508870592
8367,-1.144045816270791,4929216.65304466
8368,-0.1529900558508926,1582715.8055307083
8369,1.1767400847526233,440440.1101340214
8370,0.8579095372676578,568679.817744899
8371,0.46302050211237716,820657.814966129
8372,2.07638180225634,264047.19571569754
8373,-0.5978242820776436,2633620.194102864
8374,1.9793114299039354,275157.8622227405
8375,-0.8342385752324,3460868.363152547
8376,-0.1986526294883681,1666310.708629609
8377,0.18601377187848264,1091374.0425037593
8378,0.24232035900558407,1028312.8352253222
8379,0.6637171304579434,676703.5524038475
8380,-1.365010794326646,6304048.881562423
8381,0.6997670737506669,654559.5362007095
8382,-2.018158439856897,12414664.782158237
8383,-0.3833885218875123,2056754.7984416226
8384,-1.0185872053758909,4275577.905966846
8385,-0.19207289282877119,1653971.5884342128
8386,-0.6395769712957687,2763908.0403503324
8387,-0.22030501331089106,1707631.5310862458
8388,0.9897680781925189,509260.44708230323
8389,-1.394423742642717,6510500.079782469
8390,0.3928418208869546,880429.9309746221
8391,1.4044950124867046,375901.3062226996
8392,2.770028088021293,212214.28143272217
8393,-0.479209027697014,2296454.7783117057
8394,-0.5800227340011405,2579970.1520718317
8395,-1.2518833443416015,5562546.442364884
8396,-1.6571070001801482,8625184.806579152
8397,0.45876565399819447,824130.2103927304
8398,1.3573168535961635,387795.40351692255
8399,0.9373480970141921,531688.7829186814
8400,-0.8865479635380571,3675633.3699008967
8401,1.06956953440036,477873.8251254354
8402,1.4611749334489517,362509.60858936154
8403,-0.534729229257517,2448410.3521783534
8404,1.8018563799907976,299114.9961942561
8405,0.12662898999518207,1162973.0776790432
8406,0.2584202948344562,1011099.7086806938
8407,-0.32941168501890883,1933433.511295091
8408,-1.9116879517696277,11183587.531743387
8409,-0.20457865381157178,1677510.1569170014
8410,-0.09374965342246559,1481099.3051625926
8411,-0.2795848565263779,1826563.5991476325
8412,-1.1447274370210527,4933005.782936137
8413,0.6849246958093794,663552.3874362814
8414,-0.5850920038537383,2595134.2835805565
8415,-1.4084902724661479,6611292.592156333
8416,-0.5342157134201334,2446958.6381711927
8417,-0.2083882501522062,1684753.2488883303
8418,1.422771455524972,371479.1539274702
8419,-1.0053166728778897,4211353.222497447
8420,-1.2818141361059507,5750809.606500269
8421,-1.623803702247979,8328839.479150789
8422,-1.7821181553102192,9815357.53306507
8423,1.1381764218159491,453326.9251338521
8424,2.628825158949021,219825.03505936413
8425,1.4605685767410408,362647.9165031896
8426,-0.3872689325078267,2065934.846633202
8427,0.6622933074013988,677599.412212605
8428,0.8736727184556348,561037.0272349039
8429,-0.018344518983887004,1362178.3595021055
8430,1.1735209922186693,441491.8839347884
8431,-1.1827086937825528,5148375.349095973
8432,1.7191974107936274,312153.7060573326
8433,-0.3460438942492697,1970576.080771362
8434,0.7080890252160381,649591.9751658913
8435,-0.5324842383922875,2442070.2224786086
8436,-0.3793419072815221,2047227.2857779576
8437,-1.0723277724536955,4545097.272593892
8438,0.4100685553946415,865254.7331657937
8439,-0.1295261594122043,1541568.4606934173
8440,0.297112738232001,971153.2474069138
8441,-0.7134102945049896,3010268.41629239
8442,0.7259480252933038,639109.3600312362
8443,-0.6082487713149096,2665559.032204607
8444,0.756540993089684,621702.4386557203
8445,0.04821373867159282,1266180.1440082435
8446,0.9800327017090719,513312.94492623047
8447,-0.2514993659687617,1769135.3860603715
8448,-1.2956287790297258,5839596.078336159
8449,-0.4961195435928657,2341682.596630816
8450,-0.20284703041557806,1674229.11717309
8451,-0.22734242975685978,1721301.0574484032
8452,-1.6370487021617361,8445676.441151911
8453,-0.2969096986238751,1862987.1529111625
8454,-1.766335667332811,9658189.412473194
8455,0.2473232357966851,1022926.0584560384
8456,-0.7080377813335557,2991629.1964533096
8457,-0.2613855991234095,1789125.060938099
8458,0.15845593635291427,1123927.731295289
8459,0.6393999026551205,692231.4866448989
8460,0.9334439985947426,533420.1409085899
8461,-0.7705284039819116,3215638.3395377565
8462,-0.6612517500830516,2834072.2163065206
8463,-0.438310034912161,2190765.984250255
8464,-0.7478559301837944,3132522.505745685
8465,-0.005279854343953181,1342694.385285164
8466,-0.342790971352182,1963252.5600250566
8467,1.2465877173068165,418643.3424793212
8468,1.9955911103308568,273204.2407513122
8469,-0.6339797800285373,2746073.2487159786
8470,-0.1633412902608857,1601253.1880585875
8471,-0.009295670203431597,1348649.3024812369
8472,0.02688482513645696,1296070.2020434735
8473,-1.1370175994634448,4890301.208740358
8474,1.0285422247344256,493610.98949849955
8475,-0.21501192928808402,1697428.1055440865
8476,2.195751343637809,252011.36853506646
8477,0.00453470792074726,1328266.8127551854
8478,-0.2369006307988661,1740057.8486351876
8479,0.8488085549719466,573163.3207353218
8480,1.7439091762301688,308117.24831359304
8481,-0.010672972273632784,1350698.5993954886
8482,0.5034654059137071,788582.3578004751
8483,-0.850658342324479,3526948.5848094565
8484,-0.8084466269850658,3359478.845430229
8485,-0.5007532408607799,2354235.079247142
8486,0.39582800076787394,877775.2593761672
8487,1.6469079409401048,324686.8334915502
8488,-1.5769598588300466,7926313.697187352
8489,-0.4726358118352042,2279118.6994679715
8490,1.2472567828326886,418443.72252962197
8491,1.5122303226805873,351230.70628463774
8492,1.1243426338748828,458105.6769727652
8493,-0.024848393898822336,1371997.9494206493
8494,0.818941092934507,588250.6130075346
8495,-0.9856280879551115,4117728.4961959086
8496,0.4135662840709019,862214.3541659076
8497,-1.3361243828716112,6106878.974518482
8498,-0.18402257920220497,1639010.677427029
8499,-1.3849436341321053,6443325.597232321
8500,2.0682976687492305,264924.6769913494
8501,-0.009273217763384875,1348615.9247658155
8502,1.2350630002020375,422108.4311071647
8503,-2.700785199396049,22705076.64455065
8504,-0.032585512544442016,1383784.5428568153
8505,0.5814327452264473,731267.2774351345
8506,1.5411460208810706,345153.1270530595
8507,0.938591448334181,531139.2055760514
8508,0.27309164511322087,995719.5973765035
8509,-1.809828740195849,10096237.93594977
8510,-0.28488180073050234,1837617.9940444492
8511,0.2620392209194714,1007279.0952331172
8512,-0.10639247309339031,1502160.3837375888
8513,0.01839207302658562,1308197.7056897224
8514,-0.5579210136659439,2514898.139459575
8515,0.7044043526726245,651784.8803123725
8516,0.7020872615565239,653169.2127161879
8517,1.3047468010981724,401905.48803764937
8518,-1.019389274564621,4279488.792222366
8519,0.8545315409038345,570337.8456057122
8520,-1.164535086650307,5044280.877150627
8521,-0.8189329411761282,3400349.385929144
8522,2.3077925107474284,242130.5931303151
8523,-0.7533809133418752,3152580.7046955265
8524,-0.985046430693127,4114992.4612034257
8525,0.4438960319481541,836415.6588618002
8526,0.5050973698911184,787322.8045861226
8527,-0.7552638625775693,3159445.393431483
8528,-0.6901931065907208,2930535.1464910535
8529,-0.9589953369310469,3994189.639181309
8530,0.37952380336719377,892394.1958104305
8531,0.43957178892912274,840032.7022889046
8532,-0.47915845379507943,2296320.8767365366
8533,-0.6935392611941676,2941896.3145491485
8534,0.3312028366348065,937561.6393119902
8535,-0.6576927821238625,2822430.4555249717
8536,-0.004521529237542283,1341573.2661942202
8537,0.6142307324628065,708823.5608777179
8538,1.1461453663339538,450612.00261023286
8539,-0.2027367216096679,1674020.3443975064
8540,0.35360322489905477,916274.7333127664
8541,0.1925017451864503,1083874.7024580974
8542,-2.0487607950810633,12786757.719187502
8543,-1.2566404878451465,5592096.758721454
8544,-0.8328832498767986,3455467.6277382467
8545,0.7338423582815761,634551.8493190581
8546,-0.24627990955741588,1758679.3365020892
8547,-1.0485214608007305,4423815.807055605
8548,0.2754404072993651,993284.0655917797
8549,-2.2358421360209193,15242327.79212352
8550,0.23341890678468413,1037982.9147095607
8551,1.1851163504103008,437723.36033015244
8552,-1.2816417784759633,5749709.4687808
8553,0.9844634147831582,511462.34081052034
8554,0.4642288547459529,819675.1335895072
8555,-0.11241075122229277,1512303.3308851505
8556,-1.6873059863465347,8901340.570017772
8557,0.7800744195099196,608770.484144515
8558,0.673502710706808,670590.7407555203
8559,0.041483379820727535,1275525.1546391875
8560,-0.9425316574232331,3919577.750385152
8561,-0.7768933261889353,3239356.9310418027
8562,-0.7417135357142073,3110369.804666191
8563,0.564152503195315,743478.8544972787
8564,0.5197179413730387,776155.8293584315
8565,-1.3852488770382543,6445479.077313092
8566,-0.15055551521292498,1578390.4488202427
8567,2.187661481450618,252775.31790234163
8568,-0.049163217761800104,1409427.682417887
8569,-0.5856124314666982,2596696.1798668304
8570,-0.32171941107320745,1916507.8804405394
8571,-2.4656210412341584,18689459.246328823
8572,-0.5014279369678413,2356068.566742488
8573,-0.01736293161436135,1360703.3161173589
8574,0.825615754854454,584828.5977992988
8575,-2.1923728159541525,14643813.052848544
8576,1.2800062027780705,408875.9681098578
8577,-0.03719841010285574,1390866.4659765018
8578,-0.6609949516692032,2833230.6003840473
8579,-0.10280922906409132,1496157.4223276994
8580,0.6606642881189161,678626.3955624355
8581,1.0416188032645997,488505.45092710684
8582,-0.1669791429077539,1607824.766887966
8583,0.7893760253526083,603765.9926542512
8584,0.5866765604044595,727614.9861508787
8585,-0.9630806986350829,4012910.67653835
8586,-0.5453993215031343,2478774.6020775223
8587,-0.06992525244780545,1442304.6833507647
8588,0.6831342989992624,664648.824638004
8589,-0.6321765341149964,2740352.0194231602
8590,0.7768705296118742,610508.1518018167
8591,-0.9178448198450881,3810167.499781423
8592,0.6846159023126093,663741.3120544353
8593,-1.194207782915092,5215239.672139052
8594,1.38064895534345,381825.252635109
8595,-1.388320991694135,6467187.618590552
8596,0.46022471748406585,822937.322792216
8597,-0.43452151919219556,2181235.062882825
8598,-0.64294126165233,2774683.730861431
8599,0.8762645198831194,559795.1149095042
8600,0.5672015461858615,741304.3787851927
8601,-0.020762236358434525,1365819.2691355494
8602,0.4504682523230482,830956.641047874
8603,1.7575267548611835,305944.3536368497
8604,-1.8130158994401644,10128948.58363253
8605,-2.6292764284595718,21432898.287369385
8606,-0.4339156176674186,2179714.7835911666
8607,-0.30769320544721457,1886050.905003712
8608,0.5156414294567342,779248.3159077519
8609,0.17843286453271232,1100215.6177625372
8610,0.07231937119671412,1233354.9139188216
8611,-0.9417680820949177,3916149.471004167
8612,0.2585422244531189,1010970.6957109229
8613,0.8988910504555407,549126.6558305896
8614,0.31905898221253454,949360.0015477642
8615,0.10185452571249173,1194478.458326611
8616,0.8879078418869215,554266.6232707326
8617,-0.12292173430655082,1530201.7233200865
8618,-0.1448455483461657,1568296.9638828733
8619,0.797502255953082,599442.5638392994
8620,0.08105317918374655,1221706.8941493658
8621,-0.1920488814000515,1653926.742962374
8622,1.3072013907334765,401225.69538742164
8623,-0.8432417164967085,3496951.651379394
8624,-0.052191533252849615,1414169.9228619423
8625,-0.958181284449754,3990469.1257012757
8626,-0.3662994369638241,2016834.9582253145
8627,0.47948248758713113,807400.6896921697
8628,-0.20512835798109227,1678553.192542873
8629,1.4145952965629933,373444.9627515862
8630,-1.1944774157502775,5216816.886584002
8631,0.17428362962669303,1105091.1383237012
8632,0.4078285754361251,867209.0109150658
8633,0.25257842320638063,1017304.5857529116
8634,1.3693302839915404,384699.62928925763
8635,0.9311669141075806,534433.9663364303
8636,-1.5091931893765451,7372895.773529157
8637,1.1619998193579268,445291.5697218707
8638,0.4828600246587784,804715.2317583747
8639,0.3157714675000172,952585.7013391214
8640,-0.7496446425153573,3139002.604016671
8641,-0.31755882125002205,1907419.03583466
8642,-0.14971635845531825,1576902.5805958859
8643,-0.6721438687739077,2869999.7536308956
8644,-0.6663308719416925,2850769.5437834673
8645,0.03905332039366822,1278918.834863273
8646,0.42577408295617797,851709.2385463794
8647,2.0352257675518484,268602.711020383
8648,0.047060429345006025,1267775.8596486244
8649,2.2215567654163726,249621.65709606337
8650,0.06330650768234539,1245510.918751116
8651,-0.18885090438474836,1647965.8623386465
8652,-0.11710073702076075,1520260.5943995125
8653,-1.3071907080035519,5914834.78887754
8654,-0.3844280803154519,2059209.90702302
8655,-0.01765326425671368,1361139.4128847301
8656,0.8757633961151496,560034.9164005871
8657,-1.595070513161707,8079973.500938764
8658,0.975069348637776,515398.50437312044
8659,1.6418301710427559,325609.66949829285
8660,-0.46393911139929156,2256389.9802451245
8661,-1.581016937131715,7960522.297917058
8662,-1.7794697891165816,9788842.391879255
8663,-1.7911576290927034,9906291.40065337
8664,0.8762899507963438,559782.9496266224
8665,0.23549328524079607,1035719.5782032923
8666,0.1822281720931978,1095778.4916281132
8667,-1.197578671119924,5234988.615547039
8668,0.8201434347807031,587632.019918241
8669,-0.6466452386389449,2786596.0566620715
8670,-0.21419862742668488,1695866.2100472332
8671,0.9922267265748909,508244.94636012195
8672,0.361787465501502,908648.6302630471
8673,-0.40070728745754547,2098060.8463588003
8674,-0.6096496113737079,2669880.620823091
8675,0.30470229580568653,963547.1900224437
8676,1.628106577926508,328132.82916604483
8677,1.1611626650301075,445569.83322173834
8678,-0.43491054811697544,2182211.7653795327
8679,-1.1444110227020472,4931246.505771946
8680,1.7609824674162564,305398.6486376955
8681,0.8934416339294854,551667.8528273995
8682,1.0656780070166119,479331.45194890525
8683,0.3864967609222248,886104.5112901201
8684,-0.13330974409631255,1548122.5578642169
8685,0.2614580786873548,1007891.4340422457
8686,-0.034167111519179325,1386208.0618066639
8687,0.09959071646737418,1197407.020374668
8688,0.4569326236050669,825632.0179987493
8689,0.8344416094160467,580348.4822570321
8690,0.03896981764752349,1279035.6352205595
8691,-0.5238952993030087,2417968.5903277504
8692,-0.1336374527474934,1548691.6838726294
8693,-0.014677739382055048,1356677.5384786779
8694,-0.7833346696075546,3263534.092058904
8695,-0.7673837755487297,3203982.722230316
8696,-0.842801664815393,3495179.585631525
8697,2.2066834528065487,250990.30414683002
8698,0.6413846811286967,690945.7990152757
8699,0.21958291242071737,1053233.6188335912
8700,0.16531514122456567,1115717.9360108892
8701,1.7138293596612695,313046.7456670075
8702,-1.5222310084969737,7476760.122187637
8703,0.41310570436178523,862613.9295108684
8704,0.48250056844311223,805000.4786185253
8705,-1.2710421495348827,5682411.411848255
8706,1.240251229001478,420542.26233703375
8707,0.18311265554611533,1094747.5142976476
8708,-0.33844395332309496,1953510.9053764348
8709,-1.068541063752662,4525602.354282852
8710,-0.3457083670636714,1969819.3471618358
8711,0.2570314518370436,1012570.6552512599
8712,0.5492952040300761,754197.5526550618
8713,-0.5322530221671665,2441418.193321092
8714,1.5979449791606632,333830.35553513456
8715,0.7246844092512544,639843.1691116112
8716,0.7264022886718644,638845.8507761693
8717,0.5394044046580072,761447.6976924399
8718,-0.7638178092517971,3190815.380532067
8719,-2.3244613621111263,16515314.52646707
8720,0.19079393386457358,1085842.7219268512
8721,-1.082357260894184,4597106.811420927
8722,0.3656076681207926,905116.2777606166
8723,0.8180083377925755,588731.1646327183
8724,-2.0555346477283454,12870233.985134898
8725,0.06578352555744936,1242156.2359772567
8726,0.7853770488971894,605910.2122228349
8727,1.842177382433465,293213.9891581806
8728,0.3268738682814342,941746.397062106
8729,0.8982403608671914,549429.1562046184
8730,-0.5180114919734212,2401598.5640191864
8731,2.51489003781434,226856.6536357529
8732,-0.7483300971612162,3134239.0254357965
8733,-2.566626725305785,20354745.953254096
8734,0.8288714906719865,583170.0335015642
8735,-0.17592425997357009,1624110.2909680905
8736,1.7608445300958988,305420.3869136586
8737,-1.2230047111664943,5386135.211399668
8738,-0.5822045858434055,2586485.8811634355
8739,0.341242074344329,927945.7714613539
8740,0.8125818573512895,591538.308627515
8741,0.4910745954021348,798232.3703568119
8742,-0.0024768655603693073,1338555.7343107364
8743,0.36069010739764745,909666.5088979931
8744,-1.2501253729257433,5551661.627973668
8745,-0.9014928424348394,3739301.0873317914
8746,-2.568341327406138,20383795.07684363
8747,0.3470820556941127,922408.7653397608
8748,-0.789819426456655,3288051.8374151364
8749,-1.3360317904970076,6106255.758917924
8750,-2.596778854192179,20869356.05448748
8751,0.1438083755479388,1141701.1982465044
8752,-1.3079251400216376,5919642.871942343
8753,-1.7723428713307794,9717772.49344434
8754,-0.6441013642859849,2778409.236144545
8755,0.5728292851496357,737313.2071481437
8756,1.819199676651216,296541.47670569783
8757,0.018868581477517913,1307513.813441289
8758,0.43897631165050516,840532.3703918222
8759,0.550956199272406,752989.0369122273
8760,0.40500805478760143,869677.7959158858
8761,0.3811292540935414,890941.0674639503
8762,0.4114959467816154,864012.3315940737
8763,0.639044361030926,692462.1442913407
8764,-1.5099483968056633,7378878.527244817
8765,0.30217198160067954,966074.7930363832
8766,0.4336060684750266,845055.8900095443
8767,-0.14867884223592726,1575065.1548484855
8768,-0.8337491323179081,3458917.07882942
8769,-0.872286587391477,3615844.887345944
8770,-1.5449281089555698,7660523.500488191
8771,-1.8018859832102987,10015083.705656746
8772,1.409141280860016,374767.4998959554
8773,1.8968442143794946,285658.43390886835
8774,-1.3559970306750078,6241934.264876993
8775,0.31951458353852485,948914.0381809857
8776,0.30866408333564543,959606.0680348411
8777,0.5567288859221688,748808.9512898644
8778,-0.021332270113392896,1366679.313178409
8779,1.4102607224983266,374495.31169011554
8780,0.298147339259452,970112.0393676223
8781,1.2232950021663944,425699.1313446985
8782,0.3554405988337169,914555.6839371405
8783,-0.6974546888024756,2955245.7720691743
8784,0.5871963856415975,727254.2717010658
8785,-2.0370938176200397,12643929.17618192
8786,1.1940453696828315,434858.9061895734
8787,0.3857798370738301,886748.5902445905
8788,-0.28965530415418916,1847641.587052292
8789,-0.8075740887750126,3356099.6636942998
8790,0.41152955044890543,863983.1104020771
8791,-0.8848582502482605,3668500.4226925825
8792,-1.012922859199321,4248053.3793006055
8793,-1.2954745102652254,5838597.930249279
8794,-0.7288069851130566,3064322.427172253
8795,0.042417048507859496,1274224.0153080376
8796,1.8192285895664309,296537.2313633202
8797,-1.0461854153203987,4412077.785931329
8798,3.626132857721747,182815.19354100042
8799,0.7157653892740323,645056.692381385
8800,-0.5962681805077235,2628885.7964607603
8801,0.564837855014074,742989.3406493233
8802,0.3782048637051528,893590.2399224833
8803,-0.8426068173385488,3494395.2212710367
8804,-0.23047460871263925,1727423.260968675
8805,1.1828449028104668,438457.23187152285
8806,0.10740174517189484,1187337.7913193484
8807,-0.40524553184502365,2109028.1686555566
8808,0.2135495088356073,1059968.7558782
8809,1.756217076455603,306151.7705190113
8810,-0.8978113623983506,3723520.3435131884
8811,0.33384365198179644,935020.1802713452
8812,-1.1462632804620483,4941553.264152246
8813,-1.9610422122838282,11742072.928685796
8814,0.6009446540832759,717801.2282810305
8815,1.1720205103675017,441983.6048264408
8816,1.8251725506641752,295667.61296425376
8817,0.8842901533315449,555975.5483520892
8818,-0.08099905969120472,1460193.0291728296
8819,-1.1328303561368973,4867249.753382332
8820,0.48112908603484644,806090.0323726945
8821,0.14228188529763647,1143572.5802978636
8822,-0.23725274559856563,1740753.0561467037
8823,0.2237578381281122,1048603.3923153044
8824,-0.11994768893767063,1525113.6214625526
8825,1.3844509311306288,380868.8534735511
8826,-0.9638507651896847,4016448.7353400495
8827,1.2591627992134584,414919.54495354934
8828,-0.605592012407843,2657382.2847315064
8829,1.8972836199496443,285599.69329899194
8830,0.42594624470043213,851562.2643826815
8831,2.2752962069716576,244867.0799649943
8832,-0.4642712173712583,2257253.6106367293
8833,-0.28576078737229726,1839459.329670209
8834,0.46682155488737204,817571.7910449943
8835,1.655301910140562,323173.8814677099
8836,2.2763142014751914,244779.8080258854
8837,-0.2891829449263805,1846647.0962288536
8838,0.5988251614252567,719247.6654658979
8839,0.10408466052293693,1191601.6711760403
8840,-1.2099033920921616,5307770.307911868
8841,0.4570161924442067,825563.4727428488
8842,0.05675307339488211,1254437.2612257306
8843,2.274533199903481,244932.55858778002
8844,-0.4812770182449752,2301936.9885768355
8845,0.7888671631230403,604038.2291946035
8846,1.0478264057954687,486111.43599488836
8847,-0.11522745102368072,1517076.7006538857
8848,0.1841853257167839,1093498.7399175214
8849,0.06212682175979208,1247112.2951307644
8850,1.016488499075223,498393.2191921624
8851,0.5741777019427312,736361.2008699544
8852,-0.859966274674205,3564945.5606757086
8853,-0.43357199931890644,2178853.094874628
8854,0.2230618679260307,1049373.5489046567
8855,1.5015183842268223,353538.12956221594
8856,-0.08823562091009737,1472017.407889723
8857,-0.9863690774080686,4121216.48101378
8858,1.5465950235570045,344032.04309865035
8859,1.3119955859632078,399903.9964255719
8860,0.5931049161024196,723171.1731965279
8861,-0.3737315798885339,2034094.9727763273
8862,2.219905812051844,249772.42303222071
8863,1.1777429562177166,440113.3179013276
8864,-0.5597448202999906,2520204.1257585245
8865,1.1352731719379254,454322.8747990759
8866,-1.0301806376316904,4332432.745776322
8867,0.2399333092479329,1030895.2199433937
8868,1.8946915728110083,285946.65145115677
8869,0.6453386562771989,688394.2852887916
8870,0.5060025468232773,786625.3265911513
8871,0.09905626329919091,1198099.6401621262
8872,-0.8310808757694311,3448298.088935489
8873,0.7059389971813365,650870.2849478824
8874,-0.6395718776186614,2763891.7573094103
8875,1.034124635152991,491421.0057285276
8876,-0.1732641692324681,1619248.4312593571
8877,-0.825049815948022,3424411.929629236
8878,0.3066167834084208,961640.191088922
8879,-0.5763630858841455,2569078.5467206454
8880,-1.470154798438144,7069195.414356425
8881,-1.4666451678760417,7042422.540583759
8882,-1.607175357307016,8184053.566017643
8883,-0.09070351208041338,1476074.4152458506
8884,0.9113359877535042,543389.3804179447
8885,-0.2710020082237051,1808803.3060067773
8886,-0.5728540092948711,2558678.8306957525
8887,-1.9734938227039276,11886285.971610934
8888,-0.7651902838868803,3195876.9709497136
8889,-0.45704088857028435,2238528.610085459
8890,-1.48506208208586,7183885.005429067
8891,-0.19526707829100354,1659949.17095345
8892,0.9294839747647715,535185.1624051174
8893,-1.022409211611562,4294243.94366004
8894,-1.8482605074031084,10496286.135174917
8895,-1.2587338914852244,5605144.8179412875
8896,-2.103440107932018,13472167.226303477
8897,-0.44305608829801807,2202767.043850716
8898,-0.2194637274531253,1706005.335776799
8899,-0.20470147203352873,1677743.1367729343
8900,1.4047385010913014,375841.7250970952
8901,-0.7920751814588539,3296622.432417476
8902,-1.8089669348923123,10087407.397097846
8903,-0.24842406874863054,1762966.5762735736
8904,0.10575256029924548,1189455.4595658642
8905,-0.14419127980462382,1567144.984898481
8906,2.3220317714691947,240963.02321426588
8907,1.2041527551553113,431655.2763428951
8908,2.1037033174921267,261142.52486055187
8909,0.23643150510900993,1034697.8629293102
8910,-1.120412834949545,4799471.719883135
8911,0.7343501313283709,634260.2854424409
8912,0.5179869137827804,777467.0243780855
8913,-0.8363527570749425,3469309.284324321
8914,-0.7454499368560342,3123826.8375965822
8915,1.4073677723199987,375199.50309036835
8916,-0.2813707731261949,1830282.6876663596
8917,1.4703065820184815,360439.29971283115
8918,-1.786758856593349,9861957.84313478
8919,0.8418720484680664,576615.8506719812
8920,0.5302271756754229,768257.8282749706
8921,0.3478984630648664,921638.011999672
8922,-0.3891740816163931,2070457.7057452723
8923,-0.16810973380965422,1609873.165656089
8924,0.3882531517943227,884529.0865375289
8925,0.0321621517164826,1288599.4918649334
8926,0.4587815907197532,824117.1689022445
8927,0.3340285628679066,934842.548529402
8928,0.8563489089840077,569444.9307183954
8929,-1.0715120202227897,4540891.0326585965
8930,-1.1930176420726304,5208283.0967509495
8931,1.3595633859221166,387212.93596782966
8932,0.6954183834515858,657176.602019741
8933,0.44715588310955284,833702.1956016679
8934,-1.672249659796819,8762767.236955997
8935,1.5422017800229337,344935.3223469275
8936,0.4838420899259022,803936.5849137736
8937,0.5006853011845285,790734.148114802
8938,2.7792176666977024,211756.67315520864
8939,2.95392685454096,203818.28685962915
8940,0.5500298063145234,753662.7481618293
8941,-2.2118470749870007,14909843.52915922
8942,-0.30583213823904615,1882048.7401760393
8943,-0.36639990554663426,2017067.2471831085
8944,-0.12622795218783894,1535880.2955356932
8945,0.8382031538956822,578454.4465540521
8946,0.3883432361609444,884448.3795857031
8947,0.7576354441560963,621092.3094080569
8948,0.9582961628090374,522545.20236033906
8949,0.6559902977430231,681585.0006126334
8950,1.2563887425161298,415735.93792791496
8951,1.8539548158584362,291543.9140264235
8952,-0.5032576534492137,2361048.217894907
8953,0.10752295828263685,1187182.320015226
8954,-0.7058896650490293,2984208.55589888
8955,0.2743040740044004,994461.4640502951
8956,0.2821891331521029,986326.6243715676
8957,-0.0627173462498917,1430793.7779250378
8958,-1.4479816050438632,6901502.616125783
8959,-0.8239824900217445,3420201.4533072137
8960,-0.11410897728925086,1515179.2519014033
8961,-0.5993421598830749,2638246.5891792895
8962,-1.0486107040751942,4424264.805373417
8963,-0.25261287529641496,1771374.7562733847
8964,2.502643169764436,227665.5612901199
8965,-0.009767210385400965,1349350.510368549
8966,-1.1121864303796731,4755046.644053582
8967,1.1273179575797256,457070.7783952753
8968,-1.6587962075844336,8640444.164820086
8969,0.5632783083418765,744103.8768742924
8970,-0.7747626346614002,3231398.048775418
8971,1.7216203049263274,311752.5425576255
8972,1.4700293964645175,360501.7966315086
8973,0.43851087435391234,840923.1876702273
8974,1.077906948999886,474775.14380052936
8975,-0.4294181585020655,2168464.594591324
8976,1.9224319876756062,282288.87244241656
8977,1.8056624338691825,298545.5882399249
8978,-0.13230764267262987,1546383.6653294377
8979,-0.8128400951107552,3376544.1548308665
8980,-2.0527064136631714,12835331.61016332
8981,0.5197693961005474,776116.8988197908
8982,-0.9732869305783292,4060042.3465956408
8983,0.9137282292662747,542296.9696494804
8984,0.4136452789677572,862145.8459958808
8985,-1.8815115162112566,10852359.273975395
8986,0.9142967105399453,542037.866063701
8987,-1.0154580382752,4260351.960499697
8988,-0.08927870534144235,1473730.624745188
8989,1.0170602853388018,498164.70104751457
8990,1.9650993349005574,276894.5659829892
8991,1.148431227569869,449838.29355511384
8992,0.40269818898760756,871706.2810170306
8993,-0.6638082676147444,2842464.402329224
8994,0.4823925598693132,805086.214709324
8995,0.9825855564621665,512245.3984870144
8996,-0.5821755951268481,2586399.1961845146
8997,-0.8944845893562542,3709314.730836064
8998,-0.8649151580149446,3585307.856327452
8999,-0.11708978596810565,1520241.9600383574
9000,0.2300635540514875,1041656.6320020101
9001,-0.08080880750459059,1459883.6029698378
9002,0.18558933798071617,1091866.8034525306
9003,-1.2538544132135467,5574773.337720866
9004,-0.36242517199938024,2007898.9701067726
9005,-0.0037654555244771865,1340456.54083457
9006,-0.4261170718456163,2160245.6292761425
9007,-0.047412926022380744,1406694.988760106
9008,-1.2347596257249487,5457328.891213053
9009,-0.8480617163473908,3516418.308635169
9010,-2.188317171623427,14588839.601692848
9011,-0.7542480836385065,3155740.3392923623
9012,0.9388089513654048,531043.1562763622
9013,-0.5361888922404185,2452541.640370201
9014,0.5645786632897491,743174.4180612393
9015,-0.7158546407401374,3018786.6722735097
9016,2.3060085915583417,242278.2035837539
9017,0.4579742876060646,824778.1451696642
9018,2.6543764673451116,218362.7461478213
9019,0.16022688538761223,1121801.2092744648
9020,0.36497572417352453,905699.4102822564
9021,0.3952404537355729,878296.7761210192
9022,-1.4147843706080863,6656828.111419706
9023,1.0985824191673728,467231.3363436032
9024,0.9968075645030712,506361.40028389136
9025,1.6912819944627828,316862.44229014264
9026,-0.14218144629635845,1563612.1017069216
9027,0.21069318402862214,1063175.4297160762
9028,0.0945524159760341,1203955.0468457695
9029,1.0733930268454226,476448.70166375325
9030,-1.2401692331937826,5490374.532295254
9031,-1.0557604113958392,4460373.8355059065
9032,1.2986253036224542,403610.00273542793
9033,0.04909884742266889,1264957.0867868154
9034,-1.519400517476678,7454106.7373831095
9035,-0.28909836195982286,1846469.0784691463
9036,0.053603609559641816,1258753.5003415083
9037,-0.06931188554643894,1441321.0960108119
9038,-0.04578667810913186,1404161.3350736499
9039,0.6739285132360783,670326.4960042768
9040,-0.8061796244567434,3350706.0035660574
9041,0.5963747880863499,720924.8363954492
9042,0.10880360775302302,1185541.1837642132
9043,-1.3442896753346958,6162057.444743976
9044,-0.6375281590812147,2757366.3154889913
9045,0.58299328744253,730177.7897235425
9046,-0.25800702951123294,1782266.3735693975
9047,-0.05052719782495573,1411561.3998910852
9048,0.12019380538056561,1171061.5826498196
9049,0.16198139012085655,1119699.155245683
9050,1.4265369779687085,370580.53661484557
9051,1.3096510621784934,400549.3556178823
9052,-1.3454936628053604,6170230.486751558
9053,0.5459094972706926,756668.9581500787
9054,0.48278872108238013,804771.8043007072
9055,-0.30084909264401105,1871377.5278423885
9056,-1.2118477516393837,5319335.247419985
9057,0.18359824127074037,1094181.9966809626
9058,-0.725056053624806,3051066.3126525055
9059,-2.252431873742855,15475237.155414533
9060,3.2484014281769595,193114.8927387646
9061,-0.33146323748098344,1937974.464922364
9062,-1.857616922901555,10595542.181490531
9063,-0.842474513806602,3493862.7261641757
9064,0.4353460681210836,843586.8141645128
9065,-0.5286674794386041,2431329.7246254003
9066,0.9224555505825645,538339.9215133507
9067,2.1797822198331014,253526.28909621667
9068,1.5234151950532984,348853.94652849156
9069,1.1022937800324397,465898.06817731226
9070,-1.0911843055513073,4643334.242489648
9071,1.0196079185087623,497148.5472804552
9072,0.9453528017023252,528165.860968552
9073,0.13139911436844265,1157019.9520251742
9074,-1.4369777444738137,6819556.782939599
9075,-1.1840224264065085,5155974.974668018
9076,0.35528308132625386,914702.8987476367
9077,-0.7737003601942106,3227437.214153474
9078,-0.48524719174756603,2312499.756265618
9079,-0.31472809694380366,1901261.5895313616
9080,-0.31379144164843786,1899228.8339375856
9081,0.6091491394314452,712239.1748433724
9082,0.01206236210846021,1317321.3024222914
9083,-0.30720867137399027,1885008.0546010025
9084,-0.7551705101662756,3159104.7126770657
9085,-0.9813587490751857,4097685.7966799545
9086,-0.07222987916692676,1446007.112790779
9087,-0.8396290400980267,3482429.1847289195
9088,0.2989578427114081,969297.3232383006
9089,-0.8167614390836273,3391846.5681765843
9090,0.5665470741481878,741770.4073609388
9091,-0.42149610242283103,2148795.035545145
9092,-0.43030340724635596,2170674.208215602
9093,-0.7777257587165681,3242471.55378513
9094,-0.8579315013715824,3556605.7100195205
9095,0.14931721645718965,1134977.837448566
9096,1.0185647873202324,497564.21309913934
9097,2.062647713077832,265542.91719559574
9098,0.0946727525371986,1203798.1632497236
9099,0.0622795126863481,1246904.8886120028
9100,-0.5264716006915203,2425172.3504965077
9101,0.5533260158600981,751269.2597593077
9102,0.4997501567589936,791459.6779236114
9103,-0.6676913148772233,2855258.5463093217
9104,0.4027955385991105,871620.6686873949
9105,-1.4935083977767074,7249567.952480256
9106,0.8747175601244719,560535.8742986136
9107,0.02438883410478839,1299620.9590597001
9108,-0.8169544895775711,3392601.649427617
9109,-0.12455369866622612,1533001.7691589068
9110,0.183283431531129,1094548.5871094065
9111,1.5833283015769202,336668.62997069384
9112,1.4993843366598405,354001.4981558913
9113,0.09252939288983698,1206596.0629551278
9114,0.9655905577494608,519418.3707681184
9115,-2.446651345913086,18386855.73099917
9116,0.5922236338161142,723778.2158243752
9117,0.26912878061457846,999845.4905838121
9118,-0.1108436744452661,1509654.9085963941
9119,-1.3542342275244281,6229849.380658918
9120,1.0265853151762194,494382.38626165385
9121,-0.1541183370536729,1584724.8214622983
9122,-0.2826978448318655,1833051.5253130286
9123,-0.49117078503417044,2328352.6952335937
9124,-0.01905433573819438,1363246.1450343055
9125,0.5974659807548183,720177.3104368608
9126,-0.6644092545380875,2844440.833933879
9127,0.4775264078750533,808961.299445538
9128,-0.0945775263848378,1482468.2666744983
9129,0.7411760557240847,630359.2570958893
9130,1.3162065193539898,398749.6548357472
9131,-0.0673285851054486,1438145.8673101384
9132,1.013912478831126,499424.8135931366
9133,1.490248751990966,355999.07579396456
9134,0.9571828604553637,523025.0042423444
9135,-0.1447328727576595,1568098.5077238823
9136,-0.12695735139185643,1537136.2226917697
9137,-0.09727459173839298,1486937.9376492202
9138,-1.7547451575501973,9544054.935208123
9139,-0.16256072986058032,1599847.0106258017
9140,-0.46045574777915066,2247352.213371371
9141,-0.4760064486569442,2287991.3934432683
9142,-0.6603670400269409,2831173.769736903
9143,0.2511072800714004,1018874.4626624031
9144,-1.6196561394043243,8292528.856577817
9145,-0.5467870309113761,2482751.789886026
9146,-0.539060798293124,2460690.8021166627
9147,0.16572639886072482,1115227.9753990076
9148,1.0636667992785622,480087.61559810385
9149,1.6624949634248687,321889.73805808363
9150,-0.14925011028100943,1576076.5688843727
9151,-0.4884839264718014,2321148.1850425205
9152,-0.8330138106282201,3455987.535145062
9153,1.3397997907905261,392393.90577590925
9154,-0.17641700331751745,1625012.6413172707
9155,-2.0948528705841087,13362771.810923772
9156,1.262704794430275,413881.2972317165
9157,-1.9098906428083091,11163642.916629435
9158,1.2452647818913314,419038.5455483838
9159,0.013395046838857283,1315394.3240208537
9160,-1.7605382356585322,9600964.7367881
9161,0.423214240425491,853898.4122010005
9162,-0.20390240558690043,1676227.981897277
9163,-1.7867828045941856,9862198.777236773
9164,-0.8439840749436547,3499943.053959702
9165,-1.7543293567474212,9539980.646671275
9166,-1.8034876754126155,10031407.002875805
9167,-1.366165120275558,6312042.302394723
9168,1.3521835823222865,389132.5071484535
9169,1.329152482894103,395238.8359633378
9170,-2.958570342056095,27642738.23941718
9171,-1.5362054093332411,7589456.218071235
9172,-0.2680238119794126,1802684.1320039234
9173,-0.07142457868112839,1444712.1666671291
9174,-0.4691316523642285,2269932.2490388625
9175,-0.6118878516559129,2676800.236478878
9176,1.1307727628954551,455874.00162656774
9177,-2.074179396145599,13102090.329400666
9178,-0.18113674850219785,1633683.7820502506
9179,-1.2951499104512465,5836498.201139144
9180,0.9907424124278092,508857.6341163827
9181,-0.6284637894388068,2728610.0672201216
9182,-1.1318943855669847,4862110.667086861
9183,2.0777221869392215,263902.50985115767
9184,0.547456678587154,755538.2528001999
9185,0.8782925572879293,558826.2153793641
9186,-0.4171736585869623,2138141.570250597
9187,-0.9134849281203744,3791148.5702843964
9188,0.5292966066240706,768952.8761257919
9189,0.028615040428016766,1293615.3817869828
9190,-1.7783383243222681,9777531.741707189
9191,0.8912568712287035,552691.655966401
9192,-0.40711696107893897,2113568.234822033
9193,-0.8978984003499056,3723892.699238788
9194,0.022123884664355133,1302852.7335517996
9195,0.5182368694896382,777277.5108896665
9196,-0.05366624871247494,1416485.807743558
9197,1.688904627427386,317270.93428281613
9198,-0.178233816016396,1628344.497263158
9199,-1.2845228247694738,5768123.383000846
9200,-0.10387363455386586,1497937.8040770974
9201,-1.6984939592419315,9005464.233731868
9202,0.7753589267367132,611330.4748711707
9203,-1.0930281801215125,4653044.531266724
9204,0.0512654002414024,1261969.078617809
9205,-0.02319024428815621,1369486.8330922418
9206,-1.2137990638175804,5330964.32236999
9207,0.8463723947867042,574372.3789163529
9208,-1.0969843579573053,4673941.7843777705
9209,0.9594434932055169,522051.44973897043
9210,-0.4249319432180874,2157302.86188692
9211,0.43653384379274807,842585.8645366394
9212,-0.7421309566455421,3111870.359636819
9213,-0.6203151582286697,2703015.908411734
9214,-0.0283423037704856,1377306.3223560231
9215,-0.5093048742981535,2377583.0754080284
9216,-0.028999943069298637,1378308.0973887015
9217,2.0721232073952063,264508.39922725316
9218,-0.08783886510523929,1471366.341540857
9219,0.572673783244077,737423.1005666894
9220,0.08218917797347458,1220201.295207404
9221,-0.9857990371852765,4118532.9422700205
9222,-2.2092582302309816,14874281.592486333
9223,1.0502633297659731,485176.78249496716
9224,0.47072998728068566,814414.279014413
9225,-0.36166329388583934,2006146.6286880418
9226,-0.985127595280646,4115374.145671901
9227,-0.617410919844735,2693952.365089773
9228,1.1303333633402552,456025.9223292007
9229,0.6661879801648137,675152.8012311906
9230,-3.0260787084928147,29021299.527063645
9231,1.1202741276524302,459527.1626759361
9232,-0.6394951837282774,2763646.60030781
9233,1.159659009571155,446070.3791309244
9234,-1.129319991445348,4848001.123022695
9235,0.9421653696731467,529564.347480764
9236,-0.31112949758675745,1893464.4699909675
9237,-0.916462356865302,3804127.051639726
9238,-0.46896707047550346,2269501.726873917
9239,0.1662274222280798,1114631.417041905
9240,-0.02573230634471202,1373338.6946440737
9241,-0.3509695519427178,1981720.7522199017
9242,0.48214649395245107,805281.5837806675
9243,0.6809827058562968,665969.8041511218
9244,-0.06505966490966955,1434523.0272949704
9245,1.1964763253939465,434084.6432527512
9246,1.6286984098491784,328023.13620809244
9247,-0.6945487539670928,2945332.402263185
9248,0.03704764664074226,1281727.7012720802
9249,-0.5348721917563414,2448814.6650650143
9250,-0.4946549341186861,2337729.378126171
9251,0.5331065618127189,766112.4616686471
9252,-0.08905422352037262,1473361.735282634
9253,-0.38328748087627285,2056516.3358604966
9254,-0.29973098131950887,1868991.9963512165
9255,0.6559720096258462,681596.6118588692
9256,-1.1496625090545618,4960519.085184211
9257,-0.58375746012971,2591133.4226478087
9258,0.2648942216462574,1004277.4357325021
9259,0.7902745229352326,603285.7392075299
9260,-0.18803087838614602,1646441.1686830414
9261,-0.3445063059620574,1967110.800063218
9262,2.528160924318924,225992.25242352995
9263,-0.10734506887699927,1503760.7777831107
9264,-1.115105667467255,4770768.10650696
9265,0.3979801861469305,875868.3006091851
9266,-0.17454915753313033,1621595.0084008556
9267,-1.5967568630110716,8094406.765224857
9268,-0.7646470540943967,3193872.63910906
9269,1.5140869025882329,350833.8991835419
9270,0.899748459015429,548728.4384324139
9271,0.33368342905694465,935174.12997228
9272,0.42082062349211047,855951.9557126253
9273,-0.7265925241263307,3056489.4871307835
9274,0.6001247239509929,718360.3175322358
9275,-0.8016779896466912,3333351.459739471
9276,-0.6269829679690555,2723940.9060905855
9277,0.9137770624726194,542274.7049402045
9278,-0.4761103654942844,2288265.505605801
9279,2.5131865907704474,226968.51839569525
9280,-0.18967443178667076,1649498.6245105804
9281,-0.24157211921199326,1749305.6934988347
9282,1.8199483534793515,296431.5948114082
9283,-0.42198707031293553,2150008.620553452
9284,-0.8613155780637115,3570486.259849625
9285,2.0778286621959667,263891.0263040526
9286,1.3228980751674835,396927.83431673516
9287,0.7499135435141413,625415.4719499805
9288,-0.8158674331399363,3388351.9515497675
9289,-0.21846604278722154,1704079.009642904
9290,-0.4210714269455454,2147745.890813411
9291,0.2999587047104407,968292.4254906356
9292,0.5324737633976931,766583.2643478744
9293,-0.5567448624153846,2511482.399888329
9294,-0.8720462588111938,3614845.375241075
9295,-1.1123242996422278,4755788.065175478
9296,-0.5250729649548812,2421258.8142726603
9297,-0.14688727087050907,1571897.8821219532
9298,0.9724441148458673,516506.9678767821
9299,-0.026224694065815117,1374086.2096024
9300,0.12446707248195035,1165683.060461255
9301,-0.8171651541770417,3393425.8107683854
9302,0.30339002690042105,964857.0301511419
9303,0.5163195948311103,778732.7266982002
9304,0.5492362831076496,754240.4701212399
9305,-0.792334539821788,3297609.2402332723
9306,0.17242432317089354,1107284.2750076246
9307,0.49026634520354573,798867.1993750588
9308,-0.6514735948757423,2802201.3086026893
9309,0.24279605613612829,1027799.1519628594
9310,-1.530878963760644,7546333.385714903
9311,-0.42168580084343965,2149263.8513282808
9312,-0.9341520737002349,3882110.3448890513
9313,-0.8448970545239707,3503625.3719057585
9314,0.7450187806781846,628178.1495620601
9315,1.6340953291250455,327026.52302139066
9316,-0.4366489734187079,2186581.8557624086
9317,-0.9703235003815945,4046304.0063002408
9318,-0.7112183292772085,3002649.8679619986
9319,0.9555375892381508,523735.32189978205
9320,0.5700524111632785,739278.942604275
9321,1.0107863744490009,500681.2600336214
9322,-0.09684493040503749,1486224.8789673697
9323,0.7910529573708517,602870.1083626959
9324,-0.7191415818576609,3030278.7899176264
9325,0.869742447435883,562928.1865551632
9326,0.6784809700632062,667510.3606153514
9327,-0.8630525847355249,3577631.1808777316
9328,-0.494620566017472,2337636.6956105824
9329,-0.27900403500982046,1825355.817276033
9330,0.6017277789906526,717267.7862294143
9331,-0.0746421369001005,1449893.9140810785
9332,-0.1876942993379923,1645815.807178161
9333,-1.216035434451457,5344320.343849213
9334,0.518247880019878,777269.1642362634
9335,-0.29769201225945824,1864650.1624143992
9336,-0.6078586000889996,2664356.609942545
9337,-0.8429386231109671,3495731.0169267813
9338,0.1741126585877395,1105292.5896629794
9339,1.0514798472853724,484711.28695028124
9340,-1.5658605167871875,7833353.308494672
9341,-0.6566436394893723,2819007.714624665
9342,-0.6447793812807067,2780588.9087068355
9343,1.6365494221925174,326575.5262111464
9344,0.25941094088426314,1010052.0942952255
9345,0.16127333675796157,1120546.9016856474
9346,-0.30028880645969813,1870181.729414679
9347,0.7068013190112229,650357.1625627651
9348,-1.9658998228800488,11798173.661545673
9349,-1.4827174602874051,7165742.126950486
9350,-0.896012556968819,3715832.851549026
9351,0.49888705326779,792130.0900108764
9352,1.0269435574758292,494241.0261901903
9353,0.16602649858193716,1114870.6070421226
9354,-1.5178237408597723,7441512.451897141
9355,0.11399730316032651,1178912.8078839136
9356,-0.7081263666679916,2991935.604741323
9357,0.6740549380460577,670248.0671033657
9358,0.9545413109194634,524166.1752863348
9359,1.2191558333519479,426974.8467071461
9360,0.2739904752889028,994786.6972484665
9361,-0.24552382309671908,1757170.2377616756
9362,-1.9484091495419342,11597126.71612648
9363,-0.753547745427361,3153188.3355883104
9364,-1.545964687246368,7669006.027980562
9365,-2.329630998569886,16591765.663175553
9366,0.23808673429466257,1032898.3129568158
9367,-0.46010872278871523,2246453.896694197
9368,0.6315568152819172,697344.2891407867
9369,0.012314897935532393,1316955.9027910356
9370,-1.3604521314488462,6272567.581394342
9371,0.827868237562068,583680.3803717378
9372,0.021077797570845547,1304348.4781879762
9373,1.0509311566969322,484921.15183330054
9374,0.19665521571901,1079106.2425270164
9375,0.32879408632088275,939887.2805736692
9376,-0.27271127144542534,1812325.363038408
9377,-1.1746057508888421,5101725.411234607
9378,1.8821981448086906,287634.1917369614
9379,0.6242662007916965,702143.4543266576
9380,-1.3683297201059514,6327055.466498779
9381,0.26414020421435797,1005069.1214364266
9382,-1.0865404446219589,4618961.134082182
9383,-1.3617157056477582,6281279.810370485
9384,-0.24093825375083136,1748047.7510058791
9385,-0.11170203955375323,1511104.93857703
9386,-0.7238605258349019,3046853.1004577633
9387,0.04612001772404414,1269078.7334540577
9388,-0.2431639606525902,1752469.1234686184
9389,-0.9056396618142865,3757152.883839179
9390,-0.6096596249700618,2669911.538136996
9391,-1.8100038861214136,10098033.3279197
9392,0.33274284112217184,936078.5290903165
9393,0.69546754405874,657146.9349947815
9394,-0.21109051751626384,1689911.7047131874
9395,-2.1298899599945122,13813244.018491875
9396,0.29983090371493304,968420.6700816071
9397,-1.312401700068453,5949024.094328131
9398,-0.3098387513818644,1890676.1275512646
9399,-0.07810587222242106,1455495.4957308918
9400,-0.16561344705221334,1605354.2346794389
9401,-0.8099601120084559,3365348.1273705573
9402,0.42663004251978487,850978.8284281611
9403,-0.30388103992670856,1877862.718416222
9404,-1.225198411799861,5399357.810669213
9405,-0.7203877775481574,3034647.1338761877
9406,-1.506224996418319,7349421.573877754
9407,0.059005109002344736,1251361.4447130065
9408,-1.5454572529912234,7664852.605309545
9409,0.4603979565094215,822795.8362270746
9410,-2.223546280928835,15071303.712201707
9411,-0.3733593647640033,2033226.8623419425
9412,-0.6477933369347878,2790298.820186231
9413,-0.04574031153382414,1404089.172889513
9414,0.5806162786072486,731838.1637155294
9415,-0.4137749105724228,2129803.5170967774
9416,-1.5555386962690831,7747725.997421351
9417,0.052715921819866035,1259973.1567392203
9418,0.6250727251445616,701610.328401612
9419,0.4150729884962681,860908.8654707925
9420,-1.1002756516052474,4691392.708965615
9421,0.34791075024195384,921626.4180940887
9422,0.7321037887607876,635551.5811045184
9423,0.34208475617475725,927144.2446899472
9424,1.0457259905385574,486919.3589031219
9425,2.0401858597704914,268041.89502280275
9426,-1.7889620960177879,9884143.657496693
9427,0.6942678015526514,657871.4815435071
9428,0.2608735292727459,1008507.8222587314
9429,-1.3147463174503826,5964463.9096942665
9430,1.7097070058057227,313736.53610499133
9431,0.15360427832493612,1129778.1225845653
9432,2.520753432270281,226473.19533791742
9433,-0.2919035150842922,1852382.786203524
9434,-0.13430254994645516,1549847.4608045837
9435,0.10446061442030286,1191117.5065328255
9436,-0.059450544683948586,1425610.8875361169
9437,1.891158503038374,286421.3124464253
9438,-1.7778819931986298,9772972.997050162
9439,2.0894118314669394,262650.29838781967
9440,-0.06145512611831929,1428788.7074248085
9441,1.2209265209408051,426428.293240006
9442,-2.377293146936861,17307993.894560836
9443,-1.264080689136313,5638594.317526383
9444,0.22748323676000004,1044492.5057402711
9445,-1.2735375223280778,5698191.466342413
9446,0.37984985066998384,892098.8408794227
9447,-1.431352025982317,6777986.285730571
9448,-1.3823063915383367,6424745.964995805
9449,0.05000856511096177,1263701.4498786721
9450,0.19834773039567555,1077170.3549213475
9451,-0.6225622689074971,2710049.7158513963
9452,-0.056448464917434056,1420866.6637535596
9453,0.3498301835520658,919817.5259415556
9454,-1.79861792621477,9981843.446723785
9455,0.04599932232051525,1269246.060562754
9456,1.525996098000897,348310.1800696213
9457,1.5916698179353643,335042.59818313445
9458,1.0102012589203442,500916.987795803
9459,-1.2406638455613457,5493404.884058826
9460,-0.9843228652002638,4111591.2916200096
9461,0.10839606781827853,1186063.1517599665
9462,-0.034223985929273414,1386295.3014387758
9463,-0.508132300960694,2374367.647866814
9464,-0.10800971721938642,1504878.537536886
9465,-0.053413719685121326,1416088.9335825217
9466,1.0258773875504346,494661.9199645554
9467,-0.46692609217967995,2264169.8436681824
9468,-0.4946547079484612,2337728.768187019
9469,2.5431198620319395,225032.77869301577
9470,-0.7789612449564852,3247099.6262627593
9471,-2.116544888035911,13640377.199192487
9472,-0.28615456700667136,1840284.8773915016
9473,-0.4876442370707698,2318901.3684326825
9474,1.4272408205885811,370413.0376655216
9475,0.28554608616467536,982888.1704477575
9476,1.373438512811892,383651.6263536387
9477,-0.6416608511110579,2770577.6775305667
9478,-0.2875310771487163,1843173.8194970158
9479,0.902903315100067,547266.9485408722
9480,0.8082419867934156,593797.4652750815
9481,-1.4127513943138865,6642090.70507371
9482,-0.4268756283925028,2162131.383791065
9483,0.4830332859215294,804577.7872015835
9484,-1.3673983107686278,6320591.612026735
9485,0.15617712990212027,1126671.1406734893
9486,-2.365285565906088,17125620.134191796
9487,-1.2933268926370678,5824718.113594402
9488,0.6081285231825106,712927.8846924457
9489,-0.511727163571112,2384239.636221966
9490,-0.4954473591804688,2339867.4079856295
9491,0.014973768862710376,1313115.7771881267
9492,0.37688244980236135,894791.4695679635
9493,-0.46982138502074555,2271737.408393385
9494,1.3473367921972863,390402.9217797034
9495,0.17087302599907503,1109118.079580424
9496,-0.9360910286102765,3890749.655669911
9497,-1.2049679143814374,5278515.919277121
9498,0.8915589594239265,552549.9233564769
9499,-0.2012630927565344,1671234.051572145
9500,1.7489159815285735,307314.14294476126
9501,-0.10214971828552304,1495055.4757918224
9502,-0.008614633869277542,1347637.295870076
9503,-0.5108863881505373,2381926.982094911
9504,2.2469517773803798,247338.29282770425
9505,0.4647550306479138,819247.7030243062
9506,-0.20988062537702648,1687599.9695033184
9507,-0.3935402110550179,2080862.2913960281
9508,-0.006455853417872522,1344435.1183160262
9509,1.0022810143086045,504125.2353567281
9510,1.337288733961147,393061.4270572626
9511,-0.7971725838580699,3316069.8134570727
9512,0.9327820925195944,533714.536471859
9513,2.2194544007087287,249813.6961047346
9514,-0.1438935060341498,1566621.0010864355
9515,1.8569891939412984,291117.4598718008
9516,-0.25290569884942277,1771964.160561811
9517,-0.2236710293141731,1714154.9064819268
9518,-0.24735169682018335,1760820.958964415
9519,-0.20696697174768888,1682047.0200075684
9520,-1.0735068856916699,4551183.460409574
9521,1.3109616226601695,400188.37293349736
9522,0.5437674570485601,758238.1172942684
9523,-0.06389300013402112,1432664.1903876765
9524,0.19863884522421668,1076837.8006155686
9525,-0.8638182460004136,3580784.9742053314
9526,-1.3414268275402936,6142661.6432923125
9527,-0.8534291615165314,3538218.7523907316
9528,-2.2993146102587736,16146877.751898067
9529,-0.4229267855909146,2152333.4261806537
9530,-0.9145586009818094,3795823.800469835
9531,0.1524012069126007,1131234.4486411388
9532,-0.04599750024607032,1404489.4990815795
9533,-0.1939764767878996,1657531.1016360244
9534,1.400552043223161,376868.6735736603
9535,0.023635834436249076,1300694.3623093395
9536,0.4024517098687095,871923.0904308878
9537,-0.4835755225049343,2308046.1454263926
9538,-0.1491550620855759,1575908.238915634
9539,0.6360472001706771,694410.7536057284
9540,0.4494829075164817,831772.1516042708
9541,0.2992459919577817,969007.880033583
9542,-0.031175618898661266,1381628.187715272
9543,1.1880020098653306,436794.08678965695
9544,1.273720169432258,410681.9089347697
9545,1.4465757756929196,365868.85080707737
9546,-1.135468560451904,4881761.910027539
9547,-0.008068807687377052,1346826.8349444645
9548,-0.035952117925781304,1388949.0562198707
9549,0.680738334978418,666120.068066538
9550,-1.5407191897287287,7626162.134666972
9551,-0.21884315795950365,1704806.8636218046
9552,0.49718701925253306,793452.7637155976
9553,0.8512992129882001,571931.1165112174
9554,-0.24363867520152038,1753413.712672136
9555,0.11152277885379841,1182065.432430118
9556,1.8325380974841883,294598.647869075
9557,-0.20921062848372377,1686321.2947235336
9558,0.49571001606412046,794604.264130379
9559,0.5023791634269147,789422.1892569629
9560,0.1751715419492035,1104045.6364866379
9561,1.8817049998417708,287701.32410112047
9562,-0.4885742038546362,2321389.8802517033
9563,0.2308518391068656,1040792.1368015333
9564,1.3053650026770962,401734.08066464437
9565,-0.45967402937803353,2245329.164803772
9566,-2.3590553700325527,17031507.54451894
9567,-1.6074742868406864,8186637.850636939
9568,0.30772693714114613,960536.5204056329
9569,-0.06785664858390837,1438990.5172201535
9570,1.3076771094950472,401094.1890417704
9571,0.9222748200155952,538421.4187574306
9572,1.6544597849690168,323324.96530891897
9573,-1.5765392968074456,7922774.6245851815
9574,-0.4965905286222226,2342955.323624515
9575,-1.1322619819968756,4864128.419051529
9576,-0.04549849950794668,1403712.8990575217
9577,0.29542597066613974,972853.7477392373
9578,1.537086218808399,345993.33051041525
9579,1.4725486442674942,359934.57518764015
9580,-1.4744417964766001,7102016.318986649
9581,-0.3104073089214146,1891903.8163769452
9582,1.4528112775353201,364426.5861236416
9583,0.12883445438886068,1160216.1679837708
9584,-1.80211194470549,10017385.264390465
9585,1.653918317826884,323422.19132191554
9586,0.23885248766980932,1032067.0797010807
9587,-0.6092139419961171,2668535.8261109567
9588,0.6434059941707438,689639.8165225851
9589,-0.11698833263727712,1520069.3386847954
9590,-0.572966272963654,2559010.880297359
9591,-0.8955018813137151,3713653.156913751
9592,0.07310480051120447,1232302.129951847
9593,-0.9414317315344104,3914640.23403436
9594,0.12137920011857484,1169566.665529852
9595,-1.635920205288935,8435669.299027512
9596,-1.4532377242161352,6940942.45664786
9597,1.0849077371215425,472198.52201085445
9598,-1.1039179183743348,4710774.305766785
9599,0.7557467144350057,622145.7671131435
9600,-0.44088041397758154,2197257.0758364713
9601,1.4875271057939619,356598.5895915069
9602,0.8532195239731045,570983.7650892417
9603,-0.8608050152961739,3568388.742963598
9604,0.38554710478147336,886957.8026888086
9605,-0.1718366849467486,1616646.015115118
9606,0.0837812438341795,1218094.890040534
9607,-0.0397313828500055,1394772.6823481703
9608,1.687596577207887,317496.1982047844
9609,-0.5887975683536135,2606276.0872909343
9610,0.38597261251399734,886575.3439628058
9611,-0.49958442582908363,2351062.2956038653
9612,0.050879908363792165,1262500.13254457
9613,0.8730722001395501,561325.3667698938
9614,-0.5542386168934045,2504219.582561446
9615,0.5456732258067772,756841.827453067
9616,0.20024855569485725,1075001.179276961
9617,0.06206571710175469,1247195.307389776
9618,0.3327072885932891,936112.7351452624
9619,1.4939458931771397,355187.92806210637
9620,-1.613773874442752,8241256.293655073
9621,1.5474844874995273,343849.76126088976
9622,1.4231061387442037,371399.1126480782
9623,-0.5663291926369342,2539454.8744956143
9624,-0.6984132288859392,2958523.0009940527
9625,0.9443683815530487,528597.1668521466
9626,2.232604980939731,248620.07065805164
9627,-0.03500476489935157,1387493.5682389806
9628,-0.7261582917048901,3054955.844733202
9629,0.6185005899995188,705970.781387942
9630,-2.221585298283093,15044154.255455563
9631,-0.21020003871763485,1688209.9355653913
9632,1.4469097599941962,365791.3159099542
9633,-1.6330985735701569,8410690.789820049
9634,1.3997415125818018,377068.12116537767
9635,-0.655888940247809,2816548.1333473874
9636,0.23669220826084758,1034414.1762853449
9637,0.2997124507029999,968539.552989362
9638,-0.8825659132350491,3658844.724713072
9639,1.5090668626703223,351908.9444243691
9640,1.2318693343430653,423077.6204321194
9641,0.13167224918953982,1156680.170241193
9642,-0.45448458596684865,2231946.943932551
9643,-0.5836339480841078,2590763.458652038
9644,2.045202312342983,267478.0374957666
9645,1.012525107965305,499981.8079805928
9646,-0.011692676347960842,1352218.1140884336
9647,-1.9438454470144477,11545102.82623332
9648,0.300551448284623,967697.8989095564
9649,-1.0987405168475566,4683245.760490373
9650,-0.9501226587864307,3953814.3535682578
9651,0.02131076832399427,1304015.1947347827
9652,-0.17192759322306148,1616811.6107569744
9653,0.7793456300098637,609165.1234017715
9654,-1.5738651374814934,7900302.181635739
9655,2.2415306300699314,247820.15027609575
9656,0.6288310626358943,699133.290809043
9657,0.982226316170157,512395.41418731265
9658,1.961346606003463,277358.072311874
9659,0.5030792757227821,788880.7610008011
9660,-0.25190220836686505,1769945.1856125607
9661,-0.905341943417358,3755868.5233297017
9662,-0.015123094462601985,1357344.2972366016
9663,0.6529515271065465,683518.0909998184
9664,0.43386366548716093,844838.1944559667
9665,-0.30510669887060987,1880491.167517983
9666,-0.14910855343165128,1575825.879523728
9667,1.3228145187700937,396950.48869615846
9668,-0.5957369177861312,2627271.412214526
9669,1.2493831859297766,417810.41543139593
9670,0.9556209943096157,523699.277205958
9671,-0.768279061815666,3207296.904525254
9672,1.5101552572468795,351675.2944849059
9673,1.3138428982774766,399396.8402972141
9674,0.02868414971870788,1293517.441199657
9675,2.0252481721102176,269740.84028476337
9676,-1.407556688017552,6604561.448020855
9677,0.2912250227725594,977104.8981223947
9678,-0.7890850873837534,3285266.446397709
9679,-1.288239137034583,5791953.046155459
9680,0.4597062736408503,823360.930979363
9681,-1.3613439580886053,6278715.5479481835
9682,-0.4704892747824178,2273486.816547825
9683,-0.24257849278298324,1751304.9162494605
9684,0.7342623741478455,634310.6621104202
9685,-1.5254956167315634,7502960.136074396
9686,-1.3817339813868665,6420719.440116523
9687,1.3739630136721332,383518.21514497505
9688,1.1005366898067463,466528.5001558917
9689,-1.5220388924647092,7475220.712966293
9690,0.04346757359151616,1272761.8616767689
9691,1.9563189319333145,277982.30780705996
9692,0.7002789521795327,654252.446988157
9693,0.5800059103823245,732265.3348543225
9694,-0.18562917870544085,1641984.5265197034
9695,0.5129701513771094,781283.592388513
9696,0.3319808164669028,936812.0353131337
9697,-0.3662813766324325,2016793.2047303047
9698,0.5422493885898083,759352.8059536351
9699,-0.17046170594139742,1614143.671931545
9700,0.3264940731194028,942114.6495334471
9701,0.735598240697988,633544.4281767897
9702,1.0621464365354907,480660.5212463535
9703,0.9995163638911526,505252.7727311
9704,-0.4513005577982311,2223777.164593423
9705,-0.36724256419753953,2019016.6338678082
9706,-2.111621982037159,13577008.617014566
9707,-0.018902112497110678,1363017.0735531873
9708,1.7931873441531687,300421.78320777137
9709,0.8451328892518164,574988.9936680844
9710,-1.683574919676852,8866835.472102199
9711,0.31015058770551884,958132.471034028
9712,1.2252940178995222,425085.4105448467
9713,1.0342382820451257,491376.5837525236
9714,0.8733685304220148,561183.0557055286
9715,0.8308185591967531,582181.4489336136
9716,-0.990306144705406,4139795.5865152874
9717,0.2689348073490682,1000047.9812759572
9718,1.9168788581719802,283011.3906736895
9719,-0.5586403204719973,2516989.4549349854
9720,0.8267026552742727,584274.1288306601
9721,0.41072334746113487,864684.5192263618
9722,-1.9275786565425295,11361124.8291786
9723,-0.3224181460410008,1918038.797077869
9724,0.2766342530500423,992048.9191996641
9725,0.060177110030248025,1249764.1962486603
9726,1.5011611652226833,353615.6073731884
9727,-0.5504540900859453,2493292.947436495
9728,0.9748932172145472,515472.75671605143
9729,0.5828311631847892,730290.8744268082
9730,-0.089006920425826,1473284.0156311488
9731,0.07607464914545121,1228330.8173014862
9732,0.8812793254637176,557403.8596986033
9733,-0.37882620734330597,2046016.4452078845
9734,-0.6595743967816895,2828579.4596247687
9735,0.20890497197625196,1065188.9368982955
9736,-0.6088266821467434,2667341.031419861
9737,-0.18142962834883436,1634223.5351637162
9738,0.8476602734112513,573732.7381646393
9739,0.11723304139748679,1174805.2869677157
9740,-0.036867609163701506,1390357.238975016
9741,0.4321261216795508,846307.9924926112
9742,0.40000476580294797,874079.213360466
9743,1.2837845144972833,407797.3478348842
9744,-0.6547448850772242,2812823.717578511
9745,0.07358419225537607,1231660.0709890127
9746,0.35535234973841434,914638.1572870945
9747,-0.6696301463322988,2861668.205746359
9748,1.0144319886514814,499216.49724884104
9749,1.2084040717658309,430319.9812962624
9750,-2.756435172987801,23725204.91736425
9751,0.7949105884678408,600816.5195122511
9752,-0.06102731011368974,1428109.8296028846
9753,-0.5577401688152812,2514372.628520356
9754,2.1549898695094103,255934.5198735708
9755,-1.6337896176652198,8416802.610234104
9756,-0.8398177695774451,3483186.409607522
9757,-0.2822224571189416,1832059.1465408686
9758,0.7098218251577699,648564.300264613
9759,0.4057881312593816,868994.1044507546
9760,-0.24797725820751496,1762072.2474465147
9761,0.88156790944143,557266.7188720938
9762,1.3635987735520811,386170.77917968464
9763,-0.8753636787590773,3628665.757456502
9764,-0.665255617951798,2847226.544286207
9765,1.519881507914839,349601.2839356293
9766,-0.729538657389038,3066914.8236779794
9767,0.4254881695853455,851953.3941231187
9768,-1.4229588512984643,6716371.90902588
9769,1.361890466095082,386611.3132280516
9770,0.6227315107905254,703159.4396059781
9771,-0.7334249303620526,3080720.551326377
9772,0.23535421963588962,1035871.1239806253
9773,-1.2116888209547618,5318389.086803574
9774,-0.7008014749657886,2966704.027808045
9775,-1.7534264189173459,9531137.880556567
9776,-0.8130301942601917,3377284.440558465
9777,0.6917349060189582,659404.8216418948
9778,0.5227383217339173,773874.9757092332
9779,0.3907702951888903,882277.4781490442
9780,-0.3167683924602838,1905697.5408828093
9781,0.5661210568176918,742073.9716736076
9782,-1.6347134136263164,8424978.688981093
9783,-0.8956132983270532,3714128.609180264
9784,-0.6368100974401626,2755077.2635565363
9785,-1.0136618326539848,4251634.83672119
9786,0.5115501626342149,782368.3488175103
9787,-1.1082189631793018,4733756.102734408
9788,-2.286933487378784,15967576.228335273
9789,0.6040319296908805,715701.3804227418
9790,0.21243912001412732,1061213.9532788605
9791,-0.4684606291791753,2268177.480537444
9792,0.5661657290138655,742042.1320933298
9793,-0.0512498260200779,1412693.3105446612
9794,1.0146534755474887,499127.72602556867
9795,-0.07864822921853121,1456374.8008125566
9796,-0.5598673554711265,2520561.024244896
9797,0.7681311753825675,615284.5814314012
9798,-0.7106003435572268,3000505.3975874325
9799,-0.7129338974153411,3008610.9948926135
9800,-1.4320080028780442,6782822.27459277
9801,-0.9290480100271342,3859455.2584172143
9802,-1.4353064749976232,6807184.308109865
9803,0.7255838704952874,639320.7102708727
9804,-0.32044386400466063,1913716.5370300808
9805,0.0663964210625624,1241327.799115198
9806,0.6442012224352008,689126.9453375846
9807,0.0282612895158453,1294116.845775812
9808,0.00881018197769878,1322037.3635749666
9809,0.09482467820631793,1203600.1309054876
9810,0.1309752962592608,1157547.4185118333
9811,-1.9467162197066716,11577807.269599117
9812,-1.43353567882885,6794096.117416478
9813,-0.3158621813775065,1903725.9207894395
9814,0.6631996497542334,677028.957882179
9815,0.48669696590597766,801678.6269218213
9816,0.20679150839167626,1067574.605459285
9817,1.4260132789991482,370705.2609713119
9818,2.246304787492122,247395.64293487172
9819,-0.27820097601957644,1823687.321296121
9820,2.364604651953519,237582.35679880297
9821,-0.00330675775164752,1339779.559498554
9822,2.1698852543563314,254479.3373856637
9823,-0.656992045873829,2820143.9018767835
9824,-1.0504843262304482,4433701.087148335
9825,-1.2305965737085394,5432019.463637637
9826,0.2706630024797242,998245.6699429139
9827,-0.281753849389156,1831081.4862699679
9828,0.1499062027262729,1134261.7829022538
9829,-0.3223211310690656,1917826.1609808137
9830,-0.9087587194803992,3770633.7095644874
9831,-0.07890561136235223,1456792.294634514
9832,-0.7536798612698261,3153669.605450947
9833,2.252313404496627,246864.66497611333
9834,0.80600312448861,594967.8569790873
9835,0.9550372321000463,523951.6391476467
9836,-0.1418690521487448,1563063.7681675279
9837,-1.006168850670506,4215450.222986341
9838,1.3278973472314006,395576.72005659126
9839,-0.6276260431030756,2725967.5929894038
9840,0.09609871721210979,1201940.9448692854
9841,0.9407477673556724,530188.1559304129
9842,0.15093838349793184,1133008.2121366034
9843,-1.2965545405498715,5845589.10316509
9844,-1.6808808644138025,8841988.640870487
9845,-0.14119134580583054,1561874.9482879639
9846,0.019249633867499356,1306967.2169199625
9847,0.4036698677607893,870852.2356416946
9848,1.1079037253733641,463894.6626603598
9849,-1.8399844278569135,10409100.47557964
9850,0.6783354332552356,667600.1341921014
9851,-0.3441141493058863,1966228.0272756615
9852,0.6165378884194976,707280.1555961728
9853,-0.22680414893673034,1720251.3032539783
9854,-0.6585057040494484,2825085.397561552
9855,0.1779019165897221,1100838.0662055612
9856,-1.1807512649602614,5137070.890334621
9857,1.6994869700372544,315461.7162279496
9858,-0.3073022480190689,1885209.409191213
9859,-0.47823869166915106,2293887.0826939046
9860,1.6033726674166844,332789.37267113687
9861,0.11873300917543993,1172906.9105780763
9862,-0.9668843659411308,4030415.18683243
9863,1.1469961144874918,450323.7824943054
9864,-0.02257860139657084,1368561.8765908254
9865,-0.180425165653159,1632373.2098600399
9866,-0.9575332083137026,3987509.521920611
9867,0.2570624945248999,1012537.74887572
9868,-0.010814237107239085,1350908.9892142764
9869,0.6264795059892264,700681.7465907757
9870,-0.6331209331211435,2743346.859165024
9871,1.1072586732493823,464124.2949593879
9872,-0.3175252920532673,1907345.9780512524
9873,1.8707898923374593,289197.44941379485
9874,-0.4113716082128591,2123928.102121034
9875,-0.2973906402520793,1864009.3301615887
9876,0.06291712573144781,1246039.2248756678
9877,2.0831689505204345,263316.9056722814
9878,2.4065238846806043,234408.17267637633
9879,0.45382819945678876,828183.5706223975
9880,-0.2862381335172599,1840460.1233675003
9881,-1.4314204089561255,6778490.279575431
9882,0.14415071015089406,1141282.0158203805
9883,1.0434211368073474,487808.41230673157
9884,0.40535458518542516,869373.9976827285
9885,-1.3173863963563206,5981891.681805843
9886,-0.4208193940892421,2147123.506245452
9887,1.4999786506244341,353872.3304570136
9888,0.1672191379690288,1113451.7228849719
9889,1.232522195365208,422879.17689605226
9890,0.06273475256335227,1246286.7548944128
9891,-0.4547303898634199,2232578.93720738
9892,-1.1680739726569411,5064400.00571842
9893,0.30035597597045965,967893.9093352599
9894,1.1450973742606647,450967.4740356925
9895,0.5907353183584507,724804.9583017494
9896,0.8655418647993282,564959.9800124837
9897,-1.0995327721424484,4687448.628590523
9898,-0.15115343743475415,1579451.5428386098
9899,1.8418469726341924,293261.1853922658
9900,-0.1387542557003425,1557608.1230560562
9901,-0.6345456879024591,2747871.1945551257
9902,-1.63056144335694,8388282.98811131
9903,0.7160843989179507,644869.1853324225
9904,1.1471960311093494,450256.09903655463
9905,-0.6739327517621416,2875943.57451494
9906,2.251826119902735,246907.58982166302
9907,1.2126510698647999,428993.1968548251
9908,1.1053329214893288,464810.96565711603
9909,1.0205280571754396,496782.35049257043
9910,-2.403333832139463,17707975.37487047
9911,1.0934875009187122,469071.91664685466
9912,-1.3532434724904567,6223066.255041664
9913,0.5585712089673361,747481.4231789872
9914,-0.47622313461827087,2288563.006759859
9915,-2.1549605460241565,14142299.452566076
9916,1.5317003701541636,347114.51453217946
9917,0.26627601616919877,1002828.5916405206
9918,-1.2880115913231793,5790491.4779269835
9919,1.902290786509751,284932.508436024
9920,0.6368924631245242,693860.4431703489
9921,-1.8968958789158168,11020258.619683791
9922,0.7139231953112084,646141.0009535253
9923,-0.8416800560254477,3490666.838235736
9924,0.12640206500251094,1163257.1806548613
9925,-1.1059166461121923,4721441.35295179
9926,0.48432030664943926,803557.778769656
9927,-0.24503706802833705,1756199.4489701958
9928,-0.01989032223899607,1364504.9522589652
9929,0.7136593528531504,646296.5081061901
9930,0.24071560062831196,1030048.0448469587
9931,0.0553672226401289,1256334.4072226228
9932,0.44428004847969177,836095.4166065217
9933,-1.684619486335738,8876484.659743652
9934,-0.09732319164404568,1487018.6173271611
9935,0.01273675436221603,1316345.7689101014
9936,0.8433939674290779,575855.7070598669
9937,-0.47021653554136755,2272772.2604810665
9938,0.18188979740346878,1096173.2175652792
9939,0.17638192214964588,1102622.3376800711
9940,2.0538619973839216,266512.4932837234
9941,0.6584659485622454,680015.7133575192
9942,-0.8548998267643273,3544214.6771388208
9943,0.9428179727993226,529277.5531119133
9944,-0.14309114592732278,1565210.07686503
9945,0.4563217042101566,826133.3332014858
9946,-0.9384976645427762,3901498.125357193
9947,0.6423773529618647,690304.0032106949
9948,-1.723660254992285,9243300.742370812
9949,0.9184677697841197,540142.5313895459
9950,0.857005416623991,569122.8848854249
9951,-0.970967280994952,4049284.8215151643
9952,1.4078034544986167,375093.2878633044
9953,-0.6537889249104971,2809715.40761206
9954,-0.9222822235604764,3829617.665614858
9955,-2.890573895215086,26288857.61867949
9956,-0.0785122820178457,1456154.338158678
9957,-0.5919192528039376,2615699.8273783918
9958,0.2677389568784341,1001297.452374483
9959,0.14758316414999817,1137089.1130760526
9960,0.7110580081309348,647832.5536709804
9961,0.719290421205232,642989.0198992977
9962,-0.8605168500140314,3567205.4120949525
9963,-0.20765344439027464,1683353.526184846
9964,-0.21295163536559325,1693474.4825505046
9965,-0.7768375996526111,3239148.529385149
9966,-2.29478394723366,16081104.638246382
9967,0.693711226138098,658207.987615721
9968,0.7961350262903376,600166.8216818412
9969,0.5430882752582517,758736.5582888367
9970,1.1926694525672261,435298.19538613583
9971,0.24672003853529234,1023573.7178599051
9972,1.2839206730374104,407758.5735486283
9973,-0.09447905329865804,1482305.3584609104
9974,1.1879082598776312,436824.2238836809
9975,-0.22385929265103016,1714520.5630459706
9976,1.0790482659286802,474353.5166306391
9977,0.1343763768188531,1153322.5719538932
9978,0.7965118213418706,599967.0963476257
9979,-1.016661395881405,4266201.277079505
9980,1.7256127931416996,311094.081861935
9981,1.8400393549429466,293519.7217363105
9982,-0.21078128732352963,1689320.531448279
9983,-2.1907777300651827,14622174.341352955
9984,-0.22103861483366088,1709050.9518654845
9985,-2.658786854126911,21952579.45037042
9986,-0.16911369465699358,1611694.5465365003
9987,0.23129534116498607,1040306.1401735209
9988,-0.12974275898113985,1541942.831633468
9989,0.2920351207104804,976283.3385393533
9990,-1.706684662834163,9082319.611265307
9991,-0.63028767621209,2734371.983547752
9992,-0.30341086264213146,1876855.4577284541
9993,1.0525784426577054,484291.53369054274
9994,0.6840271833280629,664101.707442032
9995,1.2719830856467873,411183.49276303675
9996,0.604458418059618,715411.954663767
9997,-0.6381572145809229,2759373.1974420976
9998,-0.2076742776162021,1683393.193651384
9999,-0.5888857902807586,2606541.93973073
10000,-0.0731927183236849,1447557.1003370967
