simulation_id,portfolio_loss
1,11677778.402051054
2,142363565.85482752
3,0.0
4,0.0
5,0.0
6,5976977.48510973
7,11677778.402051054
8,0.0
9,0.0
10,0.0
11,0.0
12,0.0
13,0.0
14,160152969.83826774
15,0.0
16,0.0
17,0.0
18,0.0
19,59034556.60076778
20,0.0
21,0.0
22,0.0
23,0.0
24,5821854.099076635
25,27623550.54699586
26,0.0
27,12448178.554254126
28,0.0
29,16130553.672878135
30,0.0
31,0.0
32,0.0
33,0.0
34,0.0
35,11613972.383618651
36,0.0
37,0.0
38,11613972.383618651
39,0.0
40,0.0
41,0.0
42,0.0
43,17107476.099235125
44,4621520.097217464
45,0.0
46,0.0
47,0.0
48,0.0
49,0.0
50,5821854.099076635
51,19382699.715907596
52,0.0
53,0.0
54,0.0
55,10071845.509254556
56,0.0
57,0.0
58,12448178.554254126
59,0.0
60,18619747.60435972
61,0.0
62,0.0
63,0.0
64,48300924.01335179
65,0.0
66,75692732.34764478
67,23177683.611344334
68,0.0
69,17487758.163063645
70,17435826.482695285
71,0.0
72,0.0
73,0.0
74,0.0
75,0.0
76,79263694.20261267
77,0.0
78,0.0
79,0.0
80,0.0
81,15934358.899960449
82,0.0
83,0.0
84,0.0
85,0.0
86,4621520.097217464
87,0.0
88,17487758.163063645
89,18428681.515128814
90,0.0
91,0.0
92,12684329.314644454
93,0.0
94,24688312.014599428
95,48114751.16754987
96,0.0
97,0.0
98,0.0
99,30507938.509021416
100,0.0
101,13759091.216199582
102,0.0
103,0.0
104,0.0
105,6153572.77424745
106,0.0
107,10575177.135904955
108,39085287.89629889
109,70118412.20147169
110,0.0
111,0.0
112,0.0
113,12233763.655097743
114,0.0
115,55124593.17257643
116,0.0
117,17487758.163063645
118,0.0
119,0.0
120,11258431.526111448
121,0.0
122,17487758.163063645
123,16225418.283502005
124,0.0
125,18931697.39459268
126,6153572.77424745
127,0.0
128,0.0
129,0.0
130,0.0
131,18153044.021140672
132,0.0
133,0.0
134,10573776.65236366
135,10575177.135904955
136,0.0
137,10575177.135904955
138,0.0
139,0.0
140,5976977.48510973
141,0.0
142,9658035.604475295
143,11613972.383618651
144,0.0
145,0.0
146,18619747.60435972
147,0.0
148,20034192.275343843
149,0.0
150,9658035.604475295
151,11613972.383618651
152,0.0
153,0.0
154,0.0
155,51310536.21515198
156,0.0
157,30297526.006410774
158,0.0
159,10729505.057090208
160,0.0
161,11130498.614125397
162,20788534.21860069
163,0.0
164,0.0
165,10443374.1962941
166,15500416.494899493
167,0.0
168,0.0
169,0.0
170,17147454.707532935
171,0.0
172,0.0
173,0.0
174,16299298.499268517
175,5862513.390705893
176,0.0
177,30693713.55770329
178,0.0
179,58044902.86085479
180,18931697.39459268
181,11613972.383618651
182,4621520.097217464
183,0.0
184,0.0
185,6153572.77424745
186,0.0
187,10729505.057090208
188,12448178.554254126
189,0.0
190,96441669.98227276
191,0.0
192,28691593.113614276
193,17917013.97793504
194,18931697.39459268
195,17573181.51545907
196,17260261.59748721
197,32607892.594134618
198,0.0
199,0.0
200,0.0
201,0.0
202,27739219.974595323
203,0.0
204,0.0
205,8807522.580002641
206,0.0
207,0.0
208,0.0
209,0.0
210,0.0
211,34430791.60997816
212,23309612.26214028
213,0.0
214,116839134.19525915
215,9658035.604475295
216,0.0
217,11613972.383618651
218,11677778.402051054
219,0.0
220,6153572.77424745
221,0.0
222,4621520.097217464
223,0.0
224,15002440.44003371
225,0.0
226,11677778.402051054
227,5821854.099076635
228,0.0
229,0.0
230,0.0
231,0.0
232,45064636.448751785
233,10729505.057090208
234,0.0
235,22669427.6936987
236,0.0
237,0.0
238,0.0
239,17917013.97793504
240,0.0
241,0.0
242,18619747.60435972
243,0.0
244,0.0
245,0.0
246,0.0
247,50363103.28799873
248,9706536.569060821
249,20421494.963621292
250,0.0
251,10071845.509254556
252,0.0
253,16727349.42661111
254,11677778.402051054
255,0.0
256,12951661.418241609
257,88422747.77396518
258,12448178.554254126
259,36070057.99907571
260,0.0
261,11613972.383618651
262,0.0
263,22342364.91911975
264,8807522.580002641
265,0.0
266,47131258.84829495
267,0.0
268,23464735.648173377
269,11130498.614125397
270,0.0
271,20959493.824756682
272,8094155.782518536
273,33573191.0449967
274,55016342.70973758
275,5821854.099076635
276,17499632.50112769
277,0.0
278,12448178.554254126
279,11677778.402051054
280,0.0
281,0.0
282,24056667.013962585
283,0.0
284,10729505.057090208
285,0.0
286,0.0
287,45873972.67047519
288,22520024.063508682
289,9345521.441138031
290,0.0
291,0.0
292,0.0
293,0.0
294,0.0
295,0.0
296,22084955.436310414
297,28062935.2989686
298,11823714.866469627
299,0.0
300,30737354.63027996
301,25374346.954091314
302,0.0
303,0.0
304,0.0
305,4621520.097217464
306,0.0
307,16107977.951200685
308,0.0
309,48413730.56220553
310,0.0
311,0.0
312,11613972.383618651
313,19382699.715907596
314,0.0
315,6530756.540397004
316,11613972.383618651
317,20154990.985247508
318,89024678.08552995
319,0.0
320,0.0
321,0.0
322,0.0
323,8807522.580002641
324,0.0
325,0.0
326,0.0
327,11258431.526111448
328,0.0
329,0.0
330,11258431.526111448
331,9706536.569060821
332,114268142.39403805
333,0.0
334,0.0
335,25374346.954091314
336,12951661.418241609
337,30062196.008718077
338,0.0
339,0.0
340,42967709.485531464
341,0.0
342,15040213.458713753
343,0.0
344,12951661.418241609
345,15104019.477146156
346,17105933.67630196
347,23291750.785669707
348,0.0
349,6153572.77424745
350,11677778.402051054
351,26873075.15163218
352,84351582.4824836
353,0.0
354,0.0
355,0.0
356,17435826.482695285
357,17487758.163063645
358,12448178.554254126
359,0.0
360,27427270.18436236
361,11130498.614125397
362,26160775.024249528
363,0.0
364,15500416.494899493
365,5821854.099076635
366,0.0
367,2117178.297408806
368,11130498.614125397
369,0.0
370,81154997.64350331
371,11677778.402051054
372,0.0
373,0.0
374,0.0
375,6530756.540397004
376,0.0
377,0.0
378,39748175.61529976
379,75123199.09043154
380,0.0
381,27005703.283448216
382,0.0
383,9658035.604475295
384,0.0
385,0.0
386,0.0
387,0.0
388,0.0
389,0.0
390,0.0
391,65016813.66867383
392,0.0
393,0.0
394,0.0
395,27458254.96724261
396,48139749.92965589
397,0.0
398,3426241.075095102
399,11130498.614125397
400,25926879.818629626
401,0.0
402,0.0
403,0.0
404,0.0
405,15002440.44003371
406,11613972.383618651
407,0.0
408,21095906.232571565
409,69525624.37862593
410,0.0
411,0.0
412,0.0
413,0.0
414,40190137.98356769
415,18931697.39459268
416,126228693.67922921
417,0.0
418,0.0
419,6153572.77424745
420,29003542.903847236
421,14311506.95146968
422,0.0
423,15876269.513608389
424,0.0
425,0.0
426,0.0
427,2117178.297408806
428,0.0
429,0.0
430,0.0
431,16117196.024867568
432,40234870.203850254
433,0.0
434,0.0
435,45548110.218245044
436,0.0
437,0.0
438,0.0
439,0.0
440,0.0
441,0.0
442,21733690.97983983
443,0.0
444,0.0
445,0.0
446,0.0
447,30843182.377772227
448,9345521.441138031
449,0.0
450,2117178.297408806
451,0.0
452,38312996.62695898
453,0.0
454,0.0
455,0.0
456,0.0
457,0.0
458,0.0
459,49672546.87934274
460,0.0
461,82268128.55041167
462,0.0
463,77203471.99823001
464,11677778.402051054
465,0.0
466,35068394.5461478
467,10573776.65236366
468,51109946.20745708
469,79681203.8255299
470,0.0
471,11613972.383618651
472,0.0
473,0.0
474,9706536.569060821
475,59932675.43146251
476,4621520.097217464
477,6153572.77424745
478,0.0
479,14155746.13218531
480,0.0
481,0.0
482,0.0
483,24773320.37860717
484,25892445.422420967
485,0.0
486,0.0
487,0.0
488,78023359.70998025
489,0.0
490,0.0
491,11130498.614125397
492,62448817.35505806
493,0.0
494,5821854.099076635
495,0.0
496,0.0
497,27913270.88288717
498,9658035.604475295
499,0.0
500,0.0
501,0.0
502,0.0
503,26683155.08710564
504,38916254.96737713
505,9345521.441138031
506,0.0
507,16299298.499268517
508,12951661.418241609
509,0.0
510,0.0
511,0.0
512,0.0
513,0.0
514,0.0
515,143302849.02922058
516,14629376.679079276
517,0.0
518,0.0
519,10729505.057090208
520,0.0
521,0.0
522,85453475.44795698
523,0.0
524,0.0
525,0.0
526,0.0
527,0.0
528,37551444.9989524
529,7163971.374201123
530,58326643.528954916
531,0.0
532,55202465.98157267
533,0.0
534,11613972.383618651
535,0.0
536,3737730.29910602
537,0.0
538,26132939.054159105
539,0.0
540,26098914.077226683
541,17487758.163063645
542,11258431.526111448
543,6153572.77424745
544,12448178.554254126
545,0.0
546,0.0
547,0.0
548,0.0
549,34126994.1441738
550,0.0
551,0.0
552,0.0
553,6530756.540397004
554,51067907.48101877
555,3737730.29910602
556,0.0
557,9706536.569060821
558,0.0
559,0.0
560,0.0
561,0.0
562,0.0
563,21255701.134256765
564,0.0
565,0.0
566,8807522.580002641
567,0.0
568,17487758.163063645
569,0.0
570,28217263.220153853
571,11613972.383618651
572,0.0
573,0.0
574,50976057.064893104
575,0.0
576,6530756.540397004
577,0.0
578,60437213.43145658
579,18619747.60435972
580,0.0
581,0.0
582,0.0
583,0.0
584,0.0
585,10729505.057090208
586,0.0
587,50779146.66238725
588,0.0
589,0.0
590,0.0
591,43687912.10374566
592,0.0
593,0.0
594,0.0
595,0.0
596,15002440.44003371
597,0.0
598,0.0
599,15002440.44003371
600,0.0
601,64361474.49707085
602,59036460.40851003
603,0.0
604,16107977.951200685
605,0.0
606,0.0
607,0.0
608,10071845.509254556
609,0.0
610,0.0
611,0.0
612,12448178.554254126
613,0.0
614,12951661.418241609
615,3737730.29910602
616,71010876.44240746
617,9956997.615492105
618,0.0
619,0.0
620,0.0
621,5821854.099076635
622,23830936.725454137
623,18619747.60435972
624,0.0
625,11613972.383618651
626,0.0
627,12951661.418241609
628,0.0
629,0.0
630,31379875.948846806
631,0.0
632,0.0
633,13759091.216199582
634,0.0
635,0.0
636,0.0
637,0.0
638,0.0
639,0.0
640,0.0
641,0.0
642,0.0
643,0.0
644,86412096.22994179
645,28638233.9636535
646,15002440.44003371
647,0.0
648,0.0
649,38028290.31921588
650,21704275.26648906
651,9658035.604475295
652,0.0
653,139322638.96878856
654,10729505.057090208
655,0.0
656,0.0
657,57586773.23374393
658,13759091.216199582
659,11677778.402051054
660,63759420.17668459
661,11130498.614125397
662,0.0
663,11613972.383618651
664,11613972.383618651
665,7163971.374201123
666,0.0
667,0.0
668,0.0
669,36869057.39542995
670,0.0
671,0.0
672,0.0
673,6153572.77424745
674,0.0
675,0.0
676,0.0
677,0.0
678,0.0
679,26207269.770453706
680,36009971.04625158
681,0.0
682,0.0
683,11130498.614125397
684,34724808.25883344
685,0.0
686,0.0
687,0.0
688,47651883.96504236
689,17435826.482695285
690,0.0
691,0.0
692,18619747.60435972
693,40791701.06580828
694,0.0
695,60884723.463466495
696,12448178.554254126
697,25759781.46721434
698,0.0
699,48911304.21844067
700,0.0
701,17412004.3003589
702,0.0
703,0.0
704,11677778.402051054
705,8807522.580002641
706,9658035.604475295
707,0.0
708,0.0
709,0.0
710,0.0
711,0.0
712,11130498.614125397
713,0.0
714,0.0
715,0.0
716,22388930.140236847
717,103783221.16447985
718,0.0
719,0.0
720,0.0
721,18619747.60435972
722,17487758.163063645
723,0.0
724,0.0
725,10575177.135904955
726,15040213.458713753
727,3426241.075095102
728,0.0
729,0.0
730,5821854.099076635
731,0.0
732,15500416.494899493
733,4621520.097217464
734,17487758.163063645
735,27948595.04915362
736,0.0
737,0.0
738,15002440.44003371
739,42927686.67926185
740,24773320.37860717
741,14001418.211000057
742,0.0
743,0.0
744,12448178.554254126
745,0.0
746,31545916.00419691
747,6153572.77424745
748,55018108.58847894
749,0.0
750,0.0
751,11613972.383618651
752,22744470.997744046
753,0.0
754,0.0
755,0.0
756,0.0
757,0.0
758,23526838.554146565
759,0.0
760,64440206.613249525
761,4621520.097217464
762,12926168.399837188
763,108749214.96444294
764,0.0
765,0.0
766,0.0
767,3426241.075095102
768,29047512.592060436
769,46481782.78532828
770,28121465.14941831
771,0.0
772,24753551.493669316
773,0.0
774,0.0
775,17487758.163063645
776,11677778.402051054
777,0.0
778,21705675.750030354
779,0.0
780,0.0
781,0.0
782,0.0
783,29101730.5466823
784,0.0
785,42351297.91164857
786,12926168.399837188
787,0.0
788,0.0
789,9706536.569060821
790,0.0
791,51513071.03327851
792,0.0
793,0.0
794,0.0
795,0.0
796,0.0
797,11130498.614125397
798,17767545.1578661
799,0.0
800,66951317.43972436
801,0.0
802,33467219.38233677
803,0.0
804,0.0
805,10071845.509254556
806,0.0
807,9706536.569060821
808,12951661.418241609
809,0.0
810,73841059.50089607
811,19238146.794005513
812,62260422.008046925
813,10729505.057090208
814,0.0
815,3426241.075095102
816,0.0
817,20736925.901768528
818,4621520.097217464
819,3737730.29910602
820,32679990.81109308
821,11130498.614125397
822,16952352.713202033
823,10575177.135904955
824,6153572.77424745
825,25604053.06248779
826,0.0
827,24018514.70346065
828,0.0
829,10071845.509254556
830,15002440.44003371
831,10573776.65236366
832,0.0
833,0.0
834,0.0
835,0.0
836,0.0
837,0.0
838,13953985.12610144
839,0.0
840,0.0
841,0.0
842,0.0
843,0.0
844,73632427.12595265
845,26179823.46045524
846,0.0
847,0.0
848,0.0
849,37298846.887434915
850,0.0
851,0.0
852,26616412.82365236
853,0.0
854,0.0
855,0.0
856,6530756.540397004
857,16883077.831337657
858,0.0
859,0.0
860,0.0
861,44182630.135629
862,10575177.135904955
863,25245213.106613487
864,51662081.9929043
865,0.0
866,23553217.491810143
867,16107977.951200685
868,0.0
869,0.0
870,8807522.580002641
871,10575177.135904955
872,0.0
873,0.0
874,0.0
875,0.0
876,37077618.37454679
877,0.0
878,0.0
879,0.0
880,0.0
881,12926168.399837188
882,24019444.004071794
883,0.0
884,15002440.44003371
885,26075593.63080445
886,0.0
887,0.0
888,8094155.782518536
889,0.0
890,0.0
891,17831351.176298503
892,18619747.60435972
893,16952352.713202033
894,0.0
895,9706536.569060821
896,0.0
897,0.0
898,0.0
899,0.0
900,0.0
901,0.0
902,0.0
903,4621520.097217464
904,0.0
905,11677778.402051054
906,0.0
907,48172459.35137451
908,5862513.390705893
909,0.0
910,0.0
911,0.0
912,77754284.680204
913,0.0
914,0.0
915,0.0
916,0.0
917,9345521.441138031
918,0.0
919,0.0
920,0.0
921,17069698.65147159
922,11677778.402051054
923,0.0
924,0.0
925,0.0
926,15500416.494899493
927,0.0
928,0.0
929,39668623.29636121
930,9706536.569060821
931,0.0
932,0.0
933,0.0
934,0.0
935,35534608.77024334
936,10729505.057090208
937,15500416.494899493
938,18931697.39459268
939,27290947.790916163
940,0.0
941,0.0
942,16107977.951200685
943,0.0
944,97742930.01763329
945,0.0
946,0.0
947,0.0
948,0.0
949,34024991.929135725
950,0.0
951,0.0
952,108128395.11059527
953,0.0
954,15500416.494899493
955,12951661.418241609
956,5862513.390705893
957,42053391.9649239
958,10775092.871464914
959,0.0
960,0.0
961,0.0
962,0.0
963,0.0
964,0.0
965,0.0
966,0.0
967,76102307.13934825
968,0.0
969,0.0
970,11613972.383618651
971,0.0
972,24565633.801860258
973,0.0
974,0.0
975,10575177.135904955
976,24596725.089469448
977,11677778.402051054
978,0.0
979,0.0
980,5976977.48510973
981,30233719.98797837
982,0.0
983,0.0
984,0.0
985,0.0
986,39599165.52950316
987,0.0
988,0.0
989,0.0
990,18619747.60435972
991,35039675.34579337
992,0.0
993,0.0
994,0.0
995,0.0
996,27238476.56532608
997,11258431.526111448
998,0.0
999,10575177.135904955
1000,16237293.109457824
1001,0.0
1002,0.0
1003,0.0
1004,0.0
1005,0.0
1006,9891303.07335347
1007,4621520.097217464
1008,0.0
1009,45489332.87011825
1010,0.0
1011,0.0
1012,8807522.580002641
1013,0.0
1014,25108724.30491385
1015,24488596.273289792
1016,0.0
1017,11677778.402051054
1018,0.0
1019,16352409.47493229
1020,0.0
1021,0.0
1022,0.0
1023,0.0
1024,17487758.163063645
1025,114919315.1735889
1026,0.0
1027,0.0
1028,119640704.47488046
1029,0.0
1030,0.0
1031,0.0
1032,17831351.176298503
1033,5862513.390705893
1034,0.0
1035,39475694.7462653
1036,0.0
1037,15030276.41012413
1038,0.0
1039,30070489.868837886
1040,0.0
1041,11613972.383618651
1042,0.0
1043,0.0
1044,0.0
1045,45558692.11565489
1046,0.0
1047,3737730.29910602
1048,0.0
1049,0.0
1050,56892980.70861787
1051,0.0
1052,0.0
1053,14309390.868761923
1054,37623304.64997305
1055,81649494.0478743
1056,0.0
1057,0.0
1058,20824294.539110344
1059,0.0
1060,15934358.899960449
1061,52827603.97889106
1062,0.0
1063,12448178.554254126
1064,0.0
1065,25577617.575938664
1066,0.0
1067,5821854.099076635
1068,0.0
1069,0.0
1070,0.0
1071,0.0
1072,16235492.480836116
1073,5821854.099076635
1074,0.0
1075,0.0
1076,30545669.778211333
1077,0.0
1078,5976977.48510973
1079,5821854.099076635
1080,0.0
1081,0.0
1082,6153572.77424745
1083,0.0
1084,0.0
1085,5976977.48510973
1086,0.0
1087,0.0
1088,11613972.383618651
1089,18619747.60435972
1090,83997953.9511388
1091,0.0
1092,0.0
1093,0.0
1094,0.0
1095,2117178.297408806
1096,0.0
1097,0.0
1098,0.0
1099,0.0
1100,33313113.21083174
1101,10071845.509254556
1102,0.0
1103,0.0
1104,0.0
1105,0.0
1106,15874419.629349228
1107,24176325.50594327
1108,0.0
1109,0.0
1110,0.0
1111,0.0
1112,0.0
1113,0.0
1114,0.0
1115,28342722.29377106
1116,10729505.057090208
1117,25243812.623072192
1118,15500416.494899493
1119,0.0
1120,6530756.540397004
1121,12448178.554254126
1122,0.0
1123,5821854.099076635
1124,0.0
1125,0.0
1126,24125956.95630518
1127,11613972.383618651
1128,79865385.43096316
1129,11613972.383618651
1130,0.0
1131,0.0
1132,0.0
1133,25374346.954091314
1134,0.0
1135,0.0
1136,0.0
1137,0.0
1138,0.0
1139,17917013.97793504
1140,0.0
1141,5821854.099076635
1142,32784487.88327234
1143,6530756.540397004
1144,0.0
1145,0.0
1146,0.0
1147,13498086.584349658
1148,23525438.07060527
1149,11613972.383618651
1150,24056667.013962585
1151,0.0
1152,27429797.113393914
1153,20979417.92514344
1154,17487758.163063645
1155,34397960.80963296
1156,0.0
1157,0.0
1158,54524252.76296906
1159,0.0
1160,0.0
1161,15030276.41012413
1162,0.0
1163,17487758.163063645
1164,0.0
1165,0.0
1166,12448178.554254126
1167,37221498.9328613
1168,0.0
1169,0.0
1170,0.0
1171,22669427.6936987
1172,0.0
1173,8807522.580002641
1174,0.0
1175,0.0
1176,0.0
1177,0.0
1178,0.0
1179,27238476.56532608
1180,0.0
1181,0.0
1182,10071845.509254556
1183,0.0
1184,0.0
1185,0.0
1186,0.0
1187,5862513.390705893
1188,0.0
1189,87673972.09481071
1190,0.0
1191,10575177.135904955
1192,0.0
1193,0.0
1194,0.0
1195,0.0
1196,45613451.998157024
1197,0.0
1198,32473753.667155538
1199,47771334.28769891
1200,70060375.30871828
1201,0.0
1202,11677778.402051054
1203,0.0
1204,11130498.614125397
1205,18931697.39459268
1206,22591263.300858296
1207,0.0
1208,0.0
1209,0.0
1210,17767545.1578661
1211,0.0
1212,0.0
1213,0.0
1214,0.0
1215,0.0
1216,19482417.958638612
1217,27178194.896950547
1218,11823714.866469627
1219,15030276.41012413
1220,0.0
1221,16185908.853360146
1222,0.0
1223,30418579.188546084
1224,0.0
1225,23738868.077011675
1226,6530756.540397004
1227,78089778.04600492
1228,10729505.057090208
1229,0.0
1230,15002440.44003371
1231,0.0
1232,0.0
1233,0.0
1234,25604053.06248779
1235,0.0
1236,0.0
1237,46696144.11434143
1238,33958915.313475475
1239,8807522.580002641
1240,0.0
1241,14155746.13218531
1242,5821854.099076635
1243,0.0
1244,12926168.399837188
1245,47131258.84829495
1246,0.0
1247,0.0
1248,17917013.97793504
1249,11677778.402051054
1250,15002440.44003371
1251,0.0
1252,0.0
1253,83176733.96662983
1254,0.0
1255,0.0
1256,0.0
1257,0.0
1258,28618256.777189042
1259,0.0
1260,0.0
1261,0.0
1262,0.0
1263,50984268.51050686
1264,0.0
1265,38646512.02635319
1266,0.0
1267,10575177.135904955
1268,15569049.959766714
1269,0.0
1270,33723767.08150588
1271,0.0
1272,10443374.1962941
1273,0.0
1274,0.0
1275,0.0
1276,0.0
1277,0.0
1278,47720860.250652805
1279,0.0
1280,0.0
1281,0.0
1282,86560141.26404831
1283,0.0
1284,36125548.920383096
1285,0.0
1286,0.0
1287,0.0
1288,0.0
1289,0.0
1290,13759091.216199582
1291,0.0
1292,41182263.90048895
1293,0.0
1294,33650522.677634075
1295,34021415.55277891
1296,70489588.83898145
1297,26160775.024249528
1298,0.0
1299,15528390.668137457
1300,11677778.402051054
1301,26616412.82365236
1302,30976206.8644321
1303,0.0
1304,0.0
1305,5821854.099076635
1306,9345521.441138031
1307,54164292.0837653
1308,17590949.86872838
1309,0.0
1310,17487758.163063645
1311,27510174.465540446
1312,19651796.507341594
1313,62801134.70905176
1314,9709648.795033531
1315,11258431.526111448
1316,4621520.097217464
1317,0.0
1318,17487758.163063645
1319,0.0
1320,0.0
1321,3426241.075095102
1322,0.0
1323,0.0
1324,11677778.402051054
1325,0.0
1326,12448178.554254126
1327,0.0
1328,0.0
1329,11613972.383618651
1330,0.0
1331,0.0
1332,0.0
1333,51246965.454197705
1334,0.0
1335,0.0
1336,15040213.458713753
1337,0.0
1338,0.0
1339,0.0
1340,26228599.27247569
1341,0.0
1342,42389591.48170559
1343,0.0
1344,0.0
1345,0.0
1346,144522303.86562136
1347,0.0
1348,25462453.934989683
1349,50288918.354996055
1350,12684329.314644454
1351,0.0
1352,0.0
1353,10575177.135904955
1354,31967626.15864764
1355,44732684.84216502
1356,29349252.661449928
1357,0.0
1358,9288754.465800995
1359,0.0
1360,18387336.42934519
1361,0.0
1362,32182435.158483762
1363,3426241.075095102
1364,22658197.98730243
1365,0.0
1366,0.0
1367,0.0
1368,9706536.569060821
1369,0.0
1370,0.0
1371,0.0
1372,11130498.614125397
1373,16225418.283502005
1374,0.0
1375,9658035.604475295
1376,10575177.135904955
1377,0.0
1378,0.0
1379,17284071.388372846
1380,27355916.897627402
1381,0.0
1382,0.0
1383,0.0
1384,181322579.9707382
1385,0.0
1386,61129008.303989105
1387,0.0
1388,0.0
1389,5862513.390705893
1390,0.0
1391,0.0
1392,9706536.569060821
1393,5821854.099076635
1394,21255701.134256765
1395,0.0
1396,96606797.99901904
1397,8807522.580002641
1398,0.0
1399,10575177.135904955
1400,0.0
1401,0.0
1402,9706536.569060821
1403,0.0
1404,18931697.39459268
1405,0.0
1406,5821854.099076635
1407,0.0
1408,67180634.05585794
1409,11798831.584186364
1410,31031339.33401124
1411,28490790.630298696
1412,84980526.62441334
1413,12951661.418241609
1414,0.0
1415,0.0
1416,0.0
1417,0.0
1418,44118981.56980093
1419,0.0
1420,0.0
1421,0.0
1422,0.0
1423,0.0
1424,0.0
1425,61791985.875362895
1426,0.0
1427,27623550.54699586
1428,3737730.29910602
1429,18619747.60435972
1430,0.0
1431,0.0
1432,0.0
1433,0.0
1434,15479889.70355193
1435,15500416.494899493
1436,0.0
1437,0.0
1438,0.0
1439,0.0
1440,0.0
1441,5862513.390705893
1442,21384314.971111875
1443,16974130.736691102
1444,0.0
1445,18931697.39459268
1446,0.0
1447,10575177.135904955
1448,5821854.099076635
1449,11677778.402051054
1450,22343477.44070886
1451,5976977.48510973
1452,17487758.163063645
1453,37551444.9989524
1454,10071845.509254556
1455,21860003.671215605
1456,0.0
1457,0.0
1458,18619747.60435972
1459,17069698.65147159
1460,18619747.60435972
1461,0.0
1462,0.0
1463,0.0
1464,21384314.971111875
1465,0.0
1466,3426241.075095102
1467,48139380.54352693
1468,11130498.614125397
1469,11613972.383618651
1470,0.0
1471,0.0
1472,0.0
1473,0.0
1474,11613972.383618651
1475,0.0
1476,94711552.60992993
1477,48462683.75614637
1478,0.0
1479,0.0
1480,49813134.94568905
1481,0.0
1482,0.0
1483,0.0
1484,0.0
1485,0.0
1486,0.0
1487,12448178.554254126
1488,5862513.390705893
1489,10924700.877411447
1490,50379725.370894864
1491,18208534.942448057
1492,9579813.849342551
1493,6605133.329731628
1494,15030276.41012413
1495,0.0
1496,0.0
1497,44150635.583697826
1498,5821854.099076635
1499,40509713.36968143
1500,0.0
1501,50653092.563713506
1502,0.0
1503,14556739.6892205
1504,22372608.236550026
1505,0.0
1506,0.0
1507,0.0
1508,0.0
1509,0.0
1510,12951661.418241609
1511,11258431.526111448
1512,0.0
1513,0.0
1514,15683514.05417055
1515,0.0
1516,0.0
1517,5821854.099076635
1518,23499945.052200846
1519,0.0
1520,0.0
1521,0.0
1522,0.0
1523,0.0
1524,0.0
1525,0.0
1526,0.0
1527,0.0
1528,0.0
1529,11130498.614125397
1530,25374346.954091314
1531,0.0
1532,0.0
1533,15002440.44003371
1534,0.0
1535,0.0
1536,0.0
1537,15002440.44003371
1538,0.0
1539,9248095.174171738
1540,71016111.8959563
1541,0.0
1542,0.0
1543,0.0
1544,0.0
1545,0.0
1546,0.0
1547,28051662.910229497
1548,47485697.60844798
1549,0.0
1550,0.0
1551,0.0
1552,36126182.642695695
1553,0.0
1554,0.0
1555,11613972.383618651
1556,0.0
1557,0.0
1558,0.0
1559,0.0
1560,18879368.089257196
1561,0.0
1562,0.0
1563,0.0
1564,0.0
1565,0.0
1566,0.0
1567,5976977.48510973
1568,4621520.097217464
1569,0.0
1570,5821854.099076635
1571,17487758.163063645
1572,0.0
1573,0.0
1574,0.0
1575,0.0
1576,0.0
1577,0.0
1578,44881161.919097066
1579,0.0
1580,70880444.95796904
1581,16107977.951200685
1582,0.0
1583,0.0
1584,0.0
1585,0.0
1586,0.0
1587,0.0
1588,0.0
1589,3426241.075095102
1590,0.0
1591,16602602.04965156
1592,4621520.097217464
1593,0.0
1594,11613972.383618651
1595,0.0
1596,0.0
1597,0.0
1598,0.0
1599,33934137.83462639
1600,0.0
1601,0.0
1602,0.0
1603,29101730.5466823
1604,6530756.540397004
1605,0.0
1606,0.0
1607,8270751.071656256
1608,58249871.308333896
1609,0.0
1610,0.0
1611,52372960.01763476
1612,0.0
1613,0.0
1614,0.0
1615,0.0
1616,24708977.00909453
1617,0.0
1618,0.0
1619,0.0
1620,0.0
1621,37076426.318608336
1622,12448178.554254126
1623,17487758.163063645
1624,33561074.07367195
1625,0.0
1626,10575177.135904955
1627,45563440.626644924
1628,105375392.49608752
1629,0.0
1630,31883358.81283429
1631,23499945.052200846
1632,19938021.194128036
1633,0.0
1634,11258431.526111448
1635,13759091.216199582
1636,0.0
1637,15002440.44003371
1638,31440227.54890065
1639,0.0
1640,0.0
1641,0.0
1642,62602116.71585042
1643,0.0
1644,46748627.01950556
1645,0.0
1646,6530756.540397004
1647,0.0
1648,0.0
1649,46683289.825717136
1650,11152276.637614468
1651,26229921.5519897
1652,0.0
1653,0.0
1654,0.0
1655,0.0
1656,0.0
1657,0.0
1658,0.0
1659,38529278.99418028
1660,0.0
1661,4621520.097217464
1662,46819349.577487566
1663,0.0
1664,12951661.418241609
1665,31391510.120592855
1666,0.0
1667,0.0
1668,36243412.20391131
1669,0.0
1670,13444266.868166842
1671,0.0
1672,5976977.48510973
1673,0.0
1674,33497054.246255614
1675,0.0
1676,21705675.750030354
1677,0.0
1678,0.0
1679,3178892.2546365266
1680,75581851.76793586
1681,0.0
1682,8807522.580002641
1683,16552154.621014684
1684,0.0
1685,11613972.383618651
1686,0.0
1687,0.0
1688,128763782.05841902
1689,0.0
1690,3737730.29910602
1691,0.0
1692,0.0
1693,10729505.057090208
1694,0.0
1695,0.0
1696,0.0
1697,0.0
1698,0.0
1699,18619747.60435972
1700,0.0
1701,18931697.39459268
1702,17573181.51545907
1703,25150504.144756723
1704,0.0
1705,15811608.378722746
1706,0.0
1707,0.0
1708,8807522.580002641
1709,0.0
1710,22808277.01617645
1711,0.0
1712,26680218.842084765
1713,28228532.539524443
1714,11613972.383618651
1715,9658035.604475295
1716,0.0
1717,0.0
1718,12448178.554254126
1719,11613972.383618651
1720,0.0
1721,0.0
1722,17499632.50112769
1723,0.0
1724,0.0
1725,0.0
1726,0.0
1727,10575177.135904955
1728,0.0
1729,0.0
1730,85780693.47527266
1731,0.0
1732,0.0
1733,0.0
1734,0.0
1735,0.0
1736,0.0
1737,0.0
1738,5821854.099076635
1739,0.0
1740,0.0
1741,0.0
1742,104335646.9804278
1743,0.0
1744,0.0
1745,0.0
1746,40237229.474084444
1747,6738698.39462627
1748,8807522.580002641
1749,0.0
1750,66527451.23631577
1751,76876670.7013109
1752,0.0
1753,99380733.01891905
1754,0.0
1755,39812583.23644844
1756,0.0
1757,0.0
1758,12951661.418241609
1759,0.0
1760,6153572.77424745
1761,0.0
1762,0.0
1763,15874419.629349228
1764,0.0
1765,0.0
1766,0.0
1767,14312907.435010975
1768,0.0
1769,9714707.78421575
1770,0.0
1771,9345521.441138031
1772,11677778.402051054
1773,0.0
1774,0.0
1775,0.0
1776,0.0
1777,0.0
1778,0.0
1779,0.0
1780,0.0
1781,0.0
1782,0.0
1783,48334857.84471978
1784,42358615.68137139
1785,11677778.402051054
1786,10575177.135904955
1787,70421902.41752443
1788,0.0
1789,0.0
1790,0.0
1791,28426584.89473668
1792,9706536.569060821
1793,0.0
1794,0.0
1795,53294522.73050092
1796,10575177.135904955
1797,9658035.604475295
1798,37972841.57056902
1799,0.0
1800,37551505.027094565
1801,12448178.554254126
1802,0.0
1803,0.0
1804,11677778.402051054
1805,0.0
1806,0.0
1807,0.0
1808,0.0
1809,16952352.713202033
1810,0.0
1811,0.0
1812,84745895.11769561
1813,0.0
1814,3426241.075095102
1815,0.0
1816,0.0
1817,0.0
1818,59823134.839927614
1819,0.0
1820,0.0
1821,0.0
1822,0.0
1823,24889589.830324978
1824,0.0
1825,0.0
1826,11677778.402051054
1827,0.0
1828,90346866.9341841
1829,39746210.590832815
1830,18931697.39459268
1831,18928638.903351337
1832,0.0
1833,0.0
1834,0.0
1835,35204616.95619762
1836,11130498.614125397
1837,0.0
1838,3737730.29910602
1839,10071845.509254556
1840,0.0
1841,28492191.11383999
1842,0.0
1843,0.0
1844,0.0
1845,9706536.569060821
1846,11130498.614125397
1847,17185332.291294686
1848,30868675.396176647
1849,0.0
1850,0.0
1851,5821854.099076635
1852,0.0
1853,27450618.994287834
1854,0.0
1855,0.0
1856,0.0
1857,0.0
1858,0.0
1859,8807522.580002641
1860,0.0
1861,0.0
1862,8807522.580002641
1863,9658035.604475295
1864,10729505.057090208
1865,0.0
1866,20281713.704965778
1867,6153572.77424745
1868,0.0
1869,8807522.580002641
1870,27238476.56532608
1871,10071845.509254556
1872,20824294.539110344
1873,45616957.01062945
1874,71200329.44962125
1875,0.0
1876,0.0
1877,51299349.80081015
1878,0.0
1879,52720362.81086995
1880,155975775.03235006
1881,23021955.206617787
1882,18931697.39459268
1883,10573776.65236366
1884,0.0
1885,30609475.796643734
1886,24833636.531677585
1887,51371442.31427805
1888,0.0
1889,58951463.42844324
1890,9658035.604475295
1891,24125956.95630518
1892,0.0
1893,6530756.540397004
1894,10573776.65236366
1895,0.0
1896,22157827.34928766
1897,0.0
1898,28032224.608692944
1899,91985083.74275777
1900,50167664.81410949
1901,33363564.961668536
1902,5821854.099076635
1903,0.0
1904,10573776.65236366
1905,32031402.592326246
1906,15167375.540214665
1907,23464735.648173377
1908,11130498.614125397
1909,11613972.383618651
1910,0.0
1911,28022966.16456455
1912,15030276.41012413
1913,0.0
1914,27928608.8398709
1915,6153572.77424745
1916,17487758.163063645
1917,11130498.614125397
1918,19604936.46047245
1919,37705212.91191092
1920,0.0
1921,0.0
1922,0.0
1923,0.0
1924,0.0
1925,0.0
1926,0.0
1927,10071845.509254556
1928,6153572.77424745
1929,0.0
1930,0.0
1931,15500416.494899493
1932,0.0
1933,18619747.60435972
1934,2117178.297408806
1935,0.0
1936,0.0
1937,22407283.459141262
1938,0.0
1939,19404310.53813853
1940,0.0
1941,0.0
1942,0.0
1943,77356733.2652618
1944,0.0
1945,0.0
1946,22638734.49159769
1947,11677778.402051054
1948,0.0
1949,0.0
1950,0.0
1951,0.0
1952,5821854.099076635
1953,0.0
1954,0.0
1955,0.0
1956,5976977.48510973
1957,0.0
1958,46618467.14927085
1959,3737730.29910602
1960,0.0
1961,31412212.31909117
1962,10575177.135904955
1963,80937066.51733214
1964,20387540.661565505
1965,11613972.383618651
1966,0.0
1967,10575177.135904955
1968,12448178.554254126
1969,10729505.057090208
1970,24441601.703436356
1971,0.0
1972,32296770.096072987
1973,12448178.554254126
1974,10575177.135904955
1975,10575177.135904955
1976,0.0
1977,9000746.353713162
1978,0.0
1979,0.0
1980,10729505.057090208
1981,5821854.099076635
1982,0.0
1983,18931697.39459268
1984,0.0
1985,22343477.44070886
1986,0.0
1987,0.0
1988,21335814.00652635
1989,5821854.099076635
1990,13759091.216199582
1991,0.0
1992,11258431.526111448
1993,5821854.099076635
1994,17487758.163063645
1995,10575177.135904955
1996,0.0
1997,0.0
1998,10071845.509254556
1999,24540140.78345584
2000,18931697.39459268
2001,0.0
2002,0.0
2003,11613972.383618651
2004,10775092.871464914
2005,0.0
2006,0.0
2007,0.0
2008,11613972.383618651
2009,0.0
2010,0.0
2011,3178892.2546365266
2012,6530756.540397004
2013,32053115.014726575
2014,0.0
2015,0.0
2016,0.0
2017,0.0
2018,5862513.390705893
2019,26589614.400398478
2020,11130498.614125397
2021,21780643.5831381
2022,0.0
2023,8807522.580002641
2024,22584204.004312485
2025,0.0
2026,18619747.60435972
2027,53770959.33022282
2028,31883358.81283429
2029,8807522.580002641
2030,0.0
2031,0.0
2032,11677778.402051054
2033,0.0
2034,0.0
2035,0.0
2036,15104019.477146156
2037,0.0
2038,12352610.63947364
2039,0.0
2040,18619747.60435972
2041,0.0
2042,0.0
2043,0.0
2044,12951661.418241609
2045,17917013.97793504
2046,0.0
2047,18425156.039363854
2048,0.0
2049,73842137.05224138
2050,0.0
2051,0.0
2052,23893991.46304477
2053,0.0
2054,0.0
2055,2117178.297408806
2056,29175445.504046485
2057,0.0
2058,0.0
2059,0.0
2060,57490328.34071967
2061,46491301.06691088
2062,0.0
2063,32870959.5117433
2064,0.0
2065,0.0
2066,20289847.756596588
2067,9658035.604475295
2068,0.0
2069,0.0
2070,11613972.383618651
2071,15500416.494899493
2072,0.0
2073,17487758.163063645
2074,22520024.063508682
2075,37443791.95772703
2076,9345521.441138031
2077,0.0
2078,30612916.57276401
2079,0.0
2080,0.0
2081,0.0
2082,0.0
2083,2117178.297408806
2084,31218908.844091102
2085,0.0
2086,0.0
2087,8807522.580002641
2088,0.0
2089,0.0
2090,0.0
2091,0.0
2092,0.0
2093,0.0
2094,33476418.2610473
2095,0.0
2096,5976977.48510973
2097,8807522.580002641
2098,0.0
2099,11258431.526111448
2100,9658035.604475295
2101,0.0
2102,0.0
2103,12926168.399837188
2104,10573776.65236366
2105,0.0
2106,0.0
2107,3426241.075095102
2108,0.0
2109,15879951.623328913
2110,3178892.2546365266
2111,11677778.402051054
2112,15569049.959766714
2113,46299324.7817001
2114,28217263.220153853
2115,0.0
2116,0.0
2117,15002440.44003371
2118,0.0
2119,11130498.614125397
2120,32518034.573187776
2121,6530756.540397004
2122,0.0
2123,0.0
2124,0.0
2125,0.0
2126,0.0
2127,33934137.83462639
2128,22744470.997744046
2129,0.0
2130,8270751.071656256
2131,0.0
2132,0.0
2133,0.0
2134,10071845.509254556
2135,0.0
2136,0.0
2137,0.0
2138,0.0
2139,0.0
2140,10729505.057090208
2141,0.0
2142,0.0
2143,0.0
2144,33592818.81753736
2145,5821854.099076635
2146,0.0
2147,0.0
2148,0.0
2149,0.0
2150,0.0
2151,38306634.522846885
2152,0.0
2153,21023299.843189083
2154,21533196.980430715
2155,13759091.216199582
2156,3737730.29910602
2157,0.0
2158,4621520.097217464
2159,10575177.135904955
2160,12758706.103979077
2161,11130498.614125397
2162,0.0
2163,0.0
2164,33934137.83462639
2165,10729505.057090208
2166,18931697.39459268
2167,0.0
2168,0.0
2169,0.0
2170,12448178.554254126
2171,0.0
2172,0.0
2173,4621520.097217464
2174,2117178.297408806
2175,10071845.509254556
2176,63531866.45963336
2177,0.0
2178,16436290.043069553
2179,30732948.638222616
2180,0.0
2181,15196697.23312242
2182,0.0
2183,0.0
2184,29101730.5466823
2185,0.0
2186,24884568.00466688
2187,24527761.7784651
2188,0.0
2189,0.0
2190,0.0
2191,8047761.172312566
2192,0.0
2193,0.0
2194,4621520.097217464
2195,0.0
2196,46880292.4437463
2197,0.0
2198,0.0
2199,3178892.2546365266
2200,54806021.826780334
2201,11130498.614125397
2202,31127481.629866455
2203,29176928.464406528
2204,0.0
2205,0.0
2206,0.0
2207,48492539.00085077
2208,0.0
2209,14693365.60647202
2210,0.0
2211,0.0
2212,37622919.6779207
2213,0.0
2214,0.0
2215,0.0
2216,8807522.580002641
2217,0.0
2218,5821854.099076635
2219,0.0
2220,0.0
2221,3737730.29910602
2222,11130498.614125397
2223,18619747.60435972
2224,0.0
2225,15002440.44003371
2226,0.0
2227,30031947.043429695
2228,0.0
2229,11677778.402051054
2230,0.0
2231,34950974.98716711
2232,0.0
2233,12926168.399837188
2234,0.0
2235,0.0
2236,18619747.60435972
2237,20281713.704965778
2238,0.0
2239,16107977.951200685
2240,65391362.560650826
2241,0.0
2242,23809963.02003635
2243,0.0
2244,0.0
2245,27238476.56532608
2246,0.0
2247,0.0
2248,29834739.249579266
2249,27623550.54699586
2250,0.0
2251,0.0
2252,6530756.540397004
2253,0.0
2254,0.0
2255,36881673.52458309
2256,46170173.95991876
2257,0.0
2258,5862513.390705893
2259,0.0
2260,0.0
2261,27302526.562516063
2262,17487758.163063645
2263,0.0
2264,27114388.87851814
2265,0.0
2266,0.0
2267,0.0
2268,0.0
2269,0.0
2270,3178892.2546365266
2271,0.0
2272,3426241.075095102
2273,0.0
2274,0.0
2275,21654744.27704106
2276,0.0
2277,121828899.83182734
2278,12836927.859111821
2279,3426241.075095102
2280,4621520.097217464
2281,0.0
2282,0.0
2283,10573776.65236366
2284,53257740.65126021
2285,0.0
2286,0.0
2287,11677778.402051054
2288,37792228.74933858
2289,3426241.075095102
2290,135057970.61966458
2291,0.0
2292,0.0
2293,0.0
2294,0.0
2295,0.0
2296,18619747.60435972
2297,0.0
2298,15002440.44003371
2299,5976977.48510973
2300,5821854.099076635
2301,9706536.569060821
2302,5821854.099076635
2303,0.0
2304,0.0
2305,18619747.60435972
2306,0.0
2307,12926168.399837188
2308,0.0
2309,0.0
2310,63041169.95181039
2311,0.0
2312,11677778.402051054
2313,26953079.629241668
2314,0.0
2315,28691593.113614276
2316,0.0
2317,0.0
2318,0.0
2319,0.0
2320,0.0
2321,0.0
2322,0.0
2323,0.0
2324,28618256.777189042
2325,0.0
2326,0.0
2327,0.0
2328,0.0
2329,5976977.48510973
2330,35839475.62321993
2331,118098046.2419484
2332,75109257.77956954
2333,0.0
2334,0.0
2335,0.0
2336,0.0
2337,0.0
2338,45462525.845439546
2339,12524413.695774557
2340,0.0
2341,8807522.580002641
2342,0.0
2343,0.0
2344,6153572.77424745
2345,0.0
2346,10575177.135904955
2347,0.0
2348,12448178.554254126
2349,53056424.43215896
2350,17917013.97793504
2351,0.0
2352,33093800.71587234
2353,44494063.57579393
2354,0.0
2355,15002440.44003371
2356,5821854.099076635
2357,10071845.509254556
2358,0.0
2359,10575177.135904955
2360,6153572.77424745
2361,0.0
2362,13084276.679570397
2363,0.0
2364,0.0
2365,0.0
2366,0.0
2367,17487758.163063645
2368,0.0
2369,0.0
2370,0.0
2371,0.0
2372,57687547.39273855
2373,0.0
2374,0.0
2375,0.0
2376,0.0
2377,0.0
2378,28691593.113614276
2379,9658035.604475295
2380,0.0
2381,0.0
2382,0.0
2383,0.0
2384,11677778.402051054
2385,0.0
2386,76130169.53098352
2387,28800588.029186416
2388,0.0
2389,0.0
2390,16728749.910152406
2391,40640774.124605775
2392,0.0
2393,0.0
2394,12951661.418241609
2395,20788534.21860069
2396,0.0
2397,17654755.887160785
2398,11613972.383618651
2399,0.0
2400,0.0
2401,18456517.485219233
2402,0.0
2403,0.0
2404,0.0
2405,52503487.95604809
2406,0.0
2407,0.0
2408,43535644.19648092
2409,11613972.383618651
2410,12926168.399837188
2411,0.0
2412,0.0
2413,0.0
2414,0.0
2415,0.0
2416,0.0
2417,36736131.419873536
2418,0.0
2419,0.0
2420,0.0
2421,36699242.55245878
2422,50705033.45109711
2423,21087496.229617503
2424,57704874.353817
2425,0.0
2426,0.0
2427,15500416.494899493
2428,0.0
2429,0.0
2430,0.0
2431,0.0
2432,0.0
2433,25150504.144756723
2434,0.0
2435,30530692.905023623
2436,61948704.400461465
2437,0.0
2438,11130498.614125397
2439,0.0
2440,0.0
2441,0.0
2442,0.0
2443,0.0
2444,36536761.58229476
2445,0.0
2446,0.0
2447,12951661.418241609
2448,0.0
2449,35008370.04125695
2450,0.0
2451,0.0
2452,0.0
2453,0.0
2454,0.0
2455,0.0
2456,4621520.097217464
2457,0.0
2458,9658035.604475295
2459,19920698.577042986
2460,0.0
2461,0.0
2462,11677778.402051054
2463,0.0
2464,0.0
2465,39955561.61088607
2466,0.0
2467,11130498.614125397
2468,0.0
2469,0.0
2470,0.0
2471,0.0
2472,56228307.16738272
2473,0.0
2474,3178892.2546365266
2475,12926168.399837188
2476,0.0
2477,0.0
2478,8807522.580002641
2479,0.0
2480,55833764.01680757
2481,15528390.668137457
2482,0.0
2483,18619747.60435972
2484,0.0
2485,0.0
2486,67481934.59682868
2487,0.0
2488,0.0
2489,0.0
2490,17547688.49705465
2491,0.0
2492,0.0
2493,0.0
2494,0.0
2495,0.0
2496,59429632.27301046
2497,0.0
2498,48749546.91625573
2499,0.0
2500,0.0
2501,30297526.006410774
2502,0.0
2503,0.0
2504,57048347.61929481
2505,13759091.216199582
2506,0.0
2507,0.0
2508,70577672.64066428
2509,0.0
2510,0.0
2511,26616412.82365236
2512,0.0
2513,0.0
2514,12951661.418241609
2515,11130498.614125397
2516,11258431.526111448
2517,0.0
2518,10729505.057090208
2519,0.0
2520,25536272.490155045
2521,24628585.198475055
2522,0.0
2523,0.0
2524,0.0
2525,10071845.509254556
2526,0.0
2527,0.0
2528,17487758.163063645
2529,0.0
2530,0.0
2531,0.0
2532,11798831.584186364
2533,0.0
2534,21272007.988093946
2535,0.0
2536,0.0
2537,152333152.03480828
2538,0.0
2539,64748698.32950235
2540,0.0
2541,0.0
2542,0.0
2543,0.0
2544,0.0
2545,12448178.554254126
2546,10575177.135904955
2547,0.0
2548,43507256.188671485
2549,0.0
2550,0.0
2551,0.0
2552,0.0
2553,93406961.44074349
2554,0.0
2555,31545916.00419691
2556,0.0
2557,0.0
2558,40087710.60887384
2559,0.0
2560,29506874.530497633
2561,10575177.135904955
2562,0.0
2563,0.0
2564,12448178.554254126
2565,36338254.446560055
2566,0.0
2567,9403218.560204832
2568,13754069.39054148
2569,10729505.057090208
2570,22251555.054414712
2571,9706536.569060821
2572,0.0
2573,0.0
2574,9706536.569060821
2575,0.0
2576,0.0
2577,30297526.006410774
2578,0.0
2579,36699242.55245878
2580,0.0
2581,0.0
2582,0.0
2583,15030276.41012413
2584,0.0
2585,0.0
2586,0.0
2587,0.0
2588,0.0
2589,0.0
2590,0.0
2591,206023654.743043
2592,0.0
2593,0.0
2594,17487758.163063645
2595,0.0
2596,18619747.60435972
2597,0.0
2598,0.0
2599,0.0
2600,0.0
2601,0.0
2602,0.0
2603,0.0
2604,0.0
2605,12448178.554254126
2606,0.0
2607,35451771.37374543
2608,0.0
2609,0.0
2610,0.0
2611,0.0
2612,0.0
2613,142351196.61179265
2614,31703459.91082581
2615,15002440.44003371
2616,0.0
2617,0.0
2618,75724156.15949754
2619,0.0
2620,0.0
2621,0.0
2622,25158452.099374786
2623,41373584.44855678
2624,0.0
2625,37266140.24137902
2626,15030276.41012413
2627,0.0
2628,11258431.526111448
2629,0.0
2630,11613972.383618651
2631,5821854.099076635
2632,42389222.33145267
2633,0.0
2634,0.0
2635,0.0
2636,17487758.163063645
2637,0.0
2638,0.0
2639,0.0
2640,72055213.22103488
2641,12926168.399837188
2642,23701261.2713021
2643,0.0
2644,10729505.057090208
2645,0.0
2646,0.0
2647,0.0
2648,28556156.50545481
2649,0.0
2650,24376572.539769355
2651,61290313.07596408
2652,0.0
2653,0.0
2654,13083251.740244051
2655,9706536.569060821
2656,0.0
2657,21148953.788268615
2658,0.0
2659,4621520.097217464
2660,8807522.580002641
2661,0.0
2662,0.0
2663,0.0
2664,10071845.509254556
2665,0.0
2666,24915500.531203326
2667,0.0
2668,0.0
2669,0.0
2670,0.0
2671,0.0
2672,5976977.48510973
2673,0.0
2674,0.0
2675,47484811.269631684
2676,0.0
2677,13731150.681027457
2678,44576517.334999226
2679,3737730.29910602
2680,0.0
2681,21579285.096235774
2682,10575177.135904955
2683,0.0
2684,0.0
2685,16107977.951200685
2686,17487758.163063645
2687,5821854.099076635
2688,9345521.441138031
2689,0.0
2690,8807522.580002641
2691,24739925.20515766
2692,0.0
2693,0.0
2694,18619747.60435972
2695,0.0
2696,88991640.99823244
2697,0.0
2698,0.0
2699,0.0
2700,0.0
2701,0.0
2702,0.0
2703,19381299.2323663
2704,0.0
2705,0.0
2706,10575177.135904955
2707,2117178.297408806
2708,0.0
2709,0.0
2710,0.0
2711,32300475.056200966
2712,0.0
2713,0.0
2714,0.0
2715,11130498.614125397
2716,5976977.48510973
2717,0.0
2718,0.0
2719,0.0
2720,0.0
2721,5976977.48510973
2722,0.0
2723,23655673.456927396
2724,0.0
2725,0.0
2726,41771529.42640999
2727,0.0
2728,89990135.63043499
2729,0.0
2730,0.0
2731,0.0
2732,0.0
2733,0.0
2734,37724981.796848774
2735,0.0
2736,0.0
2737,5862513.390705893
2738,5821854.099076635
2739,0.0
2740,0.0
2741,0.0
2742,22704931.930414293
2743,120559588.13570352
2744,17487758.163063645
2745,0.0
2746,0.0
2747,0.0
2748,0.0
2749,0.0
2750,0.0
2751,0.0
2752,11613972.383618651
2753,15030276.41012413
2754,0.0
2755,12448178.554254126
2756,0.0
2757,0.0
2758,0.0
2759,0.0
2760,0.0
2761,16973848.954096384
2762,0.0
2763,0.0
2764,66312976.6551857
2765,0.0
2766,11130498.614125397
2767,0.0
2768,12448178.554254126
2769,39322805.42676468
2770,0.0
2771,11258431.526111448
2772,22936209.9281625
2773,0.0
2774,21335814.00652635
2775,0.0
2776,0.0
2777,5862513.390705893
2778,0.0
2779,0.0
2780,0.0
2781,0.0
2782,0.0
2783,53784325.57124539
2784,0.0
2785,0.0
2786,102001489.27841812
2787,12951661.418241609
2788,0.0
2789,42988364.40855527
2790,29003542.903847236
2791,0.0
2792,10573776.65236366
2793,11613972.383618651
2794,78323498.40882187
2795,0.0
2796,0.0
2797,5862513.390705893
2798,18619747.60435972
2799,0.0
2800,0.0
2801,0.0
2802,18619747.60435972
2803,21320508.95267947
2804,6530756.540397004
2805,10071845.509254556
2806,10729505.057090208
2807,0.0
2808,0.0
2809,0.0
2810,11677778.402051054
2811,0.0
2812,0.0
2813,114996454.95625186
2814,12130550.25935718
2815,75999233.2447432
2816,0.0
2817,0.0
2818,133292024.33358458
2819,0.0
2820,9000746.353713162
2821,11613972.383618651
2822,0.0
2823,0.0
2824,0.0
2825,0.0
2826,0.0
2827,0.0
2828,11677778.402051054
2829,0.0
2830,31608394.446100175
2831,11258431.526111448
2832,12448178.554254126
2833,0.0
2834,0.0
2835,0.0
2836,0.0
2837,0.0
2838,0.0
2839,42647786.22628437
2840,0.0
2841,0.0
2842,0.0
2843,18428681.515128814
2844,0.0
2845,0.0
2846,0.0
2847,11130498.614125397
2848,0.0
2849,0.0
2850,0.0
2851,11613972.383618651
2852,0.0
2853,0.0
2854,23319522.420788758
2855,9658035.604475295
2856,48102747.71522008
2857,0.0
2858,0.0
2859,10575177.135904955
2860,8807522.580002641
2861,0.0
2862,81516654.04848279
2863,11613972.383618651
2864,0.0
2865,0.0
2866,0.0
2867,36367523.87728797
2868,0.0
2869,18619747.60435972
2870,0.0
2871,0.0
2872,17487758.163063645
2873,26207269.770453706
2874,0.0
2875,5976977.48510973
2876,0.0
2877,0.0
2878,0.0
2879,0.0
2880,6153572.77424745
2881,12771762.516233133
2882,10575177.135904955
2883,0.0
2884,0.0
2885,0.0
2886,0.0
2887,0.0
2888,0.0
2889,0.0
2890,0.0
2891,0.0
2892,11613972.383618651
2893,11152276.637614468
2894,12926168.399837188
2895,25203153.331442937
2896,43824706.25650384
2897,0.0
2898,0.0
2899,0.0
2900,0.0
2901,0.0
2902,0.0
2903,0.0
2904,10575177.135904955
2905,93910823.87446298
2906,13754069.39054148
2907,0.0
2908,13908397.311726734
2909,18748022.498913825
2910,27194294.732124466
2911,22357477.90346574
2912,15500416.494899493
2913,21793699.99539216
2914,0.0
2915,0.0
2916,0.0
2917,0.0
2918,3426241.075095102
2919,0.0
2920,5976977.48510973
2921,0.0
2922,22252955.537956007
2923,17487758.163063645
2924,0.0
2925,12926168.399837188
2926,0.0
2927,0.0
2928,17831351.176298503
2929,0.0
2930,80733213.3738679
2931,0.0
2932,55042510.20075065
2933,0.0
2934,0.0
2935,0.0
2936,0.0
2937,0.0
2938,9891303.07335347
2939,0.0
2940,0.0
2941,0.0
2942,0.0
2943,0.0
2944,5862513.390705893
2945,8807522.580002641
2946,64754462.881624505
2947,11130498.614125397
2948,0.0
2949,0.0
2950,49326046.415125675
2951,0.0
2952,49345623.957493514
2953,0.0
2954,46593057.98153089
2955,0.0
2956,6153572.77424745
2957,0.0
2958,11130498.614125397
2959,3426241.075095102
2960,0.0
2961,0.0
2962,0.0
2963,4621520.097217464
2964,64768963.19746072
2965,0.0
2966,8807522.580002641
2967,9706536.569060821
2968,34580912.67687824
2969,0.0
2970,50602145.18490963
2971,26761237.226602186
2972,0.0
2973,21320508.95267947
2974,0.0
2975,35367987.43766223
2976,0.0
2977,0.0
2978,0.0
2979,0.0
2980,18931697.39459268
2981,14000017.727458762
2982,0.0
2983,0.0
2984,0.0
2985,4621520.097217464
2986,19906366.36391726
2987,0.0
2988,0.0
2989,76547848.78288302
2990,0.0
2991,0.0
2992,25940126.067717753
2993,57612575.79447465
2994,0.0
2995,0.0
2996,0.0
2997,0.0
2998,0.0
2999,82519920.13557775
3000,0.0
3001,0.0
3002,14868228.913231418
3003,27281659.678104892
3004,0.0
3005,0.0
3006,0.0
3007,0.0
3008,13084276.679570397
3009,49222861.29689136
3010,24688312.014599428
3011,0.0
3012,0.0
3013,8807522.580002641
3014,0.0
3015,15500416.494899493
3016,40141573.944060296
3017,28277871.08256186
3018,44187088.15692155
3019,5821854.099076635
3020,29505474.046956338
3021,0.0
3022,25462453.934989683
3023,10575177.135904955
3024,0.0
3025,0.0
3026,5821854.099076635
3027,0.0
3028,63573074.63699213
3029,0.0
3030,17616272.512794286
3031,0.0
3032,0.0
3033,0.0
3034,9706536.569060821
3035,15002440.44003371
3036,34443513.312888704
3037,31110418.391234394
3038,0.0
3039,54912157.371292025
3040,0.0
3041,4621520.097217464
3042,0.0
3043,0.0
3044,22632704.96889801
3045,0.0
3046,11613972.383618651
3047,50477613.398789585
3048,0.0
3049,42547294.68002867
3050,0.0
3051,0.0
3052,0.0
3053,0.0
3054,15500416.494899493
3055,0.0
3056,10071845.509254556
3057,0.0
3058,49878427.09943093
3059,0.0
3060,0.0
3061,55472758.06977703
3062,0.0
3063,66810986.34811731
3064,0.0
3065,28794282.849255234
3066,28011003.61860024
3067,6530756.540397004
3068,26295280.74306629
3069,0.0
3070,0.0
3071,0.0
3072,24912583.234476358
3073,56724388.03901929
3074,0.0
3075,121647441.80605137
3076,81133806.89605442
3077,0.0
3078,0.0
3079,35160035.96139954
3080,0.0
3081,0.0
3082,0.0
3083,0.0
3084,77627906.90673804
3085,12771762.516233133
3086,10573776.65236366
3087,12926168.399837188
3088,10775092.871464914
3089,0.0
3090,0.0
3091,24683792.09361103
3092,0.0
3093,0.0
3094,0.0
3095,99245369.2821351
3096,0.0
3097,66175622.43345862
3098,2117178.297408806
3099,35203216.472656325
3100,0.0
3101,0.0
3102,24603946.801888242
3103,15002440.44003371
3104,0.0
3105,0.0
3106,0.0
3107,25374346.954091314
3108,5821854.099076635
3109,0.0
3110,0.0
3111,0.0
3112,0.0
3113,0.0
3114,0.0
3115,0.0
3116,0.0
3117,19920698.577042986
3118,33669032.6892779
3119,0.0
3120,11130498.614125397
3121,18931697.39459268
3122,18619747.60435972
3123,0.0
3124,0.0
3125,0.0
3126,16107977.951200685
3127,10729505.057090208
3128,0.0
3129,21833608.662016403
3130,0.0
3131,0.0
3132,0.0
3133,6153572.77424745
3134,0.0
3135,11258431.526111448
3136,0.0
3137,0.0
3138,11613972.383618651
3139,0.0
3140,0.0
3141,8807522.580002641
3142,18619747.60435972
3143,75758845.01219413
3144,0.0
3145,0.0
3146,0.0
3147,0.0
3148,26424254.984186847
3149,10575177.135904955
3150,0.0
3151,15195296.749581125
3152,20852130.509200767
3153,0.0
3154,0.0
3155,134699907.1943236
3156,35630495.31155802
3157,32181123.769535664
3158,0.0
3159,0.0
3160,27733100.663776956
3161,27113066.599004135
3162,10575177.135904955
3163,3737730.29910602
3164,10775092.871464914
3165,0.0
3166,6530756.540397004
3167,0.0
3168,0.0
3169,0.0
3170,0.0
3171,0.0
3172,0.0
3173,0.0
3174,0.0
3175,10071845.509254556
3176,0.0
3177,55273867.41189158
3178,0.0
3179,0.0
3180,36438489.33425932
3181,44993584.04278996
3182,0.0
3183,0.0
3184,0.0
3185,15196697.23312242
3186,0.0
3187,10071845.509254556
3188,17917013.97793504
3189,30284916.560011864
3190,109222143.41838813
3191,11677778.402051054
3192,18931697.39459268
3193,30609475.796643734
3194,31439431.420099415
3195,0.0
3196,84766916.77684698
3197,0.0
3198,0.0
3199,25877829.818078797
3200,0.0
3201,10071845.509254556
3202,0.0
3203,0.0
3204,44201831.72002105
3205,0.0
3206,0.0
3207,21987936.583201654
3208,45242347.251087666
3209,0.0
3210,0.0
3211,0.0
3212,48413909.82192459
3213,8807522.580002641
3214,0.0
3215,3737730.29910602
3216,18619747.60435972
3217,71014790.89233136
3218,0.0
3219,23291750.785669707
3220,23291750.785669707
3221,2117178.297408806
3222,87996032.12600082
3223,18931697.39459268
3224,0.0
3225,50859939.926405944
3226,0.0
3227,0.0
3228,0.0
3229,5821854.099076635
3230,41796529.0079429
3231,27427270.18436236
3232,42377653.447660595
3233,11677778.402051054
3234,11677778.402051054
3235,0.0
3236,0.0
3237,42740026.05600091
3238,0.0
3239,0.0
3240,0.0
3241,12448178.554254126
3242,0.0
3243,7800412.351853991
3244,0.0
3245,0.0
3246,11613972.383618651
3247,0.0
3248,8807522.580002641
3249,0.0
3250,0.0
3251,0.0
3252,0.0
3253,0.0
3254,22936209.9281625
3255,0.0
3256,5821854.099076635
3257,6530756.540397004
3258,0.0
3259,0.0
3260,5821854.099076635
3261,4621520.097217464
3262,0.0
3263,9706536.569060821
3264,11130498.614125397
3265,97120706.98535061
3266,0.0
3267,0.0
3268,0.0
3269,0.0
3270,0.0
3271,18619747.60435972
3272,15500416.494899493
3273,11613972.383618651
3274,0.0
3275,13754069.39054148
3276,5821854.099076635
3277,12448178.554254126
3278,0.0
3279,0.0
3280,0.0
3281,0.0
3282,0.0
3283,9714707.78421575
3284,0.0
3285,26132939.054159105
3286,0.0
3287,0.0
3288,0.0
3289,0.0
3290,0.0
3291,0.0
3292,0.0
3293,29867069.167400267
3294,0.0
3295,0.0
3296,10729505.057090208
3297,0.0
3298,0.0
3299,18931697.39459268
3300,40190137.98356769
3301,22998013.909091745
3302,0.0
3303,15040213.458713753
3304,0.0
3305,27239075.834848166
3306,0.0
3307,84726955.37131459
3308,0.0
3309,0.0
3310,0.0
3311,0.0
3312,29445323.559917156
3313,44597232.820019804
3314,0.0
3315,42518943.09988655
3316,12448178.554254126
3317,41598459.51534511
3318,5821854.099076635
3319,0.0
3320,0.0
3321,25150504.144756723
3322,0.0
3323,0.0
3324,0.0
3325,0.0
3326,0.0
3327,0.0
3328,0.0
3329,0.0
3330,24736812.97918495
3331,30545669.778211333
3332,0.0
3333,114936839.041188
3334,40106163.497458644
3335,0.0
3336,12448178.554254126
3337,12448178.554254126
3338,0.0
3339,112963301.84699747
3340,0.0
3341,15683514.05417055
3342,16107977.951200685
3343,0.0
3344,60782561.352151774
3345,0.0
3346,12951661.418241609
3347,0.0
3348,12448178.554254126
3349,24565633.801860258
3350,0.0
3351,0.0
3352,0.0
3353,0.0
3354,15002440.44003371
3355,36848711.37252772
3356,0.0
3357,21793699.99539216
3358,41544425.17702623
3359,52540659.50521852
3360,0.0
3361,13752668.907000186
3362,0.0
3363,0.0
3364,21322270.59397613
3365,0.0
3366,9658035.604475295
3367,0.0
3368,0.0
3369,63328343.742102526
3370,0.0
3371,10729505.057090208
3372,9706536.569060821
3373,89606830.41438311
3374,11130498.614125397
3375,12926168.399837188
3376,0.0
3377,0.0
3378,0.0
3379,2117178.297408806
3380,48995223.057405226
3381,4621520.097217464
3382,11613972.383618651
3383,0.0
3384,0.0
3385,33382053.668540113
3386,0.0
3387,0.0
3388,0.0
3389,0.0
3390,0.0
3391,0.0
3392,56874510.464505985
3393,54463794.25686972
3394,38939684.27771024
3395,0.0
3396,0.0
3397,15934358.899960449
3398,0.0
3399,10071845.509254556
3400,31110418.391234394
3401,5862513.390705893
3402,4621520.097217464
3403,28452077.9131411
3404,0.0
3405,0.0
3406,0.0
3407,11677778.402051054
3408,15002440.44003371
3409,27478454.964378256
3410,53892031.086335726
3411,0.0
3412,0.0
3413,0.0
3414,10575177.135904955
3415,2117178.297408806
3416,0.0
3417,21929832.05027732
3418,10575177.135904955
3419,0.0
3420,3178892.2546365266
3421,10575177.135904955
3422,0.0
3423,0.0
3424,0.0
3425,0.0
3426,30297526.006410774
3427,12926168.399837188
3428,12448178.554254126
3429,0.0
3430,20837035.18318622
3431,29661202.451682888
3432,0.0
3433,0.0
3434,0.0
3435,0.0
3436,0.0
3437,56483694.04743488
3438,18619747.60435972
3439,14312907.435010975
3440,5976977.48510973
3441,0.0
3442,24921579.4834776
3443,0.0
3444,0.0
3445,0.0
3446,0.0
3447,18619747.60435972
3448,0.0
3449,0.0
3450,12448178.554254126
3451,0.0
3452,0.0
3453,5821854.099076635
3454,11613972.383618651
3455,0.0
3456,0.0
3457,50528773.89014542
3458,28618256.777189042
3459,0.0
3460,16552154.621014684
3461,0.0
3462,11677778.402051054
3463,0.0
3464,34568043.78825173
3465,9658035.604475295
3466,0.0
3467,0.0
3468,0.0
3469,0.0
3470,11613972.383618651
3471,12926168.399837188
3472,73625041.30256157
3473,0.0
3474,11677778.402051054
3475,5976977.48510973
3476,0.0
3477,0.0
3478,0.0
3479,17487758.163063645
3480,0.0
3481,17590949.86872838
3482,0.0
3483,0.0
3484,0.0
3485,13759091.216199582
3486,10573776.65236366
3487,0.0
3488,0.0
3489,0.0
3490,11677778.402051054
3491,0.0
3492,0.0
3493,77985834.14192656
3494,0.0
3495,9403218.560204832
3496,59728675.16842344
3497,0.0
3498,0.0
3499,0.0
3500,0.0
3501,0.0
3502,6153572.77424745
3503,42223448.18026239
3504,15500416.494899493
3505,4621520.097217464
3506,0.0
3507,73298386.02057272
3508,0.0
3509,12690954.949772466
3510,15002440.44003371
3511,0.0
3512,0.0
3513,13759091.216199582
3514,9706536.569060821
3515,0.0
3516,28526181.010797475
3517,0.0
3518,0.0
3519,11677778.402051054
3520,0.0
3521,0.0
3522,21526918.365614474
3523,3178892.2546365266
3524,0.0
3525,28556156.50545481
3526,3426241.075095102
3527,0.0
3528,0.0
3529,0.0
3530,55083165.732280135
3531,0.0
3532,17235409.011221178
3533,3178892.2546365266
3534,16727349.42661111
3535,0.0
3536,28134203.23168111
3537,17487758.163063645
3538,15002440.44003371
3539,55900769.382726565
3540,15002440.44003371
3541,0.0
3542,79321623.77356936
3543,12448178.554254126
3544,23681166.475331817
3545,18619747.60435972
3546,0.0
3547,0.0
3548,0.0
3549,0.0
3550,0.0
3551,0.0
3552,135789206.16445082
3553,0.0
3554,0.0
3555,0.0
3556,0.0
3557,22154715.123314947
3558,9332465.028883977
3559,0.0
3560,26616412.82365236
3561,11258431.526111448
3562,0.0
3563,17069698.65147159
3564,27125931.273378342
3565,44980050.605891466
3566,0.0
3567,0.0
3568,0.0
3569,0.0
3570,12448178.554254126
3571,8807522.580002641
3572,15002440.44003371
3573,24603946.801888242
3574,30062196.008718077
3575,12951661.418241609
3576,3178892.2546365266
3577,0.0
3578,0.0
3579,65188414.45067686
3580,24753551.493669316
3581,0.0
3582,0.0
3583,11613972.383618651
3584,4621520.097217464
3585,0.0
3586,0.0
3587,46359333.79725242
3588,0.0
3589,0.0
3590,9706536.569060821
3591,0.0
3592,0.0
3593,0.0
3594,14693365.60647202
3595,10575177.135904955
3596,0.0
3597,12951661.418241609
3598,19534219.02629579
3599,0.0
3600,37397255.57907061
3601,17487758.163063645
3602,5543419.372503908
3603,0.0
3604,25453499.392338715
3605,0.0
3606,11258431.526111448
3607,0.0
3608,0.0
3609,0.0
3610,30187070.42946279
3611,0.0
3612,12926168.399837188
3613,0.0
3614,8807522.580002641
3615,0.0
3616,3178892.2546365266
3617,53456719.039105564
3618,0.0
3619,17284071.388372846
3620,0.0
3621,0.0
3622,18931697.39459268
3623,17831351.176298503
3624,0.0
3625,0.0
3626,0.0
3627,0.0
3628,10573776.65236366
3629,25358276.717476033
3630,10575177.135904955
3631,0.0
3632,0.0
3633,3178892.2546365266
3634,11130498.614125397
3635,0.0
3636,29165536.5651147
3637,0.0
3638,0.0
3639,74950876.93552604
3640,10729505.057090208
3641,17917013.97793504
3642,0.0
3643,0.0
3644,15934358.899960449
3645,15500416.494899493
3646,0.0
3647,0.0
3648,15500416.494899493
3649,0.0
3650,31246849.37926323
3651,0.0
3652,0.0
3653,11258431.526111448
3654,0.0
3655,0.0
3656,15002440.44003371
3657,8807522.580002641
3658,0.0
3659,11677778.402051054
3660,17487758.163063645
3661,0.0
3662,0.0
3663,0.0
3664,0.0
3665,125455507.29978557
3666,0.0
3667,79001714.85180801
3668,0.0
3669,0.0
3670,0.0
3671,0.0
3672,8807522.580002641
3673,0.0
3674,0.0
3675,0.0
3676,18619747.60435972
3677,0.0
3678,11613972.383618651
3679,20121936.592116956
3680,0.0
3681,33340968.355084147
3682,0.0
3683,0.0
3684,22609697.022716902
3685,0.0
3686,0.0
3687,12352610.63947364
3688,11613972.383618651
3689,0.0
3690,15879951.623328913
3691,0.0
3692,21023299.843189083
3693,0.0
3694,0.0
3695,12951661.418241609
3696,0.0
3697,0.0
3698,9706536.569060821
3699,52837283.719573304
3700,6530756.540397004
3701,0.0
3702,0.0
3703,0.0
3704,20614718.737331815
3705,0.0
3706,11677778.402051054
3707,15499094.215385482
3708,0.0
3709,23021955.206617787
3710,12951661.418241609
3711,0.0
3712,0.0
3713,0.0
3714,16107977.951200685
3715,0.0
3716,6153572.77424745
3717,0.0
3718,0.0
3719,0.0
3720,0.0
3721,0.0
3722,0.0
3723,0.0
3724,0.0
3725,0.0
3726,0.0
3727,6153572.77424745
3728,0.0
3729,0.0
3730,0.0
3731,21654744.27704106
3732,0.0
3733,33673667.01642379
3734,11613972.383618651
3735,0.0
3736,0.0
3737,0.0
3738,0.0
3739,29003542.903847236
3740,91687896.4514586
3741,0.0
3742,103721274.36620398
3743,0.0
3744,30062196.008718077
3745,123124297.0109115
3746,0.0
3747,0.0
3748,23578677.168379523
3749,9345521.441138031
3750,0.0
3751,15500416.494899493
3752,0.0
3753,10071845.509254556
3754,0.0
3755,0.0
3756,15500416.494899493
3757,0.0
3758,0.0
3759,0.0
3760,0.0
3761,35460565.25983067
3762,17487758.163063645
3763,0.0
3764,24773320.37860717
3765,0.0
3766,0.0
3767,0.0
3768,0.0
3769,0.0
3770,89511546.457461
3771,0.0
3772,10729505.057090208
3773,18931697.39459268
3774,33021033.455081195
3775,50159556.1181284
3776,0.0
3777,3426241.075095102
3778,11613972.383618651
3779,35644361.425143346
3780,0.0
3781,0.0
3782,6530756.540397004
3783,0.0
3784,0.0
3785,0.0
3786,0.0
3787,0.0
3788,0.0
3789,18931697.39459268
3790,27450618.994287834
3791,0.0
3792,0.0
3793,15030276.41012413
3794,29652728.97834379
3795,20309318.90643276
3796,0.0
3797,0.0
3798,18931697.39459268
3799,0.0
3800,29315882.550651863
3801,0.0
3802,0.0
3803,3737730.29910602
3804,29945000.069559727
3805,10575177.135904955
3806,0.0
3807,0.0
3808,11677778.402051054
3809,0.0
3810,10071845.509254556
3811,0.0
3812,10071845.509254556
3813,30545669.778211333
3814,0.0
3815,0.0
3816,0.0
3817,0.0
3818,34120164.09925921
3819,0.0
3820,50358717.674806945
3821,0.0
3822,18931697.39459268
3823,29003858.651033767
3824,0.0
3825,62267682.43155641
3826,10575177.135904955
3827,14155746.13218531
3828,15002440.44003371
3829,9345521.441138031
3830,0.0
3831,0.0
3832,36179230.19839274
3833,17284071.388372846
3834,0.0
3835,0.0
3836,0.0
3837,51221516.66032006
3838,0.0
3839,0.0
3840,15500416.494899493
3841,0.0
3842,0.0
3843,0.0
3844,17487758.163063645
3845,49834200.32546121
3846,0.0
3847,5821854.099076635
3848,0.0
3849,11613972.383618651
3850,0.0
3851,0.0
3852,5862513.390705893
3853,25903499.92908805
3854,15002440.44003371
3855,0.0
3856,0.0
3857,0.0
3858,10575177.135904955
3859,0.0
3860,0.0
3861,0.0
3862,0.0
3863,10071845.509254556
3864,106495891.1691244
3865,0.0
3866,33961973.80471681
3867,0.0
3868,33231974.639666088
3869,10071845.509254556
3870,0.0
3871,12545252.879108662
3872,19482417.958638612
3873,83492372.73049381
3874,0.0
3875,0.0
3876,0.0
3877,22189149.519523606
3878,8807522.580002641
3879,81717140.50076672
3880,27450618.994287834
3881,6153572.77424745
3882,5821854.099076635
3883,0.0
3884,15068839.715650415
3885,28638233.9636535
3886,11258431.526111448
3887,5821854.099076635
3888,2117178.297408806
3889,6153572.77424745
3890,0.0
3891,0.0
3892,0.0
3893,0.0
3894,18619747.60435972
3895,63209710.70520065
3896,0.0
3897,0.0
3898,0.0
3899,0.0
3900,0.0
3901,0.0
3902,0.0
3903,17917013.97793504
3904,18619747.60435972
3905,0.0
3906,5821854.099076635
3907,92501769.76376697
3908,10729505.057090208
3909,4621520.097217464
3910,0.0
3911,0.0
3912,0.0
3913,0.0
3914,41512073.05815521
3915,27267682.44216553
3916,0.0
3917,36368788.23891649
3918,0.0
3919,16225418.283502005
3920,0.0
3921,0.0
3922,0.0
3923,0.0
3924,50064691.50750452
3925,3178892.2546365266
3926,11613972.383618651
3927,0.0
3928,0.0
3929,0.0
3930,0.0
3931,8807522.580002641
3932,0.0
3933,0.0
3934,13759091.216199582
3935,0.0
3936,10071845.509254556
3937,13759091.216199582
3938,5862513.390705893
3939,31070897.323852845
3940,0.0
3941,43059657.09690105
3942,5862513.390705893
3943,16397031.234981589
3944,0.0
3945,32919454.41796875
3946,56737837.816331044
3947,12233763.655097743
3948,0.0
3949,0.0
3950,0.0
3951,30169815.980248377
3952,147358440.00463992
3953,33561074.07367195
3954,9658035.604475295
3955,0.0
3956,10575177.135904955
3957,0.0
3958,42943033.18261583
3959,11677778.402051054
3960,0.0
3961,0.0
3962,0.0
3963,12926168.399837188
3964,0.0
3965,0.0
3966,12926168.399837188
3967,12448178.554254126
3968,18619747.60435972
3969,0.0
3970,0.0
3971,0.0
3972,0.0
3973,45067943.886072606
3974,0.0
3975,12448178.554254126
3976,0.0
3977,28646405.17880843
3978,0.0
3979,24889589.830324978
3980,17487758.163063645
3981,5821854.099076635
3982,0.0
3983,11130498.614125397
3984,68326417.48210797
3985,8047761.172312566
3986,0.0
3987,5821854.099076635
3988,0.0
3989,74375315.00859535
3990,0.0
3991,12448178.554254126
3992,28062935.2989686
3993,33340968.355084147
3994,0.0
3995,17487758.163063645
3996,0.0
3997,9706536.569060821
3998,88364966.66220354
3999,0.0
4000,0.0
4001,23526838.554146565
4002,0.0
4003,0.0
4004,16107977.951200685
4005,46933036.95292645
4006,9658035.604475295
4007,0.0
4008,15002440.44003371
4009,0.0
4010,0.0
4011,0.0
4012,0.0
4013,0.0
4014,24655712.372561306
4015,10573776.65236366
4016,0.0
4017,0.0
4018,0.0
4019,0.0
4020,0.0
4021,0.0
4022,12448178.554254126
4023,0.0
4024,0.0
4025,12448178.554254126
4026,29068857.443109177
4027,0.0
4028,0.0
4029,5821854.099076635
4030,0.0
4031,0.0
4032,23664193.236690223
4033,0.0
4034,0.0
4035,0.0
4036,0.0
4037,5821854.099076635
4038,15002440.44003371
4039,10575177.135904955
4040,0.0
4041,3426241.075095102
4042,110586830.10729966
4043,0.0
4044,0.0
4045,11258431.526111448
4046,0.0
4047,0.0
4048,32837036.215078074
4049,0.0
4050,14001418.211000057
4051,0.0
4052,0.0
4053,36419455.557656325
4054,22252955.537956007
4055,0.0
4056,10443374.1962941
4057,0.0
4058,16130553.672878135
4059,0.0
4060,0.0
4061,0.0
4062,0.0
4063,0.0
4064,0.0
4065,4621520.097217464
4066,33544335.559187595
4067,0.0
4068,42762951.91397256
4069,9658035.604475295
4070,0.0
4071,18425156.039363854
4072,3737730.29910602
4073,15030276.41012413
4074,0.0
4075,0.0
4076,10575177.135904955
4077,23641330.937311094
4078,0.0
4079,12926168.399837188
4080,3426241.075095102
4081,5821854.099076635
4082,0.0
4083,0.0
4084,0.0
4085,5862513.390705893
4086,37551444.9989524
4087,0.0
4088,0.0
4089,11613972.383618651
4090,4621520.097217464
4091,0.0
4092,55256628.42079138
4093,42119692.65656057
4094,3426241.075095102
4095,5862513.390705893
4096,0.0
4097,6530756.540397004
4098,0.0
4099,7979691.688114699
4100,30111500.691131875
4101,0.0
4102,0.0
4103,32918654.576613814
4104,0.0
4105,64633284.20000387
4106,0.0
4107,0.0
4108,21255701.134256765
4109,0.0
4110,12352610.63947364
4111,0.0
4112,12926168.399837188
4113,18931697.39459268
4114,21833608.662016403
4115,0.0
4116,0.0
4117,0.0
4118,0.0
4119,0.0
4120,10573776.65236366
4121,6153572.77424745
4122,0.0
4123,0.0
4124,69406538.24058685
4125,0.0
4126,49810415.816161424
4127,0.0
4128,0.0
4129,3178892.2546365266
4130,0.0
4131,0.0
4132,0.0
4133,19482417.958638612
4134,0.0
4135,0.0
4136,0.0
4137,0.0
4138,0.0
4139,0.0
4140,0.0
4141,0.0
4142,21929832.05027732
4143,0.0
4144,18931697.39459268
4145,6916622.553742547
4146,0.0
4147,0.0
4148,0.0
4149,0.0
4150,76240186.88814917
4151,0.0
4152,0.0
4153,0.0
4154,11677778.402051054
4155,0.0
4156,0.0
4157,39150791.772739016
4158,0.0
4159,5821854.099076635
4160,0.0
4161,36475429.96346991
4162,9579813.849342551
4163,0.0
4164,2117178.297408806
4165,0.0
4166,75975809.62509596
4167,0.0
4168,0.0
4169,6530756.540397004
4170,0.0
4171,0.0
4172,6153572.77424745
4173,0.0
4174,0.0
4175,10573776.65236366
4176,20964968.09517227
4177,0.0
4178,0.0
4179,0.0
4180,37699488.77844436
4181,18931697.39459268
4182,0.0
4183,0.0
4184,9345521.441138031
4185,0.0
4186,0.0
4187,0.0
4188,12448178.554254126
4189,9706536.569060821
4190,17487758.163063645
4191,0.0
4192,0.0
4193,27559603.6723182
4194,89079532.04238497
4195,0.0
4196,0.0
4197,0.0
4198,0.0
4199,14311506.95146968
4200,38326008.37233292
4201,11130498.614125397
4202,0.0
4203,10729505.057090208
4204,2117178.297408806
4205,0.0
4206,0.0
4207,0.0
4208,12926168.399837188
4209,0.0
4210,8807522.580002641
4211,0.0
4212,0.0
4213,10573776.65236366
4214,0.0
4215,0.0
4216,8807522.580002641
4217,30394397.133139513
4218,0.0
4219,3426241.075095102
4220,4621520.097217464
4221,0.0
4222,11613972.383618651
4223,0.0
4224,0.0
4225,10729505.057090208
4226,0.0
4227,0.0
4228,0.0
4229,51580108.27954075
4230,0.0
4231,0.0
4232,0.0
4233,3737730.29910602
4234,0.0
4235,17487758.163063645
4236,0.0
4237,0.0
4238,0.0
4239,0.0
4240,0.0
4241,9658035.604475295
4242,35639667.90412793
4243,17917013.97793504
4244,0.0
4245,0.0
4246,0.0
4247,0.0
4248,0.0
4249,0.0
4250,0.0
4251,0.0
4252,47587589.008478045
4253,0.0
4254,0.0
4255,8270751.071656256
4256,17107476.099235125
4257,0.0
4258,0.0
4259,0.0
4260,4621520.097217464
4261,0.0
4262,0.0
4263,0.0
4264,0.0
4265,0.0
4266,0.0
4267,0.0
4268,154088001.94197485
4269,10729505.057090208
4270,0.0
4271,14868228.913231418
4272,0.0
4273,17487758.163063645
4274,90506320.03389561
4275,0.0
4276,0.0
4277,0.0
4278,0.0
4279,0.0
4280,15002440.44003371
4281,11677778.402051054
4282,18931697.39459268
4283,3426241.075095102
4284,9288754.465800995
4285,0.0
4286,26681754.603564344
4287,0.0
4288,0.0
4289,0.0
4290,0.0
4291,0.0
4292,37614480.414436616
4293,0.0
4294,0.0
4295,123209551.69944799
4296,0.0
4297,12448178.554254126
4298,16107977.951200685
4299,0.0
4300,0.0
4301,0.0
4302,16107977.951200685
4303,130209174.1767383
4304,0.0
4305,0.0
4306,0.0
4307,0.0
4308,0.0
4309,0.0
4310,0.0
4311,0.0
4312,0.0
4313,0.0
4314,0.0
4315,0.0
4316,0.0
4317,0.0
4318,11677778.402051054
4319,0.0
4320,11613972.383618651
4321,30413926.562900834
4322,10729505.057090208
4323,54025379.34718023
4324,0.0
4325,0.0
4326,0.0
4327,0.0
4328,0.0
4329,11130498.614125397
4330,11130498.614125397
4331,13759091.216199582
4332,0.0
4333,18931697.39459268
4334,0.0
4335,0.0
4336,21722622.73401416
4337,0.0
4338,6530756.540397004
4339,0.0
4340,14279555.70169276
4341,17487758.163063645
4342,0.0
4343,0.0
4344,0.0
4345,38757317.17296651
4346,6153572.77424745
4347,31615799.59617909
4348,0.0
4349,0.0
4350,0.0
4351,5821854.099076635
4352,0.0
4353,23499945.052200846
4354,15002440.44003371
4355,12926168.399837188
4356,11613972.383618651
4357,5821854.099076635
4358,0.0
4359,5821854.099076635
4360,0.0
4361,85814877.51997784
4362,0.0
4363,0.0
4364,0.0
4365,5821854.099076635
4366,29862047.341742165
4367,0.0
4368,5821854.099076635
4369,0.0
4370,0.0
4371,18619747.60435972
4372,0.0
4373,54818080.497989535
4374,13759091.216199582
4375,0.0
4376,0.0
4377,0.0
4378,37198061.82056094
4379,5821854.099076635
4380,0.0
4381,0.0
4382,23223271.425719038
4383,0.0
4384,0.0
4385,0.0
4386,14556739.6892205
4387,0.0
4388,0.0
4389,0.0
4390,6153572.77424745
4391,0.0
4392,0.0
4393,0.0
4394,0.0
4395,28620897.820231605
4396,0.0
4397,23525438.07060527
4398,38526208.98526201
4399,0.0
4400,0.0
4401,0.0
4402,0.0
4403,0.0
4404,0.0
4405,17487758.163063645
4406,51860835.86771432
4407,0.0
4408,0.0
4409,0.0
4410,6153572.77424745
4411,0.0
4412,15030276.41012413
4413,18931697.39459268
4414,0.0
4415,0.0
4416,53915174.94572507
4417,17080285.625188082
4418,0.0
4419,10573776.65236366
4420,0.0
4421,0.0
4422,0.0
4423,0.0
4424,51477940.15681656
4425,0.0
4426,15002440.44003371
4427,0.0
4428,18931697.39459268
4429,20476020.05526343
4430,12926168.399837188
4431,0.0
4432,0.0
4433,0.0
4434,5976977.48510973
4435,0.0
4436,0.0
4437,0.0
4438,0.0
4439,27194294.732124466
4440,16689391.71734763
4441,64950011.24558826
4442,29339667.278886054
4443,37213364.21966949
4444,10729505.057090208
4445,0.0
4446,28618256.777189042
4447,86136497.7987175
4448,32307467.63220349
4449,0.0
4450,0.0
4451,0.0
4452,55397753.503262706
4453,0.0
4454,0.0
4455,39172715.112191804
4456,30417949.141190782
4457,49308524.09852789
4458,43159888.387815565
4459,0.0
4460,56178180.23886201
4461,10443374.1962941
4462,26448196.28171289
4463,0.0
4464,0.0
4465,5821854.099076635
4466,0.0
4467,0.0
4468,53968330.109970234
4469,0.0
4470,3737730.29910602
4471,20666650.41770017
4472,0.0
4473,0.0
4474,0.0
4475,0.0
4476,0.0
4477,10729505.057090208
4478,12352610.63947364
4479,0.0
4480,3737730.29910602
4481,11677778.402051054
4482,0.0
4483,0.0
4484,0.0
4485,6153572.77424745
4486,0.0
4487,27114388.87851814
4488,8807522.580002641
4489,21272007.988093946
4490,0.0
4491,11130498.614125397
4492,11258431.526111448
4493,0.0
4494,18978935.09465113
4495,11677778.402051054
4496,5976977.48510973
4497,3178892.2546365266
4498,15500416.494899493
4499,17917013.97793504
4500,27794397.313068606
4501,83332259.96788734
4502,0.0
4503,20476020.05526343
4504,0.0
4505,0.0
4506,12448178.554254126
4507,0.0
4508,13759091.216199582
4509,0.0
4510,59121870.053475
4511,0.0
4512,12448178.554254126
4513,0.0
4514,16552154.621014684
4515,0.0
4516,0.0
4517,5821854.099076635
4518,4621520.097217464
4519,26683155.08710564
4520,39768732.5777789
4521,6530756.540397004
4522,0.0
4523,0.0
4524,12448178.554254126
4525,0.0
4526,0.0
4527,9658035.604475295
4528,0.0
4529,0.0
4530,0.0
4531,0.0
4532,9706536.569060821
4533,6153572.77424745
4534,0.0
4535,0.0
4536,28426042.313705448
4537,3178892.2546365266
4538,0.0
4539,2117178.297408806
4540,0.0
4541,39783827.90379345
4542,0.0
4543,0.0
4544,0.0
4545,0.0
4546,0.0
4547,21759183.99824425
4548,0.0
4549,109076515.4762484
4550,0.0
4551,87562953.16144082
4552,0.0
4553,22297182.85937964
4554,46868414.93044467
4555,0.0
4556,0.0
4557,0.0
4558,40964323.525567606
4559,0.0
4560,59128462.329153515
4561,0.0
4562,18144728.924015656
4563,27238476.56532608
4564,0.0
4565,0.0
4566,0.0
4567,0.0
4568,0.0
4569,0.0
4570,0.0
4571,0.0
4572,0.0
4573,42758462.46329206
4574,0.0
4575,0.0
4576,0.0
4577,42854399.45368248
4578,0.0
4579,0.0
4580,0.0
4581,0.0
4582,53050855.17167985
4583,11677778.402051054
4584,8807522.580002641
4585,0.0
4586,0.0
4587,9579813.849342551
4588,31857865.79442987
4589,11696992.146751357
4590,15030276.41012413
4591,31379875.948846806
4592,21148953.788268615
4593,0.0
4594,23578677.168379523
4595,0.0
4596,28264447.520236835
4597,39570417.19357997
4598,26443420.530844036
4599,9658035.604475295
4600,0.0
4601,0.0
4602,0.0
4603,0.0
4604,0.0
4605,54399217.56034352
4606,10071845.509254556
4607,0.0
4608,0.0
4609,29530986.36155369
4610,0.0
4611,0.0
4612,11130498.614125397
4613,0.0
4614,23578677.168379523
4615,29259507.711099073
4616,11613972.383618651
4617,0.0
4618,0.0
4619,0.0
4620,0.0
4621,0.0
4622,12951661.418241609
4623,0.0
4624,0.0
4625,4621520.097217464
4626,0.0
4627,0.0
4628,76548726.6980639
4629,0.0
4630,3178892.2546365266
4631,0.0
4632,73910160.81794834
4633,17487758.163063645
4634,48089962.54108981
4635,0.0
4636,0.0
4637,29101730.5466823
4638,0.0
4639,3426241.075095102
4640,0.0
4641,0.0
4642,0.0
4643,32485880.444537394
4644,0.0
4645,10573776.65236366
4646,0.0
4647,0.0
4648,55526015.455523245
4649,0.0
4650,0.0
4651,18310691.94496002
4652,0.0
4653,0.0
4654,16395630.751440294
4655,0.0
4656,0.0
4657,0.0
4658,0.0
4659,0.0
4660,0.0
4661,42978871.45927775
4662,0.0
4663,15030276.41012413
4664,15002440.44003371
4665,0.0
4666,45012307.1434163
4667,0.0
4668,0.0
4669,17487758.163063645
4670,15860109.34330827
4671,11677778.402051054
4672,18619747.60435972
4673,0.0
4674,0.0
4675,0.0
4676,11839490.875815623
4677,0.0
4678,0.0
4679,15500416.494899493
4680,14467235.356196228
4681,0.0
4682,0.0
4683,32988174.657963138
4684,0.0
4685,0.0
4686,20959493.824756682
4687,0.0
4688,6153572.77424745
4689,0.0
4690,0.0
4691,0.0
4692,6153572.77424745
4693,24901595.273161273
4694,0.0
4695,0.0
4696,0.0
4697,5821854.099076635
4698,10071845.509254556
4699,0.0
4700,15500416.494899493
4701,0.0
4702,9706536.569060821
4703,20281713.704965778
4704,11677778.402051054
4705,0.0
4706,18931697.39459268
4707,11130498.614125397
4708,0.0
4709,5821854.099076635
4710,5821854.099076635
4711,0.0
4712,26439941.128119104
4713,3426241.075095102
4714,0.0
4715,0.0
4716,0.0
4717,0.0
4718,92410652.96475697
4719,0.0
4720,76535366.49210793
4721,0.0
4722,0.0
4723,11677778.402051054
4724,0.0
4725,0.0
4726,0.0
4727,0.0
4728,0.0
4729,0.0
4730,5976977.48510973
4731,0.0
4732,0.0
4733,45444202.973024964
4734,42993848.332465455
4735,10071845.509254556
4736,52530902.847358
4737,15500416.494899493
4738,9345521.441138031
4739,0.0
4740,15043346.697245995
4741,0.0
4742,0.0
4743,0.0
4744,0.0
4745,0.0
4746,29505474.046956338
4747,15500416.494899493
4748,12926168.399837188
4749,0.0
4750,0.0
4751,83908227.28851064
4752,54459772.433821715
4753,0.0
4754,0.0
4755,26295280.74306629
4756,0.0
4757,10575177.135904955
4758,26260871.966145158
4759,0.0
4760,0.0
4761,12448178.554254126
4762,11130498.614125397
4763,6530756.540397004
4764,21322270.59397613
4765,16107977.951200685
4766,10575177.135904955
4767,0.0
4768,0.0
4769,37816371.565751344
4770,18619747.60435972
4771,10573776.65236366
4772,0.0
4773,59070822.08024763
4774,0.0
4775,0.0
4776,18153044.021140672
4777,20065954.10611409
4778,0.0
4779,10729505.057090208
4780,5821854.099076635
4781,0.0
4782,18931697.39459268
4783,0.0
4784,0.0
4785,0.0
4786,0.0
4787,0.0
4788,4621520.097217464
4789,19482417.958638612
4790,0.0
4791,0.0
4792,29809807.363661416
4793,97771890.98143864
4794,0.0
4795,0.0
4796,0.0
4797,40302624.26697157
4798,0.0
4799,0.0
4800,0.0
4801,74288317.42021494
4802,0.0
4803,0.0
4804,0.0
4805,0.0
4806,12951661.418241609
4807,0.0
4808,3426241.075095102
4809,0.0
4810,10575177.135904955
4811,0.0
4812,14792864.638255177
4813,6530756.540397004
4814,0.0
4815,0.0
4816,0.0
4817,48360227.8863868
4818,11677778.402051054
4819,10071845.509254556
4820,0.0
4821,5821854.099076635
4822,0.0
4823,0.0
4824,22007762.952436782
4825,0.0
4826,0.0
4827,0.0
4828,0.0
4829,0.0
4830,5976977.48510973
4831,0.0
4832,24062150.937872775
4833,0.0
4834,11613972.383618651
4835,24753551.493669316
4836,0.0
4837,16952352.713202033
4838,9332465.028883977
4839,52610876.64496842
4840,36897719.472538315
4841,93175016.64937449
4842,0.0
4843,5821854.099076635
4844,0.0
4845,32493428.499730784
4846,0.0
4847,40188703.818910256
4848,136741248.16958487
4849,43471838.17804852
4850,57805659.09611832
4851,11130498.614125397
4852,0.0
4853,0.0
4854,0.0
4855,0.0
4856,6153572.77424745
4857,15002440.44003371
4858,0.0
4859,0.0
4860,26546007.31528247
4861,0.0
4862,0.0
4863,0.0
4864,0.0
4865,0.0
4866,42209146.86130246
4867,0.0
4868,0.0
4869,11613972.383618651
4870,0.0
4871,0.0
4872,0.0
4873,0.0
4874,0.0
4875,0.0
4876,10575177.135904955
4877,14784500.065112371
4878,0.0
4879,0.0
4880,45067943.886072606
4881,37281831.46453884
4882,15002440.44003371
4883,47422488.02489138
4884,24955912.57976086
4885,57977236.33507639
4886,0.0
4887,8807522.580002641
4888,0.0
4889,0.0
4890,0.0
4891,0.0
4892,0.0
4893,0.0
4894,39579241.4291164
4895,0.0
4896,0.0
4897,32826732.19031967
4898,31857865.79442987
4899,0.0
4900,0.0
4901,0.0
4902,0.0
4903,0.0
4904,0.0
4905,3426241.075095102
4906,0.0
4907,0.0
4908,18619747.60435972
4909,0.0
4910,11613972.383618651
4911,15500416.494899493
4912,73007437.70527214
4913,0.0
4914,0.0
4915,23546855.387698047
4916,0.0
4917,11613972.383618651
4918,10575177.135904955
4919,0.0
4920,8270751.071656256
4921,140142240.41975367
4922,2117178.297408806
4923,0.0
4924,81167325.90653703
4925,0.0
4926,0.0
4927,0.0
4928,0.0
4929,0.0
4930,0.0
4931,17069698.65147159
4932,16107977.951200685
4933,11613972.383618651
4934,0.0
4935,10729505.057090208
4936,0.0
4937,0.0
4938,18740170.73913973
4939,20647022.645159513
4940,5862513.390705893
4941,18619747.60435972
4942,0.0
4943,0.0
4944,96359197.30453366
4945,0.0
4946,0.0
4947,0.0
4948,0.0
4949,23000764.081171922
4950,0.0
4951,6530756.540397004
4952,0.0
4953,16107977.951200685
4954,0.0
4955,0.0
4956,16952352.713202033
4957,0.0
4958,0.0
4959,0.0
4960,21798639.858996246
4961,0.0
4962,0.0
4963,42745704.5606649
4964,11130498.614125397
4965,0.0
4966,0.0
4967,0.0
4968,0.0
4969,11130498.614125397
4970,0.0
4971,0.0
4972,0.0
4973,0.0
4974,5821854.099076635
4975,0.0
4976,0.0
4977,0.0
4978,0.0
4979,0.0
4980,0.0
4981,0.0
4982,28746189.68917509
4983,0.0
4984,4621520.097217464
4985,0.0
4986,0.0
4987,10729505.057090208
4988,0.0
4989,0.0
4990,57493471.2627096
4991,17767545.1578661
4992,0.0
4993,0.0
4994,21798639.858996246
4995,0.0
4996,0.0
4997,64177245.61739512
4998,0.0
4999,3426241.075095102
5000,0.0
5001,0.0
5002,28618256.777189042
5003,0.0
5004,0.0
5005,0.0
5006,0.0
5007,0.0
5008,18619747.60435972
5009,0.0
5010,67332078.08409691
5011,0.0
5012,0.0
5013,0.0
5014,0.0
5015,0.0
5016,0.0
5017,16107977.951200685
5018,11613972.383618651
5019,0.0
5020,0.0
5021,0.0
5022,0.0
5023,0.0
5024,3178892.2546365266
5025,0.0
5026,0.0
5027,18931697.39459268
5028,0.0
5029,10729505.057090208
5030,0.0
5031,15500416.494899493
5032,0.0
5033,0.0
5034,0.0
5035,21733690.97983983
5036,0.0
5037,0.0
5038,3737730.29910602
5039,0.0
5040,46548356.444230616
5041,0.0
5042,0.0
5043,5821854.099076635
5044,0.0
5045,0.0
5046,0.0
5047,36567368.23237603
5048,11258431.526111448
5049,9706536.569060821
5050,99429822.55595359
5051,6153572.77424745
5052,29505474.046956338
5053,0.0
5054,0.0
5055,0.0
5056,0.0
5057,0.0
5058,11258431.526111448
5059,0.0
5060,0.0
5061,66397127.47041251
5062,0.0
5063,17487758.163063645
5064,0.0
5065,11258431.526111448
5066,0.0
5067,0.0
5068,22744470.997744046
5069,0.0
5070,16107977.951200685
5071,17487758.163063645
5072,35531089.71566582
5073,5862513.390705893
5074,5821854.099076635
5075,0.0
5076,0.0
5077,37226167.3829192
5078,0.0
5079,0.0
5080,9658035.604475295
5081,17487758.163063645
5082,12951661.418241609
5083,17487758.163063645
5084,12951661.418241609
5085,5821854.099076635
5086,0.0
5087,17767545.1578661
5088,29991371.764374223
5089,0.0
5090,3426241.075095102
5091,0.0
5092,0.0
5093,52964928.892335325
5094,15030276.41012413
5095,0.0
5096,0.0
5097,12448178.554254126
5098,11613972.383618651
5099,0.0
5100,0.0
5101,0.0
5102,11677778.402051054
5103,106849816.1404678
5104,0.0
5105,5976977.48510973
5106,22388930.140236847
5107,9706536.569060821
5108,16352409.47493229
5109,0.0
5110,2117178.297408806
5111,21225488.462169666
5112,87038318.90012774
5113,6530756.540397004
5114,0.0
5115,0.0
5116,0.0
5117,11130498.614125397
5118,0.0
5119,29870669.353265125
5120,18425156.039363854
5121,48668168.69701396
5122,0.0
5123,17487758.163063645
5124,5862513.390705893
5125,18931697.39459268
5126,0.0
5127,0.0
5128,0.0
5129,0.0
5130,46951160.32897291
5131,0.0
5132,0.0
5133,0.0
5134,10729505.057090208
5135,0.0
5136,43471838.17804852
5137,3178892.2546365266
5138,12951661.418241609
5139,0.0
5140,16727349.42661111
5141,9658035.604475295
5142,45730895.31703623
5143,0.0
5144,0.0
5145,25731945.49712392
5146,23664193.236690223
5147,0.0
5148,0.0
5149,9345521.441138031
5150,66520533.993303955
5151,0.0
5152,12926168.399837188
5153,0.0
5154,0.0
5155,0.0
5156,24307939.074902132
5157,46414015.52655345
5158,0.0
5159,0.0
5160,0.0
5161,0.0
5162,0.0
5163,11613972.383618651
5164,17487758.163063645
5165,10573776.65236366
5166,0.0
5167,0.0
5168,18619747.60435972
5169,21183849.18437158
5170,101535250.23862398
5171,18270032.653330762
5172,16130553.672878135
5173,0.0
5174,5862513.390705893
5175,19920698.577042986
5176,0.0
5177,0.0
5178,2117178.297408806
5179,5862513.390705893
5180,0.0
5181,0.0
5182,19621604.606905475
5183,0.0
5184,49963624.00290557
5185,21833608.662016403
5186,0.0
5187,75373431.03218278
5188,0.0
5189,6530756.540397004
5190,41036494.11714282
5191,32355987.076295063
5192,15500416.494899493
5193,0.0
5194,0.0
5195,0.0
5196,0.0
5197,56025035.78139138
5198,0.0
5199,62740401.78705457
5200,5862513.390705893
5201,11613972.383618651
5202,26681754.603564344
5203,0.0
5204,0.0
5205,7800412.351853991
5206,29165536.5651147
5207,40162784.27902271
5208,4621520.097217464
5209,0.0
5210,10573776.65236366
5211,26072870.86774914
5212,0.0
5213,0.0
5214,0.0
5215,10071845.509254556
5216,0.0
5217,0.0
5218,0.0
5219,11677778.402051054
5220,18619747.60435972
5221,16689391.71734763
5222,0.0
5223,37488353.07810115
5224,0.0
5225,11677778.402051054
5226,0.0
5227,0.0
5228,0.0
5229,0.0
5230,0.0
5231,0.0
5232,33961973.80471681
5233,35187719.12528533
5234,10573776.65236366
5235,27114388.87851814
5236,131230575.47348207
5237,0.0
5238,34855462.013395384
5239,0.0
5240,40669254.36653128
5241,0.0
5242,0.0
5243,0.0
5244,0.0
5245,18619747.60435972
5246,0.0
5247,0.0
5248,0.0
5249,6530756.540397004
5250,5862513.390705893
5251,0.0
5252,23410704.51147548
5253,0.0
5254,0.0
5255,0.0
5256,0.0
5257,17487758.163063645
5258,0.0
5259,0.0
5260,0.0
5261,0.0
5262,0.0
5263,0.0
5264,44563538.29555331
5265,28556156.50545481
5266,0.0
5267,52073779.54087638
5268,10729505.057090208
5269,0.0
5270,0.0
5271,0.0
5272,32662480.029357463
5273,0.0
5274,0.0
5275,0.0
5276,0.0
5277,39033095.739707895
5278,38360234.32701743
5279,0.0
5280,12448178.554254126
5281,0.0
5282,0.0
5283,0.0
5284,0.0
5285,0.0
5286,0.0
5287,28191449.648699243
5288,11677778.402051054
5289,10575177.135904955
5290,0.0
5291,18619747.60435972
5292,0.0
5293,0.0
5294,0.0
5295,0.0
5296,9658035.604475295
5297,0.0
5298,5821854.099076635
5299,0.0
5300,0.0
5301,5862513.390705893
5302,21860003.671215605
5303,19382699.715907596
5304,0.0
5305,4621520.097217464
5306,0.0
5307,0.0
5308,3426241.075095102
5309,0.0
5310,48539021.59746164
5311,15002440.44003371
5312,0.0
5313,0.0
5314,0.0
5315,0.0
5316,0.0
5317,5976977.48510973
5318,9706536.569060821
5319,0.0
5320,10729505.057090208
5321,11613972.383618651
5322,9658035.604475295
5323,11613972.383618651
5324,0.0
5325,0.0
5326,0.0
5327,0.0
5328,0.0
5329,0.0
5330,8807522.580002641
5331,0.0
5332,0.0
5333,10729505.057090208
5334,0.0
5335,0.0
5336,24596725.089469448
5337,0.0
5338,0.0
5339,9706536.569060821
5340,0.0
5341,0.0
5342,0.0
5343,0.0
5344,0.0
5345,0.0
5346,5821854.099076635
5347,125609012.20653519
5348,0.0
5349,6153572.77424745
5350,0.0
5351,0.0
5352,37959375.06565964
5353,0.0
5354,74278479.57044935
5355,42988221.39275627
5356,0.0
5357,33087443.52677799
5358,0.0
5359,8807522.580002641
5360,0.0
5361,0.0
5362,0.0
5363,0.0
5364,138654576.89577597
5365,0.0
5366,0.0
5367,0.0
5368,15030276.41012413
5369,10573776.65236366
5370,0.0
5371,30233719.98797837
5372,11130498.614125397
5373,0.0
5374,21833608.662016403
5375,22584204.004312485
5376,48384842.13621354
5377,5821854.099076635
5378,0.0
5379,6153572.77424745
5380,0.0
5381,0.0
5382,15752018.71134286
5383,12448178.554254126
5384,0.0
5385,0.0
5386,0.0
5387,53090340.59311931
5388,0.0
5389,0.0
5390,0.0
5391,0.0
5392,11613972.383618651
5393,0.0
5394,22929330.19831176
5395,20852130.509200767
5396,0.0
5397,0.0
5398,0.0
5399,11130498.614125397
5400,0.0
5401,18931697.39459268
5402,30297526.006410774
5403,0.0
5404,5821854.099076635
5405,17487758.163063645
5406,5821854.099076635
5407,74346742.32978988
5408,0.0
5409,0.0
5410,8807522.580002641
5411,11677778.402051054
5412,0.0
5413,0.0
5414,11130498.614125397
5415,0.0
5416,46263222.908194974
5417,34806117.023941904
5418,0.0
5419,0.0
5420,21156013.21428116
5421,0.0
5422,0.0
5423,0.0
5424,10071845.509254556
5425,12393269.931102898
5426,0.0
5427,17487758.163063645
5428,6153572.77424745
5429,0.0
5430,31857865.79442987
5431,0.0
5432,0.0
5433,0.0
5434,0.0
5435,0.0
5436,0.0
5437,29991143.602756247
5438,0.0
5439,0.0
5440,29864151.8706733
5441,0.0
5442,0.0
5443,0.0
5444,0.0
5445,0.0
5446,0.0
5447,0.0
5448,0.0
5449,0.0
5450,35884050.10779471
5451,0.0
5452,0.0
5453,179484377.01569426
5454,53940370.43423066
5455,0.0
5456,0.0
5457,0.0
5458,15322498.92624776
5459,0.0
5460,0.0
5461,35583514.939563625
5462,0.0
5463,31374836.12424872
5464,0.0
5465,22744470.997744046
5466,10729505.057090208
5467,0.0
5468,24540140.78345584
5469,0.0
5470,0.0
5471,120697260.3127551
5472,0.0
5473,11613972.383618651
5474,128199712.34444506
5475,0.0
5476,0.0
5477,0.0
5478,0.0
5479,9658035.604475295
5480,0.0
5481,0.0
5482,0.0
5483,42825688.85763745
5484,58933666.80883814
5485,21759183.99824425
5486,0.0
5487,12507734.025506735
5488,29034146.351037875
5489,0.0
5490,3737730.29910602
5491,4621520.097217464
5492,0.0
5493,0.0
5494,0.0
5495,10575177.135904955
5496,10729505.057090208
5497,26132939.054159105
5498,0.0
5499,0.0
5500,0.0
5501,5976977.48510973
5502,18619747.60435972
5503,140126093.78206542
5504,34827758.29826105
5505,4621520.097217464
5506,24103938.055856075
5507,0.0
5508,0.0
5509,18931697.39459268
5510,0.0
5511,3737730.29910602
5512,0.0
5513,9706536.569060821
5514,9658035.604475295
5515,0.0
5516,12951661.418241609
5517,0.0
5518,0.0
5519,60878300.467792876
5520,0.0
5521,30233719.98797837
5522,28491281.792775333
5523,8807522.580002641
5524,66252932.44145883
5525,0.0
5526,8807522.580002641
5527,0.0
5528,29349252.661449928
5529,12507734.025506735
5530,10575177.135904955
5531,0.0
5532,0.0
5533,0.0
5534,41302586.091833495
5535,0.0
5536,11677778.402051054
5537,0.0
5538,0.0
5539,0.0
5540,22187749.03598231
5541,22189149.519523606
5542,0.0
5543,27145793.767538942
5544,0.0
5545,15876277.981535036
5546,11130498.614125397
5547,9658035.604475295
5548,0.0
5549,0.0
5550,5821854.099076635
5551,4621520.097217464
5552,9345521.441138031
5553,17487758.163063645
5554,0.0
5555,6153572.77424745
5556,55373347.71717861
5557,0.0
5558,0.0
5559,0.0
5560,0.0
5561,0.0
5562,0.0
5563,0.0
5564,18931697.39459268
5565,0.0
5566,0.0
5567,0.0
5568,0.0
5569,0.0
5570,11258431.526111448
5571,28638233.9636535
5572,8807522.580002641
5573,0.0
5574,49121609.45541648
5575,43777635.3306302
5576,0.0
5577,10575177.135904955
5578,0.0
5579,0.0
5580,47516517.31655593
5581,20281713.704965778
5582,27981937.82836574
5583,10575177.135904955
5584,0.0
5585,0.0
5586,0.0
5587,54155048.6538095
5588,14693365.60647202
5589,12951661.418241609
5590,0.0
5591,21183849.18437158
5592,0.0
5593,21759183.99824425
5594,0.0
5595,11677778.402051054
5596,12448178.554254126
5597,6153572.77424745
5598,0.0
5599,0.0
5600,10575177.135904955
5601,17487758.163063645
5602,0.0
5603,0.0
5604,17767545.1578661
5605,15322498.92624776
5606,50059179.02445914
5607,0.0
5608,36279115.279708266
5609,2117178.297408806
5610,13759091.216199582
5611,0.0
5612,19537027.63709285
5613,0.0
5614,4621520.097217464
5615,10573776.65236366
5616,0.0
5617,0.0
5618,10071845.509254556
5619,35660447.304745086
5620,0.0
5621,18619747.60435972
5622,20837035.18318622
5623,15030276.41012413
5624,11613972.383618651
5625,63339519.293200724
5626,19537027.63709285
5627,0.0
5628,0.0
5629,22505982.24917974
5630,17487758.163063645
5631,12448178.554254126
5632,0.0
5633,0.0
5634,23837798.990126774
5635,0.0
5636,10071845.509254556
5637,18619747.60435972
5638,0.0
5639,12926168.399837188
5640,64472867.16471193
5641,5821854.099076635
5642,0.0
5643,0.0
5644,0.0
5645,0.0
5646,63723059.861892164
5647,11152276.637614468
5648,9403218.560204832
5649,0.0
5650,0.0
5651,0.0
5652,0.0
5653,35950768.90478042
5654,0.0
5655,12233763.655097743
5656,0.0
5657,11613972.383618651
5658,0.0
5659,0.0
5660,0.0
5661,0.0
5662,4621520.097217464
5663,0.0
5664,17487758.163063645
5665,0.0
5666,0.0
5667,16107977.951200685
5668,16107977.951200685
5669,10575177.135904955
5670,3178892.2546365266
5671,9345521.441138031
5672,6530756.540397004
5673,0.0
5674,0.0
5675,0.0
5676,0.0
5677,10775092.871464914
5678,10729505.057090208
5679,0.0
5680,23600387.21825782
5681,0.0
5682,8807522.580002641
5683,0.0
5684,11613972.383618651
5685,59101666.910483725
5686,0.0
5687,0.0
5688,0.0
5689,0.0
5690,0.0
5691,11613972.383618651
5692,0.0
5693,15002440.44003371
5694,0.0
5695,0.0
5696,0.0
5697,10071845.509254556
5698,11613972.383618651
5699,0.0
5700,0.0
5701,15002440.44003371
5702,15030276.41012413
5703,116742699.69791652
5704,0.0
5705,0.0
5706,12926168.399837188
5707,10575177.135904955
5708,0.0
5709,6530756.540397004
5710,0.0
5711,0.0
5712,67244069.92889495
5713,15002440.44003371
5714,0.0
5715,85990239.39228204
5716,15528390.668137457
5717,26680218.842084765
5718,22658197.98730243
5719,5821854.099076635
5720,10573776.65236366
5721,0.0
5722,15500416.494899493
5723,12448178.554254126
5724,0.0
5725,0.0
5726,73221585.75654408
5727,0.0
5728,0.0
5729,0.0
5730,15030276.41012413
5731,0.0
5732,58996534.998484746
5733,0.0
5734,28460588.590674326
5735,17499632.50112769
5736,0.0
5737,0.0
5738,0.0
5739,0.0
5740,0.0
5741,17487758.163063645
5742,18748022.498913825
5743,18931697.39459268
5744,34487201.35035832
5745,6530756.540397004
5746,0.0
5747,72962702.0168211
5748,57388892.09149553
5749,53644348.87813138
5750,0.0
5751,0.0
5752,31883358.81283429
5753,0.0
5754,0.0
5755,0.0
5756,13759091.216199582
5757,0.0
5758,8807522.580002641
5759,0.0
5760,36889780.25769048
5761,0.0
5762,0.0
5763,0.0
5764,0.0
5765,0.0
5766,34107674.63252277
5767,40940369.66809412
5768,89096308.56963521
5769,11258431.526111448
5770,18619747.60435972
5771,0.0
5772,0.0
5773,33017615.524355702
5774,0.0
5775,15030276.41012413
5776,5862513.390705893
5777,4621520.097217464
5778,0.0
5779,0.0
5780,0.0
5781,31246849.37926323
5782,11258431.526111448
5783,42612863.8699245
5784,19286870.205837213
5785,0.0
5786,20436041.62615103
5787,8807522.580002641
5788,11677778.402051054
5789,10729505.057090208
5790,22106214.15872942
5791,0.0
5792,0.0
5793,0.0
5794,18931697.39459268
5795,0.0
5796,0.0
5797,0.0
5798,0.0
5799,36258141.57429048
5800,0.0
5801,71548444.98119655
5802,0.0
5803,0.0
5804,30129793.17397877
5805,0.0
5806,29506874.530497633
5807,0.0
5808,0.0
5809,0.0
5810,28646519.035025246
5811,0.0
5812,12951661.418241609
5813,34557456.81453523
5814,0.0
5815,0.0
5816,17080285.625188082
5817,0.0
5818,0.0
5819,0.0
5820,0.0
5821,18931697.39459268
5822,17435826.482695285
5823,40187398.528849445
5824,6530756.540397004
5825,13759091.216199582
5826,0.0
5827,12951661.418241609
5828,0.0
5829,0.0
5830,0.0
5831,0.0
5832,17487758.163063645
5833,0.0
5834,0.0
5835,0.0
5836,0.0
5837,10575177.135904955
5838,0.0
5839,0.0
5840,10071845.509254556
5841,0.0
5842,38636198.02532851
5843,9345521.441138031
5844,0.0
5845,34133996.44712733
5846,0.0
5847,0.0
5848,5862513.390705893
5849,10575177.135904955
5850,23023355.690159082
5851,19604936.46047245
5852,9559584.398182655
5853,10729505.057090208
5854,0.0
5855,50647057.47449203
5856,25158452.099374786
5857,9658035.604475295
5858,16706482.542199938
5859,5821854.099076635
5860,0.0
5861,0.0
5862,0.0
5863,0.0
5864,0.0
5865,0.0
5866,0.0
5867,0.0
5868,0.0
5869,5821854.099076635
5870,15195296.749581125
5871,0.0
5872,23177683.611344334
5873,11130498.614125397
5874,0.0
5875,0.0
5876,9658035.604475295
5877,0.0
5878,41428024.62053617
5879,0.0
5880,0.0
5881,34707723.17994161
5882,0.0
5883,18931697.39459268
5884,0.0
5885,0.0
5886,0.0
5887,17487758.163063645
5888,0.0
5889,95686840.2170249
5890,11130498.614125397
5891,0.0
5892,0.0
5893,0.0
5894,0.0
5895,26295280.74306629
5896,0.0
5897,0.0
5898,0.0
5899,59786320.83415419
5900,5862513.390705893
5901,0.0
5902,0.0
5903,0.0
5904,0.0
5905,189515890.57343745
5906,5821854.099076635
5907,6530756.540397004
5908,57873282.2629438
5909,0.0
5910,0.0
5911,0.0
5912,19482417.958638612
5913,0.0
5914,12448178.554254126
5915,0.0
5916,28511050.67771319
5917,0.0
5918,0.0
5919,18619747.60435972
5920,0.0
5921,0.0
5922,18619747.60435972
5923,12448178.554254126
5924,0.0
5925,86227756.77976772
5926,0.0
5927,25814514.520261504
5928,0.0
5929,53726124.14591627
5930,0.0
5931,0.0
5932,44492238.89545168
5933,95974860.34498438
5934,0.0
5935,15002440.44003371
5936,0.0
5937,0.0
5938,5821854.099076635
5939,9706536.569060821
5940,29165536.5651147
5941,11613972.383618651
5942,0.0
5943,0.0
5944,0.0
5945,0.0
5946,0.0
5947,37565586.60724178
5948,60348656.424728565
5949,0.0
5950,0.0
5951,0.0
5952,24327846.04290514
5953,0.0
5954,17119618.737442516
5955,0.0
5956,17487758.163063645
5957,0.0
5958,17487758.163063645
5959,0.0
5960,0.0
5961,0.0
5962,35039675.34579337
5963,0.0
5964,15351702.682724671
5965,11613972.383618651
5966,0.0
5967,18764520.19549475
5968,0.0
5969,0.0
5970,0.0
5971,0.0
5972,0.0
5973,0.0
5974,8807522.580002641
5975,31067926.158613846
5976,0.0
5977,0.0
5978,38709050.52039929
5979,0.0
5980,0.0
5981,12926168.399837188
5982,10575177.135904955
5983,0.0
5984,9345521.441138031
5985,16377902.493336711
5986,10575177.135904955
5987,17105933.67630196
5988,0.0
5989,52120661.82216943
5990,12926168.399837188
5991,12233763.655097743
5992,5976977.48510973
5993,0.0
5994,0.0
5995,0.0
5996,0.0
5997,53233908.969281495
5998,0.0
5999,0.0
6000,0.0
6001,0.0
6002,0.0
6003,3178892.2546365266
6004,0.0
6005,0.0
6006,2117178.297408806
6007,30413926.562900834
6008,10071845.509254556
6009,0.0
6010,0.0
6011,0.0
6012,4621520.097217464
6013,0.0
6014,23641330.937311094
6015,5976977.48510973
6016,12448178.554254126
6017,0.0
6018,0.0
6019,0.0
6020,33622188.04439343
6021,6153572.77424745
6022,0.0
6023,0.0
6024,11677778.402051054
6025,40484550.49097004
6026,131223686.99896103
6027,16107977.951200685
6028,27988859.487189595
6029,0.0
6030,0.0
6031,11613972.383618651
6032,0.0
6033,0.0
6034,10071845.509254556
6035,22187749.03598231
6036,0.0
6037,11613972.383618651
6038,6153572.77424745
6039,100631962.59054634
6040,11130498.614125397
6041,0.0
6042,31110418.391234394
6043,0.0
6044,0.0
6045,0.0
6046,33934137.83462639
6047,10071845.509254556
6048,65895731.756223455
6049,13809575.808360577
6050,0.0
6051,9706536.569060821
6052,13759091.216199582
6053,16225418.283502005
6054,0.0
6055,0.0
6056,10729505.057090208
6057,24125956.95630518
6058,0.0
6059,0.0
6060,16048822.994364286
6061,0.0
6062,11130498.614125397
6063,17487758.163063645
6064,0.0
6065,3426241.075095102
6066,0.0
6067,0.0
6068,11798831.584186364
6069,17487758.163063645
6070,17487758.163063645
6071,0.0
6072,27785756.35325174
6073,0.0
6074,0.0
6075,5821854.099076635
6076,64542695.920201816
6077,40765306.05660908
6078,2117178.297408806
6079,0.0
6080,0.0
6081,0.0
6082,99029316.21615553
6083,0.0
6084,26395928.28640845
6085,0.0
6086,0.0
6087,15893699.608331192
6088,10573776.65236366
6089,0.0
6090,18144728.924015656
6091,0.0
6092,0.0
6093,0.0
6094,0.0
6095,0.0
6096,31379875.948846806
6097,90335891.24961787
6098,27478454.964378256
6099,0.0
6100,0.0
6101,0.0
6102,8807522.580002641
6103,0.0
6104,0.0
6105,0.0
6106,0.0
6107,0.0
6108,18931697.39459268
6109,32800852.09975984
6110,35262088.666963086
6111,10729505.057090208
6112,0.0
6113,0.0
6114,10071845.509254556
6115,0.0
6116,15002440.44003371
6117,31297333.971424222
6118,2117178.297408806
6119,35725681.28066168
6120,0.0
6121,0.0
6122,0.0
6123,0.0
6124,0.0
6125,22998013.909091745
6126,0.0
6127,18931697.39459268
6128,0.0
6129,0.0
6130,0.0
6131,18619747.60435972
6132,15002440.44003371
6133,0.0
6134,0.0
6135,30297526.006410774
6136,0.0
6137,0.0
6138,0.0
6139,0.0
6140,33673119.59215311
6141,3737730.29910602
6142,0.0
6143,9658035.604475295
6144,0.0
6145,0.0
6146,36944683.10329784
6147,3178892.2546365266
6148,0.0
6149,25450582.095611744
6150,0.0
6151,18931697.39459268
6152,10573776.65236366
6153,0.0
6154,12448178.554254126
6155,9658035.604475295
6156,0.0
6157,10573776.65236366
6158,0.0
6159,0.0
6160,19382699.715907596
6161,38741684.196476676
6162,0.0
6163,5821854.099076635
6164,0.0
6165,13754069.39054148
6166,0.0
6167,0.0
6168,0.0
6169,0.0
6170,61743783.07801111
6171,0.0
6172,35905828.13128378
6173,15322498.92624776
6174,82624074.77860835
6175,8807522.580002641
6176,0.0
6177,0.0
6178,27623550.54699586
6179,18931697.39459268
6180,45245548.22280244
6181,0.0
6182,15499094.215385482
6183,0.0
6184,0.0
6185,0.0
6186,17105933.67630196
6187,18619747.60435972
6188,5976977.48510973
6189,0.0
6190,0.0
6191,27427270.18436236
6192,0.0
6193,11613972.383618651
6194,0.0
6195,0.0
6196,3426241.075095102
6197,16107977.951200685
6198,11613972.383618651
6199,32029123.869530343
6200,10071845.509254556
6201,0.0
6202,75442442.12174825
6203,0.0
6204,18931697.39459268
6205,23309612.26214028
6206,0.0
6207,0.0
6208,53923736.18136285
6209,0.0
6210,0.0
6211,28556156.50545481
6212,0.0
6213,0.0
6214,0.0
6215,15002440.44003371
6216,0.0
6217,0.0
6218,13731150.681027457
6219,0.0
6220,9658035.604475295
6221,0.0
6222,41955053.08475176
6223,11613972.383618651
6224,0.0
6225,12448178.554254126
6226,0.0
6227,8807522.580002641
6228,17917013.97793504
6229,0.0
6230,0.0
6231,30062196.008718077
6232,0.0
6233,12448178.554254126
6234,12448178.554254126
6235,0.0
6236,0.0
6237,0.0
6238,10575177.135904955
6239,0.0
6240,0.0
6241,0.0
6242,0.0
6243,0.0
6244,137758195.54110396
6245,0.0
6246,0.0
6247,21759183.99824425
6248,0.0
6249,3178892.2546365266
6250,0.0
6251,0.0
6252,38792440.356058806
6253,0.0
6254,0.0
6255,0.0
6256,16952352.713202033
6257,15002440.44003371
6258,0.0
6259,0.0
6260,21759183.99824425
6261,0.0
6262,0.0
6263,0.0
6264,0.0
6265,0.0
6266,0.0
6267,12926168.399837188
6268,0.0
6269,0.0
6270,49841060.637668565
6271,2117178.297408806
6272,57795988.36179994
6273,0.0
6274,27954101.858275317
6275,19938021.194128036
6276,0.0
6277,0.0
6278,0.0
6279,0.0
6280,0.0
6281,10575177.135904955
6282,0.0
6283,0.0
6284,0.0
6285,55588819.59249361
6286,0.0
6287,28646519.035025246
6288,0.0
6289,0.0
6290,5862513.390705893
6291,12951661.418241609
6292,0.0
6293,30742648.542580646
6294,0.0
6295,37874844.34976381
6296,55268565.52025
6297,50719732.80272973
6298,0.0
6299,0.0
6300,0.0
6301,0.0
6302,0.0
6303,0.0
6304,9332465.028883977
6305,0.0
6306,0.0
6307,4621520.097217464
6308,0.0
6309,21477393.98000922
6310,15002440.44003371
6311,5862513.390705893
6312,0.0
6313,0.0
6314,0.0
6315,28032176.976646576
6316,0.0
6317,15686626.280143261
6318,0.0
6319,43796476.97246171
6320,0.0
6321,0.0
6322,0.0
6323,0.0
6324,0.0
6325,23641330.937311094
6326,0.0
6327,191670099.703526
6328,0.0
6329,0.0
6330,9658035.604475295
6331,0.0
6332,0.0
6333,22584204.004312485
6334,0.0
6335,17487758.163063645
6336,22658197.98730243
6337,0.0
6338,0.0
6339,0.0
6340,0.0
6341,10575177.135904955
6342,0.0
6343,69634909.60809213
6344,0.0
6345,0.0
6346,0.0
6347,0.0
6348,0.0
6349,0.0
6350,23050201.612346277
6351,28490790.630298696
6352,0.0
6353,26295280.74306629
6354,0.0
6355,19003557.045613326
6356,9155869.739746256
6357,0.0
6358,15030276.41012413
6359,0.0
6360,5821854.099076635
6361,0.0
6362,8807522.580002641
6363,0.0
6364,28904765.260488324
6365,0.0
6366,0.0
6367,80351567.55404013
6368,0.0
6369,0.0
6370,50850422.06810748
6371,10729505.057090208
6372,6153572.77424745
6373,0.0
6374,0.0
6375,0.0
6376,0.0
6377,0.0
6378,18619747.60435972
6379,31376817.457605466
6380,0.0
6381,19364572.173536114
6382,0.0
6383,16107977.951200685
6384,6153572.77424745
6385,0.0
6386,0.0
6387,68653899.8339824
6388,0.0
6389,0.0
6390,66407891.50178193
6391,39808813.23750807
6392,11613972.383618651
6393,32704601.851768397
6394,10729505.057090208
6395,0.0
6396,11677778.402051054
6397,11613972.383618651
6398,0.0
6399,51944477.628424935
6400,12951661.418241609
6401,6530756.540397004
6402,0.0
6403,39642473.28637859
6404,0.0
6405,0.0
6406,0.0
6407,0.0
6408,0.0
6409,0.0
6410,0.0
6411,18931697.39459268
6412,0.0
6413,15040213.458713753
6414,0.0
6415,3426241.075095102
6416,0.0
6417,0.0
6418,11130498.614125397
6419,6530756.540397004
6420,10071845.509254556
6421,0.0
6422,6153572.77424745
6423,0.0
6424,54872210.67398621
6425,0.0
6426,0.0
6427,0.0
6428,6153572.77424745
6429,59027516.69944762
6430,0.0
6431,147001487.7041472
6432,0.0
6433,31897447.729881085
6434,0.0
6435,0.0
6436,16551359.156166844
6437,5976977.48510973
6438,22343477.44070886
6439,0.0
6440,9706536.569060821
6441,0.0
6442,6153572.77424745
6443,10575177.135904955
6444,44597232.820019804
6445,56419399.4701696
6446,28691593.113614276
6447,0.0
6448,0.0
6449,15030276.41012413
6450,0.0
6451,0.0
6452,52089455.851912886
6453,0.0
6454,0.0
6455,0.0
6456,0.0
6457,81013329.50434086
6458,0.0
6459,0.0
6460,0.0
6461,56821619.38345323
6462,24082160.032367006
6463,11613972.383618651
6464,43456999.50800835
6465,0.0
6466,0.0
6467,44367068.61183374
6468,0.0
6469,0.0
6470,0.0
6471,0.0
6472,0.0
6473,6153572.77424745
6474,0.0
6475,0.0
6476,0.0
6477,0.0
6478,0.0
6479,0.0
6480,0.0
6481,0.0
6482,0.0
6483,10775092.871464914
6484,0.0
6485,18619747.60435972
6486,0.0
6487,27559603.6723182
6488,30039128.422982506
6489,22031173.035296496
6490,0.0
6491,87847379.51372337
6492,0.0
6493,0.0
6494,0.0
6495,5976977.48510973
6496,30904696.03947336
6497,37688165.53088181
6498,0.0
6499,15338279.120399646
6500,49242285.70211992
6501,0.0
6502,33519982.251559585
6503,19580945.315276217
6504,63298422.4988132
6505,5862513.390705893
6506,0.0
6507,29506874.530497633
6508,0.0
6509,51772078.09865637
6510,0.0
6511,0.0
6512,0.0
6513,17487758.163063645
6514,0.0
6515,41231039.7125094
6516,44049953.03209414
6517,0.0
6518,11130498.614125397
6519,32490198.603097357
6520,5821854.099076635
6521,0.0
6522,0.0
6523,0.0
6524,35852555.691674486
6525,0.0
6526,5862513.390705893
6527,0.0
6528,0.0
6529,55900666.6216636
6530,0.0
6531,0.0
6532,64985259.110811815
6533,0.0
6534,10071845.509254556
6535,0.0
6536,0.0
6537,0.0
6538,11677778.402051054
6539,10575177.135904955
6540,0.0
6541,10071845.509254556
6542,0.0
6543,18619747.60435972
6544,0.0
6545,5821854.099076635
6546,11258431.526111448
6547,0.0
6548,0.0
6549,75228067.46999541
6550,0.0
6551,0.0
6552,5976977.48510973
6553,0.0
6554,0.0
6555,38053632.100283206
6556,0.0
6557,0.0
6558,0.0
6559,0.0
6560,3178892.2546365266
6561,0.0
6562,11130498.614125397
6563,0.0
6564,0.0
6565,39376223.033735886
6566,0.0
6567,0.0
6568,0.0
6569,0.0
6570,31829477.786620427
6571,6530756.540397004
6572,12130550.25935718
6573,11258431.526111448
6574,14868228.913231418
6575,36322949.39271318
6576,27203358.084366422
6577,0.0
6578,0.0
6579,27575049.582410336
6580,0.0
6581,0.0
6582,17487758.163063645
6583,0.0
6584,5821854.099076635
6585,0.0
6586,0.0
6587,17487758.163063645
6588,0.0
6589,0.0
6590,39079093.66327901
6591,0.0
6592,0.0
6593,20485300.982053697
6594,0.0
6595,0.0
6596,0.0
6597,65342316.73808724
6598,0.0
6599,0.0
6600,15002440.44003371
6601,40586441.671633735
6602,0.0
6603,0.0
6604,0.0
6605,0.0
6606,35375966.32963272
6607,0.0
6608,18931697.39459268
6609,0.0
6610,3426241.075095102
6611,86351249.57170366
6612,24018514.70346065
6613,27954101.858275317
6614,115356944.08967745
6615,0.0
6616,11613972.383618651
6617,0.0
6618,6530756.540397004
6619,17487758.163063645
6620,2117178.297408806
6621,68786078.68136969
6622,41973680.99189763
6623,0.0
6624,22407283.459141262
6625,0.0
6626,0.0
6627,0.0
6628,0.0
6629,0.0
6630,0.0
6631,0.0
6632,9345521.441138031
6633,0.0
6634,0.0
6635,0.0
6636,16437690.526610848
6637,104674058.40361941
6638,0.0
6639,0.0
6640,0.0
6641,0.0
6642,0.0
6643,16185908.853360146
6644,0.0
6645,12448178.554254126
6646,0.0
6647,0.0
6648,0.0
6649,3426241.075095102
6650,0.0
6651,0.0
6652,42169277.970624335
6653,0.0
6654,0.0
6655,0.0
6656,15043346.697245995
6657,37551444.9989524
6658,0.0
6659,0.0
6660,17487758.163063645
6661,6153572.77424745
6662,0.0
6663,0.0
6664,11975426.873324085
6665,0.0
6666,0.0
6667,8807522.580002641
6668,0.0
6669,78511576.67277606
6670,53779783.56575926
6671,25462453.934989683
6672,0.0
6673,0.0
6674,0.0
6675,6530756.540397004
6676,0.0
6677,12448178.554254126
6678,3737730.29910602
6679,0.0
6680,0.0
6681,12951661.418241609
6682,0.0
6683,0.0
6684,0.0
6685,6153572.77424745
6686,15002440.44003371
6687,0.0
6688,36820159.86288196
6689,10575177.135904955
6690,0.0
6691,75932084.71557629
6692,31799290.093432732
6693,0.0
6694,0.0
6695,0.0
6696,72236797.39703384
6697,123517915.9662243
6698,0.0
6699,42223448.18026239
6700,0.0
6701,0.0
6702,0.0
6703,11130498.614125397
6704,0.0
6705,21705675.750030354
6706,54238753.893624894
6707,0.0
6708,0.0
6709,3426241.075095102
6710,32690788.610792264
6711,0.0
6712,11258431.526111448
6713,0.0
6714,0.0
6715,0.0
6716,44637986.76650125
6717,6153572.77424745
6718,16352409.47493229
6719,0.0
6720,66800057.5217716
6721,0.0
6722,18931697.39459268
6723,0.0
6724,0.0
6725,0.0
6726,0.0
6727,12926168.399837188
6728,0.0
6729,0.0
6730,11613972.383618651
6731,37388214.87981191
6732,9345521.441138031
6733,0.0
6734,0.0
6735,66495840.27411162
6736,0.0
6737,0.0
6738,78663540.64097977
6739,0.0
6740,18514059.14906346
6741,0.0
6742,0.0
6743,0.0
6744,0.0
6745,0.0
6746,0.0
6747,0.0
6748,0.0
6749,0.0
6750,10071845.509254556
6751,0.0
6752,101477707.84539595
6753,0.0
6754,0.0
6755,0.0
6756,4621520.097217464
6757,0.0
6758,10071845.509254556
6759,29679010.844852716
6760,0.0
6761,0.0
6762,0.0
6763,13759091.216199582
6764,0.0
6765,0.0
6766,0.0
6767,0.0
6768,0.0
6769,0.0
6770,0.0
6771,0.0
6772,3737730.29910602
6773,5821854.099076635
6774,0.0
6775,30907124.267916765
6776,0.0
6777,29248926.810511537
6778,15500416.494899493
6779,0.0
6780,23499945.052200846
6781,62925791.953043714
6782,94809071.48203363
6783,0.0
6784,0.0
6785,23499945.052200846
6786,24384752.94426553
6787,9658035.604475295
6788,0.0
6789,0.0
6790,0.0
6791,0.0
6792,0.0
6793,28618256.777189042
6794,9706536.569060821
6795,36896512.16980138
6796,12560552.493702905
6797,0.0
6798,212857788.21850082
6799,51732058.331875876
6800,0.0
6801,0.0
6802,0.0
6803,5821854.099076635
6804,0.0
6805,31379875.948846806
6806,3426241.075095102
6807,0.0
6808,0.0
6809,18619747.60435972
6810,0.0
6811,92709037.45487186
6812,0.0
6813,0.0
6814,63766542.68175259
6815,47266266.63938497
6816,0.0
6817,0.0
6818,0.0
6819,0.0
6820,5862513.390705893
6821,0.0
6822,46879625.21113241
6823,103112177.51085663
6824,0.0
6825,0.0
6826,6530756.540397004
6827,10268486.839503024
6828,0.0
6829,28277193.55414486
6830,12448178.554254126
6831,0.0
6832,0.0
6833,3426241.075095102
6834,0.0
6835,0.0
6836,31327546.643511325
6837,0.0
6838,0.0
6839,0.0
6840,6153572.77424745
6841,5821854.099076635
6842,0.0
6843,0.0
6844,0.0
6845,0.0
6846,25074285.949288264
6847,34631844.14986754
6848,0.0
6849,0.0
6850,0.0
6851,19382699.715907596
6852,0.0
6853,0.0
6854,0.0
6855,40070016.186189584
6856,0.0
6857,0.0
6858,9403218.560204832
6859,0.0
6860,17831351.176298503
6861,0.0
6862,0.0
6863,0.0
6864,10573776.65236366
6865,16551359.156166844
6866,9559584.398182655
6867,0.0
6868,11677778.402051054
6869,0.0
6870,92744878.53716065
6871,0.0
6872,15002440.44003371
6873,55172811.34493395
6874,0.0
6875,0.0
6876,50311244.98983391
6877,24159225.262727313
6878,0.0
6879,18931697.39459268
6880,0.0
6881,0.0
6882,0.0
6883,14629376.679079276
6884,0.0
6885,11798831.584186364
6886,0.0
6887,49767210.56545766
6888,0.0
6889,5821854.099076635
6890,29506874.530497633
6891,0.0
6892,0.0
6893,4621520.097217464
6894,11130498.614125397
6895,40464056.14519651
6896,24629439.820292663
6897,49356445.39803445
6898,0.0
6899,3426241.075095102
6900,0.0
6901,91045432.87446532
6902,0.0
6903,0.0
6904,0.0
6905,23681166.475331817
6906,26295280.74306629
6907,0.0
6908,0.0
6909,0.0
6910,0.0
6911,21533196.980430715
6912,0.0
6913,4621520.097217464
6914,15002440.44003371
6915,0.0
6916,0.0
6917,10575177.135904955
6918,17107476.099235125
6919,0.0
6920,0.0
6921,0.0
6922,0.0
6923,0.0
6924,10729505.057090208
6925,0.0
6926,27857848.040736504
6927,0.0
6928,0.0
6929,0.0
6930,10729505.057090208
6931,0.0
6932,18931697.39459268
6933,0.0
6934,10729505.057090208
6935,0.0
6936,0.0
6937,0.0
6938,8807522.580002641
6939,0.0
6940,41746563.4985006
6941,15002440.44003371
6942,0.0
6943,5976977.48510973
6944,0.0
6945,24603946.801888242
6946,0.0
6947,0.0
6948,0.0
6949,0.0
6950,0.0
6951,0.0
6952,0.0
6953,3178892.2546365266
6954,44014605.775647715
6955,15225072.659281466
6956,0.0
6957,58597476.655260846
6958,0.0
6959,0.0
6960,0.0
6961,0.0
6962,27238476.56532608
6963,0.0
6964,13759091.216199582
6965,0.0
6966,0.0
6967,0.0
6968,0.0
6969,37464488.11826053
6970,45421925.34270407
6971,5821854.099076635
6972,9658035.604475295
6973,41098166.57111985
6974,0.0
6975,0.0
6976,58201317.43507899
6977,0.0
6978,10575177.135904955
6979,0.0
6980,19456924.94023419
6981,12926168.399837188
6982,0.0
6983,18768006.70923015
6984,0.0
6985,0.0
6986,0.0
6987,89846168.19104892
6988,0.0
6989,12951661.418241609
6990,12448178.554254126
6991,18144728.924015656
6992,53359056.14892214
6993,44223800.66684751
6994,0.0
6995,74137275.60213806
6996,10729505.057090208
6997,42921660.58840757
6998,10575177.135904955
6999,42180635.336984254
7000,8807522.580002641
7001,0.0
7002,31067926.158613846
7003,0.0
7004,0.0
7005,9248095.174171738
7006,0.0
7007,0.0
7008,0.0
7009,17487758.163063645
7010,21733690.97983983
7011,0.0
7012,0.0
7013,44291374.59561001
7014,0.0
7015,0.0
7016,28589732.999067977
7017,0.0
7018,0.0
7019,56990437.47724255
7020,0.0
7021,0.0
7022,0.0
7023,0.0
7024,0.0
7025,17645568.96554626
7026,0.0
7027,10575177.135904955
7028,37671868.13373241
7029,0.0
7030,3737730.29910602
7031,11677778.402051054
7032,33595736.11426433
7033,0.0
7034,0.0
7035,0.0
7036,29625834.66256251
7037,0.0
7038,12926168.399837188
7039,0.0
7040,16883077.831337657
7041,0.0
7042,0.0
7043,0.0
7044,0.0
7045,0.0
7046,0.0
7047,0.0
7048,0.0
7049,17917013.97793504
7050,14629376.679079276
7051,31227858.723535717
7052,0.0
7053,6530756.540397004
7054,0.0
7055,4621520.097217464
7056,0.0
7057,5976977.48510973
7058,9658035.604475295
7059,15879951.623328913
7060,15002440.44003371
7061,0.0
7062,0.0
7063,0.0
7064,137836652.69221354
7065,0.0
7066,169538915.24994263
7067,0.0
7068,14693365.60647202
7069,29878179.13047117
7070,0.0
7071,12926168.399837188
7072,15500416.494899493
7073,35328728.62957427
7074,13759091.216199582
7075,39931871.6832854
7076,42121093.140101865
7077,0.0
7078,9658035.604475295
7079,10575177.135904955
7080,0.0
7081,0.0
7082,0.0
7083,0.0
7084,0.0
7085,0.0
7086,18619747.60435972
7087,0.0
7088,36666868.77222766
7089,0.0
7090,0.0
7091,3426241.075095102
7092,0.0
7093,0.0
7094,80171928.52858537
7095,0.0
7096,0.0
7097,0.0
7098,0.0
7099,0.0
7100,68025209.84217499
7101,0.0
7102,0.0
7103,0.0
7104,0.0
7105,0.0
7106,9706536.569060821
7107,0.0
7108,0.0
7109,0.0
7110,0.0
7111,26035938.097812004
7112,0.0
7113,18619747.60435972
7114,9345521.441138031
7115,0.0
7116,0.0
7117,0.0
7118,22998013.909091745
7119,0.0
7120,25731945.49712392
7121,0.0
7122,0.0
7123,0.0
7124,10071845.509254556
7125,0.0
7126,0.0
7127,15500416.494899493
7128,0.0
7129,0.0
7130,39911115.31973612
7131,18931697.39459268
7132,0.0
7133,0.0
7134,2117178.297408806
7135,20281713.704965778
7136,0.0
7137,12448178.554254126
7138,9658035.604475295
7139,0.0
7140,48971906.33503875
7141,57692833.508497715
7142,0.0
7143,16377902.493336711
7144,0.0
7145,0.0
7146,49462929.98213194
7147,0.0
7148,0.0
7149,12926168.399837188
7150,16299298.499268517
7151,0.0
7152,29633510.84554881
7153,0.0
7154,0.0
7155,17654755.887160785
7156,0.0
7157,0.0
7158,29101730.5466823
7159,0.0
7160,0.0
7161,0.0
7162,8807522.580002641
7163,38326008.37233292
7164,0.0
7165,17487758.163063645
7166,0.0
7167,0.0
7168,150050581.8665081
7169,17487758.163063645
7170,17487758.163063645
7171,25814514.520261504
7172,10575177.135904955
7173,25074285.949288264
7174,24845937.936037526
7175,29101730.5466823
7176,0.0
7177,13759091.216199582
7178,20979417.92514344
7179,0.0
7180,43471838.17804852
7181,0.0
7182,0.0
7183,11677778.402051054
7184,0.0
7185,19885374.796836466
7186,17487758.163063645
7187,12951661.418241609
7188,0.0
7189,48185914.11511427
7190,5976977.48510973
7191,0.0
7192,0.0
7193,0.0
7194,39296625.61875873
7195,0.0
7196,0.0
7197,14629376.679079276
7198,0.0
7199,0.0
7200,0.0
7201,44993664.36622387
7202,11258431.526111448
7203,4621520.097217464
7204,0.0
7205,12926168.399837188
7206,16706482.542199938
7207,0.0
7208,0.0
7209,0.0
7210,30609475.796643734
7211,0.0
7212,0.0
7213,0.0
7214,0.0
7215,5821854.099076635
7216,72349202.40577203
7217,0.0
7218,11677778.402051054
7219,11130498.614125397
7220,0.0
7221,45154689.32924191
7222,0.0
7223,0.0
7224,0.0
7225,0.0
7226,0.0
7227,9658035.604475295
7228,0.0
7229,0.0
7230,0.0
7231,0.0
7232,0.0
7233,0.0
7234,0.0
7235,0.0
7236,0.0
7237,0.0
7238,0.0
7239,0.0
7240,0.0
7241,0.0
7242,0.0
7243,0.0
7244,73034877.43792854
7245,5821854.099076635
7246,0.0
7247,12448178.554254126
7248,0.0
7249,5976977.48510973
7250,0.0
7251,0.0
7252,0.0
7253,11613972.383618651
7254,15167375.540214665
7255,3178892.2546365266
7256,6153572.77424745
7257,0.0
7258,21200792.511105537
7259,11613972.383618651
7260,45948388.63935598
7261,12233763.655097743
7262,0.0
7263,0.0
7264,63792874.0056942
7265,21148953.788268615
7266,12448178.554254126
7267,114679160.55453375
7268,3737730.29910602
7269,0.0
7270,0.0
7271,4621520.097217464
7272,0.0
7273,10071845.509254556
7274,31857865.79442987
7275,62221636.086111024
7276,16437690.526610848
7277,0.0
7278,38987636.176380046
7279,0.0
7280,16107977.951200685
7281,0.0
7282,26837483.008290894
7283,11258431.526111448
7284,0.0
7285,2117178.297408806
7286,11798831.584186364
7287,0.0
7288,37052125.35614237
7289,8807522.580002641
7290,0.0
7291,0.0
7292,0.0
7293,45190388.58466819
7294,11258431.526111448
7295,12951661.418241609
7296,32919454.41796875
7297,17487758.163063645
7298,15893699.608331192
7299,0.0
7300,0.0
7301,62522973.78286337
7302,21569081.475404523
7303,0.0
7304,0.0
7305,6153572.77424745
7306,0.0
7307,0.0
7308,0.0
7309,0.0
7310,28746189.68917509
7311,0.0
7312,34370835.994401306
7313,0.0
7314,26243135.253713988
7315,0.0
7316,0.0
7317,0.0
7318,0.0
7319,11677778.402051054
7320,0.0
7321,15500416.494899493
7322,17487758.163063645
7323,19537027.63709285
7324,0.0
7325,0.0
7326,0.0
7327,17487758.163063645
7328,31379875.948846806
7329,0.0
7330,14784500.065112371
7331,0.0
7332,16107977.951200685
7333,17487758.163063645
7334,20916467.130586743
7335,0.0
7336,0.0
7337,0.0
7338,15500416.494899493
7339,0.0
7340,0.0
7341,11130498.614125397
7342,29947811.055381816
7343,0.0
7344,0.0
7345,0.0
7346,23350271.553769536
7347,0.0
7348,11613972.383618651
7349,12926168.399837188
7350,36583998.00646411
7351,27238476.56532608
7352,0.0
7353,11823714.866469627
7354,0.0
7355,18748022.498913825
7356,0.0
7357,10575177.135904955
7358,0.0
7359,0.0
7360,0.0
7361,0.0
7362,16237293.109457824
7363,3178892.2546365266
7364,40707906.42080828
7365,125681439.40103541
7366,2117178.297408806
7367,18619747.60435972
7368,0.0
7369,0.0
7370,0.0
7371,12926168.399837188
7372,0.0
7373,10729505.057090208
7374,0.0
7375,0.0
7376,11613972.383618651
7377,0.0
7378,0.0
7379,24915500.531203326
7380,112626527.39529182
7381,0.0
7382,50778641.564357676
7383,10071845.509254556
7384,0.0
7385,0.0
7386,0.0
7387,0.0
7388,0.0
7389,0.0
7390,51990454.90178113
7391,13759091.216199582
7392,0.0
7393,0.0
7394,0.0
7395,0.0
7396,0.0
7397,17487758.163063645
7398,0.0
7399,30843182.377772227
7400,11613972.383618651
7401,5976977.48510973
7402,15002440.44003371
7403,0.0
7404,0.0
7405,0.0
7406,0.0
7407,15002440.44003371
7408,17917013.97793504
7409,5976977.48510973
7410,19417366.95039259
7411,0.0
7412,0.0
7413,0.0
7414,0.0
7415,15030276.41012413
7416,23822854.047439158
7417,104595911.46618113
7418,16727349.42661111
7419,0.0
7420,0.0
7421,0.0
7422,0.0
7423,10071845.509254556
7424,0.0
7425,0.0
7426,0.0
7427,6153572.77424745
7428,16105060.654473715
7429,27450618.994287834
7430,11677778.402051054
7431,0.0
7432,34120164.09925921
7433,0.0
7434,0.0
7435,0.0
7436,0.0
7437,0.0
7438,13794956.69945986
7439,0.0
7440,0.0
7441,0.0
7442,3737730.29910602
7443,0.0
7444,11613972.383618651
7445,8807522.580002641
7446,3178892.2546365266
7447,0.0
7448,5976977.48510973
7449,0.0
7450,33580842.95860981
7451,0.0
7452,0.0
7453,0.0
7454,33896747.63535851
7455,0.0
7456,0.0
7457,98493503.33193126
7458,6530756.540397004
7459,0.0
7460,3178892.2546365266
7461,9658035.604475295
7462,49215002.69663482
7463,16107977.951200685
7464,0.0
7465,0.0
7466,10729505.057090208
7467,0.0
7468,74129674.14884514
7469,0.0
7470,45883376.54029305
7471,12684329.314644454
7472,0.0
7473,44064422.761162005
7474,13967041.538355496
7475,23453463.259434275
7476,3737730.29910602
7477,10575177.135904955
7478,0.0
7479,0.0
7480,16107977.951200685
7481,0.0
7482,38142443.67692382
7483,0.0
7484,0.0
7485,15500416.494899493
7486,79275654.64252034
7487,0.0
7488,0.0
7489,6153572.77424745
7490,20959493.824756682
7491,18669332.91842349
7492,42021779.80879436
7493,0.0
7494,10575177.135904955
7495,38346005.853743926
7496,0.0
7497,0.0
7498,0.0
7499,0.0
7500,0.0
7501,12951661.418241609
7502,0.0
7503,46124941.72788015
7504,0.0
7505,43249522.111926824
7506,10575177.135904955
7507,11613972.383618651
7508,0.0
7509,0.0
7510,28691593.113614276
7511,0.0
7512,9706536.569060821
7513,11613972.383618651
7514,69034222.18603694
7515,0.0
7516,0.0
7517,18619747.60435972
7518,56039229.27699582
7519,0.0
7520,16107977.951200685
7521,0.0
7522,10484033.487923358
7523,0.0
7524,25815306.330178667
7525,0.0
7526,0.0
7527,0.0
7528,0.0
7529,0.0
7530,0.0
7531,6153572.77424745
7532,15002440.44003371
7533,15500416.494899493
7534,11613972.383618651
7535,10729505.057090208
7536,27571478.010382246
7537,0.0
7538,30502856.9349332
7539,0.0
7540,36932272.49031103
7541,0.0
7542,31608394.446100175
7543,0.0
7544,0.0
7545,0.0
7546,0.0
7547,5821854.099076635
7548,0.0
7549,0.0
7550,0.0
7551,72348399.48094854
7552,15002440.44003371
7553,68295469.72293317
7554,20824294.539110344
7555,15030276.41012413
7556,0.0
7557,10729505.057090208
7558,0.0
7559,21685817.892873205
7560,17104533.192760665
7561,27125135.808530502
7562,3178892.2546365266
7563,30413926.562900834
7564,0.0
7565,31545916.00419691
7566,0.0
7567,0.0
7568,0.0
7569,0.0
7570,0.0
7571,0.0
7572,0.0
7573,8807522.580002641
7574,29680411.32839401
7575,8270751.071656256
7576,0.0
7577,18931697.39459268
7578,90555206.09040953
7579,6153572.77424745
7580,9706536.569060821
7581,0.0
7582,48750502.34723158
7583,0.0
7584,18978935.09465113
7585,0.0
7586,0.0
7587,0.0
7588,9658035.604475295
7589,0.0
7590,10729505.057090208
7591,15500416.494899493
7592,15196697.23312242
7593,6530756.540397004
7594,0.0
7595,0.0
7596,15500416.494899493
7597,0.0
7598,10071845.509254556
7599,0.0
7600,10575177.135904955
7601,90139534.18969367
7602,10573776.65236366
7603,33445404.646072496
7604,0.0
7605,15002440.44003371
7606,0.0
7607,0.0
7608,15030276.41012413
7609,10071845.509254556
7610,0.0
7611,22084955.436310414
7612,0.0
7613,16706482.542199938
7614,10071845.509254556
7615,0.0
7616,0.0
7617,0.0
7618,0.0
7619,10575177.135904955
7620,0.0
7621,0.0
7622,21272007.988093946
7623,0.0
7624,15030276.41012413
7625,0.0
7626,0.0
7627,11613972.383618651
7628,21798639.858996246
7629,17487758.163063645
7630,16105060.654473715
7631,0.0
7632,0.0
7633,0.0
7634,0.0
7635,11613972.383618651
7636,17487758.163063645
7637,30545669.778211333
7638,29193524.25672338
7639,10573776.65236366
7640,0.0
7641,17487758.163063645
7642,26833279.604201674
7643,11677778.402051054
7644,31399471.6750153
7645,0.0
7646,27956444.80996132
7647,22808277.01617645
7648,12836927.859111821
7649,0.0
7650,31736758.95232407
7651,0.0
7652,81268268.30099668
7653,61324832.26298937
7654,0.0
7655,0.0
7656,0.0
7657,11613972.383618651
7658,6153572.77424745
7659,0.0
7660,0.0
7661,0.0
7662,4621520.097217464
7663,0.0
7664,0.0
7665,9706536.569060821
7666,8807522.580002641
7667,0.0
7668,0.0
7669,11798831.584186364
7670,0.0
7671,5821854.099076635
7672,0.0
7673,0.0
7674,0.0
7675,0.0
7676,0.0
7677,26837483.008290894
7678,10575177.135904955
7679,43000983.9823762
7680,0.0
7681,0.0
7682,0.0
7683,127132815.57634005
7684,16551359.156166844
7685,43316853.95043077
7686,10071845.509254556
7687,21183849.18437158
7688,0.0
7689,0.0
7690,0.0
7691,0.0
7692,0.0
7693,8359250.396323483
7694,0.0
7695,0.0
7696,0.0
7697,0.0
7698,0.0
7699,0.0
7700,17487758.163063645
7701,0.0
7702,0.0
7703,24629439.820292663
7704,0.0
7705,10071845.509254556
7706,0.0
7707,11130498.614125397
7708,0.0
7709,0.0
7710,15002440.44003371
7711,0.0
7712,0.0
7713,12448178.554254126
7714,0.0
7715,5821854.099076635
7716,12951661.418241609
7717,0.0
7718,0.0
7719,23655673.456927396
7720,0.0
7721,8807522.580002641
7722,0.0
7723,0.0
7724,0.0
7725,17476485.774324544
7726,0.0
7727,0.0
7728,17487758.163063645
7729,0.0
7730,0.0
7731,0.0
7732,0.0
7733,0.0
7734,0.0
7735,0.0
7736,0.0
7737,0.0
7738,10729505.057090208
7739,0.0
7740,0.0
7741,41345569.941465415
7742,0.0
7743,28957433.34535756
7744,13967041.538355496
7745,31067926.158613846
7746,0.0
7747,0.0
7748,55150086.19098085
7749,15500416.494899493
7750,0.0
7751,37209758.51148082
7752,0.0
7753,0.0
7754,0.0
7755,0.0
7756,0.0
7757,0.0
7758,28277783.208835013
7759,77788638.70408079
7760,30843182.377772227
7761,29505474.046956338
7762,0.0
7763,0.0
7764,0.0
7765,0.0
7766,0.0
7767,0.0
7768,26759685.505723804
7769,0.0
7770,0.0
7771,16107977.951200685
7772,23105925.487449482
7773,0.0
7774,0.0
7775,10575177.135904955
7776,11130498.614125397
7777,55796459.553864606
7778,0.0
7779,3426241.075095102
7780,0.0
7781,0.0
7782,16225418.283502005
7783,23194655.239340212
7784,0.0
7785,0.0
7786,0.0
7787,0.0
7788,22357152.04107449
7789,0.0
7790,13759091.216199582
7791,0.0
7792,0.0
7793,5976977.48510973
7794,100805178.13068163
7795,0.0
7796,10575177.135904955
7797,11130498.614125397
7798,0.0
7799,4621520.097217464
7800,0.0
7801,8807522.580002641
7802,0.0
7803,54677493.5702642
7804,59560268.50979093
7805,11677778.402051054
7806,0.0
7807,21926914.75355035
7808,4621520.097217464
7809,39103601.6540605
7810,17654755.887160785
7811,49184309.974127665
7812,8807522.580002641
7813,41739974.410769135
7814,18270032.653330762
7815,8807522.580002641
7816,0.0
7817,26575067.73786874
7818,27194294.732124466
7819,5976977.48510973
7820,0.0
7821,61320340.688206345
7822,4621520.097217464
7823,12448178.554254126
7824,79985688.47609963
7825,29767016.404759325
7826,5821854.099076635
7827,29860127.07076703
7828,66841146.532846905
7829,91120967.78003892
7830,0.0
7831,0.0
7832,0.0
7833,0.0
7834,69529316.43180208
7835,0.0
7836,0.0
7837,0.0
7838,17767545.1578661
7839,0.0
7840,0.0
7841,0.0
7842,45606159.21093027
7843,0.0
7844,53559092.76363526
7845,0.0
7846,0.0
7847,3426241.075095102
7848,0.0
7849,0.0
7850,0.0
7851,26132939.054159105
7852,0.0
7853,102477032.10547253
7854,0.0
7855,0.0
7856,0.0
7857,0.0
7858,0.0
7859,0.0
7860,0.0
7861,0.0
7862,12448178.554254126
7863,0.0
7864,11613972.383618651
7865,11677778.402051054
7866,29194924.740264677
7867,18931697.39459268
7868,0.0
7869,5821854.099076635
7870,0.0
7871,0.0
7872,17917013.97793504
7873,0.0
7874,0.0
7875,10573776.65236366
7876,3426241.075095102
7877,95356623.1902748
7878,10575177.135904955
7879,0.0
7880,0.0
7881,84250332.70732953
7882,0.0
7883,0.0
7884,11130498.614125397
7885,0.0
7886,0.0
7887,55474724.41471931
7888,29040197.00205023
7889,9706536.569060821
7890,81346288.79496624
7891,11613972.383618651
7892,10729505.057090208
7893,51566671.367830366
7894,16107977.951200685
7895,0.0
7896,0.0
7897,6153572.77424745
7898,38759692.93407355
7899,18619747.60435972
7900,26154717.077648178
7901,0.0
7902,11613972.383618651
7903,0.0
7904,0.0
7905,0.0
7906,6530756.540397004
7907,0.0
7908,0.0
7909,0.0
7910,0.0
7911,0.0
7912,0.0
7913,0.0
7914,20678524.755764216
7915,44953338.97777348
7916,0.0
7917,11613972.383618651
7918,0.0
7919,25373063.599818233
7920,0.0
7921,12951661.418241609
7922,6530756.540397004
7923,97182395.0052166
7924,41572687.434862435
7925,80954148.12971613
7926,12545252.879108662
7927,0.0
7928,34024991.929135725
7929,18619747.60435972
7930,22271689.840975218
7931,0.0
7932,16397031.234981589
7933,5821854.099076635
7934,0.0
7935,0.0
7936,0.0
7937,0.0
7938,0.0
7939,10575177.135904955
7940,6530756.540397004
7941,0.0
7942,0.0
7943,53460280.76613545
7944,18619747.60435972
7945,11130498.614125397
7946,40871302.658774436
7947,6153572.77424745
7948,12926168.399837188
7949,18619747.60435972
7950,0.0
7951,17917013.97793504
7952,0.0
7953,0.0
7954,0.0
7955,11677778.402051054
7956,0.0
7957,0.0
7958,0.0
7959,0.0
7960,0.0
7961,25102121.919378687
7962,25206953.063960314
7963,0.0
7964,17235409.011221178
7965,0.0
7966,0.0
7967,0.0
7968,85564526.4446414
7969,0.0
7970,80783653.85433891
7971,27719033.038092367
7972,0.0
7973,19079741.174084637
7974,12926168.399837188
7975,0.0
7976,0.0
7977,0.0
7978,0.0
7979,0.0
7980,12448178.554254126
7981,0.0
7982,0.0
7983,0.0
7984,0.0
7985,0.0
7986,32839460.845788315
7987,6153572.77424745
7988,12926168.399837188
7989,0.0
7990,18978935.09465113
7991,0.0
7992,70725656.83196405
7993,0.0
7994,11613972.383618651
7995,0.0
7996,0.0
7997,91282647.37825108
7998,0.0
7999,0.0
8000,11258431.526111448
8001,0.0
8002,0.0
8003,0.0
8004,54524948.78089024
8005,33417430.47283453
8006,0.0
8007,0.0
8008,0.0
8009,100990520.92491168
8010,0.0
8011,0.0
8012,0.0
8013,0.0
8014,0.0
8015,41195613.445521645
8016,0.0
8017,0.0
8018,0.0
8019,0.0
8020,0.0
8021,6153572.77424745
8022,0.0
8023,0.0
8024,55198074.055972636
8025,21704275.26648906
8026,0.0
8027,0.0
8028,53559849.59631887
8029,17487758.163063645
8030,16107977.951200685
8031,0.0
8032,98932664.83343801
8033,6530756.540397004
8034,20801350.566344764
8035,0.0
8036,8807522.580002641
8037,11130498.614125397
8038,16107977.951200685
8039,0.0
8040,15030276.41012413
8041,15002440.44003371
8042,10575177.135904955
8043,0.0
8044,0.0
8045,11130498.614125397
8046,0.0
8047,0.0
8048,0.0
8049,0.0
8050,0.0
8051,40466217.503622785
8052,0.0
8053,5821854.099076635
8054,0.0
8055,0.0
8056,27537887.745359324
8057,0.0
8058,27427270.18436236
8059,0.0
8060,10071845.509254556
8061,0.0
8062,0.0
8063,0.0
8064,12951661.418241609
8065,12448178.554254126
8066,0.0
8067,0.0
8068,5821854.099076635
8069,0.0
8070,0.0
8071,0.0
8072,50851283.724516116
8073,0.0
8074,6530756.540397004
8075,0.0
8076,0.0
8077,11823714.866469627
8078,0.0
8079,0.0
8080,48793744.736334845
8081,0.0
8082,0.0
8083,0.0
8084,3178892.2546365266
8085,10573776.65236366
8086,0.0
8087,0.0
8088,18814174.808947504
8089,0.0
8090,0.0
8091,0.0
8092,0.0
8093,0.0
8094,0.0
8095,0.0
8096,0.0
8097,0.0
8098,0.0
8099,0.0
8100,0.0
8101,12448178.554254126
8102,29506874.530497633
8103,0.0
8104,0.0
8105,0.0
8106,0.0
8107,0.0
8108,0.0
8109,24596725.089469448
8110,0.0
8111,12684329.314644454
8112,0.0
8113,24773320.37860717
8114,0.0
8115,0.0
8116,28151241.059118655
8117,17654755.887160785
8118,0.0
8119,0.0
8120,39821428.70418136
8121,0.0
8122,23501345.53574214
8123,22343477.44070886
8124,0.0
8125,2117178.297408806
8126,0.0
8127,0.0
8128,10071845.509254556
8129,0.0
8130,50169630.31546251
8131,0.0
8132,0.0
8133,11677778.402051054
8134,0.0
8135,0.0
8136,0.0
8137,0.0
8138,0.0
8139,0.0
8140,11613972.383618651
8141,0.0
8142,0.0
8143,0.0
8144,17573181.51545907
8145,0.0
8146,2117178.297408806
8147,0.0
8148,0.0
8149,36434770.671840645
8150,0.0
8151,85525111.93027937
8152,0.0
8153,0.0
8154,53106948.95471804
8155,0.0
8156,0.0
8157,0.0
8158,11677778.402051054
8159,0.0
8160,0.0
8161,0.0
8162,10575177.135904955
8163,0.0
8164,0.0
8165,0.0
8166,0.0
8167,11613972.383618651
8168,65048866.31028443
8169,27132990.69939089
8170,49758001.96568453
8171,0.0
8172,10575177.135904955
8173,0.0
8174,18619747.60435972
8175,0.0
8176,0.0
8177,0.0
8178,10575177.135904955
8179,0.0
8180,10575177.135904955
8181,12448178.554254126
8182,0.0
8183,33580842.95860981
8184,0.0
8185,0.0
8186,0.0
8187,41568330.98432087
8188,43336078.111398876
8189,24227591.641439866
8190,18748022.498913825
8191,21148953.788268615
8192,0.0
8193,22251789.448169485
8194,10575177.135904955
8195,0.0
8196,12016086.164953344
8197,8807522.580002641
8198,0.0
8199,16727349.42661111
8200,0.0
8201,0.0
8202,5976977.48510973
8203,0.0
8204,6530756.540397004
8205,115621783.20977849
8206,0.0
8207,5821854.099076635
8208,51629761.52448544
8209,6530756.540397004
8210,0.0
8211,0.0
8212,22261550.725448135
8213,0.0
8214,0.0
8215,0.0
8216,11613972.383618651
8217,11130498.614125397
8218,0.0
8219,32544267.994270235
8220,10071845.509254556
8221,0.0
8222,9658035.604475295
8223,3737730.29910602
8224,25717426.329789028
8225,0.0
8226,0.0
8227,20034192.275343843
8228,10729505.057090208
8229,0.0
8230,116037273.46042347
8231,0.0
8232,135009048.273141
8233,0.0
8234,0.0
8235,0.0
8236,0.0
8237,0.0
8238,0.0
8239,0.0
8240,30233719.98797837
8241,28062935.2989686
8242,0.0
8243,0.0
8244,47344009.70857408
8245,10573776.65236366
8246,0.0
8247,0.0
8248,44793592.91573112
8249,24987274.025616236
8250,21741138.83465998
8251,15500416.494899493
8252,0.0
8253,0.0
8254,0.0
8255,10729505.057090208
8256,131282737.17263962
8257,0.0
8258,0.0
8259,0.0
8260,0.0
8261,0.0
8262,45270230.840562
8263,22252955.537956007
8264,24753551.493669316
8265,85462990.03589517
8266,9706536.569060821
8267,0.0
8268,0.0
8269,0.0
8270,0.0
8271,11130498.614125397
8272,25453499.392338715
8273,0.0
8274,0.0
8275,0.0
8276,0.0
8277,25877829.818078797
8278,0.0
8279,0.0
8280,11613972.383618651
8281,0.0
8282,11677778.402051054
8283,0.0
8284,0.0
8285,0.0
8286,16663898.698943209
8287,0.0
8288,0.0
8289,0.0
8290,0.0
8291,3426241.075095102
8292,3737730.29910602
8293,3737730.29910602
8294,0.0
8295,0.0
8296,0.0
8297,6530756.540397004
8298,17260261.59748721
8299,0.0
8300,0.0
8301,68408731.60153574
8302,17107476.099235125
8303,0.0
8304,5976977.48510973
8305,13967041.538355496
8306,10575177.135904955
8307,0.0
8308,10575177.135904955
8309,0.0
8310,27785756.35325174
8311,0.0
8312,0.0
8313,58409666.47032025
8314,17487758.163063645
8315,34785270.08025801
8316,0.0
8317,0.0
8318,10575177.135904955
8319,10575177.135904955
8320,0.0
8321,66660653.05927103
8322,5976977.48510973
8323,0.0
8324,11130498.614125397
8325,0.0
8326,0.0
8327,10573776.65236366
8328,0.0
8329,92551499.91897714
8330,6153572.77424745
8331,33206481.62126167
8332,0.0
8333,0.0
8334,17435826.482695285
8335,18619747.60435972
8336,28630131.115253087
8337,0.0
8338,9658035.604475295
8339,0.0
8340,10071845.509254556
8341,0.0
8342,0.0
8343,0.0
8344,12448178.554254126
8345,0.0
8346,0.0
8347,100319702.22490981
8348,0.0
8349,0.0
8350,0.0
8351,0.0
8352,0.0
8353,0.0
8354,15520548.995181188
8355,8047761.172312566
8356,0.0
8357,5976977.48510973
8358,0.0
8359,0.0
8360,44177885.9440802
8361,24362107.71669551
8362,11130498.614125397
8363,11677778.402051054
8364,0.0
8365,0.0
8366,0.0
8367,5821854.099076635
8368,61818634.234310225
8369,0.0
8370,15030276.41012413
8371,3737730.29910602
8372,11258431.526111448
8373,0.0
8374,29935936.71731777
8375,0.0
8376,0.0
8377,55619955.7274996
8378,0.0
8379,89232483.13047767
8380,0.0
8381,0.0
8382,12926168.399837188
8383,21561032.950521134
8384,18931697.39459268
8385,0.0
8386,18619747.60435972
8387,0.0
8388,11613972.383618651
8389,19920698.577042986
8390,0.0
8391,0.0
8392,24794210.78529857
8393,0.0
8394,67461954.32943103
8395,9345521.441138031
8396,30365192.532189164
8397,0.0
8398,0.0
8399,43994094.558451034
8400,0.0
8401,22252955.537956007
8402,0.0
8403,113497192.00569752
8404,20946437.412502628
8405,0.0
8406,0.0
8407,36010646.270614296
8408,12926168.399837188
8409,0.0
8410,0.0
8411,12951661.418241609
8412,0.0
8413,0.0
8414,10729505.057090208
8415,0.0
8416,0.0
8417,0.0
8418,0.0
8419,0.0
8420,0.0
8421,0.0
8422,9658035.604475295
8423,32059782.092456214
8424,12926168.399837188
8425,0.0
8426,0.0
8427,0.0
8428,0.0
8429,0.0
8430,0.0
8431,0.0
8432,15030276.41012413
8433,0.0
8434,17487758.163063645
8435,9706536.569060821
8436,9658035.604475295
8437,9345521.441138031
8438,0.0
8439,22357938.469687782
8440,0.0
8441,0.0
8442,0.0
8443,0.0
8444,0.0
8445,0.0
8446,11613972.383618651
8447,0.0
8448,0.0
8449,11613972.383618651
8450,0.0
8451,0.0
8452,0.0
8453,0.0
8454,16107977.951200685
8455,40348743.800812304
8456,25085270.16884013
8457,0.0
8458,0.0
8459,17487758.163063645
8460,0.0
8461,10775092.871464914
8462,0.0
8463,11258431.526111448
8464,0.0
8465,0.0
8466,50285579.731053874
8467,6530756.540397004
8468,0.0
8469,11677778.402051054
8470,14312907.435010975
8471,0.0
8472,13731150.681027457
8473,0.0
8474,53434626.980051234
8475,0.0
8476,0.0
8477,16397031.234981589
8478,48984940.136548884
8479,9332465.028883977
8480,0.0
8481,0.0
8482,0.0
8483,0.0
8484,6153572.77424745
8485,0.0
8486,3426241.075095102
8487,0.0
8488,17487758.163063645
8489,63499844.34961799
8490,0.0
8491,11130498.614125397
8492,0.0
8493,11613972.383618651
8494,17487758.163063645
8495,0.0
8496,36235780.66197747
8497,9658035.604475295
8498,18931697.39459268
8499,0.0
8500,0.0
8501,0.0
8502,0.0
8503,49478381.37281243
8504,0.0
8505,0.0
8506,0.0
8507,0.0
8508,0.0
8509,0.0
8510,0.0
8511,60951332.73227568
8512,49689015.704035565
8513,0.0
8514,6530756.540397004
8515,32690788.610792264
8516,0.0
8517,8807522.580002641
8518,29441190.559085414
8519,21328002.639417402
8520,0.0
8521,28061534.815427303
8522,0.0
8523,25987169.270812977
8524,0.0
8525,0.0
8526,0.0
8527,0.0
8528,51031074.741221875
8529,0.0
8530,12926168.399837188
8531,0.0
8532,0.0
8533,0.0
8534,24893743.513387177
8535,0.0
8536,5821854.099076635
8537,0.0
8538,0.0
8539,0.0
8540,134492409.10904855
8541,18931697.39459268
8542,0.0
8543,0.0
8544,0.0
8545,18425156.039363854
8546,3178892.2546365266
8547,31883358.81283429
8548,34256445.435203195
8549,0.0
8550,4621520.097217464
8551,8807522.580002641
8552,11130498.614125397
8553,8807522.580002641
8554,0.0
8555,0.0
8556,0.0
8557,0.0
8558,22343477.44070886
8559,0.0
8560,0.0
8561,0.0
8562,0.0
8563,6530756.540397004
8564,0.0
8565,0.0
8566,30210239.788210034
8567,16225418.283502005
8568,0.0
8569,13759091.216199582
8570,0.0
8571,0.0
8572,26616412.82365236
8573,15500416.494899493
8574,11613972.383618651
8575,0.0
8576,0.0
8577,0.0
8578,0.0
8579,13754069.39054148
8580,35975017.10840069
8581,33210975.38248177
8582,6153572.77424745
8583,0.0
8584,17260261.59748721
8585,9658035.604475295
8586,0.0
8587,0.0
8588,40260491.4186439
8589,26781347.923833318
8590,10573776.65236366
8591,0.0
8592,0.0
8593,0.0
8594,0.0
8595,9658035.604475295
8596,0.0
8597,0.0
8598,3426241.075095102
8599,0.0
8600,0.0
8601,0.0
8602,28806120.0231661
8603,0.0
8604,12448178.554254126
8605,18619747.60435972
8606,6530756.540397004
8607,0.0
8608,0.0
8609,0.0
8610,0.0
8611,15002440.44003371
8612,30545669.778211333
8613,0.0
8614,10573776.65236366
8615,0.0
8616,17487758.163063645
8617,6530756.540397004
8618,5821854.099076635
8619,17487758.163063645
8620,0.0
8621,63402374.17596666
8622,0.0
8623,18619747.60435972
8624,5976977.48510973
8625,5821854.099076635
8626,27948595.04915362
8627,5862513.390705893
8628,0.0
8629,18740170.73913973
8630,18619747.60435972
8631,0.0
8632,28165331.539785497
8633,35157431.42528121
8634,22031173.035296496
8635,35256455.57043058
8636,0.0
8637,0.0
8638,21685817.892873205
8639,0.0
8640,0.0
8641,48820216.93685121
8642,40004062.575471595
8643,0.0
8644,0.0
8645,24347961.88117174
8646,8807522.580002641
8647,15002440.44003371
8648,0.0
8649,0.0
8650,0.0
8651,0.0
8652,11677778.402051054
8653,0.0
8654,26845153.94226572
8655,18931697.39459268
8656,0.0
8657,11798831.584186364
8658,0.0
8659,0.0
8660,17487758.163063645
8661,9345521.441138031
8662,0.0
8663,0.0
8664,5862513.390705893
8665,4621520.097217464
8666,99309488.87294796
8667,0.0
8668,0.0
8669,0.0
8670,0.0
8671,0.0
8672,0.0
8673,53035087.21041148
8674,0.0
8675,6153572.77424745
8676,0.0
8677,0.0
8678,6530756.540397004
8679,15002440.44003371
8680,0.0
8681,0.0
8682,33720186.54234807
8683,0.0
8684,0.0
8685,19456924.94023419
8686,0.0
8687,0.0
8688,0.0
8689,20959493.824756682
8690,0.0
8691,18619747.60435972
8692,28199561.45370227
8693,0.0
8694,0.0
8695,2117178.297408806
8696,0.0
8697,15500416.494899493
8698,0.0
8699,6530756.540397004
8700,29165536.5651147
8701,0.0
8702,24753551.493669316
8703,15195296.749581125
8704,28618256.777189042
8705,0.0
8706,0.0
8707,112866284.00412223
8708,0.0
8709,0.0
8710,0.0
8711,3426241.075095102
8712,18931697.39459268
8713,10071845.509254556
8714,0.0
8715,6153572.77424745
8716,35039675.34579337
8717,0.0
8718,0.0
8719,0.0
8720,17487758.163063645
8721,0.0
8722,9706536.569060821
8723,0.0
8724,42861688.96431151
8725,0.0
8726,0.0
8727,33396903.681486968
8728,10775092.871464914
8729,22251555.054414712
8730,11130498.614125397
8731,0.0
8732,22744470.997744046
8733,0.0
8734,32919454.41796875
8735,37995088.235918365
8736,16352409.47493229
8737,0.0
8738,25017522.74231103
8739,0.0
8740,0.0
8741,0.0
8742,0.0
8743,0.0
8744,6153572.77424745
8745,88431033.50435123
8746,0.0
8747,0.0
8748,35632487.0870793
8749,40144476.24728599
8750,0.0
8751,11677778.402051054
8752,0.0
8753,0.0
8754,0.0
8755,0.0
8756,0.0
8757,11130498.614125397
8758,18619747.60435972
8759,30062196.008718077
8760,45618505.32440892
8761,0.0
8762,0.0
8763,0.0
8764,4621520.097217464
8765,24062150.937872775
8766,24056667.013962585
8767,12951661.418241609
8768,0.0
8769,0.0
8770,0.0
8771,11677778.402051054
8772,14996161.825217469
8773,0.0
8774,0.0
8775,15030276.41012413
8776,5976977.48510973
8777,0.0
8778,10575177.135904955
8779,8270751.071656256
8780,0.0
8781,0.0
8782,17487758.163063645
8783,2117178.297408806
8784,0.0
8785,0.0
8786,26288707.936235577
8787,18619747.60435972
8788,12448178.554254126
8789,0.0
8790,0.0
8791,59823134.839927614
8792,0.0
8793,5976977.48510973
8794,35693024.915004745
8795,27644875.787376545
8796,25877829.818078797
8797,0.0
8798,0.0
8799,0.0
8800,23023506.927496165
8801,0.0
8802,0.0
8803,26616412.82365236
8804,16689391.71734763
8805,0.0
8806,13132777.644155923
8807,0.0
8808,0.0
8809,0.0
8810,0.0
8811,9345521.441138031
8812,18931697.39459268
8813,55153853.451612175
8814,0.0
8815,36730765.30666645
8816,0.0
8817,0.0
8818,69138465.23735175
8819,0.0
8820,10443374.1962941
8821,48013851.91014433
8822,3426241.075095102
8823,31553412.746743184
8824,3737730.29910602
8825,17487758.163063645
8826,0.0
8827,0.0
8828,49284197.33563031
8829,0.0
8830,0.0
8831,0.0
8832,0.0
8833,0.0
8834,19729881.11372985
8835,0.0
8836,0.0
8837,0.0
8838,0.0
8839,27623550.54699586
8840,0.0
8841,20788534.21860069
8842,65336056.82688455
8843,196459394.8608723
8844,17917013.97793504
8845,28326284.17342054
8846,25286244.746310707
8847,0.0
8848,0.0
8849,33016148.831201103
8850,131298571.92901087
8851,0.0
8852,0.0
8853,23809963.02003635
8854,24056667.013962585
8855,0.0
8856,0.0
8857,23021955.206617787
8858,11130498.614125397
8859,0.0
8860,0.0
8861,10575177.135904955
8862,11613972.383618651
8863,0.0
8864,0.0
8865,0.0
8866,0.0
8867,0.0
8868,50581300.018051624
8869,10573776.65236366
8870,18619747.60435972
8871,0.0
8872,0.0
8873,0.0
8874,0.0
8875,0.0
8876,15002440.44003371
8877,0.0
8878,45897712.23364467
8879,0.0
8880,0.0
8881,0.0
8882,0.0
8883,0.0
8884,34000537.1102431
8885,3737730.29910602
8886,24062150.937872775
8887,0.0
8888,0.0
8889,98691246.64055277
8890,0.0
8891,18931697.39459268
8892,106598208.20432417
8893,0.0
8894,0.0
8895,15167375.540214665
8896,10575177.135904955
8897,0.0
8898,10729505.057090208
8899,3426241.075095102
8900,0.0
8901,0.0
8902,15030276.41012413
8903,11986414.834639167
8904,0.0
8905,0.0
8906,0.0
8907,0.0
8908,9658035.604475295
8909,36665036.47684886
8910,5821854.099076635
8911,47035087.45556113
8912,0.0
8913,0.0
8914,9658035.604475295
8915,63865402.61729102
8916,0.0
8917,5976977.48510973
8918,37837712.55497802
8919,0.0
8920,9345521.441138031
8921,0.0
8922,66555303.64998616
8923,14961095.354250092
8924,0.0
8925,0.0
8926,0.0
8927,24603946.801888242
8928,0.0
8929,0.0
8930,17487758.163063645
8931,23809963.02003635
8932,0.0
8933,15351702.682724671
8934,0.0
8935,11613972.383618651
8936,43554129.958014846
8937,0.0
8938,0.0
8939,0.0
8940,0.0
8941,0.0
8942,0.0
8943,23578677.168379523
8944,55843618.350677
8945,13250737.763891082
8946,0.0
8947,20647022.645159513
8948,0.0
8949,0.0
8950,0.0
8951,2117178.297408806
8952,0.0
8953,12926168.399837188
8954,0.0
8955,80169221.91548632
8956,16937983.47083611
8957,0.0
8958,0.0
8959,0.0
8960,0.0
8961,51736992.1166469
8962,0.0
8963,78081626.92135096
8964,15500416.494899493
8965,21320948.314462118
8966,0.0
8967,41718475.66568233
8968,0.0
8969,58077906.517343536
8970,59601209.021533094
8971,5821854.099076635
8972,0.0
8973,18931697.39459268
8974,0.0
8975,0.0
8976,10575177.135904955
8977,11130498.614125397
8978,29750246.218485117
8979,43047530.3195192
8980,0.0
8981,0.0
8982,64407924.35826773
8983,0.0
8984,0.0
8985,0.0
8986,0.0
8987,15030276.41012413
8988,0.0
8989,40246400.93797706
8990,0.0
8991,6153572.77424745
8992,9658035.604475295
8993,4621520.097217464
8994,82004172.62803042
8995,12951661.418241609
8996,0.0
8997,43408968.75223717
8998,5862513.390705893
8999,18931697.39459268
9000,21255701.134256765
9001,0.0
9002,22669427.6936987
9003,2117178.297408806
9004,13759091.216199582
9005,12926168.399837188
9006,18619747.60435972
9007,19623960.537251174
9008,0.0
9009,0.0
9010,22388930.140236847
9011,13794956.69945986
9012,24210092.94435306
9013,0.0
9014,9658035.604475295
9015,11677778.402051054
9016,5821854.099076635
9017,75729627.85475536
9018,11613972.383618651
9019,0.0
9020,0.0
9021,0.0
9022,10573776.65236366
9023,17487758.163063645
9024,0.0
9025,37360420.1661151
9026,96454444.46015152
9027,0.0
9028,0.0
9029,49803609.74770266
9030,0.0
9031,0.0
9032,0.0
9033,0.0
9034,0.0
9035,0.0
9036,0.0
9037,0.0
9038,76835953.25993583
9039,18619747.60435972
9040,0.0
9041,43256949.96527721
9042,0.0
9043,22638734.49159769
9044,0.0
9045,0.0
9046,0.0
9047,17831351.176298503
9048,10729505.057090208
9049,10729505.057090208
9050,0.0
9051,0.0
9052,24753551.493669316
9053,0.0
9054,0.0
9055,22584204.004312485
9056,10268486.839503024
9057,0.0
9058,22189149.519523606
9059,0.0
9060,0.0
9061,3426241.075095102
9062,33319648.133649
9063,0.0
9064,0.0
9065,0.0
9066,0.0
9067,48835711.52603632
9068,27114388.87851814
9069,0.0
9070,0.0
9071,22872403.9097301
9072,15002440.44003371
9073,14961095.354250092
9074,35342772.788791284
9075,72934413.34453443
9076,16550754.13747339
9077,10573776.65236366
9078,0.0
9079,0.0
9080,0.0
9081,0.0
9082,0.0
9083,0.0
9084,0.0
9085,0.0
9086,0.0
9087,0.0
9088,37838553.426300585
9089,0.0
9090,45119462.444183975
9091,5976977.48510973
9092,8807522.580002641
9093,5862513.390705893
9094,0.0
9095,0.0
9096,9706536.569060821
9097,6530756.540397004
9098,18931697.39459268
9099,17917013.97793504
9100,59846017.200288944
9101,55167054.38414014
9102,5862513.390705893
9103,41626351.833444804
9104,30592907.47826978
9105,28662479.90964438
9106,17487758.163063645
9107,0.0
9108,0.0
9109,0.0
9110,54583127.74226858
9111,10575177.135904955
9112,0.0
9113,22669427.6936987
9114,0.0
9115,0.0
9116,45464327.38545523
9117,10575177.135904955
9118,0.0
9119,0.0
9120,0.0
9121,0.0
9122,5862513.390705893
9123,0.0
9124,0.0
9125,0.0
9126,34403690.12581536
9127,0.0
9128,152994897.16344535
9129,30233719.98797837
9130,0.0
9131,0.0
9132,0.0
9133,0.0
9134,15104019.477146156
9135,0.0
9136,16727349.42661111
9137,0.0
9138,0.0
9139,43413958.38965829
9140,45007291.02539713
9141,0.0
9142,0.0
9143,6530756.540397004
9144,5821854.099076635
9145,0.0
9146,3178892.2546365266
9147,0.0
9148,0.0
9149,0.0
9150,0.0
9151,0.0
9152,12448178.554254126
9153,10575177.135904955
9154,0.0
9155,0.0
9156,24773320.37860717
9157,0.0
9158,0.0
9159,12448178.554254126
9160,32846866.97688017
9161,29230896.237974495
9162,6153572.77424745
9163,0.0
9164,19651796.507341594
9165,0.0
9166,0.0
9167,0.0
9168,22632704.96889801
9169,0.0
9170,30502856.9349332
9171,0.0
9172,0.0
9173,0.0
9174,0.0
9175,0.0
9176,3426241.075095102
9177,0.0
9178,81017525.04318035
9179,10575177.135904955
9180,0.0
9181,0.0
9182,24773320.37860717
9183,17487758.163063645
9184,19534219.02629579
9185,0.0
9186,0.0
9187,9706536.569060821
9188,0.0
9189,0.0
9190,0.0
9191,41939270.02514848
9192,54796206.59070605
9193,22744470.997744046
9194,0.0
9195,0.0
9196,0.0
9197,0.0
9198,51344610.4573326
9199,0.0
9200,16952352.713202033
9201,17547688.49705465
9202,3178892.2546365266
9203,55202943.74828118
9204,32919454.41796875
9205,5821854.099076635
9206,18931697.39459268
9207,0.0
9208,0.0
9209,0.0
9210,18931697.39459268
9211,25577617.575938664
9212,2117178.297408806
9213,0.0
9214,0.0
9215,10729505.057090208
9216,15322498.92624776
9217,0.0
9218,0.0
9219,0.0
9220,0.0
9221,0.0
9222,0.0
9223,57064818.85839018
9224,0.0
9225,0.0
9226,0.0
9227,0.0
9228,0.0
9229,0.0
9230,0.0
9231,0.0
9232,0.0
9233,28683671.035090238
9234,18931697.39459268
9235,0.0
9236,0.0
9237,0.0
9238,0.0
9239,0.0
9240,0.0
9241,0.0
9242,0.0
9243,0.0
9244,15030276.41012413
9245,0.0
9246,0.0
9247,28618256.777189042
9248,0.0
9249,0.0
9250,47867893.14265531
9251,0.0
9252,9658035.604475295
9253,13794956.69945986
9254,18931697.39459268
9255,49318953.333682455
9256,12951661.418241609
9257,0.0
9258,0.0
9259,31829477.786620427
9260,0.0
9261,27450618.994287834
9262,0.0
9263,0.0
9264,0.0
9265,0.0
9266,19381299.2323663
9267,0.0
9268,0.0
9269,0.0
9270,17654755.887160785
9271,0.0
9272,12771762.516233133
9273,0.0
9274,26075593.63080445
9275,0.0
9276,21023299.843189083
9277,0.0
9278,0.0
9279,0.0
9280,0.0
9281,4621520.097217464
9282,9706536.569060821
9283,11613972.383618651
9284,0.0
9285,0.0
9286,11613972.383618651
9287,0.0
9288,0.0
9289,0.0
9290,69040370.28493574
9291,12448178.554254126
9292,11258431.526111448
9293,5862513.390705893
9294,18619747.60435972
9295,0.0
9296,0.0
9297,0.0
9298,5821854.099076635
9299,0.0
9300,5821854.099076635
9301,41297721.1831
9302,0.0
9303,0.0
9304,11677778.402051054
9305,17917013.97793504
9306,0.0
9307,0.0
9308,0.0
9309,17831351.176298503
9310,0.0
9311,10729505.057090208
9312,19976995.21256849
9313,0.0
9314,17260261.59748721
9315,29318686.49751607
9316,10575177.135904955
9317,0.0
9318,18931697.39459268
9319,12926168.399837188
9320,31545916.00419691
9321,0.0
9322,12885428.823697347
9323,18931697.39459268
9324,0.0
9325,0.0
9326,66527722.217380434
9327,0.0
9328,0.0
9329,0.0
9330,0.0
9331,0.0
9332,0.0
9333,0.0
9334,0.0
9335,0.0
9336,12951661.418241609
9337,0.0
9338,0.0
9339,0.0
9340,0.0
9341,45506765.13246142
9342,0.0
9343,12926168.399837188
9344,0.0
9345,27965269.045497753
9346,0.0
9347,0.0
9348,0.0
9349,34628116.052538425
9350,0.0
9351,52777423.37235815
9352,0.0
9353,52155086.87999132
9354,0.0
9355,0.0
9356,22084955.436310414
9357,0.0
9358,11613972.383618651
9359,3426241.075095102
9360,0.0
9361,0.0
9362,13759091.216199582
9363,0.0
9364,37967981.62241629
9365,21183849.18437158
9366,20959493.824756682
9367,0.0
9368,0.0
9369,0.0
9370,0.0
9371,0.0
9372,23021955.206617787
9373,5821854.099076635
9374,10071845.509254556
9375,11613972.383618651
9376,37679719.893506505
9377,19266120.967243478
9378,0.0
9379,3426241.075095102
9380,27965269.045497753
9381,0.0
9382,4621520.097217464
9383,17284071.388372846
9384,0.0
9385,0.0
9386,9658035.604475295
9387,0.0
9388,21335814.00652635
9389,0.0
9390,0.0
9391,0.0
9392,18788681.79054308
9393,6530756.540397004
9394,0.0
9395,20233212.74038025
9396,11130498.614125397
9397,0.0
9398,12448178.554254126
9399,0.0
9400,0.0
9401,24915500.531203326
9402,0.0
9403,0.0
9404,0.0
9405,11613972.383618651
9406,75258503.12139082
9407,17185332.291294686
9408,15002440.44003371
9409,12951661.418241609
9410,0.0
9411,48770525.2373925
9412,0.0
9413,0.0
9414,15002440.44003371
9415,0.0
9416,9706536.569060821
9417,14693365.60647202
9418,0.0
9419,47004117.99956559
9420,20824294.539110344
9421,102740605.96680075
9422,31450490.94278347
9423,111108168.75008726
9424,0.0
9425,48127489.24981267
9426,5821854.099076635
9427,4621520.097217464
9428,10729505.057090208
9429,0.0
9430,30513198.330032993
9431,36342170.01729889
9432,0.0
9433,55775368.94252232
9434,0.0
9435,0.0
9436,0.0
9437,23589399.256942738
9438,0.0
9439,11130498.614125397
9440,8270751.071656256
9441,0.0
9442,15002440.44003371
9443,0.0
9444,0.0
9445,9709648.795033531
9446,33363596.29492426
9447,0.0
9448,0.0
9449,0.0
9450,14001418.211000057
9451,0.0
9452,43438102.0610523
9453,6153572.77424745
9454,18619747.60435972
9455,84239510.91137588
9456,0.0
9457,10573776.65236366
9458,0.0
9459,0.0
9460,93117279.56090781
9461,75390270.36698362
9462,0.0
9463,0.0
9464,0.0
9465,0.0
9466,22808277.01617645
9467,18619747.60435972
9468,49506009.770117536
9469,0.0
9470,40511265.09055981
9471,0.0
9472,0.0
9473,0.0
9474,0.0
9475,73029905.49424954
9476,0.0
9477,5821854.099076635
9478,0.0
9479,0.0
9480,0.0
9481,0.0
9482,11613972.383618651
9483,0.0
9484,0.0
9485,5821854.099076635
9486,4621520.097217464
9487,0.0
9488,27559603.6723182
9489,0.0
9490,0.0
9491,9891303.07335347
9492,10729505.057090208
9493,0.0
9494,6153572.77424745
9495,5821854.099076635
9496,0.0
9497,2117178.297408806
9498,0.0
9499,0.0
9500,9248095.174171738
9501,6153572.77424745
9502,12926168.399837188
9503,11258431.526111448
9504,146909927.47260916
9505,0.0
9506,0.0
9507,23893991.46304477
9508,0.0
9509,0.0
9510,83740395.86878009
9511,0.0
9512,0.0
9513,30032716.850157842
9514,6153572.77424745
9515,118313455.82781321
9516,24886684.087374635
9517,0.0
9518,0.0
9519,44358095.302768596
9520,148295145.68739995
9521,0.0
9522,11677778.402051054
9523,0.0
9524,0.0
9525,29151586.683339193
9526,0.0
9527,0.0
9528,0.0
9529,18931697.39459268
9530,0.0
9531,0.0
9532,0.0
9533,12926168.399837188
9534,21456867.188661657
9535,0.0
9536,0.0
9537,0.0
9538,0.0
9539,0.0
9540,0.0
9541,0.0
9542,18465558.184477936
9543,3426241.075095102
9544,0.0
9545,0.0
9546,0.0
9547,8807522.580002641
9548,130885127.99232301
9549,6530756.540397004
9550,0.0
9551,11798831.584186364
9552,0.0
9553,0.0
9554,5821854.099076635
9555,10729505.057090208
9556,12448178.554254126
9557,23309612.26214028
9558,82799461.50113532
9559,0.0
9560,11258431.526111448
9561,6153572.77424745
9562,0.0
9563,0.0
9564,94545342.59461349
9565,0.0
9566,0.0
9567,10575177.135904955
9568,0.0
9569,0.0
9570,0.0
9571,11677778.402051054
9572,61445436.46199717
9573,83699021.76883851
9574,45997622.8402784
9575,5821854.099076635
9576,0.0
9577,8807522.580002641
9578,0.0
9579,0.0
9580,0.0
9581,0.0
9582,0.0
9583,0.0
9584,46724543.0762784
9585,0.0
9586,0.0
9587,0.0
9588,0.0
9589,0.0
9590,42638307.474958256
9591,0.0
9592,25605453.546029083
9593,0.0
9594,15002440.44003371
9595,16185908.853360146
9596,83768055.4449104
9597,18879368.089257196
9598,0.0
9599,12448178.554254126
9600,0.0
9601,6153572.77424745
9602,0.0
9603,0.0
9604,6530756.540397004
9605,0.0
9606,0.0
9607,0.0
9608,0.0
9609,0.0
9610,0.0
9611,0.0
9612,10575177.135904955
9613,8807522.580002641
9614,5821854.099076635
9615,27527529.849106986
9616,0.0
9617,0.0
9618,0.0
9619,5821854.099076635
9620,0.0
9621,18931697.39459268
9622,0.0
9623,11130498.614125397
9624,0.0
9625,0.0
9626,0.0
9627,3426241.075095102
9628,0.0
9629,0.0
9630,0.0
9631,0.0
9632,77063901.53839901
9633,0.0
9634,0.0
9635,0.0
9636,0.0
9637,0.0
9638,0.0
9639,0.0
9640,54175155.552225515
9641,0.0
9642,45245012.146280125
9643,0.0
9644,4621520.097217464
9645,0.0
9646,0.0
9647,0.0
9648,0.0
9649,66593088.092536554
9650,12448178.554254126
9651,0.0
9652,0.0
9653,38770112.85767263
9654,10071845.509254556
9655,0.0
9656,18619747.60435972
9657,0.0
9658,32375964.26275952
9659,0.0
9660,0.0
9661,0.0
9662,0.0
9663,15002440.44003371
9664,0.0
9665,0.0
9666,0.0
9667,0.0
9668,0.0
9669,20852130.509200767
9670,11258431.526111448
9671,0.0
9672,0.0
9673,11130498.614125397
9674,0.0
9675,3737730.29910602
9676,0.0
9677,0.0
9678,0.0
9679,9345521.441138031
9680,0.0
9681,0.0
9682,0.0
9683,5821854.099076635
9684,0.0
9685,17487758.163063645
9686,14155746.13218531
9687,35948123.606454976
9688,11130498.614125397
9689,0.0
9690,17487758.163063645
9691,18931697.39459268
9692,0.0
9693,14792864.638255177
9694,0.0
9695,17105933.67630196
9696,0.0
9697,0.0
9698,0.0
9699,10729505.057090208
9700,5862513.390705893
9701,0.0
9702,35534299.44424424
9703,0.0
9704,3178892.2546365266
9705,0.0
9706,16689391.71734763
9707,0.0
9708,32690788.610792264
9709,69670665.95613156
9710,0.0
9711,97222427.6322977
9712,0.0
9713,0.0
9714,53930044.19574535
9715,0.0
9716,32947290.38805917
9717,0.0
9718,74085285.27786526
9719,0.0
9720,0.0
9721,0.0
9722,0.0
9723,5821854.099076635
9724,5862513.390705893
9725,0.0
9726,0.0
9727,0.0
9728,0.0
9729,22251555.054414712
9730,0.0
9731,41418359.51367718
9732,20959493.824756682
9733,0.0
9734,11613972.383618651
9735,31896047.246339787
9736,128181873.40036428
9737,12448178.554254126
9738,2117178.297408806
9739,18619747.60435972
9740,107508850.1633996
9741,0.0
9742,0.0
9743,35444909.10907279
9744,4621520.097217464
9745,0.0
9746,11613972.383618651
9747,9345521.441138031
9748,36419455.557656325
9749,13759091.216199582
9750,0.0
9751,2117178.297408806
9752,23525438.07060527
9753,5821854.099076635
9754,0.0
9755,0.0
9756,0.0
9757,0.0
9758,0.0
9759,0.0
9760,0.0
9761,0.0
9762,0.0
9763,6530756.540397004
9764,0.0
9765,36848711.37252772
9766,0.0
9767,0.0
9768,0.0
9769,59982063.66701923
9770,11258431.526111448
9771,32518034.573187776
9772,15500416.494899493
9773,15811608.378722746
9774,0.0
9775,0.0
9776,0.0
9777,47578216.42961793
9778,0.0
9779,0.0
9780,12951661.418241609
9781,104430134.64990091
9782,0.0
9783,30120155.79733974
9784,25410054.315818153
9785,9658035.604475295
9786,0.0
9787,11613972.383618651
9788,17487758.163063645
9789,0.0
9790,0.0
9791,15500416.494899493
9792,37299623.29941335
9793,5821854.099076635
9794,0.0
9795,0.0
9796,11258431.526111448
9797,15752018.71134286
9798,10071845.509254556
9799,9658035.604475295
9800,0.0
9801,0.0
9802,16883077.831337657
9803,16105060.654473715
9804,0.0
9805,10071845.509254556
9806,0.0
9807,0.0
9808,12448178.554254126
9809,0.0
9810,35416646.47906273
9811,0.0
9812,0.0
9813,0.0
9814,22357938.469687782
9815,27249479.006819014
9816,0.0
9817,0.0
9818,0.0
9819,49251148.40788046
9820,0.0
9821,10575177.135904955
9822,9706536.569060821
9823,5821854.099076635
9824,0.0
9825,12507734.025506735
9826,71572700.84171231
9827,0.0
9828,0.0
9829,0.0
9830,0.0
9831,0.0
9832,0.0
9833,0.0
9834,6153572.77424745
9835,0.0
9836,12951661.418241609
9837,0.0
9838,4621520.097217464
9839,10573776.65236366
9840,0.0
9841,0.0
9842,0.0
9843,0.0
9844,8807522.580002641
9845,11677778.402051054
9846,0.0
9847,0.0
9848,17185332.291294686
9849,0.0
9850,0.0
9851,3178892.2546365266
9852,12448178.554254126
9853,39084600.47240072
9854,0.0
9855,0.0
9856,0.0
9857,0.0
9858,0.0
9859,0.0
9860,21505368.153247185
9861,0.0
9862,0.0
9863,0.0
9864,15415508.701157074
9865,16550754.13747339
9866,0.0
9867,0.0
9868,107835900.54388136
9869,37907573.99800247
9870,0.0
9871,98284473.39132473
9872,0.0
9873,0.0
9874,19286870.205837213
9875,0.0
9876,0.0
9877,0.0
9878,0.0
9879,18931697.39459268
9880,48368307.897304334
9881,0.0
9882,0.0
9883,6153572.77424745
9884,0.0
9885,8807522.580002641
9886,0.0
9887,0.0
9888,0.0
9889,18619747.60435972
9890,0.0
9891,10575177.135904955
9892,0.0
9893,0.0
9894,0.0
9895,0.0
9896,28609682.454007737
9897,10573776.65236366
9898,0.0
9899,16107977.951200685
9900,11986414.834639167
9901,0.0
9902,178662795.11477146
9903,0.0
9904,0.0
9905,0.0
9906,0.0
9907,0.0
9908,0.0
9909,18428681.515128814
9910,0.0
9911,0.0
9912,71779241.10964093
9913,0.0
9914,20439153.852123737
9915,0.0
9916,37630523.04794879
9917,13429042.677220106
9918,0.0
9919,42433042.93033482
9920,0.0
9921,11258431.526111448
9922,0.0
9923,0.0
9924,0.0
9925,11130498.614125397
9926,0.0
9927,0.0
9928,0.0
9929,0.0
9930,11462699.738546837
9931,18465558.184477936
9932,32960360.67518103
9933,0.0
9934,30128470.894464757
9935,108258874.0350727
9936,0.0
9937,22187749.03598231
9938,75171069.24118553
9939,50914094.97514259
9940,11130498.614125397
9941,37836312.071436726
9942,0.0
9943,19623960.537251174
9944,0.0
9945,11613972.383618651
9946,13759091.216199582
9947,0.0
9948,5862513.390705893
9949,0.0
9950,0.0
9951,0.0
9952,5862513.390705893
9953,18931697.39459268
9954,9706536.569060821
9955,0.0
9956,24347961.88117174
9957,0.0
9958,49606411.13474195
9959,0.0
9960,0.0
9961,28784345.80066561
9962,0.0
9963,28062935.2989686
9964,25374346.954091314
9965,3178892.2546365266
9966,21704275.26648906
9967,0.0
9968,6530756.540397004
9969,0.0
9970,0.0
9971,0.0
9972,35557731.075195834
9973,16552154.621014684
9974,24540140.78345584
9975,0.0
9976,0.0
9977,17917013.97793504
9978,11613972.383618651
9979,17487758.163063645
9980,0.0
9981,0.0
9982,49100944.52700508
9983,0.0
9984,0.0
9985,0.0
9986,9706536.569060821
9987,0.0
9988,11613972.383618651
9989,23291750.785669707
9990,0.0
9991,15002440.44003371
9992,0.0
9993,0.0
9994,9345521.441138031
9995,0.0
9996,0.0
9997,36731436.6364863
9998,4621520.097217464
9999,27427270.18436236
10000,38497108.12447723
