portfolio,simulation_id,loss
Portfolio 1,1,0.0
Portfolio 1,2,0.0
Portfolio 1,3,0.0
Portfolio 1,4,0.0
Portfolio 1,5,6316554.945955662
Portfolio 1,6,9097016.890408562
Portfolio 1,7,0.0
Portfolio 1,8,0.0
Portfolio 1,9,0.0
Portfolio 1,10,0.0
Portfolio 1,11,0.0
Portfolio 1,12,0.0
Portfolio 1,13,0.0
Portfolio 1,14,26017403.368546933
Portfolio 1,15,5182259.577388579
Portfolio 1,16,0.0
Portfolio 1,17,8868899.02430052
Portfolio 1,18,0.0
Portfolio 1,19,5395283.542444266
Portfolio 1,20,5960573.837092887
Portfolio 1,21,0.0
Portfolio 1,22,0.0
Portfolio 1,23,0.0
Portfolio 1,24,21569354.756669484
Portfolio 1,25,18116342.98404292
Portfolio 1,26,19621352.982586756
Portfolio 1,27,5182259.577388579
Portfolio 1,28,0.0
Portfolio 1,29,0.0
Portfolio 1,30,0.0
Portfolio 1,31,0.0
Portfolio 1,32,0.0
Portfolio 1,33,28452076.34448889
Portfolio 1,34,0.0
Portfolio 1,35,0.0
Portfolio 1,36,11340343.460939737
Portfolio 1,37,7613503.072815756
Portfolio 1,38,28285817.8006155
Portfolio 1,39,8959812.54747052
Portfolio 1,40,15035003.375447877
Portfolio 1,41,15127461.929963065
Portfolio 1,42,15330368.52571554
Portfolio 1,43,0.0
Portfolio 1,44,5960573.837092887
Portfolio 1,45,0.0
Portfolio 1,46,0.0
Portfolio 1,47,5960573.837092887
Portfolio 1,48,5182259.577388579
Portfolio 1,49,0.0
Portfolio 1,50,5182259.577388579
Portfolio 1,51,17455059.878443703
Portfolio 1,52,0.0
Portfolio 1,53,0.0
Portfolio 1,54,0.0
Portfolio 1,55,10845671.861959005
Portfolio 1,56,0.0
Portfolio 1,57,6316554.945955662
Portfolio 1,58,0.0
Portfolio 1,59,6316554.945955662
Portfolio 1,60,0.0
Portfolio 1,61,0.0
Portfolio 1,62,22511638.956607513
Portfolio 1,63,6316554.945955662
Portfolio 1,64,25560567.393467996
Portfolio 1,65,0.0
Portfolio 1,66,5395283.542444266
Portfolio 1,67,14439093.40519818
Portfolio 1,68,0.0
Portfolio 1,69,0.0
Portfolio 1,70,5864517.916904203
Portfolio 1,71,0.0
Portfolio 1,72,0.0
Portfolio 1,73,0.0
Portfolio 1,74,0.0
Portfolio 1,75,18602902.720913835
Portfolio 1,76,0.0
Portfolio 1,77,0.0
Portfolio 1,78,27849671.32621894
Portfolio 1,79,11340343.460939737
Portfolio 1,80,6316554.945955662
Portfolio 1,81,3909670.548554421
Portfolio 1,82,0.0
Portfolio 1,83,0.0
Portfolio 1,84,0.0
Portfolio 1,85,0.0
Portfolio 1,86,0.0
Portfolio 1,87,0.0
Portfolio 1,88,0.0
Portfolio 1,89,0.0
Portfolio 1,90,5182259.577388579
Portfolio 1,91,0.0
Portfolio 1,92,0.0
Portfolio 1,93,16253076.050944965
Portfolio 1,94,7613503.072815756
Portfolio 1,95,0.0
Portfolio 1,96,32841275.290143616
Portfolio 1,97,0.0
Portfolio 1,98,5960573.837092887
Portfolio 1,99,0.0
Portfolio 1,100,10845671.861959005
Portfolio 1,101,19621352.982586756
Portfolio 1,102,0.0
Portfolio 1,103,0.0
Portfolio 1,104,15685099.488615744
Portfolio 1,105,17510906.764428075
Portfolio 1,106,0.0
Portfolio 1,107,0.0
Portfolio 1,108,0.0
Portfolio 1,109,0.0
Portfolio 1,110,0.0
Portfolio 1,111,36280276.9149361
Portfolio 1,112,0.0
Portfolio 1,113,0.0
Portfolio 1,114,0.0
Portfolio 1,115,5182259.577388579
Portfolio 1,116,0.0
Portfolio 1,117,0.0
Portfolio 1,118,14439093.40519818
Portfolio 1,119,0.0
Portfolio 1,120,11340343.460939737
Portfolio 1,121,0.0
Portfolio 1,122,18129894.48108268
Portfolio 1,123,0.0
Portfolio 1,124,20309721.507351644
Portfolio 1,125,0.0
Portfolio 1,126,0.0
Portfolio 1,127,11309064.767165601
Portfolio 1,128,0.0
Portfolio 1,129,0.0
Portfolio 1,130,5444546.850261398
Portfolio 1,131,52853007.7289256
Portfolio 1,132,11340343.460939737
Portfolio 1,133,0.0
Portfolio 1,134,0.0
Portfolio 1,135,3909670.548554421
Portfolio 1,136,0.0
Portfolio 1,137,19001654.487887815
Portfolio 1,138,31122994.76575891
Portfolio 1,139,0.0
Portfolio 1,140,13700731.972600108
Portfolio 1,141,0.0
Portfolio 1,142,0.0
Portfolio 1,143,34246391.63770839
Portfolio 1,144,0.0
Portfolio 1,145,10226225.494510083
Portfolio 1,146,0.0
Portfolio 1,147,0.0
Portfolio 1,148,13158355.870652435
Portfolio 1,149,0.0
Portfolio 1,150,0.0
Portfolio 1,151,0.0
Portfolio 1,152,0.0
Portfolio 1,153,28178742.773154184
Portfolio 1,154,0.0
Portfolio 1,155,0.0
Portfolio 1,156,18348763.9537526
Portfolio 1,157,0.0
Portfolio 1,158,30669262.63508051
Portfolio 1,159,21494114.49808991
Portfolio 1,160,0.0
Portfolio 1,161,19621352.982586756
Portfolio 1,162,0.0
Portfolio 1,163,0.0
Portfolio 1,164,0.0
Portfolio 1,165,0.0
Portfolio 1,166,0.0
Portfolio 1,167,0.0
Portfolio 1,168,0.0
Portfolio 1,169,0.0
Portfolio 1,170,20143794.38470134
Portfolio 1,171,0.0
Portfolio 1,172,0.0
Portfolio 1,173,14439093.40519818
Portfolio 1,174,0.0
Portfolio 1,175,0.0
Portfolio 1,176,15127461.929963065
Portfolio 1,177,32720853.739053495
Portfolio 1,178,0.0
Portfolio 1,179,0.0
Portfolio 1,180,0.0
Portfolio 1,181,0.0
Portfolio 1,182,14220223.93252826
Portfolio 1,183,0.0
Portfolio 1,184,0.0
Portfolio 1,185,14439093.40519818
Portfolio 1,186,37087599.85346181
Portfolio 1,187,0.0
Portfolio 1,188,2999238.710377632
Portfolio 1,189,16482402.097116277
Portfolio 1,190,5395283.542444266
Portfolio 1,191,8868899.02430052
Portfolio 1,192,10723682.894710481
Portfolio 1,193,0.0
Portfolio 1,194,27597449.275850616
Portfolio 1,195,0.0
Portfolio 1,196,0.0
Portfolio 1,197,0.0
Portfolio 1,198,0.0
Portfolio 1,199,0.0
Portfolio 1,200,15035003.375447877
Portfolio 1,201,0.0
Portfolio 1,202,0.0
Portfolio 1,203,0.0
Portfolio 1,204,0.0
Portfolio 1,205,5960573.837092887
Portfolio 1,206,10502839.911227165
Portfolio 1,207,0.0
Portfolio 1,208,0.0
Portfolio 1,209,19615507.474972524
Portfolio 1,210,0.0
Portfolio 1,211,0.0
Portfolio 1,212,17510906.764428075
Portfolio 1,213,0.0
Portfolio 1,214,0.0
Portfolio 1,215,13158355.870652435
Portfolio 1,216,0.0
Portfolio 1,217,0.0
Portfolio 1,218,12178320.841756614
Portfolio 1,219,0.0
Portfolio 1,220,10502839.911227165
Portfolio 1,221,0.0
Portfolio 1,222,23023992.70371562
Portfolio 1,223,0.0
Portfolio 1,224,11428295.851894356
Portfolio 1,225,0.0
Portfolio 1,226,0.0
Portfolio 1,227,0.0
Portfolio 1,228,18953846.533755492
Portfolio 1,229,0.0
Portfolio 1,230,0.0
Portfolio 1,231,0.0
Portfolio 1,232,0.0
Portfolio 1,233,2999238.710377632
Portfolio 1,234,0.0
Portfolio 1,235,0.0
Portfolio 1,236,0.0
Portfolio 1,237,51420618.45495419
Portfolio 1,238,5864517.916904203
Portfolio 1,239,0.0
Portfolio 1,240,0.0
Portfolio 1,241,0.0
Portfolio 1,242,0.0
Portfolio 1,243,0.0
Portfolio 1,244,0.0
Portfolio 1,245,14220223.93252826
Portfolio 1,246,5864517.916904203
Portfolio 1,247,26377592.565755688
Portfolio 1,248,0.0
Portfolio 1,249,0.0
Portfolio 1,250,0.0
Portfolio 1,251,13629447.393690683
Portfolio 1,252,0.0
Portfolio 1,253,0.0
Portfolio 1,254,0.0
Portfolio 1,255,9774188.465458624
Portfolio 1,256,0.0
Portfolio 1,257,0.0
Portfolio 1,258,23415633.71553659
Portfolio 1,259,6316554.945955662
Portfolio 1,260,0.0
Portfolio 1,261,17455059.878443703
Portfolio 1,262,0.0
Portfolio 1,263,61994593.05857256
Portfolio 1,264,17068026.419206858
Portfolio 1,265,0.0
Portfolio 1,266,6316554.945955662
Portfolio 1,267,0.0
Portfolio 1,268,6316554.945955662
Portfolio 1,269,14199271.723999074
Portfolio 1,270,0.0
Portfolio 1,271,5864517.916904203
Portfolio 1,272,15127461.929963065
Portfolio 1,273,0.0
Portfolio 1,274,26787803.26434312
Portfolio 1,275,0.0
Portfolio 1,276,7384177.026644446
Portfolio 1,277,0.0
Portfolio 1,278,0.0
Portfolio 1,279,0.0
Portfolio 1,280,17510906.764428075
Portfolio 1,281,17510906.764428075
Portfolio 1,282,0.0
Portfolio 1,283,0.0
Portfolio 1,284,0.0
Portfolio 1,285,0.0
Portfolio 1,286,20209242.48524026
Portfolio 1,287,0.0
Portfolio 1,288,11340343.460939737
Portfolio 1,289,0.0
Portfolio 1,290,0.0
Portfolio 1,291,0.0
Portfolio 1,292,6316554.945955662
Portfolio 1,293,0.0
Portfolio 1,294,0.0
Portfolio 1,295,0.0
Portfolio 1,296,0.0
Portfolio 1,297,0.0
Portfolio 1,298,0.0
Portfolio 1,299,0.0
Portfolio 1,300,0.0
Portfolio 1,301,0.0
Portfolio 1,302,5395283.542444266
Portfolio 1,303,0.0
Portfolio 1,304,0.0
Portfolio 1,305,0.0
Portfolio 1,306,0.0
Portfolio 1,307,0.0
Portfolio 1,308,6316554.945955662
Portfolio 1,309,0.0
Portfolio 1,310,30669262.63508051
Portfolio 1,311,0.0
Portfolio 1,312,0.0
Portfolio 1,313,15127461.929963065
Portfolio 1,314,0.0
Portfolio 1,315,0.0
Portfolio 1,316,0.0
Portfolio 1,317,0.0
Portfolio 1,318,0.0
Portfolio 1,319,7384177.026644446
Portfolio 1,320,0.0
Portfolio 1,321,0.0
Portfolio 1,322,0.0
Portfolio 1,323,9097016.890408562
Portfolio 1,324,0.0
Portfolio 1,325,7384177.026644446
Portfolio 1,326,0.0
Portfolio 1,327,0.0
Portfolio 1,328,0.0
Portfolio 1,329,11340343.460939737
Portfolio 1,330,0.0
Portfolio 1,331,0.0
Portfolio 1,332,8868899.02430052
Portfolio 1,333,14439093.40519818
Portfolio 1,334,5182259.577388579
Portfolio 1,335,2999238.710377632
Portfolio 1,336,10723682.894710481
Portfolio 1,337,27597449.275850616
Portfolio 1,338,0.0
Portfolio 1,339,0.0
Portfolio 1,340,23023992.70371562
Portfolio 1,341,7613503.072815756
Portfolio 1,342,5395283.542444266
Portfolio 1,343,0.0
Portfolio 1,344,0.0
Portfolio 1,345,13158355.870652435
Portfolio 1,346,0.0
Portfolio 1,347,28638365.129197255
Portfolio 1,348,10845671.861959005
Portfolio 1,349,0.0
Portfolio 1,350,2999238.710377632
Portfolio 1,351,0.0
Portfolio 1,352,0.0
Portfolio 1,353,0.0
Portfolio 1,354,0.0
Portfolio 1,355,0.0
Portfolio 1,356,0.0
Portfolio 1,357,5182259.577388579
Portfolio 1,358,5444546.850261398
Portfolio 1,359,9097016.890408562
Portfolio 1,360,21646923.4716712
Portfolio 1,361,11340343.460939737
Portfolio 1,362,0.0
Portfolio 1,363,13629447.393690683
Portfolio 1,364,17510906.764428075
Portfolio 1,365,11340343.460939737
Portfolio 1,366,13158355.870652435
Portfolio 1,367,0.0
Portfolio 1,368,11428295.851894356
Portfolio 1,369,9097016.890408562
Portfolio 1,370,5864517.916904203
Portfolio 1,371,0.0
Portfolio 1,372,0.0
Portfolio 1,373,0.0
Portfolio 1,374,0.0
Portfolio 1,375,0.0
Portfolio 1,376,0.0
Portfolio 1,377,0.0
Portfolio 1,378,7384177.026644446
Portfolio 1,379,0.0
Portfolio 1,380,27198506.26039369
Portfolio 1,381,23319577.795347907
Portfolio 1,382,0.0
Portfolio 1,383,25780145.900349602
Portfolio 1,384,0.0
Portfolio 1,385,0.0
Portfolio 1,386,0.0
Portfolio 1,387,0.0
Portfolio 1,388,0.0
Portfolio 1,389,0.0
Portfolio 1,390,31837651.708826274
Portfolio 1,391,0.0
Portfolio 1,392,0.0
Portfolio 1,393,0.0
Portfolio 1,394,0.0
Portfolio 1,395,0.0
Portfolio 1,396,7384177.026644446
Portfolio 1,397,9097016.890408562
Portfolio 1,398,0.0
Portfolio 1,399,0.0
Portfolio 1,400,0.0
Portfolio 1,401,24603639.669550337
Portfolio 1,402,0.0
Portfolio 1,403,15127461.929963065
Portfolio 1,404,0.0
Portfolio 1,405,0.0
Portfolio 1,406,0.0
Portfolio 1,407,0.0
Portfolio 1,408,14220223.93252826
Portfolio 1,409,0.0
Portfolio 1,410,0.0
Portfolio 1,411,0.0
Portfolio 1,412,22902003.736467093
Portfolio 1,413,26176040.387674544
Portfolio 1,414,0.0
Portfolio 1,415,0.0
Portfolio 1,416,13158355.870652435
Portfolio 1,417,9097016.890408562
Portfolio 1,418,0.0
Portfolio 1,419,0.0
Portfolio 1,420,0.0
Portfolio 1,421,0.0
Portfolio 1,422,0.0
Portfolio 1,423,25539615.18493881
Portfolio 1,424,0.0
Portfolio 1,425,0.0
Portfolio 1,426,0.0
Portfolio 1,427,5395283.542444266
Portfolio 1,428,13158355.870652435
Portfolio 1,429,0.0
Portfolio 1,430,0.0
Portfolio 1,431,11355857.379537154
Portfolio 1,432,34796830.40054931
Portfolio 1,433,0.0
Portfolio 1,434,10502839.911227165
Portfolio 1,435,0.0
Portfolio 1,436,13629447.393690683
Portfolio 1,437,0.0
Portfolio 1,438,28331551.482998203
Portfolio 1,439,31950000.169626255
Portfolio 1,440,0.0
Portfolio 1,441,5395283.542444266
Portfolio 1,442,0.0
Portfolio 1,443,40011898.017738156
Portfolio 1,444,0.0
Portfolio 1,445,0.0
Portfolio 1,446,0.0
Portfolio 1,447,0.0
Portfolio 1,448,0.0
Portfolio 1,449,0.0
Portfolio 1,450,17455059.878443703
Portfolio 1,451,0.0
Portfolio 1,452,0.0
Portfolio 1,453,0.0
Portfolio 1,454,0.0
Portfolio 1,455,3909670.548554421
Portfolio 1,456,0.0
Portfolio 1,457,0.0
Portfolio 1,458,19240039.07426996
Portfolio 1,459,0.0
Portfolio 1,460,10502839.911227165
Portfolio 1,461,0.0
Portfolio 1,462,0.0
Portfolio 1,463,0.0
Portfolio 1,464,0.0
Portfolio 1,465,0.0
Portfolio 1,466,5395283.542444266
Portfolio 1,467,0.0
Portfolio 1,468,0.0
Portfolio 1,469,8868899.02430052
Portfolio 1,470,24498699.331592172
Portfolio 1,471,0.0
Portfolio 1,472,0.0
Portfolio 1,473,7384177.026644446
Portfolio 1,474,0.0
Portfolio 1,475,0.0
Portfolio 1,476,0.0
Portfolio 1,477,0.0
Portfolio 1,478,5182259.577388579
Portfolio 1,479,0.0
Portfolio 1,480,0.0
Portfolio 1,481,19590021.23078357
Portfolio 1,482,0.0
Portfolio 1,483,0.0
Portfolio 1,484,0.0
Portfolio 1,485,7384177.026644446
Portfolio 1,486,7384177.026644446
Portfolio 1,487,0.0
Portfolio 1,488,14199271.723999074
Portfolio 1,489,0.0
Portfolio 1,490,7384177.026644446
Portfolio 1,491,0.0
Portfolio 1,492,0.0
Portfolio 1,493,0.0
Portfolio 1,494,0.0
Portfolio 1,495,0.0
Portfolio 1,496,0.0
Portfolio 1,497,23298358.49567908
Portfolio 1,498,6316554.945955662
Portfolio 1,499,5182259.577388579
Portfolio 1,500,0.0
Portfolio 1,501,0.0
Portfolio 1,502,0.0
Portfolio 1,503,0.0
Portfolio 1,504,9097016.890408562
Portfolio 1,505,0.0
Portfolio 1,506,41590761.1573053
Portfolio 1,507,0.0
Portfolio 1,508,0.0
Portfolio 1,509,5182259.577388579
Portfolio 1,510,0.0
Portfolio 1,511,0.0
Portfolio 1,512,0.0
Portfolio 1,513,0.0
Portfolio 1,514,17510906.764428075
Portfolio 1,515,7384177.026644446
Portfolio 1,516,0.0
Portfolio 1,517,0.0
Portfolio 1,518,0.0
Portfolio 1,519,0.0
Portfolio 1,520,0.0
Portfolio 1,521,13629447.393690683
Portfolio 1,522,0.0
Portfolio 1,523,3909670.548554421
Portfolio 1,524,0.0
Portfolio 1,525,0.0
Portfolio 1,526,31824352.638989992
Portfolio 1,527,0.0
Portfolio 1,528,15330368.52571554
Portfolio 1,529,0.0
Portfolio 1,530,2999238.710377632
Portfolio 1,531,0.0
Portfolio 1,532,2999238.710377632
Portfolio 1,533,0.0
Portfolio 1,534,0.0
Portfolio 1,535,0.0
Portfolio 1,536,0.0
Portfolio 1,537,14199271.723999074
Portfolio 1,538,14997680.099460203
Portfolio 1,539,0.0
Portfolio 1,540,5843298.617235378
Portfolio 1,541,0.0
Portfolio 1,542,7384177.026644446
Portfolio 1,543,0.0
Portfolio 1,544,0.0
Portfolio 1,545,30808424.744142942
Portfolio 1,546,0.0
Portfolio 1,547,5960573.837092887
Portfolio 1,548,0.0
Portfolio 1,549,0.0
Portfolio 1,550,5182259.577388579
Portfolio 1,551,0.0
Portfolio 1,552,0.0
Portfolio 1,553,0.0
Portfolio 1,554,0.0
Portfolio 1,555,0.0
Portfolio 1,556,0.0
Portfolio 1,557,21875586.463263504
Portfolio 1,558,0.0
Portfolio 1,559,0.0
Portfolio 1,560,0.0
Portfolio 1,561,0.0
Portfolio 1,562,0.0
Portfolio 1,563,0.0
Portfolio 1,564,0.0
Portfolio 1,565,0.0
Portfolio 1,566,15127461.929963065
Portfolio 1,567,17510906.764428075
Portfolio 1,568,0.0
Portfolio 1,569,74689659.6041373
Portfolio 1,570,12178320.841756614
Portfolio 1,571,15127461.929963065
Portfolio 1,572,0.0
Portfolio 1,573,0.0
Portfolio 1,574,0.0
Portfolio 1,575,0.0
Portfolio 1,576,38086501.88010984
Portfolio 1,577,0.0
Portfolio 1,578,0.0
Portfolio 1,579,33262022.85723837
Portfolio 1,580,0.0
Portfolio 1,581,0.0
Portfolio 1,582,0.0
Portfolio 1,583,0.0
Portfolio 1,584,0.0
Portfolio 1,585,0.0
Portfolio 1,586,7384177.026644446
Portfolio 1,587,0.0
Portfolio 1,588,14264182.566744786
Portfolio 1,589,0.0
Portfolio 1,590,5182259.577388579
Portfolio 1,591,0.0
Portfolio 1,592,0.0
Portfolio 1,593,0.0
Portfolio 1,594,0.0
Portfolio 1,595,0.0
Portfolio 1,596,0.0
Portfolio 1,597,0.0
Portfolio 1,598,0.0
Portfolio 1,599,22943871.598531295
Portfolio 1,600,0.0
Portfolio 1,601,0.0
Portfolio 1,602,11803872.454328265
Portfolio 1,603,0.0
Portfolio 1,604,0.0
Portfolio 1,605,0.0
Portfolio 1,606,0.0
Portfolio 1,607,2999238.710377632
Portfolio 1,608,0.0
Portfolio 1,609,54816987.63292342
Portfolio 1,610,0.0
Portfolio 1,611,0.0
Portfolio 1,612,16610555.429282935
Portfolio 1,613,0.0
Portfolio 1,614,12178320.841756614
Portfolio 1,615,0.0
Portfolio 1,616,0.0
Portfolio 1,617,0.0
Portfolio 1,618,0.0
Portfolio 1,619,14427534.562271988
Portfolio 1,620,0.0
Portfolio 1,621,5182259.577388579
Portfolio 1,622,2999238.710377632
Portfolio 1,623,0.0
Portfolio 1,624,0.0
Portfolio 1,625,0.0
Portfolio 1,626,0.0
Portfolio 1,627,15035003.375447877
Portfolio 1,628,0.0
Portfolio 1,629,0.0
Portfolio 1,630,0.0
Portfolio 1,631,0.0
Portfolio 1,632,0.0
Portfolio 1,633,0.0
Portfolio 1,634,0.0
Portfolio 1,635,20282392.022433557
Portfolio 1,636,14279276.467797142
Portfolio 1,637,0.0
Portfolio 1,638,0.0
Portfolio 1,639,18188947.016351562
Portfolio 1,640,0.0
Portfolio 1,641,11340343.460939737
Portfolio 1,642,0.0
Portfolio 1,643,0.0
Portfolio 1,644,11428295.851894356
Portfolio 1,645,0.0
Portfolio 1,646,0.0
Portfolio 1,647,27998035.24635998
Portfolio 1,648,0.0
Portfolio 1,649,0.0
Portfolio 1,650,0.0
Portfolio 1,651,0.0
Portfolio 1,652,5182259.577388579
Portfolio 1,653,0.0
Portfolio 1,654,9091930.125943
Portfolio 1,655,0.0
Portfolio 1,656,0.0
Portfolio 1,657,7613503.072815756
Portfolio 1,658,0.0
Portfolio 1,659,0.0
Portfolio 1,660,5864517.916904203
Portfolio 1,661,28939202.61632243
Portfolio 1,662,11340343.460939737
Portfolio 1,663,0.0
Portfolio 1,664,14439093.40519818
Portfolio 1,665,0.0
Portfolio 1,666,15127461.929963065
Portfolio 1,667,0.0
Portfolio 1,668,3909670.548554421
Portfolio 1,669,30393471.76709147
Portfolio 1,670,0.0
Portfolio 1,671,0.0
Portfolio 1,672,28499758.721065
Portfolio 1,673,0.0
Portfolio 1,674,15035003.375447877
Portfolio 1,675,9870244.385647308
Portfolio 1,676,7613503.072815756
Portfolio 1,677,17510906.764428075
Portfolio 1,678,0.0
Portfolio 1,679,0.0
Portfolio 1,680,0.0
Portfolio 1,681,0.0
Portfolio 1,682,11428295.851894356
Portfolio 1,683,0.0
Portfolio 1,684,5444546.850261398
Portfolio 1,685,22693166.341816656
Portfolio 1,686,0.0
Portfolio 1,687,15330368.52571554
Portfolio 1,688,0.0
Portfolio 1,689,0.0
Portfolio 1,690,0.0
Portfolio 1,691,11340343.460939737
Portfolio 1,692,14220223.93252826
Portfolio 1,693,14220223.93252826
Portfolio 1,694,0.0
Portfolio 1,695,0.0
Portfolio 1,696,0.0
Portfolio 1,697,0.0
Portfolio 1,698,10383415.737022078
Portfolio 1,699,0.0
Portfolio 1,700,5182259.577388579
Portfolio 1,701,11428295.851894356
Portfolio 1,702,0.0
Portfolio 1,703,7613503.072815756
Portfolio 1,704,35511166.295336686
Portfolio 1,705,7384177.026644446
Portfolio 1,706,0.0
Portfolio 1,707,25065895.794487264
Portfolio 1,708,0.0
Portfolio 1,709,11340343.460939737
Portfolio 1,710,0.0
Portfolio 1,711,3909670.548554421
Portfolio 1,712,0.0
Portfolio 1,713,0.0
Portfolio 1,714,0.0
Portfolio 1,715,0.0
Portfolio 1,716,0.0
Portfolio 1,717,0.0
Portfolio 1,718,0.0
Portfolio 1,719,17510906.764428075
Portfolio 1,720,5864517.916904203
Portfolio 1,721,0.0
Portfolio 1,722,0.0
Portfolio 1,723,25124409.837243833
Portfolio 1,724,0.0
Portfolio 1,725,0.0
Portfolio 1,726,0.0
Portfolio 1,727,20297194.876194876
Portfolio 1,728,0.0
Portfolio 1,729,0.0
Portfolio 1,730,0.0
Portfolio 1,731,0.0
Portfolio 1,732,35255757.56227809
Portfolio 1,733,0.0
Portfolio 1,734,42324339.69202055
Portfolio 1,735,0.0
Portfolio 1,736,0.0
Portfolio 1,737,11340343.460939737
Portfolio 1,738,0.0
Portfolio 1,739,0.0
Portfolio 1,740,3909670.548554421
Portfolio 1,741,15293720.473836454
Portfolio 1,742,32115258.83691667
Portfolio 1,743,0.0
Portfolio 1,744,6316554.945955662
Portfolio 1,745,17510906.764428075
Portfolio 1,746,11340343.460939737
Portfolio 1,747,9097016.890408562
Portfolio 1,748,0.0
Portfolio 1,749,13629447.393690683
Portfolio 1,750,0.0
Portfolio 1,751,31731130.696956336
Portfolio 1,752,11428295.851894356
Portfolio 1,753,0.0
Portfolio 1,754,0.0
Portfolio 1,755,0.0
Portfolio 1,756,0.0
Portfolio 1,757,0.0
Portfolio 1,758,0.0
Portfolio 1,759,0.0
Portfolio 1,760,0.0
Portfolio 1,761,0.0
Portfolio 1,762,0.0
Portfolio 1,763,0.0
Portfolio 1,764,10845671.861959005
Portfolio 1,765,0.0
Portfolio 1,766,13158355.870652435
Portfolio 1,767,10723682.894710481
Portfolio 1,768,0.0
Portfolio 1,769,0.0
Portfolio 1,770,0.0
Portfolio 1,771,0.0
Portfolio 1,772,10723682.894710481
Portfolio 1,773,0.0
Portfolio 1,774,0.0
Portfolio 1,775,0.0
Portfolio 1,776,0.0
Portfolio 1,777,0.0
Portfolio 1,778,0.0
Portfolio 1,779,0.0
Portfolio 1,780,0.0
Portfolio 1,781,0.0
Portfolio 1,782,28590522.659809023
Portfolio 1,783,0.0
Portfolio 1,784,0.0
Portfolio 1,785,0.0
Portfolio 1,786,0.0
Portfolio 1,787,0.0
Portfolio 1,788,17510906.764428075
Portfolio 1,789,8868899.02430052
Portfolio 1,790,31449334.962870285
Portfolio 1,791,0.0
Portfolio 1,792,0.0
Portfolio 1,793,5864517.916904203
Portfolio 1,794,6316554.945955662
Portfolio 1,795,17510906.764428075
Portfolio 1,796,0.0
Portfolio 1,797,0.0
Portfolio 1,798,0.0
Portfolio 1,799,0.0
Portfolio 1,800,0.0
Portfolio 1,801,0.0
Portfolio 1,802,14220223.93252826
Portfolio 1,803,0.0
Portfolio 1,804,57316394.5457933
Portfolio 1,805,11340343.460939737
Portfolio 1,806,0.0
Portfolio 1,807,0.0
Portfolio 1,808,5395283.542444266
Portfolio 1,809,0.0
Portfolio 1,810,11340343.460939737
Portfolio 1,811,15035003.375447877
Portfolio 1,812,0.0
Portfolio 1,813,0.0
Portfolio 1,814,0.0
Portfolio 1,815,0.0
Portfolio 1,816,50770254.27480715
Portfolio 1,817,0.0
Portfolio 1,818,10502839.911227165
Portfolio 1,819,10845671.861959005
Portfolio 1,820,0.0
Portfolio 1,821,0.0
Portfolio 1,822,0.0
Portfolio 1,823,0.0
Portfolio 1,824,5864517.916904203
Portfolio 1,825,0.0
Portfolio 1,826,0.0
Portfolio 1,827,0.0
Portfolio 1,828,41074994.096048385
Portfolio 1,829,0.0
Portfolio 1,830,0.0
Portfolio 1,831,15127461.929963065
Portfolio 1,832,40972911.3039903
Portfolio 1,833,0.0
Portfolio 1,834,0.0
Portfolio 1,835,0.0
Portfolio 1,836,2999238.710377632
Portfolio 1,837,0.0
Portfolio 1,838,15035003.375447877
Portfolio 1,839,0.0
Portfolio 1,840,34949238.880003884
Portfolio 1,841,0.0
Portfolio 1,842,17510906.764428075
Portfolio 1,843,13502078.621604796
Portfolio 1,844,0.0
Portfolio 1,845,0.0
Portfolio 1,846,0.0
Portfolio 1,847,0.0
Portfolio 1,848,0.0
Portfolio 1,849,32841275.290143616
Portfolio 1,850,0.0
Portfolio 1,851,6316554.945955662
Portfolio 1,852,0.0
Portfolio 1,853,0.0
Portfolio 1,854,0.0
Portfolio 1,855,0.0
Portfolio 1,856,0.0
Portfolio 1,857,23122800.645007554
Portfolio 1,858,0.0
Portfolio 1,859,0.0
Portfolio 1,860,0.0
Portfolio 1,861,0.0
Portfolio 1,862,20217262.952836454
Portfolio 1,863,0.0
Portfolio 1,864,0.0
Portfolio 1,865,3909670.548554421
Portfolio 1,866,21088035.76705595
Portfolio 1,867,0.0
Portfolio 1,868,0.0
Portfolio 1,869,5182259.577388579
Portfolio 1,870,0.0
Portfolio 1,871,0.0
Portfolio 1,872,8868899.02430052
Portfolio 1,873,13158355.870652435
Portfolio 1,874,23307992.4294987
Portfolio 1,875,0.0
Portfolio 1,876,0.0
Portfolio 1,877,0.0
Portfolio 1,878,0.0
Portfolio 1,879,0.0
Portfolio 1,880,0.0
Portfolio 1,881,0.0
Portfolio 1,882,10502839.911227165
Portfolio 1,883,10502839.911227165
Portfolio 1,884,0.0
Portfolio 1,885,0.0
Portfolio 1,886,0.0
Portfolio 1,887,0.0
Portfolio 1,888,10845671.861959005
Portfolio 1,889,0.0
Portfolio 1,890,0.0
Portfolio 1,891,0.0
Portfolio 1,892,0.0
Portfolio 1,893,0.0
Portfolio 1,894,0.0
Portfolio 1,895,0.0
Portfolio 1,896,0.0
Portfolio 1,897,0.0
Portfolio 1,898,0.0
Portfolio 1,899,0.0
Portfolio 1,900,0.0
Portfolio 1,901,0.0
Portfolio 1,902,0.0
Portfolio 1,903,17510906.764428075
Portfolio 1,904,0.0
Portfolio 1,905,0.0
Portfolio 1,906,0.0
Portfolio 1,907,7384177.026644446
Portfolio 1,908,0.0
Portfolio 1,909,0.0
Portfolio 1,910,0.0
Portfolio 1,911,10502839.911227165
Portfolio 1,912,0.0
Portfolio 1,913,0.0
Portfolio 1,914,0.0
Portfolio 1,915,0.0
Portfolio 1,916,7384177.026644446
Portfolio 1,917,0.0
Portfolio 1,918,5444546.850261398
Portfolio 1,919,0.0
Portfolio 1,920,0.0
Portfolio 1,921,0.0
Portfolio 1,922,5182259.577388579
Portfolio 1,923,0.0
Portfolio 1,924,0.0
Portfolio 1,925,0.0
Portfolio 1,926,42927817.801566154
Portfolio 1,927,47759062.13630392
Portfolio 1,928,0.0
Portfolio 1,929,0.0
Portfolio 1,930,0.0
Portfolio 1,931,10723682.894710481
Portfolio 1,932,0.0
Portfolio 1,933,40809393.83093944
Portfolio 1,934,23317240.82293682
Portfolio 1,935,0.0
Portfolio 1,936,15413571.836364225
Portfolio 1,937,15330368.52571554
Portfolio 1,938,0.0
Portfolio 1,939,0.0
Portfolio 1,940,5843298.617235378
Portfolio 1,941,0.0
Portfolio 1,942,0.0
Portfolio 1,943,0.0
Portfolio 1,944,0.0
Portfolio 1,945,0.0
Portfolio 1,946,17510906.764428075
Portfolio 1,947,14439093.40519818
Portfolio 1,948,15330368.52571554
Portfolio 1,949,0.0
Portfolio 1,950,0.0
Portfolio 1,951,18340615.448041014
Portfolio 1,952,15035003.375447877
Portfolio 1,953,18108942.272553496
Portfolio 1,954,0.0
Portfolio 1,955,0.0
Portfolio 1,956,0.0
Portfolio 1,957,0.0
Portfolio 1,958,0.0
Portfolio 1,959,0.0
Portfolio 1,960,0.0
Portfolio 1,961,0.0
Portfolio 1,962,0.0
Portfolio 1,963,0.0
Portfolio 1,964,0.0
Portfolio 1,965,2999238.710377632
Portfolio 1,966,0.0
Portfolio 1,967,11428295.851894356
Portfolio 1,968,0.0
Portfolio 1,969,0.0
Portfolio 1,970,0.0
Portfolio 1,971,13158355.870652435
Portfolio 1,972,17455059.878443703
Portfolio 1,973,5182259.577388579
Portfolio 1,974,12178320.841756614
Portfolio 1,975,0.0
Portfolio 1,976,23026744.72481887
Portfolio 1,977,7613503.072815756
Portfolio 1,978,32200462.81243353
Portfolio 1,979,25832643.893792566
Portfolio 1,980,9097016.890408562
Portfolio 1,981,0.0
Portfolio 1,982,0.0
Portfolio 1,983,0.0
Portfolio 1,984,19592581.919011
Portfolio 1,985,6316554.945955662
Portfolio 1,986,10845671.861959005
Portfolio 1,987,0.0
Portfolio 1,988,5444546.850261398
Portfolio 1,989,0.0
Portfolio 1,990,0.0
Portfolio 1,991,5960573.837092887
Portfolio 1,992,21226522.805937648
Portfolio 1,993,0.0
Portfolio 1,994,0.0
Portfolio 1,995,14199271.723999074
Portfolio 1,996,0.0
Portfolio 1,997,0.0
Portfolio 1,998,0.0
Portfolio 1,999,9097016.890408562
Portfolio 1,1000,0.0
Portfolio 1,1001,0.0
Portfolio 1,1002,0.0
Portfolio 1,1003,0.0
Portfolio 1,1004,0.0
Portfolio 1,1005,0.0
Portfolio 1,1006,3909670.548554421
Portfolio 1,1007,0.0
Portfolio 1,1008,12178320.841756614
Portfolio 1,1009,0.0
Portfolio 1,1010,0.0
Portfolio 1,1011,0.0
Portfolio 1,1012,10845671.861959005
Portfolio 1,1013,0.0
Portfolio 1,1014,14199271.723999074
Portfolio 1,1015,0.0
Portfolio 1,1016,0.0
Portfolio 1,1017,15127461.929963065
Portfolio 1,1018,0.0
Portfolio 1,1019,8868899.02430052
Portfolio 1,1020,0.0
Portfolio 1,1021,0.0
Portfolio 1,1022,10502839.911227165
Portfolio 1,1023,0.0
Portfolio 1,1024,0.0
Portfolio 1,1025,0.0
Portfolio 1,1026,0.0
Portfolio 1,1027,0.0
Portfolio 1,1028,0.0
Portfolio 1,1029,0.0
Portfolio 1,1030,22955453.614689473
Portfolio 1,1031,11340343.460939737
Portfolio 1,1032,34029114.63598175
Portfolio 1,1033,0.0
Portfolio 1,1034,0.0
Portfolio 1,1035,0.0
Portfolio 1,1036,0.0
Portfolio 1,1037,43694320.71317431
Portfolio 1,1038,0.0
Portfolio 1,1039,0.0
Portfolio 1,1040,0.0
Portfolio 1,1041,0.0
Portfolio 1,1042,0.0
Portfolio 1,1043,0.0
Portfolio 1,1044,0.0
Portfolio 1,1045,0.0
Portfolio 1,1046,0.0
Portfolio 1,1047,0.0
Portfolio 1,1048,32232350.114604518
Portfolio 1,1049,0.0
Portfolio 1,1050,0.0
Portfolio 1,1051,15330368.52571554
Portfolio 1,1052,0.0
Portfolio 1,1053,0.0
Portfolio 1,1054,15330368.52571554
Portfolio 1,1055,0.0
Portfolio 1,1056,8868899.02430052
Portfolio 1,1057,0.0
Portfolio 1,1058,0.0
Portfolio 1,1059,0.0
Portfolio 1,1060,5395283.542444266
Portfolio 1,1061,0.0
Portfolio 1,1062,72803033.86935689
Portfolio 1,1063,0.0
Portfolio 1,1064,31645558.80473081
Portfolio 1,1065,0.0
Portfolio 1,1066,0.0
Portfolio 1,1067,14199271.723999074
Portfolio 1,1068,0.0
Portfolio 1,1069,0.0
Portfolio 1,1070,0.0
Portfolio 1,1071,0.0
Portfolio 1,1072,0.0
Portfolio 1,1073,25851144.82467355
Portfolio 1,1074,2999238.710377632
Portfolio 1,1075,0.0
Portfolio 1,1076,5960573.837092887
Portfolio 1,1077,0.0
Portfolio 1,1078,0.0
Portfolio 1,1079,0.0
Portfolio 1,1080,9097016.890408562
Portfolio 1,1081,0.0
Portfolio 1,1082,35781426.14029552
Portfolio 1,1083,0.0
Portfolio 1,1084,0.0
Portfolio 1,1085,0.0
Portfolio 1,1086,9097016.890408562
Portfolio 1,1087,0.0
Portfolio 1,1088,0.0
Portfolio 1,1089,0.0
Portfolio 1,1090,0.0
Portfolio 1,1091,18811706.97107926
Portfolio 1,1092,5864517.916904203
Portfolio 1,1093,0.0
Portfolio 1,1094,0.0
Portfolio 1,1095,0.0
Portfolio 1,1096,24427385.4161241
Portfolio 1,1097,0.0
Portfolio 1,1098,0.0
Portfolio 1,1099,0.0
Portfolio 1,1100,0.0
Portfolio 1,1101,0.0
Portfolio 1,1102,62849166.541690305
Portfolio 1,1103,0.0
Portfolio 1,1104,0.0
Portfolio 1,1105,5960573.837092887
Portfolio 1,1106,5864517.916904203
Portfolio 1,1107,0.0
Portfolio 1,1108,15127461.929963065
Portfolio 1,1109,10845671.861959005
Portfolio 1,1110,0.0
Portfolio 1,1111,10845671.861959005
Portfolio 1,1112,0.0
Portfolio 1,1113,0.0
Portfolio 1,1114,0.0
Portfolio 1,1115,0.0
Portfolio 1,1116,0.0
Portfolio 1,1117,0.0
Portfolio 1,1118,0.0
Portfolio 1,1119,0.0
Portfolio 1,1120,0.0
Portfolio 1,1121,0.0
Portfolio 1,1122,13158355.870652435
Portfolio 1,1123,0.0
Portfolio 1,1124,0.0
Portfolio 1,1125,0.0
Portfolio 1,1126,12178320.841756614
Portfolio 1,1127,0.0
Portfolio 1,1128,29689107.414692335
Portfolio 1,1129,2999238.710377632
Portfolio 1,1130,0.0
Portfolio 1,1131,0.0
Portfolio 1,1132,0.0
Portfolio 1,1133,0.0
Portfolio 1,1134,15330368.52571554
Portfolio 1,1135,0.0
Portfolio 1,1136,0.0
Portfolio 1,1137,0.0
Portfolio 1,1138,0.0
Portfolio 1,1139,0.0
Portfolio 1,1140,0.0
Portfolio 1,1141,0.0
Portfolio 1,1142,0.0
Portfolio 1,1143,0.0
Portfolio 1,1144,5960573.837092887
Portfolio 1,1145,0.0
Portfolio 1,1146,0.0
Portfolio 1,1147,0.0
Portfolio 1,1148,9097016.890408562
Portfolio 1,1149,0.0
Portfolio 1,1150,15127461.929963065
Portfolio 1,1151,3909670.548554421
Portfolio 1,1152,41865840.77307708
Portfolio 1,1153,11340343.460939737
Portfolio 1,1154,0.0
Portfolio 1,1155,0.0
Portfolio 1,1156,7384177.026644446
Portfolio 1,1157,10845671.861959005
Portfolio 1,1158,0.0
Portfolio 1,1159,0.0
Portfolio 1,1160,0.0
Portfolio 1,1161,6316554.945955662
Portfolio 1,1162,0.0
Portfolio 1,1163,32566866.266877383
Portfolio 1,1164,21194886.44261974
Portfolio 1,1165,0.0
Portfolio 1,1166,0.0
Portfolio 1,1167,0.0
Portfolio 1,1168,0.0
Portfolio 1,1169,0.0
Portfolio 1,1170,0.0
Portfolio 1,1171,0.0
Portfolio 1,1172,17510906.764428075
Portfolio 1,1173,0.0
Portfolio 1,1174,0.0
Portfolio 1,1175,10845671.861959005
Portfolio 1,1176,0.0
Portfolio 1,1177,3909670.548554421
Portfolio 1,1178,14439093.40519818
Portfolio 1,1179,10845671.861959005
Portfolio 1,1180,0.0
Portfolio 1,1181,11428295.851894356
Portfolio 1,1182,0.0
Portfolio 1,1183,3909670.548554421
Portfolio 1,1184,21013624.42033513
Portfolio 1,1185,15035003.375447877
Portfolio 1,1186,10845671.861959005
Portfolio 1,1187,5182259.577388579
Portfolio 1,1188,10845671.861959005
Portfolio 1,1189,0.0
Portfolio 1,1190,11340343.460939737
Portfolio 1,1191,0.0
Portfolio 1,1192,14199271.723999074
Portfolio 1,1193,0.0
Portfolio 1,1194,19592581.919011
Portfolio 1,1195,23827461.710383736
Portfolio 1,1196,0.0
Portfolio 1,1197,0.0
Portfolio 1,1198,17510906.764428075
Portfolio 1,1199,0.0
Portfolio 1,1200,0.0
Portfolio 1,1201,0.0
Portfolio 1,1202,0.0
Portfolio 1,1203,0.0
Portfolio 1,1204,0.0
Portfolio 1,1205,15330368.52571554
Portfolio 1,1206,19946002.339646347
Portfolio 1,1207,5864517.916904203
Portfolio 1,1208,0.0
Portfolio 1,1209,10845671.861959005
Portfolio 1,1210,2999238.710377632
Portfolio 1,1211,15330368.52571554
Portfolio 1,1212,42239880.187211365
Portfolio 1,1213,0.0
Portfolio 1,1214,0.0
Portfolio 1,1215,6316554.945955662
Portfolio 1,1216,0.0
Portfolio 1,1217,0.0
Portfolio 1,1218,0.0
Portfolio 1,1219,17455059.878443703
Portfolio 1,1220,0.0
Portfolio 1,1221,26670711.986655276
Portfolio 1,1222,0.0
Portfolio 1,1223,0.0
Portfolio 1,1224,8868899.02430052
Portfolio 1,1225,10845671.861959005
Portfolio 1,1226,0.0
Portfolio 1,1227,5864517.916904203
Portfolio 1,1228,0.0
Portfolio 1,1229,0.0
Portfolio 1,1230,0.0
Portfolio 1,1231,15293720.473836454
Portfolio 1,1232,6316554.945955662
Portfolio 1,1233,17455059.878443703
Portfolio 1,1234,0.0
Portfolio 1,1235,0.0
Portfolio 1,1236,0.0
Portfolio 1,1237,15127461.929963065
Portfolio 1,1238,12178320.841756614
Portfolio 1,1239,0.0
Portfolio 1,1240,0.0
Portfolio 1,1241,36533780.55198471
Portfolio 1,1242,0.0
Portfolio 1,1243,27508689.367472153
Portfolio 1,1244,17363332.440248445
Portfolio 1,1245,0.0
Portfolio 1,1246,23518664.30269635
Portfolio 1,1247,0.0
Portfolio 1,1248,22186015.32289874
Portfolio 1,1249,0.0
Portfolio 1,1250,39165428.11083251
Portfolio 1,1251,0.0
Portfolio 1,1252,9097016.890408562
Portfolio 1,1253,3909670.548554421
Portfolio 1,1254,0.0
Portfolio 1,1255,0.0
Portfolio 1,1256,3909670.548554421
Portfolio 1,1257,0.0
Portfolio 1,1258,0.0
Portfolio 1,1259,22052596.478013936
Portfolio 1,1260,0.0
Portfolio 1,1261,0.0
Portfolio 1,1262,0.0
Portfolio 1,1263,0.0
Portfolio 1,1264,34150335.7175197
Portfolio 1,1265,2999238.710377632
Portfolio 1,1266,40087613.18962079
Portfolio 1,1267,7613503.072815756
Portfolio 1,1268,0.0
Portfolio 1,1269,0.0
Portfolio 1,1270,0.0
Portfolio 1,1271,0.0
Portfolio 1,1272,0.0
Portfolio 1,1273,11428295.851894356
Portfolio 1,1274,11825091.75399709
Portfolio 1,1275,0.0
Portfolio 1,1276,0.0
Portfolio 1,1277,0.0
Portfolio 1,1278,0.0
Portfolio 1,1279,0.0
Portfolio 1,1280,0.0
Portfolio 1,1281,17887016.937871613
Portfolio 1,1282,0.0
Portfolio 1,1283,0.0
Portfolio 1,1284,0.0
Portfolio 1,1285,16463413.74832005
Portfolio 1,1286,14220223.93252826
Portfolio 1,1287,32450072.821131706
Portfolio 1,1288,0.0
Portfolio 1,1289,0.0
Portfolio 1,1290,21685502.254664667
Portfolio 1,1291,0.0
Portfolio 1,1292,0.0
Portfolio 1,1293,10502839.911227165
Portfolio 1,1294,5960573.837092887
Portfolio 1,1295,13629447.393690683
Portfolio 1,1296,0.0
Portfolio 1,1297,0.0
Portfolio 1,1298,7384177.026644446
Portfolio 1,1299,0.0
Portfolio 1,1300,0.0
Portfolio 1,1301,8868899.02430052
Portfolio 1,1302,2999238.710377632
Portfolio 1,1303,13158355.870652435
Portfolio 1,1304,5182259.577388579
Portfolio 1,1305,0.0
Portfolio 1,1306,13844910.572336636
Portfolio 1,1307,0.0
Portfolio 1,1308,0.0
Portfolio 1,1309,7384177.026644446
Portfolio 1,1310,5395283.542444266
Portfolio 1,1311,0.0
Portfolio 1,1312,0.0
Portfolio 1,1313,0.0
Portfolio 1,1314,0.0
Portfolio 1,1315,0.0
Portfolio 1,1316,13700731.972600108
Portfolio 1,1317,0.0
Portfolio 1,1318,0.0
Portfolio 1,1319,0.0
Portfolio 1,1320,0.0
Portfolio 1,1321,5182259.577388579
Portfolio 1,1322,0.0
Portfolio 1,1323,0.0
Portfolio 1,1324,9097016.890408562
Portfolio 1,1325,10502839.911227165
Portfolio 1,1326,34221096.543291286
Portfolio 1,1327,34040923.7176473
Portfolio 1,1328,0.0
Portfolio 1,1329,13158355.870652435
Portfolio 1,1330,0.0
Portfolio 1,1331,0.0
Portfolio 1,1332,0.0
Portfolio 1,1333,5864517.916904203
Portfolio 1,1334,0.0
Portfolio 1,1335,0.0
Portfolio 1,1336,0.0
Portfolio 1,1337,5182259.577388579
Portfolio 1,1338,7613503.072815756
Portfolio 1,1339,0.0
Portfolio 1,1340,0.0
Portfolio 1,1341,10723682.894710481
Portfolio 1,1342,38249174.08852593
Portfolio 1,1343,0.0
Portfolio 1,1344,0.0
Portfolio 1,1345,0.0
Portfolio 1,1346,72321867.50850785
Portfolio 1,1347,21843183.3721669
Portfolio 1,1348,0.0
Portfolio 1,1349,15330368.52571554
Portfolio 1,1350,0.0
Portfolio 1,1351,0.0
Portfolio 1,1352,28283698.318996526
Portfolio 1,1353,0.0
Portfolio 1,1354,0.0
Portfolio 1,1355,31894153.283641882
Portfolio 1,1356,79863662.62278797
Portfolio 1,1357,11355857.379537154
Portfolio 1,1358,0.0
Portfolio 1,1359,21812774.79681483
Portfolio 1,1360,0.0
Portfolio 1,1361,10502839.911227165
Portfolio 1,1362,0.0
Portfolio 1,1363,0.0
Portfolio 1,1364,12178320.841756614
Portfolio 1,1365,0.0
Portfolio 1,1366,0.0
Portfolio 1,1367,17455059.878443703
Portfolio 1,1368,22714545.552359983
Portfolio 1,1369,9097016.890408562
Portfolio 1,1370,13629447.393690683
Portfolio 1,1371,0.0
Portfolio 1,1372,0.0
Portfolio 1,1373,34529945.4398799
Portfolio 1,1374,0.0
Portfolio 1,1375,0.0
Portfolio 1,1376,0.0
Portfolio 1,1377,0.0
Portfolio 1,1378,3909670.548554421
Portfolio 1,1379,0.0
Portfolio 1,1380,0.0
Portfolio 1,1381,0.0
Portfolio 1,1382,0.0
Portfolio 1,1383,0.0
Portfolio 1,1384,0.0
Portfolio 1,1385,0.0
Portfolio 1,1386,0.0
Portfolio 1,1387,0.0
Portfolio 1,1388,0.0
Portfolio 1,1389,0.0
Portfolio 1,1390,0.0
Portfolio 1,1391,0.0
Portfolio 1,1392,0.0
Portfolio 1,1393,0.0
Portfolio 1,1394,0.0
Portfolio 1,1395,14220223.93252826
Portfolio 1,1396,0.0
Portfolio 1,1397,0.0
Portfolio 1,1398,5960573.837092887
Portfolio 1,1399,0.0
Portfolio 1,1400,15035003.375447877
Portfolio 1,1401,0.0
Portfolio 1,1402,0.0
Portfolio 1,1403,0.0
Portfolio 1,1404,11340343.460939737
Portfolio 1,1405,0.0
Portfolio 1,1406,22255372.761060998
Portfolio 1,1407,11340343.460939737
Portfolio 1,1408,0.0
Portfolio 1,1409,0.0
Portfolio 1,1410,0.0
Portfolio 1,1411,0.0
Portfolio 1,1412,0.0
Portfolio 1,1413,0.0
Portfolio 1,1414,0.0
Portfolio 1,1415,0.0
Portfolio 1,1416,0.0
Portfolio 1,1417,5182259.577388579
Portfolio 1,1418,0.0
Portfolio 1,1419,0.0
Portfolio 1,1420,0.0
Portfolio 1,1421,0.0
Portfolio 1,1422,0.0
Portfolio 1,1423,0.0
Portfolio 1,1424,0.0
Portfolio 1,1425,0.0
Portfolio 1,1426,14498053.233721873
Portfolio 1,1427,0.0
Portfolio 1,1428,35840514.00052125
Portfolio 1,1429,16588200.811614685
Portfolio 1,1430,5843298.617235378
Portfolio 1,1431,0.0
Portfolio 1,1432,31710178.488427147
Portfolio 1,1433,0.0
Portfolio 1,1434,20771858.94346819
Portfolio 1,1435,11707816.534139581
Portfolio 1,1436,0.0
Portfolio 1,1437,0.0
Portfolio 1,1438,10723682.894710481
Portfolio 1,1439,0.0
Portfolio 1,1440,0.0
Portfolio 1,1441,0.0
Portfolio 1,1442,0.0
Portfolio 1,1443,0.0
Portfolio 1,1444,11340343.460939737
Portfolio 1,1445,0.0
Portfolio 1,1446,25692478.418639142
Portfolio 1,1447,17455059.878443703
Portfolio 1,1448,0.0
Portfolio 1,1449,0.0
Portfolio 1,1450,0.0
Portfolio 1,1451,0.0
Portfolio 1,1452,0.0
Portfolio 1,1453,0.0
Portfolio 1,1454,0.0
Portfolio 1,1455,0.0
Portfolio 1,1456,5864517.916904203
Portfolio 1,1457,0.0
Portfolio 1,1458,5395283.542444266
Portfolio 1,1459,0.0
Portfolio 1,1460,0.0
Portfolio 1,1461,0.0
Portfolio 1,1462,10723682.894710481
Portfolio 1,1463,7613503.072815756
Portfolio 1,1464,8868899.02430052
Portfolio 1,1465,5182259.577388579
Portfolio 1,1466,0.0
Portfolio 1,1467,0.0
Portfolio 1,1468,0.0
Portfolio 1,1469,7384177.026644446
Portfolio 1,1470,0.0
Portfolio 1,1471,14220223.93252826
Portfolio 1,1472,0.0
Portfolio 1,1473,0.0
Portfolio 1,1474,5864517.916904203
Portfolio 1,1475,15330368.52571554
Portfolio 1,1476,0.0
Portfolio 1,1477,0.0
Portfolio 1,1478,0.0
Portfolio 1,1479,37842007.48232305
Portfolio 1,1480,5182259.577388579
Portfolio 1,1481,0.0
Portfolio 1,1482,0.0
Portfolio 1,1483,0.0
Portfolio 1,1484,5395283.542444266
Portfolio 1,1485,0.0
Portfolio 1,1486,0.0
Portfolio 1,1487,15685099.488615744
Portfolio 1,1488,17271594.469129734
Portfolio 1,1489,5182259.577388579
Portfolio 1,1490,0.0
Portfolio 1,1491,14439093.40519818
Portfolio 1,1492,0.0
Portfolio 1,1493,14199271.723999074
Portfolio 1,1494,0.0
Portfolio 1,1495,0.0
Portfolio 1,1496,0.0
Portfolio 1,1497,0.0
Portfolio 1,1498,0.0
Portfolio 1,1499,0.0
Portfolio 1,1500,14439093.40519818
Portfolio 1,1501,0.0
Portfolio 1,1502,0.0
Portfolio 1,1503,24702111.63522624
Portfolio 1,1504,0.0
Portfolio 1,1505,0.0
Portfolio 1,1506,15035003.375447877
Portfolio 1,1507,0.0
Portfolio 1,1508,0.0
Portfolio 1,1509,0.0
Portfolio 1,1510,10723682.894710481
Portfolio 1,1511,27187096.64303053
Portfolio 1,1512,35637607.40476877
Portfolio 1,1513,14829472.861393407
Portfolio 1,1514,25548013.359085202
Portfolio 1,1515,0.0
Portfolio 1,1516,0.0
Portfolio 1,1517,0.0
Portfolio 1,1518,0.0
Portfolio 1,1519,0.0
Portfolio 1,1520,0.0
Portfolio 1,1521,0.0
Portfolio 1,1522,0.0
Portfolio 1,1523,0.0
Portfolio 1,1524,5960573.837092887
Portfolio 1,1525,7613503.072815756
Portfolio 1,1526,0.0
Portfolio 1,1527,0.0
Portfolio 1,1528,0.0
Portfolio 1,1529,0.0
Portfolio 1,1530,38195484.63992484
Portfolio 1,1531,0.0
Portfolio 1,1532,18116342.98404292
Portfolio 1,1533,0.0
Portfolio 1,1534,0.0
Portfolio 1,1535,10845671.861959005
Portfolio 1,1536,35338614.69755026
Portfolio 1,1537,0.0
Portfolio 1,1538,0.0
Portfolio 1,1539,16784890.311201133
Portfolio 1,1540,52108287.81678466
Portfolio 1,1541,0.0
Portfolio 1,1542,0.0
Portfolio 1,1543,0.0
Portfolio 1,1544,22255372.761060998
Portfolio 1,1545,0.0
Portfolio 1,1546,0.0
Portfolio 1,1547,13158355.870652435
Portfolio 1,1548,0.0
Portfolio 1,1549,15330368.52571554
Portfolio 1,1550,0.0
Portfolio 1,1551,10723682.894710481
Portfolio 1,1552,0.0
Portfolio 1,1553,0.0
Portfolio 1,1554,23996360.954263583
Portfolio 1,1555,15293720.473836454
Portfolio 1,1556,0.0
Portfolio 1,1557,0.0
Portfolio 1,1558,0.0
Portfolio 1,1559,0.0
Portfolio 1,1560,15127461.929963065
Portfolio 1,1561,0.0
Portfolio 1,1562,0.0
Portfolio 1,1563,42495736.83025039
Portfolio 1,1564,0.0
Portfolio 1,1565,11428295.851894356
Portfolio 1,1566,0.0
Portfolio 1,1567,15293720.473836454
Portfolio 1,1568,11340343.460939737
Portfolio 1,1569,8868899.02430052
Portfolio 1,1570,0.0
Portfolio 1,1571,0.0
Portfolio 1,1572,20899521.29235208
Portfolio 1,1573,0.0
Portfolio 1,1574,5843298.617235378
Portfolio 1,1575,5182259.577388579
Portfolio 1,1576,28748907.45364257
Portfolio 1,1577,10845671.861959005
Portfolio 1,1578,0.0
Portfolio 1,1579,11340343.460939737
Portfolio 1,1580,0.0
Portfolio 1,1581,0.0
Portfolio 1,1582,0.0
Portfolio 1,1583,11340343.460939737
Portfolio 1,1584,0.0
Portfolio 1,1585,17510906.764428075
Portfolio 1,1586,7384177.026644446
Portfolio 1,1587,0.0
Portfolio 1,1588,5182259.577388579
Portfolio 1,1589,23661195.7818796
Portfolio 1,1590,0.0
Portfolio 1,1591,14199271.723999074
Portfolio 1,1592,38082915.54465254
Portfolio 1,1593,0.0
Portfolio 1,1594,0.0
Portfolio 1,1595,24475119.255649686
Portfolio 1,1596,5960573.837092887
Portfolio 1,1597,0.0
Portfolio 1,1598,0.0
Portfolio 1,1599,0.0
Portfolio 1,1600,0.0
Portfolio 1,1601,16806245.69905189
Portfolio 1,1602,0.0
Portfolio 1,1603,0.0
Portfolio 1,1604,6316554.945955662
Portfolio 1,1605,0.0
Portfolio 1,1606,0.0
Portfolio 1,1607,25833208.436942704
Portfolio 1,1608,0.0
Portfolio 1,1609,0.0
Portfolio 1,1610,7384177.026644446
Portfolio 1,1611,0.0
Portfolio 1,1612,0.0
Portfolio 1,1613,0.0
Portfolio 1,1614,0.0
Portfolio 1,1615,0.0
Portfolio 1,1616,0.0
Portfolio 1,1617,0.0
Portfolio 1,1618,0.0
Portfolio 1,1619,0.0
Portfolio 1,1620,14439093.40519818
Portfolio 1,1621,0.0
Portfolio 1,1622,13158355.870652435
Portfolio 1,1623,0.0
Portfolio 1,1624,0.0
Portfolio 1,1625,0.0
Portfolio 1,1626,0.0
Portfolio 1,1627,0.0
Portfolio 1,1628,0.0
Portfolio 1,1629,0.0
Portfolio 1,1630,0.0
Portfolio 1,1631,11428295.851894356
Portfolio 1,1632,0.0
Portfolio 1,1633,18138894.6788495
Portfolio 1,1634,0.0
Portfolio 1,1635,10502839.911227165
Portfolio 1,1636,0.0
Portfolio 1,1637,0.0
Portfolio 1,1638,11340343.460939737
Portfolio 1,1639,0.0
Portfolio 1,1640,0.0
Portfolio 1,1641,30624088.999551993
Portfolio 1,1642,0.0
Portfolio 1,1643,7384177.026644446
Portfolio 1,1644,0.0
Portfolio 1,1645,0.0
Portfolio 1,1646,0.0
Portfolio 1,1647,0.0
Portfolio 1,1648,0.0
Portfolio 1,1649,0.0
Portfolio 1,1650,0.0
Portfolio 1,1651,11340343.460939737
Portfolio 1,1652,14220223.93252826
Portfolio 1,1653,0.0
Portfolio 1,1654,9097016.890408562
Portfolio 1,1655,8868899.02430052
Portfolio 1,1656,0.0
Portfolio 1,1657,0.0
Portfolio 1,1658,0.0
Portfolio 1,1659,14733416.941204723
Portfolio 1,1660,0.0
Portfolio 1,1661,0.0
Portfolio 1,1662,0.0
Portfolio 1,1663,11142833.414481465
Portfolio 1,1664,0.0
Portfolio 1,1665,0.0
Portfolio 1,1666,0.0
Portfolio 1,1667,7384177.026644446
Portfolio 1,1668,0.0
Portfolio 1,1669,0.0
Portfolio 1,1670,0.0
Portfolio 1,1671,0.0
Portfolio 1,1672,0.0
Portfolio 1,1673,0.0
Portfolio 1,1674,10845671.861959005
Portfolio 1,1675,0.0
Portfolio 1,1676,5960573.837092887
Portfolio 1,1677,5182259.577388579
Portfolio 1,1678,0.0
Portfolio 1,1679,0.0
Portfolio 1,1680,0.0
Portfolio 1,1681,0.0
Portfolio 1,1682,0.0
Portfolio 1,1683,0.0
Portfolio 1,1684,15035003.375447877
Portfolio 1,1685,0.0
Portfolio 1,1686,0.0
Portfolio 1,1687,0.0
Portfolio 1,1688,0.0
Portfolio 1,1689,0.0
Portfolio 1,1690,17510906.764428075
Portfolio 1,1691,0.0
Portfolio 1,1692,0.0
Portfolio 1,1693,5864517.916904203
Portfolio 1,1694,17204861.37784394
Portfolio 1,1695,0.0
Portfolio 1,1696,0.0
Portfolio 1,1697,0.0
Portfolio 1,1698,0.0
Portfolio 1,1699,0.0
Portfolio 1,1700,0.0
Portfolio 1,1701,0.0
Portfolio 1,1702,0.0
Portfolio 1,1703,0.0
Portfolio 1,1704,10845671.861959005
Portfolio 1,1705,0.0
Portfolio 1,1706,0.0
Portfolio 1,1707,0.0
Portfolio 1,1708,0.0
Portfolio 1,1709,16735627.003384003
Portfolio 1,1710,11340343.460939737
Portfolio 1,1711,0.0
Portfolio 1,1712,0.0
Portfolio 1,1713,8868899.02430052
Portfolio 1,1714,0.0
Portfolio 1,1715,0.0
Portfolio 1,1716,0.0
Portfolio 1,1717,0.0
Portfolio 1,1718,0.0
Portfolio 1,1719,0.0
Portfolio 1,1720,8868899.02430052
Portfolio 1,1721,0.0
Portfolio 1,1722,0.0
Portfolio 1,1723,0.0
Portfolio 1,1724,0.0
Portfolio 1,1725,0.0
Portfolio 1,1726,2999238.710377632
Portfolio 1,1727,0.0
Portfolio 1,1728,0.0
Portfolio 1,1729,5182259.577388579
Portfolio 1,1730,0.0
Portfolio 1,1731,0.0
Portfolio 1,1732,16463413.74832005
Portfolio 1,1733,23606616.69365097
Portfolio 1,1734,0.0
Portfolio 1,1735,2999238.710377632
Portfolio 1,1736,15293720.473836454
Portfolio 1,1737,17204861.37784394
Portfolio 1,1738,27357627.59465151
Portfolio 1,1739,0.0
Portfolio 1,1740,0.0
Portfolio 1,1741,0.0
Portfolio 1,1742,0.0
Portfolio 1,1743,0.0
Portfolio 1,1744,0.0
Portfolio 1,1745,0.0
Portfolio 1,1746,0.0
Portfolio 1,1747,0.0
Portfolio 1,1748,0.0
Portfolio 1,1749,0.0
Portfolio 1,1750,0.0
Portfolio 1,1751,39108472.69891459
Portfolio 1,1752,0.0
Portfolio 1,1753,0.0
Portfolio 1,1754,52391873.49478646
Portfolio 1,1755,0.0
Portfolio 1,1756,0.0
Portfolio 1,1757,0.0
Portfolio 1,1758,0.0
Portfolio 1,1759,0.0
Portfolio 1,1760,0.0
Portfolio 1,1761,0.0
Portfolio 1,1762,0.0
Portfolio 1,1763,0.0
Portfolio 1,1764,33538838.20377566
Portfolio 1,1765,0.0
Portfolio 1,1766,5182259.577388579
Portfolio 1,1767,0.0
Portfolio 1,1768,0.0
Portfolio 1,1769,0.0
Portfolio 1,1770,0.0
Portfolio 1,1771,0.0
Portfolio 1,1772,0.0
Portfolio 1,1773,0.0
Portfolio 1,1774,0.0
Portfolio 1,1775,0.0
Portfolio 1,1776,34995139.30850519
Portfolio 1,1777,20084741.84943246
Portfolio 1,1778,0.0
Portfolio 1,1779,13629447.393690683
Portfolio 1,1780,0.0
Portfolio 1,1781,10626806.427649977
Portfolio 1,1782,13158355.870652435
Portfolio 1,1783,18126700.640340697
Portfolio 1,1784,0.0
Portfolio 1,1785,10845671.861959005
Portfolio 1,1786,30429950.33978217
Portfolio 1,1787,5843298.617235378
Portfolio 1,1788,0.0
Portfolio 1,1789,0.0
Portfolio 1,1790,0.0
Portfolio 1,1791,38524531.18476321
Portfolio 1,1792,0.0
Portfolio 1,1793,5444546.850261398
Portfolio 1,1794,0.0
Portfolio 1,1795,0.0
Portfolio 1,1796,0.0
Portfolio 1,1797,0.0
Portfolio 1,1798,8868899.02430052
Portfolio 1,1799,0.0
Portfolio 1,1800,0.0
Portfolio 1,1801,0.0
Portfolio 1,1802,0.0
Portfolio 1,1803,37290376.136508875
Portfolio 1,1804,23509527.350190148
Portfolio 1,1805,18129894.48108268
Portfolio 1,1806,5864517.916904203
Portfolio 1,1807,3909670.548554421
Portfolio 1,1808,5182259.577388579
Portfolio 1,1809,3909670.548554421
Portfolio 1,1810,0.0
Portfolio 1,1811,0.0
Portfolio 1,1812,0.0
Portfolio 1,1813,0.0
Portfolio 1,1814,0.0
Portfolio 1,1815,0.0
Portfolio 1,1816,0.0
Portfolio 1,1817,39683498.8141167
Portfolio 1,1818,0.0
Portfolio 1,1819,19073994.24395208
Portfolio 1,1820,24162619.498136975
Portfolio 1,1821,0.0
Portfolio 1,1822,13629447.393690683
Portfolio 1,1823,0.0
Portfolio 1,1824,0.0
Portfolio 1,1825,0.0
Portfolio 1,1826,0.0
Portfolio 1,1827,0.0
Portfolio 1,1828,0.0
Portfolio 1,1829,7613503.072815756
Portfolio 1,1830,0.0
Portfolio 1,1831,0.0
Portfolio 1,1832,7384177.026644446
Portfolio 1,1833,0.0
Portfolio 1,1834,0.0
Portfolio 1,1835,0.0
Portfolio 1,1836,0.0
Portfolio 1,1837,23307992.4294987
Portfolio 1,1838,0.0
Portfolio 1,1839,0.0
Portfolio 1,1840,0.0
Portfolio 1,1841,13158355.870652435
Portfolio 1,1842,37228416.514450505
Portfolio 1,1843,7384177.026644446
Portfolio 1,1844,0.0
Portfolio 1,1845,0.0
Portfolio 1,1846,14220223.93252826
Portfolio 1,1847,0.0
Portfolio 1,1848,22681160.75298378
Portfolio 1,1849,0.0
Portfolio 1,1850,3909670.548554421
Portfolio 1,1851,0.0
Portfolio 1,1852,0.0
Portfolio 1,1853,34199877.24362246
Portfolio 1,1854,0.0
Portfolio 1,1855,0.0
Portfolio 1,1856,0.0
Portfolio 1,1857,0.0
Portfolio 1,1858,0.0
Portfolio 1,1859,0.0
Portfolio 1,1860,0.0
Portfolio 1,1861,0.0
Portfolio 1,1862,0.0
Portfolio 1,1863,0.0
Portfolio 1,1864,23317240.82293682
Portfolio 1,1865,0.0
Portfolio 1,1866,20774915.375976935
Portfolio 1,1867,0.0
Portfolio 1,1868,0.0
Portfolio 1,1869,0.0
Portfolio 1,1870,28883355.73033806
Portfolio 1,1871,0.0
Portfolio 1,1872,0.0
Portfolio 1,1873,5864517.916904203
Portfolio 1,1874,0.0
Portfolio 1,1875,0.0
Portfolio 1,1876,0.0
Portfolio 1,1877,3909670.548554421
Portfolio 1,1878,0.0
Portfolio 1,1879,43989685.863441974
Portfolio 1,1880,0.0
Portfolio 1,1881,0.0
Portfolio 1,1882,0.0
Portfolio 1,1883,0.0
Portfolio 1,1884,0.0
Portfolio 1,1885,0.0
Portfolio 1,1886,0.0
Portfolio 1,1887,7613503.072815756
Portfolio 1,1888,0.0
Portfolio 1,1889,0.0
Portfolio 1,1890,0.0
Portfolio 1,1891,0.0
Portfolio 1,1892,0.0
Portfolio 1,1893,0.0
Portfolio 1,1894,0.0
Portfolio 1,1895,0.0
Portfolio 1,1896,11428295.851894356
Portfolio 1,1897,0.0
Portfolio 1,1898,0.0
Portfolio 1,1899,0.0
Portfolio 1,1900,0.0
Portfolio 1,1901,0.0
Portfolio 1,1902,0.0
Portfolio 1,1903,5182259.577388579
Portfolio 1,1904,0.0
Portfolio 1,1905,0.0
Portfolio 1,1906,0.0
Portfolio 1,1907,46705342.58013968
Portfolio 1,1908,18811706.97107926
Portfolio 1,1909,0.0
Portfolio 1,1910,0.0
Portfolio 1,1911,0.0
Portfolio 1,1912,0.0
Portfolio 1,1913,0.0
Portfolio 1,1914,0.0
Portfolio 1,1915,8868899.02430052
Portfolio 1,1916,0.0
Portfolio 1,1917,0.0
Portfolio 1,1918,14199271.723999074
Portfolio 1,1919,0.0
Portfolio 1,1920,5960573.837092887
Portfolio 1,1921,28419495.656527333
Portfolio 1,1922,0.0
Portfolio 1,1923,0.0
Portfolio 1,1924,0.0
Portfolio 1,1925,0.0
Portfolio 1,1926,5444546.850261398
Portfolio 1,1927,45404361.78458014
Portfolio 1,1928,0.0
Portfolio 1,1929,0.0
Portfolio 1,1930,0.0
Portfolio 1,1931,25427015.78530526
Portfolio 1,1932,0.0
Portfolio 1,1933,10502839.911227165
Portfolio 1,1934,5444546.850261398
Portfolio 1,1935,0.0
Portfolio 1,1936,31067779.509266496
Portfolio 1,1937,0.0
Portfolio 1,1938,0.0
Portfolio 1,1939,0.0
Portfolio 1,1940,0.0
Portfolio 1,1941,0.0
Portfolio 1,1942,5395283.542444266
Portfolio 1,1943,0.0
Portfolio 1,1944,0.0
Portfolio 1,1945,0.0
Portfolio 1,1946,0.0
Portfolio 1,1947,0.0
Portfolio 1,1948,0.0
Portfolio 1,1949,0.0
Portfolio 1,1950,0.0
Portfolio 1,1951,0.0
Portfolio 1,1952,0.0
Portfolio 1,1953,11428295.851894356
Portfolio 1,1954,3909670.548554421
Portfolio 1,1955,0.0
Portfolio 1,1956,0.0
Portfolio 1,1957,35344371.193551175
Portfolio 1,1958,0.0
Portfolio 1,1959,0.0
Portfolio 1,1960,10502839.911227165
Portfolio 1,1961,0.0
Portfolio 1,1962,0.0
Portfolio 1,1963,0.0
Portfolio 1,1964,0.0
Portfolio 1,1965,20542532.897296883
Portfolio 1,1966,0.0
Portfolio 1,1967,0.0
Portfolio 1,1968,0.0
Portfolio 1,1969,0.0
Portfolio 1,1970,0.0
Portfolio 1,1971,0.0
Portfolio 1,1972,103846128.85701159
Portfolio 1,1973,0.0
Portfolio 1,1974,0.0
Portfolio 1,1975,0.0
Portfolio 1,1976,0.0
Portfolio 1,1977,0.0
Portfolio 1,1978,5395283.542444266
Portfolio 1,1979,37116365.6881367
Portfolio 1,1980,0.0
Portfolio 1,1981,0.0
Portfolio 1,1982,15127461.929963065
Portfolio 1,1983,5444546.850261398
Portfolio 1,1984,0.0
Portfolio 1,1985,0.0
Portfolio 1,1986,0.0
Portfolio 1,1987,0.0
Portfolio 1,1988,0.0
Portfolio 1,1989,19001654.487887815
Portfolio 1,1990,17510906.764428075
Portfolio 1,1991,0.0
Portfolio 1,1992,11340343.460939737
Portfolio 1,1993,0.0
Portfolio 1,1994,0.0
Portfolio 1,1995,0.0
Portfolio 1,1996,0.0
Portfolio 1,1997,15127461.929963065
Portfolio 1,1998,0.0
Portfolio 1,1999,0.0
Portfolio 1,2000,0.0
Portfolio 1,2001,5960573.837092887
Portfolio 1,2002,0.0
Portfolio 1,2003,0.0
Portfolio 1,2004,0.0
Portfolio 1,2005,38571113.67105462
Portfolio 1,2006,0.0
Portfolio 1,2007,13629447.393690683
Portfolio 1,2008,15177559.552134246
Portfolio 1,2009,0.0
Portfolio 1,2010,0.0
Portfolio 1,2011,36370412.3964695
Portfolio 1,2012,0.0
Portfolio 1,2013,0.0
Portfolio 1,2014,0.0
Portfolio 1,2015,0.0
Portfolio 1,2016,9097016.890408562
Portfolio 1,2017,5960573.837092887
Portfolio 1,2018,60588557.540413424
Portfolio 1,2019,0.0
Portfolio 1,2020,5395283.542444266
Portfolio 1,2021,0.0
Portfolio 1,2022,0.0
Portfolio 1,2023,0.0
Portfolio 1,2024,45640236.507198565
Portfolio 1,2025,57140248.51010017
Portfolio 1,2026,0.0
Portfolio 1,2027,0.0
Portfolio 1,2028,0.0
Portfolio 1,2029,0.0
Portfolio 1,2030,5182259.577388579
Portfolio 1,2031,0.0
Portfolio 1,2032,0.0
Portfolio 1,2033,0.0
Portfolio 1,2034,0.0
Portfolio 1,2035,0.0
Portfolio 1,2036,0.0
Portfolio 1,2037,0.0
Portfolio 1,2038,14439093.40519818
Portfolio 1,2039,0.0
Portfolio 1,2040,13006687.438962983
Portfolio 1,2041,0.0
Portfolio 1,2042,27828719.11768976
Portfolio 1,2043,0.0
Portfolio 1,2044,0.0
Portfolio 1,2045,0.0
Portfolio 1,2046,11428295.851894356
Portfolio 1,2047,0.0
Portfolio 1,2048,16240955.404403271
Portfolio 1,2049,13006687.438962983
Portfolio 1,2050,0.0
Portfolio 1,2051,0.0
Portfolio 1,2052,0.0
Portfolio 1,2053,15035003.375447877
Portfolio 1,2054,15127461.929963065
Portfolio 1,2055,10723682.894710481
Portfolio 1,2056,36266766.84952296
Portfolio 1,2057,13629447.393690683
Portfolio 1,2058,11340343.460939737
Portfolio 1,2059,5864517.916904203
Portfolio 1,2060,0.0
Portfolio 1,2061,0.0
Portfolio 1,2062,0.0
Portfolio 1,2063,0.0
Portfolio 1,2064,0.0
Portfolio 1,2065,0.0
Portfolio 1,2066,20303611.322102383
Portfolio 1,2067,30940945.847546935
Portfolio 1,2068,0.0
Portfolio 1,2069,0.0
Portfolio 1,2070,0.0
Portfolio 1,2071,0.0
Portfolio 1,2072,0.0
Portfolio 1,2073,14439093.40519818
Portfolio 1,2074,0.0
Portfolio 1,2075,0.0
Portfolio 1,2076,0.0
Portfolio 1,2077,0.0
Portfolio 1,2078,0.0
Portfolio 1,2079,10626806.427649977
Portfolio 1,2080,15330368.52571554
Portfolio 1,2081,0.0
Portfolio 1,2082,0.0
Portfolio 1,2083,17204861.37784394
Portfolio 1,2084,14712197.641535897
Portfolio 1,2085,15127461.929963065
Portfolio 1,2086,42847583.47683712
Portfolio 1,2087,0.0
Portfolio 1,2088,5182259.577388579
Portfolio 1,2089,10845671.861959005
Portfolio 1,2090,0.0
Portfolio 1,2091,0.0
Portfolio 1,2092,9097016.890408562
Portfolio 1,2093,0.0
Portfolio 1,2094,17162226.807914667
Portfolio 1,2095,0.0
Portfolio 1,2096,0.0
Portfolio 1,2097,0.0
Portfolio 1,2098,0.0
Portfolio 1,2099,5843298.617235378
Portfolio 1,2100,0.0
Portfolio 1,2101,0.0
Portfolio 1,2102,0.0
Portfolio 1,2103,14199271.723999074
Portfolio 1,2104,0.0
Portfolio 1,2105,19041798.924710114
Portfolio 1,2106,0.0
Portfolio 1,2107,5395283.542444266
Portfolio 1,2108,0.0
Portfolio 1,2109,0.0
Portfolio 1,2110,0.0
Portfolio 1,2111,0.0
Portfolio 1,2112,0.0
Portfolio 1,2113,13629447.393690683
Portfolio 1,2114,15035003.375447877
Portfolio 1,2115,0.0
Portfolio 1,2116,0.0
Portfolio 1,2117,0.0
Portfolio 1,2118,5395283.542444266
Portfolio 1,2119,20063789.640903275
Portfolio 1,2120,0.0
Portfolio 1,2121,0.0
Portfolio 1,2122,0.0
Portfolio 1,2123,8868899.02430052
Portfolio 1,2124,0.0
Portfolio 1,2125,0.0
Portfolio 1,2126,3909670.548554421
Portfolio 1,2127,8868899.02430052
Portfolio 1,2128,0.0
Portfolio 1,2129,0.0
Portfolio 1,2130,10723682.894710481
Portfolio 1,2131,0.0
Portfolio 1,2132,5864517.916904203
Portfolio 1,2133,0.0
Portfolio 1,2134,5182259.577388579
Portfolio 1,2135,10845671.861959005
Portfolio 1,2136,0.0
Portfolio 1,2137,0.0
Portfolio 1,2138,0.0
Portfolio 1,2139,16253076.050944965
Portfolio 1,2140,23298358.49567908
Portfolio 1,2141,0.0
Portfolio 1,2142,15330368.52571554
Portfolio 1,2143,10723682.894710481
Portfolio 1,2144,0.0
Portfolio 1,2145,0.0
Portfolio 1,2146,5395283.542444266
Portfolio 1,2147,11340343.460939737
Portfolio 1,2148,13158355.870652435
Portfolio 1,2149,0.0
Portfolio 1,2150,14293086.2855765
Portfolio 1,2151,0.0
Portfolio 1,2152,0.0
Portfolio 1,2153,3909670.548554421
Portfolio 1,2154,32785428.40415924
Portfolio 1,2155,54814405.516871795
Portfolio 1,2156,14439093.40519818
Portfolio 1,2157,0.0
Portfolio 1,2158,14439093.40519818
Portfolio 1,2159,0.0
Portfolio 1,2160,0.0
Portfolio 1,2161,5864517.916904203
Portfolio 1,2162,13629447.393690683
Portfolio 1,2163,0.0
Portfolio 1,2164,0.0
Portfolio 1,2165,0.0
Portfolio 1,2166,0.0
Portfolio 1,2167,0.0
Portfolio 1,2168,7384177.026644446
Portfolio 1,2169,7384177.026644446
Portfolio 1,2170,7384177.026644446
Portfolio 1,2171,0.0
Portfolio 1,2172,15293720.473836454
Portfolio 1,2173,0.0
Portfolio 1,2174,0.0
Portfolio 1,2175,5864517.916904203
Portfolio 1,2176,0.0
Portfolio 1,2177,21173667.14295092
Portfolio 1,2178,0.0
Portfolio 1,2179,0.0
Portfolio 1,2180,0.0
Portfolio 1,2181,8868899.02430052
Portfolio 1,2182,0.0
Portfolio 1,2183,31140354.15811876
Portfolio 1,2184,0.0
Portfolio 1,2185,61730743.02592762
Portfolio 1,2186,0.0
Portfolio 1,2187,34911590.95154183
Portfolio 1,2188,5182259.577388579
Portfolio 1,2189,14439093.40519818
Portfolio 1,2190,0.0
Portfolio 1,2191,0.0
Portfolio 1,2192,0.0
Portfolio 1,2193,0.0
Portfolio 1,2194,0.0
Portfolio 1,2195,0.0
Portfolio 1,2196,5395283.542444266
Portfolio 1,2197,0.0
Portfolio 1,2198,0.0
Portfolio 1,2199,7384177.026644446
Portfolio 1,2200,0.0
Portfolio 1,2201,0.0
Portfolio 1,2202,0.0
Portfolio 1,2203,0.0
Portfolio 1,2204,5395283.542444266
Portfolio 1,2205,7384177.026644446
Portfolio 1,2206,0.0
Portfolio 1,2207,0.0
Portfolio 1,2208,5395283.542444266
Portfolio 1,2209,14439093.40519818
Portfolio 1,2210,0.0
Portfolio 1,2211,7613503.072815756
Portfolio 1,2212,0.0
Portfolio 1,2213,0.0
Portfolio 1,2214,0.0
Portfolio 1,2215,24498699.331592172
Portfolio 1,2216,0.0
Portfolio 1,2217,0.0
Portfolio 1,2218,2999238.710377632
Portfolio 1,2219,0.0
Portfolio 1,2220,0.0
Portfolio 1,2221,5182259.577388579
Portfolio 1,2222,11428295.851894356
Portfolio 1,2223,5960573.837092887
Portfolio 1,2224,10723682.894710481
Portfolio 1,2225,20297194.876194876
Portfolio 1,2226,0.0
Portfolio 1,2227,0.0
Portfolio 1,2228,0.0
Portfolio 1,2229,44579134.39343208
Portfolio 1,2230,0.0
Portfolio 1,2231,0.0
Portfolio 1,2232,0.0
Portfolio 1,2233,81547837.25725761
Portfolio 1,2234,0.0
Portfolio 1,2235,0.0
Portfolio 1,2236,14997680.099460203
Portfolio 1,2237,0.0
Portfolio 1,2238,27597449.275850616
Portfolio 1,2239,14199271.723999074
Portfolio 1,2240,0.0
Portfolio 1,2241,0.0
Portfolio 1,2242,0.0
Portfolio 1,2243,17510906.764428075
Portfolio 1,2244,24443255.586296357
Portfolio 1,2245,0.0
Portfolio 1,2246,0.0
Portfolio 1,2247,15127461.929963065
Portfolio 1,2248,5182259.577388579
Portfolio 1,2249,0.0
Portfolio 1,2250,0.0
Portfolio 1,2251,0.0
Portfolio 1,2252,0.0
Portfolio 1,2253,17668390.37123247
Portfolio 1,2254,0.0
Portfolio 1,2255,10845671.861959005
Portfolio 1,2256,0.0
Portfolio 1,2257,0.0
Portfolio 1,2258,0.0
Portfolio 1,2259,51320325.628438555
Portfolio 1,2260,0.0
Portfolio 1,2261,0.0
Portfolio 1,2262,0.0
Portfolio 1,2263,0.0
Portfolio 1,2264,13158355.870652435
Portfolio 1,2265,0.0
Portfolio 1,2266,0.0
Portfolio 1,2267,24004027.73261144
Portfolio 1,2268,12178320.841756614
Portfolio 1,2269,5182259.577388579
Portfolio 1,2270,0.0
Portfolio 1,2271,0.0
Portfolio 1,2272,11340343.460939737
Portfolio 1,2273,0.0
Portfolio 1,2274,0.0
Portfolio 1,2275,0.0
Portfolio 1,2276,0.0
Portfolio 1,2277,0.0
Portfolio 1,2278,21348511.77318617
Portfolio 1,2279,0.0
Portfolio 1,2280,0.0
Portfolio 1,2281,28488724.396367975
Portfolio 1,2282,22681160.75298378
Portfolio 1,2283,0.0
Portfolio 1,2284,24475119.255649686
Portfolio 1,2285,0.0
Portfolio 1,2286,0.0
Portfolio 1,2287,0.0
Portfolio 1,2288,0.0
Portfolio 1,2289,11340343.460939737
Portfolio 1,2290,0.0
Portfolio 1,2291,0.0
Portfolio 1,2292,0.0
Portfolio 1,2293,0.0
Portfolio 1,2294,5444546.850261398
Portfolio 1,2295,0.0
Portfolio 1,2296,0.0
Portfolio 1,2297,21420577.312982496
Portfolio 1,2298,0.0
Portfolio 1,2299,0.0
Portfolio 1,2300,22255372.761060998
Portfolio 1,2301,0.0
Portfolio 1,2302,24498699.331592172
Portfolio 1,2303,16253076.050944965
Portfolio 1,2304,0.0
Portfolio 1,2305,0.0
Portfolio 1,2306,0.0
Portfolio 1,2307,0.0
Portfolio 1,2308,0.0
Portfolio 1,2309,0.0
Portfolio 1,2310,5182259.577388579
Portfolio 1,2311,0.0
Portfolio 1,2312,0.0
Portfolio 1,2313,0.0
Portfolio 1,2314,0.0
Portfolio 1,2315,0.0
Portfolio 1,2316,0.0
Portfolio 1,2317,0.0
Portfolio 1,2318,0.0
Portfolio 1,2319,13629447.393690683
Portfolio 1,2320,11340343.460939737
Portfolio 1,2321,0.0
Portfolio 1,2322,0.0
Portfolio 1,2323,14439093.40519818
Portfolio 1,2324,0.0
Portfolio 1,2325,14199271.723999074
Portfolio 1,2326,0.0
Portfolio 1,2327,15330368.52571554
Portfolio 1,2328,0.0
Portfolio 1,2329,0.0
Portfolio 1,2330,7384177.026644446
Portfolio 1,2331,0.0
Portfolio 1,2332,0.0
Portfolio 1,2333,25057743.24558504
Portfolio 1,2334,0.0
Portfolio 1,2335,0.0
Portfolio 1,2336,0.0
Portfolio 1,2337,5960573.837092887
Portfolio 1,2338,0.0
Portfolio 1,2339,0.0
Portfolio 1,2340,0.0
Portfolio 1,2341,0.0
Portfolio 1,2342,13158355.870652435
Portfolio 1,2343,14439093.40519818
Portfolio 1,2344,22561736.57877869
Portfolio 1,2345,37546642.33205539
Portfolio 1,2346,0.0
Portfolio 1,2347,7613503.072815756
Portfolio 1,2348,28150281.951299675
Portfolio 1,2349,0.0
Portfolio 1,2350,0.0
Portfolio 1,2351,0.0
Portfolio 1,2352,0.0
Portfolio 1,2353,0.0
Portfolio 1,2354,15330368.52571554
Portfolio 1,2355,0.0
Portfolio 1,2356,0.0
Portfolio 1,2357,11340343.460939737
Portfolio 1,2358,10845671.861959005
Portfolio 1,2359,9091930.125943
Portfolio 1,2360,0.0
Portfolio 1,2361,5182259.577388579
Portfolio 1,2362,24498699.331592172
Portfolio 1,2363,5395283.542444266
Portfolio 1,2364,0.0
Portfolio 1,2365,0.0
Portfolio 1,2366,0.0
Portfolio 1,2367,0.0
Portfolio 1,2368,15293720.473836454
Portfolio 1,2369,13629447.393690683
Portfolio 1,2370,0.0
Portfolio 1,2371,7613503.072815756
Portfolio 1,2372,0.0
Portfolio 1,2373,0.0
Portfolio 1,2374,0.0
Portfolio 1,2375,0.0
Portfolio 1,2376,0.0
Portfolio 1,2377,0.0
Portfolio 1,2378,5843298.617235378
Portfolio 1,2379,5182259.577388579
Portfolio 1,2380,0.0
Portfolio 1,2381,9097016.890408562
Portfolio 1,2382,0.0
Portfolio 1,2383,0.0
Portfolio 1,2384,5960573.837092887
Portfolio 1,2385,2999238.710377632
Portfolio 1,2386,12178320.841756614
Portfolio 1,2387,0.0
Portfolio 1,2388,11025558.194623958
Portfolio 1,2389,0.0
Portfolio 1,2390,0.0
Portfolio 1,2391,0.0
Portfolio 1,2392,29633302.64515382
Portfolio 1,2393,12828723.876905844
Portfolio 1,2394,5960573.837092887
Portfolio 1,2395,0.0
Portfolio 1,2396,33591962.86805594
Portfolio 1,2397,0.0
Portfolio 1,2398,0.0
Portfolio 1,2399,0.0
Portfolio 1,2400,2999238.710377632
Portfolio 1,2401,9097016.890408562
Portfolio 1,2402,0.0
Portfolio 1,2403,0.0
Portfolio 1,2404,0.0
Portfolio 1,2405,0.0
Portfolio 1,2406,0.0
Portfolio 1,2407,27597449.275850616
Portfolio 1,2408,0.0
Portfolio 1,2409,0.0
Portfolio 1,2410,13158355.870652435
Portfolio 1,2411,0.0
Portfolio 1,2412,0.0
Portfolio 1,2413,13700731.972600108
Portfolio 1,2414,5444546.850261398
Portfolio 1,2415,0.0
Portfolio 1,2416,2999238.710377632
Portfolio 1,2417,0.0
Portfolio 1,2418,0.0
Portfolio 1,2419,0.0
Portfolio 1,2420,23882038.76536292
Portfolio 1,2421,0.0
Portfolio 1,2422,0.0
Portfolio 1,2423,0.0
Portfolio 1,2424,0.0
Portfolio 1,2425,16522603.038328316
Portfolio 1,2426,0.0
Portfolio 1,2427,0.0
Portfolio 1,2428,0.0
Portfolio 1,2429,0.0
Portfolio 1,2430,0.0
Portfolio 1,2431,0.0
Portfolio 1,2432,29606674.44469917
Portfolio 1,2433,10502839.911227165
Portfolio 1,2434,0.0
Portfolio 1,2435,0.0
Portfolio 1,2436,24586651.722546794
Portfolio 1,2437,0.0
Portfolio 1,2438,0.0
Portfolio 1,2439,11340343.460939737
Portfolio 1,2440,14829472.861393407
Portfolio 1,2441,0.0
Portfolio 1,2442,0.0
Portfolio 1,2443,0.0
Portfolio 1,2444,0.0
Portfolio 1,2445,54389829.363331944
Portfolio 1,2446,0.0
Portfolio 1,2447,0.0
Portfolio 1,2448,9097016.890408562
Portfolio 1,2449,0.0
Portfolio 1,2450,9097016.890408562
Portfolio 1,2451,0.0
Portfolio 1,2452,7613503.072815756
Portfolio 1,2453,10723682.894710481
Portfolio 1,2454,0.0
Portfolio 1,2455,0.0
Portfolio 1,2456,0.0
Portfolio 1,2457,2999238.710377632
Portfolio 1,2458,0.0
Portfolio 1,2459,0.0
Portfolio 1,2460,0.0
Portfolio 1,2461,10845671.861959005
Portfolio 1,2462,0.0
Portfolio 1,2463,10845671.861959005
Portfolio 1,2464,59876089.50616674
Portfolio 1,2465,0.0
Portfolio 1,2466,0.0
Portfolio 1,2467,0.0
Portfolio 1,2468,0.0
Portfolio 1,2469,0.0
Portfolio 1,2470,10502839.911227165
Portfolio 1,2471,0.0
Portfolio 1,2472,0.0
Portfolio 1,2473,11761101.79621706
Portfolio 1,2474,42233970.608183496
Portfolio 1,2475,2999238.710377632
Portfolio 1,2476,0.0
Portfolio 1,2477,0.0
Portfolio 1,2478,0.0
Portfolio 1,2479,10723682.894710481
Portfolio 1,2480,0.0
Portfolio 1,2481,0.0
Portfolio 1,2482,0.0
Portfolio 1,2483,0.0
Portfolio 1,2484,15035003.375447877
Portfolio 1,2485,0.0
Portfolio 1,2486,0.0
Portfolio 1,2487,13629447.393690683
Portfolio 1,2488,5395283.542444266
Portfolio 1,2489,17510906.764428075
Portfolio 1,2490,12795762.650204334
Portfolio 1,2491,17510906.764428075
Portfolio 1,2492,0.0
Portfolio 1,2493,3909670.548554421
Portfolio 1,2494,0.0
Portfolio 1,2495,21173667.14295092
Portfolio 1,2496,10502839.911227165
Portfolio 1,2497,0.0
Portfolio 1,2498,15127461.929963065
Portfolio 1,2499,11340343.460939737
Portfolio 1,2500,0.0
Portfolio 1,2501,0.0
Portfolio 1,2502,0.0
Portfolio 1,2503,5182259.577388579
Portfolio 1,2504,0.0
Portfolio 1,2505,10845671.861959005
Portfolio 1,2506,0.0
Portfolio 1,2507,0.0
Portfolio 1,2508,0.0
Portfolio 1,2509,32841275.290143616
Portfolio 1,2510,32638368.69439114
Portfolio 1,2511,0.0
Portfolio 1,2512,0.0
Portfolio 1,2513,0.0
Portfolio 1,2514,3909670.548554421
Portfolio 1,2515,0.0
Portfolio 1,2516,5182259.577388579
Portfolio 1,2517,0.0
Portfolio 1,2518,19562497.868401058
Portfolio 1,2519,0.0
Portfolio 1,2520,0.0
Portfolio 1,2521,0.0
Portfolio 1,2522,0.0
Portfolio 1,2523,15127461.929963065
Portfolio 1,2524,0.0
Portfolio 1,2525,0.0
Portfolio 1,2526,0.0
Portfolio 1,2527,0.0
Portfolio 1,2528,0.0
Portfolio 1,2529,0.0
Portfolio 1,2530,23068170.74829959
Portfolio 1,2531,0.0
Portfolio 1,2532,15330368.52571554
Portfolio 1,2533,0.0
Portfolio 1,2534,16463413.74832005
Portfolio 1,2535,0.0
Portfolio 1,2536,5182259.577388579
Portfolio 1,2537,0.0
Portfolio 1,2538,0.0
Portfolio 1,2539,45564404.507195935
Portfolio 1,2540,0.0
Portfolio 1,2541,0.0
Portfolio 1,2542,15035003.375447877
Portfolio 1,2543,0.0
Portfolio 1,2544,0.0
Portfolio 1,2545,0.0
Portfolio 1,2546,0.0
Portfolio 1,2547,15330368.52571554
Portfolio 1,2548,16253076.050944965
Portfolio 1,2549,0.0
Portfolio 1,2550,0.0
Portfolio 1,2551,23583441.5291109
Portfolio 1,2552,0.0
Portfolio 1,2553,0.0
Portfolio 1,2554,5182259.577388579
Portfolio 1,2555,6316554.945955662
Portfolio 1,2556,10723682.894710481
Portfolio 1,2557,43547720.97400887
Portfolio 1,2558,0.0
Portfolio 1,2559,0.0
Portfolio 1,2560,0.0
Portfolio 1,2561,11340343.460939737
Portfolio 1,2562,0.0
Portfolio 1,2563,10845671.861959005
Portfolio 1,2564,0.0
Portfolio 1,2565,7384177.026644446
Portfolio 1,2566,0.0
Portfolio 1,2567,0.0
Portfolio 1,2568,0.0
Portfolio 1,2569,0.0
Portfolio 1,2570,0.0
Portfolio 1,2571,3909670.548554421
Portfolio 1,2572,9097016.890408562
Portfolio 1,2573,0.0
Portfolio 1,2574,0.0
Portfolio 1,2575,0.0
Portfolio 1,2576,5395283.542444266
Portfolio 1,2577,0.0
Portfolio 1,2578,0.0
Portfolio 1,2579,12178320.841756614
Portfolio 1,2580,0.0
Portfolio 1,2581,0.0
Portfolio 1,2582,0.0
Portfolio 1,2583,9304954.090998687
Portfolio 1,2584,0.0
Portfolio 1,2585,0.0
Portfolio 1,2586,0.0
Portfolio 1,2587,15035003.375447877
Portfolio 1,2588,0.0
Portfolio 1,2589,0.0
Portfolio 1,2590,0.0
Portfolio 1,2591,0.0
Portfolio 1,2592,0.0
Portfolio 1,2593,0.0
Portfolio 1,2594,0.0
Portfolio 1,2595,0.0
Portfolio 1,2596,7384177.026644446
Portfolio 1,2597,15330368.52571554
Portfolio 1,2598,0.0
Portfolio 1,2599,13158355.870652435
Portfolio 1,2600,10845671.861959005
Portfolio 1,2601,62396939.1629319
Portfolio 1,2602,0.0
Portfolio 1,2603,0.0
Portfolio 1,2604,15293720.473836454
Portfolio 1,2605,10502839.911227165
Portfolio 1,2606,0.0
Portfolio 1,2607,13629447.393690683
Portfolio 1,2608,51040272.94759974
Portfolio 1,2609,0.0
Portfolio 1,2610,0.0
Portfolio 1,2611,0.0
Portfolio 1,2612,0.0
Portfolio 1,2613,0.0
Portfolio 1,2614,3909670.548554421
Portfolio 1,2615,0.0
Portfolio 1,2616,11340343.460939737
Portfolio 1,2617,11340343.460939737
Portfolio 1,2618,0.0
Portfolio 1,2619,0.0
Portfolio 1,2620,0.0
Portfolio 1,2621,0.0
Portfolio 1,2622,0.0
Portfolio 1,2623,0.0
Portfolio 1,2624,0.0
Portfolio 1,2625,0.0
Portfolio 1,2626,7613503.072815756
Portfolio 1,2627,0.0
Portfolio 1,2628,0.0
Portfolio 1,2629,24723063.843755424
Portfolio 1,2630,5182259.577388579
Portfolio 1,2631,0.0
Portfolio 1,2632,0.0
Portfolio 1,2633,0.0
Portfolio 1,2634,0.0
Portfolio 1,2635,0.0
Portfolio 1,2636,0.0
Portfolio 1,2637,0.0
Portfolio 1,2638,0.0
Portfolio 1,2639,11868137.734678151
Portfolio 1,2640,0.0
Portfolio 1,2641,0.0
Portfolio 1,2642,0.0
Portfolio 1,2643,0.0
Portfolio 1,2644,0.0
Portfolio 1,2645,0.0
Portfolio 1,2646,0.0
Portfolio 1,2647,14220223.93252826
Portfolio 1,2648,0.0
Portfolio 1,2649,15127461.929963065
Portfolio 1,2650,0.0
Portfolio 1,2651,14439093.40519818
Portfolio 1,2652,0.0
Portfolio 1,2653,2999238.710377632
Portfolio 1,2654,0.0
Portfolio 1,2655,0.0
Portfolio 1,2656,0.0
Portfolio 1,2657,8868899.02430052
Portfolio 1,2658,10502839.911227165
Portfolio 1,2659,0.0
Portfolio 1,2660,0.0
Portfolio 1,2661,14220223.93252826
Portfolio 1,2662,14199271.723999074
Portfolio 1,2663,0.0
Portfolio 1,2664,21275337.732165176
Portfolio 1,2665,0.0
Portfolio 1,2666,27828719.11768976
Portfolio 1,2667,13629447.393690683
Portfolio 1,2668,0.0
Portfolio 1,2669,0.0
Portfolio 1,2670,14199271.723999074
Portfolio 1,2671,0.0
Portfolio 1,2672,0.0
Portfolio 1,2673,5960573.837092887
Portfolio 1,2674,0.0
Portfolio 1,2675,12178320.841756614
Portfolio 1,2676,40978888.31013815
Portfolio 1,2677,0.0
Portfolio 1,2678,12795762.650204334
Portfolio 1,2679,11428295.851894356
Portfolio 1,2680,0.0
Portfolio 1,2681,0.0
Portfolio 1,2682,0.0
Portfolio 1,2683,0.0
Portfolio 1,2684,0.0
Portfolio 1,2685,0.0
Portfolio 1,2686,0.0
Portfolio 1,2687,0.0
Portfolio 1,2688,30465428.330411844
Portfolio 1,2689,0.0
Portfolio 1,2690,0.0
Portfolio 1,2691,5444546.850261398
Portfolio 1,2692,0.0
Portfolio 1,2693,0.0
Portfolio 1,2694,11340343.460939737
Portfolio 1,2695,0.0
Portfolio 1,2696,0.0
Portfolio 1,2697,0.0
Portfolio 1,2698,14199271.723999074
Portfolio 1,2699,0.0
Portfolio 1,2700,0.0
Portfolio 1,2701,0.0
Portfolio 1,2702,0.0
Portfolio 1,2703,0.0
Portfolio 1,2704,0.0
Portfolio 1,2705,3909670.548554421
Portfolio 1,2706,0.0
Portfolio 1,2707,0.0
Portfolio 1,2708,10502839.911227165
Portfolio 1,2709,0.0
Portfolio 1,2710,0.0
Portfolio 1,2711,14712197.641535897
Portfolio 1,2712,0.0
Portfolio 1,2713,0.0
Portfolio 1,2714,10845671.861959005
Portfolio 1,2715,0.0
Portfolio 1,2716,20771858.94346819
Portfolio 1,2717,0.0
Portfolio 1,2718,10723682.894710481
Portfolio 1,2719,0.0
Portfolio 1,2720,0.0
Portfolio 1,2721,0.0
Portfolio 1,2722,10502839.911227165
Portfolio 1,2723,24772280.808172148
Portfolio 1,2724,0.0
Portfolio 1,2725,0.0
Portfolio 1,2726,29566555.335161246
Portfolio 1,2727,0.0
Portfolio 1,2728,0.0
Portfolio 1,2729,14439093.40519818
Portfolio 1,2730,0.0
Portfolio 1,2731,0.0
Portfolio 1,2732,0.0
Portfolio 1,2733,0.0
Portfolio 1,2734,10845671.861959005
Portfolio 1,2735,0.0
Portfolio 1,2736,10502839.911227165
Portfolio 1,2737,0.0
Portfolio 1,2738,5395283.542444266
Portfolio 1,2739,0.0
Portfolio 1,2740,0.0
Portfolio 1,2741,0.0
Portfolio 1,2742,0.0
Portfolio 1,2743,0.0
Portfolio 1,2744,0.0
Portfolio 1,2745,31123350.137001548
Portfolio 1,2746,13158355.870652435
Portfolio 1,2747,5182259.577388579
Portfolio 1,2748,34881320.35491978
Portfolio 1,2749,0.0
Portfolio 1,2750,0.0
Portfolio 1,2751,0.0
Portfolio 1,2752,0.0
Portfolio 1,2753,26615157.56070357
Portfolio 1,2754,17510906.764428075
Portfolio 1,2755,0.0
Portfolio 1,2756,0.0
Portfolio 1,2757,0.0
Portfolio 1,2758,0.0
Portfolio 1,2759,0.0
Portfolio 1,2760,0.0
Portfolio 1,2761,0.0
Portfolio 1,2762,0.0
Portfolio 1,2763,5182259.577388579
Portfolio 1,2764,14220223.93252826
Portfolio 1,2765,0.0
Portfolio 1,2766,0.0
Portfolio 1,2767,0.0
Portfolio 1,2768,0.0
Portfolio 1,2769,16588200.811614685
Portfolio 1,2770,0.0
Portfolio 1,2771,0.0
Portfolio 1,2772,5843298.617235378
Portfolio 1,2773,5182259.577388579
Portfolio 1,2774,29326733.65396214
Portfolio 1,2775,0.0
Portfolio 1,2776,15330368.52571554
Portfolio 1,2777,0.0
Portfolio 1,2778,0.0
Portfolio 1,2779,31236310.9978146
Portfolio 1,2780,0.0
Portfolio 1,2781,0.0
Portfolio 1,2782,0.0
Portfolio 1,2783,10502839.911227165
Portfolio 1,2784,27828719.11768976
Portfolio 1,2785,15330368.52571554
Portfolio 1,2786,5444546.850261398
Portfolio 1,2787,15330368.52571554
Portfolio 1,2788,10845671.861959005
Portfolio 1,2789,30421182.40379952
Portfolio 1,2790,0.0
Portfolio 1,2791,0.0
Portfolio 1,2792,17455059.878443703
Portfolio 1,2793,0.0
Portfolio 1,2794,0.0
Portfolio 1,2795,29633380.720200315
Portfolio 1,2796,0.0
Portfolio 1,2797,0.0
Portfolio 1,2798,37302730.679000445
Portfolio 1,2799,0.0
Portfolio 1,2800,0.0
Portfolio 1,2801,0.0
Portfolio 1,2802,0.0
Portfolio 1,2803,0.0
Portfolio 1,2804,28488724.396367975
Portfolio 1,2805,9097016.890408562
Portfolio 1,2806,0.0
Portfolio 1,2807,0.0
Portfolio 1,2808,0.0
Portfolio 1,2809,0.0
Portfolio 1,2810,3909670.548554421
Portfolio 1,2811,0.0
Portfolio 1,2812,19022873.787556637
Portfolio 1,2813,0.0
Portfolio 1,2814,0.0
Portfolio 1,2815,0.0
Portfolio 1,2816,0.0
Portfolio 1,2817,0.0
Portfolio 1,2818,6316554.945955662
Portfolio 1,2819,0.0
Portfolio 1,2820,26999684.50161697
Portfolio 1,2821,0.0
Portfolio 1,2822,0.0
Portfolio 1,2823,0.0
Portfolio 1,2824,5182259.577388579
Portfolio 1,2825,14220223.93252826
Portfolio 1,2826,0.0
Portfolio 1,2827,0.0
Portfolio 1,2828,0.0
Portfolio 1,2829,0.0
Portfolio 1,2830,10845671.861959005
Portfolio 1,2831,9097016.890408562
Portfolio 1,2832,0.0
Portfolio 1,2833,0.0
Portfolio 1,2834,0.0
Portfolio 1,2835,10845671.861959005
Portfolio 1,2836,0.0
Portfolio 1,2837,0.0
Portfolio 1,2838,0.0
Portfolio 1,2839,0.0
Portfolio 1,2840,0.0
Portfolio 1,2841,14199271.723999074
Portfolio 1,2842,24941933.316425346
Portfolio 1,2843,0.0
Portfolio 1,2844,11428295.851894356
Portfolio 1,2845,0.0
Portfolio 1,2846,50978984.14243215
Portfolio 1,2847,0.0
Portfolio 1,2848,0.0
Portfolio 1,2849,2999238.710377632
Portfolio 1,2850,0.0
Portfolio 1,2851,0.0
Portfolio 1,2852,0.0
Portfolio 1,2853,31860701.98578231
Portfolio 1,2854,14220223.93252826
Portfolio 1,2855,0.0
Portfolio 1,2856,5960573.837092887
Portfolio 1,2857,0.0
Portfolio 1,2858,17510906.764428075
Portfolio 1,2859,0.0
Portfolio 1,2860,10723682.894710481
Portfolio 1,2861,2999238.710377632
Portfolio 1,2862,0.0
Portfolio 1,2863,19474910.816608097
Portfolio 1,2864,10723682.894710481
Portfolio 1,2865,0.0
Portfolio 1,2866,0.0
Portfolio 1,2867,15127461.929963065
Portfolio 1,2868,0.0
Portfolio 1,2869,0.0
Portfolio 1,2870,0.0
Portfolio 1,2871,0.0
Portfolio 1,2872,10845671.861959005
Portfolio 1,2873,0.0
Portfolio 1,2874,0.0
Portfolio 1,2875,0.0
Portfolio 1,2876,20970760.547198445
Portfolio 1,2877,0.0
Portfolio 1,2878,31062934.814795457
Portfolio 1,2879,14220223.93252826
Portfolio 1,2880,26355926.720339496
Portfolio 1,2881,13158355.870652435
Portfolio 1,2882,23307992.4294987
Portfolio 1,2883,0.0
Portfolio 1,2884,0.0
Portfolio 1,2885,47192004.54229396
Portfolio 1,2886,13158355.870652435
Portfolio 1,2887,14439093.40519818
Portfolio 1,2888,0.0
Portfolio 1,2889,8868899.02430052
Portfolio 1,2890,0.0
Portfolio 1,2891,6316554.945955662
Portfolio 1,2892,60240703.87037037
Portfolio 1,2893,0.0
Portfolio 1,2894,0.0
Portfolio 1,2895,0.0
Portfolio 1,2896,0.0
Portfolio 1,2897,18126700.640340697
Portfolio 1,2898,0.0
Portfolio 1,2899,6316554.945955662
Portfolio 1,2900,17510906.764428075
Portfolio 1,2901,18602902.720913835
Portfolio 1,2902,0.0
Portfolio 1,2903,5395283.542444266
Portfolio 1,2904,7384177.026644446
Portfolio 1,2905,6316554.945955662
Portfolio 1,2906,5960573.837092887
Portfolio 1,2907,0.0
Portfolio 1,2908,0.0
Portfolio 1,2909,0.0
Portfolio 1,2910,0.0
Portfolio 1,2911,0.0
Portfolio 1,2912,0.0
Portfolio 1,2913,0.0
Portfolio 1,2914,0.0
Portfolio 1,2915,0.0
Portfolio 1,2916,0.0
Portfolio 1,2917,7384177.026644446
Portfolio 1,2918,0.0
Portfolio 1,2919,2999238.710377632
Portfolio 1,2920,0.0
Portfolio 1,2921,18812472.878538802
Portfolio 1,2922,0.0
Portfolio 1,2923,7384177.026644446
Portfolio 1,2924,35397923.702299684
Portfolio 1,2925,0.0
Portfolio 1,2926,0.0
Portfolio 1,2927,17510906.764428075
Portfolio 1,2928,0.0
Portfolio 1,2929,0.0
Portfolio 1,2930,10845671.861959005
Portfolio 1,2931,0.0
Portfolio 1,2932,0.0
Portfolio 1,2933,14051158.601689098
Portfolio 1,2934,0.0
Portfolio 1,2935,0.0
Portfolio 1,2936,0.0
Portfolio 1,2937,17510906.764428075
Portfolio 1,2938,17510906.764428075
Portfolio 1,2939,2999238.710377632
Portfolio 1,2940,0.0
Portfolio 1,2941,0.0
Portfolio 1,2942,14439093.40519818
Portfolio 1,2943,2999238.710377632
Portfolio 1,2944,0.0
Portfolio 1,2945,0.0
Portfolio 1,2946,22899606.7287051
Portfolio 1,2947,0.0
Portfolio 1,2948,83236336.16313103
Portfolio 1,2949,0.0
Portfolio 1,2950,2999238.710377632
Portfolio 1,2951,0.0
Portfolio 1,2952,0.0
Portfolio 1,2953,0.0
Portfolio 1,2954,0.0
Portfolio 1,2955,0.0
Portfolio 1,2956,0.0
Portfolio 1,2957,0.0
Portfolio 1,2958,0.0
Portfolio 1,2959,0.0
Portfolio 1,2960,0.0
Portfolio 1,2961,0.0
Portfolio 1,2962,0.0
Portfolio 1,2963,7384177.026644446
Portfolio 1,2964,53227751.11704084
Portfolio 1,2965,0.0
Portfolio 1,2966,13158355.870652435
Portfolio 1,2967,0.0
Portfolio 1,2968,0.0
Portfolio 1,2969,45082768.22298333
Portfolio 1,2970,0.0
Portfolio 1,2971,29956934.79135647
Portfolio 1,2972,31950000.169626255
Portfolio 1,2973,15035003.375447877
Portfolio 1,2974,0.0
Portfolio 1,2975,7613503.072815756
Portfolio 1,2976,0.0
Portfolio 1,2977,0.0
Portfolio 1,2978,10723682.894710481
Portfolio 1,2979,0.0
Portfolio 1,2980,0.0
Portfolio 1,2981,0.0
Portfolio 1,2982,0.0
Portfolio 1,2983,0.0
Portfolio 1,2984,15127461.929963065
Portfolio 1,2985,23882038.76536292
Portfolio 1,2986,0.0
Portfolio 1,2987,0.0
Portfolio 1,2988,0.0
Portfolio 1,2989,5960573.837092887
Portfolio 1,2990,0.0
Portfolio 1,2991,0.0
Portfolio 1,2992,0.0
Portfolio 1,2993,0.0
Portfolio 1,2994,14439093.40519818
Portfolio 1,2995,17068026.419206858
Portfolio 1,2996,5843298.617235378
Portfolio 1,2997,19714570.886259526
Portfolio 1,2998,11340343.460939737
Portfolio 1,2999,0.0
Portfolio 1,3000,0.0
Portfolio 1,3001,36254220.368698694
Portfolio 1,3002,0.0
Portfolio 1,3003,0.0
Portfolio 1,3004,0.0
Portfolio 1,3005,0.0
Portfolio 1,3006,17510906.764428075
Portfolio 1,3007,13629447.393690683
Portfolio 1,3008,14199271.723999074
Portfolio 1,3009,0.0
Portfolio 1,3010,5864517.916904203
Portfolio 1,3011,0.0
Portfolio 1,3012,0.0
Portfolio 1,3013,22401722.22029447
Portfolio 1,3014,23375424.68133228
Portfolio 1,3015,0.0
Portfolio 1,3016,0.0
Portfolio 1,3017,0.0
Portfolio 1,3018,92665518.08286896
Portfolio 1,3019,0.0
Portfolio 1,3020,0.0
Portfolio 1,3021,0.0
Portfolio 1,3022,15330368.52571554
Portfolio 1,3023,0.0
Portfolio 1,3024,0.0
Portfolio 1,3025,25060054.32523392
Portfolio 1,3026,13158355.870652435
Portfolio 1,3027,0.0
Portfolio 1,3028,0.0
Portfolio 1,3029,15035003.375447877
Portfolio 1,3030,0.0
Portfolio 1,3031,20510145.47480571
Portfolio 1,3032,20512628.10310412
Portfolio 1,3033,0.0
Portfolio 1,3034,0.0
Portfolio 1,3035,0.0
Portfolio 1,3036,10845671.861959005
Portfolio 1,3037,0.0
Portfolio 1,3038,0.0
Portfolio 1,3039,18116342.98404292
Portfolio 1,3040,22511638.956607513
Portfolio 1,3041,13629447.393690683
Portfolio 1,3042,13158355.870652435
Portfolio 1,3043,5960573.837092887
Portfolio 1,3044,0.0
Portfolio 1,3045,0.0
Portfolio 1,3046,24132020.265856437
Portfolio 1,3047,0.0
Portfolio 1,3048,2999238.710377632
Portfolio 1,3049,0.0
Portfolio 1,3050,0.0
Portfolio 1,3051,38082915.54465254
Portfolio 1,3052,10723682.894710481
Portfolio 1,3053,0.0
Portfolio 1,3054,0.0
Portfolio 1,3055,0.0
Portfolio 1,3056,19203391.022390876
Portfolio 1,3057,5395283.542444266
Portfolio 1,3058,0.0
Portfolio 1,3059,14220223.93252826
Portfolio 1,3060,19942688.752367567
Portfolio 1,3061,0.0
Portfolio 1,3062,9097016.890408562
Portfolio 1,3063,5444546.850261398
Portfolio 1,3064,0.0
Portfolio 1,3065,6316554.945955662
Portfolio 1,3066,11340343.460939737
Portfolio 1,3067,0.0
Portfolio 1,3068,0.0
Portfolio 1,3069,0.0
Portfolio 1,3070,0.0
Portfolio 1,3071,13158355.870652435
Portfolio 1,3072,0.0
Portfolio 1,3073,0.0
Portfolio 1,3074,0.0
Portfolio 1,3075,25336676.71240905
Portfolio 1,3076,0.0
Portfolio 1,3077,0.0
Portfolio 1,3078,8868899.02430052
Portfolio 1,3079,0.0
Portfolio 1,3080,0.0
Portfolio 1,3081,7613503.072815756
Portfolio 1,3082,0.0
Portfolio 1,3083,36139223.90452403
Portfolio 1,3084,2999238.710377632
Portfolio 1,3085,5444546.850261398
Portfolio 1,3086,0.0
Portfolio 1,3087,29624547.375454362
Portfolio 1,3088,0.0
Portfolio 1,3089,43050521.94936689
Portfolio 1,3090,0.0
Portfolio 1,3091,22649544.316287268
Portfolio 1,3092,0.0
Portfolio 1,3093,0.0
Portfolio 1,3094,13629447.393690683
Portfolio 1,3095,31500189.022031695
Portfolio 1,3096,0.0
Portfolio 1,3097,0.0
Portfolio 1,3098,0.0
Portfolio 1,3099,10723682.894710481
Portfolio 1,3100,0.0
Portfolio 1,3101,15330368.52571554
Portfolio 1,3102,0.0
Portfolio 1,3103,0.0
Portfolio 1,3104,0.0
Portfolio 1,3105,2999238.710377632
Portfolio 1,3106,13227475.643879823
Portfolio 1,3107,15905942.47209906
Portfolio 1,3108,0.0
Portfolio 1,3109,5960573.837092887
Portfolio 1,3110,34727318.731598794
Portfolio 1,3111,41264482.81889359
Portfolio 1,3112,0.0
Portfolio 1,3113,9097016.890408562
Portfolio 1,3114,28638365.129197255
Portfolio 1,3115,12178320.841756614
Portfolio 1,3116,0.0
Portfolio 1,3117,0.0
Portfolio 1,3118,42440364.65167154
Portfolio 1,3119,0.0
Portfolio 1,3120,0.0
Portfolio 1,3121,9097016.890408562
Portfolio 1,3122,14199271.723999074
Portfolio 1,3123,0.0
Portfolio 1,3124,35970081.699202836
Portfolio 1,3125,5182259.577388579
Portfolio 1,3126,0.0
Portfolio 1,3127,29550592.4582438
Portfolio 1,3128,0.0
Portfolio 1,3129,0.0
Portfolio 1,3130,0.0
Portfolio 1,3131,0.0
Portfolio 1,3132,0.0
Portfolio 1,3133,17483747.458463065
Portfolio 1,3134,0.0
Portfolio 1,3135,0.0
Portfolio 1,3136,0.0
Portfolio 1,3137,0.0
Portfolio 1,3138,0.0
Portfolio 1,3139,11340343.460939737
Portfolio 1,3140,0.0
Portfolio 1,3141,0.0
Portfolio 1,3142,27432136.640376218
Portfolio 1,3143,8868899.02430052
Portfolio 1,3144,0.0
Portfolio 1,3145,0.0
Portfolio 1,3146,0.0
Portfolio 1,3147,0.0
Portfolio 1,3148,0.0
Portfolio 1,3149,0.0
Portfolio 1,3150,0.0
Portfolio 1,3151,0.0
Portfolio 1,3152,0.0
Portfolio 1,3153,71153235.29972012
Portfolio 1,3154,0.0
Portfolio 1,3155,47968737.220106676
Portfolio 1,3156,12178320.841756614
Portfolio 1,3157,0.0
Portfolio 1,3158,5960573.837092887
Portfolio 1,3159,0.0
Portfolio 1,3160,0.0
Portfolio 1,3161,26670711.986655276
Portfolio 1,3162,0.0
Portfolio 1,3163,0.0
Portfolio 1,3164,0.0
Portfolio 1,3165,30669262.63508051
Portfolio 1,3166,18329607.23609317
Portfolio 1,3167,5960573.837092887
Portfolio 1,3168,0.0
Portfolio 1,3169,16806245.69905189
Portfolio 1,3170,0.0
Portfolio 1,3171,5182259.577388579
Portfolio 1,3172,0.0
Portfolio 1,3173,45166980.178478286
Portfolio 1,3174,0.0
Portfolio 1,3175,15035003.375447877
Portfolio 1,3176,0.0
Portfolio 1,3177,16367357.828131367
Portfolio 1,3178,21583448.75064352
Portfolio 1,3179,0.0
Portfolio 1,3180,0.0
Portfolio 1,3181,0.0
Portfolio 1,3182,0.0
Portfolio 1,3183,0.0
Portfolio 1,3184,5960573.837092887
Portfolio 1,3185,10502839.911227165
Portfolio 1,3186,0.0
Portfolio 1,3187,37805359.430443965
Portfolio 1,3188,0.0
Portfolio 1,3189,0.0
Portfolio 1,3190,0.0
Portfolio 1,3191,5182259.577388579
Portfolio 1,3192,0.0
Portfolio 1,3193,0.0
Portfolio 1,3194,8959812.54747052
Portfolio 1,3195,17438332.115575813
Portfolio 1,3196,47455545.78384625
Portfolio 1,3197,17510906.764428075
Portfolio 1,3198,15127461.929963065
Portfolio 1,3199,31978211.347443283
Portfolio 1,3200,10723682.894710481
Portfolio 1,3201,0.0
Portfolio 1,3202,0.0
Portfolio 1,3203,0.0
Portfolio 1,3204,0.0
Portfolio 1,3205,10723682.894710481
Portfolio 1,3206,0.0
Portfolio 1,3207,10502839.911227165
Portfolio 1,3208,0.0
Portfolio 1,3209,0.0
Portfolio 1,3210,0.0
Portfolio 1,3211,0.0
Portfolio 1,3212,5395283.542444266
Portfolio 1,3213,0.0
Portfolio 1,3214,0.0
Portfolio 1,3215,0.0
Portfolio 1,3216,0.0
Portfolio 1,3217,26607923.65483664
Portfolio 1,3218,5960573.837092887
Portfolio 1,3219,7384177.026644446
Portfolio 1,3220,0.0
Portfolio 1,3221,0.0
Portfolio 1,3222,0.0
Portfolio 1,3223,0.0
Portfolio 1,3224,0.0
Portfolio 1,3225,2999238.710377632
Portfolio 1,3226,0.0
Portfolio 1,3227,10502839.911227165
Portfolio 1,3228,0.0
Portfolio 1,3229,0.0
Portfolio 1,3230,0.0
Portfolio 1,3231,0.0
Portfolio 1,3232,20510145.47480571
Portfolio 1,3233,15035003.375447877
Portfolio 1,3234,0.0
Portfolio 1,3235,7384177.026644446
Portfolio 1,3236,0.0
Portfolio 1,3237,0.0
Portfolio 1,3238,20771858.94346819
Portfolio 1,3239,13158355.870652435
Portfolio 1,3240,0.0
Portfolio 1,3241,9097016.890408562
Portfolio 1,3242,0.0
Portfolio 1,3243,33595135.16418474
Portfolio 1,3244,0.0
Portfolio 1,3245,0.0
Portfolio 1,3246,0.0
Portfolio 1,3247,0.0
Portfolio 1,3248,14439093.40519818
Portfolio 1,3249,13158355.870652435
Portfolio 1,3250,36663199.866737425
Portfolio 1,3251,0.0
Portfolio 1,3252,0.0
Portfolio 1,3253,7384177.026644446
Portfolio 1,3254,0.0
Portfolio 1,3255,0.0
Portfolio 1,3256,0.0
Portfolio 1,3257,0.0
Portfolio 1,3258,0.0
Portfolio 1,3259,0.0
Portfolio 1,3260,0.0
Portfolio 1,3261,0.0
Portfolio 1,3262,0.0
Portfolio 1,3263,3909670.548554421
Portfolio 1,3264,0.0
Portfolio 1,3265,0.0
Portfolio 1,3266,0.0
Portfolio 1,3267,25254611.47143863
Portfolio 1,3268,5444546.850261398
Portfolio 1,3269,0.0
Portfolio 1,3270,0.0
Portfolio 1,3271,17510906.764428075
Portfolio 1,3272,0.0
Portfolio 1,3273,0.0
Portfolio 1,3274,0.0
Portfolio 1,3275,15035003.375447877
Portfolio 1,3276,0.0
Portfolio 1,3277,0.0
Portfolio 1,3278,19621352.982586756
Portfolio 1,3279,0.0
Portfolio 1,3280,0.0
Portfolio 1,3281,7384177.026644446
Portfolio 1,3282,0.0
Portfolio 1,3283,41211043.76312242
Portfolio 1,3284,0.0
Portfolio 1,3285,10845671.861959005
Portfolio 1,3286,0.0
Portfolio 1,3287,0.0
Portfolio 1,3288,15035003.375447877
Portfolio 1,3289,0.0
Portfolio 1,3290,0.0
Portfolio 1,3291,0.0
Portfolio 1,3292,71322516.17181593
Portfolio 1,3293,13158355.870652435
Portfolio 1,3294,0.0
Portfolio 1,3295,6316554.945955662
Portfolio 1,3296,22850343.42088797
Portfolio 1,3297,0.0
Portfolio 1,3298,0.0
Portfolio 1,3299,0.0
Portfolio 1,3300,0.0
Portfolio 1,3301,0.0
Portfolio 1,3302,10226225.494510083
Portfolio 1,3303,0.0
Portfolio 1,3304,10845671.861959005
Portfolio 1,3305,12178320.841756614
Portfolio 1,3306,0.0
Portfolio 1,3307,5960573.837092887
Portfolio 1,3308,11340343.460939737
Portfolio 1,3309,0.0
Portfolio 1,3310,0.0
Portfolio 1,3311,10839830.392705664
Portfolio 1,3312,8868899.02430052
Portfolio 1,3313,0.0
Portfolio 1,3314,24068433.758447815
Portfolio 1,3315,15127461.929963065
Portfolio 1,3316,0.0
Portfolio 1,3317,0.0
Portfolio 1,3318,0.0
Portfolio 1,3319,0.0
Portfolio 1,3320,0.0
Portfolio 1,3321,0.0
Portfolio 1,3322,9870244.385647308
Portfolio 1,3323,14439093.40519818
Portfolio 1,3324,0.0
Portfolio 1,3325,0.0
Portfolio 1,3326,0.0
Portfolio 1,3327,0.0
Portfolio 1,3328,27607497.308764085
Portfolio 1,3329,0.0
Portfolio 1,3330,0.0
Portfolio 1,3331,0.0
Portfolio 1,3332,0.0
Portfolio 1,3333,0.0
Portfolio 1,3334,0.0
Portfolio 1,3335,0.0
Portfolio 1,3336,0.0
Portfolio 1,3337,0.0
Portfolio 1,3338,0.0
Portfolio 1,3339,0.0
Portfolio 1,3340,0.0
Portfolio 1,3341,0.0
Portfolio 1,3342,0.0
Portfolio 1,3343,24199267.55001606
Portfolio 1,3344,0.0
Portfolio 1,3345,0.0
Portfolio 1,3346,0.0
Portfolio 1,3347,7613503.072815756
Portfolio 1,3348,0.0
Portfolio 1,3349,0.0
Portfolio 1,3350,0.0
Portfolio 1,3351,25459073.183347546
Portfolio 1,3352,0.0
Portfolio 1,3353,5843298.617235378
Portfolio 1,3354,0.0
Portfolio 1,3355,0.0
Portfolio 1,3356,0.0
Portfolio 1,3357,0.0
Portfolio 1,3358,40168537.36350291
Portfolio 1,3359,0.0
Portfolio 1,3360,0.0
Portfolio 1,3361,11523173.621370178
Portfolio 1,3362,16168229.744971879
Portfolio 1,3363,21423214.98179185
Portfolio 1,3364,0.0
Portfolio 1,3365,0.0
Portfolio 1,3366,0.0
Portfolio 1,3367,14339582.171317369
Portfolio 1,3368,5395283.542444266
Portfolio 1,3369,0.0
Portfolio 1,3370,3909670.548554421
Portfolio 1,3371,0.0
Portfolio 1,3372,10845671.861959005
Portfolio 1,3373,0.0
Portfolio 1,3374,0.0
Portfolio 1,3375,32423873.06443512
Portfolio 1,3376,25560567.393467996
Portfolio 1,3377,0.0
Portfolio 1,3378,0.0
Portfolio 1,3379,0.0
Portfolio 1,3380,10502839.911227165
Portfolio 1,3381,0.0
Portfolio 1,3382,0.0
Portfolio 1,3383,10723682.894710481
Portfolio 1,3384,0.0
Portfolio 1,3385,0.0
Portfolio 1,3386,5864517.916904203
Portfolio 1,3387,11868137.734678151
Portfolio 1,3388,0.0
Portfolio 1,3389,0.0
Portfolio 1,3390,0.0
Portfolio 1,3391,0.0
Portfolio 1,3392,0.0
Portfolio 1,3393,17510906.764428075
Portfolio 1,3394,0.0
Portfolio 1,3395,0.0
Portfolio 1,3396,16027931.439347584
Portfolio 1,3397,0.0
Portfolio 1,3398,0.0
Portfolio 1,3399,0.0
Portfolio 1,3400,14199271.723999074
Portfolio 1,3401,0.0
Portfolio 1,3402,0.0
Portfolio 1,3403,0.0
Portfolio 1,3404,0.0
Portfolio 1,3405,0.0
Portfolio 1,3406,54217880.221543685
Portfolio 1,3407,0.0
Portfolio 1,3408,0.0
Portfolio 1,3409,0.0
Portfolio 1,3410,0.0
Portfolio 1,3411,0.0
Portfolio 1,3412,0.0
Portfolio 1,3413,0.0
Portfolio 1,3414,11428295.851894356
Portfolio 1,3415,28939202.61632243
Portfolio 1,3416,10723682.894710481
Portfolio 1,3417,0.0
Portfolio 1,3418,0.0
Portfolio 1,3419,0.0
Portfolio 1,3420,0.0
Portfolio 1,3421,10723682.894710481
Portfolio 1,3422,0.0
Portfolio 1,3423,0.0
Portfolio 1,3424,0.0
Portfolio 1,3425,43867877.07635916
Portfolio 1,3426,0.0
Portfolio 1,3427,0.0
Portfolio 1,3428,0.0
Portfolio 1,3429,0.0
Portfolio 1,3430,5864517.916904203
Portfolio 1,3431,0.0
Portfolio 1,3432,0.0
Portfolio 1,3433,0.0
Portfolio 1,3434,0.0
Portfolio 1,3435,0.0
Portfolio 1,3436,0.0
Portfolio 1,3437,0.0
Portfolio 1,3438,0.0
Portfolio 1,3439,0.0
Portfolio 1,3440,14439093.40519818
Portfolio 1,3441,0.0
Portfolio 1,3442,14439093.40519818
Portfolio 1,3443,0.0
Portfolio 1,3444,0.0
Portfolio 1,3445,0.0
Portfolio 1,3446,15293720.473836454
Portfolio 1,3447,11340343.460939737
Portfolio 1,3448,2999238.710377632
Portfolio 1,3449,5843298.617235378
Portfolio 1,3450,5182259.577388579
Portfolio 1,3451,0.0
Portfolio 1,3452,0.0
Portfolio 1,3453,0.0
Portfolio 1,3454,12566436.604033025
Portfolio 1,3455,74814896.43703009
Portfolio 1,3456,0.0
Portfolio 1,3457,0.0
Portfolio 1,3458,0.0
Portfolio 1,3459,0.0
Portfolio 1,3460,9097016.890408562
Portfolio 1,3461,0.0
Portfolio 1,3462,0.0
Portfolio 1,3463,0.0
Portfolio 1,3464,0.0
Portfolio 1,3465,0.0
Portfolio 1,3466,0.0
Portfolio 1,3467,8959812.54747052
Portfolio 1,3468,10845671.861959005
Portfolio 1,3469,0.0
Portfolio 1,3470,11428295.851894356
Portfolio 1,3471,5444546.850261398
Portfolio 1,3472,5395283.542444266
Portfolio 1,3473,0.0
Portfolio 1,3474,0.0
Portfolio 1,3475,17162226.807914667
Portfolio 1,3476,16118966.437154748
Portfolio 1,3477,5843298.617235378
Portfolio 1,3478,67382323.75413205
Portfolio 1,3479,5864517.916904203
Portfolio 1,3480,0.0
Portfolio 1,3481,0.0
Portfolio 1,3482,57210129.43902654
Portfolio 1,3483,0.0
Portfolio 1,3484,15293720.473836454
Portfolio 1,3485,20970760.547198445
Portfolio 1,3486,0.0
Portfolio 1,3487,0.0
Portfolio 1,3488,15127461.929963065
Portfolio 1,3489,25044943.58595808
Portfolio 1,3490,9315793.656333294
Portfolio 1,3491,22726464.284099244
Portfolio 1,3492,0.0
Portfolio 1,3493,10845671.861959005
Portfolio 1,3494,5444546.850261398
Portfolio 1,3495,0.0
Portfolio 1,3496,9097016.890408562
Portfolio 1,3497,0.0
Portfolio 1,3498,10723682.894710481
Portfolio 1,3499,0.0
Portfolio 1,3500,10577543.119832845
Portfolio 1,3501,0.0
Portfolio 1,3502,11428295.851894356
Portfolio 1,3503,0.0
Portfolio 1,3504,0.0
Portfolio 1,3505,5960573.837092887
Portfolio 1,3506,10723682.894710481
Portfolio 1,3507,0.0
Portfolio 1,3508,0.0
Portfolio 1,3509,0.0
Portfolio 1,3510,0.0
Portfolio 1,3511,0.0
Portfolio 1,3512,0.0
Portfolio 1,3513,0.0
Portfolio 1,3514,6316554.945955662
Portfolio 1,3515,0.0
Portfolio 1,3516,0.0
Portfolio 1,3517,28883355.73033806
Portfolio 1,3518,0.0
Portfolio 1,3519,0.0
Portfolio 1,3520,40123486.52198871
Portfolio 1,3521,0.0
Portfolio 1,3522,46385411.57123642
Portfolio 1,3523,11428295.851894356
Portfolio 1,3524,0.0
Portfolio 1,3525,0.0
Portfolio 1,3526,3909670.548554421
Portfolio 1,3527,0.0
Portfolio 1,3528,0.0
Portfolio 1,3529,25973133.79192207
Portfolio 1,3530,10845671.861959005
Portfolio 1,3531,0.0
Portfolio 1,3532,0.0
Portfolio 1,3533,7613503.072815756
Portfolio 1,3534,34165249.65730691
Portfolio 1,3535,0.0
Portfolio 1,3536,0.0
Portfolio 1,3537,0.0
Portfolio 1,3538,5182259.577388579
Portfolio 1,3539,0.0
Portfolio 1,3540,0.0
Portfolio 1,3541,0.0
Portfolio 1,3542,0.0
Portfolio 1,3543,0.0
Portfolio 1,3544,0.0
Portfolio 1,3545,0.0
Portfolio 1,3546,0.0
Portfolio 1,3547,0.0
Portfolio 1,3548,0.0
Portfolio 1,3549,8842537.327613011
Portfolio 1,3550,0.0
Portfolio 1,3551,0.0
Portfolio 1,3552,29263423.8695729
Portfolio 1,3553,14220223.93252826
Portfolio 1,3554,0.0
Portfolio 1,3555,24132020.265856437
Portfolio 1,3556,0.0
Portfolio 1,3557,0.0
Portfolio 1,3558,0.0
Portfolio 1,3559,0.0
Portfolio 1,3560,29383182.21960055
Portfolio 1,3561,6316554.945955662
Portfolio 1,3562,0.0
Portfolio 1,3563,8868899.02430052
Portfolio 1,3564,0.0
Portfolio 1,3565,0.0
Portfolio 1,3566,8959812.54747052
Portfolio 1,3567,8868899.02430052
Portfolio 1,3568,0.0
Portfolio 1,3569,0.0
Portfolio 1,3570,0.0
Portfolio 1,3571,0.0
Portfolio 1,3572,0.0
Portfolio 1,3573,0.0
Portfolio 1,3574,0.0
Portfolio 1,3575,41043873.67755446
Portfolio 1,3576,2999238.710377632
Portfolio 1,3577,0.0
Portfolio 1,3578,3909670.548554421
Portfolio 1,3579,0.0
Portfolio 1,3580,0.0
Portfolio 1,3581,0.0
Portfolio 1,3582,0.0
Portfolio 1,3583,0.0
Portfolio 1,3584,0.0
Portfolio 1,3585,12178320.841756614
Portfolio 1,3586,5960573.837092887
Portfolio 1,3587,2999238.710377632
Portfolio 1,3588,0.0
Portfolio 1,3589,0.0
Portfolio 1,3590,0.0
Portfolio 1,3591,5864517.916904203
Portfolio 1,3592,0.0
Portfolio 1,3593,0.0
Portfolio 1,3594,30743940.362079762
Portfolio 1,3595,0.0
Portfolio 1,3596,0.0
Portfolio 1,3597,5960573.837092887
Portfolio 1,3598,0.0
Portfolio 1,3599,2999238.710377632
Portfolio 1,3600,15127461.929963065
Portfolio 1,3601,0.0
Portfolio 1,3602,22511638.956607513
Portfolio 1,3603,0.0
Portfolio 1,3604,0.0
Portfolio 1,3605,0.0
Portfolio 1,3606,0.0
Portfolio 1,3607,0.0
Portfolio 1,3608,17510906.764428075
Portfolio 1,3609,26398544.774284873
Portfolio 1,3610,8868899.02430052
Portfolio 1,3611,5182259.577388579
Portfolio 1,3612,14220223.93252826
Portfolio 1,3613,5864517.916904203
Portfolio 1,3614,11340343.460939737
Portfolio 1,3615,0.0
Portfolio 1,3616,0.0
Portfolio 1,3617,0.0
Portfolio 1,3618,0.0
Portfolio 1,3619,0.0
Portfolio 1,3620,0.0
Portfolio 1,3621,19095124.5188106
Portfolio 1,3622,14439093.40519818
Portfolio 1,3623,38081310.489361994
Portfolio 1,3624,15330368.52571554
Portfolio 1,3625,0.0
Portfolio 1,3626,10845671.861959005
Portfolio 1,3627,24347030.89990272
Portfolio 1,3628,0.0
Portfolio 1,3629,31228491.97938697
Portfolio 1,3630,0.0
Portfolio 1,3631,12178320.841756614
Portfolio 1,3632,19041798.924710114
Portfolio 1,3633,0.0
Portfolio 1,3634,0.0
Portfolio 1,3635,0.0
Portfolio 1,3636,0.0
Portfolio 1,3637,0.0
Portfolio 1,3638,5843298.617235378
Portfolio 1,3639,9097016.890408562
Portfolio 1,3640,0.0
Portfolio 1,3641,26787803.26434312
Portfolio 1,3642,0.0
Portfolio 1,3643,0.0
Portfolio 1,3644,0.0
Portfolio 1,3645,19037132.478517488
Portfolio 1,3646,19474910.816608097
Portfolio 1,3647,10723682.894710481
Portfolio 1,3648,0.0
Portfolio 1,3649,0.0
Portfolio 1,3650,26995034.374203406
Portfolio 1,3651,0.0
Portfolio 1,3652,0.0
Portfolio 1,3653,5182259.577388579
Portfolio 1,3654,0.0
Portfolio 1,3655,0.0
Portfolio 1,3656,12178320.841756614
Portfolio 1,3657,0.0
Portfolio 1,3658,60423499.66706015
Portfolio 1,3659,2999238.710377632
Portfolio 1,3660,0.0
Portfolio 1,3661,3909670.548554421
Portfolio 1,3662,17455059.878443703
Portfolio 1,3663,0.0
Portfolio 1,3664,2999238.710377632
Portfolio 1,3665,0.0
Portfolio 1,3666,16087991.390311034
Portfolio 1,3667,0.0
Portfolio 1,3668,10723682.894710481
Portfolio 1,3669,0.0
Portfolio 1,3670,0.0
Portfolio 1,3671,15127461.929963065
Portfolio 1,3672,0.0
Portfolio 1,3673,12778569.57285494
Portfolio 1,3674,0.0
Portfolio 1,3675,9097016.890408562
Portfolio 1,3676,0.0
Portfolio 1,3677,0.0
Portfolio 1,3678,7384177.026644446
Portfolio 1,3679,0.0
Portfolio 1,3680,9097016.890408562
Portfolio 1,3681,11142833.414481465
Portfolio 1,3682,5843298.617235378
Portfolio 1,3683,15127461.929963065
Portfolio 1,3684,0.0
Portfolio 1,3685,0.0
Portfolio 1,3686,10502839.911227165
Portfolio 1,3687,0.0
Portfolio 1,3688,0.0
Portfolio 1,3689,0.0
Portfolio 1,3690,0.0
Portfolio 1,3691,0.0
Portfolio 1,3692,6316554.945955662
Portfolio 1,3693,0.0
Portfolio 1,3694,17455059.878443703
Portfolio 1,3695,0.0
Portfolio 1,3696,0.0
Portfolio 1,3697,5960573.837092887
Portfolio 1,3698,10845671.861959005
Portfolio 1,3699,0.0
Portfolio 1,3700,0.0
Portfolio 1,3701,0.0
Portfolio 1,3702,0.0
Portfolio 1,3703,25973133.79192207
Portfolio 1,3704,0.0
Portfolio 1,3705,15330368.52571554
Portfolio 1,3706,0.0
Portfolio 1,3707,19562497.868401058
Portfolio 1,3708,0.0
Portfolio 1,3709,0.0
Portfolio 1,3710,0.0
Portfolio 1,3711,33409030.218099505
Portfolio 1,3712,10845671.861959005
Portfolio 1,3713,0.0
Portfolio 1,3714,29943246.18185357
Portfolio 1,3715,0.0
Portfolio 1,3716,19402483.50991684
Portfolio 1,3717,0.0
Portfolio 1,3718,0.0
Portfolio 1,3719,5395283.542444266
Portfolio 1,3720,0.0
Portfolio 1,3721,0.0
Portfolio 1,3722,0.0
Portfolio 1,3723,19402483.50991684
Portfolio 1,3724,44597155.84816989
Portfolio 1,3725,17510906.764428075
Portfolio 1,3726,5864517.916904203
Portfolio 1,3727,0.0
Portfolio 1,3728,0.0
Portfolio 1,3729,0.0
Portfolio 1,3730,0.0
Portfolio 1,3731,0.0
Portfolio 1,3732,0.0
Portfolio 1,3733,70045607.91732056
Portfolio 1,3734,0.0
Portfolio 1,3735,16027931.439347584
Portfolio 1,3736,0.0
Portfolio 1,3737,0.0
Portfolio 1,3738,0.0
Portfolio 1,3739,21823270.431842625
Portfolio 1,3740,18811706.97107926
Portfolio 1,3741,15127461.929963065
Portfolio 1,3742,14439093.40519818
Portfolio 1,3743,0.0
Portfolio 1,3744,15127461.929963065
Portfolio 1,3745,0.0
Portfolio 1,3746,0.0
Portfolio 1,3747,89833009.62118757
Portfolio 1,3748,0.0
Portfolio 1,3749,0.0
Portfolio 1,3750,27378579.803180695
Portfolio 1,3751,0.0
Portfolio 1,3752,0.0
Portfolio 1,3753,7384177.026644446
Portfolio 1,3754,5182259.577388579
Portfolio 1,3755,0.0
Portfolio 1,3756,10723682.894710481
Portfolio 1,3757,0.0
Portfolio 1,3758,0.0
Portfolio 1,3759,0.0
Portfolio 1,3760,0.0
Portfolio 1,3761,0.0
Portfolio 1,3762,21646923.4716712
Portfolio 1,3763,17510906.764428075
Portfolio 1,3764,0.0
Portfolio 1,3765,0.0
Portfolio 1,3766,0.0
Portfolio 1,3767,11761101.79621706
Portfolio 1,3768,0.0
Portfolio 1,3769,0.0
Portfolio 1,3770,0.0
Portfolio 1,3771,0.0
Portfolio 1,3772,0.0
Portfolio 1,3773,13158355.870652435
Portfolio 1,3774,10502839.911227165
Portfolio 1,3775,0.0
Portfolio 1,3776,0.0
Portfolio 1,3777,0.0
Portfolio 1,3778,21604400.959172703
Portfolio 1,3779,47155516.81198788
Portfolio 1,3780,0.0
Portfolio 1,3781,30613415.74909614
Portfolio 1,3782,0.0
Portfolio 1,3783,12178320.841756614
Portfolio 1,3784,19118929.70774532
Portfolio 1,3785,0.0
Portfolio 1,3786,0.0
Portfolio 1,3787,0.0
Portfolio 1,3788,12178320.841756614
Portfolio 1,3789,0.0
Portfolio 1,3790,0.0
Portfolio 1,3791,0.0
Portfolio 1,3792,13248694.94354865
Portfolio 1,3793,0.0
Portfolio 1,3794,0.0
Portfolio 1,3795,0.0
Portfolio 1,3796,0.0
Portfolio 1,3797,8868899.02430052
Portfolio 1,3798,0.0
Portfolio 1,3799,13158355.870652435
Portfolio 1,3800,2999238.710377632
Portfolio 1,3801,43801056.325129904
Portfolio 1,3802,21823270.431842625
Portfolio 1,3803,27849671.32621894
Portfolio 1,3804,14439093.40519818
Portfolio 1,3805,0.0
Portfolio 1,3806,0.0
Portfolio 1,3807,0.0
Portfolio 1,3808,15127461.929963065
Portfolio 1,3809,12178320.841756614
Portfolio 1,3810,0.0
Portfolio 1,3811,13629447.393690683
Portfolio 1,3812,0.0
Portfolio 1,3813,0.0
Portfolio 1,3814,0.0
Portfolio 1,3815,15127461.929963065
Portfolio 1,3816,13629447.393690683
Portfolio 1,3817,5395283.542444266
Portfolio 1,3818,0.0
Portfolio 1,3819,0.0
Portfolio 1,3820,0.0
Portfolio 1,3821,0.0
Portfolio 1,3822,0.0
Portfolio 1,3823,0.0
Portfolio 1,3824,0.0
Portfolio 1,3825,10845671.861959005
Portfolio 1,3826,0.0
Portfolio 1,3827,0.0
Portfolio 1,3828,10845671.861959005
Portfolio 1,3829,5182259.577388579
Portfolio 1,3830,0.0
Portfolio 1,3831,8868899.02430052
Portfolio 1,3832,0.0
Portfolio 1,3833,0.0
Portfolio 1,3834,0.0
Portfolio 1,3835,43327604.025818
Portfolio 1,3836,0.0
Portfolio 1,3837,0.0
Portfolio 1,3838,0.0
Portfolio 1,3839,0.0
Portfolio 1,3840,17510906.764428075
Portfolio 1,3841,26670711.986655276
Portfolio 1,3842,5182259.577388579
Portfolio 1,3843,0.0
Portfolio 1,3844,11287845.467496775
Portfolio 1,3845,0.0
Portfolio 1,3846,0.0
Portfolio 1,3847,0.0
Portfolio 1,3848,11340343.460939737
Portfolio 1,3849,0.0
Portfolio 1,3850,0.0
Portfolio 1,3851,0.0
Portfolio 1,3852,0.0
Portfolio 1,3853,0.0
Portfolio 1,3854,0.0
Portfolio 1,3855,18138894.6788495
Portfolio 1,3856,16806245.69905189
Portfolio 1,3857,10502839.911227165
Portfolio 1,3858,0.0
Portfolio 1,3859,10845671.861959005
Portfolio 1,3860,0.0
Portfolio 1,3861,0.0
Portfolio 1,3862,5395283.542444266
Portfolio 1,3863,17510906.764428075
Portfolio 1,3864,0.0
Portfolio 1,3865,0.0
Portfolio 1,3866,0.0
Portfolio 1,3867,0.0
Portfolio 1,3868,0.0
Portfolio 1,3869,0.0
Portfolio 1,3870,0.0
Portfolio 1,3871,42395476.16924824
Portfolio 1,3872,0.0
Portfolio 1,3873,0.0
Portfolio 1,3874,0.0
Portfolio 1,3875,0.0
Portfolio 1,3876,0.0
Portfolio 1,3877,13158355.870652435
Portfolio 1,3878,0.0
Portfolio 1,3879,24132287.30491785
Portfolio 1,3880,0.0
Portfolio 1,3881,0.0
Portfolio 1,3882,2999238.710377632
Portfolio 1,3883,52370268.16767611
Portfolio 1,3884,0.0
Portfolio 1,3885,0.0
Portfolio 1,3886,0.0
Portfolio 1,3887,18953846.533755492
Portfolio 1,3888,0.0
Portfolio 1,3889,0.0
Portfolio 1,3890,0.0
Portfolio 1,3891,0.0
Portfolio 1,3892,17510906.764428075
Portfolio 1,3893,12178320.841756614
Portfolio 1,3894,30461179.336931527
Portfolio 1,3895,0.0
Portfolio 1,3896,0.0
Portfolio 1,3897,0.0
Portfolio 1,3898,0.0
Portfolio 1,3899,0.0
Portfolio 1,3900,8868899.02430052
Portfolio 1,3901,6316554.945955662
Portfolio 1,3902,34617286.68635837
Portfolio 1,3903,0.0
Portfolio 1,3904,0.0
Portfolio 1,3905,0.0
Portfolio 1,3906,13158355.870652435
Portfolio 1,3907,17510906.764428075
Portfolio 1,3908,34449298.23346086
Portfolio 1,3909,17510906.764428075
Portfolio 1,3910,0.0
Portfolio 1,3911,0.0
Portfolio 1,3912,0.0
Portfolio 1,3913,0.0
Portfolio 1,3914,0.0
Portfolio 1,3915,13478020.989719959
Portfolio 1,3916,0.0
Portfolio 1,3917,0.0
Portfolio 1,3918,0.0
Portfolio 1,3919,0.0
Portfolio 1,3920,15127461.929963065
Portfolio 1,3921,0.0
Portfolio 1,3922,0.0
Portfolio 1,3923,0.0
Portfolio 1,3924,0.0
Portfolio 1,3925,5182259.577388579
Portfolio 1,3926,0.0
Portfolio 1,3927,0.0
Portfolio 1,3928,0.0
Portfolio 1,3929,13629447.393690683
Portfolio 1,3930,0.0
Portfolio 1,3931,0.0
Portfolio 1,3932,0.0
Portfolio 1,3933,14439093.40519818
Portfolio 1,3934,0.0
Portfolio 1,3935,9097016.890408562
Portfolio 1,3936,0.0
Portfolio 1,3937,0.0
Portfolio 1,3938,0.0
Portfolio 1,3939,17887016.937871613
Portfolio 1,3940,10502839.911227165
Portfolio 1,3941,0.0
Portfolio 1,3942,0.0
Portfolio 1,3943,0.0
Portfolio 1,3944,5395283.542444266
Portfolio 1,3945,0.0
Portfolio 1,3946,15035003.375447877
Portfolio 1,3947,0.0
Portfolio 1,3948,0.0
Portfolio 1,3949,10502839.911227165
Portfolio 1,3950,0.0
Portfolio 1,3951,25537843.286675043
Portfolio 1,3952,0.0
Portfolio 1,3953,0.0
Portfolio 1,3954,0.0
Portfolio 1,3955,0.0
Portfolio 1,3956,14439093.40519818
Portfolio 1,3957,16290218.712220402
Portfolio 1,3958,15330368.52571554
Portfolio 1,3959,0.0
Portfolio 1,3960,19942688.752367567
Portfolio 1,3961,0.0
Portfolio 1,3962,0.0
Portfolio 1,3963,0.0
Portfolio 1,3964,0.0
Portfolio 1,3965,10723682.894710481
Portfolio 1,3966,0.0
Portfolio 1,3967,0.0
Portfolio 1,3968,24655005.588314638
Portfolio 1,3969,0.0
Portfolio 1,3970,5960573.837092887
Portfolio 1,3971,5864517.916904203
Portfolio 1,3972,0.0
Portfolio 1,3973,0.0
Portfolio 1,3974,0.0
Portfolio 1,3975,0.0
Portfolio 1,3976,0.0
Portfolio 1,3977,0.0
Portfolio 1,3978,0.0
Portfolio 1,3979,0.0
Portfolio 1,3980,0.0
Portfolio 1,3981,0.0
Portfolio 1,3982,0.0
Portfolio 1,3983,0.0
Portfolio 1,3984,20512628.10310412
Portfolio 1,3985,0.0
Portfolio 1,3986,15127461.929963065
Portfolio 1,3987,0.0
Portfolio 1,3988,0.0
Portfolio 1,3989,0.0
Portfolio 1,3990,34625024.60623145
Portfolio 1,3991,39737115.01067412
Portfolio 1,3992,0.0
Portfolio 1,3993,17040237.840666145
Portfolio 1,3994,0.0
Portfolio 1,3995,31918569.337330222
Portfolio 1,3996,28178742.773154184
Portfolio 1,3997,28193359.246100314
Portfolio 1,3998,0.0
Portfolio 1,3999,0.0
Portfolio 1,4000,0.0
Portfolio 1,4001,8868899.02430052
Portfolio 1,4002,0.0
Portfolio 1,4003,5182259.577388579
Portfolio 1,4004,0.0
Portfolio 1,4005,14199271.723999074
Portfolio 1,4006,10845671.861959005
Portfolio 1,4007,16463413.74832005
Portfolio 1,4008,6316554.945955662
Portfolio 1,4009,0.0
Portfolio 1,4010,9097016.890408562
Portfolio 1,4011,0.0
Portfolio 1,4012,0.0
Portfolio 1,4013,37191488.28561328
Portfolio 1,4014,0.0
Portfolio 1,4015,31950000.169626255
Portfolio 1,4016,0.0
Portfolio 1,4017,0.0
Portfolio 1,4018,14199271.723999074
Portfolio 1,4019,7613503.072815756
Portfolio 1,4020,0.0
Portfolio 1,4021,0.0
Portfolio 1,4022,28659317.337726437
Portfolio 1,4023,2999238.710377632
Portfolio 1,4024,0.0
Portfolio 1,4025,3909670.548554421
Portfolio 1,4026,0.0
Portfolio 1,4027,0.0
Portfolio 1,4028,0.0
Portfolio 1,4029,0.0
Portfolio 1,4030,0.0
Portfolio 1,4031,0.0
Portfolio 1,4032,22273967.71385336
Portfolio 1,4033,0.0
Portfolio 1,4034,14439093.40519818
Portfolio 1,4035,10723682.894710481
Portfolio 1,4036,0.0
Portfolio 1,4037,10723682.894710481
Portfolio 1,4038,0.0
Portfolio 1,4039,0.0
Portfolio 1,4040,10502839.911227165
Portfolio 1,4041,0.0
Portfolio 1,4042,15330368.52571554
Portfolio 1,4043,43978712.15533088
Portfolio 1,4044,0.0
Portfolio 1,4045,0.0
Portfolio 1,4046,0.0
Portfolio 1,4047,0.0
Portfolio 1,4048,0.0
Portfolio 1,4049,0.0
Portfolio 1,4050,0.0
Portfolio 1,4051,42636151.29743522
Portfolio 1,4052,0.0
Portfolio 1,4053,10723682.894710481
Portfolio 1,4054,24586651.722546794
Portfolio 1,4055,28939202.61632243
Portfolio 1,4056,14439093.40519818
Portfolio 1,4057,13158355.870652435
Portfolio 1,4058,0.0
Portfolio 1,4059,0.0
Portfolio 1,4060,0.0
Portfolio 1,4061,0.0
Portfolio 1,4062,0.0
Portfolio 1,4063,0.0
Portfolio 1,4064,0.0
Portfolio 1,4065,0.0
Portfolio 1,4066,5843298.617235378
Portfolio 1,4067,0.0
Portfolio 1,4068,0.0
Portfolio 1,4069,28300731.740402706
Portfolio 1,4070,0.0
Portfolio 1,4071,10502839.911227165
Portfolio 1,4072,14220223.93252826
Portfolio 1,4073,23415633.71553659
Portfolio 1,4074,2999238.710377632
Portfolio 1,4075,0.0
Portfolio 1,4076,5444546.850261398
Portfolio 1,4077,11340343.460939737
Portfolio 1,4078,10845671.861959005
Portfolio 1,4079,0.0
Portfolio 1,4080,0.0
Portfolio 1,4081,0.0
Portfolio 1,4082,13006687.438962983
Portfolio 1,4083,0.0
Portfolio 1,4084,32022223.132252146
Portfolio 1,4085,0.0
Portfolio 1,4086,10723682.894710481
Portfolio 1,4087,0.0
Portfolio 1,4088,0.0
Portfolio 1,4089,0.0
Portfolio 1,4090,0.0
Portfolio 1,4091,11428295.851894356
Portfolio 1,4092,0.0
Portfolio 1,4093,0.0
Portfolio 1,4094,0.0
Portfolio 1,4095,0.0
Portfolio 1,4096,13344750.863737334
Portfolio 1,4097,0.0
Portfolio 1,4098,24665318.899708264
Portfolio 1,4099,12178320.841756614
Portfolio 1,4100,7384177.026644446
Portfolio 1,4101,35521896.74994247
Portfolio 1,4102,19371738.935527682
Portfolio 1,4103,0.0
Portfolio 1,4104,0.0
Portfolio 1,4105,0.0
Portfolio 1,4106,0.0
Portfolio 1,4107,0.0
Portfolio 1,4108,0.0
Portfolio 1,4109,0.0
Portfolio 1,4110,0.0
Portfolio 1,4111,0.0
Portfolio 1,4112,0.0
Portfolio 1,4113,0.0
Portfolio 1,4114,14439093.40519818
Portfolio 1,4115,0.0
Portfolio 1,4116,0.0
Portfolio 1,4117,0.0
Portfolio 1,4118,54490956.45215703
Portfolio 1,4119,14439093.40519818
Portfolio 1,4120,0.0
Portfolio 1,4121,13629447.393690683
Portfolio 1,4122,14439093.40519818
Portfolio 1,4123,0.0
Portfolio 1,4124,0.0
Portfolio 1,4125,0.0
Portfolio 1,4126,5395283.542444266
Portfolio 1,4127,0.0
Portfolio 1,4128,0.0
Portfolio 1,4129,0.0
Portfolio 1,4130,0.0
Portfolio 1,4131,0.0
Portfolio 1,4132,5182259.577388579
Portfolio 1,4133,0.0
Portfolio 1,4134,0.0
Portfolio 1,4135,0.0
Portfolio 1,4136,19371738.935527682
Portfolio 1,4137,5395283.542444266
Portfolio 1,4138,0.0
Portfolio 1,4139,0.0
Portfolio 1,4140,0.0
Portfolio 1,4141,14439093.40519818
Portfolio 1,4142,0.0
Portfolio 1,4143,5444546.850261398
Portfolio 1,4144,0.0
Portfolio 1,4145,18021619.458991993
Portfolio 1,4146,57917140.35377309
Portfolio 1,4147,17510906.764428075
Portfolio 1,4148,0.0
Portfolio 1,4149,0.0
Portfolio 1,4150,0.0
Portfolio 1,4151,7613503.072815756
Portfolio 1,4152,0.0
Portfolio 1,4153,0.0
Portfolio 1,4154,8959812.54747052
Portfolio 1,4155,0.0
Portfolio 1,4156,0.0
Portfolio 1,4157,0.0
Portfolio 1,4158,0.0
Portfolio 1,4159,0.0
Portfolio 1,4160,0.0
Portfolio 1,4161,0.0
Portfolio 1,4162,0.0
Portfolio 1,4163,0.0
Portfolio 1,4164,23882038.76536292
Portfolio 1,4165,0.0
Portfolio 1,4166,0.0
Portfolio 1,4167,5395283.542444266
Portfolio 1,4168,0.0
Portfolio 1,4169,0.0
Portfolio 1,4170,17510906.764428075
Portfolio 1,4171,5444546.850261398
Portfolio 1,4172,0.0
Portfolio 1,4173,11340343.460939737
Portfolio 1,4174,24199267.55001606
Portfolio 1,4175,22186015.32289874
Portfolio 1,4176,0.0
Portfolio 1,4177,0.0
Portfolio 1,4178,0.0
Portfolio 1,4179,0.0
Portfolio 1,4180,0.0
Portfolio 1,4181,0.0
Portfolio 1,4182,0.0
Portfolio 1,4183,7384177.026644446
Portfolio 1,4184,0.0
Portfolio 1,4185,5960573.837092887
Portfolio 1,4186,0.0
Portfolio 1,4187,0.0
Portfolio 1,4188,0.0
Portfolio 1,4189,0.0
Portfolio 1,4190,0.0
Portfolio 1,4191,14220223.93252826
Portfolio 1,4192,10502839.911227165
Portfolio 1,4193,0.0
Portfolio 1,4194,26787803.26434312
Portfolio 1,4195,56393546.97295089
Portfolio 1,4196,0.0
Portfolio 1,4197,0.0
Portfolio 1,4198,13478020.989719959
Portfolio 1,4199,48036754.13087832
Portfolio 1,4200,0.0
Portfolio 1,4201,10723682.894710481
Portfolio 1,4202,6316554.945955662
Portfolio 1,4203,30624088.999551993
Portfolio 1,4204,15035003.375447877
Portfolio 1,4205,9097016.890408562
Portfolio 1,4206,13158355.870652435
Portfolio 1,4207,0.0
Portfolio 1,4208,11868137.734678151
Portfolio 1,4209,29669025.670633025
Portfolio 1,4210,22255372.761060998
Portfolio 1,4211,0.0
Portfolio 1,4212,0.0
Portfolio 1,4213,0.0
Portfolio 1,4214,33751862.16883135
Portfolio 1,4215,0.0
Portfolio 1,4216,0.0
Portfolio 1,4217,0.0
Portfolio 1,4218,0.0
Portfolio 1,4219,0.0
Portfolio 1,4220,67302533.55944297
Portfolio 1,4221,33915588.66392677
Portfolio 1,4222,0.0
Portfolio 1,4223,0.0
Portfolio 1,4224,10502839.911227165
Portfolio 1,4225,0.0
Portfolio 1,4226,5395283.542444266
Portfolio 1,4227,0.0
Portfolio 1,4228,0.0
Portfolio 1,4229,0.0
Portfolio 1,4230,0.0
Portfolio 1,4231,37991500.176814504
Portfolio 1,4232,0.0
Portfolio 1,4233,25630301.84119023
Portfolio 1,4234,0.0
Portfolio 1,4235,12096255.600786194
Portfolio 1,4236,7384177.026644446
Portfolio 1,4237,0.0
Portfolio 1,4238,2999238.710377632
Portfolio 1,4239,0.0
Portfolio 1,4240,0.0
Portfolio 1,4241,5395283.542444266
Portfolio 1,4242,17510906.764428075
Portfolio 1,4243,0.0
Portfolio 1,4244,0.0
Portfolio 1,4245,0.0
Portfolio 1,4246,0.0
Portfolio 1,4247,0.0
Portfolio 1,4248,0.0
Portfolio 1,4249,0.0
Portfolio 1,4250,0.0
Portfolio 1,4251,0.0
Portfolio 1,4252,0.0
Portfolio 1,4253,0.0
Portfolio 1,4254,13158355.870652435
Portfolio 1,4255,0.0
Portfolio 1,4256,0.0
Portfolio 1,4257,26555757.781857423
Portfolio 1,4258,0.0
Portfolio 1,4259,10845671.861959005
Portfolio 1,4260,0.0
Portfolio 1,4261,0.0
Portfolio 1,4262,12178320.841756614
Portfolio 1,4263,0.0
Portfolio 1,4264,0.0
Portfolio 1,4265,0.0
Portfolio 1,4266,0.0
Portfolio 1,4267,0.0
Portfolio 1,4268,68594975.54795043
Portfolio 1,4269,5395283.542444266
Portfolio 1,4270,0.0
Portfolio 1,4271,5843298.617235378
Portfolio 1,4272,0.0
Portfolio 1,4273,29769461.930913717
Portfolio 1,4274,25758686.270158358
Portfolio 1,4275,31407608.590524226
Portfolio 1,4276,0.0
Portfolio 1,4277,0.0
Portfolio 1,4278,0.0
Portfolio 1,4279,0.0
Portfolio 1,4280,12178320.841756614
Portfolio 1,4281,0.0
Portfolio 1,4282,8868899.02430052
Portfolio 1,4283,0.0
Portfolio 1,4284,0.0
Portfolio 1,4285,11428295.851894356
Portfolio 1,4286,0.0
Portfolio 1,4287,12178320.841756614
Portfolio 1,4288,0.0
Portfolio 1,4289,11340343.460939737
Portfolio 1,4290,0.0
Portfolio 1,4291,0.0
Portfolio 1,4292,0.0
Portfolio 1,4293,0.0
Portfolio 1,4294,0.0
Portfolio 1,4295,0.0
Portfolio 1,4296,10723682.894710481
Portfolio 1,4297,5843298.617235378
Portfolio 1,4298,0.0
Portfolio 1,4299,0.0
Portfolio 1,4300,18116342.98404292
Portfolio 1,4301,0.0
Portfolio 1,4302,0.0
Portfolio 1,4303,43085361.71963394
Portfolio 1,4304,0.0
Portfolio 1,4305,5444546.850261398
Portfolio 1,4306,11428295.851894356
Portfolio 1,4307,14439093.40519818
Portfolio 1,4308,0.0
Portfolio 1,4309,0.0
Portfolio 1,4310,0.0
Portfolio 1,4311,0.0
Portfolio 1,4312,0.0
Portfolio 1,4313,0.0
Portfolio 1,4314,0.0
Portfolio 1,4315,0.0
Portfolio 1,4316,0.0
Portfolio 1,4317,17510906.764428075
Portfolio 1,4318,0.0
Portfolio 1,4319,0.0
Portfolio 1,4320,0.0
Portfolio 1,4321,10845671.861959005
Portfolio 1,4322,10723682.894710481
Portfolio 1,4323,0.0
Portfolio 1,4324,0.0
Portfolio 1,4325,0.0
Portfolio 1,4326,0.0
Portfolio 1,4327,40787468.36163074
Portfolio 1,4328,0.0
Portfolio 1,4329,0.0
Portfolio 1,4330,0.0
Portfolio 1,4331,0.0
Portfolio 1,4332,39784632.323959745
Portfolio 1,4333,0.0
Portfolio 1,4334,0.0
Portfolio 1,4335,0.0
Portfolio 1,4336,12178320.841756614
Portfolio 1,4337,33318201.431744397
Portfolio 1,4338,0.0
Portfolio 1,4339,49811966.063930035
Portfolio 1,4340,0.0
Portfolio 1,4341,0.0
Portfolio 1,4342,0.0
Portfolio 1,4343,0.0
Portfolio 1,4344,0.0
Portfolio 1,4345,9097016.890408562
Portfolio 1,4346,0.0
Portfolio 1,4347,0.0
Portfolio 1,4348,27677025.622579392
Portfolio 1,4349,11340343.460939737
Portfolio 1,4350,28013746.67565524
Portfolio 1,4351,28638365.129197255
Portfolio 1,4352,0.0
Portfolio 1,4353,0.0
Portfolio 1,4354,11340343.460939737
Portfolio 1,4355,0.0
Portfolio 1,4356,0.0
Portfolio 1,4357,0.0
Portfolio 1,4358,0.0
Portfolio 1,4359,0.0
Portfolio 1,4360,0.0
Portfolio 1,4361,0.0
Portfolio 1,4362,5395283.542444266
Portfolio 1,4363,0.0
Portfolio 1,4364,0.0
Portfolio 1,4365,0.0
Portfolio 1,4366,0.0
Portfolio 1,4367,26722016.325730808
Portfolio 1,4368,0.0
Portfolio 1,4369,0.0
Portfolio 1,4370,0.0
Portfolio 1,4371,8868899.02430052
Portfolio 1,4372,20725652.068159804
Portfolio 1,4373,0.0
Portfolio 1,4374,0.0
Portfolio 1,4375,0.0
Portfolio 1,4376,0.0
Portfolio 1,4377,5843298.617235378
Portfolio 1,4378,0.0
Portfolio 1,4379,0.0
Portfolio 1,4380,17204861.37784394
Portfolio 1,4381,0.0
Portfolio 1,4382,0.0
Portfolio 1,4383,10502839.911227165
Portfolio 1,4384,0.0
Portfolio 1,4385,0.0
Portfolio 1,4386,17455059.878443703
Portfolio 1,4387,15127461.929963065
Portfolio 1,4388,23827461.710383736
Portfolio 1,4389,20515826.669954736
Portfolio 1,4390,0.0
Portfolio 1,4391,0.0
Portfolio 1,4392,0.0
Portfolio 1,4393,11340343.460939737
Portfolio 1,4394,0.0
Portfolio 1,4395,0.0
Portfolio 1,4396,7613503.072815756
Portfolio 1,4397,25627567.575893432
Portfolio 1,4398,10723682.894710481
Portfolio 1,4399,0.0
Portfolio 1,4400,0.0
Portfolio 1,4401,0.0
Portfolio 1,4402,0.0
Portfolio 1,4403,2999238.710377632
Portfolio 1,4404,11428295.851894356
Portfolio 1,4405,10723682.894710481
Portfolio 1,4406,17455059.878443703
Portfolio 1,4407,5395283.542444266
Portfolio 1,4408,10502839.911227165
Portfolio 1,4409,0.0
Portfolio 1,4410,0.0
Portfolio 1,4411,3909670.548554421
Portfolio 1,4412,17510906.764428075
Portfolio 1,4413,10723682.894710481
Portfolio 1,4414,44364987.404026106
Portfolio 1,4415,14199271.723999074
Portfolio 1,4416,0.0
Portfolio 1,4417,0.0
Portfolio 1,4418,14492300.432852829
Portfolio 1,4419,0.0
Portfolio 1,4420,92103022.06520885
Portfolio 1,4421,0.0
Portfolio 1,4422,0.0
Portfolio 1,4423,0.0
Portfolio 1,4424,0.0
Portfolio 1,4425,0.0
Portfolio 1,4426,11340343.460939737
Portfolio 1,4427,0.0
Portfolio 1,4428,0.0
Portfolio 1,4429,0.0
Portfolio 1,4430,0.0
Portfolio 1,4431,22683912.77408703
Portfolio 1,4432,68170731.33160739
Portfolio 1,4433,0.0
Portfolio 1,4434,15127461.929963065
Portfolio 1,4435,15127461.929963065
Portfolio 1,4436,0.0
Portfolio 1,4437,10845671.861959005
Portfolio 1,4438,0.0
Portfolio 1,4439,0.0
Portfolio 1,4440,0.0
Portfolio 1,4441,8868899.02430052
Portfolio 1,4442,0.0
Portfolio 1,4443,0.0
Portfolio 1,4444,0.0
Portfolio 1,4445,10723682.894710481
Portfolio 1,4446,0.0
Portfolio 1,4447,0.0
Portfolio 1,4448,0.0
Portfolio 1,4449,0.0
Portfolio 1,4450,0.0
Portfolio 1,4451,0.0
Portfolio 1,4452,0.0
Portfolio 1,4453,0.0
Portfolio 1,4454,0.0
Portfolio 1,4455,0.0
Portfolio 1,4456,0.0
Portfolio 1,4457,16482402.097116277
Portfolio 1,4458,7384177.026644446
Portfolio 1,4459,44747308.72803747
Portfolio 1,4460,0.0
Portfolio 1,4461,0.0
Portfolio 1,4462,0.0
Portfolio 1,4463,0.0
Portfolio 1,4464,0.0
Portfolio 1,4465,0.0
Portfolio 1,4466,13629447.393690683
Portfolio 1,4467,0.0
Portfolio 1,4468,0.0
Portfolio 1,4469,0.0
Portfolio 1,4470,11340343.460939737
Portfolio 1,4471,0.0
Portfolio 1,4472,0.0
Portfolio 1,4473,0.0
Portfolio 1,4474,0.0
Portfolio 1,4475,0.0
Portfolio 1,4476,0.0
Portfolio 1,4477,0.0
Portfolio 1,4478,0.0
Portfolio 1,4479,17656898.4068954
Portfolio 1,4480,0.0
Portfolio 1,4481,14439093.40519818
Portfolio 1,4482,0.0
Portfolio 1,4483,0.0
Portfolio 1,4484,0.0
Portfolio 1,4485,5182259.577388579
Portfolio 1,4486,0.0
Portfolio 1,4487,0.0
Portfolio 1,4488,0.0
Portfolio 1,4489,0.0
Portfolio 1,4490,0.0
Portfolio 1,4491,10845671.861959005
Portfolio 1,4492,0.0
Portfolio 1,4493,0.0
Portfolio 1,4494,29255227.307976134
Portfolio 1,4495,0.0
Portfolio 1,4496,0.0
Portfolio 1,4497,0.0
Portfolio 1,4498,0.0
Portfolio 1,4499,15898123.453671431
Portfolio 1,4500,0.0
Portfolio 1,4501,6316554.945955662
Portfolio 1,4502,46025832.75299029
Portfolio 1,4503,2999238.710377632
Portfolio 1,4504,0.0
Portfolio 1,4505,0.0
Portfolio 1,4506,15330368.52571554
Portfolio 1,4507,15330368.52571554
Portfolio 1,4508,0.0
Portfolio 1,4509,0.0
Portfolio 1,4510,11340343.460939737
Portfolio 1,4511,41710174.31444414
Portfolio 1,4512,0.0
Portfolio 1,4513,29905323.421144
Portfolio 1,4514,0.0
Portfolio 1,4515,0.0
Portfolio 1,4516,14439093.40519818
Portfolio 1,4517,17455059.878443703
Portfolio 1,4518,0.0
Portfolio 1,4519,0.0
Portfolio 1,4520,0.0
Portfolio 1,4521,0.0
Portfolio 1,4522,0.0
Portfolio 1,4523,0.0
Portfolio 1,4524,0.0
Portfolio 1,4525,0.0
Portfolio 1,4526,0.0
Portfolio 1,4527,7384177.026644446
Portfolio 1,4528,0.0
Portfolio 1,4529,0.0
Portfolio 1,4530,0.0
Portfolio 1,4531,0.0
Portfolio 1,4532,0.0
Portfolio 1,4533,0.0
Portfolio 1,4534,7613503.072815756
Portfolio 1,4535,0.0
Portfolio 1,4536,12178320.841756614
Portfolio 1,4537,0.0
Portfolio 1,4538,0.0
Portfolio 1,4539,0.0
Portfolio 1,4540,0.0
Portfolio 1,4541,15035003.375447877
Portfolio 1,4542,0.0
Portfolio 1,4543,32033319.096175887
Portfolio 1,4544,21194886.44261974
Portfolio 1,4545,2999238.710377632
Portfolio 1,4546,0.0
Portfolio 1,4547,0.0
Portfolio 1,4548,14439093.40519818
Portfolio 1,4549,0.0
Portfolio 1,4550,16806245.69905189
Portfolio 1,4551,0.0
Portfolio 1,4552,0.0
Portfolio 1,4553,0.0
Portfolio 1,4554,11340343.460939737
Portfolio 1,4555,0.0
Portfolio 1,4556,11340343.460939737
Portfolio 1,4557,23593165.99073542
Portfolio 1,4558,0.0
Portfolio 1,4559,0.0
Portfolio 1,4560,0.0
Portfolio 1,4561,8868899.02430052
Portfolio 1,4562,0.0
Portfolio 1,4563,0.0
Portfolio 1,4564,0.0
Portfolio 1,4565,0.0
Portfolio 1,4566,10502839.911227165
Portfolio 1,4567,0.0
Portfolio 1,4568,14439093.40519818
Portfolio 1,4569,0.0
Portfolio 1,4570,0.0
Portfolio 1,4571,13629447.393690683
Portfolio 1,4572,0.0
Portfolio 1,4573,0.0
Portfolio 1,4574,0.0
Portfolio 1,4575,0.0
Portfolio 1,4576,0.0
Portfolio 1,4577,15127461.929963065
Portfolio 1,4578,0.0
Portfolio 1,4579,0.0
Portfolio 1,4580,0.0
Portfolio 1,4581,10502839.911227165
Portfolio 1,4582,0.0
Portfolio 1,4583,0.0
Portfolio 1,4584,0.0
Portfolio 1,4585,0.0
Portfolio 1,4586,0.0
Portfolio 1,4587,0.0
Portfolio 1,4588,0.0
Portfolio 1,4589,0.0
Portfolio 1,4590,0.0
Portfolio 1,4591,16253076.050944965
Portfolio 1,4592,0.0
Portfolio 1,4593,0.0
Portfolio 1,4594,63511871.25515969
Portfolio 1,4595,0.0
Portfolio 1,4596,5395283.542444266
Portfolio 1,4597,17510906.764428075
Portfolio 1,4598,0.0
Portfolio 1,4599,10502839.911227165
Portfolio 1,4600,0.0
Portfolio 1,4601,17455059.878443703
Portfolio 1,4602,0.0
Portfolio 1,4603,0.0
Portfolio 1,4604,0.0
Portfolio 1,4605,0.0
Portfolio 1,4606,0.0
Portfolio 1,4607,0.0
Portfolio 1,4608,5444546.850261398
Portfolio 1,4609,11428295.851894356
Portfolio 1,4610,17510906.764428075
Portfolio 1,4611,0.0
Portfolio 1,4612,45839544.326430485
Portfolio 1,4613,0.0
Portfolio 1,4614,0.0
Portfolio 1,4615,12178320.841756614
Portfolio 1,4616,8868899.02430052
Portfolio 1,4617,0.0
Portfolio 1,4618,30731960.254853316
Portfolio 1,4619,2999238.710377632
Portfolio 1,4620,0.0
Portfolio 1,4621,0.0
Portfolio 1,4622,0.0
Portfolio 1,4623,13227475.643879823
Portfolio 1,4624,0.0
Portfolio 1,4625,0.0
Portfolio 1,4626,0.0
Portfolio 1,4627,17656898.4068954
Portfolio 1,4628,0.0
Portfolio 1,4629,0.0
Portfolio 1,4630,0.0
Portfolio 1,4631,15035003.375447877
Portfolio 1,4632,3909670.548554421
Portfolio 1,4633,0.0
Portfolio 1,4634,0.0
Portfolio 1,4635,25833208.436942704
Portfolio 1,4636,74746621.21412866
Portfolio 1,4637,0.0
Portfolio 1,4638,5182259.577388579
Portfolio 1,4639,10845671.861959005
Portfolio 1,4640,70753792.15565716
Portfolio 1,4641,0.0
Portfolio 1,4642,0.0
Portfolio 1,4643,0.0
Portfolio 1,4644,0.0
Portfolio 1,4645,0.0
Portfolio 1,4646,0.0
Portfolio 1,4647,0.0
Portfolio 1,4648,0.0
Portfolio 1,4649,32804627.23826453
Portfolio 1,4650,0.0
Portfolio 1,4651,0.0
Portfolio 1,4652,0.0
Portfolio 1,4653,0.0
Portfolio 1,4654,13629447.393690683
Portfolio 1,4655,0.0
Portfolio 1,4656,0.0
Portfolio 1,4657,0.0
Portfolio 1,4658,24205133.364945218
Portfolio 1,4659,0.0
Portfolio 1,4660,23536110.29560674
Portfolio 1,4661,0.0
Portfolio 1,4662,0.0
Portfolio 1,4663,0.0
Portfolio 1,4664,0.0
Portfolio 1,4665,0.0
Portfolio 1,4666,5960573.837092887
Portfolio 1,4667,14439093.40519818
Portfolio 1,4668,0.0
Portfolio 1,4669,38922335.5677545
Portfolio 1,4670,0.0
Portfolio 1,4671,0.0
Portfolio 1,4672,51145831.24230496
Portfolio 1,4673,0.0
Portfolio 1,4674,34139592.86849639
Portfolio 1,4675,0.0
Portfolio 1,4676,0.0
Portfolio 1,4677,0.0
Portfolio 1,4678,0.0
Portfolio 1,4679,0.0
Portfolio 1,4680,0.0
Portfolio 1,4681,0.0
Portfolio 1,4682,0.0
Portfolio 1,4683,0.0
Portfolio 1,4684,0.0
Portfolio 1,4685,6316554.945955662
Portfolio 1,4686,0.0
Portfolio 1,4687,16819394.857182827
Portfolio 1,4688,0.0
Portfolio 1,4689,2999238.710377632
Portfolio 1,4690,8868899.02430052
Portfolio 1,4691,0.0
Portfolio 1,4692,24427385.4161241
Portfolio 1,4693,17510906.764428075
Portfolio 1,4694,0.0
Portfolio 1,4695,0.0
Portfolio 1,4696,0.0
Portfolio 1,4697,0.0
Portfolio 1,4698,0.0
Portfolio 1,4699,13930058.018771417
Portfolio 1,4700,0.0
Portfolio 1,4701,0.0
Portfolio 1,4702,0.0
Portfolio 1,4703,0.0
Portfolio 1,4704,0.0
Portfolio 1,4705,0.0
Portfolio 1,4706,0.0
Portfolio 1,4707,0.0
Portfolio 1,4708,0.0
Portfolio 1,4709,0.0
Portfolio 1,4710,11340343.460939737
Portfolio 1,4711,0.0
Portfolio 1,4712,0.0
Portfolio 1,4713,0.0
Portfolio 1,4714,10845671.861959005
Portfolio 1,4715,0.0
Portfolio 1,4716,17510906.764428075
Portfolio 1,4717,0.0
Portfolio 1,4718,5960573.837092887
Portfolio 1,4719,0.0
Portfolio 1,4720,13158355.870652435
Portfolio 1,4721,0.0
Portfolio 1,4722,0.0
Portfolio 1,4723,0.0
Portfolio 1,4724,10845671.861959005
Portfolio 1,4725,0.0
Portfolio 1,4726,35011737.38100526
Portfolio 1,4727,11340343.460939737
Portfolio 1,4728,0.0
Portfolio 1,4729,0.0
Portfolio 1,4730,0.0
Portfolio 1,4731,2999238.710377632
Portfolio 1,4732,10845671.861959005
Portfolio 1,4733,13248694.94354865
Portfolio 1,4734,0.0
Portfolio 1,4735,0.0
Portfolio 1,4736,0.0
Portfolio 1,4737,15035003.375447877
Portfolio 1,4738,0.0
Portfolio 1,4739,24723063.843755424
Portfolio 1,4740,11340343.460939737
Portfolio 1,4741,0.0
Portfolio 1,4742,0.0
Portfolio 1,4743,0.0
Portfolio 1,4744,14220223.93252826
Portfolio 1,4745,0.0
Portfolio 1,4746,13158355.870652435
Portfolio 1,4747,0.0
Portfolio 1,4748,0.0
Portfolio 1,4749,10502839.911227165
Portfolio 1,4750,0.0
Portfolio 1,4751,0.0
Portfolio 1,4752,10845671.861959005
Portfolio 1,4753,0.0
Portfolio 1,4754,0.0
Portfolio 1,4755,15035003.375447877
Portfolio 1,4756,0.0
Portfolio 1,4757,28356578.626387082
Portfolio 1,4758,0.0
Portfolio 1,4759,0.0
Portfolio 1,4760,0.0
Portfolio 1,4761,37105462.03087142
Portfolio 1,4762,0.0
Portfolio 1,4763,0.0
Portfolio 1,4764,0.0
Portfolio 1,4765,21583448.75064352
Portfolio 1,4766,0.0
Portfolio 1,4767,50021039.205435246
Portfolio 1,4768,5843298.617235378
Portfolio 1,4769,0.0
Portfolio 1,4770,0.0
Portfolio 1,4771,0.0
Portfolio 1,4772,14220223.93252826
Portfolio 1,4773,0.0
Portfolio 1,4774,0.0
Portfolio 1,4775,13008786.615260024
Portfolio 1,4776,6316554.945955662
Portfolio 1,4777,0.0
Portfolio 1,4778,0.0
Portfolio 1,4779,17887016.937871613
Portfolio 1,4780,82926582.5025849
Portfolio 1,4781,0.0
Portfolio 1,4782,0.0
Portfolio 1,4783,0.0
Portfolio 1,4784,0.0
Portfolio 1,4785,0.0
Portfolio 1,4786,11428295.851894356
Portfolio 1,4787,10502839.911227165
Portfolio 1,4788,0.0
Portfolio 1,4789,17455059.878443703
Portfolio 1,4790,11340343.460939737
Portfolio 1,4791,0.0
Portfolio 1,4792,0.0
Portfolio 1,4793,0.0
Portfolio 1,4794,0.0
Portfolio 1,4795,0.0
Portfolio 1,4796,10502839.911227165
Portfolio 1,4797,0.0
Portfolio 1,4798,11428295.851894356
Portfolio 1,4799,12178320.841756614
Portfolio 1,4800,0.0
Portfolio 1,4801,0.0
Portfolio 1,4802,0.0
Portfolio 1,4803,7384177.026644446
Portfolio 1,4804,0.0
Portfolio 1,4805,0.0
Portfolio 1,4806,28488724.396367975
Portfolio 1,4807,9097016.890408562
Portfolio 1,4808,0.0
Portfolio 1,4809,0.0
Portfolio 1,4810,5182259.577388579
Portfolio 1,4811,0.0
Portfolio 1,4812,32568987.886280857
Portfolio 1,4813,0.0
Portfolio 1,4814,31867570.33822529
Portfolio 1,4815,0.0
Portfolio 1,4816,13158355.870652435
Portfolio 1,4817,0.0
Portfolio 1,4818,14439093.40519818
Portfolio 1,4819,0.0
Portfolio 1,4820,0.0
Portfolio 1,4821,8868899.02430052
Portfolio 1,4822,0.0
Portfolio 1,4823,25336676.71240905
Portfolio 1,4824,0.0
Portfolio 1,4825,5864517.916904203
Portfolio 1,4826,13158355.870652435
Portfolio 1,4827,0.0
Portfolio 1,4828,0.0
Portfolio 1,4829,0.0
Portfolio 1,4830,0.0
Portfolio 1,4831,0.0
Portfolio 1,4832,0.0
Portfolio 1,4833,0.0
Portfolio 1,4834,0.0
Portfolio 1,4835,28452076.34448889
Portfolio 1,4836,0.0
Portfolio 1,4837,0.0
Portfolio 1,4838,0.0
Portfolio 1,4839,0.0
Portfolio 1,4840,5182259.577388579
Portfolio 1,4841,13158355.870652435
Portfolio 1,4842,0.0
Portfolio 1,4843,0.0
Portfolio 1,4844,0.0
Portfolio 1,4845,0.0
Portfolio 1,4846,0.0
Portfolio 1,4847,3909670.548554421
Portfolio 1,4848,6316554.945955662
Portfolio 1,4849,0.0
Portfolio 1,4850,0.0
Portfolio 1,4851,25065895.794487264
Portfolio 1,4852,0.0
Portfolio 1,4853,0.0
Portfolio 1,4854,0.0
Portfolio 1,4855,0.0
Portfolio 1,4856,0.0
Portfolio 1,4857,13158355.870652435
Portfolio 1,4858,0.0
Portfolio 1,4859,0.0
Portfolio 1,4860,13629447.393690683
Portfolio 1,4861,0.0
Portfolio 1,4862,13629447.393690683
Portfolio 1,4863,38053439.661724955
Portfolio 1,4864,0.0
Portfolio 1,4865,0.0
Portfolio 1,4866,0.0
Portfolio 1,4867,0.0
Portfolio 1,4868,0.0
Portfolio 1,4869,0.0
Portfolio 1,4870,0.0
Portfolio 1,4871,0.0
Portfolio 1,4872,0.0
Portfolio 1,4873,39775770.11760723
Portfolio 1,4874,5182259.577388579
Portfolio 1,4875,0.0
Portfolio 1,4876,0.0
Portfolio 1,4877,5960573.837092887
Portfolio 1,4878,0.0
Portfolio 1,4879,0.0
Portfolio 1,4880,0.0
Portfolio 1,4881,0.0
Portfolio 1,4882,0.0
Portfolio 1,4883,0.0
Portfolio 1,4884,14199271.723999074
Portfolio 1,4885,0.0
Portfolio 1,4886,12178320.841756614
Portfolio 1,4887,14199271.723999074
Portfolio 1,4888,0.0
Portfolio 1,4889,0.0
Portfolio 1,4890,0.0
Portfolio 1,4891,0.0
Portfolio 1,4892,10845671.861959005
Portfolio 1,4893,15035003.375447877
Portfolio 1,4894,28795403.33938344
Portfolio 1,4895,15905942.47209906
Portfolio 1,4896,0.0
Portfolio 1,4897,7384177.026644446
Portfolio 1,4898,11428295.851894356
Portfolio 1,4899,0.0
Portfolio 1,4900,0.0
Portfolio 1,4901,15330368.52571554
Portfolio 1,4902,18553639.413096704
Portfolio 1,4903,27699919.611322396
Portfolio 1,4904,8868899.02430052
Portfolio 1,4905,5182259.577388579
Portfolio 1,4906,0.0
Portfolio 1,4907,0.0
Portfolio 1,4908,0.0
Portfolio 1,4909,15127461.929963065
Portfolio 1,4910,14439093.40519818
Portfolio 1,4911,10723682.894710481
Portfolio 1,4912,0.0
Portfolio 1,4913,0.0
Portfolio 1,4914,0.0
Portfolio 1,4915,0.0
Portfolio 1,4916,0.0
Portfolio 1,4917,0.0
Portfolio 1,4918,18249252.71987179
Portfolio 1,4919,7384177.026644446
Portfolio 1,4920,0.0
Portfolio 1,4921,0.0
Portfolio 1,4922,0.0
Portfolio 1,4923,0.0
Portfolio 1,4924,0.0
Portfolio 1,4925,0.0
Portfolio 1,4926,0.0
Portfolio 1,4927,3909670.548554421
Portfolio 1,4928,0.0
Portfolio 1,4929,20442226.9497216
Portfolio 1,4930,10723682.894710481
Portfolio 1,4931,0.0
Portfolio 1,4932,38354245.06787062
Portfolio 1,4933,0.0
Portfolio 1,4934,0.0
Portfolio 1,4935,9097016.890408562
Portfolio 1,4936,0.0
Portfolio 1,4937,0.0
Portfolio 1,4938,0.0
Portfolio 1,4939,0.0
Portfolio 1,4940,0.0
Portfolio 1,4941,0.0
Portfolio 1,4942,14199271.723999074
Portfolio 1,4943,0.0
Portfolio 1,4944,0.0
Portfolio 1,4945,0.0
Portfolio 1,4946,0.0
Portfolio 1,4947,0.0
Portfolio 1,4948,17068026.419206858
Portfolio 1,4949,0.0
Portfolio 1,4950,0.0
Portfolio 1,4951,10845671.861959005
Portfolio 1,4952,0.0
Portfolio 1,4953,0.0
Portfolio 1,4954,0.0
Portfolio 1,4955,0.0
Portfolio 1,4956,15127461.929963065
Portfolio 1,4957,20512628.10310412
Portfolio 1,4958,0.0
Portfolio 1,4959,0.0
Portfolio 1,4960,0.0
Portfolio 1,4961,0.0
Portfolio 1,4962,0.0
Portfolio 1,4963,0.0
Portfolio 1,4964,0.0
Portfolio 1,4965,10845671.861959005
Portfolio 1,4966,0.0
Portfolio 1,4967,0.0
Portfolio 1,4968,0.0
Portfolio 1,4969,10502839.911227165
Portfolio 1,4970,0.0
Portfolio 1,4971,0.0
Portfolio 1,4972,17510906.764428075
Portfolio 1,4973,25124409.837243833
Portfolio 1,4974,0.0
Portfolio 1,4975,26176040.387674544
Portfolio 1,4976,0.0
Portfolio 1,4977,13629447.393690683
Portfolio 1,4978,5395283.542444266
Portfolio 1,4979,0.0
Portfolio 1,4980,29786020.90668928
Portfolio 1,4981,36625108.72809692
Portfolio 1,4982,0.0
Portfolio 1,4983,0.0
Portfolio 1,4984,0.0
Portfolio 1,4985,0.0
Portfolio 1,4986,0.0
Portfolio 1,4987,0.0
Portfolio 1,4988,3909670.548554421
Portfolio 1,4989,0.0
Portfolio 1,4990,0.0
Portfolio 1,4991,30921495.502314456
Portfolio 1,4992,0.0
Portfolio 1,4993,0.0
Portfolio 1,4994,0.0
Portfolio 1,4995,0.0
Portfolio 1,4996,5960573.837092887
Portfolio 1,4997,0.0
Portfolio 1,4998,0.0
Portfolio 1,4999,0.0
Portfolio 1,5000,49250917.46765888
Portfolio 1,5001,0.0
Portfolio 1,5002,0.0
Portfolio 1,5003,43727434.01697229
Portfolio 1,5004,0.0
Portfolio 1,5005,0.0
Portfolio 1,5006,32582521.80840677
Portfolio 1,5007,0.0
Portfolio 1,5008,0.0
Portfolio 1,5009,8868899.02430052
Portfolio 1,5010,0.0
Portfolio 1,5011,0.0
Portfolio 1,5012,10502839.911227165
Portfolio 1,5013,5182259.577388579
Portfolio 1,5014,7384177.026644446
Portfolio 1,5015,13158355.870652435
Portfolio 1,5016,23661195.7818796
Portfolio 1,5017,41317448.27327382
Portfolio 1,5018,0.0
Portfolio 1,5019,0.0
Portfolio 1,5020,0.0
Portfolio 1,5021,3909670.548554421
Portfolio 1,5022,0.0
Portfolio 1,5023,0.0
Portfolio 1,5024,5182259.577388579
Portfolio 1,5025,0.0
Portfolio 1,5026,40197779.67535654
Portfolio 1,5027,9097016.890408562
Portfolio 1,5028,39829573.5651893
Portfolio 1,5029,0.0
Portfolio 1,5030,0.0
Portfolio 1,5031,24895083.79107252
Portfolio 1,5032,0.0
Portfolio 1,5033,0.0
Portfolio 1,5034,5444546.850261398
Portfolio 1,5035,0.0
Portfolio 1,5036,0.0
Portfolio 1,5037,0.0
Portfolio 1,5038,0.0
Portfolio 1,5039,0.0
Portfolio 1,5040,9097016.890408562
Portfolio 1,5041,0.0
Portfolio 1,5042,27957899.78967087
Portfolio 1,5043,0.0
Portfolio 1,5044,5843298.617235378
Portfolio 1,5045,0.0
Portfolio 1,5046,0.0
Portfolio 1,5047,31571323.93011881
Portfolio 1,5048,0.0
Portfolio 1,5049,7384177.026644446
Portfolio 1,5050,0.0
Portfolio 1,5051,0.0
Portfolio 1,5052,0.0
Portfolio 1,5053,0.0
Portfolio 1,5054,13478020.989719959
Portfolio 1,5055,0.0
Portfolio 1,5056,0.0
Portfolio 1,5057,0.0
Portfolio 1,5058,0.0
Portfolio 1,5059,0.0
Portfolio 1,5060,0.0
Portfolio 1,5061,0.0
Portfolio 1,5062,0.0
Portfolio 1,5063,0.0
Portfolio 1,5064,19402483.50991684
Portfolio 1,5065,0.0
Portfolio 1,5066,14339582.171317369
Portfolio 1,5067,21364730.426998124
Portfolio 1,5068,0.0
Portfolio 1,5069,0.0
Portfolio 1,5070,0.0
Portfolio 1,5071,27894322.501450155
Portfolio 1,5072,0.0
Portfolio 1,5073,0.0
Portfolio 1,5074,36179580.366027884
Portfolio 1,5075,0.0
Portfolio 1,5076,10502839.911227165
Portfolio 1,5077,15330368.52571554
Portfolio 1,5078,0.0
Portfolio 1,5079,0.0
Portfolio 1,5080,0.0
Portfolio 1,5081,5182259.577388579
Portfolio 1,5082,2999238.710377632
Portfolio 1,5083,0.0
Portfolio 1,5084,9097016.890408562
Portfolio 1,5085,0.0
Portfolio 1,5086,0.0
Portfolio 1,5087,10845671.861959005
Portfolio 1,5088,0.0
Portfolio 1,5089,6316554.945955662
Portfolio 1,5090,0.0
Portfolio 1,5091,5395283.542444266
Portfolio 1,5092,0.0
Portfolio 1,5093,27849671.32621894
Portfolio 1,5094,0.0
Portfolio 1,5095,0.0
Portfolio 1,5096,0.0
Portfolio 1,5097,0.0
Portfolio 1,5098,0.0
Portfolio 1,5099,39759839.11746707
Portfolio 1,5100,0.0
Portfolio 1,5101,0.0
Portfolio 1,5102,0.0
Portfolio 1,5103,0.0
Portfolio 1,5104,0.0
Portfolio 1,5105,0.0
Portfolio 1,5106,22943871.598531295
Portfolio 1,5107,5960573.837092887
Portfolio 1,5108,0.0
Portfolio 1,5109,49035864.23011716
Portfolio 1,5110,0.0
Portfolio 1,5111,18021619.458991993
Portfolio 1,5112,0.0
Portfolio 1,5113,0.0
Portfolio 1,5114,10845671.861959005
Portfolio 1,5115,0.0
Portfolio 1,5116,0.0
Portfolio 1,5117,0.0
Portfolio 1,5118,19599856.801635727
Portfolio 1,5119,29474096.780646056
Portfolio 1,5120,0.0
Portfolio 1,5121,15330368.52571554
Portfolio 1,5122,0.0
Portfolio 1,5123,0.0
Portfolio 1,5124,10845671.861959005
Portfolio 1,5125,0.0
Portfolio 1,5126,11340343.460939737
Portfolio 1,5127,0.0
Portfolio 1,5128,0.0
Portfolio 1,5129,0.0
Portfolio 1,5130,0.0
Portfolio 1,5131,0.0
Portfolio 1,5132,0.0
Portfolio 1,5133,10845671.861959005
Portfolio 1,5134,0.0
Portfolio 1,5135,27906922.49905178
Portfolio 1,5136,8868899.02430052
Portfolio 1,5137,5843298.617235378
Portfolio 1,5138,0.0
Portfolio 1,5139,10723682.894710481
Portfolio 1,5140,16463413.74832005
Portfolio 1,5141,14199271.723999074
Portfolio 1,5142,0.0
Portfolio 1,5143,0.0
Portfolio 1,5144,7384177.026644446
Portfolio 1,5145,0.0
Portfolio 1,5146,0.0
Portfolio 1,5147,0.0
Portfolio 1,5148,38382843.43066523
Portfolio 1,5149,0.0
Portfolio 1,5150,14439093.40519818
Portfolio 1,5151,0.0
Portfolio 1,5152,24676990.795443006
Portfolio 1,5153,0.0
Portfolio 1,5154,0.0
Portfolio 1,5155,10845671.861959005
Portfolio 1,5156,15035003.375447877
Portfolio 1,5157,0.0
Portfolio 1,5158,0.0
Portfolio 1,5159,10845671.861959005
Portfolio 1,5160,26379805.788728595
Portfolio 1,5161,0.0
Portfolio 1,5162,43141208.605618306
Portfolio 1,5163,13629447.393690683
Portfolio 1,5164,15330368.52571554
Portfolio 1,5165,0.0
Portfolio 1,5166,0.0
Portfolio 1,5167,0.0
Portfolio 1,5168,11428295.851894356
Portfolio 1,5169,0.0
Portfolio 1,5170,11340343.460939737
Portfolio 1,5171,0.0
Portfolio 1,5172,10845671.861959005
Portfolio 1,5173,0.0
Portfolio 1,5174,11340343.460939737
Portfolio 1,5175,0.0
Portfolio 1,5176,0.0
Portfolio 1,5177,0.0
Portfolio 1,5178,18967261.276055872
Portfolio 1,5179,0.0
Portfolio 1,5180,0.0
Portfolio 1,5181,0.0
Portfolio 1,5182,0.0
Portfolio 1,5183,13629447.393690683
Portfolio 1,5184,0.0
Portfolio 1,5185,0.0
Portfolio 1,5186,11428295.851894356
Portfolio 1,5187,0.0
Portfolio 1,5188,0.0
Portfolio 1,5189,0.0
Portfolio 1,5190,0.0
Portfolio 1,5191,20159845.56109196
Portfolio 1,5192,0.0
Portfolio 1,5193,0.0
Portfolio 1,5194,0.0
Portfolio 1,5195,36353984.735900715
Portfolio 1,5196,0.0
Portfolio 1,5197,0.0
Portfolio 1,5198,0.0
Portfolio 1,5199,5843298.617235378
Portfolio 1,5200,0.0
Portfolio 1,5201,11340343.460939737
Portfolio 1,5202,0.0
Portfolio 1,5203,7384177.026644446
Portfolio 1,5204,0.0
Portfolio 1,5205,0.0
Portfolio 1,5206,0.0
Portfolio 1,5207,0.0
Portfolio 1,5208,0.0
Portfolio 1,5209,0.0
Portfolio 1,5210,9097016.890408562
Portfolio 1,5211,10845671.861959005
Portfolio 1,5212,34924923.79215888
Portfolio 1,5213,22726464.284099244
Portfolio 1,5214,0.0
Portfolio 1,5215,0.0
Portfolio 1,5216,5182259.577388579
Portfolio 1,5217,0.0
Portfolio 1,5218,3909670.548554421
Portfolio 1,5219,0.0
Portfolio 1,5220,5395283.542444266
Portfolio 1,5221,0.0
Portfolio 1,5222,5395283.542444266
Portfolio 1,5223,0.0
Portfolio 1,5224,21823270.431842625
Portfolio 1,5225,0.0
Portfolio 1,5226,55478594.7459759
Portfolio 1,5227,0.0
Portfolio 1,5228,0.0
Portfolio 1,5229,11428295.851894356
Portfolio 1,5230,0.0
Portfolio 1,5231,0.0
Portfolio 1,5232,0.0
Portfolio 1,5233,6908909.258932053
Portfolio 1,5234,0.0
Portfolio 1,5235,0.0
Portfolio 1,5236,0.0
Portfolio 1,5237,21351558.32140354
Portfolio 1,5238,0.0
Portfolio 1,5239,0.0
Portfolio 1,5240,0.0
Portfolio 1,5241,0.0
Portfolio 1,5242,7613503.072815756
Portfolio 1,5243,0.0
Portfolio 1,5244,5960573.837092887
Portfolio 1,5245,2999238.710377632
Portfolio 1,5246,0.0
Portfolio 1,5247,16087991.390311034
Portfolio 1,5248,0.0
Portfolio 1,5249,0.0
Portfolio 1,5250,0.0
Portfolio 1,5251,0.0
Portfolio 1,5252,0.0
Portfolio 1,5253,25907911.645548385
Portfolio 1,5254,15035003.375447877
Portfolio 1,5255,0.0
Portfolio 1,5256,0.0
Portfolio 1,5257,5843298.617235378
Portfolio 1,5258,0.0
Portfolio 1,5259,13158355.870652435
Portfolio 1,5260,0.0
Portfolio 1,5261,0.0
Portfolio 1,5262,10845671.861959005
Portfolio 1,5263,0.0
Portfolio 1,5264,0.0
Portfolio 1,5265,0.0
Portfolio 1,5266,10383415.737022078
Portfolio 1,5267,0.0
Portfolio 1,5268,11340343.460939737
Portfolio 1,5269,26555757.781857423
Portfolio 1,5270,0.0
Portfolio 1,5271,0.0
Portfolio 1,5272,0.0
Portfolio 1,5273,9097016.890408562
Portfolio 1,5274,0.0
Portfolio 1,5275,0.0
Portfolio 1,5276,0.0
Portfolio 1,5277,10845671.861959005
Portfolio 1,5278,0.0
Portfolio 1,5279,0.0
Portfolio 1,5280,0.0
Portfolio 1,5281,0.0
Portfolio 1,5282,0.0
Portfolio 1,5283,0.0
Portfolio 1,5284,11340343.460939737
Portfolio 1,5285,0.0
Portfolio 1,5286,13158355.870652435
Portfolio 1,5287,24475119.255649686
Portfolio 1,5288,0.0
Portfolio 1,5289,0.0
Portfolio 1,5290,0.0
Portfolio 1,5291,0.0
Portfolio 1,5292,30806451.23332955
Portfolio 1,5293,39388133.66384904
Portfolio 1,5294,2999238.710377632
Portfolio 1,5295,0.0
Portfolio 1,5296,0.0
Portfolio 1,5297,0.0
Portfolio 1,5298,0.0
Portfolio 1,5299,0.0
Portfolio 1,5300,0.0
Portfolio 1,5301,10723682.894710481
Portfolio 1,5302,12178320.841756614
Portfolio 1,5303,0.0
Portfolio 1,5304,0.0
Portfolio 1,5305,0.0
Portfolio 1,5306,5864517.916904203
Portfolio 1,5307,0.0
Portfolio 1,5308,17292813.76879856
Portfolio 1,5309,0.0
Portfolio 1,5310,0.0
Portfolio 1,5311,0.0
Portfolio 1,5312,0.0
Portfolio 1,5313,3909670.548554421
Portfolio 1,5314,0.0
Portfolio 1,5315,17455059.878443703
Portfolio 1,5316,13158355.870652435
Portfolio 1,5317,17510906.764428075
Portfolio 1,5318,14220223.93252826
Portfolio 1,5319,15127461.929963065
Portfolio 1,5320,0.0
Portfolio 1,5321,0.0
Portfolio 1,5322,16027931.439347584
Portfolio 1,5323,0.0
Portfolio 1,5324,0.0
Portfolio 1,5325,5843298.617235378
Portfolio 1,5326,0.0
Portfolio 1,5327,6316554.945955662
Portfolio 1,5328,0.0
Portfolio 1,5329,0.0
Portfolio 1,5330,0.0
Portfolio 1,5331,19820699.78511904
Portfolio 1,5332,13629447.393690683
Portfolio 1,5333,31140354.15811876
Portfolio 1,5334,0.0
Portfolio 1,5335,19371738.935527682
Portfolio 1,5336,11340343.460939737
Portfolio 1,5337,0.0
Portfolio 1,5338,8863756.627281835
Portfolio 1,5339,11340343.460939737
Portfolio 1,5340,0.0
Portfolio 1,5341,21569354.756669484
Portfolio 1,5342,0.0
Portfolio 1,5343,55765635.216694996
Portfolio 1,5344,39482314.773396656
Portfolio 1,5345,10723682.894710481
Portfolio 1,5346,0.0
Portfolio 1,5347,13844910.572336636
Portfolio 1,5348,30461747.317406684
Portfolio 1,5349,32723357.50151955
Portfolio 1,5350,0.0
Portfolio 1,5351,0.0
Portfolio 1,5352,0.0
Portfolio 1,5353,0.0
Portfolio 1,5354,0.0
Portfolio 1,5355,14439093.40519818
Portfolio 1,5356,0.0
Portfolio 1,5357,14199271.723999074
Portfolio 1,5358,15127461.929963065
Portfolio 1,5359,9097016.890408562
Portfolio 1,5360,0.0
Portfolio 1,5361,0.0
Portfolio 1,5362,0.0
Portfolio 1,5363,0.0
Portfolio 1,5364,0.0
Portfolio 1,5365,0.0
Portfolio 1,5366,14199271.723999074
Portfolio 1,5367,0.0
Portfolio 1,5368,15127461.929963065
Portfolio 1,5369,29550592.4582438
Portfolio 1,5370,0.0
Portfolio 1,5371,7384177.026644446
Portfolio 1,5372,0.0
Portfolio 1,5373,5960573.837092887
Portfolio 1,5374,0.0
Portfolio 1,5375,0.0
Portfolio 1,5376,15330368.52571554
Portfolio 1,5377,0.0
Portfolio 1,5378,14633353.443264902
Portfolio 1,5379,0.0
Portfolio 1,5380,12178320.841756614
Portfolio 1,5381,0.0
Portfolio 1,5382,8868899.02430052
Portfolio 1,5383,20159845.56109196
Portfolio 1,5384,0.0
Portfolio 1,5385,0.0
Portfolio 1,5386,0.0
Portfolio 1,5387,0.0
Portfolio 1,5388,43978712.15533088
Portfolio 1,5389,0.0
Portfolio 1,5390,11428295.851894356
Portfolio 1,5391,15127461.929963065
Portfolio 1,5392,0.0
Portfolio 1,5393,5395283.542444266
Portfolio 1,5394,0.0
Portfolio 1,5395,5182259.577388579
Portfolio 1,5396,9097016.890408562
Portfolio 1,5397,0.0
Portfolio 1,5398,0.0
Portfolio 1,5399,0.0
Portfolio 1,5400,0.0
Portfolio 1,5401,23781732.817787636
Portfolio 1,5402,16628686.104068315
Portfolio 1,5403,0.0
Portfolio 1,5404,0.0
Portfolio 1,5405,15127461.929963065
Portfolio 1,5406,0.0
Portfolio 1,5407,2999238.710377632
Portfolio 1,5408,0.0
Portfolio 1,5409,13478020.989719959
Portfolio 1,5410,0.0
Portfolio 1,5411,0.0
Portfolio 1,5412,12178320.841756614
Portfolio 1,5413,20042570.341234453
Portfolio 1,5414,0.0
Portfolio 1,5415,0.0
Portfolio 1,5416,0.0
Portfolio 1,5417,33560217.414318986
Portfolio 1,5418,54049797.49771757
Portfolio 1,5419,28088449.884260923
Portfolio 1,5420,28065134.504864894
Portfolio 1,5421,0.0
Portfolio 1,5422,0.0
Portfolio 1,5423,0.0
Portfolio 1,5424,18811706.97107926
Portfolio 1,5425,3909670.548554421
Portfolio 1,5426,0.0
Portfolio 1,5427,0.0
Portfolio 1,5428,0.0
Portfolio 1,5429,5960573.837092887
Portfolio 1,5430,8443785.56063903
Portfolio 1,5431,0.0
Portfolio 1,5432,31608655.847016074
Portfolio 1,5433,0.0
Portfolio 1,5434,7384177.026644446
Portfolio 1,5435,0.0
Portfolio 1,5436,0.0
Portfolio 1,5437,0.0
Portfolio 1,5438,0.0
Portfolio 1,5439,8868899.02430052
Portfolio 1,5440,0.0
Portfolio 1,5441,0.0
Portfolio 1,5442,0.0
Portfolio 1,5443,10845671.861959005
Portfolio 1,5444,0.0
Portfolio 1,5445,0.0
Portfolio 1,5446,0.0
Portfolio 1,5447,17455059.878443703
Portfolio 1,5448,0.0
Portfolio 1,5449,2999238.710377632
Portfolio 1,5450,7613503.072815756
Portfolio 1,5451,7384177.026644446
Portfolio 1,5452,0.0
Portfolio 1,5453,0.0
Portfolio 1,5454,20209242.48524026
Portfolio 1,5455,0.0
Portfolio 1,5456,0.0
Portfolio 1,5457,0.0
Portfolio 1,5458,20995577.212540764
Portfolio 1,5459,8868899.02430052
Portfolio 1,5460,0.0
Portfolio 1,5461,0.0
Portfolio 1,5462,17510906.764428075
Portfolio 1,5463,0.0
Portfolio 1,5464,0.0
Portfolio 1,5465,0.0
Portfolio 1,5466,0.0
Portfolio 1,5467,18229848.88860345
Portfolio 1,5468,0.0
Portfolio 1,5469,0.0
Portfolio 1,5470,0.0
Portfolio 1,5471,0.0
Portfolio 1,5472,0.0
Portfolio 1,5473,0.0
Portfolio 1,5474,5395283.542444266
Portfolio 1,5475,13629447.393690683
Portfolio 1,5476,0.0
Portfolio 1,5477,3909670.548554421
Portfolio 1,5478,0.0
Portfolio 1,5479,12178320.841756614
Portfolio 1,5480,0.0
Portfolio 1,5481,0.0
Portfolio 1,5482,0.0
Portfolio 1,5483,0.0
Portfolio 1,5484,7384177.026644446
Portfolio 1,5485,40539699.13830978
Portfolio 1,5486,0.0
Portfolio 1,5487,13158355.870652435
Portfolio 1,5488,0.0
Portfolio 1,5489,13629447.393690683
Portfolio 1,5490,5864517.916904203
Portfolio 1,5491,0.0
Portfolio 1,5492,0.0
Portfolio 1,5493,0.0
Portfolio 1,5494,0.0
Portfolio 1,5495,8868899.02430052
Portfolio 1,5496,0.0
Portfolio 1,5497,0.0
Portfolio 1,5498,0.0
Portfolio 1,5499,41119669.48259726
Portfolio 1,5500,0.0
Portfolio 1,5501,0.0
Portfolio 1,5502,13158355.870652435
Portfolio 1,5503,13158355.870652435
Portfolio 1,5504,6316554.945955662
Portfolio 1,5505,0.0
Portfolio 1,5506,3909670.548554421
Portfolio 1,5507,33558023.1129435
Portfolio 1,5508,53679863.94236331
Portfolio 1,5509,31731130.696956336
Portfolio 1,5510,26670711.986655276
Portfolio 1,5511,0.0
Portfolio 1,5512,0.0
Portfolio 1,5513,0.0
Portfolio 1,5514,0.0
Portfolio 1,5515,0.0
Portfolio 1,5516,22693166.341816656
Portfolio 1,5517,0.0
Portfolio 1,5518,0.0
Portfolio 1,5519,10845671.861959005
Portfolio 1,5520,73501691.5888179
Portfolio 1,5521,0.0
Portfolio 1,5522,0.0
Portfolio 1,5523,0.0
Portfolio 1,5524,0.0
Portfolio 1,5525,0.0
Portfolio 1,5526,14220223.93252826
Portfolio 1,5527,0.0
Portfolio 1,5528,17510906.764428075
Portfolio 1,5529,0.0
Portfolio 1,5530,0.0
Portfolio 1,5531,0.0
Portfolio 1,5532,0.0
Portfolio 1,5533,0.0
Portfolio 1,5534,0.0
Portfolio 1,5535,0.0
Portfolio 1,5536,0.0
Portfolio 1,5537,12178320.841756614
Portfolio 1,5538,17455059.878443703
Portfolio 1,5539,5960573.837092887
Portfolio 1,5540,0.0
Portfolio 1,5541,0.0
Portfolio 1,5542,0.0
Portfolio 1,5543,0.0
Portfolio 1,5544,0.0
Portfolio 1,5545,0.0
Portfolio 1,5546,0.0
Portfolio 1,5547,0.0
Portfolio 1,5548,0.0
Portfolio 1,5549,19381531.301387653
Portfolio 1,5550,0.0
Portfolio 1,5551,25909136.864966664
Portfolio 1,5552,0.0
Portfolio 1,5553,0.0
Portfolio 1,5554,0.0
Portfolio 1,5555,15330368.52571554
Portfolio 1,5556,29677529.428465977
Portfolio 1,5557,0.0
Portfolio 1,5558,0.0
Portfolio 1,5559,0.0
Portfolio 1,5560,0.0
Portfolio 1,5561,0.0
Portfolio 1,5562,0.0
Portfolio 1,5563,5395283.542444266
Portfolio 1,5564,0.0
Portfolio 1,5565,0.0
Portfolio 1,5566,0.0
Portfolio 1,5567,0.0
Portfolio 1,5568,0.0
Portfolio 1,5569,0.0
Portfolio 1,5570,0.0
Portfolio 1,5571,0.0
Portfolio 1,5572,0.0
Portfolio 1,5573,14439093.40519818
Portfolio 1,5574,0.0
Portfolio 1,5575,23298358.49567908
Portfolio 1,5576,24997706.31561037
Portfolio 1,5577,0.0
Portfolio 1,5578,0.0
Portfolio 1,5579,34065615.30772664
Portfolio 1,5580,0.0
Portfolio 1,5581,0.0
Portfolio 1,5582,0.0
Portfolio 1,5583,5960573.837092887
Portfolio 1,5584,0.0
Portfolio 1,5585,0.0
Portfolio 1,5586,7384177.026644446
Portfolio 1,5587,0.0
Portfolio 1,5588,31651066.852682672
Portfolio 1,5589,0.0
Portfolio 1,5590,0.0
Portfolio 1,5591,5960573.837092887
Portfolio 1,5592,0.0
Portfolio 1,5593,0.0
Portfolio 1,5594,17510906.764428075
Portfolio 1,5595,10845671.861959005
Portfolio 1,5596,68368404.46239775
Portfolio 1,5597,0.0
Portfolio 1,5598,0.0
Portfolio 1,5599,0.0
Portfolio 1,5600,0.0
Portfolio 1,5601,0.0
Portfolio 1,5602,0.0
Portfolio 1,5603,0.0
Portfolio 1,5604,0.0
Portfolio 1,5605,0.0
Portfolio 1,5606,0.0
Portfolio 1,5607,17162226.807914667
Portfolio 1,5608,19594555.266443342
Portfolio 1,5609,12178320.841756614
Portfolio 1,5610,8868899.02430052
Portfolio 1,5611,0.0
Portfolio 1,5612,0.0
Portfolio 1,5613,11428295.851894356
Portfolio 1,5614,0.0
Portfolio 1,5615,0.0
Portfolio 1,5616,40762584.46177081
Portfolio 1,5617,0.0
Portfolio 1,5618,0.0
Portfolio 1,5619,15127461.929963065
Portfolio 1,5620,0.0
Portfolio 1,5621,15330368.52571554
Portfolio 1,5622,10723682.894710481
Portfolio 1,5623,15330368.52571554
Portfolio 1,5624,0.0
Portfolio 1,5625,0.0
Portfolio 1,5626,46267816.08808182
Portfolio 1,5627,0.0
Portfolio 1,5628,0.0
Portfolio 1,5629,0.0
Portfolio 1,5630,5843298.617235378
Portfolio 1,5631,5864517.916904203
Portfolio 1,5632,0.0
Portfolio 1,5633,11340343.460939737
Portfolio 1,5634,0.0
Portfolio 1,5635,0.0
Portfolio 1,5636,0.0
Portfolio 1,5637,0.0
Portfolio 1,5638,0.0
Portfolio 1,5639,7613503.072815756
Portfolio 1,5640,0.0
Portfolio 1,5641,0.0
Portfolio 1,5642,13502078.621604796
Portfolio 1,5643,64071353.17788504
Portfolio 1,5644,0.0
Portfolio 1,5645,0.0
Portfolio 1,5646,15127461.929963065
Portfolio 1,5647,13629447.393690683
Portfolio 1,5648,0.0
Portfolio 1,5649,0.0
Portfolio 1,5650,0.0
Portfolio 1,5651,9097016.890408562
Portfolio 1,5652,0.0
Portfolio 1,5653,2999238.710377632
Portfolio 1,5654,0.0
Portfolio 1,5655,17455059.878443703
Portfolio 1,5656,0.0
Portfolio 1,5657,0.0
Portfolio 1,5658,0.0
Portfolio 1,5659,0.0
Portfolio 1,5660,0.0
Portfolio 1,5661,0.0
Portfolio 1,5662,0.0
Portfolio 1,5663,0.0
Portfolio 1,5664,15035003.375447877
Portfolio 1,5665,25973133.79192207
Portfolio 1,5666,0.0
Portfolio 1,5667,0.0
Portfolio 1,5668,0.0
Portfolio 1,5669,15127461.929963065
Portfolio 1,5670,0.0
Portfolio 1,5671,0.0
Portfolio 1,5672,24004027.73261144
Portfolio 1,5673,5182259.577388579
Portfolio 1,5674,0.0
Portfolio 1,5675,0.0
Portfolio 1,5676,10723682.894710481
Portfolio 1,5677,0.0
Portfolio 1,5678,0.0
Portfolio 1,5679,0.0
Portfolio 1,5680,25162776.29990866
Portfolio 1,5681,14439093.40519818
Portfolio 1,5682,0.0
Portfolio 1,5683,5960573.837092887
Portfolio 1,5684,0.0
Portfolio 1,5685,0.0
Portfolio 1,5686,11428295.851894356
Portfolio 1,5687,0.0
Portfolio 1,5688,0.0
Portfolio 1,5689,0.0
Portfolio 1,5690,11340343.460939737
Portfolio 1,5691,0.0
Portfolio 1,5692,30427573.5616284
Portfolio 1,5693,0.0
Portfolio 1,5694,39369651.10684714
Portfolio 1,5695,0.0
Portfolio 1,5696,0.0
Portfolio 1,5697,0.0
Portfolio 1,5698,14439093.40519818
Portfolio 1,5699,9304954.090998687
Portfolio 1,5700,0.0
Portfolio 1,5701,13629447.393690683
Portfolio 1,5702,18129894.48108268
Portfolio 1,5703,0.0
Portfolio 1,5704,0.0
Portfolio 1,5705,0.0
Portfolio 1,5706,0.0
Portfolio 1,5707,0.0
Portfolio 1,5708,10845671.861959005
Portfolio 1,5709,0.0
Portfolio 1,5710,0.0
Portfolio 1,5711,11428295.851894356
Portfolio 1,5712,40775981.71438568
Portfolio 1,5713,0.0
Portfolio 1,5714,0.0
Portfolio 1,5715,2999238.710377632
Portfolio 1,5716,0.0
Portfolio 1,5717,0.0
Portfolio 1,5718,0.0
Portfolio 1,5719,0.0
Portfolio 1,5720,27191810.390421547
Portfolio 1,5721,0.0
Portfolio 1,5722,0.0
Portfolio 1,5723,0.0
Portfolio 1,5724,9097016.890408562
Portfolio 1,5725,0.0
Portfolio 1,5726,34437486.88536471
Portfolio 1,5727,40854406.42084751
Portfolio 1,5728,10502839.911227165
Portfolio 1,5729,0.0
Portfolio 1,5730,0.0
Portfolio 1,5731,0.0
Portfolio 1,5732,15127461.929963065
Portfolio 1,5733,0.0
Portfolio 1,5734,25065895.794487264
Portfolio 1,5735,13158355.870652435
Portfolio 1,5736,0.0
Portfolio 1,5737,0.0
Portfolio 1,5738,0.0
Portfolio 1,5739,5960573.837092887
Portfolio 1,5740,0.0
Portfolio 1,5741,0.0
Portfolio 1,5742,0.0
Portfolio 1,5743,14279276.467797142
Portfolio 1,5744,8868899.02430052
Portfolio 1,5745,36398086.706524774
Portfolio 1,5746,0.0
Portfolio 1,5747,0.0
Portfolio 1,5748,0.0
Portfolio 1,5749,0.0
Portfolio 1,5750,0.0
Portfolio 1,5751,0.0
Portfolio 1,5752,42233970.608183496
Portfolio 1,5753,0.0
Portfolio 1,5754,11428295.851894356
Portfolio 1,5755,0.0
Portfolio 1,5756,0.0
Portfolio 1,5757,0.0
Portfolio 1,5758,0.0
Portfolio 1,5759,0.0
Portfolio 1,5760,0.0
Portfolio 1,5761,14199271.723999074
Portfolio 1,5762,0.0
Portfolio 1,5763,20970760.547198445
Portfolio 1,5764,17960773.517690398
Portfolio 1,5765,8868899.02430052
Portfolio 1,5766,15035003.375447877
Portfolio 1,5767,0.0
Portfolio 1,5768,0.0
Portfolio 1,5769,12096255.600786194
Portfolio 1,5770,16482402.097116277
Portfolio 1,5771,0.0
Portfolio 1,5772,0.0
Portfolio 1,5773,0.0
Portfolio 1,5774,0.0
Portfolio 1,5775,0.0
Portfolio 1,5776,16343989.574114965
Portfolio 1,5777,8868899.02430052
Portfolio 1,5778,0.0
Portfolio 1,5779,0.0
Portfolio 1,5780,0.0
Portfolio 1,5781,0.0
Portfolio 1,5782,0.0
Portfolio 1,5783,0.0
Portfolio 1,5784,0.0
Portfolio 1,5785,0.0
Portfolio 1,5786,14199271.723999074
Portfolio 1,5787,11428295.851894356
Portfolio 1,5788,0.0
Portfolio 1,5789,5960573.837092887
Portfolio 1,5790,28851250.225367814
Portfolio 1,5791,34950280.03467932
Portfolio 1,5792,27305782.77171968
Portfolio 1,5793,0.0
Portfolio 1,5794,0.0
Portfolio 1,5795,0.0
Portfolio 1,5796,0.0
Portfolio 1,5797,0.0
Portfolio 1,5798,7613503.072815756
Portfolio 1,5799,0.0
Portfolio 1,5800,38626657.14012317
Portfolio 1,5801,0.0
Portfolio 1,5802,0.0
Portfolio 1,5803,11428295.851894356
Portfolio 1,5804,0.0
Portfolio 1,5805,0.0
Portfolio 1,5806,0.0
Portfolio 1,5807,42518288.19867162
Portfolio 1,5808,5960573.837092887
Portfolio 1,5809,0.0
Portfolio 1,5810,0.0
Portfolio 1,5811,0.0
Portfolio 1,5812,0.0
Portfolio 1,5813,0.0
Portfolio 1,5814,14439093.40519818
Portfolio 1,5815,59563361.59264632
Portfolio 1,5816,0.0
Portfolio 1,5817,41459087.61105514
Portfolio 1,5818,0.0
Portfolio 1,5819,0.0
Portfolio 1,5820,0.0
Portfolio 1,5821,0.0
Portfolio 1,5822,0.0
Portfolio 1,5823,0.0
Portfolio 1,5824,0.0
Portfolio 1,5825,5960573.837092887
Portfolio 1,5826,42614013.93449919
Portfolio 1,5827,0.0
Portfolio 1,5828,0.0
Portfolio 1,5829,0.0
Portfolio 1,5830,0.0
Portfolio 1,5831,15127461.929963065
Portfolio 1,5832,26052541.102475636
Portfolio 1,5833,14220223.93252826
Portfolio 1,5834,0.0
Portfolio 1,5835,14439093.40519818
Portfolio 1,5836,15127461.929963065
Portfolio 1,5837,37290376.136508875
Portfolio 1,5838,0.0
Portfolio 1,5839,22693166.341816656
Portfolio 1,5840,0.0
Portfolio 1,5841,0.0
Portfolio 1,5842,14220223.93252826
Portfolio 1,5843,5395283.542444266
Portfolio 1,5844,29008733.832172204
Portfolio 1,5845,12178320.841756614
Portfolio 1,5846,7384177.026644446
Portfolio 1,5847,0.0
Portfolio 1,5848,26398544.774284873
Portfolio 1,5849,0.0
Portfolio 1,5850,0.0
Portfolio 1,5851,0.0
Portfolio 1,5852,14199271.723999074
Portfolio 1,5853,0.0
Portfolio 1,5854,0.0
Portfolio 1,5855,0.0
Portfolio 1,5856,25833208.436942704
Portfolio 1,5857,30448842.25087351
Portfolio 1,5858,0.0
Portfolio 1,5859,14439093.40519818
Portfolio 1,5860,7384177.026644446
Portfolio 1,5861,0.0
Portfolio 1,5862,0.0
Portfolio 1,5863,0.0
Portfolio 1,5864,22222497.418054722
Portfolio 1,5865,0.0
Portfolio 1,5866,0.0
Portfolio 1,5867,0.0
Portfolio 1,5868,0.0
Portfolio 1,5869,0.0
Portfolio 1,5870,0.0
Portfolio 1,5871,7384177.026644446
Portfolio 1,5872,0.0
Portfolio 1,5873,0.0
Portfolio 1,5874,10845671.861959005
Portfolio 1,5875,0.0
Portfolio 1,5876,0.0
Portfolio 1,5877,14199271.723999074
Portfolio 1,5878,5960573.837092887
Portfolio 1,5879,0.0
Portfolio 1,5880,0.0
Portfolio 1,5881,36301129.07291398
Portfolio 1,5882,14199271.723999074
Portfolio 1,5883,0.0
Portfolio 1,5884,38596570.50631647
Portfolio 1,5885,5843298.617235378
Portfolio 1,5886,14220223.93252826
Portfolio 1,5887,0.0
Portfolio 1,5888,7384177.026644446
Portfolio 1,5889,28538853.895316444
Portfolio 1,5890,0.0
Portfolio 1,5891,5444546.850261398
Portfolio 1,5892,0.0
Portfolio 1,5893,15330368.52571554
Portfolio 1,5894,44553807.79134767
Portfolio 1,5895,2999238.710377632
Portfolio 1,5896,0.0
Portfolio 1,5897,36925736.00809832
Portfolio 1,5898,0.0
Portfolio 1,5899,0.0
Portfolio 1,5900,0.0
Portfolio 1,5901,5444546.850261398
Portfolio 1,5902,58333415.21531078
Portfolio 1,5903,15330368.52571554
Portfolio 1,5904,0.0
Portfolio 1,5905,15127461.929963065
Portfolio 1,5906,0.0
Portfolio 1,5907,2999238.710377632
Portfolio 1,5908,55842465.793345
Portfolio 1,5909,0.0
Portfolio 1,5910,5960573.837092887
Portfolio 1,5911,0.0
Portfolio 1,5912,0.0
Portfolio 1,5913,0.0
Portfolio 1,5914,0.0
Portfolio 1,5915,0.0
Portfolio 1,5916,0.0
Portfolio 1,5917,0.0
Portfolio 1,5918,53060667.8107876
Portfolio 1,5919,8868899.02430052
Portfolio 1,5920,10845671.861959005
Portfolio 1,5921,0.0
Portfolio 1,5922,29566555.335161246
Portfolio 1,5923,0.0
Portfolio 1,5924,0.0
Portfolio 1,5925,15127461.929963065
Portfolio 1,5926,0.0
Portfolio 1,5927,0.0
Portfolio 1,5928,5864517.916904203
Portfolio 1,5929,0.0
Portfolio 1,5930,0.0
Portfolio 1,5931,0.0
Portfolio 1,5932,5843298.617235378
Portfolio 1,5933,15127461.929963065
Portfolio 1,5934,50731042.215869024
Portfolio 1,5935,0.0
Portfolio 1,5936,11428295.851894356
Portfolio 1,5937,0.0
Portfolio 1,5938,13158355.870652435
Portfolio 1,5939,0.0
Portfolio 1,5940,0.0
Portfolio 1,5941,13502078.621604796
Portfolio 1,5942,0.0
Portfolio 1,5943,0.0
Portfolio 1,5944,28706815.69954529
Portfolio 1,5945,0.0
Portfolio 1,5946,0.0
Portfolio 1,5947,18724520.48758418
Portfolio 1,5948,0.0
Portfolio 1,5949,11428295.851894356
Portfolio 1,5950,0.0
Portfolio 1,5951,0.0
Portfolio 1,5952,15293720.473836454
Portfolio 1,5953,11340343.460939737
Portfolio 1,5954,0.0
Portfolio 1,5955,0.0
Portfolio 1,5956,9097016.890408562
Portfolio 1,5957,0.0
Portfolio 1,5958,0.0
Portfolio 1,5959,15127461.929963065
Portfolio 1,5960,0.0
Portfolio 1,5961,10502839.911227165
Portfolio 1,5962,0.0
Portfolio 1,5963,28756909.32365375
Portfolio 1,5964,32075241.21611402
Portfolio 1,5965,0.0
Portfolio 1,5966,0.0
Portfolio 1,5967,15293720.473836454
Portfolio 1,5968,0.0
Portfolio 1,5969,0.0
Portfolio 1,5970,15330368.52571554
Portfolio 1,5971,5960573.837092887
Portfolio 1,5972,0.0
Portfolio 1,5973,0.0
Portfolio 1,5974,11428295.851894356
Portfolio 1,5975,12178320.841756614
Portfolio 1,5976,0.0
Portfolio 1,5977,0.0
Portfolio 1,5978,0.0
Portfolio 1,5979,0.0
Portfolio 1,5980,0.0
Portfolio 1,5981,0.0
Portfolio 1,5982,0.0
Portfolio 1,5983,0.0
Portfolio 1,5984,0.0
Portfolio 1,5985,0.0
Portfolio 1,5986,16566981.511945859
Portfolio 1,5987,3909670.548554421
Portfolio 1,5988,0.0
Portfolio 1,5989,0.0
Portfolio 1,5990,0.0
Portfolio 1,5991,0.0
Portfolio 1,5992,0.0
Portfolio 1,5993,10723682.894710481
Portfolio 1,5994,7384177.026644446
Portfolio 1,5995,0.0
Portfolio 1,5996,0.0
Portfolio 1,5997,0.0
Portfolio 1,5998,0.0
Portfolio 1,5999,0.0
Portfolio 1,6000,20063789.640903275
Portfolio 1,6001,55850759.18689428
Portfolio 1,6002,11340343.460939737
Portfolio 1,6003,18126700.640340697
Portfolio 1,6004,12178320.841756614
Portfolio 1,6005,6316554.945955662
Portfolio 1,6006,0.0
Portfolio 1,6007,0.0
Portfolio 1,6008,16684256.731803369
Portfolio 1,6009,0.0
Portfolio 1,6010,0.0
Portfolio 1,6011,0.0
Portfolio 1,6012,0.0
Portfolio 1,6013,32638368.69439114
Portfolio 1,6014,0.0
Portfolio 1,6015,7613503.072815756
Portfolio 1,6016,0.0
Portfolio 1,6017,0.0
Portfolio 1,6018,0.0
Portfolio 1,6019,0.0
Portfolio 1,6020,0.0
Portfolio 1,6021,0.0
Portfolio 1,6022,0.0
Portfolio 1,6023,0.0
Portfolio 1,6024,5960573.837092887
Portfolio 1,6025,0.0
Portfolio 1,6026,0.0
Portfolio 1,6027,0.0
Portfolio 1,6028,0.0
Portfolio 1,6029,5843298.617235378
Portfolio 1,6030,0.0
Portfolio 1,6031,3909670.548554421
Portfolio 1,6032,5395283.542444266
Portfolio 1,6033,0.0
Portfolio 1,6034,17510906.764428075
Portfolio 1,6035,15127461.929963065
Portfolio 1,6036,0.0
Portfolio 1,6037,0.0
Portfolio 1,6038,55468664.472322606
Portfolio 1,6039,0.0
Portfolio 1,6040,0.0
Portfolio 1,6041,0.0
Portfolio 1,6042,0.0
Portfolio 1,6043,0.0
Portfolio 1,6044,14220223.93252826
Portfolio 1,6045,14439093.40519818
Portfolio 1,6046,10845671.861959005
Portfolio 1,6047,14199271.723999074
Portfolio 1,6048,0.0
Portfolio 1,6049,16168229.744971879
Portfolio 1,6050,12178320.841756614
Portfolio 1,6051,0.0
Portfolio 1,6052,0.0
Portfolio 1,6053,0.0
Portfolio 1,6054,0.0
Portfolio 1,6055,15330368.52571554
Portfolio 1,6056,0.0
Portfolio 1,6057,14220223.93252826
Portfolio 1,6058,0.0
Portfolio 1,6059,0.0
Portfolio 1,6060,9097016.890408562
Portfolio 1,6061,0.0
Portfolio 1,6062,0.0
Portfolio 1,6063,0.0
Portfolio 1,6064,0.0
Portfolio 1,6065,0.0
Portfolio 1,6066,14199271.723999074
Portfolio 1,6067,0.0
Portfolio 1,6068,0.0
Portfolio 1,6069,0.0
Portfolio 1,6070,7384177.026644446
Portfolio 1,6071,0.0
Portfolio 1,6072,34977692.12781544
Portfolio 1,6073,0.0
Portfolio 1,6074,0.0
Portfolio 1,6075,0.0
Portfolio 1,6076,0.0
Portfolio 1,6077,20282392.022433557
Portfolio 1,6078,0.0
Portfolio 1,6079,14220223.93252826
Portfolio 1,6080,0.0
Portfolio 1,6081,0.0
Portfolio 1,6082,0.0
Portfolio 1,6083,0.0
Portfolio 1,6084,0.0
Portfolio 1,6085,15330368.52571554
Portfolio 1,6086,10502839.911227165
Portfolio 1,6087,5444546.850261398
Portfolio 1,6088,0.0
Portfolio 1,6089,0.0
Portfolio 1,6090,0.0
Portfolio 1,6091,10845671.861959005
Portfolio 1,6092,0.0
Portfolio 1,6093,3909670.548554421
Portfolio 1,6094,0.0
Portfolio 1,6095,0.0
Portfolio 1,6096,0.0
Portfolio 1,6097,5444546.850261398
Portfolio 1,6098,0.0
Portfolio 1,6099,0.0
Portfolio 1,6100,0.0
Portfolio 1,6101,0.0
Portfolio 1,6102,0.0
Portfolio 1,6103,5395283.542444266
Portfolio 1,6104,0.0
Portfolio 1,6105,0.0
Portfolio 1,6106,5182259.577388579
Portfolio 1,6107,0.0
Portfolio 1,6108,26375346.836387612
Portfolio 1,6109,14199271.723999074
Portfolio 1,6110,0.0
Portfolio 1,6111,0.0
Portfolio 1,6112,15905942.47209906
Portfolio 1,6113,0.0
Portfolio 1,6114,17510906.764428075
Portfolio 1,6115,6316554.945955662
Portfolio 1,6116,37764781.38579535
Portfolio 1,6117,0.0
Portfolio 1,6118,16819394.857182827
Portfolio 1,6119,0.0
Portfolio 1,6120,0.0
Portfolio 1,6121,0.0
Portfolio 1,6122,0.0
Portfolio 1,6123,0.0
Portfolio 1,6124,0.0
Portfolio 1,6125,0.0
Portfolio 1,6126,14220223.93252826
Portfolio 1,6127,0.0
Portfolio 1,6128,0.0
Portfolio 1,6129,25057743.24558504
Portfolio 1,6130,10723682.894710481
Portfolio 1,6131,0.0
Portfolio 1,6132,23023992.70371562
Portfolio 1,6133,0.0
Portfolio 1,6134,0.0
Portfolio 1,6135,21931135.763121523
Portfolio 1,6136,0.0
Portfolio 1,6137,0.0
Portfolio 1,6138,8868899.02430052
Portfolio 1,6139,13629447.393690683
Portfolio 1,6140,0.0
Portfolio 1,6141,13629447.393690683
Portfolio 1,6142,10502839.911227165
Portfolio 1,6143,10845671.861959005
Portfolio 1,6144,0.0
Portfolio 1,6145,0.0
Portfolio 1,6146,0.0
Portfolio 1,6147,0.0
Portfolio 1,6148,0.0
Portfolio 1,6149,10502839.911227165
Portfolio 1,6150,0.0
Portfolio 1,6151,0.0
Portfolio 1,6152,0.0
Portfolio 1,6153,10845671.861959005
Portfolio 1,6154,5960573.837092887
Portfolio 1,6155,0.0
Portfolio 1,6156,17510906.764428075
Portfolio 1,6157,10845671.861959005
Portfolio 1,6158,0.0
Portfolio 1,6159,5395283.542444266
Portfolio 1,6160,30345035.877297238
Portfolio 1,6161,0.0
Portfolio 1,6162,0.0
Portfolio 1,6163,7384177.026644446
Portfolio 1,6164,0.0
Portfolio 1,6165,0.0
Portfolio 1,6166,0.0
Portfolio 1,6167,0.0
Portfolio 1,6168,18953846.533755492
Portfolio 1,6169,0.0
Portfolio 1,6170,0.0
Portfolio 1,6171,10502839.911227165
Portfolio 1,6172,0.0
Portfolio 1,6173,19942688.752367567
Portfolio 1,6174,31140354.15811876
Portfolio 1,6175,0.0
Portfolio 1,6176,5960573.837092887
Portfolio 1,6177,0.0
Portfolio 1,6178,7613503.072815756
Portfolio 1,6179,0.0
Portfolio 1,6180,0.0
Portfolio 1,6181,0.0
Portfolio 1,6182,13158355.870652435
Portfolio 1,6183,10845671.861959005
Portfolio 1,6184,0.0
Portfolio 1,6185,0.0
Portfolio 1,6186,15330368.52571554
Portfolio 1,6187,0.0
Portfolio 1,6188,0.0
Portfolio 1,6189,17510906.764428075
Portfolio 1,6190,0.0
Portfolio 1,6191,0.0
Portfolio 1,6192,15293720.473836454
Portfolio 1,6193,40890935.91918354
Portfolio 1,6194,0.0
Portfolio 1,6195,43677907.84016788
Portfolio 1,6196,0.0
Portfolio 1,6197,0.0
Portfolio 1,6198,7384177.026644446
Portfolio 1,6199,0.0
Portfolio 1,6200,0.0
Portfolio 1,6201,0.0
Portfolio 1,6202,0.0
Portfolio 1,6203,0.0
Portfolio 1,6204,0.0
Portfolio 1,6205,0.0
Portfolio 1,6206,0.0
Portfolio 1,6207,0.0
Portfolio 1,6208,0.0
Portfolio 1,6209,3909670.548554421
Portfolio 1,6210,6316554.945955662
Portfolio 1,6211,0.0
Portfolio 1,6212,0.0
Portfolio 1,6213,17292813.76879856
Portfolio 1,6214,21664661.674504854
Portfolio 1,6215,0.0
Portfolio 1,6216,0.0
Portfolio 1,6217,0.0
Portfolio 1,6218,0.0
Portfolio 1,6219,14439093.40519818
Portfolio 1,6220,0.0
Portfolio 1,6221,0.0
Portfolio 1,6222,0.0
Portfolio 1,6223,0.0
Portfolio 1,6224,0.0
Portfolio 1,6225,0.0
Portfolio 1,6226,0.0
Portfolio 1,6227,21823270.431842625
Portfolio 1,6228,0.0
Portfolio 1,6229,0.0
Portfolio 1,6230,0.0
Portfolio 1,6231,0.0
Portfolio 1,6232,0.0
Portfolio 1,6233,0.0
Portfolio 1,6234,43735718.84702738
Portfolio 1,6235,0.0
Portfolio 1,6236,0.0
Portfolio 1,6237,10845671.861959005
Portfolio 1,6238,0.0
Portfolio 1,6239,0.0
Portfolio 1,6240,0.0
Portfolio 1,6241,0.0
Portfolio 1,6242,27564974.79626559
Portfolio 1,6243,0.0
Portfolio 1,6244,17510906.764428075
Portfolio 1,6245,15127461.929963065
Portfolio 1,6246,0.0
Portfolio 1,6247,2999238.710377632
Portfolio 1,6248,0.0
Portfolio 1,6249,8868899.02430052
Portfolio 1,6250,0.0
Portfolio 1,6251,22693166.341816656
Portfolio 1,6252,10845671.861959005
Portfolio 1,6253,0.0
Portfolio 1,6254,2999238.710377632
Portfolio 1,6255,0.0
Portfolio 1,6256,21275337.732165176
Portfolio 1,6257,0.0
Portfolio 1,6258,26379805.788728595
Portfolio 1,6259,0.0
Portfolio 1,6260,0.0
Portfolio 1,6261,0.0
Portfolio 1,6262,0.0
Portfolio 1,6263,10502839.911227165
Portfolio 1,6264,0.0
Portfolio 1,6265,0.0
Portfolio 1,6266,0.0
Portfolio 1,6267,0.0
Portfolio 1,6268,0.0
Portfolio 1,6269,0.0
Portfolio 1,6270,0.0
Portfolio 1,6271,34284215.05947103
Portfolio 1,6272,0.0
Portfolio 1,6273,0.0
Portfolio 1,6274,0.0
Portfolio 1,6275,0.0
Portfolio 1,6276,0.0
Portfolio 1,6277,0.0
Portfolio 1,6278,0.0
Portfolio 1,6279,11428295.851894356
Portfolio 1,6280,0.0
Portfolio 1,6281,0.0
Portfolio 1,6282,0.0
Portfolio 1,6283,3909670.548554421
Portfolio 1,6284,0.0
Portfolio 1,6285,5843298.617235378
Portfolio 1,6286,0.0
Portfolio 1,6287,0.0
Portfolio 1,6288,0.0
Portfolio 1,6289,10502839.911227165
Portfolio 1,6290,17510906.764428075
Portfolio 1,6291,0.0
Portfolio 1,6292,0.0
Portfolio 1,6293,0.0
Portfolio 1,6294,0.0
Portfolio 1,6295,14707055.244517215
Portfolio 1,6296,0.0
Portfolio 1,6297,0.0
Portfolio 1,6298,0.0
Portfolio 1,6299,0.0
Portfolio 1,6300,5444546.850261398
Portfolio 1,6301,0.0
Portfolio 1,6302,25284765.267157182
Portfolio 1,6303,0.0
Portfolio 1,6304,0.0
Portfolio 1,6305,48280580.18771763
Portfolio 1,6306,0.0
Portfolio 1,6307,11046777.49429278
Portfolio 1,6308,0.0
Portfolio 1,6309,0.0
Portfolio 1,6310,0.0
Portfolio 1,6311,13629447.393690683
Portfolio 1,6312,0.0
Portfolio 1,6313,0.0
Portfolio 1,6314,0.0
Portfolio 1,6315,0.0
Portfolio 1,6316,0.0
Portfolio 1,6317,0.0
Portfolio 1,6318,0.0
Portfolio 1,6319,0.0
Portfolio 1,6320,0.0
Portfolio 1,6321,0.0
Portfolio 1,6322,16481193.917053008
Portfolio 1,6323,0.0
Portfolio 1,6324,11340343.460939737
Portfolio 1,6325,3909670.548554421
Portfolio 1,6326,7384177.026644446
Portfolio 1,6327,0.0
Portfolio 1,6328,14439093.40519818
Portfolio 1,6329,0.0
Portfolio 1,6330,0.0
Portfolio 1,6331,0.0
Portfolio 1,6332,5395283.542444266
Portfolio 1,6333,0.0
Portfolio 1,6334,0.0
Portfolio 1,6335,0.0
Portfolio 1,6336,0.0
Portfolio 1,6337,0.0
Portfolio 1,6338,16367357.828131367
Portfolio 1,6339,0.0
Portfolio 1,6340,0.0
Portfolio 1,6341,31731130.696956336
Portfolio 1,6342,0.0
Portfolio 1,6343,23903902.399748396
Portfolio 1,6344,0.0
Portfolio 1,6345,0.0
Portfolio 1,6346,0.0
Portfolio 1,6347,0.0
Portfolio 1,6348,0.0
Portfolio 1,6349,13629447.393690683
Portfolio 1,6350,2999238.710377632
Portfolio 1,6351,0.0
Portfolio 1,6352,5864517.916904203
Portfolio 1,6353,27650656.303505264
Portfolio 1,6354,0.0
Portfolio 1,6355,25065895.794487264
Portfolio 1,6356,0.0
Portfolio 1,6357,0.0
Portfolio 1,6358,24895083.79107252
Portfolio 1,6359,62630684.87273461
Portfolio 1,6360,37058597.69308459
Portfolio 1,6361,0.0
Portfolio 1,6362,0.0
Portfolio 1,6363,0.0
Portfolio 1,6364,5864517.916904203
Portfolio 1,6365,0.0
Portfolio 1,6366,5843298.617235378
Portfolio 1,6367,0.0
Portfolio 1,6368,42487742.27749227
Portfolio 1,6369,0.0
Portfolio 1,6370,3909670.548554421
Portfolio 1,6371,10502839.911227165
Portfolio 1,6372,2999238.710377632
Portfolio 1,6373,0.0
Portfolio 1,6374,0.0
Portfolio 1,6375,10845671.861959005
Portfolio 1,6376,0.0
Portfolio 1,6377,0.0
Portfolio 1,6378,0.0
Portfolio 1,6379,0.0
Portfolio 1,6380,0.0
Portfolio 1,6381,0.0
Portfolio 1,6382,14199271.723999074
Portfolio 1,6383,0.0
Portfolio 1,6384,10502839.911227165
Portfolio 1,6385,9097016.890408562
Portfolio 1,6386,0.0
Portfolio 1,6387,0.0
Portfolio 1,6388,16610555.429282935
Portfolio 1,6389,0.0
Portfolio 1,6390,0.0
Portfolio 1,6391,5843298.617235378
Portfolio 1,6392,0.0
Portfolio 1,6393,17510906.764428075
Portfolio 1,6394,0.0
Portfolio 1,6395,11711838.488399928
Portfolio 1,6396,0.0
Portfolio 1,6397,0.0
Portfolio 1,6398,36731862.88913577
Portfolio 1,6399,0.0
Portfolio 1,6400,31351123.02700063
Portfolio 1,6401,0.0
Portfolio 1,6402,25065895.794487264
Portfolio 1,6403,0.0
Portfolio 1,6404,0.0
Portfolio 1,6405,0.0
Portfolio 1,6406,9097016.890408562
Portfolio 1,6407,0.0
Portfolio 1,6408,0.0
Portfolio 1,6409,0.0
Portfolio 1,6410,0.0
Portfolio 1,6411,0.0
Portfolio 1,6412,15035003.375447877
Portfolio 1,6413,29568189.395772815
Portfolio 1,6414,0.0
Portfolio 1,6415,0.0
Portfolio 1,6416,10845671.861959005
Portfolio 1,6417,14412510.459781585
Portfolio 1,6418,0.0
Portfolio 1,6419,0.0
Portfolio 1,6420,0.0
Portfolio 1,6421,11428295.851894356
Portfolio 1,6422,0.0
Portfolio 1,6423,0.0
Portfolio 1,6424,0.0
Portfolio 1,6425,0.0
Portfolio 1,6426,11428295.851894356
Portfolio 1,6427,0.0
Portfolio 1,6428,0.0
Portfolio 1,6429,0.0
Portfolio 1,6430,0.0
Portfolio 1,6431,0.0
Portfolio 1,6432,18129894.48108268
Portfolio 1,6433,9870244.385647308
Portfolio 1,6434,5395283.542444266
Portfolio 1,6435,0.0
Portfolio 1,6436,0.0
Portfolio 1,6437,12178320.841756614
Portfolio 1,6438,0.0
Portfolio 1,6439,0.0
Portfolio 1,6440,0.0
Portfolio 1,6441,30669685.234356828
Portfolio 1,6442,0.0
Portfolio 1,6443,30263114.640595507
Portfolio 1,6444,0.0
Portfolio 1,6445,0.0
Portfolio 1,6446,14220223.93252826
Portfolio 1,6447,31950000.169626255
Portfolio 1,6448,5395283.542444266
Portfolio 1,6449,46092047.09062895
Portfolio 1,6450,17510906.764428075
Portfolio 1,6451,0.0
Portfolio 1,6452,3909670.548554421
Portfolio 1,6453,31950000.169626255
Portfolio 1,6454,5182259.577388579
Portfolio 1,6455,10845671.861959005
Portfolio 1,6456,15035003.375447877
Portfolio 1,6457,26366655.49466705
Portfolio 1,6458,11355857.379537154
Portfolio 1,6459,9097016.890408562
Portfolio 1,6460,0.0
Portfolio 1,6461,0.0
Portfolio 1,6462,25880675.23740688
Portfolio 1,6463,7384177.026644446
Portfolio 1,6464,0.0
Portfolio 1,6465,10845671.861959005
Portfolio 1,6466,0.0
Portfolio 1,6467,42598831.723320745
Portfolio 1,6468,27378579.803180695
Portfolio 1,6469,0.0
Portfolio 1,6470,0.0
Portfolio 1,6471,0.0
Portfolio 1,6472,10502839.911227165
Portfolio 1,6473,38124126.33227666
Portfolio 1,6474,30110641.31074369
Portfolio 1,6475,62350283.84503591
Portfolio 1,6476,0.0
Portfolio 1,6477,0.0
Portfolio 1,6478,3909670.548554421
Portfolio 1,6479,0.0
Portfolio 1,6480,10723682.894710481
Portfolio 1,6481,0.0
Portfolio 1,6482,39737115.01067412
Portfolio 1,6483,22714545.552359983
Portfolio 1,6484,0.0
Portfolio 1,6485,0.0
Portfolio 1,6486,0.0
Portfolio 1,6487,0.0
Portfolio 1,6488,0.0
Portfolio 1,6489,0.0
Portfolio 1,6490,0.0
Portfolio 1,6491,0.0
Portfolio 1,6492,16522603.038328316
Portfolio 1,6493,0.0
Portfolio 1,6494,0.0
Portfolio 1,6495,25648519.784422614
Portfolio 1,6496,0.0
Portfolio 1,6497,0.0
Portfolio 1,6498,0.0
Portfolio 1,6499,0.0
Portfolio 1,6500,0.0
Portfolio 1,6501,0.0
Portfolio 1,6502,44823360.723551065
Portfolio 1,6503,0.0
Portfolio 1,6504,32671246.318400797
Portfolio 1,6505,0.0
Portfolio 1,6506,23023992.70371562
Portfolio 1,6507,0.0
Portfolio 1,6508,10723682.894710481
Portfolio 1,6509,8868899.02430052
Portfolio 1,6510,0.0
Portfolio 1,6511,0.0
Portfolio 1,6512,0.0
Portfolio 1,6513,32785428.40415924
Portfolio 1,6514,0.0
Portfolio 1,6515,0.0
Portfolio 1,6516,0.0
Portfolio 1,6517,0.0
Portfolio 1,6518,7384177.026644446
Portfolio 1,6519,54952023.62371021
Portfolio 1,6520,0.0
Portfolio 1,6521,7613503.072815756
Portfolio 1,6522,0.0
Portfolio 1,6523,5182259.577388579
Portfolio 1,6524,0.0
Portfolio 1,6525,0.0
Portfolio 1,6526,10502839.911227165
Portfolio 1,6527,0.0
Portfolio 1,6528,22498346.417991202
Portfolio 1,6529,0.0
Portfolio 1,6530,16346138.528462544
Portfolio 1,6531,7613503.072815756
Portfolio 1,6532,0.0
Portfolio 1,6533,0.0
Portfolio 1,6534,0.0
Portfolio 1,6535,0.0
Portfolio 1,6536,0.0
Portfolio 1,6537,7384177.026644446
Portfolio 1,6538,0.0
Portfolio 1,6539,3909670.548554421
Portfolio 1,6540,0.0
Portfolio 1,6541,0.0
Portfolio 1,6542,38169270.98157515
Portfolio 1,6543,15057590.727501448
Portfolio 1,6544,6316554.945955662
Portfolio 1,6545,0.0
Portfolio 1,6546,0.0
Portfolio 1,6547,22419180.402092323
Portfolio 1,6548,14755342.410513425
Portfolio 1,6549,0.0
Portfolio 1,6550,0.0
Portfolio 1,6551,5843298.617235378
Portfolio 1,6552,0.0
Portfolio 1,6553,0.0
Portfolio 1,6554,28285817.8006155
Portfolio 1,6555,0.0
Portfolio 1,6556,16806245.69905189
Portfolio 1,6557,6316554.945955662
Portfolio 1,6558,0.0
Portfolio 1,6559,14199271.723999074
Portfolio 1,6560,0.0
Portfolio 1,6561,0.0
Portfolio 1,6562,0.0
Portfolio 1,6563,10502839.911227165
Portfolio 1,6564,0.0
Portfolio 1,6565,0.0
Portfolio 1,6566,0.0
Portfolio 1,6567,14199271.723999074
Portfolio 1,6568,0.0
Portfolio 1,6569,0.0
Portfolio 1,6570,0.0
Portfolio 1,6571,0.0
Portfolio 1,6572,14492300.432852829
Portfolio 1,6573,0.0
Portfolio 1,6574,5182259.577388579
Portfolio 1,6575,2999238.710377632
Portfolio 1,6576,0.0
Portfolio 1,6577,25560567.393467996
Portfolio 1,6578,0.0
Portfolio 1,6579,0.0
Portfolio 1,6580,18107859.921354927
Portfolio 1,6581,0.0
Portfolio 1,6582,11238582.159679644
Portfolio 1,6583,0.0
Portfolio 1,6584,16710189.778863207
Portfolio 1,6585,0.0
Portfolio 1,6586,0.0
Portfolio 1,6587,0.0
Portfolio 1,6588,0.0
Portfolio 1,6589,0.0
Portfolio 1,6590,0.0
Portfolio 1,6591,0.0
Portfolio 1,6592,0.0
Portfolio 1,6593,0.0
Portfolio 1,6594,29689227.60618469
Portfolio 1,6595,27666569.049078003
Portfolio 1,6596,0.0
Portfolio 1,6597,0.0
Portfolio 1,6598,5960573.837092887
Portfolio 1,6599,31006074.917144038
Portfolio 1,6600,0.0
Portfolio 1,6601,0.0
Portfolio 1,6602,0.0
Portfolio 1,6603,0.0
Portfolio 1,6604,0.0
Portfolio 1,6605,0.0
Portfolio 1,6606,21047219.866057135
Portfolio 1,6607,0.0
Portfolio 1,6608,0.0
Portfolio 1,6609,17510906.764428075
Portfolio 1,6610,0.0
Portfolio 1,6611,0.0
Portfolio 1,6612,5182259.577388579
Portfolio 1,6613,5395283.542444266
Portfolio 1,6614,0.0
Portfolio 1,6615,5395283.542444266
Portfolio 1,6616,5395283.542444266
Portfolio 1,6617,0.0
Portfolio 1,6618,0.0
Portfolio 1,6619,20399667.242291067
Portfolio 1,6620,14199271.723999074
Portfolio 1,6621,44745762.81983059
Portfolio 1,6622,10845671.861959005
Portfolio 1,6623,0.0
Portfolio 1,6624,0.0
Portfolio 1,6625,14199271.723999074
Portfolio 1,6626,14439093.40519818
Portfolio 1,6627,0.0
Portfolio 1,6628,0.0
Portfolio 1,6629,0.0
Portfolio 1,6630,0.0
Portfolio 1,6631,18292959.184214085
Portfolio 1,6632,9097016.890408562
Portfolio 1,6633,0.0
Portfolio 1,6634,0.0
Portfolio 1,6635,22714545.552359983
Portfolio 1,6636,24702111.63522624
Portfolio 1,6637,11340343.460939737
Portfolio 1,6638,0.0
Portfolio 1,6639,3909670.548554421
Portfolio 1,6640,7384177.026644446
Portfolio 1,6641,17510906.764428075
Portfolio 1,6642,0.0
Portfolio 1,6643,23471480.601520963
Portfolio 1,6644,5395283.542444266
Portfolio 1,6645,15127461.929963065
Portfolio 1,6646,0.0
Portfolio 1,6647,0.0
Portfolio 1,6648,17510906.764428075
Portfolio 1,6649,0.0
Portfolio 1,6650,0.0
Portfolio 1,6651,0.0
Portfolio 1,6652,0.0
Portfolio 1,6653,0.0
Portfolio 1,6654,0.0
Portfolio 1,6655,0.0
Portfolio 1,6656,0.0
Portfolio 1,6657,40478158.79431898
Portfolio 1,6658,15330368.52571554
Portfolio 1,6659,0.0
Portfolio 1,6660,0.0
Portfolio 1,6661,0.0
Portfolio 1,6662,0.0
Portfolio 1,6663,0.0
Portfolio 1,6664,66178166.85707342
Portfolio 1,6665,5843298.617235378
Portfolio 1,6666,43978712.15533088
Portfolio 1,6667,0.0
Portfolio 1,6668,0.0
Portfolio 1,6669,0.0
Portfolio 1,6670,0.0
Portfolio 1,6671,0.0
Portfolio 1,6672,11340343.460939737
Portfolio 1,6673,0.0
Portfolio 1,6674,10502839.911227165
Portfolio 1,6675,0.0
Portfolio 1,6676,0.0
Portfolio 1,6677,13158355.870652435
Portfolio 1,6678,22600144.920288205
Portfolio 1,6679,0.0
Portfolio 1,6680,0.0
Portfolio 1,6681,14199271.723999074
Portfolio 1,6682,0.0
Portfolio 1,6683,14439093.40519818
Portfolio 1,6684,10502839.911227165
Portfolio 1,6685,0.0
Portfolio 1,6686,0.0
Portfolio 1,6687,14220223.93252826
Portfolio 1,6688,0.0
Portfolio 1,6689,49881513.130809754
Portfolio 1,6690,0.0
Portfolio 1,6691,15330368.52571554
Portfolio 1,6692,0.0
Portfolio 1,6693,0.0
Portfolio 1,6694,3909670.548554421
Portfolio 1,6695,0.0
Portfolio 1,6696,15330368.52571554
Portfolio 1,6697,0.0
Portfolio 1,6698,0.0
Portfolio 1,6699,15035003.375447877
Portfolio 1,6700,13158355.870652435
Portfolio 1,6701,0.0
Portfolio 1,6702,0.0
Portfolio 1,6703,0.0
Portfolio 1,6704,10845671.861959005
Portfolio 1,6705,0.0
Portfolio 1,6706,11340343.460939737
Portfolio 1,6707,3909670.548554421
Portfolio 1,6708,28756909.32365375
Portfolio 1,6709,0.0
Portfolio 1,6710,20159845.56109196
Portfolio 1,6711,0.0
Portfolio 1,6712,0.0
Portfolio 1,6713,0.0
Portfolio 1,6714,0.0
Portfolio 1,6715,35241994.75543335
Portfolio 1,6716,7384177.026644446
Portfolio 1,6717,0.0
Portfolio 1,6718,0.0
Portfolio 1,6719,14439093.40519818
Portfolio 1,6720,0.0
Portfolio 1,6721,0.0
Portfolio 1,6722,0.0
Portfolio 1,6723,15330368.52571554
Portfolio 1,6724,61274722.3698802
Portfolio 1,6725,0.0
Portfolio 1,6726,0.0
Portfolio 1,6727,0.0
Portfolio 1,6728,7384177.026644446
Portfolio 1,6729,0.0
Portfolio 1,6730,0.0
Portfolio 1,6731,0.0
Portfolio 1,6732,19371738.935527682
Portfolio 1,6733,0.0
Portfolio 1,6734,0.0
Portfolio 1,6735,0.0
Portfolio 1,6736,0.0
Portfolio 1,6737,0.0
Portfolio 1,6738,0.0
Portfolio 1,6739,0.0
Portfolio 1,6740,0.0
Portfolio 1,6741,15330368.52571554
Portfolio 1,6742,5864517.916904203
Portfolio 1,6743,12178320.841756614
Portfolio 1,6744,39626161.26155524
Portfolio 1,6745,0.0
Portfolio 1,6746,15330368.52571554
Portfolio 1,6747,0.0
Portfolio 1,6748,0.0
Portfolio 1,6749,0.0
Portfolio 1,6750,0.0
Portfolio 1,6751,0.0
Portfolio 1,6752,0.0
Portfolio 1,6753,23089122.95682878
Portfolio 1,6754,0.0
Portfolio 1,6755,0.0
Portfolio 1,6756,26398544.774284873
Portfolio 1,6757,0.0
Portfolio 1,6758,0.0
Portfolio 1,6759,0.0
Portfolio 1,6760,0.0
Portfolio 1,6761,0.0
Portfolio 1,6762,0.0
Portfolio 1,6763,0.0
Portfolio 1,6764,0.0
Portfolio 1,6765,48282710.820561215
Portfolio 1,6766,0.0
Portfolio 1,6767,0.0
Portfolio 1,6768,0.0
Portfolio 1,6769,0.0
Portfolio 1,6770,0.0
Portfolio 1,6771,5395283.542444266
Portfolio 1,6772,12779460.569088712
Portfolio 1,6773,18459174.93477476
Portfolio 1,6774,0.0
Portfolio 1,6775,0.0
Portfolio 1,6776,5960573.837092887
Portfolio 1,6777,0.0
Portfolio 1,6778,0.0
Portfolio 1,6779,0.0
Portfolio 1,6780,13158355.870652435
Portfolio 1,6781,0.0
Portfolio 1,6782,0.0
Portfolio 1,6783,0.0
Portfolio 1,6784,0.0
Portfolio 1,6785,0.0
Portfolio 1,6786,14733416.941204723
Portfolio 1,6787,0.0
Portfolio 1,6788,21194886.44261974
Portfolio 1,6789,16168229.744971879
Portfolio 1,6790,0.0
Portfolio 1,6791,0.0
Portfolio 1,6792,0.0
Portfolio 1,6793,0.0
Portfolio 1,6794,0.0
Portfolio 1,6795,18348763.9537526
Portfolio 1,6796,0.0
Portfolio 1,6797,0.0
Portfolio 1,6798,0.0
Portfolio 1,6799,0.0
Portfolio 1,6800,0.0
Portfolio 1,6801,0.0
Portfolio 1,6802,10502839.911227165
Portfolio 1,6803,42698772.12432447
Portfolio 1,6804,0.0
Portfolio 1,6805,0.0
Portfolio 1,6806,0.0
Portfolio 1,6807,0.0
Portfolio 1,6808,0.0
Portfolio 1,6809,0.0
Portfolio 1,6810,15127461.929963065
Portfolio 1,6811,9097016.890408562
Portfolio 1,6812,0.0
Portfolio 1,6813,21088035.76705595
Portfolio 1,6814,17183642.078175116
Portfolio 1,6815,0.0
Portfolio 1,6816,0.0
Portfolio 1,6817,28193359.246100314
Portfolio 1,6818,17387691.53827438
Portfolio 1,6819,0.0
Portfolio 1,6820,10502839.911227165
Portfolio 1,6821,0.0
Portfolio 1,6822,0.0
Portfolio 1,6823,12178320.841756614
Portfolio 1,6824,0.0
Portfolio 1,6825,0.0
Portfolio 1,6826,14439093.40519818
Portfolio 1,6827,27213324.21720449
Portfolio 1,6828,15293720.473836454
Portfolio 1,6829,0.0
Portfolio 1,6830,5444546.850261398
Portfolio 1,6831,0.0
Portfolio 1,6832,0.0
Portfolio 1,6833,37153638.95755816
Portfolio 1,6834,0.0
Portfolio 1,6835,0.0
Portfolio 1,6836,0.0
Portfolio 1,6837,0.0
Portfolio 1,6838,14961534.807312764
Portfolio 1,6839,0.0
Portfolio 1,6840,0.0
Portfolio 1,6841,0.0
Portfolio 1,6842,0.0
Portfolio 1,6843,0.0
Portfolio 1,6844,9097016.890408562
Portfolio 1,6845,0.0
Portfolio 1,6846,0.0
Portfolio 1,6847,0.0
Portfolio 1,6848,5444546.850261398
Portfolio 1,6849,0.0
Portfolio 1,6850,8868899.02430052
Portfolio 1,6851,0.0
Portfolio 1,6852,0.0
Portfolio 1,6853,0.0
Portfolio 1,6854,23521984.182784963
Portfolio 1,6855,17510906.764428075
Portfolio 1,6856,0.0
Portfolio 1,6857,3909670.548554421
Portfolio 1,6858,0.0
Portfolio 1,6859,13158355.870652435
Portfolio 1,6860,15035003.375447877
Portfolio 1,6861,17622867.69201801
Portfolio 1,6862,0.0
Portfolio 1,6863,0.0
Portfolio 1,6864,0.0
Portfolio 1,6865,0.0
Portfolio 1,6866,0.0
Portfolio 1,6867,0.0
Portfolio 1,6868,7613503.072815756
Portfolio 1,6869,0.0
Portfolio 1,6870,10845671.861959005
Portfolio 1,6871,0.0
Portfolio 1,6872,0.0
Portfolio 1,6873,24224478.820371628
Portfolio 1,6874,17622867.69201801
Portfolio 1,6875,20209242.48524026
Portfolio 1,6876,7613503.072815756
Portfolio 1,6877,0.0
Portfolio 1,6878,7384177.026644446
Portfolio 1,6879,0.0
Portfolio 1,6880,15035003.375447877
Portfolio 1,6881,0.0
Portfolio 1,6882,0.0
Portfolio 1,6883,13629447.393690683
Portfolio 1,6884,19791823.91457237
Portfolio 1,6885,0.0
Portfolio 1,6886,7384177.026644446
Portfolio 1,6887,0.0
Portfolio 1,6888,0.0
Portfolio 1,6889,38646126.232659414
Portfolio 1,6890,5864517.916904203
Portfolio 1,6891,0.0
Portfolio 1,6892,0.0
Portfolio 1,6893,13629447.393690683
Portfolio 1,6894,8868899.02430052
Portfolio 1,6895,7613503.072815756
Portfolio 1,6896,0.0
Portfolio 1,6897,0.0
Portfolio 1,6898,31643954.783042118
Portfolio 1,6899,0.0
Portfolio 1,6900,24199267.55001606
Portfolio 1,6901,0.0
Portfolio 1,6902,0.0
Portfolio 1,6903,14412510.459781585
Portfolio 1,6904,0.0
Portfolio 1,6905,5395283.542444266
Portfolio 1,6906,3909670.548554421
Portfolio 1,6907,12277128.783048548
Portfolio 1,6908,0.0
Portfolio 1,6909,0.0
Portfolio 1,6910,12096255.600786194
Portfolio 1,6911,0.0
Portfolio 1,6912,0.0
Portfolio 1,6913,5182259.577388579
Portfolio 1,6914,0.0
Portfolio 1,6915,0.0
Portfolio 1,6916,0.0
Portfolio 1,6917,28384789.804204106
Portfolio 1,6918,0.0
Portfolio 1,6919,0.0
Portfolio 1,6920,0.0
Portfolio 1,6921,14755342.410513425
Portfolio 1,6922,5182259.577388579
Portfolio 1,6923,0.0
Portfolio 1,6924,21569354.756669484
Portfolio 1,6925,51861802.18941927
Portfolio 1,6926,0.0
Portfolio 1,6927,10845671.861959005
Portfolio 1,6928,0.0
Portfolio 1,6929,0.0
Portfolio 1,6930,0.0
Portfolio 1,6931,51597020.35481035
Portfolio 1,6932,5864517.916904203
Portfolio 1,6933,0.0
Portfolio 1,6934,0.0
Portfolio 1,6935,0.0
Portfolio 1,6936,0.0
Portfolio 1,6937,0.0
Portfolio 1,6938,0.0
Portfolio 1,6939,0.0
Portfolio 1,6940,10502839.911227165
Portfolio 1,6941,24353130.288401164
Portfolio 1,6942,0.0
Portfolio 1,6943,0.0
Portfolio 1,6944,0.0
Portfolio 1,6945,16367357.828131367
Portfolio 1,6946,0.0
Portfolio 1,6947,5843298.617235378
Portfolio 1,6948,0.0
Portfolio 1,6949,0.0
Portfolio 1,6950,0.0
Portfolio 1,6951,20063789.640903275
Portfolio 1,6952,0.0
Portfolio 1,6953,0.0
Portfolio 1,6954,0.0
Portfolio 1,6955,23534178.22129377
Portfolio 1,6956,0.0
Portfolio 1,6957,0.0
Portfolio 1,6958,0.0
Portfolio 1,6959,0.0
Portfolio 1,6960,0.0
Portfolio 1,6961,0.0
Portfolio 1,6962,0.0
Portfolio 1,6963,0.0
Portfolio 1,6964,0.0
Portfolio 1,6965,0.0
Portfolio 1,6966,0.0
Portfolio 1,6967,15035003.375447877
Portfolio 1,6968,0.0
Portfolio 1,6969,0.0
Portfolio 1,6970,0.0
Portfolio 1,6971,32638368.69439114
Portfolio 1,6972,0.0
Portfolio 1,6973,0.0
Portfolio 1,6974,0.0
Portfolio 1,6975,0.0
Portfolio 1,6976,0.0
Portfolio 1,6977,0.0
Portfolio 1,6978,0.0
Portfolio 1,6979,0.0
Portfolio 1,6980,21833727.005344015
Portfolio 1,6981,19664770.782789655
Portfolio 1,6982,0.0
Portfolio 1,6983,28419495.656527333
Portfolio 1,6984,0.0
Portfolio 1,6985,29529640.249714613
Portfolio 1,6986,13629447.393690683
Portfolio 1,6987,42410685.9888308
Portfolio 1,6988,0.0
Portfolio 1,6989,13158355.870652435
Portfolio 1,6990,0.0
Portfolio 1,6991,14439093.40519818
Portfolio 1,6992,0.0
Portfolio 1,6993,0.0
Portfolio 1,6994,0.0
Portfolio 1,6995,14220223.93252826
Portfolio 1,6996,0.0
Portfolio 1,6997,0.0
Portfolio 1,6998,0.0
Portfolio 1,6999,5182259.577388579
Portfolio 1,7000,0.0
Portfolio 1,7001,11340343.460939737
Portfolio 1,7002,32136614.22476743
Portfolio 1,7003,0.0
Portfolio 1,7004,0.0
Portfolio 1,7005,0.0
Portfolio 1,7006,0.0
Portfolio 1,7007,15035003.375447877
Portfolio 1,7008,5182259.577388579
Portfolio 1,7009,0.0
Portfolio 1,7010,0.0
Portfolio 1,7011,0.0
Portfolio 1,7012,0.0
Portfolio 1,7013,0.0
Portfolio 1,7014,0.0
Portfolio 1,7015,0.0
Portfolio 1,7016,0.0
Portfolio 1,7017,0.0
Portfolio 1,7018,3909670.548554421
Portfolio 1,7019,0.0
Portfolio 1,7020,0.0
Portfolio 1,7021,0.0
Portfolio 1,7022,14220223.93252826
Portfolio 1,7023,13456801.690051135
Portfolio 1,7024,0.0
Portfolio 1,7025,0.0
Portfolio 1,7026,0.0
Portfolio 1,7027,11340343.460939737
Portfolio 1,7028,29566555.335161246
Portfolio 1,7029,16819394.857182827
Portfolio 1,7030,0.0
Portfolio 1,7031,0.0
Portfolio 1,7032,13629447.393690683
Portfolio 1,7033,0.0
Portfolio 1,7034,15330368.52571554
Portfolio 1,7035,0.0
Portfolio 1,7036,0.0
Portfolio 1,7037,22561736.57877869
Portfolio 1,7038,0.0
Portfolio 1,7039,38402843.60782635
Portfolio 1,7040,14541563.74066996
Portfolio 1,7041,0.0
Portfolio 1,7042,21088035.76705595
Portfolio 1,7043,0.0
Portfolio 1,7044,30680465.641052082
Portfolio 1,7045,0.0
Portfolio 1,7046,0.0
Portfolio 1,7047,0.0
Portfolio 1,7048,0.0
Portfolio 1,7049,0.0
Portfolio 1,7050,11340343.460939737
Portfolio 1,7051,0.0
Portfolio 1,7052,34965966.64287178
Portfolio 1,7053,0.0
Portfolio 1,7054,0.0
Portfolio 1,7055,0.0
Portfolio 1,7056,15127461.929963065
Portfolio 1,7057,0.0
Portfolio 1,7058,15330368.52571554
Portfolio 1,7059,0.0
Portfolio 1,7060,10723682.894710481
Portfolio 1,7061,0.0
Portfolio 1,7062,0.0
Portfolio 1,7063,0.0
Portfolio 1,7064,0.0
Portfolio 1,7065,0.0
Portfolio 1,7066,22902003.736467093
Portfolio 1,7067,0.0
Portfolio 1,7068,2999238.710377632
Portfolio 1,7069,0.0
Portfolio 1,7070,29194435.815711603
Portfolio 1,7071,0.0
Portfolio 1,7072,0.0
Portfolio 1,7073,0.0
Portfolio 1,7074,0.0
Portfolio 1,7075,0.0
Portfolio 1,7076,0.0
Portfolio 1,7077,0.0
Portfolio 1,7078,0.0
Portfolio 1,7079,0.0
Portfolio 1,7080,0.0
Portfolio 1,7081,0.0
Portfolio 1,7082,0.0
Portfolio 1,7083,0.0
Portfolio 1,7084,15035003.375447877
Portfolio 1,7085,17438332.115575813
Portfolio 1,7086,10845671.861959005
Portfolio 1,7087,0.0
Portfolio 1,7088,49038504.4551042
Portfolio 1,7089,10845671.861959005
Portfolio 1,7090,0.0
Portfolio 1,7091,13629447.393690683
Portfolio 1,7092,0.0
Portfolio 1,7093,14439093.40519818
Portfolio 1,7094,0.0
Portfolio 1,7095,0.0
Portfolio 1,7096,34295797.07562921
Portfolio 1,7097,0.0
Portfolio 1,7098,0.0
Portfolio 1,7099,0.0
Portfolio 1,7100,7384177.026644446
Portfolio 1,7101,0.0
Portfolio 1,7102,0.0
Portfolio 1,7103,0.0
Portfolio 1,7104,0.0
Portfolio 1,7105,5395283.542444266
Portfolio 1,7106,0.0
Portfolio 1,7107,53599064.36713687
Portfolio 1,7108,12566436.604033025
Portfolio 1,7109,92118966.8674456
Portfolio 1,7110,12178320.841756614
Portfolio 1,7111,8868899.02430052
Portfolio 1,7112,0.0
Portfolio 1,7113,0.0
Portfolio 1,7114,0.0
Portfolio 1,7115,0.0
Portfolio 1,7116,5843298.617235378
Portfolio 1,7117,0.0
Portfolio 1,7118,17510906.764428075
Portfolio 1,7119,16522603.038328316
Portfolio 1,7120,0.0
Portfolio 1,7121,0.0
Portfolio 1,7122,0.0
Portfolio 1,7123,0.0
Portfolio 1,7124,3909670.548554421
Portfolio 1,7125,0.0
Portfolio 1,7126,0.0
Portfolio 1,7127,0.0
Portfolio 1,7128,0.0
Portfolio 1,7129,0.0
Portfolio 1,7130,0.0
Portfolio 1,7131,0.0
Portfolio 1,7132,0.0
Portfolio 1,7133,0.0
Portfolio 1,7134,0.0
Portfolio 1,7135,9097016.890408562
Portfolio 1,7136,0.0
Portfolio 1,7137,5182259.577388579
Portfolio 1,7138,0.0
Portfolio 1,7139,24004027.73261144
Portfolio 1,7140,0.0
Portfolio 1,7141,66850773.847514294
Portfolio 1,7142,0.0
Portfolio 1,7143,0.0
Portfolio 1,7144,5182259.577388579
Portfolio 1,7145,0.0
Portfolio 1,7146,0.0
Portfolio 1,7147,0.0
Portfolio 1,7148,76738415.49419613
Portfolio 1,7149,0.0
Portfolio 1,7150,15330368.52571554
Portfolio 1,7151,0.0
Portfolio 1,7152,0.0
Portfolio 1,7153,0.0
Portfolio 1,7154,0.0
Portfolio 1,7155,0.0
Portfolio 1,7156,45008050.09270341
Portfolio 1,7157,12178320.841756614
Portfolio 1,7158,0.0
Portfolio 1,7159,0.0
Portfolio 1,7160,0.0
Portfolio 1,7161,17438332.115575813
Portfolio 1,7162,0.0
Portfolio 1,7163,0.0
Portfolio 1,7164,0.0
Portfolio 1,7165,0.0
Portfolio 1,7166,5864517.916904203
Portfolio 1,7167,0.0
Portfolio 1,7168,10723682.894710481
Portfolio 1,7169,0.0
Portfolio 1,7170,0.0
Portfolio 1,7171,0.0
Portfolio 1,7172,20899521.29235208
Portfolio 1,7173,0.0
Portfolio 1,7174,0.0
Portfolio 1,7175,0.0
Portfolio 1,7176,22943871.598531295
Portfolio 1,7177,0.0
Portfolio 1,7178,14199271.723999074
Portfolio 1,7179,5960573.837092887
Portfolio 1,7180,7384177.026644446
Portfolio 1,7181,0.0
Portfolio 1,7182,0.0
Portfolio 1,7183,0.0
Portfolio 1,7184,0.0
Portfolio 1,7185,0.0
Portfolio 1,7186,0.0
Portfolio 1,7187,2999238.710377632
Portfolio 1,7188,0.0
Portfolio 1,7189,0.0
Portfolio 1,7190,60767350.426801585
Portfolio 1,7191,0.0
Portfolio 1,7192,5395283.542444266
Portfolio 1,7193,0.0
Portfolio 1,7194,0.0
Portfolio 1,7195,0.0
Portfolio 1,7196,0.0
Portfolio 1,7197,0.0
Portfolio 1,7198,0.0
Portfolio 1,7199,0.0
Portfolio 1,7200,23827461.710383736
Portfolio 1,7201,0.0
Portfolio 1,7202,0.0
Portfolio 1,7203,0.0
Portfolio 1,7204,0.0
Portfolio 1,7205,14439093.40519818
Portfolio 1,7206,14439093.40519818
Portfolio 1,7207,0.0
Portfolio 1,7208,0.0
Portfolio 1,7209,0.0
Portfolio 1,7210,0.0
Portfolio 1,7211,0.0
Portfolio 1,7212,0.0
Portfolio 1,7213,5182259.577388579
Portfolio 1,7214,22151978.746604837
Portfolio 1,7215,0.0
Portfolio 1,7216,15330368.52571554
Portfolio 1,7217,28193359.246100314
Portfolio 1,7218,0.0
Portfolio 1,7219,10845671.861959005
Portfolio 1,7220,34871487.18357327
Portfolio 1,7221,0.0
Portfolio 1,7222,34981005.71509422
Portfolio 1,7223,0.0
Portfolio 1,7224,0.0
Portfolio 1,7225,13158355.870652435
Portfolio 1,7226,14733416.941204723
Portfolio 1,7227,10502839.911227165
Portfolio 1,7228,0.0
Portfolio 1,7229,11340343.460939737
Portfolio 1,7230,0.0
Portfolio 1,7231,16806245.69905189
Portfolio 1,7232,0.0
Portfolio 1,7233,0.0
Portfolio 1,7234,0.0
Portfolio 1,7235,17510906.764428075
Portfolio 1,7236,13629447.393690683
Portfolio 1,7237,0.0
Portfolio 1,7238,0.0
Portfolio 1,7239,0.0
Portfolio 1,7240,0.0
Portfolio 1,7241,0.0
Portfolio 1,7242,0.0
Portfolio 1,7243,0.0
Portfolio 1,7244,0.0
Portfolio 1,7245,0.0
Portfolio 1,7246,0.0
Portfolio 1,7247,0.0
Portfolio 1,7248,0.0
Portfolio 1,7249,8959812.54747052
Portfolio 1,7250,19592581.919011
Portfolio 1,7251,15035003.375447877
Portfolio 1,7252,5864517.916904203
Portfolio 1,7253,0.0
Portfolio 1,7254,2999238.710377632
Portfolio 1,7255,0.0
Portfolio 1,7256,0.0
Portfolio 1,7257,0.0
Portfolio 1,7258,5182259.577388579
Portfolio 1,7259,0.0
Portfolio 1,7260,0.0
Portfolio 1,7261,0.0
Portfolio 1,7262,0.0
Portfolio 1,7263,0.0
Portfolio 1,7264,12178320.841756614
Portfolio 1,7265,0.0
Portfolio 1,7266,15293720.473836454
Portfolio 1,7267,0.0
Portfolio 1,7268,0.0
Portfolio 1,7269,0.0
Portfolio 1,7270,28193359.246100314
Portfolio 1,7271,41624724.7575309
Portfolio 1,7272,0.0
Portfolio 1,7273,11428295.851894356
Portfolio 1,7274,5444546.850261398
Portfolio 1,7275,0.0
Portfolio 1,7276,0.0
Portfolio 1,7277,11428295.851894356
Portfolio 1,7278,10845671.861959005
Portfolio 1,7279,0.0
Portfolio 1,7280,0.0
Portfolio 1,7281,13227475.643879823
Portfolio 1,7282,0.0
Portfolio 1,7283,0.0
Portfolio 1,7284,8868899.02430052
Portfolio 1,7285,0.0
Portfolio 1,7286,0.0
Portfolio 1,7287,0.0
Portfolio 1,7288,0.0
Portfolio 1,7289,0.0
Portfolio 1,7290,5395283.542444266
Portfolio 1,7291,45613416.32534225
Portfolio 1,7292,9097016.890408562
Portfolio 1,7293,0.0
Portfolio 1,7294,0.0
Portfolio 1,7295,0.0
Portfolio 1,7296,0.0
Portfolio 1,7297,14439093.40519818
Portfolio 1,7298,52051340.02608879
Portfolio 1,7299,0.0
Portfolio 1,7300,0.0
Portfolio 1,7301,0.0
Portfolio 1,7302,0.0
Portfolio 1,7303,0.0
Portfolio 1,7304,0.0
Portfolio 1,7305,0.0
Portfolio 1,7306,26067409.458677225
Portfolio 1,7307,0.0
Portfolio 1,7308,0.0
Portfolio 1,7309,23415633.71553659
Portfolio 1,7310,18116342.98404292
Portfolio 1,7311,0.0
Portfolio 1,7312,0.0
Portfolio 1,7313,5843298.617235378
Portfolio 1,7314,19594555.266443342
Portfolio 1,7315,28584263.620014198
Portfolio 1,7316,0.0
Portfolio 1,7317,7384177.026644446
Portfolio 1,7318,14199271.723999074
Portfolio 1,7319,17510906.764428075
Portfolio 1,7320,15035003.375447877
Portfolio 1,7321,5444546.850261398
Portfolio 1,7322,21931135.763121523
Portfolio 1,7323,0.0
Portfolio 1,7324,0.0
Portfolio 1,7325,5960573.837092887
Portfolio 1,7326,0.0
Portfolio 1,7327,0.0
Portfolio 1,7328,0.0
Portfolio 1,7329,21290942.362808425
Portfolio 1,7330,5182259.577388579
Portfolio 1,7331,0.0
Portfolio 1,7332,5864517.916904203
Portfolio 1,7333,0.0
Portfolio 1,7334,0.0
Portfolio 1,7335,0.0
Portfolio 1,7336,0.0
Portfolio 1,7337,0.0
Portfolio 1,7338,10502839.911227165
Portfolio 1,7339,14220223.93252826
Portfolio 1,7340,0.0
Portfolio 1,7341,0.0
Portfolio 1,7342,0.0
Portfolio 1,7343,0.0
Portfolio 1,7344,13629447.393690683
Portfolio 1,7345,11523173.621370178
Portfolio 1,7346,18459174.93477476
Portfolio 1,7347,0.0
Portfolio 1,7348,17510906.764428075
Portfolio 1,7349,0.0
Portfolio 1,7350,0.0
Portfolio 1,7351,0.0
Portfolio 1,7352,0.0
Portfolio 1,7353,0.0
Portfolio 1,7354,0.0
Portfolio 1,7355,0.0
Portfolio 1,7356,0.0
Portfolio 1,7357,0.0
Portfolio 1,7358,0.0
Portfolio 1,7359,28851250.225367814
Portfolio 1,7360,0.0
Portfolio 1,7361,15127461.929963065
Portfolio 1,7362,0.0
Portfolio 1,7363,0.0
Portfolio 1,7364,0.0
Portfolio 1,7365,0.0
Portfolio 1,7366,0.0
Portfolio 1,7367,0.0
Portfolio 1,7368,15330368.52571554
Portfolio 1,7369,0.0
Portfolio 1,7370,0.0
Portfolio 1,7371,0.0
Portfolio 1,7372,13629447.393690683
Portfolio 1,7373,0.0
Portfolio 1,7374,19615507.474972524
Portfolio 1,7375,0.0
Portfolio 1,7376,0.0
Portfolio 1,7377,0.0
Portfolio 1,7378,0.0
Portfolio 1,7379,0.0
Portfolio 1,7380,17622867.69201801
Portfolio 1,7381,0.0
Portfolio 1,7382,0.0
Portfolio 1,7383,0.0
Portfolio 1,7384,10845671.861959005
Portfolio 1,7385,0.0
Portfolio 1,7386,0.0
Portfolio 1,7387,11428295.851894356
Portfolio 1,7388,0.0
Portfolio 1,7389,5864517.916904203
Portfolio 1,7390,0.0
Portfolio 1,7391,10723682.894710481
Portfolio 1,7392,0.0
Portfolio 1,7393,0.0
Portfolio 1,7394,14199271.723999074
Portfolio 1,7395,15293720.473836454
Portfolio 1,7396,10612741.783193389
Portfolio 1,7397,0.0
Portfolio 1,7398,0.0
Portfolio 1,7399,0.0
Portfolio 1,7400,0.0
Portfolio 1,7401,0.0
Portfolio 1,7402,0.0
Portfolio 1,7403,0.0
Portfolio 1,7404,0.0
Portfolio 1,7405,18944673.924002297
Portfolio 1,7406,0.0
Portfolio 1,7407,0.0
Portfolio 1,7408,2999238.710377632
Portfolio 1,7409,24832965.71572165
Portfolio 1,7410,0.0
Portfolio 1,7411,0.0
Portfolio 1,7412,13158355.870652435
Portfolio 1,7413,10723682.894710481
Portfolio 1,7414,0.0
Portfolio 1,7415,0.0
Portfolio 1,7416,24004027.73261144
Portfolio 1,7417,0.0
Portfolio 1,7418,7384177.026644446
Portfolio 1,7419,0.0
Portfolio 1,7420,9097016.890408562
Portfolio 1,7421,11428295.851894356
Portfolio 1,7422,15127461.929963065
Portfolio 1,7423,30902841.329340793
Portfolio 1,7424,0.0
Portfolio 1,7425,20542532.897296883
Portfolio 1,7426,0.0
Portfolio 1,7427,11340343.460939737
Portfolio 1,7428,5960573.837092887
Portfolio 1,7429,0.0
Portfolio 1,7430,13629447.393690683
Portfolio 1,7431,0.0
Portfolio 1,7432,0.0
Portfolio 1,7433,0.0
Portfolio 1,7434,14940315.507643942
Portfolio 1,7435,17438332.115575813
Portfolio 1,7436,0.0
Portfolio 1,7437,7384177.026644446
Portfolio 1,7438,0.0
Portfolio 1,7439,17219462.64290589
Portfolio 1,7440,0.0
Portfolio 1,7441,0.0
Portfolio 1,7442,0.0
Portfolio 1,7443,0.0
Portfolio 1,7444,0.0
Portfolio 1,7445,5960573.837092887
Portfolio 1,7446,0.0
Portfolio 1,7447,0.0
Portfolio 1,7448,15337966.400448777
Portfolio 1,7449,0.0
Portfolio 1,7450,0.0
Portfolio 1,7451,15330368.52571554
Portfolio 1,7452,0.0
Portfolio 1,7453,10723682.894710481
Portfolio 1,7454,0.0
Portfolio 1,7455,35839516.623636216
Portfolio 1,7456,0.0
Portfolio 1,7457,0.0
Portfolio 1,7458,13629447.393690683
Portfolio 1,7459,25124409.837243833
Portfolio 1,7460,12178320.841756614
Portfolio 1,7461,0.0
Portfolio 1,7462,0.0
Portfolio 1,7463,30712082.39646742
Portfolio 1,7464,21173667.14295092
Portfolio 1,7465,0.0
Portfolio 1,7466,5960573.837092887
Portfolio 1,7467,10845671.861959005
Portfolio 1,7468,17455059.878443703
Portfolio 1,7469,0.0
Portfolio 1,7470,0.0
Portfolio 1,7471,0.0
Portfolio 1,7472,0.0
Portfolio 1,7473,0.0
Portfolio 1,7474,0.0
Portfolio 1,7475,0.0
Portfolio 1,7476,0.0
Portfolio 1,7477,45747085.7719153
Portfolio 1,7478,0.0
Portfolio 1,7479,0.0
Portfolio 1,7480,8868899.02430052
Portfolio 1,7481,17455059.878443703
Portfolio 1,7482,0.0
Portfolio 1,7483,24969790.854630418
Portfolio 1,7484,6316554.945955662
Portfolio 1,7485,17510906.764428075
Portfolio 1,7486,40412227.19712025
Portfolio 1,7487,0.0
Portfolio 1,7488,0.0
Portfolio 1,7489,0.0
Portfolio 1,7490,0.0
Portfolio 1,7491,0.0
Portfolio 1,7492,0.0
Portfolio 1,7493,0.0
Portfolio 1,7494,0.0
Portfolio 1,7495,7384177.026644446
Portfolio 1,7496,0.0
Portfolio 1,7497,7613503.072815756
Portfolio 1,7498,0.0
Portfolio 1,7499,40597816.498283945
Portfolio 1,7500,5182259.577388579
Portfolio 1,7501,0.0
Portfolio 1,7502,0.0
Portfolio 1,7503,0.0
Portfolio 1,7504,0.0
Portfolio 1,7505,23827461.710383736
Portfolio 1,7506,12178320.841756614
Portfolio 1,7507,0.0
Portfolio 1,7508,19037132.478517488
Portfolio 1,7509,17300917.298032623
Portfolio 1,7510,0.0
Portfolio 1,7511,0.0
Portfolio 1,7512,0.0
Portfolio 1,7513,0.0
Portfolio 1,7514,14199271.723999074
Portfolio 1,7515,35603441.981188096
Portfolio 1,7516,0.0
Portfolio 1,7517,0.0
Portfolio 1,7518,0.0
Portfolio 1,7519,39946428.14753848
Portfolio 1,7520,0.0
Portfolio 1,7521,0.0
Portfolio 1,7522,0.0
Portfolio 1,7523,0.0
Portfolio 1,7524,0.0
Portfolio 1,7525,0.0
Portfolio 1,7526,6316554.945955662
Portfolio 1,7527,0.0
Portfolio 1,7528,0.0
Portfolio 1,7529,25124409.837243833
Portfolio 1,7530,43427869.8427625
Portfolio 1,7531,0.0
Portfolio 1,7532,5960573.837092887
Portfolio 1,7533,0.0
Portfolio 1,7534,0.0
Portfolio 1,7535,0.0
Portfolio 1,7536,30445528.66359473
Portfolio 1,7537,6316554.945955662
Portfolio 1,7538,27969029.56500805
Portfolio 1,7539,0.0
Portfolio 1,7540,8868899.02430052
Portfolio 1,7541,0.0
Portfolio 1,7542,0.0
Portfolio 1,7543,0.0
Portfolio 1,7544,0.0
Portfolio 1,7545,0.0
Portfolio 1,7546,10723682.894710481
Portfolio 1,7547,10502839.911227165
Portfolio 1,7548,14279276.467797142
Portfolio 1,7549,0.0
Portfolio 1,7550,0.0
Portfolio 1,7551,22955453.614689473
Portfolio 1,7552,0.0
Portfolio 1,7553,32263062.691189073
Portfolio 1,7554,0.0
Portfolio 1,7555,0.0
Portfolio 1,7556,0.0
Portfolio 1,7557,0.0
Portfolio 1,7558,0.0
Portfolio 1,7559,16735627.003384003
Portfolio 1,7560,7384177.026644446
Portfolio 1,7561,14220223.93252826
Portfolio 1,7562,0.0
Portfolio 1,7563,0.0
Portfolio 1,7564,0.0
Portfolio 1,7565,0.0
Portfolio 1,7566,14633353.443264902
Portfolio 1,7567,5960573.837092887
Portfolio 1,7568,29633380.720200315
Portfolio 1,7569,0.0
Portfolio 1,7570,5843298.617235378
Portfolio 1,7571,28883355.73033806
Portfolio 1,7572,5444546.850261398
Portfolio 1,7573,15035003.375447877
Portfolio 1,7574,0.0
Portfolio 1,7575,5395283.542444266
Portfolio 1,7576,30363217.248496376
Portfolio 1,7577,29899996.475066558
Portfolio 1,7578,5395283.542444266
Portfolio 1,7579,15127461.929963065
Portfolio 1,7580,0.0
Portfolio 1,7581,0.0
Portfolio 1,7582,0.0
Portfolio 1,7583,0.0
Portfolio 1,7584,0.0
Portfolio 1,7585,5395283.542444266
Portfolio 1,7586,5182259.577388579
Portfolio 1,7587,18756336.487297222
Portfolio 1,7588,0.0
Portfolio 1,7589,0.0
Portfolio 1,7590,0.0
Portfolio 1,7591,0.0
Portfolio 1,7592,0.0
Portfolio 1,7593,27378579.803180695
Portfolio 1,7594,0.0
Portfolio 1,7595,0.0
Portfolio 1,7596,11340343.460939737
Portfolio 1,7597,5182259.577388579
Portfolio 1,7598,16628686.104068315
Portfolio 1,7599,0.0
Portfolio 1,7600,0.0
Portfolio 1,7601,0.0
Portfolio 1,7602,0.0
Portfolio 1,7603,0.0
Portfolio 1,7604,0.0
Portfolio 1,7605,0.0
Portfolio 1,7606,5960573.837092887
Portfolio 1,7607,14220223.93252826
Portfolio 1,7608,23471480.601520963
Portfolio 1,7609,0.0
Portfolio 1,7610,28953531.78331393
Portfolio 1,7611,0.0
Portfolio 1,7612,44483055.47934862
Portfolio 1,7613,0.0
Portfolio 1,7614,0.0
Portfolio 1,7615,0.0
Portfolio 1,7616,19599856.801635727
Portfolio 1,7617,0.0
Portfolio 1,7618,0.0
Portfolio 1,7619,11340343.460939737
Portfolio 1,7620,11340343.460939737
Portfolio 1,7621,13158355.870652435
Portfolio 1,7622,0.0
Portfolio 1,7623,30162465.305410944
Portfolio 1,7624,27305782.77171968
Portfolio 1,7625,0.0
Portfolio 1,7626,0.0
Portfolio 1,7627,0.0
Portfolio 1,7628,0.0
Portfolio 1,7629,0.0
Portfolio 1,7630,0.0
Portfolio 1,7631,0.0
Portfolio 1,7632,17068026.419206858
Portfolio 1,7633,0.0
Portfolio 1,7634,7384177.026644446
Portfolio 1,7635,0.0
Portfolio 1,7636,0.0
Portfolio 1,7637,5182259.577388579
Portfolio 1,7638,0.0
Portfolio 1,7639,0.0
Portfolio 1,7640,5182259.577388579
Portfolio 1,7641,20991979.846867267
Portfolio 1,7642,0.0
Portfolio 1,7643,0.0
Portfolio 1,7644,10845671.861959005
Portfolio 1,7645,0.0
Portfolio 1,7646,5864517.916904203
Portfolio 1,7647,23903902.399748396
Portfolio 1,7648,0.0
Portfolio 1,7649,14633353.443264902
Portfolio 1,7650,8868899.02430052
Portfolio 1,7651,0.0
Portfolio 1,7652,15035003.375447877
Portfolio 1,7653,0.0
Portfolio 1,7654,5960573.837092887
Portfolio 1,7655,0.0
Portfolio 1,7656,0.0
Portfolio 1,7657,0.0
Portfolio 1,7658,19381531.301387653
Portfolio 1,7659,0.0
Portfolio 1,7660,12178320.841756614
Portfolio 1,7661,0.0
Portfolio 1,7662,0.0
Portfolio 1,7663,14439093.40519818
Portfolio 1,7664,0.0
Portfolio 1,7665,0.0
Portfolio 1,7666,0.0
Portfolio 1,7667,0.0
Portfolio 1,7668,19118929.70774532
Portfolio 1,7669,0.0
Portfolio 1,7670,0.0
Portfolio 1,7671,0.0
Portfolio 1,7672,11523173.621370178
Portfolio 1,7673,0.0
Portfolio 1,7674,0.0
Portfolio 1,7675,0.0
Portfolio 1,7676,31550059.777284294
Portfolio 1,7677,8868899.02430052
Portfolio 1,7678,27246285.933038797
Portfolio 1,7679,23307992.4294987
Portfolio 1,7680,19615507.474972524
Portfolio 1,7681,23882038.76536292
Portfolio 1,7682,13158355.870652435
Portfolio 1,7683,0.0
Portfolio 1,7684,0.0
Portfolio 1,7685,0.0
Portfolio 1,7686,0.0
Portfolio 1,7687,0.0
Portfolio 1,7688,0.0
Portfolio 1,7689,0.0
Portfolio 1,7690,0.0
Portfolio 1,7691,15127461.929963065
Portfolio 1,7692,17455059.878443703
Portfolio 1,7693,5843298.617235378
Portfolio 1,7694,0.0
Portfolio 1,7695,0.0
Portfolio 1,7696,0.0
Portfolio 1,7697,0.0
Portfolio 1,7698,8868899.02430052
Portfolio 1,7699,0.0
Portfolio 1,7700,0.0
Portfolio 1,7701,0.0
Portfolio 1,7702,32398394.944922395
Portfolio 1,7703,0.0
Portfolio 1,7704,0.0
Portfolio 1,7705,2999238.710377632
Portfolio 1,7706,28068540.798888862
Portfolio 1,7707,0.0
Portfolio 1,7708,0.0
Portfolio 1,7709,21812774.79681483
Portfolio 1,7710,10723682.894710481
Portfolio 1,7711,0.0
Portfolio 1,7712,15127461.929963065
Portfolio 1,7713,0.0
Portfolio 1,7714,7384177.026644446
Portfolio 1,7715,0.0
Portfolio 1,7716,0.0
Portfolio 1,7717,0.0
Portfolio 1,7718,0.0
Portfolio 1,7719,0.0
Portfolio 1,7720,0.0
Portfolio 1,7721,0.0
Portfolio 1,7722,0.0
Portfolio 1,7723,0.0
Portfolio 1,7724,0.0
Portfolio 1,7725,0.0
Portfolio 1,7726,0.0
Portfolio 1,7727,12178320.841756614
Portfolio 1,7728,0.0
Portfolio 1,7729,0.0
Portfolio 1,7730,0.0
Portfolio 1,7731,0.0
Portfolio 1,7732,0.0
Portfolio 1,7733,14439093.40519818
Portfolio 1,7734,15127461.929963065
Portfolio 1,7735,0.0
Portfolio 1,7736,21013624.42033513
Portfolio 1,7737,0.0
Portfolio 1,7738,0.0
Portfolio 1,7739,0.0
Portfolio 1,7740,0.0
Portfolio 1,7741,0.0
Portfolio 1,7742,5182259.577388579
Portfolio 1,7743,11340343.460939737
Portfolio 1,7744,0.0
Portfolio 1,7745,0.0
Portfolio 1,7746,15330368.52571554
Portfolio 1,7747,0.0
Portfolio 1,7748,10845671.861959005
Portfolio 1,7749,0.0
Portfolio 1,7750,10845671.861959005
Portfolio 1,7751,0.0
Portfolio 1,7752,0.0
Portfolio 1,7753,0.0
Portfolio 1,7754,17510906.764428075
Portfolio 1,7755,8868899.02430052
Portfolio 1,7756,0.0
Portfolio 1,7757,0.0
Portfolio 1,7758,0.0
Portfolio 1,7759,0.0
Portfolio 1,7760,18329607.23609317
Portfolio 1,7761,0.0
Portfolio 1,7762,0.0
Portfolio 1,7763,17510906.764428075
Portfolio 1,7764,0.0
Portfolio 1,7765,0.0
Portfolio 1,7766,0.0
Portfolio 1,7767,0.0
Portfolio 1,7768,33170300.688623883
Portfolio 1,7769,0.0
Portfolio 1,7770,0.0
Portfolio 1,7771,25779436.866137914
Portfolio 1,7772,15293720.473836454
Portfolio 1,7773,0.0
Portfolio 1,7774,0.0
Portfolio 1,7775,0.0
Portfolio 1,7776,7384177.026644446
Portfolio 1,7777,0.0
Portfolio 1,7778,14199271.723999074
Portfolio 1,7779,2999238.710377632
Portfolio 1,7780,20282392.022433557
Portfolio 1,7781,0.0
Portfolio 1,7782,0.0
Portfolio 1,7783,28234589.659138557
Portfolio 1,7784,0.0
Portfolio 1,7785,0.0
Portfolio 1,7786,0.0
Portfolio 1,7787,0.0
Portfolio 1,7788,10845671.861959005
Portfolio 1,7789,13629447.393690683
Portfolio 1,7790,0.0
Portfolio 1,7791,0.0
Portfolio 1,7792,20297194.876194876
Portfolio 1,7793,0.0
Portfolio 1,7794,0.0
Portfolio 1,7795,0.0
Portfolio 1,7796,0.0
Portfolio 1,7797,33236404.202516563
Portfolio 1,7798,17510906.764428075
Portfolio 1,7799,0.0
Portfolio 1,7800,37598494.77031556
Portfolio 1,7801,0.0
Portfolio 1,7802,0.0
Portfolio 1,7803,0.0
Portfolio 1,7804,0.0
Portfolio 1,7805,13629447.393690683
Portfolio 1,7806,0.0
Portfolio 1,7807,0.0
Portfolio 1,7808,7384177.026644446
Portfolio 1,7809,0.0
Portfolio 1,7810,17137146.192434244
Portfolio 1,7811,5182259.577388579
Portfolio 1,7812,0.0
Portfolio 1,7813,0.0
Portfolio 1,7814,0.0
Portfolio 1,7815,17455059.878443703
Portfolio 1,7816,2999238.710377632
Portfolio 1,7817,15127461.929963065
Portfolio 1,7818,0.0
Portfolio 1,7819,0.0
Portfolio 1,7820,8868899.02430052
Portfolio 1,7821,0.0
Portfolio 1,7822,0.0
Portfolio 1,7823,0.0
Portfolio 1,7824,0.0
Portfolio 1,7825,0.0
Portfolio 1,7826,0.0
Portfolio 1,7827,8868899.02430052
Portfolio 1,7828,49064118.01142962
Portfolio 1,7829,0.0
Portfolio 1,7830,9774188.465458624
Portfolio 1,7831,5960573.837092887
Portfolio 1,7832,0.0
Portfolio 1,7833,0.0
Portfolio 1,7834,0.0
Portfolio 1,7835,18459174.93477476
Portfolio 1,7836,20725652.068159804
Portfolio 1,7837,0.0
Portfolio 1,7838,13158355.870652435
Portfolio 1,7839,14439093.40519818
Portfolio 1,7840,0.0
Portfolio 1,7841,0.0
Portfolio 1,7842,11428295.851894356
Portfolio 1,7843,0.0
Portfolio 1,7844,0.0
Portfolio 1,7845,0.0
Portfolio 1,7846,0.0
Portfolio 1,7847,0.0
Portfolio 1,7848,2999238.710377632
Portfolio 1,7849,0.0
Portfolio 1,7850,0.0
Portfolio 1,7851,0.0
Portfolio 1,7852,3909670.548554421
Portfolio 1,7853,0.0
Portfolio 1,7854,0.0
Portfolio 1,7855,5395283.542444266
Portfolio 1,7856,0.0
Portfolio 1,7857,29566555.335161246
Portfolio 1,7858,9097016.890408562
Portfolio 1,7859,107826967.35394113
Portfolio 1,7860,0.0
Portfolio 1,7861,0.0
Portfolio 1,7862,0.0
Portfolio 1,7863,0.0
Portfolio 1,7864,7384177.026644446
Portfolio 1,7865,5864517.916904203
Portfolio 1,7866,9097016.890408562
Portfolio 1,7867,12178320.841756614
Portfolio 1,7868,10845671.861959005
Portfolio 1,7869,8868899.02430052
Portfolio 1,7870,0.0
Portfolio 1,7871,0.0
Portfolio 1,7872,0.0
Portfolio 1,7873,0.0
Portfolio 1,7874,25648519.784422614
Portfolio 1,7875,0.0
Portfolio 1,7876,13158355.870652435
Portfolio 1,7877,0.0
Portfolio 1,7878,12778569.57285494
Portfolio 1,7879,5182259.577388579
Portfolio 1,7880,7613503.072815756
Portfolio 1,7881,0.0
Portfolio 1,7882,0.0
Portfolio 1,7883,0.0
Portfolio 1,7884,0.0
Portfolio 1,7885,0.0
Portfolio 1,7886,0.0
Portfolio 1,7887,0.0
Portfolio 1,7888,10577543.119832845
Portfolio 1,7889,5182259.577388579
Portfolio 1,7890,0.0
Portfolio 1,7891,10845671.861959005
Portfolio 1,7892,0.0
Portfolio 1,7893,18021619.458991993
Portfolio 1,7894,0.0
Portfolio 1,7895,51736521.10745759
Portfolio 1,7896,3909670.548554421
Portfolio 1,7897,0.0
Portfolio 1,7898,10723682.894710481
Portfolio 1,7899,0.0
Portfolio 1,7900,0.0
Portfolio 1,7901,3909670.548554421
Portfolio 1,7902,5444546.850261398
Portfolio 1,7903,0.0
Portfolio 1,7904,25337972.294811834
Portfolio 1,7905,0.0
Portfolio 1,7906,0.0
Portfolio 1,7907,0.0
Portfolio 1,7908,0.0
Portfolio 1,7909,0.0
Portfolio 1,7910,0.0
Portfolio 1,7911,10845671.861959005
Portfolio 1,7912,0.0
Portfolio 1,7913,21569354.756669484
Portfolio 1,7914,0.0
Portfolio 1,7915,0.0
Portfolio 1,7916,0.0
Portfolio 1,7917,0.0
Portfolio 1,7918,16346138.528462544
Portfolio 1,7919,21812774.79681483
Portfolio 1,7920,8394522.252821898
Portfolio 1,7921,0.0
Portfolio 1,7922,0.0
Portfolio 1,7923,10723682.894710481
Portfolio 1,7924,5960573.837092887
Portfolio 1,7925,0.0
Portfolio 1,7926,0.0
Portfolio 1,7927,3909670.548554421
Portfolio 1,7928,0.0
Portfolio 1,7929,0.0
Portfolio 1,7930,13629447.393690683
Portfolio 1,7931,0.0
Portfolio 1,7932,7384177.026644446
Portfolio 1,7933,9097016.890408562
Portfolio 1,7934,0.0
Portfolio 1,7935,13158355.870652435
Portfolio 1,7936,0.0
Portfolio 1,7937,48466615.570236646
Portfolio 1,7938,0.0
Portfolio 1,7939,0.0
Portfolio 1,7940,0.0
Portfolio 1,7941,3909670.548554421
Portfolio 1,7942,0.0
Portfolio 1,7943,51153429.1170382
Portfolio 1,7944,0.0
Portfolio 1,7945,0.0
Portfolio 1,7946,0.0
Portfolio 1,7947,0.0
Portfolio 1,7948,5960573.837092887
Portfolio 1,7949,0.0
Portfolio 1,7950,0.0
Portfolio 1,7951,36434574.66309727
Portfolio 1,7952,0.0
Portfolio 1,7953,0.0
Portfolio 1,7954,5960573.837092887
Portfolio 1,7955,0.0
Portfolio 1,7956,0.0
Portfolio 1,7957,11428295.851894356
Portfolio 1,7958,0.0
Portfolio 1,7959,0.0
Portfolio 1,7960,0.0
Portfolio 1,7961,0.0
Portfolio 1,7962,0.0
Portfolio 1,7963,19167468.455349512
Portfolio 1,7964,0.0
Portfolio 1,7965,0.0
Portfolio 1,7966,3909670.548554421
Portfolio 1,7967,0.0
Portfolio 1,7968,20399667.242291067
Portfolio 1,7969,11340343.460939737
Portfolio 1,7970,0.0
Portfolio 1,7971,0.0
Portfolio 1,7972,0.0
Portfolio 1,7973,10723682.894710481
Portfolio 1,7974,5182259.577388579
Portfolio 1,7975,13158355.870652435
Portfolio 1,7976,2999238.710377632
Portfolio 1,7977,0.0
Portfolio 1,7978,0.0
Portfolio 1,7979,0.0
Portfolio 1,7980,24353130.288401164
Portfolio 1,7981,23089122.95682878
Portfolio 1,7982,6316554.945955662
Portfolio 1,7983,0.0
Portfolio 1,7984,0.0
Portfolio 1,7985,0.0
Portfolio 1,7986,19240039.07426996
Portfolio 1,7987,0.0
Portfolio 1,7988,17510906.764428075
Portfolio 1,7989,0.0
Portfolio 1,7990,15035003.375447877
Portfolio 1,7991,0.0
Portfolio 1,7992,0.0
Portfolio 1,7993,0.0
Portfolio 1,7994,0.0
Portfolio 1,7995,10845671.861959005
Portfolio 1,7996,0.0
Portfolio 1,7997,0.0
Portfolio 1,7998,0.0
Portfolio 1,7999,0.0
Portfolio 1,8000,0.0
Portfolio 1,8001,0.0
Portfolio 1,8002,0.0
Portfolio 1,8003,0.0
Portfolio 1,8004,0.0
Portfolio 1,8005,0.0
Portfolio 1,8006,0.0
Portfolio 1,8007,0.0
Portfolio 1,8008,0.0
Portfolio 1,8009,5444546.850261398
Portfolio 1,8010,14199271.723999074
Portfolio 1,8011,6316554.945955662
Portfolio 1,8012,0.0
Portfolio 1,8013,0.0
Portfolio 1,8014,0.0
Portfolio 1,8015,14439093.40519818
Portfolio 1,8016,0.0
Portfolio 1,8017,28787170.215766672
Portfolio 1,8018,14439093.40519818
Portfolio 1,8019,0.0
Portfolio 1,8020,0.0
Portfolio 1,8021,5960573.837092887
Portfolio 1,8022,5843298.617235378
Portfolio 1,8023,14439093.40519818
Portfolio 1,8024,18042838.758660816
Portfolio 1,8025,43749864.18224287
Portfolio 1,8026,7384177.026644446
Portfolio 1,8027,5864517.916904203
Portfolio 1,8028,0.0
Portfolio 1,8029,0.0
Portfolio 1,8030,25162776.29990866
Portfolio 1,8031,0.0
Portfolio 1,8032,0.0
Portfolio 1,8033,0.0
Portfolio 1,8034,0.0
Portfolio 1,8035,0.0
Portfolio 1,8036,0.0
Portfolio 1,8037,18459174.93477476
Portfolio 1,8038,28664450.76913856
Portfolio 1,8039,0.0
Portfolio 1,8040,0.0
Portfolio 1,8041,0.0
Portfolio 1,8042,0.0
Portfolio 1,8043,15127461.929963065
Portfolio 1,8044,0.0
Portfolio 1,8045,0.0
Portfolio 1,8046,0.0
Portfolio 1,8047,13629447.393690683
Portfolio 1,8048,0.0
Portfolio 1,8049,29732813.87903463
Portfolio 1,8050,0.0
Portfolio 1,8051,12779460.569088712
Portfolio 1,8052,9097016.890408562
Portfolio 1,8053,8868899.02430052
Portfolio 1,8054,0.0
Portfolio 1,8055,10723682.894710481
Portfolio 1,8056,0.0
Portfolio 1,8057,0.0
Portfolio 1,8058,0.0
Portfolio 1,8059,0.0
Portfolio 1,8060,13629447.393690683
Portfolio 1,8061,0.0
Portfolio 1,8062,0.0
Portfolio 1,8063,29566555.335161246
Portfolio 1,8064,0.0
Portfolio 1,8065,0.0
Portfolio 1,8066,0.0
Portfolio 1,8067,0.0
Portfolio 1,8068,16481193.917053008
Portfolio 1,8069,20063522.54976364
Portfolio 1,8070,0.0
Portfolio 1,8071,6316554.945955662
Portfolio 1,8072,0.0
Portfolio 1,8073,0.0
Portfolio 1,8074,5182259.577388579
Portfolio 1,8075,16628686.104068315
Portfolio 1,8076,0.0
Portfolio 1,8077,7384177.026644446
Portfolio 1,8078,0.0
Portfolio 1,8079,2999238.710377632
Portfolio 1,8080,0.0
Portfolio 1,8081,49870191.81782848
Portfolio 1,8082,15127461.929963065
Portfolio 1,8083,0.0
Portfolio 1,8084,0.0
Portfolio 1,8085,7384177.026644446
Portfolio 1,8086,0.0
Portfolio 1,8087,30152050.432019
Portfolio 1,8088,0.0
Portfolio 1,8089,10723682.894710481
Portfolio 1,8090,24498699.331592172
Portfolio 1,8091,17996918.809837837
Portfolio 1,8092,0.0
Portfolio 1,8093,0.0
Portfolio 1,8094,0.0
Portfolio 1,8095,0.0
Portfolio 1,8096,0.0
Portfolio 1,8097,0.0
Portfolio 1,8098,0.0
Portfolio 1,8099,0.0
Portfolio 1,8100,7384177.026644446
Portfolio 1,8101,25215983.32756331
Portfolio 1,8102,14220223.93252826
Portfolio 1,8103,0.0
Portfolio 1,8104,0.0
Portfolio 1,8105,0.0
Portfolio 1,8106,32418171.14664664
Portfolio 1,8107,0.0
Portfolio 1,8108,0.0
Portfolio 1,8109,0.0
Portfolio 1,8110,15035003.375447877
Portfolio 1,8111,17510906.764428075
Portfolio 1,8112,0.0
Portfolio 1,8113,22186015.32289874
Portfolio 1,8114,0.0
Portfolio 1,8115,0.0
Portfolio 1,8116,0.0
Portfolio 1,8117,19562497.868401058
Portfolio 1,8118,0.0
Portfolio 1,8119,0.0
Portfolio 1,8120,15127461.929963065
Portfolio 1,8121,0.0
Portfolio 1,8122,0.0
Portfolio 1,8123,7384177.026644446
Portfolio 1,8124,0.0
Portfolio 1,8125,10723682.894710481
Portfolio 1,8126,0.0
Portfolio 1,8127,32014625.25751891
Portfolio 1,8128,26533817.898792118
Portfolio 1,8129,7384177.026644446
Portfolio 1,8130,0.0
Portfolio 1,8131,8868899.02430052
Portfolio 1,8132,0.0
Portfolio 1,8133,0.0
Portfolio 1,8134,0.0
Portfolio 1,8135,0.0
Portfolio 1,8136,0.0
Portfolio 1,8137,0.0
Portfolio 1,8138,0.0
Portfolio 1,8139,15127461.929963065
Portfolio 1,8140,0.0
Portfolio 1,8141,7384177.026644446
Portfolio 1,8142,0.0
Portfolio 1,8143,54946166.43440014
Portfolio 1,8144,27957899.78967087
Portfolio 1,8145,13629447.393690683
Portfolio 1,8146,0.0
Portfolio 1,8147,0.0
Portfolio 1,8148,0.0
Portfolio 1,8149,0.0
Portfolio 1,8150,0.0
Portfolio 1,8151,0.0
Portfolio 1,8152,0.0
Portfolio 1,8153,0.0
Portfolio 1,8154,51433112.85532984
Portfolio 1,8155,0.0
Portfolio 1,8156,14199271.723999074
Portfolio 1,8157,0.0
Portfolio 1,8158,0.0
Portfolio 1,8159,5395283.542444266
Portfolio 1,8160,38023534.86753219
Portfolio 1,8161,0.0
Portfolio 1,8162,0.0
Portfolio 1,8163,0.0
Portfolio 1,8164,0.0
Portfolio 1,8165,0.0
Portfolio 1,8166,0.0
Portfolio 1,8167,0.0
Portfolio 1,8168,0.0
Portfolio 1,8169,7384177.026644446
Portfolio 1,8170,0.0
Portfolio 1,8171,12779460.569088712
Portfolio 1,8172,0.0
Portfolio 1,8173,0.0
Portfolio 1,8174,0.0
Portfolio 1,8175,5864517.916904203
Portfolio 1,8176,0.0
Portfolio 1,8177,0.0
Portfolio 1,8178,0.0
Portfolio 1,8179,0.0
Portfolio 1,8180,10502839.911227165
Portfolio 1,8181,102380455.10489337
Portfolio 1,8182,7384177.026644446
Portfolio 1,8183,0.0
Portfolio 1,8184,10502839.911227165
Portfolio 1,8185,0.0
Portfolio 1,8186,32638368.69439114
Portfolio 1,8187,0.0
Portfolio 1,8188,0.0
Portfolio 1,8189,0.0
Portfolio 1,8190,0.0
Portfolio 1,8191,0.0
Portfolio 1,8192,18116342.98404292
Portfolio 1,8193,0.0
Portfolio 1,8194,0.0
Portfolio 1,8195,5395283.542444266
Portfolio 1,8196,0.0
Portfolio 1,8197,5960573.837092887
Portfolio 1,8198,0.0
Portfolio 1,8199,0.0
Portfolio 1,8200,0.0
Portfolio 1,8201,120725211.45487155
Portfolio 1,8202,0.0
Portfolio 1,8203,0.0
Portfolio 1,8204,21242950.46650644
Portfolio 1,8205,0.0
Portfolio 1,8206,0.0
Portfolio 1,8207,0.0
Portfolio 1,8208,10502839.911227165
Portfolio 1,8209,0.0
Portfolio 1,8210,0.0
Portfolio 1,8211,0.0
Portfolio 1,8212,0.0
Portfolio 1,8213,8868899.02430052
Portfolio 1,8214,11340343.460939737
Portfolio 1,8215,11340343.460939737
Portfolio 1,8216,0.0
Portfolio 1,8217,0.0
Portfolio 1,8218,0.0
Portfolio 1,8219,10502839.911227165
Portfolio 1,8220,26463299.227342233
Portfolio 1,8221,20303611.322102383
Portfolio 1,8222,0.0
Portfolio 1,8223,5843298.617235378
Portfolio 1,8224,0.0
Portfolio 1,8225,0.0
Portfolio 1,8226,0.0
Portfolio 1,8227,23827461.710383736
Portfolio 1,8228,0.0
Portfolio 1,8229,21290942.362808425
Portfolio 1,8230,0.0
Portfolio 1,8231,0.0
Portfolio 1,8232,0.0
Portfolio 1,8233,41613348.50935887
Portfolio 1,8234,10845671.861959005
Portfolio 1,8235,0.0
Portfolio 1,8236,0.0
Portfolio 1,8237,15330368.52571554
Portfolio 1,8238,0.0
Portfolio 1,8239,0.0
Portfolio 1,8240,0.0
Portfolio 1,8241,5182259.577388579
Portfolio 1,8242,8868899.02430052
Portfolio 1,8243,6316554.945955662
Portfolio 1,8244,0.0
Portfolio 1,8245,0.0
Portfolio 1,8246,2999238.710377632
Portfolio 1,8247,2999238.710377632
Portfolio 1,8248,7613503.072815756
Portfolio 1,8249,0.0
Portfolio 1,8250,0.0
Portfolio 1,8251,0.0
Portfolio 1,8252,0.0
Portfolio 1,8253,26787803.26434312
Portfolio 1,8254,5864517.916904203
Portfolio 1,8255,0.0
Portfolio 1,8256,0.0
Portfolio 1,8257,0.0
Portfolio 1,8258,0.0
Portfolio 1,8259,3909670.548554421
Portfolio 1,8260,0.0
Portfolio 1,8261,6316554.945955662
Portfolio 1,8262,0.0
Portfolio 1,8263,0.0
Portfolio 1,8264,0.0
Portfolio 1,8265,56149545.052969225
Portfolio 1,8266,10845671.861959005
Portfolio 1,8267,0.0
Portfolio 1,8268,2999238.710377632
Portfolio 1,8269,32973968.891305916
Portfolio 1,8270,0.0
Portfolio 1,8271,35781426.14029552
Portfolio 1,8272,5960573.837092887
Portfolio 1,8273,0.0
Portfolio 1,8274,24425497.218509156
Portfolio 1,8275,0.0
Portfolio 1,8276,0.0
Portfolio 1,8277,0.0
Portfolio 1,8278,0.0
Portfolio 1,8279,0.0
Portfolio 1,8280,0.0
Portfolio 1,8281,0.0
Portfolio 1,8282,0.0
Portfolio 1,8283,0.0
Portfolio 1,8284,68333515.3182603
Portfolio 1,8285,0.0
Portfolio 1,8286,0.0
Portfolio 1,8287,0.0
Portfolio 1,8288,12778569.57285494
Portfolio 1,8289,15035003.375447877
Portfolio 1,8290,0.0
Portfolio 1,8291,7384177.026644446
Portfolio 1,8292,0.0
Portfolio 1,8293,0.0
Portfolio 1,8294,0.0
Portfolio 1,8295,0.0
Portfolio 1,8296,14220223.93252826
Portfolio 1,8297,3909670.548554421
Portfolio 1,8298,0.0
Portfolio 1,8299,0.0
Portfolio 1,8300,0.0
Portfolio 1,8301,0.0
Portfolio 1,8302,13629447.393690683
Portfolio 1,8303,20300156.008410256
Portfolio 1,8304,0.0
Portfolio 1,8305,0.0
Portfolio 1,8306,0.0
Portfolio 1,8307,25560567.393467996
Portfolio 1,8308,0.0
Portfolio 1,8309,9097016.890408562
Portfolio 1,8310,2999238.710377632
Portfolio 1,8311,8868899.02430052
Portfolio 1,8312,0.0
Portfolio 1,8313,0.0
Portfolio 1,8314,13158355.870652435
Portfolio 1,8315,0.0
Portfolio 1,8316,0.0
Portfolio 1,8317,0.0
Portfolio 1,8318,0.0
Portfolio 1,8319,9097016.890408562
Portfolio 1,8320,0.0
Portfolio 1,8321,10502839.911227165
Portfolio 1,8322,0.0
Portfolio 1,8323,0.0
Portfolio 1,8324,0.0
Portfolio 1,8325,8868899.02430052
Portfolio 1,8326,0.0
Portfolio 1,8327,0.0
Portfolio 1,8328,10723682.894710481
Portfolio 1,8329,0.0
Portfolio 1,8330,0.0
Portfolio 1,8331,0.0
Portfolio 1,8332,0.0
Portfolio 1,8333,0.0
Portfolio 1,8334,0.0
Portfolio 1,8335,0.0
Portfolio 1,8336,0.0
Portfolio 1,8337,17510906.764428075
Portfolio 1,8338,14220223.93252826
Portfolio 1,8339,0.0
Portfolio 1,8340,0.0
Portfolio 1,8341,0.0
Portfolio 1,8342,0.0
Portfolio 1,8343,0.0
Portfolio 1,8344,5843298.617235378
Portfolio 1,8345,33236404.202516563
Portfolio 1,8346,0.0
Portfolio 1,8347,17292813.76879856
Portfolio 1,8348,0.0
Portfolio 1,8349,0.0
Portfolio 1,8350,0.0
Portfolio 1,8351,6316554.945955662
Portfolio 1,8352,26555757.781857423
Portfolio 1,8353,0.0
Portfolio 1,8354,0.0
Portfolio 1,8355,0.0
Portfolio 1,8356,14199271.723999074
Portfolio 1,8357,0.0
Portfolio 1,8358,0.0
Portfolio 1,8359,5182259.577388579
Portfolio 1,8360,14439093.40519818
Portfolio 1,8361,0.0
Portfolio 1,8362,6316554.945955662
Portfolio 1,8363,0.0
Portfolio 1,8364,0.0
Portfolio 1,8365,0.0
Portfolio 1,8366,0.0
Portfolio 1,8367,0.0
Portfolio 1,8368,0.0
Portfolio 1,8369,0.0
Portfolio 1,8370,11340343.460939737
Portfolio 1,8371,0.0
Portfolio 1,8372,30988927.754148036
Portfolio 1,8373,7384177.026644446
Portfolio 1,8374,38458307.719742164
Portfolio 1,8375,0.0
Portfolio 1,8376,0.0
Portfolio 1,8377,14439093.40519818
Portfolio 1,8378,0.0
Portfolio 1,8379,0.0
Portfolio 1,8380,2999238.710377632
Portfolio 1,8381,35490214.0868075
Portfolio 1,8382,0.0
Portfolio 1,8383,0.0
Portfolio 1,8384,0.0
Portfolio 1,8385,15330368.52571554
Portfolio 1,8386,15905942.47209906
Portfolio 1,8387,0.0
Portfolio 1,8388,0.0
Portfolio 1,8389,46366971.49462829
Portfolio 1,8390,43412538.128836386
Portfolio 1,8391,5843298.617235378
Portfolio 1,8392,5395283.542444266
Portfolio 1,8393,0.0
Portfolio 1,8394,11340343.460939737
Portfolio 1,8395,3909670.548554421
Portfolio 1,8396,0.0
Portfolio 1,8397,0.0
Portfolio 1,8398,0.0
Portfolio 1,8399,0.0
Portfolio 1,8400,19001654.487887815
Portfolio 1,8401,0.0
Portfolio 1,8402,0.0
Portfolio 1,8403,0.0
Portfolio 1,8404,0.0
Portfolio 1,8405,0.0
Portfolio 1,8406,56542090.4794273
Portfolio 1,8407,0.0
Portfolio 1,8408,41310819.29653001
Portfolio 1,8409,0.0
Portfolio 1,8410,5182259.577388579
Portfolio 1,8411,0.0
Portfolio 1,8412,0.0
Portfolio 1,8413,14199271.723999074
Portfolio 1,8414,0.0
Portfolio 1,8415,0.0
Portfolio 1,8416,0.0
Portfolio 1,8417,0.0
Portfolio 1,8418,5182259.577388579
Portfolio 1,8419,0.0
Portfolio 1,8420,0.0
Portfolio 1,8421,0.0
Portfolio 1,8422,0.0
Portfolio 1,8423,0.0
Portfolio 1,8424,0.0
Portfolio 1,8425,0.0
Portfolio 1,8426,0.0
Portfolio 1,8427,0.0
Portfolio 1,8428,32481932.163858995
Portfolio 1,8429,48058132.32406776
Portfolio 1,8430,21173667.14295092
Portfolio 1,8431,0.0
Portfolio 1,8432,0.0
Portfolio 1,8433,5960573.837092887
Portfolio 1,8434,0.0
Portfolio 1,8435,0.0
Portfolio 1,8436,10723682.894710481
Portfolio 1,8437,0.0
Portfolio 1,8438,15293720.473836454
Portfolio 1,8439,0.0
Portfolio 1,8440,0.0
Portfolio 1,8441,34153664.2914577
Portfolio 1,8442,0.0
Portfolio 1,8443,17510906.764428075
Portfolio 1,8444,0.0
Portfolio 1,8445,25044943.58595808
Portfolio 1,8446,8868899.02430052
Portfolio 1,8447,10723682.894710481
Portfolio 1,8448,0.0
Portfolio 1,8449,17510906.764428075
Portfolio 1,8450,0.0
Portfolio 1,8451,33068169.280013725
Portfolio 1,8452,7384177.026644446
Portfolio 1,8453,0.0
Portfolio 1,8454,14220223.93252826
Portfolio 1,8455,0.0
Portfolio 1,8456,0.0
Portfolio 1,8457,0.0
Portfolio 1,8458,0.0
Portfolio 1,8459,0.0
Portfolio 1,8460,0.0
Portfolio 1,8461,22693166.341816656
Portfolio 1,8462,24880431.095752865
Portfolio 1,8463,0.0
Portfolio 1,8464,18116342.98404292
Portfolio 1,8465,0.0
Portfolio 1,8466,0.0
Portfolio 1,8467,0.0
Portfolio 1,8468,0.0
Portfolio 1,8469,16710189.778863207
Portfolio 1,8470,0.0
Portfolio 1,8471,26607923.65483664
Portfolio 1,8472,0.0
Portfolio 1,8473,19562497.868401058
Portfolio 1,8474,10845671.861959005
Portfolio 1,8475,0.0
Portfolio 1,8476,0.0
Portfolio 1,8477,15127461.929963065
Portfolio 1,8478,5182259.577388579
Portfolio 1,8479,0.0
Portfolio 1,8480,24004027.73261144
Portfolio 1,8481,24427385.4161241
Portfolio 1,8482,8868899.02430052
Portfolio 1,8483,0.0
Portfolio 1,8484,5960573.837092887
Portfolio 1,8485,0.0
Portfolio 1,8486,0.0
Portfolio 1,8487,0.0
Portfolio 1,8488,0.0
Portfolio 1,8489,0.0
Portfolio 1,8490,13158355.870652435
Portfolio 1,8491,0.0
Portfolio 1,8492,0.0
Portfolio 1,8493,0.0
Portfolio 1,8494,14199271.723999074
Portfolio 1,8495,0.0
Portfolio 1,8496,0.0
Portfolio 1,8497,0.0
Portfolio 1,8498,0.0
Portfolio 1,8499,25833208.436942704
Portfolio 1,8500,0.0
Portfolio 1,8501,0.0
Portfolio 1,8502,2999238.710377632
Portfolio 1,8503,0.0
Portfolio 1,8504,0.0
Portfolio 1,8505,11340343.460939737
Portfolio 1,8506,0.0
Portfolio 1,8507,0.0
Portfolio 1,8508,0.0
Portfolio 1,8509,0.0
Portfolio 1,8510,0.0
Portfolio 1,8511,0.0
Portfolio 1,8512,0.0
Portfolio 1,8513,0.0
Portfolio 1,8514,17510906.764428075
Portfolio 1,8515,8868899.02430052
Portfolio 1,8516,0.0
Portfolio 1,8517,0.0
Portfolio 1,8518,0.0
Portfolio 1,8519,14220223.93252826
Portfolio 1,8520,0.0
Portfolio 1,8521,0.0
Portfolio 1,8522,0.0
Portfolio 1,8523,10723682.894710481
Portfolio 1,8524,0.0
Portfolio 1,8525,44620454.127798595
Portfolio 1,8526,7613503.072815756
Portfolio 1,8527,12181072.862859864
Portfolio 1,8528,3909670.548554421
Portfolio 1,8529,0.0
Portfolio 1,8530,13158355.870652435
Portfolio 1,8531,10845671.861959005
Portfolio 1,8532,23307992.4294987
Portfolio 1,8533,0.0
Portfolio 1,8534,0.0
Portfolio 1,8535,0.0
Portfolio 1,8536,0.0
Portfolio 1,8537,0.0
Portfolio 1,8538,0.0
Portfolio 1,8539,0.0
Portfolio 1,8540,0.0
Portfolio 1,8541,0.0
Portfolio 1,8542,0.0
Portfolio 1,8543,0.0
Portfolio 1,8544,0.0
Portfolio 1,8545,0.0
Portfolio 1,8546,0.0
Portfolio 1,8547,25336676.71240905
Portfolio 1,8548,9097016.890408562
Portfolio 1,8549,13629447.393690683
Portfolio 1,8550,0.0
Portfolio 1,8551,22955453.614689473
Portfolio 1,8552,7384177.026644446
Portfolio 1,8553,0.0
Portfolio 1,8554,0.0
Portfolio 1,8555,0.0
Portfolio 1,8556,0.0
Portfolio 1,8557,0.0
Portfolio 1,8558,0.0
Portfolio 1,8559,0.0
Portfolio 1,8560,0.0
Portfolio 1,8561,13629447.393690683
Portfolio 1,8562,0.0
Portfolio 1,8563,0.0
Portfolio 1,8564,0.0
Portfolio 1,8565,31867570.33822529
Portfolio 1,8566,0.0
Portfolio 1,8567,0.0
Portfolio 1,8568,0.0
Portfolio 1,8569,0.0
Portfolio 1,8570,15293720.473836454
Portfolio 1,8571,9097016.890408562
Portfolio 1,8572,0.0
Portfolio 1,8573,0.0
Portfolio 1,8574,0.0
Portfolio 1,8575,0.0
Portfolio 1,8576,0.0
Portfolio 1,8577,8394522.252821898
Portfolio 1,8578,17455059.878443703
Portfolio 1,8579,75103092.68186805
Portfolio 1,8580,0.0
Portfolio 1,8581,6316554.945955662
Portfolio 1,8582,24199267.55001606
Portfolio 1,8583,8181498.287766211
Portfolio 1,8584,0.0
Portfolio 1,8585,0.0
Portfolio 1,8586,0.0
Portfolio 1,8587,0.0
Portfolio 1,8588,28518084.18745182
Portfolio 1,8589,15035003.375447877
Portfolio 1,8590,0.0
Portfolio 1,8591,0.0
Portfolio 1,8592,18042838.758660816
Portfolio 1,8593,0.0
Portfolio 1,8594,0.0
Portfolio 1,8595,10383415.737022078
Portfolio 1,8596,14199271.723999074
Portfolio 1,8597,11340343.460939737
Portfolio 1,8598,5960573.837092887
Portfolio 1,8599,20028636.985709168
Portfolio 1,8600,0.0
Portfolio 1,8601,17510906.764428075
Portfolio 1,8602,20510145.47480571
Portfolio 1,8603,0.0
Portfolio 1,8604,0.0
Portfolio 1,8605,11340343.460939737
Portfolio 1,8606,0.0
Portfolio 1,8607,52485085.350631565
Portfolio 1,8608,0.0
Portfolio 1,8609,41709710.49534495
Portfolio 1,8610,0.0
Portfolio 1,8611,28300731.740402706
Portfolio 1,8612,0.0
Portfolio 1,8613,0.0
Portfolio 1,8614,24353130.288401164
Portfolio 1,8615,0.0
Portfolio 1,8616,0.0
Portfolio 1,8617,19073994.24395208
Portfolio 1,8618,0.0
Portfolio 1,8619,0.0
Portfolio 1,8620,0.0
Portfolio 1,8621,15330368.52571554
Portfolio 1,8622,0.0
Portfolio 1,8623,14220223.93252826
Portfolio 1,8624,0.0
Portfolio 1,8625,0.0
Portfolio 1,8626,0.0
Portfolio 1,8627,0.0
Portfolio 1,8628,0.0
Portfolio 1,8629,5960573.837092887
Portfolio 1,8630,0.0
Portfolio 1,8631,3909670.548554421
Portfolio 1,8632,10845671.861959005
Portfolio 1,8633,0.0
Portfolio 1,8634,0.0
Portfolio 1,8635,10502839.911227165
Portfolio 1,8636,5395283.542444266
Portfolio 1,8637,0.0
Portfolio 1,8638,3909670.548554421
Portfolio 1,8639,5182259.577388579
Portfolio 1,8640,28756909.32365375
Portfolio 1,8641,0.0
Portfolio 1,8642,27895895.095249314
Portfolio 1,8643,0.0
Portfolio 1,8644,0.0
Portfolio 1,8645,0.0
Portfolio 1,8646,0.0
Portfolio 1,8647,40071368.757201806
Portfolio 1,8648,30457830.455678605
Portfolio 1,8649,0.0
Portfolio 1,8650,0.0
Portfolio 1,8651,0.0
Portfolio 1,8652,0.0
Portfolio 1,8653,0.0
Portfolio 1,8654,24199267.55001606
Portfolio 1,8655,0.0
Portfolio 1,8656,33444738.596716277
Portfolio 1,8657,0.0
Portfolio 1,8658,0.0
Portfolio 1,8659,11340343.460939737
Portfolio 1,8660,0.0
Portfolio 1,8661,0.0
Portfolio 1,8662,5395283.542444266
Portfolio 1,8663,0.0
Portfolio 1,8664,0.0
Portfolio 1,8665,0.0
Portfolio 1,8666,0.0
Portfolio 1,8667,6316554.945955662
Portfolio 1,8668,0.0
Portfolio 1,8669,8868899.02430052
Portfolio 1,8670,0.0
Portfolio 1,8671,0.0
Portfolio 1,8672,0.0
Portfolio 1,8673,0.0
Portfolio 1,8674,0.0
Portfolio 1,8675,0.0
Portfolio 1,8676,0.0
Portfolio 1,8677,0.0
Portfolio 1,8678,0.0
Portfolio 1,8679,0.0
Portfolio 1,8680,15127461.929963065
Portfolio 1,8681,16522603.038328316
Portfolio 1,8682,8868899.02430052
Portfolio 1,8683,10723682.894710481
Portfolio 1,8684,0.0
Portfolio 1,8685,0.0
Portfolio 1,8686,0.0
Portfolio 1,8687,13700731.972600108
Portfolio 1,8688,2999238.710377632
Portfolio 1,8689,0.0
Portfolio 1,8690,10502839.911227165
Portfolio 1,8691,0.0
Portfolio 1,8692,0.0
Portfolio 1,8693,0.0
Portfolio 1,8694,0.0
Portfolio 1,8695,0.0
Portfolio 1,8696,0.0
Portfolio 1,8697,0.0
Portfolio 1,8698,24353130.288401164
Portfolio 1,8699,17887016.937871613
Portfolio 1,8700,5444546.850261398
Portfolio 1,8701,0.0
Portfolio 1,8702,0.0
Portfolio 1,8703,7384177.026644446
Portfolio 1,8704,0.0
Portfolio 1,8705,0.0
Portfolio 1,8706,0.0
Portfolio 1,8707,3909670.548554421
Portfolio 1,8708,0.0
Portfolio 1,8709,0.0
Portfolio 1,8710,17510906.764428075
Portfolio 1,8711,0.0
Portfolio 1,8712,0.0
Portfolio 1,8713,0.0
Portfolio 1,8714,0.0
Portfolio 1,8715,0.0
Portfolio 1,8716,0.0
Portfolio 1,8717,0.0
Portfolio 1,8718,0.0
Portfolio 1,8719,0.0
Portfolio 1,8720,0.0
Portfolio 1,8721,5843298.617235378
Portfolio 1,8722,0.0
Portfolio 1,8723,0.0
Portfolio 1,8724,0.0
Portfolio 1,8725,5444546.850261398
Portfolio 1,8726,0.0
Portfolio 1,8727,0.0
Portfolio 1,8728,0.0
Portfolio 1,8729,0.0
Portfolio 1,8730,0.0
Portfolio 1,8731,0.0
Portfolio 1,8732,5960573.837092887
Portfolio 1,8733,0.0
Portfolio 1,8734,0.0
Portfolio 1,8735,20297194.876194876
Portfolio 1,8736,15330368.52571554
Portfolio 1,8737,0.0
Portfolio 1,8738,25867389.257092535
Portfolio 1,8739,0.0
Portfolio 1,8740,52113279.51099924
Portfolio 1,8741,7384177.026644446
Portfolio 1,8742,0.0
Portfolio 1,8743,30356866.30502914
Portfolio 1,8744,0.0
Portfolio 1,8745,0.0
Portfolio 1,8746,0.0
Portfolio 1,8747,8868899.02430052
Portfolio 1,8748,0.0
Portfolio 1,8749,13629447.393690683
Portfolio 1,8750,0.0
Portfolio 1,8751,0.0
Portfolio 1,8752,0.0
Portfolio 1,8753,0.0
Portfolio 1,8754,0.0
Portfolio 1,8755,15330368.52571554
Portfolio 1,8756,0.0
Portfolio 1,8757,0.0
Portfolio 1,8758,8868899.02430052
Portfolio 1,8759,14439093.40519818
Portfolio 1,8760,0.0
Portfolio 1,8761,10723682.894710481
Portfolio 1,8762,10502839.911227165
Portfolio 1,8763,0.0
Portfolio 1,8764,0.0
Portfolio 1,8765,0.0
Portfolio 1,8766,0.0
Portfolio 1,8767,0.0
Portfolio 1,8768,0.0
Portfolio 1,8769,3909670.548554421
Portfolio 1,8770,0.0
Portfolio 1,8771,0.0
Portfolio 1,8772,0.0
Portfolio 1,8773,0.0
Portfolio 1,8774,0.0
Portfolio 1,8775,0.0
Portfolio 1,8776,13158355.870652435
Portfolio 1,8777,0.0
Portfolio 1,8778,0.0
Portfolio 1,8779,7613503.072815756
Portfolio 1,8780,5444546.850261398
Portfolio 1,8781,12178320.841756614
Portfolio 1,8782,0.0
Portfolio 1,8783,0.0
Portfolio 1,8784,0.0
Portfolio 1,8785,7384177.026644446
Portfolio 1,8786,0.0
Portfolio 1,8787,0.0
Portfolio 1,8788,0.0
Portfolio 1,8789,0.0
Portfolio 1,8790,0.0
Portfolio 1,8791,9097016.890408562
Portfolio 1,8792,0.0
Portfolio 1,8793,0.0
Portfolio 1,8794,0.0
Portfolio 1,8795,24224478.820371628
Portfolio 1,8796,21210587.846587043
Portfolio 1,8797,0.0
Portfolio 1,8798,0.0
Portfolio 1,8799,0.0
Portfolio 1,8800,0.0
Portfolio 1,8801,7384177.026644446
Portfolio 1,8802,27849671.32621894
Portfolio 1,8803,0.0
Portfolio 1,8804,0.0
Portfolio 1,8805,0.0
Portfolio 1,8806,5182259.577388579
Portfolio 1,8807,0.0
Portfolio 1,8808,0.0
Portfolio 1,8809,0.0
Portfolio 1,8810,0.0
Portfolio 1,8811,0.0
Portfolio 1,8812,0.0
Portfolio 1,8813,0.0
Portfolio 1,8814,0.0
Portfolio 1,8815,0.0
Portfolio 1,8816,0.0
Portfolio 1,8817,0.0
Portfolio 1,8818,0.0
Portfolio 1,8819,0.0
Portfolio 1,8820,0.0
Portfolio 1,8821,0.0
Portfolio 1,8822,0.0
Portfolio 1,8823,0.0
Portfolio 1,8824,0.0
Portfolio 1,8825,0.0
Portfolio 1,8826,0.0
Portfolio 1,8827,10577543.119832845
Portfolio 1,8828,2999238.710377632
Portfolio 1,8829,0.0
Portfolio 1,8830,0.0
Portfolio 1,8831,14199271.723999074
Portfolio 1,8832,15250014.009494158
Portfolio 1,8833,3909670.548554421
Portfolio 1,8834,0.0
Portfolio 1,8835,14199271.723999074
Portfolio 1,8836,0.0
Portfolio 1,8837,45019596.13190023
Portfolio 1,8838,41047017.06003482
Portfolio 1,8839,0.0
Portfolio 1,8840,0.0
Portfolio 1,8841,0.0
Portfolio 1,8842,0.0
Portfolio 1,8843,14220223.93252826
Portfolio 1,8844,0.0
Portfolio 1,8845,17510906.764428075
Portfolio 1,8846,0.0
Portfolio 1,8847,0.0
Portfolio 1,8848,0.0
Portfolio 1,8849,5182259.577388579
Portfolio 1,8850,0.0
Portfolio 1,8851,0.0
Portfolio 1,8852,0.0
Portfolio 1,8853,21290942.362808425
Portfolio 1,8854,0.0
Portfolio 1,8855,0.0
Portfolio 1,8856,0.0
Portfolio 1,8857,10723682.894710481
Portfolio 1,8858,0.0
Portfolio 1,8859,43385740.53258161
Portfolio 1,8860,2999238.710377632
Portfolio 1,8861,0.0
Portfolio 1,8862,8868899.02430052
Portfolio 1,8863,17510906.764428075
Portfolio 1,8864,16684256.731803369
Portfolio 1,8865,0.0
Portfolio 1,8866,0.0
Portfolio 1,8867,0.0
Portfolio 1,8868,0.0
Portfolio 1,8869,0.0
Portfolio 1,8870,0.0
Portfolio 1,8871,0.0
Portfolio 1,8872,0.0
Portfolio 1,8873,21602141.431291465
Portfolio 1,8874,0.0
Portfolio 1,8875,0.0
Portfolio 1,8876,0.0
Portfolio 1,8877,26607923.65483664
Portfolio 1,8878,44242863.14278682
Portfolio 1,8879,0.0
Portfolio 1,8880,0.0
Portfolio 1,8881,71948742.09531005
Portfolio 1,8882,0.0
Portfolio 1,8883,0.0
Portfolio 1,8884,11428295.851894356
Portfolio 1,8885,0.0
Portfolio 1,8886,0.0
Portfolio 1,8887,0.0
Portfolio 1,8888,0.0
Portfolio 1,8889,0.0
Portfolio 1,8890,3909670.548554421
Portfolio 1,8891,10502839.911227165
Portfolio 1,8892,0.0
Portfolio 1,8893,10502839.911227165
Portfolio 1,8894,14220223.93252826
Portfolio 1,8895,15330368.52571554
Portfolio 1,8896,0.0
Portfolio 1,8897,0.0
Portfolio 1,8898,0.0
Portfolio 1,8899,52810891.82664611
Portfolio 1,8900,0.0
Portfolio 1,8901,0.0
Portfolio 1,8902,0.0
Portfolio 1,8903,11340343.460939737
Portfolio 1,8904,13158355.870652435
Portfolio 1,8905,0.0
Portfolio 1,8906,0.0
Portfolio 1,8907,0.0
Portfolio 1,8908,13478020.989719959
Portfolio 1,8909,0.0
Portfolio 1,8910,3909670.548554421
Portfolio 1,8911,0.0
Portfolio 1,8912,0.0
Portfolio 1,8913,11340343.460939737
Portfolio 1,8914,10502839.911227165
Portfolio 1,8915,0.0
Portfolio 1,8916,0.0
Portfolio 1,8917,0.0
Portfolio 1,8918,3909670.548554421
Portfolio 1,8919,14199271.723999074
Portfolio 1,8920,0.0
Portfolio 1,8921,0.0
Portfolio 1,8922,0.0
Portfolio 1,8923,5960573.837092887
Portfolio 1,8924,0.0
Portfolio 1,8925,0.0
Portfolio 1,8926,0.0
Portfolio 1,8927,39058858.0250545
Portfolio 1,8928,21348511.77318617
Portfolio 1,8929,5395283.542444266
Portfolio 1,8930,0.0
Portfolio 1,8931,0.0
Portfolio 1,8932,0.0
Portfolio 1,8933,14220223.93252826
Portfolio 1,8934,26607923.65483664
Portfolio 1,8935,0.0
Portfolio 1,8936,0.0
Portfolio 1,8937,0.0
Portfolio 1,8938,0.0
Portfolio 1,8939,0.0
Portfolio 1,8940,0.0
Portfolio 1,8941,0.0
Portfolio 1,8942,0.0
Portfolio 1,8943,0.0
Portfolio 1,8944,0.0
Portfolio 1,8945,23688242.72665835
Portfolio 1,8946,8868899.02430052
Portfolio 1,8947,22906190.30687234
Portfolio 1,8948,0.0
Portfolio 1,8949,0.0
Portfolio 1,8950,0.0
Portfolio 1,8951,28285817.8006155
Portfolio 1,8952,13158355.870652435
Portfolio 1,8953,0.0
Portfolio 1,8954,3909670.548554421
Portfolio 1,8955,0.0
Portfolio 1,8956,0.0
Portfolio 1,8957,0.0
Portfolio 1,8958,0.0
Portfolio 1,8959,0.0
Portfolio 1,8960,0.0
Portfolio 1,8961,0.0
Portfolio 1,8962,11340343.460939737
Portfolio 1,8963,0.0
Portfolio 1,8964,0.0
Portfolio 1,8965,0.0
Portfolio 1,8966,26377146.020008318
Portfolio 1,8967,5444546.850261398
Portfolio 1,8968,0.0
Portfolio 1,8969,0.0
Portfolio 1,8970,0.0
Portfolio 1,8971,5843298.617235378
Portfolio 1,8972,0.0
Portfolio 1,8973,0.0
Portfolio 1,8974,0.0
Portfolio 1,8975,10502839.911227165
Portfolio 1,8976,5182259.577388579
Portfolio 1,8977,0.0
Portfolio 1,8978,16481193.917053008
Portfolio 1,8979,0.0
Portfolio 1,8980,0.0
Portfolio 1,8981,0.0
Portfolio 1,8982,0.0
Portfolio 1,8983,0.0
Portfolio 1,8984,0.0
Portfolio 1,8985,0.0
Portfolio 1,8986,0.0
Portfolio 1,8987,0.0
Portfolio 1,8988,0.0
Portfolio 1,8989,0.0
Portfolio 1,8990,20180797.769621145
Portfolio 1,8991,0.0
Portfolio 1,8992,0.0
Portfolio 1,8993,0.0
Portfolio 1,8994,44264609.5036273
Portfolio 1,8995,0.0
Portfolio 1,8996,0.0
Portfolio 1,8997,10723682.894710481
Portfolio 1,8998,0.0
Portfolio 1,8999,0.0
Portfolio 1,9000,0.0
Portfolio 1,9001,0.0
Portfolio 1,9002,0.0
Portfolio 1,9003,0.0
Portfolio 1,9004,31288079.426392842
Portfolio 1,9005,0.0
Portfolio 1,9006,12178320.841756614
Portfolio 1,9007,10845671.861959005
Portfolio 1,9008,0.0
Portfolio 1,9009,0.0
Portfolio 1,9010,0.0
Portfolio 1,9011,0.0
Portfolio 1,9012,17455059.878443703
Portfolio 1,9013,20689004.01628072
Portfolio 1,9014,0.0
Portfolio 1,9015,16610555.429282935
Portfolio 1,9016,11340343.460939737
Portfolio 1,9017,17455059.878443703
Portfolio 1,9018,0.0
Portfolio 1,9019,0.0
Portfolio 1,9020,0.0
Portfolio 1,9021,0.0
Portfolio 1,9022,0.0
Portfolio 1,9023,22064026.355650216
Portfolio 1,9024,0.0
Portfolio 1,9025,0.0
Portfolio 1,9026,0.0
Portfolio 1,9027,15127461.929963065
Portfolio 1,9028,12178320.841756614
Portfolio 1,9029,0.0
Portfolio 1,9030,11340343.460939737
Portfolio 1,9031,0.0
Portfolio 1,9032,8868899.02430052
Portfolio 1,9033,13158355.870652435
Portfolio 1,9034,13158355.870652435
Portfolio 1,9035,14199271.723999074
Portfolio 1,9036,0.0
Portfolio 1,9037,0.0
Portfolio 1,9038,0.0
Portfolio 1,9039,0.0
Portfolio 1,9040,0.0
Portfolio 1,9041,15330368.52571554
Portfolio 1,9042,0.0
Portfolio 1,9043,0.0
Portfolio 1,9044,11142833.414481465
Portfolio 1,9045,0.0
Portfolio 1,9046,0.0
Portfolio 1,9047,0.0
Portfolio 1,9048,10845671.861959005
Portfolio 1,9049,0.0
Portfolio 1,9050,0.0
Portfolio 1,9051,0.0
Portfolio 1,9052,0.0
Portfolio 1,9053,0.0
Portfolio 1,9054,13629447.393690683
Portfolio 1,9055,31676507.05417808
Portfolio 1,9056,3909670.548554421
Portfolio 1,9057,0.0
Portfolio 1,9058,0.0
Portfolio 1,9059,11293847.575198866
Portfolio 1,9060,0.0
Portfolio 1,9061,0.0
Portfolio 1,9062,14220223.93252826
Portfolio 1,9063,0.0
Portfolio 1,9064,3909670.548554421
Portfolio 1,9065,0.0
Portfolio 1,9066,0.0
Portfolio 1,9067,5864517.916904203
Portfolio 1,9068,0.0
Portfolio 1,9069,0.0
Portfolio 1,9070,0.0
Portfolio 1,9071,0.0
Portfolio 1,9072,0.0
Portfolio 1,9073,0.0
Portfolio 1,9074,0.0
Portfolio 1,9075,0.0
Portfolio 1,9076,0.0
Portfolio 1,9077,0.0
Portfolio 1,9078,0.0
Portfolio 1,9079,5182259.577388579
Portfolio 1,9080,7384177.026644446
Portfolio 1,9081,0.0
Portfolio 1,9082,0.0
Portfolio 1,9083,10723682.894710481
Portfolio 1,9084,0.0
Portfolio 1,9085,0.0
Portfolio 1,9086,5960573.837092887
Portfolio 1,9087,0.0
Portfolio 1,9088,0.0
Portfolio 1,9089,15898123.453671431
Portfolio 1,9090,15127461.929963065
Portfolio 1,9091,0.0
Portfolio 1,9092,0.0
Portfolio 1,9093,22955453.614689473
Portfolio 1,9094,0.0
Portfolio 1,9095,0.0
Portfolio 1,9096,0.0
Portfolio 1,9097,0.0
Portfolio 1,9098,0.0
Portfolio 1,9099,0.0
Portfolio 1,9100,0.0
Portfolio 1,9101,17510906.764428075
Portfolio 1,9102,0.0
Portfolio 1,9103,0.0
Portfolio 1,9104,0.0
Portfolio 1,9105,5864517.916904203
Portfolio 1,9106,7384177.026644446
Portfolio 1,9107,0.0
Portfolio 1,9108,0.0
Portfolio 1,9109,0.0
Portfolio 1,9110,0.0
Portfolio 1,9111,0.0
Portfolio 1,9112,0.0
Portfolio 1,9113,0.0
Portfolio 1,9114,25779436.866137914
Portfolio 1,9115,0.0
Portfolio 1,9116,0.0
Portfolio 1,9117,7613503.072815756
Portfolio 1,9118,0.0
Portfolio 1,9119,0.0
Portfolio 1,9120,0.0
Portfolio 1,9121,43564958.1848541
Portfolio 1,9122,37169630.76470323
Portfolio 1,9123,0.0
Portfolio 1,9124,0.0
Portfolio 1,9125,0.0
Portfolio 1,9126,0.0
Portfolio 1,9127,0.0
Portfolio 1,9128,37738888.23522461
Portfolio 1,9129,5843298.617235378
Portfolio 1,9130,0.0
Portfolio 1,9131,0.0
Portfolio 1,9132,0.0
Portfolio 1,9133,0.0
Portfolio 1,9134,0.0
Portfolio 1,9135,5843298.617235378
Portfolio 1,9136,0.0
Portfolio 1,9137,0.0
Portfolio 1,9138,0.0
Portfolio 1,9139,0.0
Portfolio 1,9140,0.0
Portfolio 1,9141,0.0
Portfolio 1,9142,25851144.82467355
Portfolio 1,9143,17510906.764428075
Portfolio 1,9144,0.0
Portfolio 1,9145,18811706.97107926
Portfolio 1,9146,7613503.072815756
Portfolio 1,9147,13158355.870652435
Portfolio 1,9148,0.0
Portfolio 1,9149,0.0
Portfolio 1,9150,0.0
Portfolio 1,9151,0.0
Portfolio 1,9152,0.0
Portfolio 1,9153,5864517.916904203
Portfolio 1,9154,0.0
Portfolio 1,9155,0.0
Portfolio 1,9156,0.0
Portfolio 1,9157,0.0
Portfolio 1,9158,0.0
Portfolio 1,9159,0.0
Portfolio 1,9160,0.0
Portfolio 1,9161,0.0
Portfolio 1,9162,0.0
Portfolio 1,9163,0.0
Portfolio 1,9164,0.0
Portfolio 1,9165,12178320.841756614
Portfolio 1,9166,0.0
Portfolio 1,9167,2999238.710377632
Portfolio 1,9168,0.0
Portfolio 1,9169,0.0
Portfolio 1,9170,5960573.837092887
Portfolio 1,9171,0.0
Portfolio 1,9172,8868899.02430052
Portfolio 1,9173,0.0
Portfolio 1,9174,0.0
Portfolio 1,9175,0.0
Portfolio 1,9176,0.0
Portfolio 1,9177,0.0
Portfolio 1,9178,0.0
Portfolio 1,9179,15035003.375447877
Portfolio 1,9180,0.0
Portfolio 1,9181,0.0
Portfolio 1,9182,0.0
Portfolio 1,9183,0.0
Portfolio 1,9184,0.0
Portfolio 1,9185,0.0
Portfolio 1,9186,0.0
Portfolio 1,9187,10839830.392705664
Portfolio 1,9188,0.0
Portfolio 1,9189,0.0
Portfolio 1,9190,0.0
Portfolio 1,9191,0.0
Portfolio 1,9192,15127461.929963065
Portfolio 1,9193,0.0
Portfolio 1,9194,10845671.861959005
Portfolio 1,9195,6316554.945955662
Portfolio 1,9196,10845671.861959005
Portfolio 1,9197,0.0
Portfolio 1,9198,0.0
Portfolio 1,9199,47792917.44086895
Portfolio 1,9200,8868899.02430052
Portfolio 1,9201,0.0
Portfolio 1,9202,0.0
Portfolio 1,9203,5395283.542444266
Portfolio 1,9204,0.0
Portfolio 1,9205,14199271.723999074
Portfolio 1,9206,31897350.037661396
Portfolio 1,9207,7384177.026644446
Portfolio 1,9208,33106622.372013696
Portfolio 1,9209,15127461.929963065
Portfolio 1,9210,0.0
Portfolio 1,9211,25880675.23740688
Portfolio 1,9212,0.0
Portfolio 1,9213,0.0
Portfolio 1,9214,0.0
Portfolio 1,9215,37453595.51679564
Portfolio 1,9216,0.0
Portfolio 1,9217,0.0
Portfolio 1,9218,15127461.929963065
Portfolio 1,9219,14439093.40519818
Portfolio 1,9220,0.0
Portfolio 1,9221,0.0
Portfolio 1,9222,2999238.710377632
Portfolio 1,9223,8868899.02430052
Portfolio 1,9224,10577543.119832845
Portfolio 1,9225,0.0
Portfolio 1,9226,0.0
Portfolio 1,9227,0.0
Portfolio 1,9228,0.0
Portfolio 1,9229,34886302.39284745
Portfolio 1,9230,0.0
Portfolio 1,9231,15330368.52571554
Portfolio 1,9232,0.0
Portfolio 1,9233,0.0
Portfolio 1,9234,14439093.40519818
Portfolio 1,9235,0.0
Portfolio 1,9236,5843298.617235378
Portfolio 1,9237,0.0
Portfolio 1,9238,15330368.52571554
Portfolio 1,9239,16628686.104068315
Portfolio 1,9240,22768639.31283409
Portfolio 1,9241,0.0
Portfolio 1,9242,13629447.393690683
Portfolio 1,9243,15250014.009494158
Portfolio 1,9244,26139392.33579546
Portfolio 1,9245,0.0
Portfolio 1,9246,24586651.722546794
Portfolio 1,9247,0.0
Portfolio 1,9248,0.0
Portfolio 1,9249,0.0
Portfolio 1,9250,0.0
Portfolio 1,9251,0.0
Portfolio 1,9252,0.0
Portfolio 1,9253,2999238.710377632
Portfolio 1,9254,8868899.02430052
Portfolio 1,9255,3909670.548554421
Portfolio 1,9256,0.0
Portfolio 1,9257,30613415.74909614
Portfolio 1,9258,23661195.7818796
Portfolio 1,9259,0.0
Portfolio 1,9260,0.0
Portfolio 1,9261,27543077.751893308
Portfolio 1,9262,0.0
Portfolio 1,9263,0.0
Portfolio 1,9264,7613503.072815756
Portfolio 1,9265,22498346.417991202
Portfolio 1,9266,0.0
Portfolio 1,9267,2999238.710377632
Portfolio 1,9268,5444546.850261398
Portfolio 1,9269,0.0
Portfolio 1,9270,15330368.52571554
Portfolio 1,9271,0.0
Portfolio 1,9272,0.0
Portfolio 1,9273,0.0
Portfolio 1,9274,10845671.861959005
Portfolio 1,9275,26176040.387674544
Portfolio 1,9276,3909670.548554421
Portfolio 1,9277,0.0
Portfolio 1,9278,12178320.841756614
Portfolio 1,9279,0.0
Portfolio 1,9280,0.0
Portfolio 1,9281,13629447.393690683
Portfolio 1,9282,0.0
Portfolio 1,9283,0.0
Portfolio 1,9284,0.0
Portfolio 1,9285,13158355.870652435
Portfolio 1,9286,56950344.2029405
Portfolio 1,9287,0.0
Portfolio 1,9288,0.0
Portfolio 1,9289,0.0
Portfolio 1,9290,0.0
Portfolio 1,9291,14199271.723999074
Portfolio 1,9292,0.0
Portfolio 1,9293,5960573.837092887
Portfolio 1,9294,0.0
Portfolio 1,9295,0.0
Portfolio 1,9296,0.0
Portfolio 1,9297,0.0
Portfolio 1,9298,0.0
Portfolio 1,9299,0.0
Portfolio 1,9300,40223699.191277795
Portfolio 1,9301,0.0
Portfolio 1,9302,0.0
Portfolio 1,9303,5182259.577388579
Portfolio 1,9304,17455059.878443703
Portfolio 1,9305,0.0
Portfolio 1,9306,0.0
Portfolio 1,9307,0.0
Portfolio 1,9308,9097016.890408562
Portfolio 1,9309,14220223.93252826
Portfolio 1,9310,0.0
Portfolio 1,9311,0.0
Portfolio 1,9312,0.0
Portfolio 1,9313,0.0
Portfolio 1,9314,0.0
Portfolio 1,9315,0.0
Portfolio 1,9316,0.0
Portfolio 1,9317,0.0
Portfolio 1,9318,0.0
Portfolio 1,9319,0.0
Portfolio 1,9320,0.0
Portfolio 1,9321,10723682.894710481
Portfolio 1,9322,0.0
Portfolio 1,9323,0.0
Portfolio 1,9324,39016682.99631965
Portfolio 1,9325,16688970.479194384
Portfolio 1,9326,0.0
Portfolio 1,9327,33041996.126112014
Portfolio 1,9328,0.0
Portfolio 1,9329,17510906.764428075
Portfolio 1,9330,0.0
Portfolio 1,9331,0.0
Portfolio 1,9332,10845671.861959005
Portfolio 1,9333,0.0
Portfolio 1,9334,0.0
Portfolio 1,9335,0.0
Portfolio 1,9336,0.0
Portfolio 1,9337,0.0
Portfolio 1,9338,16087991.390311034
Portfolio 1,9339,0.0
Portfolio 1,9340,0.0
Portfolio 1,9341,2999238.710377632
Portfolio 1,9342,0.0
Portfolio 1,9343,10723682.894710481
Portfolio 1,9344,0.0
Portfolio 1,9345,0.0
Portfolio 1,9346,5182259.577388579
Portfolio 1,9347,0.0
Portfolio 1,9348,0.0
Portfolio 1,9349,0.0
Portfolio 1,9350,0.0
Portfolio 1,9351,0.0
Portfolio 1,9352,0.0
Portfolio 1,9353,22648506.448263634
Portfolio 1,9354,0.0
Portfolio 1,9355,26224337.046427026
Portfolio 1,9356,5960573.837092887
Portfolio 1,9357,0.0
Portfolio 1,9358,0.0
Portfolio 1,9359,0.0
Portfolio 1,9360,0.0
Portfolio 1,9361,0.0
Portfolio 1,9362,0.0
Portfolio 1,9363,11340343.460939737
Portfolio 1,9364,0.0
Portfolio 1,9365,13158355.870652435
Portfolio 1,9366,21242950.46650644
Portfolio 1,9367,14220223.93252826
Portfolio 1,9368,0.0
Portfolio 1,9369,0.0
Portfolio 1,9370,0.0
Portfolio 1,9371,37062788.806308985
Portfolio 1,9372,2999238.710377632
Portfolio 1,9373,5960573.837092887
Portfolio 1,9374,0.0
Portfolio 1,9375,5182259.577388579
Portfolio 1,9376,0.0
Portfolio 1,9377,35546192.03693074
Portfolio 1,9378,0.0
Portfolio 1,9379,11428295.851894356
Portfolio 1,9380,7384177.026644446
Portfolio 1,9381,20525312.742302917
Portfolio 1,9382,8868899.02430052
Portfolio 1,9383,10723682.894710481
Portfolio 1,9384,18340615.448041014
Portfolio 1,9385,14199271.723999074
Portfolio 1,9386,0.0
Portfolio 1,9387,20063789.640903275
Portfolio 1,9388,0.0
Portfolio 1,9389,0.0
Portfolio 1,9390,0.0
Portfolio 1,9391,14199271.723999074
Portfolio 1,9392,0.0
Portfolio 1,9393,0.0
Portfolio 1,9394,0.0
Portfolio 1,9395,0.0
Portfolio 1,9396,0.0
Portfolio 1,9397,18459174.93477476
Portfolio 1,9398,15330368.52571554
Portfolio 1,9399,13158355.870652435
Portfolio 1,9400,0.0
Portfolio 1,9401,0.0
Portfolio 1,9402,0.0
Portfolio 1,9403,28341645.03522658
Portfolio 1,9404,0.0
Portfolio 1,9405,0.0
Portfolio 1,9406,0.0
Portfolio 1,9407,0.0
Portfolio 1,9408,2999238.710377632
Portfolio 1,9409,0.0
Portfolio 1,9410,0.0
Portfolio 1,9411,0.0
Portfolio 1,9412,15035003.375447877
Portfolio 1,9413,0.0
Portfolio 1,9414,0.0
Portfolio 1,9415,0.0
Portfolio 1,9416,23518664.30269635
Portfolio 1,9417,0.0
Portfolio 1,9418,0.0
Portfolio 1,9419,0.0
Portfolio 1,9420,12178320.841756614
Portfolio 1,9421,0.0
Portfolio 1,9422,7384177.026644446
Portfolio 1,9423,0.0
Portfolio 1,9424,10502839.911227165
Portfolio 1,9425,0.0
Portfolio 1,9426,5395283.542444266
Portfolio 1,9427,0.0
Portfolio 1,9428,17510906.764428075
Portfolio 1,9429,61696897.76969421
Portfolio 1,9430,0.0
Portfolio 1,9431,0.0
Portfolio 1,9432,0.0
Portfolio 1,9433,0.0
Portfolio 1,9434,0.0
Portfolio 1,9435,0.0
Portfolio 1,9436,14199271.723999074
Portfolio 1,9437,0.0
Portfolio 1,9438,15330368.52571554
Portfolio 1,9439,5960573.837092887
Portfolio 1,9440,0.0
Portfolio 1,9441,2999238.710377632
Portfolio 1,9442,0.0
Portfolio 1,9443,18229848.88860345
Portfolio 1,9444,0.0
Portfolio 1,9445,0.0
Portfolio 1,9446,53662266.46007785
Portfolio 1,9447,0.0
Portfolio 1,9448,0.0
Portfolio 1,9449,0.0
Portfolio 1,9450,0.0
Portfolio 1,9451,0.0
Portfolio 1,9452,0.0
Portfolio 1,9453,0.0
Portfolio 1,9454,5960573.837092887
Portfolio 1,9455,0.0
Portfolio 1,9456,0.0
Portfolio 1,9457,0.0
Portfolio 1,9458,17300917.298032623
Portfolio 1,9459,0.0
Portfolio 1,9460,26379805.788728595
Portfolio 1,9461,0.0
Portfolio 1,9462,0.0
Portfolio 1,9463,13502078.621604796
Portfolio 1,9464,0.0
Portfolio 1,9465,0.0
Portfolio 1,9466,18329607.23609317
Portfolio 1,9467,0.0
Portfolio 1,9468,10723682.894710481
Portfolio 1,9469,0.0
Portfolio 1,9470,14439093.40519818
Portfolio 1,9471,3909670.548554421
Portfolio 1,9472,0.0
Portfolio 1,9473,14439093.40519818
Portfolio 1,9474,0.0
Portfolio 1,9475,24684585.924531356
Portfolio 1,9476,0.0
Portfolio 1,9477,0.0
Portfolio 1,9478,0.0
Portfolio 1,9479,10845671.861959005
Portfolio 1,9480,0.0
Portfolio 1,9481,0.0
Portfolio 1,9482,0.0
Portfolio 1,9483,0.0
Portfolio 1,9484,15293720.473836454
Portfolio 1,9485,18811706.97107926
Portfolio 1,9486,0.0
Portfolio 1,9487,0.0
Portfolio 1,9488,15330368.52571554
Portfolio 1,9489,14439093.40519818
Portfolio 1,9490,14199271.723999074
Portfolio 1,9491,12795762.650204334
Portfolio 1,9492,25627567.575893432
Portfolio 1,9493,5395283.542444266
Portfolio 1,9494,5182259.577388579
Portfolio 1,9495,0.0
Portfolio 1,9496,18944673.924002297
Portfolio 1,9497,0.0
Portfolio 1,9498,0.0
Portfolio 1,9499,0.0
Portfolio 1,9500,0.0
Portfolio 1,9501,25057743.24558504
Portfolio 1,9502,11340343.460939737
Portfolio 1,9503,14199271.723999074
Portfolio 1,9504,9097016.890408562
Portfolio 1,9505,0.0
Portfolio 1,9506,0.0
Portfolio 1,9507,0.0
Portfolio 1,9508,0.0
Portfolio 1,9509,5444546.850261398
Portfolio 1,9510,0.0
Portfolio 1,9511,19073994.24395208
Portfolio 1,9512,36179580.366027884
Portfolio 1,9513,0.0
Portfolio 1,9514,0.0
Portfolio 1,9515,0.0
Portfolio 1,9516,19590021.23078357
Portfolio 1,9517,0.0
Portfolio 1,9518,0.0
Portfolio 1,9519,0.0
Portfolio 1,9520,0.0
Portfolio 1,9521,5864517.916904203
Portfolio 1,9522,0.0
Portfolio 1,9523,0.0
Portfolio 1,9524,0.0
Portfolio 1,9525,11428295.851894356
Portfolio 1,9526,0.0
Portfolio 1,9527,15127461.929963065
Portfolio 1,9528,0.0
Portfolio 1,9529,0.0
Portfolio 1,9530,0.0
Portfolio 1,9531,0.0
Portfolio 1,9532,0.0
Portfolio 1,9533,5843298.617235378
Portfolio 1,9534,0.0
Portfolio 1,9535,0.0
Portfolio 1,9536,0.0
Portfolio 1,9537,17360580.419145193
Portfolio 1,9538,0.0
Portfolio 1,9539,19371738.935527682
Portfolio 1,9540,9304954.090998687
Portfolio 1,9541,0.0
Portfolio 1,9542,13629447.393690683
Portfolio 1,9543,0.0
Portfolio 1,9544,8868899.02430052
Portfolio 1,9545,0.0
Portfolio 1,9546,10845671.861959005
Portfolio 1,9547,0.0
Portfolio 1,9548,0.0
Portfolio 1,9549,0.0
Portfolio 1,9550,28234589.659138557
Portfolio 1,9551,28851250.225367814
Portfolio 1,9552,28150281.951299675
Portfolio 1,9553,13158355.870652435
Portfolio 1,9554,0.0
Portfolio 1,9555,8868899.02430052
Portfolio 1,9556,0.0
Portfolio 1,9557,0.0
Portfolio 1,9558,9097016.890408562
Portfolio 1,9559,0.0
Portfolio 1,9560,0.0
Portfolio 1,9561,0.0
Portfolio 1,9562,0.0
Portfolio 1,9563,0.0
Portfolio 1,9564,0.0
Portfolio 1,9565,15127461.929963065
Portfolio 1,9566,0.0
Portfolio 1,9567,0.0
Portfolio 1,9568,0.0
Portfolio 1,9569,0.0
Portfolio 1,9570,19592581.919011
Portfolio 1,9571,0.0
Portfolio 1,9572,0.0
Portfolio 1,9573,21420577.312982496
Portfolio 1,9574,0.0
Portfolio 1,9575,0.0
Portfolio 1,9576,12178320.841756614
Portfolio 1,9577,0.0
Portfolio 1,9578,0.0
Portfolio 1,9579,14199271.723999074
Portfolio 1,9580,20970760.547198445
Portfolio 1,9581,0.0
Portfolio 1,9582,32696360.734684255
Portfolio 1,9583,17388869.688987244
Portfolio 1,9584,0.0
Portfolio 1,9585,0.0
Portfolio 1,9586,34036657.86333569
Portfolio 1,9587,0.0
Portfolio 1,9588,17510906.764428075
Portfolio 1,9589,44917697.7454258
Portfolio 1,9590,0.0
Portfolio 1,9591,0.0
Portfolio 1,9592,14199271.723999074
Portfolio 1,9593,0.0
Portfolio 1,9594,14439093.40519818
Portfolio 1,9595,0.0
Portfolio 1,9596,0.0
Portfolio 1,9597,5843298.617235378
Portfolio 1,9598,39626161.26155524
Portfolio 1,9599,0.0
Portfolio 1,9600,2999238.710377632
Portfolio 1,9601,38131097.276206814
Portfolio 1,9602,0.0
Portfolio 1,9603,0.0
Portfolio 1,9604,0.0
Portfolio 1,9605,0.0
Portfolio 1,9606,0.0
Portfolio 1,9607,39836607.47877973
Portfolio 1,9608,14199271.723999074
Portfolio 1,9609,17360580.419145193
Portfolio 1,9610,0.0
Portfolio 1,9611,12178320.841756614
Portfolio 1,9612,0.0
Portfolio 1,9613,16168229.744971879
Portfolio 1,9614,23504225.814997762
Portfolio 1,9615,5182259.577388579
Portfolio 1,9616,0.0
Portfolio 1,9617,0.0
Portfolio 1,9618,0.0
Portfolio 1,9619,0.0
Portfolio 1,9620,0.0
Portfolio 1,9621,17510906.764428075
Portfolio 1,9622,25336676.71240905
Portfolio 1,9623,0.0
Portfolio 1,9624,0.0
Portfolio 1,9625,5960573.837092887
Portfolio 1,9626,0.0
Portfolio 1,9627,0.0
Portfolio 1,9628,0.0
Portfolio 1,9629,5960573.837092887
Portfolio 1,9630,0.0
Portfolio 1,9631,0.0
Portfolio 1,9632,0.0
Portfolio 1,9633,0.0
Portfolio 1,9634,0.0
Portfolio 1,9635,0.0
Portfolio 1,9636,32898268.339972943
Portfolio 1,9637,5444546.850261398
Portfolio 1,9638,0.0
Portfolio 1,9639,15127461.929963065
Portfolio 1,9640,5182259.577388579
Portfolio 1,9641,0.0
Portfolio 1,9642,0.0
Portfolio 1,9643,0.0
Portfolio 1,9644,0.0
Portfolio 1,9645,8868899.02430052
Portfolio 1,9646,0.0
Portfolio 1,9647,10502839.911227165
Portfolio 1,9648,0.0
Portfolio 1,9649,5395283.542444266
Portfolio 1,9650,0.0
Portfolio 1,9651,12178320.841756614
Portfolio 1,9652,0.0
Portfolio 1,9653,0.0
Portfolio 1,9654,0.0
Portfolio 1,9655,0.0
Portfolio 1,9656,0.0
Portfolio 1,9657,9097016.890408562
Portfolio 1,9658,44860275.8089977
Portfolio 1,9659,0.0
Portfolio 1,9660,0.0
Portfolio 1,9661,0.0
Portfolio 1,9662,0.0
Portfolio 1,9663,0.0
Portfolio 1,9664,0.0
Portfolio 1,9665,0.0
Portfolio 1,9666,0.0
Portfolio 1,9667,0.0
Portfolio 1,9668,0.0
Portfolio 1,9669,9097016.890408562
Portfolio 1,9670,0.0
Portfolio 1,9671,17510906.764428075
Portfolio 1,9672,0.0
Portfolio 1,9673,24224478.820371628
Portfolio 1,9674,25336676.71240905
Portfolio 1,9675,0.0
Portfolio 1,9676,0.0
Portfolio 1,9677,7384177.026644446
Portfolio 1,9678,0.0
Portfolio 1,9679,0.0
Portfolio 1,9680,7384177.026644446
Portfolio 1,9681,0.0
Portfolio 1,9682,15330368.52571554
Portfolio 1,9683,0.0
Portfolio 1,9684,0.0
Portfolio 1,9685,0.0
Portfolio 1,9686,0.0
Portfolio 1,9687,5843298.617235378
Portfolio 1,9688,0.0
Portfolio 1,9689,0.0
Portfolio 1,9690,0.0
Portfolio 1,9691,15127461.929963065
Portfolio 1,9692,0.0
Portfolio 1,9693,0.0
Portfolio 1,9694,14439093.40519818
Portfolio 1,9695,0.0
Portfolio 1,9696,11428295.851894356
Portfolio 1,9697,0.0
Portfolio 1,9698,0.0
Portfolio 1,9699,0.0
Portfolio 1,9700,21823270.431842625
Portfolio 1,9701,2999238.710377632
Portfolio 1,9702,7384177.026644446
Portfolio 1,9703,0.0
Portfolio 1,9704,0.0
Portfolio 1,9705,0.0
Portfolio 1,9706,27007793.70315002
Portfolio 1,9707,0.0
Portfolio 1,9708,0.0
Portfolio 1,9709,9315793.656333294
Portfolio 1,9710,0.0
Portfolio 1,9711,32785428.40415924
Portfolio 1,9712,0.0
Portfolio 1,9713,21158238.390740655
Portfolio 1,9714,14199271.723999074
Portfolio 1,9715,0.0
Portfolio 1,9716,22714545.552359983
Portfolio 1,9717,0.0
Portfolio 1,9718,5444546.850261398
Portfolio 1,9719,0.0
Portfolio 1,9720,0.0
Portfolio 1,9721,0.0
Portfolio 1,9722,25973133.79192207
Portfolio 1,9723,13629447.393690683
Portfolio 1,9724,0.0
Portfolio 1,9725,0.0
Portfolio 1,9726,0.0
Portfolio 1,9727,0.0
Portfolio 1,9728,21931135.763121523
Portfolio 1,9729,26722016.325730808
Portfolio 1,9730,0.0
Portfolio 1,9731,12178320.841756614
Portfolio 1,9732,14439093.40519818
Portfolio 1,9733,10502839.911227165
Portfolio 1,9734,5960573.837092887
Portfolio 1,9735,0.0
Portfolio 1,9736,0.0
Portfolio 1,9737,0.0
Portfolio 1,9738,0.0
Portfolio 1,9739,0.0
Portfolio 1,9740,0.0
Portfolio 1,9741,0.0
Portfolio 1,9742,17510906.764428075
Portfolio 1,9743,0.0
Portfolio 1,9744,0.0
Portfolio 1,9745,0.0
Portfolio 1,9746,0.0
Portfolio 1,9747,5960573.837092887
Portfolio 1,9748,11142833.414481465
Portfolio 1,9749,0.0
Portfolio 1,9750,0.0
Portfolio 1,9751,0.0
Portfolio 1,9752,0.0
Portfolio 1,9753,21583448.75064352
Portfolio 1,9754,0.0
Portfolio 1,9755,0.0
Portfolio 1,9756,0.0
Portfolio 1,9757,0.0
Portfolio 1,9758,10502839.911227165
Portfolio 1,9759,0.0
Portfolio 1,9760,18138894.6788495
Portfolio 1,9761,0.0
Portfolio 1,9762,38321132.1705611
Portfolio 1,9763,0.0
Portfolio 1,9764,0.0
Portfolio 1,9765,0.0
Portfolio 1,9766,18459174.93477476
Portfolio 1,9767,10845671.861959005
Portfolio 1,9768,0.0
Portfolio 1,9769,0.0
Portfolio 1,9770,36764794.11954983
Portfolio 1,9771,89065798.09289923
Portfolio 1,9772,0.0
Portfolio 1,9773,67362421.8247298
Portfolio 1,9774,0.0
Portfolio 1,9775,11340343.460939737
Portfolio 1,9776,0.0
Portfolio 1,9777,0.0
Portfolio 1,9778,0.0
Portfolio 1,9779,0.0
Portfolio 1,9780,0.0
Portfolio 1,9781,5182259.577388579
Portfolio 1,9782,0.0
Portfolio 1,9783,10845671.861959005
Portfolio 1,9784,0.0
Portfolio 1,9785,10626806.427649977
Portfolio 1,9786,0.0
Portfolio 1,9787,14199271.723999074
Portfolio 1,9788,0.0
Portfolio 1,9789,5182259.577388579
Portfolio 1,9790,0.0
Portfolio 1,9791,0.0
Portfolio 1,9792,0.0
Portfolio 1,9793,3909670.548554421
Portfolio 1,9794,25336676.71240905
Portfolio 1,9795,0.0
Portfolio 1,9796,0.0
Portfolio 1,9797,0.0
Portfolio 1,9798,5395283.542444266
Portfolio 1,9799,0.0
Portfolio 1,9800,23882038.76536292
Portfolio 1,9801,0.0
Portfolio 1,9802,0.0
Portfolio 1,9803,0.0
Portfolio 1,9804,6316554.945955662
Portfolio 1,9805,0.0
Portfolio 1,9806,5960573.837092887
Portfolio 1,9807,10723682.894710481
Portfolio 1,9808,0.0
Portfolio 1,9809,36623224.360588074
Portfolio 1,9810,0.0
Portfolio 1,9811,9097016.890408562
Portfolio 1,9812,0.0
Portfolio 1,9813,0.0
Portfolio 1,9814,0.0
Portfolio 1,9815,14199271.723999074
Portfolio 1,9816,10845671.861959005
Portfolio 1,9817,0.0
Portfolio 1,9818,0.0
Portfolio 1,9819,15293720.473836454
Portfolio 1,9820,0.0
Portfolio 1,9821,0.0
Portfolio 1,9822,0.0
Portfolio 1,9823,11340343.460939737
Portfolio 1,9824,5182259.577388579
Portfolio 1,9825,11340343.460939737
Portfolio 1,9826,0.0
Portfolio 1,9827,3909670.548554421
Portfolio 1,9828,17510906.764428075
Portfolio 1,9829,0.0
Portfolio 1,9830,0.0
Portfolio 1,9831,14199271.723999074
Portfolio 1,9832,8868899.02430052
Portfolio 1,9833,18229848.88860345
Portfolio 1,9834,0.0
Portfolio 1,9835,0.0
Portfolio 1,9836,0.0
Portfolio 1,9837,0.0
Portfolio 1,9838,0.0
Portfolio 1,9839,3909670.548554421
Portfolio 1,9840,10502839.911227165
Portfolio 1,9841,7384177.026644446
Portfolio 1,9842,0.0
Portfolio 1,9843,17455059.878443703
Portfolio 1,9844,20150625.95295769
Portfolio 1,9845,0.0
Portfolio 1,9846,15330368.52571554
Portfolio 1,9847,0.0
Portfolio 1,9848,0.0
Portfolio 1,9849,7613503.072815756
Portfolio 1,9850,0.0
Portfolio 1,9851,16463413.74832005
Portfolio 1,9852,14439093.40519818
Portfolio 1,9853,7613503.072815756
Portfolio 1,9854,0.0
Portfolio 1,9855,13158355.870652435
Portfolio 1,9856,0.0
Portfolio 1,9857,24004027.73261144
Portfolio 1,9858,2999238.710377632
Portfolio 1,9859,14220223.93252826
Portfolio 1,9860,0.0
Portfolio 1,9861,0.0
Portfolio 1,9862,0.0
Portfolio 1,9863,0.0
Portfolio 1,9864,15127461.929963065
Portfolio 1,9865,0.0
Portfolio 1,9866,5960573.837092887
Portfolio 1,9867,0.0
Portfolio 1,9868,0.0
Portfolio 1,9869,7384177.026644446
Portfolio 1,9870,0.0
Portfolio 1,9871,0.0
Portfolio 1,9872,0.0
Portfolio 1,9873,17510906.764428075
Portfolio 1,9874,0.0
Portfolio 1,9875,0.0
Portfolio 1,9876,0.0
Portfolio 1,9877,0.0
Portfolio 1,9878,23208481.195617888
Portfolio 1,9879,0.0
Portfolio 1,9880,0.0
Portfolio 1,9881,7384177.026644446
Portfolio 1,9882,0.0
Portfolio 1,9883,55207298.92087045
Portfolio 1,9884,0.0
Portfolio 1,9885,0.0
Portfolio 1,9886,10502839.911227165
Portfolio 1,9887,20515826.669954736
Portfolio 1,9888,14220223.93252826
Portfolio 1,9889,5182259.577388579
Portfolio 1,9890,10845671.861959005
Portfolio 1,9891,0.0
Portfolio 1,9892,0.0
Portfolio 1,9893,10502839.911227165
Portfolio 1,9894,28638365.129197255
Portfolio 1,9895,13629447.393690683
Portfolio 1,9896,0.0
Portfolio 1,9897,0.0
Portfolio 1,9898,15035003.375447877
Portfolio 1,9899,0.0
Portfolio 1,9900,0.0
Portfolio 1,9901,0.0
Portfolio 1,9902,2999238.710377632
Portfolio 1,9903,5182259.577388579
Portfolio 1,9904,0.0
Portfolio 1,9905,15330368.52571554
Portfolio 1,9906,45959306.98456301
Portfolio 1,9907,0.0
Portfolio 1,9908,0.0
Portfolio 1,9909,0.0
Portfolio 1,9910,0.0
Portfolio 1,9911,14439093.40519818
Portfolio 1,9912,0.0
Portfolio 1,9913,27213324.21720449
Portfolio 1,9914,17965915.914709084
Portfolio 1,9915,0.0
Portfolio 1,9916,0.0
Portfolio 1,9917,0.0
Portfolio 1,9918,0.0
Portfolio 1,9919,14439093.40519818
Portfolio 1,9920,0.0
Portfolio 1,9921,11340343.460939737
Portfolio 1,9922,0.0
Portfolio 1,9923,26440124.062802162
Portfolio 1,9924,0.0
Portfolio 1,9925,0.0
Portfolio 1,9926,0.0
Portfolio 1,9927,0.0
Portfolio 1,9928,0.0
Portfolio 1,9929,0.0
Portfolio 1,9930,0.0
Portfolio 1,9931,0.0
Portfolio 1,9932,17510906.764428075
Portfolio 1,9933,0.0
Portfolio 1,9934,18494875.787712276
Portfolio 1,9935,0.0
Portfolio 1,9936,3909670.548554421
Portfolio 1,9937,10845671.861959005
Portfolio 1,9938,0.0
Portfolio 1,9939,20991979.846867267
Portfolio 1,9940,5843298.617235378
Portfolio 1,9941,5444546.850261398
Portfolio 1,9942,0.0
Portfolio 1,9943,0.0
Portfolio 1,9944,0.0
Portfolio 1,9945,0.0
Portfolio 1,9946,28138815.815118678
Portfolio 1,9947,18340615.448041014
Portfolio 1,9948,0.0
Portfolio 1,9949,5182259.577388579
Portfolio 1,9950,0.0
Portfolio 1,9951,0.0
Portfolio 1,9952,0.0
Portfolio 1,9953,0.0
Portfolio 1,9954,13158355.870652435
Portfolio 1,9955,0.0
Portfolio 1,9956,0.0
Portfolio 1,9957,5182259.577388579
Portfolio 1,9958,0.0
Portfolio 1,9959,0.0
Portfolio 1,9960,0.0
Portfolio 1,9961,0.0
Portfolio 1,9962,19599856.801635727
Portfolio 1,9963,0.0
Portfolio 1,9964,0.0
Portfolio 1,9965,0.0
Portfolio 1,9966,0.0
Portfolio 1,9967,15293720.473836454
Portfolio 1,9968,0.0
Portfolio 1,9969,0.0
Portfolio 1,9970,0.0
Portfolio 1,9971,0.0
Portfolio 1,9972,0.0
Portfolio 1,9973,0.0
Portfolio 1,9974,0.0
Portfolio 1,9975,0.0
Portfolio 1,9976,0.0
Portfolio 1,9977,5182259.577388579
Portfolio 1,9978,0.0
Portfolio 1,9979,5960573.837092887
Portfolio 1,9980,31365037.92759157
Portfolio 1,9981,0.0
Portfolio 1,9982,16481193.917053008
Portfolio 1,9983,0.0
Portfolio 1,9984,7384177.026644446
Portfolio 1,9985,14199271.723999074
Portfolio 1,9986,0.0
Portfolio 1,9987,5182259.577388579
Portfolio 1,9988,24162619.498136975
Portfolio 1,9989,0.0
Portfolio 1,9990,33170300.688623883
Portfolio 1,9991,0.0
Portfolio 1,9992,0.0
Portfolio 1,9993,0.0
Portfolio 1,9994,0.0
Portfolio 1,9995,0.0
Portfolio 1,9996,0.0
Portfolio 1,9997,23903902.399748396
Portfolio 1,9998,19664770.782789655
Portfolio 1,9999,0.0
Portfolio 1,10000,0.0
Portfolio 2,1,0.0
Portfolio 2,2,0.0
Portfolio 2,3,0.0
Portfolio 2,4,0.0
Portfolio 2,5,6578681.478572828
Portfolio 2,6,16127236.27299897
Portfolio 2,7,20959615.584664248
Portfolio 2,8,18423536.62888647
Portfolio 2,9,0.0
Portfolio 2,10,15115135.719909279
Portfolio 2,11,0.0
Portfolio 2,12,16039136.9337648
Portfolio 2,13,0.0
Portfolio 2,14,8367052.55026625
Portfolio 2,15,87093063.17734624
Portfolio 2,16,6394411.026348391
Portfolio 2,17,0.0
Portfolio 2,18,0.0
Portfolio 2,19,0.0
Portfolio 2,20,0.0
Portfolio 2,21,11013053.326687574
Portfolio 2,22,0.0
Portfolio 2,23,0.0
Portfolio 2,24,16039136.9337648
Portfolio 2,25,0.0
Portfolio 2,26,0.0
Portfolio 2,27,0.0
Portfolio 2,28,0.0
Portfolio 2,29,17134608.052963268
Portfolio 2,30,0.0
Portfolio 2,31,14249767.05145993
Portfolio 2,32,0.0
Portfolio 2,33,18763324.314525187
Portfolio 2,34,0.0
Portfolio 2,35,20440629.531703576
Portfolio 2,36,0.0
Portfolio 2,37,0.0
Portfolio 2,38,11204092.281538276
Portfolio 2,39,9755523.30312597
Portfolio 2,40,18423536.62888647
Portfolio 2,41,16622579.30751163
Portfolio 2,42,0.0
Portfolio 2,43,0.0
Portfolio 2,44,20463669.554133408
Portfolio 2,45,0.0
Portfolio 2,46,16622579.30751163
Portfolio 2,47,49428228.87832058
Portfolio 2,48,0.0
Portfolio 2,49,22895442.262287952
Portfolio 2,50,0.0
Portfolio 2,51,0.0
Portfolio 2,52,0.0
Portfolio 2,53,0.0
Portfolio 2,54,0.0
Portfolio 2,55,6578681.478572828
Portfolio 2,56,28534807.482043404
Portfolio 2,57,18423536.62888647
Portfolio 2,58,18226223.6516528
Portfolio 2,59,0.0
Portfolio 2,60,42664272.33610704
Portfolio 2,61,0.0
Portfolio 2,62,0.0
Portfolio 2,63,18423536.62888647
Portfolio 2,64,0.0
Portfolio 2,65,24494288.82326522
Portfolio 2,66,0.0
Portfolio 2,67,8083054.654213435
Portfolio 2,68,4645776.186764995
Portfolio 2,69,11213146.515989957
Portfolio 2,70,34265360.5854176
Portfolio 2,71,0.0
Portfolio 2,72,0.0
Portfolio 2,73,0.0
Portfolio 2,74,0.0
Portfolio 2,75,12357574.877490142
Portfolio 2,76,80874087.3608281
Portfolio 2,77,21844284.938245736
Portfolio 2,78,0.0
Portfolio 2,79,0.0
Portfolio 2,80,43187049.084800534
Portfolio 2,81,16501031.23593956
Portfolio 2,82,32755321.291734852
Portfolio 2,83,0.0
Portfolio 2,84,34917381.81307437
Portfolio 2,85,40503253.52644999
Portfolio 2,86,16254290.055795291
Portfolio 2,87,21272343.950680424
Portfolio 2,88,0.0
Portfolio 2,89,0.0
Portfolio 2,90,0.0
Portfolio 2,91,13189289.29646699
Portfolio 2,92,11204092.281538276
Portfolio 2,93,0.0
Portfolio 2,94,9755523.30312597
Portfolio 2,95,16254290.055795291
Portfolio 2,96,31108533.90036123
Portfolio 2,97,31303671.88289495
Portfolio 2,98,0.0
Portfolio 2,99,62750037.22461422
Portfolio 2,100,16501031.23593956
Portfolio 2,101,0.0
Portfolio 2,102,50001744.38893408
Portfolio 2,103,43633983.33756044
Portfolio 2,104,24880905.473715708
Portfolio 2,105,0.0
Portfolio 2,106,0.0
Portfolio 2,107,0.0
Portfolio 2,108,0.0
Portfolio 2,109,18763324.314525187
Portfolio 2,110,30314418.860553376
Portfolio 2,111,19287146.93575171
Portfolio 2,112,17134608.052963268
Portfolio 2,113,12357574.877490142
Portfolio 2,114,25002218.107459296
Portfolio 2,115,16501031.23593956
Portfolio 2,116,21892962.16562944
Portfolio 2,117,15201817.435149617
Portfolio 2,118,79615227.73558089
Portfolio 2,119,0.0
Portfolio 2,120,8083054.654213435
Portfolio 2,121,31152367.469864897
Portfolio 2,122,29863438.8939417
Portfolio 2,123,18763324.314525187
Portfolio 2,124,16039136.9337648
Portfolio 2,125,18763324.314525187
Portfolio 2,126,0.0
Portfolio 2,127,0.0
Portfolio 2,128,26128189.046596855
Portfolio 2,129,0.0
Portfolio 2,130,8083054.654213435
Portfolio 2,131,9755523.30312597
Portfolio 2,132,0.0
Portfolio 2,133,0.0
Portfolio 2,134,0.0
Portfolio 2,135,13189289.29646699
Portfolio 2,136,0.0
Portfolio 2,137,0.0
Portfolio 2,138,19845059.32740909
Portfolio 2,139,46128660.14636431
Portfolio 2,140,0.0
Portfolio 2,141,51437652.84954491
Portfolio 2,142,6578681.478572828
Portfolio 2,143,6498766.752669321
Portfolio 2,144,22217145.608225852
Portfolio 2,145,9755523.30312597
Portfolio 2,146,33425506.792296898
Portfolio 2,147,26309278.305866238
Portfolio 2,148,0.0
Portfolio 2,149,53414365.50297472
Portfolio 2,150,15345518.185576415
Portfolio 2,151,17134608.052963268
Portfolio 2,152,9289187.814006878
Portfolio 2,153,53220969.1052688
Portfolio 2,154,29811868.60397862
Portfolio 2,155,0.0
Portfolio 2,156,18763324.314525187
Portfolio 2,157,0.0
Portfolio 2,158,18423536.62888647
Portfolio 2,159,0.0
Portfolio 2,160,0.0
Portfolio 2,161,8083054.654213435
Portfolio 2,162,29631202.22868951
Portfolio 2,163,27514084.562627137
Portfolio 2,164,15345518.185576415
Portfolio 2,165,0.0
Portfolio 2,166,8083054.654213435
Portfolio 2,167,34848802.95916443
Portfolio 2,168,0.0
Portfolio 2,169,19988858.71067782
Portfolio 2,170,0.0
Portfolio 2,171,19988858.71067782
Portfolio 2,172,21700584.187818937
Portfolio 2,173,11013053.326687574
Portfolio 2,174,26558664.701566372
Portfolio 2,175,37391155.93732517
Portfolio 2,176,11204092.281538276
Portfolio 2,177,21780384.239728265
Portfolio 2,178,15817893.367368415
Portfolio 2,179,0.0
Portfolio 2,180,29811868.60397862
Portfolio 2,181,25806824.558163725
Portfolio 2,182,9289187.814006878
Portfolio 2,183,0.0
Portfolio 2,184,0.0
Portfolio 2,185,0.0
Portfolio 2,186,0.0
Portfolio 2,187,18751985.903838534
Portfolio 2,188,0.0
Portfolio 2,189,11204092.281538276
Portfolio 2,190,18751985.903838534
Portfolio 2,191,8083054.654213435
Portfolio 2,192,16127236.27299897
Portfolio 2,193,6498766.752669321
Portfolio 2,194,0.0
Portfolio 2,195,36116094.98367679
Portfolio 2,196,0.0
Portfolio 2,197,43156705.892530456
Portfolio 2,198,0.0
Portfolio 2,199,0.0
Portfolio 2,200,0.0
Portfolio 2,201,16622579.30751163
Portfolio 2,202,15345518.185576415
Portfolio 2,203,15817893.367368415
Portfolio 2,204,14581821.406882755
Portfolio 2,205,0.0
Portfolio 2,206,0.0
Portfolio 2,207,15115135.719909279
Portfolio 2,208,0.0
Portfolio 2,209,0.0
Portfolio 2,210,0.0
Portfolio 2,211,0.0
Portfolio 2,212,0.0
Portfolio 2,213,16501031.23593956
Portfolio 2,214,70652840.2560073
Portfolio 2,215,0.0
Portfolio 2,216,15817893.367368415
Portfolio 2,217,0.0
Portfolio 2,218,0.0
Portfolio 2,219,52715971.038576715
Portfolio 2,220,41617006.757875465
Portfolio 2,221,15817893.367368415
Portfolio 2,222,0.0
Portfolio 2,223,0.0
Portfolio 2,224,0.0
Portfolio 2,225,67560990.40641382
Portfolio 2,226,0.0
Portfolio 2,227,0.0
Portfolio 2,228,23761247.963226367
Portfolio 2,229,20724627.42775639
Portfolio 2,230,4645776.186764995
Portfolio 2,231,9755523.30312597
Portfolio 2,232,8367052.55026625
Portfolio 2,233,0.0
Portfolio 2,234,38050471.25027689
Portfolio 2,235,0.0
Portfolio 2,236,0.0
Portfolio 2,237,45250949.77787233
Portfolio 2,238,17134608.052963268
Portfolio 2,239,26846378.968738623
Portfolio 2,240,0.0
Portfolio 2,241,29690320.53240655
Portfolio 2,242,0.0
Portfolio 2,243,0.0
Portfolio 2,244,32993645.4297124
Portfolio 2,245,15201817.435149617
Portfolio 2,246,18763324.314525187
Portfolio 2,247,0.0
Portfolio 2,248,0.0
Portfolio 2,249,0.0
Portfolio 2,250,0.0
Portfolio 2,251,13449249.680673582
Portfolio 2,252,0.0
Portfolio 2,253,4645776.186764995
Portfolio 2,254,6426429.244889958
Portfolio 2,255,0.0
Portfolio 2,256,0.0
Portfolio 2,257,0.0
Portfolio 2,258,0.0
Portfolio 2,259,19096107.98090101
Portfolio 2,260,16039136.9337648
Portfolio 2,261,18751985.903838534
Portfolio 2,262,0.0
Portfolio 2,263,24494288.82326522
Portfolio 2,264,16622579.30751163
Portfolio 2,265,25416424.087005846
Portfolio 2,266,27705123.517477836
Portfolio 2,267,13449249.680673582
Portfolio 2,268,0.0
Portfolio 2,269,24620634.67800119
Portfolio 2,270,0.0
Portfolio 2,271,104286876.01172079
Portfolio 2,272,27635632.634199202
Portfolio 2,273,0.0
Portfolio 2,274,0.0
Portfolio 2,275,0.0
Portfolio 2,276,11013053.326687574
Portfolio 2,277,0.0
Portfolio 2,278,34890560.58752416
Portfolio 2,279,52201432.70587659
Portfolio 2,280,18423536.62888647
Portfolio 2,281,0.0
Portfolio 2,282,0.0
Portfolio 2,283,39819917.81864529
Portfolio 2,284,11204092.281538276
Portfolio 2,285,16127236.27299897
Portfolio 2,286,0.0
Portfolio 2,287,0.0
Portfolio 2,288,0.0
Portfolio 2,289,60336595.00371353
Portfolio 2,290,24922303.38155579
Portfolio 2,291,0.0
Portfolio 2,292,31824396.742661245
Portfolio 2,293,11213146.515989957
Portfolio 2,294,16039136.9337648
Portfolio 2,295,16127236.27299897
Portfolio 2,296,0.0
Portfolio 2,297,0.0
Portfolio 2,298,30781111.50637661
Portfolio 2,299,118037544.22626065
Portfolio 2,300,0.0
Portfolio 2,301,15201817.435149617
Portfolio 2,302,25217662.707176704
Portfolio 2,303,0.0
Portfolio 2,304,0.0
Portfolio 2,305,16127236.27299897
Portfolio 2,306,14049673.862157548
Portfolio 2,307,0.0
Portfolio 2,308,40813729.14652502
Portfolio 2,309,16039136.9337648
Portfolio 2,310,0.0
Portfolio 2,311,34353459.92465177
Portfolio 2,312,0.0
Portfolio 2,313,0.0
Portfolio 2,314,59256406.863610506
Portfolio 2,315,0.0
Portfolio 2,316,0.0
Portfolio 2,317,11204092.281538276
Portfolio 2,318,31326519.413643066
Portfolio 2,319,0.0
Portfolio 2,320,6426429.244889958
Portfolio 2,321,0.0
Portfolio 2,322,33123610.54345119
Portfolio 2,323,58756531.82621454
Portfolio 2,324,71739224.28976971
Portfolio 2,325,15115135.719909279
Portfolio 2,326,39686380.816009246
Portfolio 2,327,23900948.02158185
Portfolio 2,328,43331977.92999555
Portfolio 2,329,16127236.27299897
Portfolio 2,330,0.0
Portfolio 2,331,15201817.435149617
Portfolio 2,332,0.0
Portfolio 2,333,0.0
Portfolio 2,334,0.0
Portfolio 2,335,18226223.6516528
Portfolio 2,336,43181030.095422864
Portfolio 2,337,0.0
Portfolio 2,338,0.0
Portfolio 2,339,4645776.186764995
Portfolio 2,340,6578681.478572828
Portfolio 2,341,0.0
Portfolio 2,342,16622579.30751163
Portfolio 2,343,9289187.814006878
Portfolio 2,344,51948863.17702814
Portfolio 2,345,34581217.6818936
Portfolio 2,346,0.0
Portfolio 2,347,0.0
Portfolio 2,348,0.0
Portfolio 2,349,0.0
Portfolio 2,350,0.0
Portfolio 2,351,0.0
Portfolio 2,352,62720025.17910169
Portfolio 2,353,48154318.8554813
Portfolio 2,354,0.0
Portfolio 2,355,15115135.719909279
Portfolio 2,356,0.0
Portfolio 2,357,16127236.27299897
Portfolio 2,358,11144542.939434316
Portfolio 2,359,40844042.06399043
Portfolio 2,360,0.0
Portfolio 2,361,31972668.911351822
Portfolio 2,362,0.0
Portfolio 2,363,83168763.02373157
Portfolio 2,364,16254290.055795291
Portfolio 2,365,3036620.5354699735
Portfolio 2,366,0.0
Portfolio 2,367,3036620.5354699735
Portfolio 2,368,16127236.27299897
Portfolio 2,369,0.0
Portfolio 2,370,6394411.026348391
Portfolio 2,371,0.0
Portfolio 2,372,0.0
Portfolio 2,373,0.0
Portfolio 2,374,0.0
Portfolio 2,375,15817893.367368415
Portfolio 2,376,0.0
Portfolio 2,377,12357574.877490142
Portfolio 2,378,9289187.814006878
Portfolio 2,379,3036620.5354699735
Portfolio 2,380,17134608.052963268
Portfolio 2,381,8367052.55026625
Portfolio 2,382,24804905.13022563
Portfolio 2,383,0.0
Portfolio 2,384,0.0
Portfolio 2,385,0.0
Portfolio 2,386,0.0
Portfolio 2,387,89522715.59879698
Portfolio 2,388,11013053.326687574
Portfolio 2,389,11013053.326687574
Portfolio 2,390,31019710.802518032
Portfolio 2,391,29316525.569465958
Portfolio 2,392,25806824.558163725
Portfolio 2,393,0.0
Portfolio 2,394,85571146.60192111
Portfolio 2,395,0.0
Portfolio 2,396,0.0
Portfolio 2,397,56546406.50749239
Portfolio 2,398,0.0
Portfolio 2,399,16039136.9337648
Portfolio 2,400,33178148.00714481
Portfolio 2,401,11013053.326687574
Portfolio 2,402,0.0
Portfolio 2,403,0.0
Portfolio 2,404,16127236.27299897
Portfolio 2,405,16127236.27299897
Portfolio 2,406,0.0
Portfolio 2,407,0.0
Portfolio 2,408,6426429.244889958
Portfolio 2,409,0.0
Portfolio 2,410,16622579.30751163
Portfolio 2,411,28071913.364891257
Portfolio 2,412,0.0
Portfolio 2,413,11013053.326687574
Portfolio 2,414,0.0
Portfolio 2,415,29636683.144876428
Portfolio 2,416,0.0
Portfolio 2,417,28518847.617651157
Portfolio 2,418,0.0
Portfolio 2,419,0.0
Portfolio 2,420,67167727.5624724
Portfolio 2,421,0.0
Portfolio 2,422,0.0
Portfolio 2,423,0.0
Portfolio 2,424,6394411.026348391
Portfolio 2,425,8367052.55026625
Portfolio 2,426,18423536.62888647
Portfolio 2,427,70853699.94274542
Portfolio 2,428,11204092.281538276
Portfolio 2,429,6578681.478572828
Portfolio 2,430,0.0
Portfolio 2,431,23025479.246147797
Portfolio 2,432,87607692.13134012
Portfolio 2,433,0.0
Portfolio 2,434,33173744.98672807
Portfolio 2,435,0.0
Portfolio 2,436,35017614.37032048
Portfolio 2,437,0.0
Portfolio 2,438,0.0
Portfolio 2,439,0.0
Portfolio 2,440,29430315.933191076
Portfolio 2,441,0.0
Portfolio 2,442,0.0
Portfolio 2,443,43493179.565227255
Portfolio 2,444,16039136.9337648
Portfolio 2,445,38752183.025203004
Portfolio 2,446,11204092.281538276
Portfolio 2,447,27514084.562627137
Portfolio 2,448,15394195.412960116
Portfolio 2,449,0.0
Portfolio 2,450,0.0
Portfolio 2,451,32249743.772872545
Portfolio 2,452,31702848.67108918
Portfolio 2,453,31384042.884126272
Portfolio 2,454,0.0
Portfolio 2,455,9289187.814006878
Portfolio 2,456,27252283.44975476
Portfolio 2,457,8367052.55026625
Portfolio 2,458,11213146.515989957
Portfolio 2,459,37274043.69570352
Portfolio 2,460,0.0
Portfolio 2,461,0.0
Portfolio 2,462,0.0
Portfolio 2,463,0.0
Portfolio 2,464,36989547.966177985
Portfolio 2,465,0.0
Portfolio 2,466,0.0
Portfolio 2,467,16039136.9337648
Portfolio 2,468,6394411.026348391
Portfolio 2,469,0.0
Portfolio 2,470,36489889.94661738
Portfolio 2,471,39206204.62011659
Portfolio 2,472,0.0
Portfolio 2,473,0.0
Portfolio 2,474,27703093.063066557
Portfolio 2,475,0.0
Portfolio 2,476,87561666.82213444
Portfolio 2,477,13449249.680673582
Portfolio 2,478,72272597.53711945
Portfolio 2,479,8367052.55026625
Portfolio 2,480,0.0
Portfolio 2,481,0.0
Portfolio 2,482,0.0
Portfolio 2,483,0.0
Portfolio 2,484,0.0
Portfolio 2,485,8367052.55026625
Portfolio 2,486,17134608.052963268
Portfolio 2,487,0.0
Portfolio 2,488,18226223.6516528
Portfolio 2,489,18226223.6516528
Portfolio 2,490,0.0
Portfolio 2,491,0.0
Portfolio 2,492,15394195.412960116
Portfolio 2,493,18423536.62888647
Portfolio 2,494,13189289.29646699
Portfolio 2,495,0.0
Portfolio 2,496,6394411.026348391
Portfolio 2,497,0.0
Portfolio 2,498,19988858.71067782
Portfolio 2,499,4645776.186764995
Portfolio 2,500,0.0
Portfolio 2,501,32481502.01026658
Portfolio 2,502,13189289.29646699
Portfolio 2,503,9755523.30312597
Portfolio 2,504,18151756.255379252
Portfolio 2,505,13449249.680673582
Portfolio 2,506,36067068.09301121
Portfolio 2,507,43025954.729694
Portfolio 2,508,18763324.314525187
Portfolio 2,509,26638538.977140572
Portfolio 2,510,15817893.367368415
Portfolio 2,511,48639925.82650103
Portfolio 2,512,13449249.680673582
Portfolio 2,513,26378102.610637598
Portfolio 2,514,9615302.014042802
Portfolio 2,515,0.0
Portfolio 2,516,0.0
Portfolio 2,517,16127236.27299897
Portfolio 2,518,0.0
Portfolio 2,519,25573416.670494385
Portfolio 2,520,4645776.186764995
Portfolio 2,521,0.0
Portfolio 2,522,0.0
Portfolio 2,523,18226223.6516528
Portfolio 2,524,0.0
Portfolio 2,525,15817893.367368415
Portfolio 2,526,0.0
Portfolio 2,527,0.0
Portfolio 2,528,0.0
Portfolio 2,529,0.0
Portfolio 2,530,0.0
Portfolio 2,531,0.0
Portfolio 2,532,34241429.99625488
Portfolio 2,533,0.0
Portfolio 2,534,0.0
Portfolio 2,535,11213146.515989957
Portfolio 2,536,0.0
Portfolio 2,537,16127236.27299897
Portfolio 2,538,20773012.459763967
Portfolio 2,539,0.0
Portfolio 2,540,0.0
Portfolio 2,541,9755523.30312597
Portfolio 2,542,13449249.680673582
Portfolio 2,543,3036620.5354699735
Portfolio 2,544,44398202.65206589
Portfolio 2,545,0.0
Portfolio 2,546,16039136.9337648
Portfolio 2,547,6578681.478572828
Portfolio 2,548,0.0
Portfolio 2,549,41503484.781227335
Portfolio 2,550,0.0
Portfolio 2,551,6426429.244889958
Portfolio 2,552,0.0
Portfolio 2,553,0.0
Portfolio 2,554,13449249.680673582
Portfolio 2,555,0.0
Portfolio 2,556,29967416.596063465
Portfolio 2,557,0.0
Portfolio 2,558,0.0
Portfolio 2,559,33425506.792296898
Portfolio 2,560,0.0
Portfolio 2,561,0.0
Portfolio 2,562,65207110.72453029
Portfolio 2,563,19988858.71067782
Portfolio 2,564,55037760.17867421
Portfolio 2,565,18763324.314525187
Portfolio 2,566,18226223.6516528
Portfolio 2,567,115322078.0387729
Portfolio 2,568,15817893.367368415
Portfolio 2,569,21593694.166992486
Portfolio 2,570,33630871.739025205
Portfolio 2,571,0.0
Portfolio 2,572,19296201.17020339
Portfolio 2,573,37691717.74488542
Portfolio 2,574,15115135.719909279
Portfolio 2,575,6498766.752669321
Portfolio 2,576,4645776.186764995
Portfolio 2,577,0.0
Portfolio 2,578,0.0
Portfolio 2,579,8367052.55026625
Portfolio 2,580,0.0
Portfolio 2,581,0.0
Portfolio 2,582,42454100.88490438
Portfolio 2,583,0.0
Portfolio 2,584,0.0
Portfolio 2,585,0.0
Portfolio 2,586,11213146.515989957
Portfolio 2,587,0.0
Portfolio 2,588,0.0
Portfolio 2,589,0.0
Portfolio 2,590,11204092.281538276
Portfolio 2,591,0.0
Portfolio 2,592,40006607.89138107
Portfolio 2,593,8083054.654213435
Portfolio 2,594,35654855.47512175
Portfolio 2,595,0.0
Portfolio 2,596,0.0
Portfolio 2,597,8083054.654213435
Portfolio 2,598,16039136.9337648
Portfolio 2,599,43144737.620668605
Portfolio 2,600,16622579.30751163
Portfolio 2,601,0.0
Portfolio 2,602,13449249.680673582
Portfolio 2,603,0.0
Portfolio 2,604,0.0
Portfolio 2,605,40905354.769855715
Portfolio 2,606,0.0
Portfolio 2,607,12357574.877490142
Portfolio 2,608,77521166.74587928
Portfolio 2,609,101699586.51585339
Portfolio 2,610,15199283.140644096
Portfolio 2,611,37867165.48492378
Portfolio 2,612,51145567.02601549
Portfolio 2,613,0.0
Portfolio 2,614,0.0
Portfolio 2,615,15658829.513452569
Portfolio 2,616,23409100.50129018
Portfolio 2,617,0.0
Portfolio 2,618,18226223.6516528
Portfolio 2,619,17407464.353035964
Portfolio 2,620,0.0
Portfolio 2,621,0.0
Portfolio 2,622,55413084.595064454
Portfolio 2,623,17134608.052963268
Portfolio 2,624,0.0
Portfolio 2,625,0.0
Portfolio 2,626,15115135.719909279
Portfolio 2,627,34275040.60987887
Portfolio 2,628,35558144.68184973
Portfolio 2,629,9755523.30312597
Portfolio 2,630,18763324.314525187
Portfolio 2,631,9289187.814006878
Portfolio 2,632,0.0
Portfolio 2,633,16039136.9337648
Portfolio 2,634,31019710.802518032
Portfolio 2,635,34085146.35440776
Portfolio 2,636,11213146.515989957
Portfolio 2,637,0.0
Portfolio 2,638,0.0
Portfolio 2,639,0.0
Portfolio 2,640,32249743.772872545
Portfolio 2,641,0.0
Portfolio 2,642,8083054.654213435
Portfolio 2,643,33097054.447167713
Portfolio 2,644,6498766.752669321
Portfolio 2,645,6578681.478572828
Portfolio 2,646,0.0
Portfolio 2,647,0.0
Portfolio 2,648,0.0
Portfolio 2,649,0.0
Portfolio 2,650,0.0
Portfolio 2,651,21596228.461498007
Portfolio 2,652,16622579.30751163
Portfolio 2,653,34462673.56265127
Portfolio 2,654,34989234.14646215
Portfolio 2,655,0.0
Portfolio 2,656,0.0
Portfolio 2,657,0.0
Portfolio 2,658,0.0
Portfolio 2,659,18423536.62888647
Portfolio 2,660,0.0
Portfolio 2,661,8083054.654213435
Portfolio 2,662,16039136.9337648
Portfolio 2,663,9755523.30312597
Portfolio 2,664,43041287.54779413
Portfolio 2,665,26549610.46711469
Portfolio 2,666,0.0
Portfolio 2,667,0.0
Portfolio 2,668,0.0
Portfolio 2,669,45594271.00858118
Portfolio 2,670,6426429.244889958
Portfolio 2,671,37963336.59791404
Portfolio 2,672,37659540.60788599
Portfolio 2,673,37162480.00771578
Portfolio 2,674,0.0
Portfolio 2,675,6498766.752669321
Portfolio 2,676,0.0
Portfolio 2,677,0.0
Portfolio 2,678,0.0
Portfolio 2,679,0.0
Portfolio 2,680,0.0
Portfolio 2,681,32440472.674880043
Portfolio 2,682,18423536.62888647
Portfolio 2,683,0.0
Portfolio 2,684,0.0
Portfolio 2,685,59926751.74712829
Portfolio 2,686,38215082.36233062
Portfolio 2,687,9755523.30312597
Portfolio 2,688,0.0
Portfolio 2,689,0.0
Portfolio 2,690,0.0
Portfolio 2,691,0.0
Portfolio 2,692,11013053.326687574
Portfolio 2,693,51813255.45333907
Portfolio 2,694,18763324.314525187
Portfolio 2,695,0.0
Portfolio 2,696,97131285.0398289
Portfolio 2,697,6498766.752669321
Portfolio 2,698,15199283.140644096
Portfolio 2,699,0.0
Portfolio 2,700,15394195.412960116
Portfolio 2,701,27021985.648906693
Portfolio 2,702,8083054.654213435
Portfolio 2,703,18763324.314525187
Portfolio 2,704,29267143.048042
Portfolio 2,705,44890768.21779178
Portfolio 2,706,0.0
Portfolio 2,707,24122191.587978236
Portfolio 2,708,0.0
Portfolio 2,709,0.0
Portfolio 2,710,0.0
Portfolio 2,711,15115135.719909279
Portfolio 2,712,0.0
Portfolio 2,713,11213146.515989957
Portfolio 2,714,21532304.334887017
Portfolio 2,715,0.0
Portfolio 2,716,9755523.30312597
Portfolio 2,717,0.0
Portfolio 2,718,0.0
Portfolio 2,719,52301251.519990675
Portfolio 2,720,16622579.30751163
Portfolio 2,721,0.0
Portfolio 2,722,18763324.314525187
Portfolio 2,723,11204092.281538276
Portfolio 2,724,0.0
Portfolio 2,725,17439482.571577534
Portfolio 2,726,0.0
Portfolio 2,727,31952613.61099218
Portfolio 2,728,37123466.76364109
Portfolio 2,729,15817893.367368415
Portfolio 2,730,24724990.404322125
Portfolio 2,731,35675449.52335112
Portfolio 2,732,0.0
Portfolio 2,733,0.0
Portfolio 2,734,18751985.903838534
Portfolio 2,735,6426429.244889958
Portfolio 2,736,0.0
Portfolio 2,737,6578681.478572828
Portfolio 2,738,11013053.326687574
Portfolio 2,739,16622579.30751163
Portfolio 2,740,0.0
Portfolio 2,741,0.0
Portfolio 2,742,18226223.6516528
Portfolio 2,743,0.0
Portfolio 2,744,34727254.88759236
Portfolio 2,745,23069312.81565146
Portfolio 2,746,0.0
Portfolio 2,747,18763324.314525187
Portfolio 2,748,21799944.84999516
Portfolio 2,749,0.0
Portfolio 2,750,8367052.55026625
Portfolio 2,751,0.0
Portfolio 2,752,0.0
Portfolio 2,753,111812124.18606643
Portfolio 2,754,11013053.326687574
Portfolio 2,755,6394411.026348391
Portfolio 2,756,26309278.305866238
Portfolio 2,757,38111592.67802278
Portfolio 2,758,0.0
Portfolio 2,759,0.0
Portfolio 2,760,0.0
Portfolio 2,761,0.0
Portfolio 2,762,0.0
Portfolio 2,763,13189289.29646699
Portfolio 2,764,59204409.39816887
Portfolio 2,765,9755523.30312597
Portfolio 2,766,9755523.30312597
Portfolio 2,767,0.0
Portfolio 2,768,15201817.435149617
Portfolio 2,769,0.0
Portfolio 2,770,27556858.018134236
Portfolio 2,771,16501031.23593956
Portfolio 2,772,15345518.185576415
Portfolio 2,773,0.0
Portfolio 2,774,8367052.55026625
Portfolio 2,775,0.0
Portfolio 2,776,0.0
Portfolio 2,777,18226223.6516528
Portfolio 2,778,15201817.435149617
Portfolio 2,779,0.0
Portfolio 2,780,54719388.96751585
Portfolio 2,781,0.0
Portfolio 2,782,0.0
Portfolio 2,783,31702848.67108918
Portfolio 2,784,24406189.48403105
Portfolio 2,785,0.0
Portfolio 2,786,0.0
Portfolio 2,787,0.0
Portfolio 2,788,18423536.62888647
Portfolio 2,789,0.0
Portfolio 2,790,0.0
Portfolio 2,791,21777964.619216923
Portfolio 2,792,15345518.185576415
Portfolio 2,793,0.0
Portfolio 2,794,0.0
Portfolio 2,795,0.0
Portfolio 2,796,11013053.326687574
Portfolio 2,797,21095883.39124468
Portfolio 2,798,6394411.026348391
Portfolio 2,799,36718308.375778645
Portfolio 2,800,9755523.30312597
Portfolio 2,801,6426429.244889958
Portfolio 2,802,0.0
Portfolio 2,803,6498766.752669321
Portfolio 2,804,15199283.140644096
Portfolio 2,805,0.0
Portfolio 2,806,17003351.064255137
Portfolio 2,807,0.0
Portfolio 2,808,0.0
Portfolio 2,809,11213146.515989957
Portfolio 2,810,4645776.186764995
Portfolio 2,811,0.0
Portfolio 2,812,0.0
Portfolio 2,813,18423536.62888647
Portfolio 2,814,0.0
Portfolio 2,815,0.0
Portfolio 2,816,22537903.68643412
Portfolio 2,817,53860824.220889
Portfolio 2,818,0.0
Portfolio 2,819,29439995.957652345
Portfolio 2,820,19988858.71067782
Portfolio 2,821,0.0
Portfolio 2,822,0.0
Portfolio 2,823,13189289.29646699
Portfolio 2,824,37914279.70078912
Portfolio 2,825,13189289.29646699
Portfolio 2,826,3036620.5354699735
Portfolio 2,827,15658829.513452569
Portfolio 2,828,21780384.239728265
Portfolio 2,829,0.0
Portfolio 2,830,18226223.6516528
Portfolio 2,831,21596228.461498007
Portfolio 2,832,0.0
Portfolio 2,833,35190577.512985505
Portfolio 2,834,0.0
Portfolio 2,835,15345518.185576415
Portfolio 2,836,36116094.98367679
Portfolio 2,837,0.0
Portfolio 2,838,0.0
Portfolio 2,839,8083054.654213435
Portfolio 2,840,79213006.73947518
Portfolio 2,841,18423536.62888647
Portfolio 2,842,11204092.281538276
Portfolio 2,843,4645776.186764995
Portfolio 2,844,41437164.462198526
Portfolio 2,845,0.0
Portfolio 2,846,0.0
Portfolio 2,847,6426429.244889958
Portfolio 2,848,24593792.620107897
Portfolio 2,849,41968097.29832474
Portfolio 2,850,0.0
Portfolio 2,851,0.0
Portfolio 2,852,3036620.5354699735
Portfolio 2,853,19988858.71067782
Portfolio 2,854,6426429.244889958
Portfolio 2,855,18423536.62888647
Portfolio 2,856,0.0
Portfolio 2,857,0.0
Portfolio 2,858,18423536.62888647
Portfolio 2,859,17134608.052963268
Portfolio 2,860,0.0
Portfolio 2,861,11013053.326687574
Portfolio 2,862,0.0
Portfolio 2,863,24393381.578005265
Portfolio 2,864,29776377.64121276
Portfolio 2,865,56912139.96953609
Portfolio 2,866,0.0
Portfolio 2,867,4645776.186764995
Portfolio 2,868,48783766.9599363
Portfolio 2,869,44063371.62785006
Portfolio 2,870,8367052.55026625
Portfolio 2,871,39508517.29791454
Portfolio 2,872,0.0
Portfolio 2,873,0.0
Portfolio 2,874,0.0
Portfolio 2,875,34727254.88759236
Portfolio 2,876,49796324.2942397
Portfolio 2,877,9755523.30312597
Portfolio 2,878,0.0
Portfolio 2,879,16039136.9337648
Portfolio 2,880,0.0
Portfolio 2,881,0.0
Portfolio 2,882,28355911.260944072
Portfolio 2,883,28147661.379650842
Portfolio 2,884,0.0
Portfolio 2,885,0.0
Portfolio 2,886,11013053.326687574
Portfolio 2,887,0.0
Portfolio 2,888,0.0
Portfolio 2,889,18423536.62888647
Portfolio 2,890,15201817.435149617
Portfolio 2,891,6578681.478572828
Portfolio 2,892,15817893.367368415
Portfolio 2,893,67888671.18331285
Portfolio 2,894,38916239.57905652
Portfolio 2,895,0.0
Portfolio 2,896,24868083.78620581
Portfolio 2,897,33878460.03443447
Portfolio 2,898,21739929.211924806
Portfolio 2,899,0.0
Portfolio 2,900,0.0
Portfolio 2,901,0.0
Portfolio 2,902,26567540.189250648
Portfolio 2,903,0.0
Portfolio 2,904,0.0
Portfolio 2,905,0.0
Portfolio 2,906,0.0
Portfolio 2,907,40319666.16125843
Portfolio 2,908,27363080.84546432
Portfolio 2,909,14865819.30293557
Portfolio 2,910,6578681.478572828
Portfolio 2,911,18763324.314525187
Portfolio 2,912,0.0
Portfolio 2,913,0.0
Portfolio 2,914,15817893.367368415
Portfolio 2,915,0.0
Portfolio 2,916,9289187.814006878
Portfolio 2,917,38059948.31950224
Portfolio 2,918,0.0
Portfolio 2,919,69275782.83441398
Portfolio 2,920,0.0
Portfolio 2,921,36649760.280539274
Portfolio 2,922,0.0
Portfolio 2,923,15115135.719909279
Portfolio 2,924,0.0
Portfolio 2,925,18763324.314525187
Portfolio 2,926,0.0
Portfolio 2,927,71134933.38702407
Portfolio 2,928,0.0
Portfolio 2,929,16127236.27299897
Portfolio 2,930,0.0
Portfolio 2,931,0.0
Portfolio 2,932,0.0
Portfolio 2,933,11213146.515989957
Portfolio 2,934,11213146.515989957
Portfolio 2,935,8367052.55026625
Portfolio 2,936,6578681.478572828
Portfolio 2,937,6498766.752669321
Portfolio 2,938,16622579.30751163
Portfolio 2,939,0.0
Portfolio 2,940,18763324.314525187
Portfolio 2,941,34044117.01902121
Portfolio 2,942,4645776.186764995
Portfolio 2,943,0.0
Portfolio 2,944,27140289.599686544
Portfolio 2,945,27243229.21530308
Portfolio 2,946,56942370.04140694
Portfolio 2,947,21693817.198482107
Portfolio 2,948,50742461.232194446
Portfolio 2,949,0.0
Portfolio 2,950,0.0
Portfolio 2,951,0.0
Portfolio 2,952,15115135.719909279
Portfolio 2,953,0.0
Portfolio 2,954,0.0
Portfolio 2,955,11013053.326687574
Portfolio 2,956,6498766.752669321
Portfolio 2,957,11013053.326687574
Portfolio 2,958,15201817.435149617
Portfolio 2,959,6498766.752669321
Portfolio 2,960,0.0
Portfolio 2,961,6426429.244889958
Portfolio 2,962,0.0
Portfolio 2,963,0.0
Portfolio 2,964,0.0
Portfolio 2,965,97287324.32118149
Portfolio 2,966,0.0
Portfolio 2,967,0.0
Portfolio 2,968,4645776.186764995
Portfolio 2,969,16622579.30751163
Portfolio 2,970,0.0
Portfolio 2,971,16127236.27299897
Portfolio 2,972,0.0
Portfolio 2,973,16622579.30751163
Portfolio 2,974,95774734.16250761
Portfolio 2,975,0.0
Portfolio 2,976,0.0
Portfolio 2,977,0.0
Portfolio 2,978,0.0
Portfolio 2,979,0.0
Portfolio 2,980,0.0
Portfolio 2,981,23016990.33386002
Portfolio 2,982,126547911.6838261
Portfolio 2,983,0.0
Portfolio 2,984,0.0
Portfolio 2,985,0.0
Portfolio 2,986,0.0
Portfolio 2,987,15115135.719909279
Portfolio 2,988,0.0
Portfolio 2,989,15115135.719909279
Portfolio 2,990,0.0
Portfolio 2,991,29967416.596063465
Portfolio 2,992,6578681.478572828
Portfolio 2,993,0.0
Portfolio 2,994,33622819.769530565
Portfolio 2,995,0.0
Portfolio 2,996,6498766.752669321
Portfolio 2,997,0.0
Portfolio 2,998,0.0
Portfolio 2,999,31163411.55294483
Portfolio 2,1000,0.0
Portfolio 2,1001,38752183.025203004
Portfolio 2,1002,6498766.752669321
Portfolio 2,1003,4645776.186764995
Portfolio 2,1004,0.0
Portfolio 2,1005,0.0
Portfolio 2,1006,21816302.23093983
Portfolio 2,1007,0.0
Portfolio 2,1008,8083054.654213435
Portfolio 2,1009,11013053.326687574
Portfolio 2,1010,19044711.11713285
Portfolio 2,1011,0.0
Portfolio 2,1012,0.0
Portfolio 2,1013,17134608.052963268
Portfolio 2,1014,34550772.901885435
Portfolio 2,1015,39577438.72727044
Portfolio 2,1016,27021985.648906693
Portfolio 2,1017,0.0
Portfolio 2,1018,15199283.140644096
Portfolio 2,1019,0.0
Portfolio 2,1020,6394411.026348391
Portfolio 2,1021,0.0
Portfolio 2,1022,0.0
Portfolio 2,1023,32346433.588167965
Portfolio 2,1024,0.0
Portfolio 2,1025,0.0
Portfolio 2,1026,0.0
Portfolio 2,1027,0.0
Portfolio 2,1028,6498766.752669321
Portfolio 2,1029,45708614.27351349
Portfolio 2,1030,0.0
Portfolio 2,1031,0.0
Portfolio 2,1032,13189289.29646699
Portfolio 2,1033,19988858.71067782
Portfolio 2,1034,30460653.905485693
Portfolio 2,1035,39285059.88088121
Portfolio 2,1036,11013053.326687574
Portfolio 2,1037,0.0
Portfolio 2,1038,6394411.026348391
Portfolio 2,1039,0.0
Portfolio 2,1040,0.0
Portfolio 2,1041,0.0
Portfolio 2,1042,28518847.617651157
Portfolio 2,1043,15345518.185576415
Portfolio 2,1044,0.0
Portfolio 2,1045,0.0
Portfolio 2,1046,59594572.88013223
Portfolio 2,1047,0.0
Portfolio 2,1048,11204092.281538276
Portfolio 2,1049,16501031.23593956
Portfolio 2,1050,0.0
Portfolio 2,1051,22626003.025668293
Portfolio 2,1052,0.0
Portfolio 2,1053,34462673.56265127
Portfolio 2,1054,0.0
Portfolio 2,1055,25614446.005880922
Portfolio 2,1056,0.0
Portfolio 2,1057,57854751.36057
Portfolio 2,1058,0.0
Portfolio 2,1059,0.0
Portfolio 2,1060,33625354.064036086
Portfolio 2,1061,109754486.0042754
Portfolio 2,1062,0.0
Portfolio 2,1063,0.0
Portfolio 2,1064,48500577.98846257
Portfolio 2,1065,16501031.23593956
Portfolio 2,1066,0.0
Portfolio 2,1067,18763324.314525187
Portfolio 2,1068,0.0
Portfolio 2,1069,13189289.29646699
Portfolio 2,1070,36027995.64444262
Portfolio 2,1071,0.0
Portfolio 2,1072,29627628.910424747
Portfolio 2,1073,0.0
Portfolio 2,1074,24462303.00736116
Portfolio 2,1075,18423536.62888647
Portfolio 2,1076,34353459.92465177
Portfolio 2,1077,0.0
Portfolio 2,1078,48607436.160731226
Portfolio 2,1079,19096107.98090101
Portfolio 2,1080,27703093.063066557
Portfolio 2,1081,30863292.124519877
Portfolio 2,1082,0.0
Portfolio 2,1083,0.0
Portfolio 2,1084,0.0
Portfolio 2,1085,17134608.052963268
Portfolio 2,1086,0.0
Portfolio 2,1087,32528803.465923384
Portfolio 2,1088,39777531.91657282
Portfolio 2,1089,0.0
Portfolio 2,1090,0.0
Portfolio 2,1091,0.0
Portfolio 2,1092,0.0
Portfolio 2,1093,6578681.478572828
Portfolio 2,1094,18423536.62888647
Portfolio 2,1095,47542749.22111876
Portfolio 2,1096,0.0
Portfolio 2,1097,0.0
Portfolio 2,1098,33625354.064036086
Portfolio 2,1099,16127236.27299897
Portfolio 2,1100,6426429.244889958
Portfolio 2,1101,0.0
Portfolio 2,1102,0.0
Portfolio 2,1103,3036620.5354699735
Portfolio 2,1104,18763324.314525187
Portfolio 2,1105,8083054.654213435
Portfolio 2,1106,0.0
Portfolio 2,1107,0.0
Portfolio 2,1108,0.0
Portfolio 2,1109,12357574.877490142
Portfolio 2,1110,18226223.6516528
Portfolio 2,1111,51664332.04300421
Portfolio 2,1112,0.0
Portfolio 2,1113,50963704.79859083
Portfolio 2,1114,0.0
Portfolio 2,1115,33635639.28890283
Portfolio 2,1116,0.0
Portfolio 2,1117,4645776.186764995
Portfolio 2,1118,0.0
Portfolio 2,1119,0.0
Portfolio 2,1120,0.0
Portfolio 2,1121,0.0
Portfolio 2,1122,13449249.680673582
Portfolio 2,1123,0.0
Portfolio 2,1124,0.0
Portfolio 2,1125,0.0
Portfolio 2,1126,16039136.9337648
Portfolio 2,1127,40688552.390403666
Portfolio 2,1128,0.0
Portfolio 2,1129,26890131.356089238
Portfolio 2,1130,40855568.29119942
Portfolio 2,1131,15345518.185576415
Portfolio 2,1132,8083054.654213435
Portfolio 2,1133,11213146.515989957
Portfolio 2,1134,0.0
Portfolio 2,1135,22626003.025668293
Portfolio 2,1136,18763324.314525187
Portfolio 2,1137,46134846.52242731
Portfolio 2,1138,0.0
Portfolio 2,1139,16334204.781698797
Portfolio 2,1140,16501031.23593956
Portfolio 2,1141,0.0
Portfolio 2,1142,36421754.98871498
Portfolio 2,1143,0.0
Portfolio 2,1144,0.0
Portfolio 2,1145,0.0
Portfolio 2,1146,0.0
Portfolio 2,1147,16039136.9337648
Portfolio 2,1148,0.0
Portfolio 2,1149,27243229.21530308
Portfolio 2,1150,17134608.052963268
Portfolio 2,1151,45763919.417875394
Portfolio 2,1152,0.0
Portfolio 2,1153,0.0
Portfolio 2,1154,6394411.026348391
Portfolio 2,1155,8083054.654213435
Portfolio 2,1156,4645776.186764995
Portfolio 2,1157,16622579.30751163
Portfolio 2,1158,0.0
Portfolio 2,1159,0.0
Portfolio 2,1160,0.0
Portfolio 2,1161,15199283.140644096
Portfolio 2,1162,36061289.13488479
Portfolio 2,1163,13189289.29646699
Portfolio 2,1164,27031039.883358374
Portfolio 2,1165,44852087.979532875
Portfolio 2,1166,0.0
Portfolio 2,1167,42915995.18707914
Portfolio 2,1168,0.0
Portfolio 2,1169,0.0
Portfolio 2,1170,11213146.515989957
Portfolio 2,1171,17607557.54233835
Portfolio 2,1172,0.0
Portfolio 2,1173,18763324.314525187
Portfolio 2,1174,0.0
Portfolio 2,1175,0.0
Portfolio 2,1176,13189289.29646699
Portfolio 2,1177,0.0
Portfolio 2,1178,16039136.9337648
Portfolio 2,1179,0.0
Portfolio 2,1180,0.0
Portfolio 2,1181,16501031.23593956
Portfolio 2,1182,9755523.30312597
Portfolio 2,1183,0.0
Portfolio 2,1184,0.0
Portfolio 2,1185,3036620.5354699735
Portfolio 2,1186,0.0
Portfolio 2,1187,54889781.098168924
Portfolio 2,1188,30611332.04491791
Portfolio 2,1189,35845824.52661483
Portfolio 2,1190,0.0
Portfolio 2,1191,28564385.40058286
Portfolio 2,1192,15199283.140644096
Portfolio 2,1193,0.0
Portfolio 2,1194,17134608.052963268
Portfolio 2,1195,16622579.30751163
Portfolio 2,1196,0.0
Portfolio 2,1197,13189289.29646699
Portfolio 2,1198,0.0
Portfolio 2,1199,0.0
Portfolio 2,1200,60040124.854534715
Portfolio 2,1201,12357574.877490142
Portfolio 2,1202,28110985.813459843
Portfolio 2,1203,0.0
Portfolio 2,1204,0.0
Portfolio 2,1205,15817893.367368415
Portfolio 2,1206,0.0
Portfolio 2,1207,0.0
Portfolio 2,1208,0.0
Portfolio 2,1209,0.0
Portfolio 2,1210,31872786.309560053
Portfolio 2,1211,0.0
Portfolio 2,1212,0.0
Portfolio 2,1213,0.0
Portfolio 2,1214,0.0
Portfolio 2,1215,0.0
Portfolio 2,1216,11013053.326687574
Portfolio 2,1217,51849043.42118336
Portfolio 2,1218,0.0
Portfolio 2,1219,0.0
Portfolio 2,1220,0.0
Portfolio 2,1221,32661716.241276428
Portfolio 2,1222,0.0
Portfolio 2,1223,0.0
Portfolio 2,1224,0.0
Portfolio 2,1225,15115135.719909279
Portfolio 2,1226,28147661.379650842
Portfolio 2,1227,0.0
Portfolio 2,1228,8367052.55026625
Portfolio 2,1229,28071913.364891257
Portfolio 2,1230,34462673.56265127
Portfolio 2,1231,3036620.5354699735
Portfolio 2,1232,18423536.62888647
Portfolio 2,1233,9755523.30312597
Portfolio 2,1234,15345518.185576415
Portfolio 2,1235,6426429.244889958
Portfolio 2,1236,0.0
Portfolio 2,1237,0.0
Portfolio 2,1238,0.0
Portfolio 2,1239,0.0
Portfolio 2,1240,0.0
Portfolio 2,1241,0.0
Portfolio 2,1242,0.0
Portfolio 2,1243,19991294.37234141
Portfolio 2,1244,0.0
Portfolio 2,1245,55594946.04655363
Portfolio 2,1246,0.0
Portfolio 2,1247,16127236.27299897
Portfolio 2,1248,0.0
Portfolio 2,1249,0.0
Portfolio 2,1250,0.0
Portfolio 2,1251,12357574.877490142
Portfolio 2,1252,0.0
Portfolio 2,1253,11013053.326687574
Portfolio 2,1254,0.0
Portfolio 2,1255,11213146.515989957
Portfolio 2,1256,12357574.877490142
Portfolio 2,1257,32318924.603307977
Portfolio 2,1258,0.0
Portfolio 2,1259,0.0
Portfolio 2,1260,16485870.216143556
Portfolio 2,1261,0.0
Portfolio 2,1262,0.0
Portfolio 2,1263,15199283.140644096
Portfolio 2,1264,44829446.345574364
Portfolio 2,1265,15817893.367368415
Portfolio 2,1266,11144542.939434316
Portfolio 2,1267,0.0
Portfolio 2,1268,34108842.5001016
Portfolio 2,1269,0.0
Portfolio 2,1270,0.0
Portfolio 2,1271,15817893.367368415
Portfolio 2,1272,0.0
Portfolio 2,1273,0.0
Portfolio 2,1274,18423536.62888647
Portfolio 2,1275,0.0
Portfolio 2,1276,3036620.5354699735
Portfolio 2,1277,72752724.33290263
Portfolio 2,1278,31238420.074408896
Portfolio 2,1279,0.0
Portfolio 2,1280,0.0
Portfolio 2,1281,40961440.31532059
Portfolio 2,1282,0.0
Portfolio 2,1283,0.0
Portfolio 2,1284,13189289.29646699
Portfolio 2,1285,0.0
Portfolio 2,1286,31952613.61099218
Portfolio 2,1287,48237448.05538597
Portfolio 2,1288,4645776.186764995
Portfolio 2,1289,0.0
Portfolio 2,1290,0.0
Portfolio 2,1291,18226223.6516528
Portfolio 2,1292,0.0
Portfolio 2,1293,0.0
Portfolio 2,1294,0.0
Portfolio 2,1295,34108842.5001016
Portfolio 2,1296,48453644.84693174
Portfolio 2,1297,15394195.412960116
Portfolio 2,1298,11213146.515989957
Portfolio 2,1299,0.0
Portfolio 2,1300,0.0
Portfolio 2,1301,0.0
Portfolio 2,1302,32904676.469357215
Portfolio 2,1303,9463049.780359931
Portfolio 2,1304,31238420.074408896
Portfolio 2,1305,6498766.752669321
Portfolio 2,1306,30460653.905485693
Portfolio 2,1307,15199283.140644096
Portfolio 2,1308,18763324.314525187
Portfolio 2,1309,0.0
Portfolio 2,1310,0.0
Portfolio 2,1311,0.0
Portfolio 2,1312,15345518.185576415
Portfolio 2,1313,16622579.30751163
Portfolio 2,1314,0.0
Portfolio 2,1315,19988858.71067782
Portfolio 2,1316,45478507.10140756
Portfolio 2,1317,19659199.842981603
Portfolio 2,1318,12973092.504921218
Portfolio 2,1319,37186860.943411656
Portfolio 2,1320,4645776.186764995
Portfolio 2,1321,11213146.515989957
Portfolio 2,1322,0.0
Portfolio 2,1323,15345518.185576415
Portfolio 2,1324,38999236.11141677
Portfolio 2,1325,0.0
Portfolio 2,1326,0.0
Portfolio 2,1327,0.0
Portfolio 2,1328,14793481.795156207
Portfolio 2,1329,14945734.028839078
Portfolio 2,1330,0.0
Portfolio 2,1331,0.0
Portfolio 2,1332,0.0
Portfolio 2,1333,0.0
Portfolio 2,1334,16622579.30751163
Portfolio 2,1335,0.0
Portfolio 2,1336,0.0
Portfolio 2,1337,0.0
Portfolio 2,1338,12357574.877490142
Portfolio 2,1339,0.0
Portfolio 2,1340,0.0
Portfolio 2,1341,16501031.23593956
Portfolio 2,1342,0.0
Portfolio 2,1343,84127571.8659617
Portfolio 2,1344,0.0
Portfolio 2,1345,0.0
Portfolio 2,1346,29316525.569465958
Portfolio 2,1347,16127236.27299897
Portfolio 2,1348,0.0
Portfolio 2,1349,72281538.25566854
Portfolio 2,1350,33123610.54345119
Portfolio 2,1351,0.0
Portfolio 2,1352,0.0
Portfolio 2,1353,11204092.281538276
Portfolio 2,1354,31202005.226667777
Portfolio 2,1355,25522537.225790966
Portfolio 2,1356,0.0
Portfolio 2,1357,8083054.654213435
Portfolio 2,1358,8083054.654213435
Portfolio 2,1359,18423536.62888647
Portfolio 2,1360,0.0
Portfolio 2,1361,0.0
Portfolio 2,1362,0.0
Portfolio 2,1363,0.0
Portfolio 2,1364,33425506.792296898
Portfolio 2,1365,3036620.5354699735
Portfolio 2,1366,46027233.33768318
Portfolio 2,1367,0.0
Portfolio 2,1368,0.0
Portfolio 2,1369,29316525.569465958
Portfolio 2,1370,0.0
Portfolio 2,1371,17607557.54233835
Portfolio 2,1372,72745999.7522288
Portfolio 2,1373,0.0
Portfolio 2,1374,0.0
Portfolio 2,1375,15817893.367368415
Portfolio 2,1376,6498766.752669321
Portfolio 2,1377,20440629.531703576
Portfolio 2,1378,11013053.326687574
Portfolio 2,1379,0.0
Portfolio 2,1380,76662480.08240388
Portfolio 2,1381,0.0
Portfolio 2,1382,0.0
Portfolio 2,1383,0.0
Portfolio 2,1384,22226199.842677534
Portfolio 2,1385,16622579.30751163
Portfolio 2,1386,4645776.186764995
Portfolio 2,1387,15115135.719909279
Portfolio 2,1388,0.0
Portfolio 2,1389,0.0
Portfolio 2,1390,0.0
Portfolio 2,1391,6498766.752669321
Portfolio 2,1392,0.0
Portfolio 2,1393,0.0
Portfolio 2,1394,120910936.58758469
Portfolio 2,1395,0.0
Portfolio 2,1396,0.0
Portfolio 2,1397,12357574.877490142
Portfolio 2,1398,0.0
Portfolio 2,1399,18423536.62888647
Portfolio 2,1400,38752183.025203004
Portfolio 2,1401,9535387.288139295
Portfolio 2,1402,0.0
Portfolio 2,1403,0.0
Portfolio 2,1404,34924567.86482603
Portfolio 2,1405,0.0
Portfolio 2,1406,88770540.09919658
Portfolio 2,1407,0.0
Portfolio 2,1408,0.0
Portfolio 2,1409,49577809.28256055
Portfolio 2,1410,0.0
Portfolio 2,1411,8083054.654213435
Portfolio 2,1412,0.0
Portfolio 2,1413,0.0
Portfolio 2,1414,6498766.752669321
Portfolio 2,1415,15201817.435149617
Portfolio 2,1416,0.0
Portfolio 2,1417,17702859.034207597
Portfolio 2,1418,0.0
Portfolio 2,1419,11013053.326687574
Portfolio 2,1420,21816302.23093983
Portfolio 2,1421,57084944.34301664
Portfolio 2,1422,0.0
Portfolio 2,1423,0.0
Portfolio 2,1424,0.0
Portfolio 2,1425,0.0
Portfolio 2,1426,0.0
Portfolio 2,1427,0.0
Portfolio 2,1428,20968669.81911593
Portfolio 2,1429,0.0
Portfolio 2,1430,0.0
Portfolio 2,1431,0.0
Portfolio 2,1432,4645776.186764995
Portfolio 2,1433,6498766.752669321
Portfolio 2,1434,16127236.27299897
Portfolio 2,1435,23561667.15902842
Portfolio 2,1436,0.0
Portfolio 2,1437,0.0
Portfolio 2,1438,29690320.53240655
Portfolio 2,1439,0.0
Portfolio 2,1440,0.0
Portfolio 2,1441,6498766.752669321
Portfolio 2,1442,0.0
Portfolio 2,1443,9289187.814006878
Portfolio 2,1444,11213146.515989957
Portfolio 2,1445,15858922.702754952
Portfolio 2,1446,28648532.82131768
Portfolio 2,1447,0.0
Portfolio 2,1448,12357574.877490142
Portfolio 2,1449,0.0
Portfolio 2,1450,16622579.30751163
Portfolio 2,1451,0.0
Portfolio 2,1452,11204092.281538276
Portfolio 2,1453,46468447.83200303
Portfolio 2,1454,0.0
Portfolio 2,1455,0.0
Portfolio 2,1456,0.0
Portfolio 2,1457,0.0
Portfolio 2,1458,0.0
Portfolio 2,1459,16622579.30751163
Portfolio 2,1460,0.0
Portfolio 2,1461,6578681.478572828
Portfolio 2,1462,13189289.29646699
Portfolio 2,1463,0.0
Portfolio 2,1464,15817893.367368415
Portfolio 2,1465,4645776.186764995
Portfolio 2,1466,0.0
Portfolio 2,1467,6394411.026348391
Portfolio 2,1468,0.0
Portfolio 2,1469,17134608.052963268
Portfolio 2,1470,72117594.23309618
Portfolio 2,1471,0.0
Portfolio 2,1472,24584085.890152995
Portfolio 2,1473,0.0
Portfolio 2,1474,0.0
Portfolio 2,1475,38412395.33956429
Portfolio 2,1476,0.0
Portfolio 2,1477,0.0
Portfolio 2,1478,3036620.5354699735
Portfolio 2,1479,0.0
Portfolio 2,1480,0.0
Portfolio 2,1481,29627628.910424747
Portfolio 2,1482,17134608.052963268
Portfolio 2,1483,14401299.489890965
Portfolio 2,1484,0.0
Portfolio 2,1485,0.0
Portfolio 2,1486,6498766.752669321
Portfolio 2,1487,0.0
Portfolio 2,1488,31415512.94811979
Portfolio 2,1489,11013053.326687574
Portfolio 2,1490,29371241.844482917
Portfolio 2,1491,0.0
Portfolio 2,1492,26593276.201919053
Portfolio 2,1493,8367052.55026625
Portfolio 2,1494,16501031.23593956
Portfolio 2,1495,12925195.99755928
Portfolio 2,1496,65337302.535131216
Portfolio 2,1497,13189289.29646699
Portfolio 2,1498,0.0
Portfolio 2,1499,0.0
Portfolio 2,1500,0.0
Portfolio 2,1501,0.0
Portfolio 2,1502,0.0
Portfolio 2,1503,109642041.19134326
Portfolio 2,1504,31945129.640367385
Portfolio 2,1505,11013053.326687574
Portfolio 2,1506,4645776.186764995
Portfolio 2,1507,0.0
Portfolio 2,1508,24210290.927212406
Portfolio 2,1509,0.0
Portfolio 2,1510,15345518.185576415
Portfolio 2,1511,70182536.66383329
Portfolio 2,1512,13189289.29646699
Portfolio 2,1513,0.0
Portfolio 2,1514,43085869.549890496
Portfolio 2,1515,12357574.877490142
Portfolio 2,1516,13189289.29646699
Portfolio 2,1517,0.0
Portfolio 2,1518,0.0
Portfolio 2,1519,15201817.435149617
Portfolio 2,1520,39019154.15345287
Portfolio 2,1521,0.0
Portfolio 2,1522,0.0
Portfolio 2,1523,0.0
Portfolio 2,1524,8083054.654213435
Portfolio 2,1525,39622377.29612051
Portfolio 2,1526,13449249.680673582
Portfolio 2,1527,0.0
Portfolio 2,1528,18226223.6516528
Portfolio 2,1529,17134608.052963268
Portfolio 2,1530,16127236.27299897
Portfolio 2,1531,0.0
Portfolio 2,1532,0.0
Portfolio 2,1533,0.0
Portfolio 2,1534,0.0
Portfolio 2,1535,0.0
Portfolio 2,1536,0.0
Portfolio 2,1537,35558144.68184973
Portfolio 2,1538,15115135.719909279
Portfolio 2,1539,0.0
Portfolio 2,1540,50161251.65630738
Portfolio 2,1541,0.0
Portfolio 2,1542,0.0
Portfolio 2,1543,24817947.65523486
Portfolio 2,1544,18763324.314525187
Portfolio 2,1545,12357574.877490142
Portfolio 2,1546,16501031.23593956
Portfolio 2,1547,0.0
Portfolio 2,1548,0.0
Portfolio 2,1549,0.0
Portfolio 2,1550,0.0
Portfolio 2,1551,8083054.654213435
Portfolio 2,1552,48115725.343993045
Portfolio 2,1553,16039136.9337648
Portfolio 2,1554,0.0
Portfolio 2,1555,44141345.27237509
Portfolio 2,1556,29439370.167642757
Portfolio 2,1557,8367052.55026625
Portfolio 2,1558,28484811.150489114
Portfolio 2,1559,115465977.80510409
Portfolio 2,1560,0.0
Portfolio 2,1561,0.0
Portfolio 2,1562,0.0
Portfolio 2,1563,0.0
Portfolio 2,1564,0.0
Portfolio 2,1565,0.0
Portfolio 2,1566,11213146.515989957
Portfolio 2,1567,15817893.367368415
Portfolio 2,1568,0.0
Portfolio 2,1569,16039136.9337648
Portfolio 2,1570,6426429.244889958
Portfolio 2,1571,18226223.6516528
Portfolio 2,1572,26383269.73702621
Portfolio 2,1573,27472710.59739942
Portfolio 2,1574,27712724.44289335
Portfolio 2,1575,0.0
Portfolio 2,1576,16039136.9337648
Portfolio 2,1577,15345518.185576415
Portfolio 2,1578,0.0
Portfolio 2,1579,18763324.314525187
Portfolio 2,1580,0.0
Portfolio 2,1581,28980154.185001772
Portfolio 2,1582,0.0
Portfolio 2,1583,9289187.814006878
Portfolio 2,1584,0.0
Portfolio 2,1585,0.0
Portfolio 2,1586,46939532.462570526
Portfolio 2,1587,31675473.332326382
Portfolio 2,1588,6498766.752669321
Portfolio 2,1589,41950904.05528331
Portfolio 2,1590,17003351.064255137
Portfolio 2,1591,0.0
Portfolio 2,1592,0.0
Portfolio 2,1593,16127236.27299897
Portfolio 2,1594,0.0
Portfolio 2,1595,37513370.58740451
Portfolio 2,1596,19988858.71067782
Portfolio 2,1597,18763324.314525187
Portfolio 2,1598,0.0
Portfolio 2,1599,0.0
Portfolio 2,1600,16127236.27299897
Portfolio 2,1601,40523527.32909348
Portfolio 2,1602,18423536.62888647
Portfolio 2,1603,3036620.5354699735
Portfolio 2,1604,0.0
Portfolio 2,1605,7682396.722234968
Portfolio 2,1606,0.0
Portfolio 2,1607,31287827.638012987
Portfolio 2,1608,0.0
Portfolio 2,1609,0.0
Portfolio 2,1610,0.0
Portfolio 2,1611,36611438.01818945
Portfolio 2,1612,0.0
Portfolio 2,1613,0.0
Portfolio 2,1614,0.0
Portfolio 2,1615,16127236.27299897
Portfolio 2,1616,8367052.55026625
Portfolio 2,1617,38250825.987551205
Portfolio 2,1618,0.0
Portfolio 2,1619,0.0
Portfolio 2,1620,0.0
Portfolio 2,1621,16039136.9337648
Portfolio 2,1622,0.0
Portfolio 2,1623,0.0
Portfolio 2,1624,25690612.196551785
Portfolio 2,1625,0.0
Portfolio 2,1626,16622579.30751163
Portfolio 2,1627,11013053.326687574
Portfolio 2,1628,17835065.483231984
Portfolio 2,1629,27703093.063066557
Portfolio 2,1630,37478246.7019474
Portfolio 2,1631,6426429.244889958
Portfolio 2,1632,0.0
Portfolio 2,1633,21460157.16435644
Portfolio 2,1634,0.0
Portfolio 2,1635,37643143.4394937
Portfolio 2,1636,0.0
Portfolio 2,1637,12357574.877490142
Portfolio 2,1638,17134608.052963268
Portfolio 2,1639,25178415.14872849
Portfolio 2,1640,16127236.27299897
Portfolio 2,1641,0.0
Portfolio 2,1642,0.0
Portfolio 2,1643,0.0
Portfolio 2,1644,32661716.241276428
Portfolio 2,1645,28858606.113429703
Portfolio 2,1646,0.0
Portfolio 2,1647,50475967.42452535
Portfolio 2,1648,35103994.4305871
Portfolio 2,1649,0.0
Portfolio 2,1650,15817893.367368415
Portfolio 2,1651,35704151.76514646
Portfolio 2,1652,0.0
Portfolio 2,1653,0.0
Portfolio 2,1654,26403375.422182374
Portfolio 2,1655,0.0
Portfolio 2,1656,0.0
Portfolio 2,1657,6578681.478572828
Portfolio 2,1658,16127236.27299897
Portfolio 2,1659,0.0
Portfolio 2,1660,15345518.185576415
Portfolio 2,1661,0.0
Portfolio 2,1662,0.0
Portfolio 2,1663,44474990.84195219
Portfolio 2,1664,0.0
Portfolio 2,1665,15345518.185576415
Portfolio 2,1666,22876536.449369643
Portfolio 2,1667,23570721.3934801
Portfolio 2,1668,0.0
Portfolio 2,1669,0.0
Portfolio 2,1670,15817893.367368415
Portfolio 2,1671,0.0
Portfolio 2,1672,0.0
Portfolio 2,1673,11213146.515989957
Portfolio 2,1674,15817893.367368415
Portfolio 2,1675,39360807.8956408
Portfolio 2,1676,83185498.16859655
Portfolio 2,1677,0.0
Portfolio 2,1678,15858922.702754952
Portfolio 2,1679,0.0
Portfolio 2,1680,0.0
Portfolio 2,1681,0.0
Portfolio 2,1682,18763324.314525187
Portfolio 2,1683,16039136.9337648
Portfolio 2,1684,0.0
Portfolio 2,1685,4645776.186764995
Portfolio 2,1686,20493280.095545154
Portfolio 2,1687,18423536.62888647
Portfolio 2,1688,31415512.94811979
Portfolio 2,1689,0.0
Portfolio 2,1690,26178080.521652013
Portfolio 2,1691,51264130.36091978
Portfolio 2,1692,21556341.84673324
Portfolio 2,1693,0.0
Portfolio 2,1694,0.0
Portfolio 2,1695,31952613.61099218
Portfolio 2,1696,16501031.23593956
Portfolio 2,1697,0.0
Portfolio 2,1698,26358571.51226399
Portfolio 2,1699,39058807.71711251
Portfolio 2,1700,18226223.6516528
Portfolio 2,1701,62939564.60450126
Portfolio 2,1702,0.0
Portfolio 2,1703,18423536.62888647
Portfolio 2,1704,9755523.30312597
Portfolio 2,1705,0.0
Portfolio 2,1706,0.0
Portfolio 2,1707,42141029.339862525
Portfolio 2,1708,15115135.719909279
Portfolio 2,1709,30139718.776426055
Portfolio 2,1710,0.0
Portfolio 2,1711,19843660.707021974
Portfolio 2,1712,0.0
Portfolio 2,1713,0.0
Portfolio 2,1714,53876813.27514142
Portfolio 2,1715,0.0
Portfolio 2,1716,54129465.7074973
Portfolio 2,1717,18423536.62888647
Portfolio 2,1718,45523180.49007435
Portfolio 2,1719,13189289.29646699
Portfolio 2,1720,13189289.29646699
Portfolio 2,1721,18423536.62888647
Portfolio 2,1722,15201817.435149617
Portfolio 2,1723,15345518.185576415
Portfolio 2,1724,0.0
Portfolio 2,1725,107802695.1040421
Portfolio 2,1726,8083054.654213435
Portfolio 2,1727,6578681.478572828
Portfolio 2,1728,13449249.680673582
Portfolio 2,1729,28651067.1158232
Portfolio 2,1730,18423536.62888647
Portfolio 2,1731,4645776.186764995
Portfolio 2,1732,33622819.769530565
Portfolio 2,1733,55096340.719008215
Portfolio 2,1734,0.0
Portfolio 2,1735,15115135.719909279
Portfolio 2,1736,0.0
Portfolio 2,1737,34774813.67501838
Portfolio 2,1738,0.0
Portfolio 2,1739,0.0
Portfolio 2,1740,0.0
Portfolio 2,1741,16127236.27299897
Portfolio 2,1742,0.0
Portfolio 2,1743,0.0
Portfolio 2,1744,0.0
Portfolio 2,1745,31154272.65367408
Portfolio 2,1746,15115135.719909279
Portfolio 2,1747,0.0
Portfolio 2,1748,18423536.62888647
Portfolio 2,1749,21780498.913722444
Portfolio 2,1750,4645776.186764995
Portfolio 2,1751,15199283.140644096
Portfolio 2,1752,22433547.96011319
Portfolio 2,1753,0.0
Portfolio 2,1754,0.0
Portfolio 2,1755,0.0
Portfolio 2,1756,0.0
Portfolio 2,1757,23204772.983799554
Portfolio 2,1758,0.0
Portfolio 2,1759,15115135.719909279
Portfolio 2,1760,0.0
Portfolio 2,1761,50247136.20062475
Portfolio 2,1762,0.0
Portfolio 2,1763,0.0
Portfolio 2,1764,18226223.6516528
Portfolio 2,1765,43765542.42198449
Portfolio 2,1766,0.0
Portfolio 2,1767,0.0
Portfolio 2,1768,0.0
Portfolio 2,1769,6498766.752669321
Portfolio 2,1770,0.0
Portfolio 2,1771,0.0
Portfolio 2,1772,0.0
Portfolio 2,1773,0.0
Portfolio 2,1774,0.0
Portfolio 2,1775,29316525.569465958
Portfolio 2,1776,11013053.326687574
Portfolio 2,1777,0.0
Portfolio 2,1778,0.0
Portfolio 2,1779,13449249.680673582
Portfolio 2,1780,30071828.988185212
Portfolio 2,1781,0.0
Portfolio 2,1782,17134608.052963268
Portfolio 2,1783,18423536.62888647
Portfolio 2,1784,101852668.1150277
Portfolio 2,1785,49931323.36015537
Portfolio 2,1786,0.0
Portfolio 2,1787,0.0
Portfolio 2,1788,0.0
Portfolio 2,1789,16501031.23593956
Portfolio 2,1790,0.0
Portfolio 2,1791,0.0
Portfolio 2,1792,0.0
Portfolio 2,1793,0.0
Portfolio 2,1794,0.0
Portfolio 2,1795,15817893.367368415
Portfolio 2,1796,41508561.44651033
Portfolio 2,1797,23566335.690910347
Portfolio 2,1798,21272343.950680424
Portfolio 2,1799,0.0
Portfolio 2,1800,0.0
Portfolio 2,1801,0.0
Portfolio 2,1802,0.0
Portfolio 2,1803,0.0
Portfolio 2,1804,0.0
Portfolio 2,1805,0.0
Portfolio 2,1806,0.0
Portfolio 2,1807,18763324.314525187
Portfolio 2,1808,16622579.30751163
Portfolio 2,1809,0.0
Portfolio 2,1810,13449249.680673582
Portfolio 2,1811,23284872.089363053
Portfolio 2,1812,0.0
Portfolio 2,1813,0.0
Portfolio 2,1814,6498766.752669321
Portfolio 2,1815,51645665.02776003
Portfolio 2,1816,0.0
Portfolio 2,1817,52532379.12898807
Portfolio 2,1818,11013053.326687574
Portfolio 2,1819,0.0
Portfolio 2,1820,0.0
Portfolio 2,1821,0.0
Portfolio 2,1822,11013053.326687574
Portfolio 2,1823,16622579.30751163
Portfolio 2,1824,0.0
Portfolio 2,1825,47094509.78954377
Portfolio 2,1826,15115135.719909279
Portfolio 2,1827,89082263.31951603
Portfolio 2,1828,52517678.217753455
Portfolio 2,1829,0.0
Portfolio 2,1830,0.0
Portfolio 2,1831,16127236.27299897
Portfolio 2,1832,46104907.7217351
Portfolio 2,1833,0.0
Portfolio 2,1834,35585864.14240823
Portfolio 2,1835,30860646.948602185
Portfolio 2,1836,0.0
Portfolio 2,1837,0.0
Portfolio 2,1838,6498766.752669321
Portfolio 2,1839,0.0
Portfolio 2,1840,0.0
Portfolio 2,1841,0.0
Portfolio 2,1842,13189289.29646699
Portfolio 2,1843,34097504.08941495
Portfolio 2,1844,0.0
Portfolio 2,1845,0.0
Portfolio 2,1846,85923712.25504446
Portfolio 2,1847,0.0
Portfolio 2,1848,0.0
Portfolio 2,1849,32166373.20676377
Portfolio 2,1850,0.0
Portfolio 2,1851,18226223.6516528
Portfolio 2,1852,16622579.30751163
Portfolio 2,1853,0.0
Portfolio 2,1854,0.0
Portfolio 2,1855,18763324.314525187
Portfolio 2,1856,0.0
Portfolio 2,1857,0.0
Portfolio 2,1858,0.0
Portfolio 2,1859,0.0
Portfolio 2,1860,24817004.775198236
Portfolio 2,1861,28980154.185001772
Portfolio 2,1862,0.0
Portfolio 2,1863,0.0
Portfolio 2,1864,38725777.76958092
Portfolio 2,1865,0.0
Portfolio 2,1866,0.0
Portfolio 2,1867,28355911.260944072
Portfolio 2,1868,25594874.73357033
Portfolio 2,1869,0.0
Portfolio 2,1870,15199283.140644096
Portfolio 2,1871,6394411.026348391
Portfolio 2,1872,15817893.367368415
Portfolio 2,1873,18423536.62888647
Portfolio 2,1874,16127236.27299897
Portfolio 2,1875,0.0
Portfolio 2,1876,11204092.281538276
Portfolio 2,1877,0.0
Portfolio 2,1878,0.0
Portfolio 2,1879,58167779.864922695
Portfolio 2,1880,40640682.23711232
Portfolio 2,1881,0.0
Portfolio 2,1882,0.0
Portfolio 2,1883,15115135.719909279
Portfolio 2,1884,33581421.861690484
Portfolio 2,1885,0.0
Portfolio 2,1886,0.0
Portfolio 2,1887,0.0
Portfolio 2,1888,101204069.45220697
Portfolio 2,1889,0.0
Portfolio 2,1890,0.0
Portfolio 2,1891,31945129.640367385
Portfolio 2,1892,6426429.244889958
Portfolio 2,1893,0.0
Portfolio 2,1894,53356701.077548265
Portfolio 2,1895,0.0
Portfolio 2,1896,75679862.1257059
Portfolio 2,1897,33757187.3604749
Portfolio 2,1898,0.0
Portfolio 2,1899,24705633.961725064
Portfolio 2,1900,0.0
Portfolio 2,1901,0.0
Portfolio 2,1902,0.0
Portfolio 2,1903,93579529.38550843
Portfolio 2,1904,37940254.92983008
Portfolio 2,1905,51643219.011970714
Portfolio 2,1906,0.0
Portfolio 2,1907,17639575.760879915
Portfolio 2,1908,13189289.29646699
Portfolio 2,1909,11213146.515989957
Portfolio 2,1910,0.0
Portfolio 2,1911,0.0
Portfolio 2,1912,0.0
Portfolio 2,1913,0.0
Portfolio 2,1914,24804905.13022563
Portfolio 2,1915,0.0
Portfolio 2,1916,11213146.515989957
Portfolio 2,1917,0.0
Portfolio 2,1918,18226223.6516528
Portfolio 2,1919,34721593.631354004
Portfolio 2,1920,0.0
Portfolio 2,1921,18763324.314525187
Portfolio 2,1922,4645776.186764995
Portfolio 2,1923,18763324.314525187
Portfolio 2,1924,13449249.680673582
Portfolio 2,1925,0.0
Portfolio 2,1926,8083054.654213435
Portfolio 2,1927,0.0
Portfolio 2,1928,27130376.864791438
Portfolio 2,1929,4645776.186764995
Portfolio 2,1930,13189289.29646699
Portfolio 2,1931,8083054.654213435
Portfolio 2,1932,11204092.281538276
Portfolio 2,1933,21816302.23093983
Portfolio 2,1934,40452599.36695171
Portfolio 2,1935,13189289.29646699
Portfolio 2,1936,0.0
Portfolio 2,1937,0.0
Portfolio 2,1938,0.0
Portfolio 2,1939,0.0
Portfolio 2,1940,0.0
Portfolio 2,1941,0.0
Portfolio 2,1942,16622579.30751163
Portfolio 2,1943,3036620.5354699735
Portfolio 2,1944,8367052.55026625
Portfolio 2,1945,15201817.435149617
Portfolio 2,1946,0.0
Portfolio 2,1947,0.0
Portfolio 2,1948,41905724.899062
Portfolio 2,1949,18095025.867438577
Portfolio 2,1950,0.0
Portfolio 2,1951,6426429.244889958
Portfolio 2,1952,0.0
Portfolio 2,1953,55403241.9194285
Portfolio 2,1954,0.0
Portfolio 2,1955,0.0
Portfolio 2,1956,0.0
Portfolio 2,1957,50679678.732165754
Portfolio 2,1958,27703093.063066557
Portfolio 2,1959,0.0
Portfolio 2,1960,26506591.283099905
Portfolio 2,1961,58583623.92799754
Portfolio 2,1962,0.0
Portfolio 2,1963,54171329.48304492
Portfolio 2,1964,0.0
Portfolio 2,1965,36489889.94661738
Portfolio 2,1966,0.0
Portfolio 2,1967,9289187.814006878
Portfolio 2,1968,0.0
Portfolio 2,1969,0.0
Portfolio 2,1970,0.0
Portfolio 2,1971,15115135.719909279
Portfolio 2,1972,6578681.478572828
Portfolio 2,1973,13189289.29646699
Portfolio 2,1974,0.0
Portfolio 2,1975,8083054.654213435
Portfolio 2,1976,63703579.722649194
Portfolio 2,1977,16501031.23593956
Portfolio 2,1978,0.0
Portfolio 2,1979,0.0
Portfolio 2,1980,0.0
Portfolio 2,1981,0.0
Portfolio 2,1982,0.0
Portfolio 2,1983,0.0
Portfolio 2,1984,0.0
Portfolio 2,1985,13189289.29646699
Portfolio 2,1986,16622579.30751163
Portfolio 2,1987,16127236.27299897
Portfolio 2,1988,0.0
Portfolio 2,1989,0.0
Portfolio 2,1990,23409100.50129018
Portfolio 2,1991,36989547.966177985
Portfolio 2,1992,0.0
Portfolio 2,1993,0.0
Portfolio 2,1994,28071913.364891257
Portfolio 2,1995,0.0
Portfolio 2,1996,26487625.463347144
Portfolio 2,1997,6578681.478572828
Portfolio 2,1998,0.0
Portfolio 2,1999,0.0
Portfolio 2,2000,0.0
Portfolio 2,2001,0.0
Portfolio 2,2002,0.0
Portfolio 2,2003,0.0
Portfolio 2,2004,0.0
Portfolio 2,2005,43530617.81026176
Portfolio 2,2006,0.0
Portfolio 2,2007,40151598.38682329
Portfolio 2,2008,24494288.82326522
Portfolio 2,2009,29976470.830515146
Portfolio 2,2010,0.0
Portfolio 2,2011,11204092.281538276
Portfolio 2,2012,0.0
Portfolio 2,2013,18423536.62888647
Portfolio 2,2014,0.0
Portfolio 2,2015,50380337.10693884
Portfolio 2,2016,24406189.48403105
Portfolio 2,2017,8083054.654213435
Portfolio 2,2018,0.0
Portfolio 2,2019,0.0
Portfolio 2,2020,49164119.191380575
Portfolio 2,2021,0.0
Portfolio 2,2022,6394411.026348391
Portfolio 2,2023,0.0
Portfolio 2,2024,9755523.30312597
Portfolio 2,2025,6578681.478572828
Portfolio 2,2026,13189289.29646699
Portfolio 2,2027,0.0
Portfolio 2,2028,11213146.515989957
Portfolio 2,2029,57334673.40106907
Portfolio 2,2030,17134608.052963268
Portfolio 2,2031,39785903.325302616
Portfolio 2,2032,0.0
Portfolio 2,2033,19380105.876953825
Portfolio 2,2034,0.0
Portfolio 2,2035,0.0
Portfolio 2,2036,0.0
Portfolio 2,2037,12357574.877490142
Portfolio 2,2038,0.0
Portfolio 2,2039,18763324.314525187
Portfolio 2,2040,0.0
Portfolio 2,2041,0.0
Portfolio 2,2042,49552743.06529587
Portfolio 2,2043,0.0
Portfolio 2,2044,3036620.5354699735
Portfolio 2,2045,0.0
Portfolio 2,2046,9755523.30312597
Portfolio 2,2047,0.0
Portfolio 2,2048,0.0
Portfolio 2,2049,0.0
Portfolio 2,2050,8083054.654213435
Portfolio 2,2051,24122191.587978236
Portfolio 2,2052,0.0
Portfolio 2,2053,0.0
Portfolio 2,2054,0.0
Portfolio 2,2055,15817893.367368415
Portfolio 2,2056,31675473.332326382
Portfolio 2,2057,0.0
Portfolio 2,2058,45937621.191513605
Portfolio 2,2059,29140065.010030214
Portfolio 2,2060,0.0
Portfolio 2,2061,8367052.55026625
Portfolio 2,2062,0.0
Portfolio 2,2063,32249743.772872545
Portfolio 2,2064,41596851.85583052
Portfolio 2,2065,29576485.95367255
Portfolio 2,2066,9289187.814006878
Portfolio 2,2067,16254290.055795291
Portfolio 2,2068,0.0
Portfolio 2,2069,0.0
Portfolio 2,2070,0.0
Portfolio 2,2071,0.0
Portfolio 2,2072,27714177.751929518
Portfolio 2,2073,0.0
Portfolio 2,2074,12357574.877490142
Portfolio 2,2075,6394411.026348391
Portfolio 2,2076,39752426.465300895
Portfolio 2,2077,18423536.62888647
Portfolio 2,2078,0.0
Portfolio 2,2079,0.0
Portfolio 2,2080,0.0
Portfolio 2,2081,0.0
Portfolio 2,2082,18751985.903838534
Portfolio 2,2083,0.0
Portfolio 2,2084,0.0
Portfolio 2,2085,37186860.943411656
Portfolio 2,2086,4645776.186764995
Portfolio 2,2087,11204092.281538276
Portfolio 2,2088,15115135.719909279
Portfolio 2,2089,31697966.447217368
Portfolio 2,2090,0.0
Portfolio 2,2091,37994194.42669262
Portfolio 2,2092,15345518.185576415
Portfolio 2,2093,23069312.81565146
Portfolio 2,2094,18423536.62888647
Portfolio 2,2095,13189289.29646699
Portfolio 2,2096,30316953.155058898
Portfolio 2,2097,60385051.31753437
Portfolio 2,2098,18763324.314525187
Portfolio 2,2099,16501031.23593956
Portfolio 2,2100,37827436.66801722
Portfolio 2,2101,0.0
Portfolio 2,2102,0.0
Portfolio 2,2103,3036620.5354699735
Portfolio 2,2104,16127236.27299897
Portfolio 2,2105,13189289.29646699
Portfolio 2,2106,0.0
Portfolio 2,2107,12357574.877490142
Portfolio 2,2108,13449249.680673582
Portfolio 2,2109,0.0
Portfolio 2,2110,65576426.481651835
Portfolio 2,2111,0.0
Portfolio 2,2112,12973092.504921218
Portfolio 2,2113,19988858.71067782
Portfolio 2,2114,0.0
Portfolio 2,2115,9755523.30312597
Portfolio 2,2116,0.0
Portfolio 2,2117,18763324.314525187
Portfolio 2,2118,16225909.831936963
Portfolio 2,2119,24406189.48403105
Portfolio 2,2120,16039136.9337648
Portfolio 2,2121,0.0
Portfolio 2,2122,39188521.57154613
Portfolio 2,2123,39215655.45797194
Portfolio 2,2124,0.0
Portfolio 2,2125,0.0
Portfolio 2,2126,0.0
Portfolio 2,2127,23529019.079311658
Portfolio 2,2128,22895442.262287952
Portfolio 2,2129,11013053.326687574
Portfolio 2,2130,0.0
Portfolio 2,2131,53356701.077548265
Portfolio 2,2132,0.0
Portfolio 2,2133,6426429.244889958
Portfolio 2,2134,0.0
Portfolio 2,2135,31017176.50801251
Portfolio 2,2136,0.0
Portfolio 2,2137,0.0
Portfolio 2,2138,28858606.113429703
Portfolio 2,2139,11013053.326687574
Portfolio 2,2140,36320227.697365254
Portfolio 2,2141,15345518.185576415
Portfolio 2,2142,8083054.654213435
Portfolio 2,2143,0.0
Portfolio 2,2144,26358571.51226399
Portfolio 2,2145,0.0
Portfolio 2,2146,0.0
Portfolio 2,2147,19988858.71067782
Portfolio 2,2148,6394411.026348391
Portfolio 2,2149,34727254.88759236
Portfolio 2,2150,88147732.41494347
Portfolio 2,2151,0.0
Portfolio 2,2152,0.0
Portfolio 2,2153,22705917.751571797
Portfolio 2,2154,0.0
Portfolio 2,2155,63121326.54791418
Portfolio 2,2156,11204092.281538276
Portfolio 2,2157,0.0
Portfolio 2,2158,0.0
Portfolio 2,2159,120408245.11589259
Portfolio 2,2160,29316525.569465958
Portfolio 2,2161,18423536.62888647
Portfolio 2,2162,57919795.61556211
Portfolio 2,2163,0.0
Portfolio 2,2164,27472710.59739942
Portfolio 2,2165,12357574.877490142
Portfolio 2,2166,0.0
Portfolio 2,2167,0.0
Portfolio 2,2168,6498766.752669321
Portfolio 2,2169,0.0
Portfolio 2,2170,13189289.29646699
Portfolio 2,2171,0.0
Portfolio 2,2172,26328282.235899236
Portfolio 2,2173,0.0
Portfolio 2,2174,0.0
Portfolio 2,2175,0.0
Portfolio 2,2176,32749815.5805106
Portfolio 2,2177,19537651.771409534
Portfolio 2,2178,11204092.281538276
Portfolio 2,2179,39248582.33317992
Portfolio 2,2180,24870659.02303525
Portfolio 2,2181,15115135.719909279
Portfolio 2,2182,0.0
Portfolio 2,2183,0.0
Portfolio 2,2184,16127236.27299897
Portfolio 2,2185,0.0
Portfolio 2,2186,0.0
Portfolio 2,2187,15849868.46830327
Portfolio 2,2188,0.0
Portfolio 2,2189,41585087.17217583
Portfolio 2,2190,16039136.9337648
Portfolio 2,2191,0.0
Portfolio 2,2192,12357574.877490142
Portfolio 2,2193,0.0
Portfolio 2,2194,104562743.4732646
Portfolio 2,2195,9289187.814006878
Portfolio 2,2196,0.0
Portfolio 2,2197,0.0
Portfolio 2,2198,0.0
Portfolio 2,2199,0.0
Portfolio 2,2200,17003351.064255137
Portfolio 2,2201,16039136.9337648
Portfolio 2,2202,0.0
Portfolio 2,2203,14793481.795156207
Portfolio 2,2204,0.0
Portfolio 2,2205,0.0
Portfolio 2,2206,0.0
Portfolio 2,2207,0.0
Portfolio 2,2208,0.0
Portfolio 2,2209,0.0
Portfolio 2,2210,15787954.5666762
Portfolio 2,2211,75859528.23805015
Portfolio 2,2212,42048196.40388824
Portfolio 2,2213,0.0
Portfolio 2,2214,12357574.877490142
Portfolio 2,2215,18763324.314525187
Portfolio 2,2216,11013053.326687574
Portfolio 2,2217,0.0
Portfolio 2,2218,29439370.167642757
Portfolio 2,2219,107831046.62529755
Portfolio 2,2220,15201817.435149617
Portfolio 2,2221,18763324.314525187
Portfolio 2,2222,26506591.283099905
Portfolio 2,2223,0.0
Portfolio 2,2224,0.0
Portfolio 2,2225,0.0
Portfolio 2,2226,0.0
Portfolio 2,2227,27021985.648906693
Portfolio 2,2228,29132346.996461757
Portfolio 2,2229,0.0
Portfolio 2,2230,0.0
Portfolio 2,2231,18226223.6516528
Portfolio 2,2232,0.0
Portfolio 2,2233,31199316.15657402
Portfolio 2,2234,4645776.186764995
Portfolio 2,2235,27714177.751929518
Portfolio 2,2236,0.0
Portfolio 2,2237,65546527.87096684
Portfolio 2,2238,30781024.101727393
Portfolio 2,2239,0.0
Portfolio 2,2240,0.0
Portfolio 2,2241,0.0
Portfolio 2,2242,0.0
Portfolio 2,2243,22521647.29934736
Portfolio 2,2244,16039136.9337648
Portfolio 2,2245,11013053.326687574
Portfolio 2,2246,0.0
Portfolio 2,2247,27458382.337333567
Portfolio 2,2248,0.0
Portfolio 2,2249,4645776.186764995
Portfolio 2,2250,32749815.5805106
Portfolio 2,2251,0.0
Portfolio 2,2252,0.0
Portfolio 2,2253,0.0
Portfolio 2,2254,0.0
Portfolio 2,2255,29976470.830515146
Portfolio 2,2256,16127236.27299897
Portfolio 2,2257,0.0
Portfolio 2,2258,8367052.55026625
Portfolio 2,2259,20959615.584664248
Portfolio 2,2260,16225909.831936963
Portfolio 2,2261,0.0
Portfolio 2,2262,4645776.186764995
Portfolio 2,2263,41760482.13671599
Portfolio 2,2264,11013053.326687574
Portfolio 2,2265,0.0
Portfolio 2,2266,8083054.654213435
Portfolio 2,2267,8083054.654213435
Portfolio 2,2268,0.0
Portfolio 2,2269,0.0
Portfolio 2,2270,0.0
Portfolio 2,2271,15201817.435149617
Portfolio 2,2272,0.0
Portfolio 2,2273,0.0
Portfolio 2,2274,0.0
Portfolio 2,2275,18763324.314525187
Portfolio 2,2276,26830946.69405599
Portfolio 2,2277,0.0
Portfolio 2,2278,27703093.063066557
Portfolio 2,2279,0.0
Portfolio 2,2280,39691254.328936584
Portfolio 2,2281,0.0
Portfolio 2,2282,0.0
Portfolio 2,2283,0.0
Portfolio 2,2284,0.0
Portfolio 2,2285,0.0
Portfolio 2,2286,25964081.016299494
Portfolio 2,2287,0.0
Portfolio 2,2288,0.0
Portfolio 2,2289,8083054.654213435
Portfolio 2,2290,0.0
Portfolio 2,2291,0.0
Portfolio 2,2292,19988858.71067782
Portfolio 2,2293,0.0
Portfolio 2,2294,24724990.404322125
Portfolio 2,2295,28347754.568953224
Portfolio 2,2296,0.0
Portfolio 2,2297,16501031.23593956
Portfolio 2,2298,33123610.54345119
Portfolio 2,2299,0.0
Portfolio 2,2300,0.0
Portfolio 2,2301,0.0
Portfolio 2,2302,9755523.30312597
Portfolio 2,2303,0.0
Portfolio 2,2304,21146807.422704555
Portfolio 2,2305,0.0
Portfolio 2,2306,0.0
Portfolio 2,2307,0.0
Portfolio 2,2308,0.0
Portfolio 2,2309,20171228.588433243
Portfolio 2,2310,32333891.193607364
Portfolio 2,2311,12893177.779017713
Portfolio 2,2312,0.0
Portfolio 2,2313,29627628.910424747
Portfolio 2,2314,16127236.27299897
Portfolio 2,2315,0.0
Portfolio 2,2316,15817893.367368415
Portfolio 2,2317,18423536.62888647
Portfolio 2,2318,0.0
Portfolio 2,2319,41401401.17414233
Portfolio 2,2320,59466698.173619315
Portfolio 2,2321,0.0
Portfolio 2,2322,26415287.955567777
Portfolio 2,2323,66498631.74018913
Portfolio 2,2324,43017367.62908821
Portfolio 2,2325,0.0
Portfolio 2,2326,13189289.29646699
Portfolio 2,2327,13077448.23124215
Portfolio 2,2328,0.0
Portfolio 2,2329,46278735.780184865
Portfolio 2,2330,8367052.55026625
Portfolio 2,2331,15199283.140644096
Portfolio 2,2332,0.0
Portfolio 2,2333,27140289.599686544
Portfolio 2,2334,15817893.367368415
Portfolio 2,2335,31857030.301133215
Portfolio 2,2336,21460157.16435644
Portfolio 2,2337,0.0
Portfolio 2,2338,16039136.9337648
Portfolio 2,2339,0.0
Portfolio 2,2340,86823134.05047372
Portfolio 2,2341,0.0
Portfolio 2,2342,30071828.988185212
Portfolio 2,2343,0.0
Portfolio 2,2344,11213146.515989957
Portfolio 2,2345,0.0
Portfolio 2,2346,6394411.026348391
Portfolio 2,2347,0.0
Portfolio 2,2348,17134608.052963268
Portfolio 2,2349,89915659.66769262
Portfolio 2,2350,0.0
Portfolio 2,2351,16039136.9337648
Portfolio 2,2352,27130376.864791438
Portfolio 2,2353,41623079.00761424
Portfolio 2,2354,0.0
Portfolio 2,2355,0.0
Portfolio 2,2356,0.0
Portfolio 2,2357,25217662.707176704
Portfolio 2,2358,0.0
Portfolio 2,2359,0.0
Portfolio 2,2360,35383054.12363794
Portfolio 2,2361,16127236.27299897
Portfolio 2,2362,56514264.774815686
Portfolio 2,2363,0.0
Portfolio 2,2364,0.0
Portfolio 2,2365,44847332.49585661
Portfolio 2,2366,21268355.494276624
Portfolio 2,2367,85453209.72728984
Portfolio 2,2368,0.0
Portfolio 2,2369,0.0
Portfolio 2,2370,3036620.5354699735
Portfolio 2,2371,0.0
Portfolio 2,2372,18423536.62888647
Portfolio 2,2373,0.0
Portfolio 2,2374,11213146.515989957
Portfolio 2,2375,3036620.5354699735
Portfolio 2,2376,0.0
Portfolio 2,2377,0.0
Portfolio 2,2378,37839081.78375996
Portfolio 2,2379,0.0
Portfolio 2,2380,60785366.49973778
Portfolio 2,2381,11013053.326687574
Portfolio 2,2382,22738437.49468046
Portfolio 2,2383,15201817.435149617
Portfolio 2,2384,15199283.140644096
Portfolio 2,2385,22465566.17865476
Portfolio 2,2386,12357574.877490142
Portfolio 2,2387,0.0
Portfolio 2,2388,0.0
Portfolio 2,2389,60605220.73194748
Portfolio 2,2390,33178148.00714481
Portfolio 2,2391,8367052.55026625
Portfolio 2,2392,34241429.99625488
Portfolio 2,2393,0.0
Portfolio 2,2394,0.0
Portfolio 2,2395,6394411.026348391
Portfolio 2,2396,0.0
Portfolio 2,2397,39929604.07572941
Portfolio 2,2398,0.0
Portfolio 2,2399,0.0
Portfolio 2,2400,0.0
Portfolio 2,2401,0.0
Portfolio 2,2402,11204092.281538276
Portfolio 2,2403,0.0
Portfolio 2,2404,0.0
Portfolio 2,2405,0.0
Portfolio 2,2406,34108842.5001016
Portfolio 2,2407,30781111.50637661
Portfolio 2,2408,0.0
Portfolio 2,2409,6578681.478572828
Portfolio 2,2410,9289187.814006878
Portfolio 2,2411,0.0
Portfolio 2,2412,6426429.244889958
Portfolio 2,2413,0.0
Portfolio 2,2414,17134608.052963268
Portfolio 2,2415,0.0
Portfolio 2,2416,0.0
Portfolio 2,2417,56750034.77059302
Portfolio 2,2418,16501031.23593956
Portfolio 2,2419,78113199.8273951
Portfolio 2,2420,18423536.62888647
Portfolio 2,2421,0.0
Portfolio 2,2422,15201817.435149617
Portfolio 2,2423,0.0
Portfolio 2,2424,0.0
Portfolio 2,2425,0.0
Portfolio 2,2426,11013053.326687574
Portfolio 2,2427,0.0
Portfolio 2,2428,0.0
Portfolio 2,2429,27130376.864791438
Portfolio 2,2430,0.0
Portfolio 2,2431,31240954.368914418
Portfolio 2,2432,33261844.325962238
Portfolio 2,2433,36611438.01818945
Portfolio 2,2434,0.0
Portfolio 2,2435,0.0
Portfolio 2,2436,17134608.052963268
Portfolio 2,2437,18226223.6516528
Portfolio 2,2438,6498766.752669321
Portfolio 2,2439,0.0
Portfolio 2,2440,6578681.478572828
Portfolio 2,2441,58928772.886027455
Portfolio 2,2442,20724627.42775639
Portfolio 2,2443,19988858.71067782
Portfolio 2,2444,36812149.39352876
Portfolio 2,2445,11204092.281538276
Portfolio 2,2446,8083054.654213435
Portfolio 2,2447,16039136.9337648
Portfolio 2,2448,18423536.62888647
Portfolio 2,2449,76116582.22778584
Portfolio 2,2450,27835725.823501587
Portfolio 2,2451,35334376.896254234
Portfolio 2,2452,12357574.877490142
Portfolio 2,2453,0.0
Portfolio 2,2454,27140289.599686544
Portfolio 2,2455,0.0
Portfolio 2,2456,0.0
Portfolio 2,2457,0.0
Portfolio 2,2458,16039136.9337648
Portfolio 2,2459,11204092.281538276
Portfolio 2,2460,9289187.814006878
Portfolio 2,2461,0.0
Portfolio 2,2462,16622579.30751163
Portfolio 2,2463,0.0
Portfolio 2,2464,11013053.326687574
Portfolio 2,2465,0.0
Portfolio 2,2466,28484811.150489114
Portfolio 2,2467,0.0
Portfolio 2,2468,0.0
Portfolio 2,2469,67324516.1307148
Portfolio 2,2470,0.0
Portfolio 2,2471,0.0
Portfolio 2,2472,0.0
Portfolio 2,2473,0.0
Portfolio 2,2474,0.0
Portfolio 2,2475,16501031.23593956
Portfolio 2,2476,0.0
Portfolio 2,2477,63589460.374695934
Portfolio 2,2478,50708453.954892576
Portfolio 2,2479,0.0
Portfolio 2,2480,11013053.326687574
Portfolio 2,2481,0.0
Portfolio 2,2482,0.0
Portfolio 2,2483,16127236.27299897
Portfolio 2,2484,27712724.44289335
Portfolio 2,2485,0.0
Portfolio 2,2486,6578681.478572828
Portfolio 2,2487,0.0
Portfolio 2,2488,0.0
Portfolio 2,2489,13449249.680673582
Portfolio 2,2490,51229813.07959224
Portfolio 2,2491,0.0
Portfolio 2,2492,18423536.62888647
Portfolio 2,2493,27826671.589049906
Portfolio 2,2494,37399580.22367939
Portfolio 2,2495,0.0
Portfolio 2,2496,0.0
Portfolio 2,2497,0.0
Portfolio 2,2498,0.0
Portfolio 2,2499,34357077.521018006
Portfolio 2,2500,12357574.877490142
Portfolio 2,2501,32233253.803053685
Portfolio 2,2502,3036620.5354699735
Portfolio 2,2503,16039136.9337648
Portfolio 2,2504,0.0
Portfolio 2,2505,16039136.9337648
Portfolio 2,2506,0.0
Portfolio 2,2507,0.0
Portfolio 2,2508,13189289.29646699
Portfolio 2,2509,0.0
Portfolio 2,2510,33622819.769530565
Portfolio 2,2511,0.0
Portfolio 2,2512,18423536.62888647
Portfolio 2,2513,0.0
Portfolio 2,2514,0.0
Portfolio 2,2515,12357574.877490142
Portfolio 2,2516,0.0
Portfolio 2,2517,0.0
Portfolio 2,2518,0.0
Portfolio 2,2519,33709058.34336426
Portfolio 2,2520,31824396.742661245
Portfolio 2,2521,23713289.531536095
Portfolio 2,2522,0.0
Portfolio 2,2523,25794660.23689077
Portfolio 2,2524,16622579.30751163
Portfolio 2,2525,58757783.45856793
Portfolio 2,2526,8083054.654213435
Portfolio 2,2527,0.0
Portfolio 2,2528,15345518.185576415
Portfolio 2,2529,0.0
Portfolio 2,2530,37582194.892175876
Portfolio 2,2531,0.0
Portfolio 2,2532,29228426.23023179
Portfolio 2,2533,14509483.899103392
Portfolio 2,2534,46692067.453661054
Portfolio 2,2535,30593478.553604208
Portfolio 2,2536,3036620.5354699735
Portfolio 2,2537,21613902.4725786
Portfolio 2,2538,0.0
Portfolio 2,2539,0.0
Portfolio 2,2540,0.0
Portfolio 2,2541,0.0
Portfolio 2,2542,18226223.6516528
Portfolio 2,2543,0.0
Portfolio 2,2544,18423536.62888647
Portfolio 2,2545,18423536.62888647
Portfolio 2,2546,43473482.64251694
Portfolio 2,2547,0.0
Portfolio 2,2548,0.0
Portfolio 2,2549,15115135.719909279
Portfolio 2,2550,31675473.332326382
Portfolio 2,2551,11204092.281538276
Portfolio 2,2552,0.0
Portfolio 2,2553,0.0
Portfolio 2,2554,13189289.29646699
Portfolio 2,2555,0.0
Portfolio 2,2556,65027546.35783395
Portfolio 2,2557,15199283.140644096
Portfolio 2,2558,0.0
Portfolio 2,2559,0.0
Portfolio 2,2560,0.0
Portfolio 2,2561,0.0
Portfolio 2,2562,29950280.916613143
Portfolio 2,2563,86246684.47319284
Portfolio 2,2564,0.0
Portfolio 2,2565,0.0
Portfolio 2,2566,24957340.738275588
Portfolio 2,2567,0.0
Portfolio 2,2568,0.0
Portfolio 2,2569,9289187.814006878
Portfolio 2,2570,0.0
Portfolio 2,2571,23932923.122516707
Portfolio 2,2572,0.0
Portfolio 2,2573,0.0
Portfolio 2,2574,16039136.9337648
Portfolio 2,2575,0.0
Portfolio 2,2576,34727254.88759236
Portfolio 2,2577,19096107.98090101
Portfolio 2,2578,0.0
Portfolio 2,2579,0.0
Portfolio 2,2580,26319228.001447555
Portfolio 2,2581,25342005.793098014
Portfolio 2,2582,0.0
Portfolio 2,2583,16450107.204479685
Portfolio 2,2584,0.0
Portfolio 2,2585,18423536.62888647
Portfolio 2,2586,0.0
Portfolio 2,2587,0.0
Portfolio 2,2588,0.0
Portfolio 2,2589,26157966.595650926
Portfolio 2,2590,0.0
Portfolio 2,2591,16622579.30751163
Portfolio 2,2592,17711913.26865928
Portfolio 2,2593,34890560.58752416
Portfolio 2,2594,16622579.30751163
Portfolio 2,2595,6394411.026348391
Portfolio 2,2596,0.0
Portfolio 2,2597,6426429.244889958
Portfolio 2,2598,49961657.04153182
Portfolio 2,2599,18763324.314525187
Portfolio 2,2600,0.0
Portfolio 2,2601,0.0
Portfolio 2,2602,64546843.26209378
Portfolio 2,2603,0.0
Portfolio 2,2604,0.0
Portfolio 2,2605,0.0
Portfolio 2,2606,3036620.5354699735
Portfolio 2,2607,0.0
Portfolio 2,2608,18423536.62888647
Portfolio 2,2609,0.0
Portfolio 2,2610,9289187.814006878
Portfolio 2,2611,0.0
Portfolio 2,2612,13449249.680673582
Portfolio 2,2613,0.0
Portfolio 2,2614,34550772.901885435
Portfolio 2,2615,0.0
Portfolio 2,2616,20502334.329996835
Portfolio 2,2617,0.0
Portfolio 2,2618,0.0
Portfolio 2,2619,0.0
Portfolio 2,2620,9289187.814006878
Portfolio 2,2621,0.0
Portfolio 2,2622,28347754.568953224
Portfolio 2,2623,0.0
Portfolio 2,2624,11013053.326687574
Portfolio 2,2625,59224118.947687015
Portfolio 2,2626,18763324.314525187
Portfolio 2,2627,39912488.789294116
Portfolio 2,2628,11204092.281538276
Portfolio 2,2629,0.0
Portfolio 2,2630,0.0
Portfolio 2,2631,0.0
Portfolio 2,2632,0.0
Portfolio 2,2633,0.0
Portfolio 2,2634,0.0
Portfolio 2,2635,0.0
Portfolio 2,2636,16622579.30751163
Portfolio 2,2637,0.0
Portfolio 2,2638,31612825.92535346
Portfolio 2,2639,31240954.368914418
Portfolio 2,2640,31240954.368914418
Portfolio 2,2641,0.0
Portfolio 2,2642,0.0
Portfolio 2,2643,11013053.326687574
Portfolio 2,2644,0.0
Portfolio 2,2645,9755523.30312597
Portfolio 2,2646,0.0
Portfolio 2,2647,19096107.98090101
Portfolio 2,2648,56509683.19767597
Portfolio 2,2649,0.0
Portfolio 2,2650,20440629.531703576
Portfolio 2,2651,19991294.37234141
Portfolio 2,2652,138624405.0082483
Portfolio 2,2653,0.0
Portfolio 2,2654,0.0
Portfolio 2,2655,60834724.2011169
Portfolio 2,2656,41184170.65547523
Portfolio 2,2657,15201817.435149617
Portfolio 2,2658,0.0
Portfolio 2,2659,0.0
Portfolio 2,2660,16622579.30751163
Portfolio 2,2661,0.0
Portfolio 2,2662,13449249.680673582
Portfolio 2,2663,0.0
Portfolio 2,2664,0.0
Portfolio 2,2665,0.0
Portfolio 2,2666,0.0
Portfolio 2,2667,40031679.80880181
Portfolio 2,2668,48788952.5142754
Portfolio 2,2669,15345518.185576415
Portfolio 2,2670,0.0
Portfolio 2,2671,73116314.65765463
Portfolio 2,2672,18763324.314525187
Portfolio 2,2673,15345518.185576415
Portfolio 2,2674,0.0
Portfolio 2,2675,0.0
Portfolio 2,2676,19767970.77503982
Portfolio 2,2677,33965141.749674805
Portfolio 2,2678,0.0
Portfolio 2,2679,0.0
Portfolio 2,2680,0.0
Portfolio 2,2681,0.0
Portfolio 2,2682,15201817.435149617
Portfolio 2,2683,0.0
Portfolio 2,2684,18763324.314525187
Portfolio 2,2685,0.0
Portfolio 2,2686,3036620.5354699735
Portfolio 2,2687,0.0
Portfolio 2,2688,0.0
Portfolio 2,2689,0.0
Portfolio 2,2690,16450107.204479685
Portfolio 2,2691,93115212.61967774
Portfolio 2,2692,0.0
Portfolio 2,2693,0.0
Portfolio 2,2694,9535387.288139295
Portfolio 2,2695,0.0
Portfolio 2,2696,3036620.5354699735
Portfolio 2,2697,0.0
Portfolio 2,2698,0.0
Portfolio 2,2699,47690679.67692847
Portfolio 2,2700,0.0
Portfolio 2,2701,33184096.14291582
Portfolio 2,2702,0.0
Portfolio 2,2703,22680719.30068525
Portfolio 2,2704,18763324.314525187
Portfolio 2,2705,0.0
Portfolio 2,2706,29449050.192104027
Portfolio 2,2707,26309278.305866238
Portfolio 2,2708,21799944.84999516
Portfolio 2,2709,0.0
Portfolio 2,2710,18423536.62888647
Portfolio 2,2711,44638653.30828685
Portfolio 2,2712,11013053.326687574
Portfolio 2,2713,15345518.185576415
Portfolio 2,2714,0.0
Portfolio 2,2715,35806752.07804623
Portfolio 2,2716,26414963.951139577
Portfolio 2,2717,0.0
Portfolio 2,2718,0.0
Portfolio 2,2719,0.0
Portfolio 2,2720,0.0
Portfolio 2,2721,34802461.24828999
Portfolio 2,2722,15345518.185576415
Portfolio 2,2723,18423536.62888647
Portfolio 2,2724,13189289.29646699
Portfolio 2,2725,0.0
Portfolio 2,2726,28648532.82131768
Portfolio 2,2727,0.0
Portfolio 2,2728,16622579.30751163
Portfolio 2,2729,16622579.30751163
Portfolio 2,2730,0.0
Portfolio 2,2731,0.0
Portfolio 2,2732,0.0
Portfolio 2,2733,0.0
Portfolio 2,2734,0.0
Portfolio 2,2735,0.0
Portfolio 2,2736,54697764.43582625
Portfolio 2,2737,11213146.515989957
Portfolio 2,2738,14249767.05145993
Portfolio 2,2739,0.0
Portfolio 2,2740,21739929.211924806
Portfolio 2,2741,0.0
Portfolio 2,2742,0.0
Portfolio 2,2743,45695315.841319755
Portfolio 2,2744,0.0
Portfolio 2,2745,0.0
Portfolio 2,2746,0.0
Portfolio 2,2747,0.0
Portfolio 2,2748,0.0
Portfolio 2,2749,49752590.33703506
Portfolio 2,2750,16622579.30751163
Portfolio 2,2751,0.0
Portfolio 2,2752,0.0
Portfolio 2,2753,15683598.84035527
Portfolio 2,2754,0.0
Portfolio 2,2755,0.0
Portfolio 2,2756,37961188.400296
Portfolio 2,2757,19988858.71067782
Portfolio 2,2758,0.0
Portfolio 2,2759,0.0
Portfolio 2,2760,0.0
Portfolio 2,2761,6498766.752669321
Portfolio 2,2762,0.0
Portfolio 2,2763,18423536.62888647
Portfolio 2,2764,71622044.40018152
Portfolio 2,2765,31120899.192015328
Portfolio 2,2766,45062075.606027044
Portfolio 2,2767,0.0
Portfolio 2,2768,15199283.140644096
Portfolio 2,2769,11013053.326687574
Portfolio 2,2770,18226223.6516528
Portfolio 2,2771,0.0
Portfolio 2,2772,18423536.62888647
Portfolio 2,2773,0.0
Portfolio 2,2774,0.0
Portfolio 2,2775,18423536.62888647
Portfolio 2,2776,0.0
Portfolio 2,2777,0.0
Portfolio 2,2778,18423536.62888647
Portfolio 2,2779,51221323.07741723
Portfolio 2,2780,18226223.6516528
Portfolio 2,2781,11204092.281538276
Portfolio 2,2782,11213146.515989957
Portfolio 2,2783,29316525.569465958
Portfolio 2,2784,0.0
Portfolio 2,2785,6394411.026348391
Portfolio 2,2786,0.0
Portfolio 2,2787,0.0
Portfolio 2,2788,0.0
Portfolio 2,2789,0.0
Portfolio 2,2790,0.0
Portfolio 2,2791,0.0
Portfolio 2,2792,17134608.052963268
Portfolio 2,2793,0.0
Portfolio 2,2794,0.0
Portfolio 2,2795,18423536.62888647
Portfolio 2,2796,27514084.562627137
Portfolio 2,2797,9755523.30312597
Portfolio 2,2798,0.0
Portfolio 2,2799,8083054.654213435
Portfolio 2,2800,0.0
Portfolio 2,2801,32749815.5805106
Portfolio 2,2802,0.0
Portfolio 2,2803,34890560.58752416
Portfolio 2,2804,4645776.186764995
Portfolio 2,2805,0.0
Portfolio 2,2806,29317118.973253287
Portfolio 2,2807,0.0
Portfolio 2,2808,0.0
Portfolio 2,2809,57022727.974430636
Portfolio 2,2810,34973186.01030268
Portfolio 2,2811,15201817.435149617
Portfolio 2,2812,11213146.515989957
Portfolio 2,2813,11213146.515989957
Portfolio 2,2814,15345518.185576415
Portfolio 2,2815,0.0
Portfolio 2,2816,0.0
Portfolio 2,2817,16127236.27299897
Portfolio 2,2818,26506591.283099905
Portfolio 2,2819,36559917.500644706
Portfolio 2,2820,22253333.72910334
Portfolio 2,2821,0.0
Portfolio 2,2822,9431031.561818365
Portfolio 2,2823,37123466.76364109
Portfolio 2,2824,30933029.087277696
Portfolio 2,2825,41689442.89849676
Portfolio 2,2826,37425482.98332163
Portfolio 2,2827,0.0
Portfolio 2,2828,0.0
Portfolio 2,2829,15817893.367368415
Portfolio 2,2830,15201817.435149617
Portfolio 2,2831,16127236.27299897
Portfolio 2,2832,0.0
Portfolio 2,2833,37619056.232677855
Portfolio 2,2834,16501031.23593956
Portfolio 2,2835,36901860.03230965
Portfolio 2,2836,17711913.26865928
Portfolio 2,2837,0.0
Portfolio 2,2838,23633374.80563259
Portfolio 2,2839,0.0
Portfolio 2,2840,12357574.877490142
Portfolio 2,2841,0.0
Portfolio 2,2842,13449249.680673582
Portfolio 2,2843,18763324.314525187
Portfolio 2,2844,51861645.02023788
Portfolio 2,2845,13189289.29646699
Portfolio 2,2846,29627628.910424747
Portfolio 2,2847,16039136.9337648
Portfolio 2,2848,19988858.71067782
Portfolio 2,2849,4645776.186764995
Portfolio 2,2850,0.0
Portfolio 2,2851,30933029.087277696
Portfolio 2,2852,9755523.30312597
Portfolio 2,2853,0.0
Portfolio 2,2854,0.0
Portfolio 2,2855,63414579.22186655
Portfolio 2,2856,0.0
Portfolio 2,2857,18763324.314525187
Portfolio 2,2858,15345518.185576415
Portfolio 2,2859,0.0
Portfolio 2,2860,0.0
Portfolio 2,2861,0.0
Portfolio 2,2862,12357574.877490142
Portfolio 2,2863,28347754.568953224
Portfolio 2,2864,0.0
Portfolio 2,2865,37391155.93732517
Portfolio 2,2866,0.0
Portfolio 2,2867,15345518.185576415
Portfolio 2,2868,0.0
Portfolio 2,2869,19988858.71067782
Portfolio 2,2870,0.0
Portfolio 2,2871,11013053.326687574
Portfolio 2,2872,34108842.5001016
Portfolio 2,2873,0.0
Portfolio 2,2874,13449249.680673582
Portfolio 2,2875,30071828.988185212
Portfolio 2,2876,0.0
Portfolio 2,2877,0.0
Portfolio 2,2878,0.0
Portfolio 2,2879,6426429.244889958
Portfolio 2,2880,17134608.052963268
Portfolio 2,2881,0.0
Portfolio 2,2882,0.0
Portfolio 2,2883,0.0
Portfolio 2,2884,0.0
Portfolio 2,2885,0.0
Portfolio 2,2886,8083054.654213435
Portfolio 2,2887,8367052.55026625
Portfolio 2,2888,32440472.674880043
Portfolio 2,2889,18763324.314525187
Portfolio 2,2890,0.0
Portfolio 2,2891,71092890.40610129
Portfolio 2,2892,18226223.6516528
Portfolio 2,2893,33757187.3604749
Portfolio 2,2894,36649760.280539274
Portfolio 2,2895,15201817.435149617
Portfolio 2,2896,26506591.283099905
Portfolio 2,2897,0.0
Portfolio 2,2898,8083054.654213435
Portfolio 2,2899,0.0
Portfolio 2,2900,0.0
Portfolio 2,2901,0.0
Portfolio 2,2902,0.0
Portfolio 2,2903,0.0
Portfolio 2,2904,0.0
Portfolio 2,2905,0.0
Portfolio 2,2906,20959615.584664248
Portfolio 2,2907,0.0
Portfolio 2,2908,0.0
Portfolio 2,2909,24184945.917634666
Portfolio 2,2910,22626003.025668293
Portfolio 2,2911,0.0
Portfolio 2,2912,31311865.149859212
Portfolio 2,2913,29627628.910424747
Portfolio 2,2914,42746634.43833285
Portfolio 2,2915,0.0
Portfolio 2,2916,0.0
Portfolio 2,2917,0.0
Portfolio 2,2918,0.0
Portfolio 2,2919,15817893.367368415
Portfolio 2,2920,18423536.62888647
Portfolio 2,2921,0.0
Portfolio 2,2922,15817893.367368415
Portfolio 2,2923,0.0
Portfolio 2,2924,0.0
Portfolio 2,2925,68708894.00188857
Portfolio 2,2926,15115135.719909279
Portfolio 2,2927,0.0
Portfolio 2,2928,15199283.140644096
Portfolio 2,2929,36649760.280539274
Portfolio 2,2930,6426429.244889958
Portfolio 2,2931,11204092.281538276
Portfolio 2,2932,24954806.443770066
Portfolio 2,2933,0.0
Portfolio 2,2934,11213146.515989957
Portfolio 2,2935,29636683.144876428
Portfolio 2,2936,13934964.000771873
Portfolio 2,2937,0.0
Portfolio 2,2938,0.0
Portfolio 2,2939,16254290.055795291
Portfolio 2,2940,0.0
Portfolio 2,2941,70035951.45537809
Portfolio 2,2942,0.0
Portfolio 2,2943,0.0
Portfolio 2,2944,0.0
Portfolio 2,2945,16622579.30751163
Portfolio 2,2946,6394411.026348391
Portfolio 2,2947,11204092.281538276
Portfolio 2,2948,9755523.30312597
Portfolio 2,2949,0.0
Portfolio 2,2950,49340971.122932926
Portfolio 2,2951,16039136.9337648
Portfolio 2,2952,0.0
Portfolio 2,2953,31120899.192015328
Portfolio 2,2954,0.0
Portfolio 2,2955,0.0
Portfolio 2,2956,16622579.30751163
Portfolio 2,2957,9755523.30312597
Portfolio 2,2958,8083054.654213435
Portfolio 2,2959,0.0
Portfolio 2,2960,0.0
Portfolio 2,2961,28534807.482043404
Portfolio 2,2962,6426429.244889958
Portfolio 2,2963,31786065.78645154
Portfolio 2,2964,64263756.36332764
Portfolio 2,2965,0.0
Portfolio 2,2966,16127236.27299897
Portfolio 2,2967,0.0
Portfolio 2,2968,29436589.955574043
Portfolio 2,2969,11213146.515989957
Portfolio 2,2970,19688056.04913631
Portfolio 2,2971,16501031.23593956
Portfolio 2,2972,0.0
Portfolio 2,2973,0.0
Portfolio 2,2974,17835065.483231984
Portfolio 2,2975,18423536.62888647
Portfolio 2,2976,11204092.281538276
Portfolio 2,2977,0.0
Portfolio 2,2978,16622579.30751163
Portfolio 2,2979,6394411.026348391
Portfolio 2,2980,39265658.644522026
Portfolio 2,2981,0.0
Portfolio 2,2982,0.0
Portfolio 2,2983,0.0
Portfolio 2,2984,0.0
Portfolio 2,2985,11213146.515989957
Portfolio 2,2986,63406296.46938333
Portfolio 2,2987,0.0
Portfolio 2,2988,66096211.725602075
Portfolio 2,2989,0.0
Portfolio 2,2990,0.0
Portfolio 2,2991,56190735.32058809
Portfolio 2,2992,0.0
Portfolio 2,2993,29430315.933191076
Portfolio 2,2994,35264355.55046475
Portfolio 2,2995,0.0
Portfolio 2,2996,0.0
Portfolio 2,2997,0.0
Portfolio 2,2998,0.0
Portfolio 2,2999,0.0
Portfolio 2,3000,24673707.346011408
Portfolio 2,3001,21924199.664149243
Portfolio 2,3002,0.0
Portfolio 2,3003,12357574.877490142
Portfolio 2,3004,0.0
Portfolio 2,3005,0.0
Portfolio 2,3006,0.0
Portfolio 2,3007,15345518.185576415
Portfolio 2,3008,21698049.893313415
Portfolio 2,3009,9755523.30312597
Portfolio 2,3010,0.0
Portfolio 2,3011,0.0
Portfolio 2,3012,16127236.27299897
Portfolio 2,3013,15201817.435149617
Portfolio 2,3014,0.0
Portfolio 2,3015,31700314.37658366
Portfolio 2,3016,31326519.413643066
Portfolio 2,3017,97285078.95750768
Portfolio 2,3018,6578681.478572828
Portfolio 2,3019,0.0
Portfolio 2,3020,6394411.026348391
Portfolio 2,3021,0.0
Portfolio 2,3022,0.0
Portfolio 2,3023,0.0
Portfolio 2,3024,39998245.4938886
Portfolio 2,3025,18763324.314525187
Portfolio 2,3026,0.0
Portfolio 2,3027,0.0
Portfolio 2,3028,44641187.602792375
Portfolio 2,3029,0.0
Portfolio 2,3030,49527255.77686885
Portfolio 2,3031,90154421.98432364
Portfolio 2,3032,61932655.605333455
Portfolio 2,3033,0.0
Portfolio 2,3034,11013053.326687574
Portfolio 2,3035,15115135.719909279
Portfolio 2,3036,0.0
Portfolio 2,3037,0.0
Portfolio 2,3038,0.0
Portfolio 2,3039,0.0
Portfolio 2,3040,3036620.5354699735
Portfolio 2,3041,55513943.398438774
Portfolio 2,3042,0.0
Portfolio 2,3043,0.0
Portfolio 2,3044,43785566.96367356
Portfolio 2,3045,0.0
Portfolio 2,3046,0.0
Portfolio 2,3047,0.0
Portfolio 2,3048,0.0
Portfolio 2,3049,0.0
Portfolio 2,3050,0.0
Portfolio 2,3051,0.0
Portfolio 2,3052,0.0
Portfolio 2,3053,23198190.374122713
Portfolio 2,3054,46589995.90357509
Portfolio 2,3055,15199283.140644096
Portfolio 2,3056,15201817.435149617
Portfolio 2,3057,0.0
Portfolio 2,3058,15817893.367368415
Portfolio 2,3059,15199283.140644096
Portfolio 2,3060,0.0
Portfolio 2,3061,0.0
Portfolio 2,3062,0.0
Portfolio 2,3063,6498766.752669321
Portfolio 2,3064,15201817.435149617
Portfolio 2,3065,11213146.515989957
Portfolio 2,3066,0.0
Portfolio 2,3067,4645776.186764995
Portfolio 2,3068,21799944.84999516
Portfolio 2,3069,38412395.33956429
Portfolio 2,3070,0.0
Portfolio 2,3071,0.0
Portfolio 2,3072,68872059.14367133
Portfolio 2,3073,34632665.12132812
Portfolio 2,3074,32212573.99519877
Portfolio 2,3075,0.0
Portfolio 2,3076,58083584.11360987
Portfolio 2,3077,29135629.180079795
Portfolio 2,3078,15115135.719909279
Portfolio 2,3079,6578681.478572828
Portfolio 2,3080,0.0
Portfolio 2,3081,41950904.05528331
Portfolio 2,3082,0.0
Portfolio 2,3083,16127236.27299897
Portfolio 2,3084,0.0
Portfolio 2,3085,20493280.095545154
Portfolio 2,3086,37278050.531724855
Portfolio 2,3087,100166625.59914906
Portfolio 2,3088,0.0
Portfolio 2,3089,0.0
Portfolio 2,3090,23198190.374122713
Portfolio 2,3091,0.0
Portfolio 2,3092,0.0
Portfolio 2,3093,13189289.29646699
Portfolio 2,3094,15345518.185576415
Portfolio 2,3095,79029959.4054499
Portfolio 2,3096,0.0
Portfolio 2,3097,11213146.515989957
Portfolio 2,3098,0.0
Portfolio 2,3099,78618618.28607684
Portfolio 2,3100,16501031.23593956
Portfolio 2,3101,52285532.00228913
Portfolio 2,3102,0.0
Portfolio 2,3103,11213146.515989957
Portfolio 2,3104,0.0
Portfolio 2,3105,0.0
Portfolio 2,3106,15345518.185576415
Portfolio 2,3107,0.0
Portfolio 2,3108,0.0
Portfolio 2,3109,0.0
Portfolio 2,3110,0.0
Portfolio 2,3111,31675473.332326382
Portfolio 2,3112,0.0
Portfolio 2,3113,17134608.052963268
Portfolio 2,3114,0.0
Portfolio 2,3115,26212336.46733167
Portfolio 2,3116,34462673.56265127
Portfolio 2,3117,42367419.16966404
Portfolio 2,3118,0.0
Portfolio 2,3119,0.0
Portfolio 2,3120,46711034.80214192
Portfolio 2,3121,0.0
Portfolio 2,3122,0.0
Portfolio 2,3123,18423536.62888647
Portfolio 2,3124,0.0
Portfolio 2,3125,0.0
Portfolio 2,3126,18423536.62888647
Portfolio 2,3127,27331328.554537244
Portfolio 2,3128,0.0
Portfolio 2,3129,0.0
Portfolio 2,3130,98671867.47740889
Portfolio 2,3131,30314418.860553376
Portfolio 2,3132,6498766.752669321
Portfolio 2,3133,7682396.722234968
Portfolio 2,3134,49949146.96687488
Portfolio 2,3135,0.0
Portfolio 2,3136,29140065.010030214
Portfolio 2,3137,0.0
Portfolio 2,3138,45755218.92198919
Portfolio 2,3139,0.0
Portfolio 2,3140,0.0
Portfolio 2,3141,0.0
Portfolio 2,3142,0.0
Portfolio 2,3143,0.0
Portfolio 2,3144,0.0
Portfolio 2,3145,0.0
Portfolio 2,3146,0.0
Portfolio 2,3147,0.0
Portfolio 2,3148,3036620.5354699735
Portfolio 2,3149,11204092.281538276
Portfolio 2,3150,4645776.186764995
Portfolio 2,3151,0.0
Portfolio 2,3152,52951847.71418304
Portfolio 2,3153,6498766.752669321
Portfolio 2,3154,0.0
Portfolio 2,3155,6394411.026348391
Portfolio 2,3156,16622579.30751163
Portfolio 2,3157,0.0
Portfolio 2,3158,4645776.186764995
Portfolio 2,3159,0.0
Portfolio 2,3160,0.0
Portfolio 2,3161,0.0
Portfolio 2,3162,14761463.57661464
Portfolio 2,3163,40975628.70824199
Portfolio 2,3164,48977021.9390523
Portfolio 2,3165,77241866.4635427
Portfolio 2,3166,65433654.8828848
Portfolio 2,3167,9755523.30312597
Portfolio 2,3168,0.0
Portfolio 2,3169,13449249.680673582
Portfolio 2,3170,18423536.62888647
Portfolio 2,3171,0.0
Portfolio 2,3172,16127236.27299897
Portfolio 2,3173,15199283.140644096
Portfolio 2,3174,15817893.367368415
Portfolio 2,3175,15345518.185576415
Portfolio 2,3176,13449249.680673582
Portfolio 2,3177,0.0
Portfolio 2,3178,0.0
Portfolio 2,3179,16450107.204479685
Portfolio 2,3180,13189289.29646699
Portfolio 2,3181,21739929.211924806
Portfolio 2,3182,18423536.62888647
Portfolio 2,3183,0.0
Portfolio 2,3184,0.0
Portfolio 2,3185,0.0
Portfolio 2,3186,56602317.82651792
Portfolio 2,3187,0.0
Portfolio 2,3188,8083054.654213435
Portfolio 2,3189,3036620.5354699735
Portfolio 2,3190,33625354.064036086
Portfolio 2,3191,0.0
Portfolio 2,3192,9289187.814006878
Portfolio 2,3193,0.0
Portfolio 2,3194,16501031.23593956
Portfolio 2,3195,45763919.417875394
Portfolio 2,3196,62577606.11155732
Portfolio 2,3197,0.0
Portfolio 2,3198,29430315.933191076
Portfolio 2,3199,31120899.192015328
Portfolio 2,3200,0.0
Portfolio 2,3201,37186860.943411656
Portfolio 2,3202,6426429.244889958
Portfolio 2,3203,18423536.62888647
Portfolio 2,3204,0.0
Portfolio 2,3205,18763324.314525187
Portfolio 2,3206,8367052.55026625
Portfolio 2,3207,0.0
Portfolio 2,3208,55061789.1759574
Portfolio 2,3209,12893177.779017713
Portfolio 2,3210,42047895.409896694
Portfolio 2,3211,0.0
Portfolio 2,3212,61635450.17277394
Portfolio 2,3213,0.0
Portfolio 2,3214,51214554.57479097
Portfolio 2,3215,0.0
Portfolio 2,3216,21460157.16435644
Portfolio 2,3217,0.0
Portfolio 2,3218,0.0
Portfolio 2,3219,0.0
Portfolio 2,3220,60319471.93657341
Portfolio 2,3221,0.0
Portfolio 2,3222,6426429.244889958
Portfolio 2,3223,0.0
Portfolio 2,3224,15345518.185576415
Portfolio 2,3225,0.0
Portfolio 2,3226,35334376.896254234
Portfolio 2,3227,0.0
Portfolio 2,3228,0.0
Portfolio 2,3229,6498766.752669321
Portfolio 2,3230,15715617.058896836
Portfolio 2,3231,39955840.96377349
Portfolio 2,3232,0.0
Portfolio 2,3233,0.0
Portfolio 2,3234,0.0
Portfolio 2,3235,23713289.531536095
Portfolio 2,3236,13189289.29646699
Portfolio 2,3237,0.0
Portfolio 2,3238,42708024.72345765
Portfolio 2,3239,0.0
Portfolio 2,3240,18751985.903838534
Portfolio 2,3241,15199283.140644096
Portfolio 2,3242,0.0
Portfolio 2,3243,37930991.547984526
Portfolio 2,3244,0.0
Portfolio 2,3245,21460157.16435644
Portfolio 2,3246,0.0
Portfolio 2,3247,0.0
Portfolio 2,3248,19988858.71067782
Portfolio 2,3249,18423536.62888647
Portfolio 2,3250,26638538.977140572
Portfolio 2,3251,26214870.761837192
Portfolio 2,3252,29239276.978340376
Portfolio 2,3253,0.0
Portfolio 2,3254,6394411.026348391
Portfolio 2,3255,9431031.561818365
Portfolio 2,3256,6426429.244889958
Portfolio 2,3257,0.0
Portfolio 2,3258,33962607.45516928
Portfolio 2,3259,12357574.877490142
Portfolio 2,3260,0.0
Portfolio 2,3261,31154272.65367408
Portfolio 2,3262,0.0
Portfolio 2,3263,0.0
Portfolio 2,3264,22626003.025668293
Portfolio 2,3265,11213146.515989957
Portfolio 2,3266,20768576.629813544
Portfolio 2,3267,0.0
Portfolio 2,3268,12357574.877490142
Portfolio 2,3269,0.0
Portfolio 2,3270,62432408.10790147
Portfolio 2,3271,16501031.23593956
Portfolio 2,3272,13012828.737031244
Portfolio 2,3273,0.0
Portfolio 2,3274,15115135.719909279
Portfolio 2,3275,37186860.943411656
Portfolio 2,3276,65834646.33829714
Portfolio 2,3277,0.0
Portfolio 2,3278,81680329.47036867
Portfolio 2,3279,11204092.281538276
Portfolio 2,3280,23016990.33386002
Portfolio 2,3281,0.0
Portfolio 2,3282,16039136.9337648
Portfolio 2,3283,0.0
Portfolio 2,3284,0.0
Portfolio 2,3285,23201260.78608446
Portfolio 2,3286,38950910.2839031
Portfolio 2,3287,19988858.71067782
Portfolio 2,3288,18763324.314525187
Portfolio 2,3289,51051804.137825
Portfolio 2,3290,0.0
Portfolio 2,3291,0.0
Portfolio 2,3292,33538672.34879575
Portfolio 2,3293,0.0
Portfolio 2,3294,0.0
Portfolio 2,3295,31154272.65367408
Portfolio 2,3296,13449249.680673582
Portfolio 2,3297,13189289.29646699
Portfolio 2,3298,48941503.910819605
Portfolio 2,3299,35229633.92040185
Portfolio 2,3300,0.0
Portfolio 2,3301,0.0
Portfolio 2,3302,24817947.65523486
Portfolio 2,3303,35188141.85132192
Portfolio 2,3304,131507863.84266087
Portfolio 2,3305,33965141.749674805
Portfolio 2,3306,8083054.654213435
Portfolio 2,3307,0.0
Portfolio 2,3308,0.0
Portfolio 2,3309,0.0
Portfolio 2,3310,18095025.867438577
Portfolio 2,3311,16127236.27299897
Portfolio 2,3312,11013053.326687574
Portfolio 2,3313,4645776.186764995
Portfolio 2,3314,27514084.562627137
Portfolio 2,3315,0.0
Portfolio 2,3316,0.0
Portfolio 2,3317,0.0
Portfolio 2,3318,21816302.23093983
Portfolio 2,3319,18423536.62888647
Portfolio 2,3320,0.0
Portfolio 2,3321,9431031.561818365
Portfolio 2,3322,0.0
Portfolio 2,3323,15201817.435149617
Portfolio 2,3324,33622819.769530565
Portfolio 2,3325,15201817.435149617
Portfolio 2,3326,13189289.29646699
Portfolio 2,3327,0.0
Portfolio 2,3328,0.0
Portfolio 2,3329,18226223.6516528
Portfolio 2,3330,12357574.877490142
Portfolio 2,3331,0.0
Portfolio 2,3332,0.0
Portfolio 2,3333,0.0
Portfolio 2,3334,0.0
Portfolio 2,3335,0.0
Portfolio 2,3336,16622579.30751163
Portfolio 2,3337,24290594.74723211
Portfolio 2,3338,0.0
Portfolio 2,3339,9755523.30312597
Portfolio 2,3340,0.0
Portfolio 2,3341,15345518.185576415
Portfolio 2,3342,25002218.107459296
Portfolio 2,3343,27340382.788988926
Portfolio 2,3344,18763324.314525187
Portfolio 2,3345,33173744.98672807
Portfolio 2,3346,50751953.09026925
Portfolio 2,3347,20027931.15924641
Portfolio 2,3348,0.0
Portfolio 2,3349,18423536.62888647
Portfolio 2,3350,0.0
Portfolio 2,3351,37627888.14850842
Portfolio 2,3352,16622579.30751163
Portfolio 2,3353,37286432.66186117
Portfolio 2,3354,0.0
Portfolio 2,3355,3036620.5354699735
Portfolio 2,3356,6578681.478572828
Portfolio 2,3357,73700067.3301708
Portfolio 2,3358,8367052.55026625
Portfolio 2,3359,0.0
Portfolio 2,3360,34353459.92465177
Portfolio 2,3361,37428341.28225535
Portfolio 2,3362,0.0
Portfolio 2,3363,0.0
Portfolio 2,3364,3036620.5354699735
Portfolio 2,3365,6578681.478572828
Portfolio 2,3366,66809107.150819235
Portfolio 2,3367,47815048.78785455
Portfolio 2,3368,0.0
Portfolio 2,3369,0.0
Portfolio 2,3370,0.0
Portfolio 2,3371,0.0
Portfolio 2,3372,59040332.952025265
Portfolio 2,3373,35806752.07804623
Portfolio 2,3374,17134608.052963268
Portfolio 2,3375,18226223.6516528
Portfolio 2,3376,0.0
Portfolio 2,3377,0.0
Portfolio 2,3378,0.0
Portfolio 2,3379,16501031.23593956
Portfolio 2,3380,32661716.241276428
Portfolio 2,3381,0.0
Portfolio 2,3382,0.0
Portfolio 2,3383,0.0
Portfolio 2,3384,0.0
Portfolio 2,3385,0.0
Portfolio 2,3386,35264355.55046475
Portfolio 2,3387,0.0
Portfolio 2,3388,0.0
Portfolio 2,3389,56200018.03478207
Portfolio 2,3390,36258522.89907199
Portfolio 2,3391,0.0
Portfolio 2,3392,0.0
Portfolio 2,3393,0.0
Portfolio 2,3394,0.0
Portfolio 2,3395,18423536.62888647
Portfolio 2,3396,15115135.719909279
Portfolio 2,3397,0.0
Portfolio 2,3398,14581821.406882755
Portfolio 2,3399,0.0
Portfolio 2,3400,3036620.5354699735
Portfolio 2,3401,0.0
Portfolio 2,3402,29492182.930453412
Portfolio 2,3403,8367052.55026625
Portfolio 2,3404,9289187.814006878
Portfolio 2,3405,0.0
Portfolio 2,3406,45237783.639864594
Portfolio 2,3407,18226223.6516528
Portfolio 2,3408,0.0
Portfolio 2,3409,0.0
Portfolio 2,3410,19845059.32740909
Portfolio 2,3411,37548683.68002247
Portfolio 2,3412,11213146.515989957
Portfolio 2,3413,11403673.085736223
Portfolio 2,3414,11119675.189683408
Portfolio 2,3415,0.0
Portfolio 2,3416,4645776.186764995
Portfolio 2,3417,15201817.435149617
Portfolio 2,3418,17134608.052963268
Portfolio 2,3419,0.0
Portfolio 2,3420,0.0
Portfolio 2,3421,0.0
Portfolio 2,3422,109967487.66533409
Portfolio 2,3423,13449249.680673582
Portfolio 2,3424,14240712.81700825
Portfolio 2,3425,0.0
Portfolio 2,3426,0.0
Portfolio 2,3427,0.0
Portfolio 2,3428,8367052.55026625
Portfolio 2,3429,0.0
Portfolio 2,3430,0.0
Portfolio 2,3431,24122191.587978236
Portfolio 2,3432,40659771.611765996
Portfolio 2,3433,0.0
Portfolio 2,3434,11204092.281538276
Portfolio 2,3435,13189289.29646699
Portfolio 2,3436,9755523.30312597
Portfolio 2,3437,0.0
Portfolio 2,3438,0.0
Portfolio 2,3439,27620706.42562297
Portfolio 2,3440,19988858.71067782
Portfolio 2,3441,0.0
Portfolio 2,3442,0.0
Portfolio 2,3443,19075757.469234772
Portfolio 2,3444,0.0
Portfolio 2,3445,3036620.5354699735
Portfolio 2,3446,36027995.64444262
Portfolio 2,3447,42701545.12643716
Portfolio 2,3448,15199283.140644096
Portfolio 2,3449,19155260.08586839
Portfolio 2,3450,55826533.1537404
Portfolio 2,3451,0.0
Portfolio 2,3452,0.0
Portfolio 2,3453,0.0
Portfolio 2,3454,0.0
Portfolio 2,3455,0.0
Portfolio 2,3456,0.0
Portfolio 2,3457,25546864.17395713
Portfolio 2,3458,19988858.71067782
Portfolio 2,3459,0.0
Portfolio 2,3460,0.0
Portfolio 2,3461,23049008.552401587
Portfolio 2,3462,0.0
Portfolio 2,3463,0.0
Portfolio 2,3464,0.0
Portfolio 2,3465,18763324.314525187
Portfolio 2,3466,0.0
Portfolio 2,3467,0.0
Portfolio 2,3468,0.0
Portfolio 2,3469,0.0
Portfolio 2,3470,0.0
Portfolio 2,3471,0.0
Portfolio 2,3472,0.0
Portfolio 2,3473,26078965.81892553
Portfolio 2,3474,11213146.515989957
Portfolio 2,3475,0.0
Portfolio 2,3476,0.0
Portfolio 2,3477,27243229.21530308
Portfolio 2,3478,0.0
Portfolio 2,3479,6578681.478572828
Portfolio 2,3480,35786147.71727999
Portfolio 2,3481,16127236.27299897
Portfolio 2,3482,0.0
Portfolio 2,3483,4645776.186764995
Portfolio 2,3484,15115135.719909279
Portfolio 2,3485,0.0
Portfolio 2,3486,0.0
Portfolio 2,3487,0.0
Portfolio 2,3488,50533660.03689834
Portfolio 2,3489,31821862.448155724
Portfolio 2,3490,0.0
Portfolio 2,3491,0.0
Portfolio 2,3492,0.0
Portfolio 2,3493,0.0
Portfolio 2,3494,29776377.64121276
Portfolio 2,3495,0.0
Portfolio 2,3496,17134608.052963268
Portfolio 2,3497,28980154.185001772
Portfolio 2,3498,19988858.71067782
Portfolio 2,3499,0.0
Portfolio 2,3500,23529019.079311658
Portfolio 2,3501,3036620.5354699735
Portfolio 2,3502,0.0
Portfolio 2,3503,0.0
Portfolio 2,3504,0.0
Portfolio 2,3505,0.0
Portfolio 2,3506,0.0
Portfolio 2,3507,0.0
Portfolio 2,3508,0.0
Portfolio 2,3509,16501031.23593956
Portfolio 2,3510,30828865.057346903
Portfolio 2,3511,15115135.719909279
Portfolio 2,3512,19659199.842981603
Portfolio 2,3513,42042170.35261926
Portfolio 2,3514,79565979.11958827
Portfolio 2,3515,0.0
Portfolio 2,3516,11204092.281538276
Portfolio 2,3517,0.0
Portfolio 2,3518,16039136.9337648
Portfolio 2,3519,11204092.281538276
Portfolio 2,3520,0.0
Portfolio 2,3521,0.0
Portfolio 2,3522,0.0
Portfolio 2,3523,68009258.76869601
Portfolio 2,3524,16622579.30751163
Portfolio 2,3525,8367052.55026625
Portfolio 2,3526,0.0
Portfolio 2,3527,0.0
Portfolio 2,3528,49957024.551229365
Portfolio 2,3529,0.0
Portfolio 2,3530,0.0
Portfolio 2,3531,0.0
Portfolio 2,3532,13449249.680673582
Portfolio 2,3533,34890560.58752416
Portfolio 2,3534,0.0
Portfolio 2,3535,18226223.6516528
Portfolio 2,3536,6578681.478572828
Portfolio 2,3537,0.0
Portfolio 2,3538,8367052.55026625
Portfolio 2,3539,40075955.9195285
Portfolio 2,3540,18226223.6516528
Portfolio 2,3541,29316525.569465958
Portfolio 2,3542,12357574.877490142
Portfolio 2,3543,0.0
Portfolio 2,3544,0.0
Portfolio 2,3545,0.0
Portfolio 2,3546,0.0
Portfolio 2,3547,11204092.281538276
Portfolio 2,3548,128880512.60944341
Portfolio 2,3549,3036620.5354699735
Portfolio 2,3550,21268355.494276624
Portfolio 2,3551,0.0
Portfolio 2,3552,18226223.6516528
Portfolio 2,3553,0.0
Portfolio 2,3554,0.0
Portfolio 2,3555,4645776.186764995
Portfolio 2,3556,29492182.930453412
Portfolio 2,3557,9289187.814006878
Portfolio 2,3558,38451380.3636615
Portfolio 2,3559,31872786.309560053
Portfolio 2,3560,0.0
Portfolio 2,3561,15345518.185576415
Portfolio 2,3562,0.0
Portfolio 2,3563,12357574.877490142
Portfolio 2,3564,20440629.531703576
Portfolio 2,3565,6498766.752669321
Portfolio 2,3566,17134608.052963268
Portfolio 2,3567,0.0
Portfolio 2,3568,0.0
Portfolio 2,3569,14865819.30293557
Portfolio 2,3570,0.0
Portfolio 2,3571,20440629.531703576
Portfolio 2,3572,0.0
Portfolio 2,3573,22871999.8384178
Portfolio 2,3574,47100201.07609757
Portfolio 2,3575,0.0
Portfolio 2,3576,0.0
Portfolio 2,3577,27331328.554537244
Portfolio 2,3578,0.0
Portfolio 2,3579,64582350.86627919
Portfolio 2,3580,0.0
Portfolio 2,3581,122067008.48186116
Portfolio 2,3582,0.0
Portfolio 2,3583,6498766.752669321
Portfolio 2,3584,17630521.526428234
Portfolio 2,3585,0.0
Portfolio 2,3586,12357574.877490142
Portfolio 2,3587,0.0
Portfolio 2,3588,15345518.185576415
Portfolio 2,3589,28388572.437111087
Portfolio 2,3590,15849868.46830327
Portfolio 2,3591,34222262.14043754
Portfolio 2,3592,9755523.30312597
Portfolio 2,3593,0.0
Portfolio 2,3594,0.0
Portfolio 2,3595,31326519.413643066
Portfolio 2,3596,37327440.113626085
Portfolio 2,3597,6394411.026348391
Portfolio 2,3598,41344898.980175674
Portfolio 2,3599,0.0
Portfolio 2,3600,0.0
Portfolio 2,3601,30892148.33067459
Portfolio 2,3602,31846549.421515975
Portfolio 2,3603,0.0
Portfolio 2,3604,29899356.885153268
Portfolio 2,3605,0.0
Portfolio 2,3606,0.0
Portfolio 2,3607,18423536.62888647
Portfolio 2,3608,11213146.515989957
Portfolio 2,3609,16127236.27299897
Portfolio 2,3610,37718462.69875631
Portfolio 2,3611,46582134.912596874
Portfolio 2,3612,0.0
Portfolio 2,3613,6426429.244889958
Portfolio 2,3614,34044117.01902121
Portfolio 2,3615,56037049.27564673
Portfolio 2,3616,26328282.235899236
Portfolio 2,3617,11144542.939434316
Portfolio 2,3618,54570076.39257142
Portfolio 2,3619,0.0
Portfolio 2,3620,0.0
Portfolio 2,3621,36611438.01818945
Portfolio 2,3622,0.0
Portfolio 2,3623,0.0
Portfolio 2,3624,0.0
Portfolio 2,3625,32346433.588167965
Portfolio 2,3626,31472754.458575383
Portfolio 2,3627,18763324.314525187
Portfolio 2,3628,26309278.305866238
Portfolio 2,3629,0.0
Portfolio 2,3630,35401593.690183796
Portfolio 2,3631,0.0
Portfolio 2,3632,18763324.314525187
Portfolio 2,3633,0.0
Portfolio 2,3634,15199283.140644096
Portfolio 2,3635,43643976.0664172
Portfolio 2,3636,0.0
Portfolio 2,3637,0.0
Portfolio 2,3638,16127236.27299897
Portfolio 2,3639,12357574.877490142
Portfolio 2,3640,21780384.239728265
Portfolio 2,3641,42136107.364729136
Portfolio 2,3642,0.0
Portfolio 2,3643,17702859.034207597
Portfolio 2,3644,54692430.63225649
Portfolio 2,3645,11013053.326687574
Portfolio 2,3646,6578681.478572828
Portfolio 2,3647,0.0
Portfolio 2,3648,0.0
Portfolio 2,3649,42324361.61237842
Portfolio 2,3650,0.0
Portfolio 2,3651,0.0
Portfolio 2,3652,0.0
Portfolio 2,3653,0.0
Portfolio 2,3654,29950280.916613143
Portfolio 2,3655,0.0
Portfolio 2,3656,0.0
Portfolio 2,3657,43383958.992526375
Portfolio 2,3658,0.0
Portfolio 2,3659,0.0
Portfolio 2,3660,0.0
Portfolio 2,3661,15201817.435149617
Portfolio 2,3662,31644091.95206666
Portfolio 2,3663,15817893.367368415
Portfolio 2,3664,19155260.08586839
Portfolio 2,3665,0.0
Portfolio 2,3666,81464703.55510119
Portfolio 2,3667,0.0
Portfolio 2,3668,0.0
Portfolio 2,3669,40640682.23711232
Portfolio 2,3670,0.0
Portfolio 2,3671,34462673.56265127
Portfolio 2,3672,0.0
Portfolio 2,3673,0.0
Portfolio 2,3674,21693817.198482107
Portfolio 2,3675,8367052.55026625
Portfolio 2,3676,8367052.55026625
Portfolio 2,3677,15201817.435149617
Portfolio 2,3678,0.0
Portfolio 2,3679,43839960.715892315
Portfolio 2,3680,0.0
Portfolio 2,3681,11204092.281538276
Portfolio 2,3682,6426429.244889958
Portfolio 2,3683,61689511.65417118
Portfolio 2,3684,0.0
Portfolio 2,3685,15817893.367368415
Portfolio 2,3686,15817893.367368415
Portfolio 2,3687,0.0
Portfolio 2,3688,0.0
Portfolio 2,3689,0.0
Portfolio 2,3690,0.0
Portfolio 2,3691,49839049.577006266
Portfolio 2,3692,3036620.5354699735
Portfolio 2,3693,19580199.066256206
Portfolio 2,3694,16334204.781698797
Portfolio 2,3695,29267143.048042
Portfolio 2,3696,0.0
Portfolio 2,3697,19988858.71067782
Portfolio 2,3698,16039136.9337648
Portfolio 2,3699,26403375.422182374
Portfolio 2,3700,25157735.340873577
Portfolio 2,3701,0.0
Portfolio 2,3702,15817893.367368415
Portfolio 2,3703,38272978.66640593
Portfolio 2,3704,0.0
Portfolio 2,3705,16039136.9337648
Portfolio 2,3706,24202342.623154566
Portfolio 2,3707,0.0
Portfolio 2,3708,0.0
Portfolio 2,3709,11213146.515989957
Portfolio 2,3710,0.0
Portfolio 2,3711,0.0
Portfolio 2,3712,11013053.326687574
Portfolio 2,3713,0.0
Portfolio 2,3714,46571888.99026217
Portfolio 2,3715,0.0
Portfolio 2,3716,0.0
Portfolio 2,3717,0.0
Portfolio 2,3718,29239276.978340376
Portfolio 2,3719,34727254.88759236
Portfolio 2,3720,0.0
Portfolio 2,3721,0.0
Portfolio 2,3722,17511820.079356894
Portfolio 2,3723,0.0
Portfolio 2,3724,19615718.541356947
Portfolio 2,3725,8083054.654213435
Portfolio 2,3726,6578681.478572828
Portfolio 2,3727,27472710.59739942
Portfolio 2,3728,15201817.435149617
Portfolio 2,3729,33962607.45516928
Portfolio 2,3730,0.0
Portfolio 2,3731,0.0
Portfolio 2,3732,15115135.719909279
Portfolio 2,3733,0.0
Portfolio 2,3734,0.0
Portfolio 2,3735,30544801.326220512
Portfolio 2,3736,13449249.680673582
Portfolio 2,3737,0.0
Portfolio 2,3738,18226223.6516528
Portfolio 2,3739,0.0
Portfolio 2,3740,50742461.232194446
Portfolio 2,3741,16127236.27299897
Portfolio 2,3742,0.0
Portfolio 2,3743,0.0
Portfolio 2,3744,32318924.603307977
Portfolio 2,3745,0.0
Portfolio 2,3746,18751985.903838534
Portfolio 2,3747,4645776.186764995
Portfolio 2,3748,11213146.515989957
Portfolio 2,3749,65071102.878490284
Portfolio 2,3750,0.0
Portfolio 2,3751,30314418.860553376
Portfolio 2,3752,75513783.41144195
Portfolio 2,3753,47860065.09796468
Portfolio 2,3754,0.0
Portfolio 2,3755,15787954.5666762
Portfolio 2,3756,0.0
Portfolio 2,3757,15115135.719909279
Portfolio 2,3758,17598503.307886668
Portfolio 2,3759,19767970.77503982
Portfolio 2,3760,0.0
Portfolio 2,3761,11204092.281538276
Portfolio 2,3762,0.0
Portfolio 2,3763,41472545.181288056
Portfolio 2,3764,0.0
Portfolio 2,3765,38451467.788132876
Portfolio 2,3766,19988858.71067782
Portfolio 2,3767,0.0
Portfolio 2,3768,0.0
Portfolio 2,3769,39108449.74941626
Portfolio 2,3770,0.0
Portfolio 2,3771,6426429.244889958
Portfolio 2,3772,12357574.877490142
Portfolio 2,3773,0.0
Portfolio 2,3774,3036620.5354699735
Portfolio 2,3775,0.0
Portfolio 2,3776,0.0
Portfolio 2,3777,55078087.35240817
Portfolio 2,3778,0.0
Portfolio 2,3779,27559392.312639758
Portfolio 2,3780,0.0
Portfolio 2,3781,0.0
Portfolio 2,3782,16622579.30751163
Portfolio 2,3783,0.0
Portfolio 2,3784,43007622.51903947
Portfolio 2,3785,0.0
Portfolio 2,3786,0.0
Portfolio 2,3787,0.0
Portfolio 2,3788,0.0
Portfolio 2,3789,0.0
Portfolio 2,3790,29439370.167642757
Portfolio 2,3791,60821245.07491526
Portfolio 2,3792,18763324.314525187
Portfolio 2,3793,29863438.8939417
Portfolio 2,3794,0.0
Portfolio 2,3795,9289187.814006878
Portfolio 2,3796,0.0
Portfolio 2,3797,0.0
Portfolio 2,3798,37123466.76364109
Portfolio 2,3799,46705616.56287683
Portfolio 2,3800,64508359.43511922
Portfolio 2,3801,6426429.244889958
Portfolio 2,3802,0.0
Portfolio 2,3803,0.0
Portfolio 2,3804,22553665.517888926
Portfolio 2,3805,11213146.515989957
Portfolio 2,3806,0.0
Portfolio 2,3807,15345518.185576415
Portfolio 2,3808,0.0
Portfolio 2,3809,16501031.23593956
Portfolio 2,3810,11213146.515989957
Portfolio 2,3811,25882759.57612494
Portfolio 2,3812,16039136.9337648
Portfolio 2,3813,16127236.27299897
Portfolio 2,3814,0.0
Portfolio 2,3815,22944812.59959296
Portfolio 2,3816,45057170.34570879
Portfolio 2,3817,38215082.36233062
Portfolio 2,3818,25217662.707176704
Portfolio 2,3819,18423536.62888647
Portfolio 2,3820,28074349.026554845
Portfolio 2,3821,0.0
Portfolio 2,3822,15817893.367368415
Portfolio 2,3823,15199283.140644096
Portfolio 2,3824,0.0
Portfolio 2,3825,0.0
Portfolio 2,3826,16127236.27299897
Portfolio 2,3827,6394411.026348391
Portfolio 2,3828,6498766.752669321
Portfolio 2,3829,6498766.752669321
Portfolio 2,3830,0.0
Portfolio 2,3831,11213146.515989957
Portfolio 2,3832,0.0
Portfolio 2,3833,0.0
Portfolio 2,3834,37943538.5039388
Portfolio 2,3835,0.0
Portfolio 2,3836,0.0
Portfolio 2,3837,44970333.87646486
Portfolio 2,3838,40308898.61652491
Portfolio 2,3839,12973092.504921218
Portfolio 2,3840,0.0
Portfolio 2,3841,11204092.281538276
Portfolio 2,3842,8367052.55026625
Portfolio 2,3843,43511847.53116422
Portfolio 2,3844,0.0
Portfolio 2,3845,11213146.515989957
Portfolio 2,3846,0.0
Portfolio 2,3847,16127236.27299897
Portfolio 2,3848,0.0
Portfolio 2,3849,0.0
Portfolio 2,3850,24804905.13022563
Portfolio 2,3851,0.0
Portfolio 2,3852,8367052.55026625
Portfolio 2,3853,23409100.50129018
Portfolio 2,3854,0.0
Portfolio 2,3855,0.0
Portfolio 2,3856,0.0
Portfolio 2,3857,65604481.598115176
Portfolio 2,3858,0.0
Portfolio 2,3859,19988858.71067782
Portfolio 2,3860,0.0
Portfolio 2,3861,0.0
Portfolio 2,3862,0.0
Portfolio 2,3863,18423536.62888647
Portfolio 2,3864,6426429.244889958
Portfolio 2,3865,16622579.30751163
Portfolio 2,3866,15817893.367368415
Portfolio 2,3867,0.0
Portfolio 2,3868,0.0
Portfolio 2,3869,13189289.29646699
Portfolio 2,3870,0.0
Portfolio 2,3871,0.0
Portfolio 2,3872,0.0
Portfolio 2,3873,0.0
Portfolio 2,3874,0.0
Portfolio 2,3875,0.0
Portfolio 2,3876,0.0
Portfolio 2,3877,24462303.00736116
Portfolio 2,3878,0.0
Portfolio 2,3879,16501031.23593956
Portfolio 2,3880,9755523.30312597
Portfolio 2,3881,6498766.752669321
Portfolio 2,3882,24954806.443770066
Portfolio 2,3883,0.0
Portfolio 2,3884,0.0
Portfolio 2,3885,0.0
Portfolio 2,3886,28518847.617651157
Portfolio 2,3887,15858922.702754952
Portfolio 2,3888,42873072.86806241
Portfolio 2,3889,76183415.29877266
Portfolio 2,3890,0.0
Portfolio 2,3891,27556858.018134236
Portfolio 2,3892,0.0
Portfolio 2,3893,0.0
Portfolio 2,3894,0.0
Portfolio 2,3895,0.0
Portfolio 2,3896,0.0
Portfolio 2,3897,0.0
Portfolio 2,3898,15201817.435149617
Portfolio 2,3899,44649832.536704645
Portfolio 2,3900,0.0
Portfolio 2,3901,8083054.654213435
Portfolio 2,3902,0.0
Portfolio 2,3903,0.0
Portfolio 2,3904,0.0
Portfolio 2,3905,0.0
Portfolio 2,3906,0.0
Portfolio 2,3907,0.0
Portfolio 2,3908,31945129.640367385
Portfolio 2,3909,0.0
Portfolio 2,3910,0.0
Portfolio 2,3911,32487378.18812959
Portfolio 2,3912,12325808.349476852
Portfolio 2,3913,0.0
Portfolio 2,3914,0.0
Portfolio 2,3915,0.0
Portfolio 2,3916,28207443.34579341
Portfolio 2,3917,12357574.877490142
Portfolio 2,3918,37082565.281812266
Portfolio 2,3919,3036620.5354699735
Portfolio 2,3920,0.0
Portfolio 2,3921,24122191.587978236
Portfolio 2,3922,0.0
Portfolio 2,3923,0.0
Portfolio 2,3924,11013053.326687574
Portfolio 2,3925,0.0
Portfolio 2,3926,0.0
Portfolio 2,3927,0.0
Portfolio 2,3928,0.0
Portfolio 2,3929,0.0
Portfolio 2,3930,30323897.349430256
Portfolio 2,3931,18226223.6516528
Portfolio 2,3932,0.0
Portfolio 2,3933,0.0
Portfolio 2,3934,0.0
Portfolio 2,3935,8367052.55026625
Portfolio 2,3936,17134608.052963268
Portfolio 2,3937,0.0
Portfolio 2,3938,29436589.955574043
Portfolio 2,3939,18226223.6516528
Portfolio 2,3940,24724990.404322125
Portfolio 2,3941,67247730.69216001
Portfolio 2,3942,0.0
Portfolio 2,3943,11213146.515989957
Portfolio 2,3944,13189289.29646699
Portfolio 2,3945,4645776.186764995
Portfolio 2,3946,0.0
Portfolio 2,3947,0.0
Portfolio 2,3948,24494288.82326522
Portfolio 2,3949,0.0
Portfolio 2,3950,0.0
Portfolio 2,3951,15817893.367368415
Portfolio 2,3952,19988858.71067782
Portfolio 2,3953,0.0
Portfolio 2,3954,26415287.955567777
Portfolio 2,3955,0.0
Portfolio 2,3956,8083054.654213435
Portfolio 2,3957,15817893.367368415
Portfolio 2,3958,0.0
Portfolio 2,3959,45783081.669787034
Portfolio 2,3960,0.0
Portfolio 2,3961,8367052.55026625
Portfolio 2,3962,24402435.812456947
Portfolio 2,3963,11013053.326687574
Portfolio 2,3964,59204897.06074694
Portfolio 2,3965,0.0
Portfolio 2,3966,6394411.026348391
Portfolio 2,3967,0.0
Portfolio 2,3968,61095000.126552
Portfolio 2,3969,33261844.325962238
Portfolio 2,3970,6578681.478572828
Portfolio 2,3971,0.0
Portfolio 2,3972,64476045.76900694
Portfolio 2,3973,71761581.42912765
Portfolio 2,3974,61043141.85854454
Portfolio 2,3975,18226223.6516528
Portfolio 2,3976,16039136.9337648
Portfolio 2,3977,12357574.877490142
Portfolio 2,3978,0.0
Portfolio 2,3979,18763324.314525187
Portfolio 2,3980,0.0
Portfolio 2,3981,0.0
Portfolio 2,3982,0.0
Portfolio 2,3983,0.0
Portfolio 2,3984,0.0
Portfolio 2,3985,0.0
Portfolio 2,3986,0.0
Portfolio 2,3987,0.0
Portfolio 2,3988,0.0
Portfolio 2,3989,17838577.957339406
Portfolio 2,3990,16622579.30751163
Portfolio 2,3991,16127236.27299897
Portfolio 2,3992,0.0
Portfolio 2,3993,0.0
Portfolio 2,3994,0.0
Portfolio 2,3995,34241429.99625488
Portfolio 2,3996,0.0
Portfolio 2,3997,19988858.71067782
Portfolio 2,3998,0.0
Portfolio 2,3999,0.0
Portfolio 2,4000,0.0
Portfolio 2,4001,19875678.92556354
Portfolio 2,4002,0.0
Portfolio 2,4003,22433547.96011319
Portfolio 2,4004,21646762.69149702
Portfolio 2,4005,0.0
Portfolio 2,4006,0.0
Portfolio 2,4007,15201817.435149617
Portfolio 2,4008,18423536.62888647
Portfolio 2,4009,18763324.314525187
Portfolio 2,4010,0.0
Portfolio 2,4011,0.0
Portfolio 2,4012,6426429.244889958
Portfolio 2,4013,27559392.312639758
Portfolio 2,4014,17607557.54233835
Portfolio 2,4015,0.0
Portfolio 2,4016,15199283.140644096
Portfolio 2,4017,11204092.281538276
Portfolio 2,4018,22316660.120037735
Portfolio 2,4019,0.0
Portfolio 2,4020,0.0
Portfolio 2,4021,53028684.899942786
Portfolio 2,4022,4645776.186764995
Portfolio 2,4023,0.0
Portfolio 2,4024,0.0
Portfolio 2,4025,0.0
Portfolio 2,4026,47691951.77374438
Portfolio 2,4027,0.0
Portfolio 2,4028,0.0
Portfolio 2,4029,46405283.58366524
Portfolio 2,4030,0.0
Portfolio 2,4031,0.0
Portfolio 2,4032,0.0
Portfolio 2,4033,3036620.5354699735
Portfolio 2,4034,0.0
Portfolio 2,4035,15817893.367368415
Portfolio 2,4036,15199283.140644096
Portfolio 2,4037,15201817.435149617
Portfolio 2,4038,0.0
Portfolio 2,4039,0.0
Portfolio 2,4040,28484811.150489114
Portfolio 2,4041,0.0
Portfolio 2,4042,0.0
Portfolio 2,4043,8083054.654213435
Portfolio 2,4044,4645776.186764995
Portfolio 2,4045,11213146.515989957
Portfolio 2,4046,0.0
Portfolio 2,4047,34462673.56265127
Portfolio 2,4048,36393845.840953425
Portfolio 2,4049,0.0
Portfolio 2,4050,22895442.262287952
Portfolio 2,4051,0.0
Portfolio 2,4052,9289187.814006878
Portfolio 2,4053,19988858.71067782
Portfolio 2,4054,26328282.235899236
Portfolio 2,4055,11204092.281538276
Portfolio 2,4056,33639056.35235587
Portfolio 2,4057,11204092.281538276
Portfolio 2,4058,0.0
Portfolio 2,4059,0.0
Portfolio 2,4060,27130376.864791438
Portfolio 2,4061,6498766.752669321
Portfolio 2,4062,0.0
Portfolio 2,4063,11013053.326687574
Portfolio 2,4064,0.0
Portfolio 2,4065,0.0
Portfolio 2,4066,0.0
Portfolio 2,4067,0.0
Portfolio 2,4068,0.0
Portfolio 2,4069,0.0
Portfolio 2,4070,0.0
Portfolio 2,4071,0.0
Portfolio 2,4072,0.0
Portfolio 2,4073,0.0
Portfolio 2,4074,0.0
Portfolio 2,4075,33178148.00714481
Portfolio 2,4076,16501031.23593956
Portfolio 2,4077,26405909.716687895
Portfolio 2,4078,36647440.05479629
Portfolio 2,4079,21844284.938245736
Portfolio 2,4080,0.0
Portfolio 2,4081,31667761.835671686
Portfolio 2,4082,6394411.026348391
Portfolio 2,4083,6498766.752669321
Portfolio 2,4084,0.0
Portfolio 2,4085,39487951.74228158
Portfolio 2,4086,0.0
Portfolio 2,4087,15199283.140644096
Portfolio 2,4088,35046115.9363981
Portfolio 2,4089,0.0
Portfolio 2,4090,11213146.515989957
Portfolio 2,4091,0.0
Portfolio 2,4092,15345518.185576415
Portfolio 2,4093,40649736.471564
Portfolio 2,4094,44625654.662384704
Portfolio 2,4095,0.0
Portfolio 2,4096,24922303.38155579
Portfolio 2,4097,46363034.283195056
Portfolio 2,4098,0.0
Portfolio 2,4099,6394411.026348391
Portfolio 2,4100,28396711.81125494
Portfolio 2,4101,9755523.30312597
Portfolio 2,4102,31392531.796414047
Portfolio 2,4103,33173744.98672807
Portfolio 2,4104,15817893.367368415
Portfolio 2,4105,0.0
Portfolio 2,4106,15817893.367368415
Portfolio 2,4107,16039136.9337648
Portfolio 2,4108,11119675.189683408
Portfolio 2,4109,13189289.29646699
Portfolio 2,4110,0.0
Portfolio 2,4111,0.0
Portfolio 2,4112,16622579.30751163
Portfolio 2,4113,0.0
Portfolio 2,4114,0.0
Portfolio 2,4115,0.0
Portfolio 2,4116,8083054.654213435
Portfolio 2,4117,31846549.421515975
Portfolio 2,4118,17511820.079356894
Portfolio 2,4119,19503877.476132106
Portfolio 2,4120,0.0
Portfolio 2,4121,0.0
Portfolio 2,4122,0.0
Portfolio 2,4123,18854513.902838387
Portfolio 2,4124,0.0
Portfolio 2,4125,0.0
Portfolio 2,4126,0.0
Portfolio 2,4127,0.0
Portfolio 2,4128,0.0
Portfolio 2,4129,6578681.478572828
Portfolio 2,4130,16622579.30751163
Portfolio 2,4131,26237881.32155443
Portfolio 2,4132,0.0
Portfolio 2,4133,25342005.793098014
Portfolio 2,4134,0.0
Portfolio 2,4135,8083054.654213435
Portfolio 2,4136,0.0
Portfolio 2,4137,0.0
Portfolio 2,4138,49916888.3155943
Portfolio 2,4139,0.0
Portfolio 2,4140,0.0
Portfolio 2,4141,0.0
Portfolio 2,4142,0.0
Portfolio 2,4143,11204092.281538276
Portfolio 2,4144,15817893.367368415
Portfolio 2,4145,0.0
Portfolio 2,4146,0.0
Portfolio 2,4147,0.0
Portfolio 2,4148,0.0
Portfolio 2,4149,3036620.5354699735
Portfolio 2,4150,0.0
Portfolio 2,4151,0.0
Portfolio 2,4152,12357574.877490142
Portfolio 2,4153,0.0
Portfolio 2,4154,72432692.03143808
Portfolio 2,4155,0.0
Portfolio 2,4156,0.0
Portfolio 2,4157,0.0
Portfolio 2,4158,26405909.716687895
Portfolio 2,4159,0.0
Portfolio 2,4160,21268355.494276624
Portfolio 2,4161,0.0
Portfolio 2,4162,0.0
Portfolio 2,4163,0.0
Portfolio 2,4164,8083054.654213435
Portfolio 2,4165,54241495.08579968
Portfolio 2,4166,0.0
Portfolio 2,4167,50092378.02267377
Portfolio 2,4168,0.0
Portfolio 2,4169,0.0
Portfolio 2,4170,0.0
Portfolio 2,4171,23121346.06018095
Portfolio 2,4172,65422204.6593999
Portfolio 2,4173,15201817.435149617
Portfolio 2,4174,0.0
Portfolio 2,4175,48007234.426852845
Portfolio 2,4176,0.0
Portfolio 2,4177,0.0
Portfolio 2,4178,0.0
Portfolio 2,4179,0.0
Portfolio 2,4180,18763324.314525187
Portfolio 2,4181,0.0
Portfolio 2,4182,4645776.186764995
Portfolio 2,4183,28648532.82131768
Portfolio 2,4184,15345518.185576415
Portfolio 2,4185,18423536.62888647
Portfolio 2,4186,0.0
Portfolio 2,4187,43994149.065263726
Portfolio 2,4188,0.0
Portfolio 2,4189,0.0
Portfolio 2,4190,0.0
Portfolio 2,4191,44970333.87646486
Portfolio 2,4192,65671672.09390077
Portfolio 2,4193,11204092.281538276
Portfolio 2,4194,0.0
Portfolio 2,4195,24705633.961725064
Portfolio 2,4196,0.0
Portfolio 2,4197,13189289.29646699
Portfolio 2,4198,0.0
Portfolio 2,4199,0.0
Portfolio 2,4200,0.0
Portfolio 2,4201,11213146.515989957
Portfolio 2,4202,9755523.30312597
Portfolio 2,4203,8083054.654213435
Portfolio 2,4204,29419890.272496186
Portfolio 2,4205,0.0
Portfolio 2,4206,6578681.478572828
Portfolio 2,4207,0.0
Portfolio 2,4208,0.0
Portfolio 2,4209,18423536.62888647
Portfolio 2,4210,11213146.515989957
Portfolio 2,4211,16501031.23593956
Portfolio 2,4212,0.0
Portfolio 2,4213,0.0
Portfolio 2,4214,0.0
Portfolio 2,4215,28388572.437111087
Portfolio 2,4216,36999227.990639254
Portfolio 2,4217,68819013.59034713
Portfolio 2,4218,8083054.654213435
Portfolio 2,4219,9755523.30312597
Portfolio 2,4220,0.0
Portfolio 2,4221,43763668.54122695
Portfolio 2,4222,0.0
Portfolio 2,4223,8367052.55026625
Portfolio 2,4224,50122821.39212592
Portfolio 2,4225,0.0
Portfolio 2,4226,0.0
Portfolio 2,4227,48477709.38555301
Portfolio 2,4228,40740196.7489242
Portfolio 2,4229,0.0
Portfolio 2,4230,18763324.314525187
Portfolio 2,4231,0.0
Portfolio 2,4232,16501031.23593956
Portfolio 2,4233,0.0
Portfolio 2,4234,26830946.69405599
Portfolio 2,4235,0.0
Portfolio 2,4236,40692478.89597666
Portfolio 2,4237,44642200.67288968
Portfolio 2,4238,0.0
Portfolio 2,4239,33092042.954588376
Portfolio 2,4240,0.0
Portfolio 2,4241,0.0
Portfolio 2,4242,0.0
Portfolio 2,4243,38594765.21731971
Portfolio 2,4244,0.0
Portfolio 2,4245,0.0
Portfolio 2,4246,33261844.325962238
Portfolio 2,4247,15201817.435149617
Portfolio 2,4248,3036620.5354699735
Portfolio 2,4249,18763324.314525187
Portfolio 2,4250,0.0
Portfolio 2,4251,30071828.988185212
Portfolio 2,4252,0.0
Portfolio 2,4253,8083054.654213435
Portfolio 2,4254,0.0
Portfolio 2,4255,19296201.17020339
Portfolio 2,4256,0.0
Portfolio 2,4257,16622579.30751163
Portfolio 2,4258,0.0
Portfolio 2,4259,12357574.877490142
Portfolio 2,4260,0.0
Portfolio 2,4261,36002685.18446545
Portfolio 2,4262,4645776.186764995
Portfolio 2,4263,18763324.314525187
Portfolio 2,4264,0.0
Portfolio 2,4265,77927024.28805974
Portfolio 2,4266,0.0
Portfolio 2,4267,6498766.752669321
Portfolio 2,4268,21532304.334887017
Portfolio 2,4269,31017176.50801251
Portfolio 2,4270,0.0
Portfolio 2,4271,0.0
Portfolio 2,4272,50090529.009737045
Portfolio 2,4273,11204092.281538276
Portfolio 2,4274,0.0
Portfolio 2,4275,40124120.816705406
Portfolio 2,4276,6394411.026348391
Portfolio 2,4277,0.0
Portfolio 2,4278,0.0
Portfolio 2,4279,3036620.5354699735
Portfolio 2,4280,0.0
Portfolio 2,4281,16622579.30751163
Portfolio 2,4282,0.0
Portfolio 2,4283,0.0
Portfolio 2,4284,0.0
Portfolio 2,4285,19988858.71067782
Portfolio 2,4286,0.0
Portfolio 2,4287,29430315.933191076
Portfolio 2,4288,15199283.140644096
Portfolio 2,4289,11213146.515989957
Portfolio 2,4290,0.0
Portfolio 2,4291,0.0
Portfolio 2,4292,0.0
Portfolio 2,4293,0.0
Portfolio 2,4294,18226223.6516528
Portfolio 2,4295,20773012.459763967
Portfolio 2,4296,0.0
Portfolio 2,4297,43967014.49868864
Portfolio 2,4298,0.0
Portfolio 2,4299,17134608.052963268
Portfolio 2,4300,51691577.64779782
Portfolio 2,4301,76547668.83905245
Portfolio 2,4302,15199283.140644096
Portfolio 2,4303,52025168.64048743
Portfolio 2,4304,60291717.63452982
Portfolio 2,4305,96411471.00238505
Portfolio 2,4306,0.0
Portfolio 2,4307,0.0
Portfolio 2,4308,0.0
Portfolio 2,4309,0.0
Portfolio 2,4310,0.0
Portfolio 2,4311,11213146.515989957
Portfolio 2,4312,0.0
Portfolio 2,4313,18423536.62888647
Portfolio 2,4314,0.0
Portfolio 2,4315,34848802.95916443
Portfolio 2,4316,0.0
Portfolio 2,4317,6578681.478572828
Portfolio 2,4318,31019710.802518032
Portfolio 2,4319,11204092.281538276
Portfolio 2,4320,59708512.13306164
Portfolio 2,4321,0.0
Portfolio 2,4322,0.0
Portfolio 2,4323,69502127.76710464
Portfolio 2,4324,15115135.719909279
Portfolio 2,4325,36027995.64444262
Portfolio 2,4326,6426429.244889958
Portfolio 2,4327,18226223.6516528
Portfolio 2,4328,16039136.9337648
Portfolio 2,4329,0.0
Portfolio 2,4330,18226223.6516528
Portfolio 2,4331,6426429.244889958
Portfolio 2,4332,0.0
Portfolio 2,4333,51231581.68742203
Portfolio 2,4334,19988858.71067782
Portfolio 2,4335,15345518.185576415
Portfolio 2,4336,0.0
Portfolio 2,4337,0.0
Portfolio 2,4338,0.0
Portfolio 2,4339,0.0
Portfolio 2,4340,15115135.719909279
Portfolio 2,4341,0.0
Portfolio 2,4342,19659199.842981603
Portfolio 2,4343,0.0
Portfolio 2,4344,0.0
Portfolio 2,4345,0.0
Portfolio 2,4346,0.0
Portfolio 2,4347,11204092.281538276
Portfolio 2,4348,19847593.62191461
Portfolio 2,4349,0.0
Portfolio 2,4350,0.0
Portfolio 2,4351,0.0
Portfolio 2,4352,0.0
Portfolio 2,4353,0.0
Portfolio 2,4354,12973092.504921218
Portfolio 2,4355,11204092.281538276
Portfolio 2,4356,0.0
Portfolio 2,4357,0.0
Portfolio 2,4358,0.0
Portfolio 2,4359,0.0
Portfolio 2,4360,18423536.62888647
Portfolio 2,4361,18763324.314525187
Portfolio 2,4362,6578681.478572828
Portfolio 2,4363,0.0
Portfolio 2,4364,27835725.823501587
Portfolio 2,4365,0.0
Portfolio 2,4366,0.0
Portfolio 2,4367,0.0
Portfolio 2,4368,11204092.281538276
Portfolio 2,4369,0.0
Portfolio 2,4370,0.0
Portfolio 2,4371,13189289.29646699
Portfolio 2,4372,0.0
Portfolio 2,4373,17134608.052963268
Portfolio 2,4374,4645776.186764995
Portfolio 2,4375,0.0
Portfolio 2,4376,24584085.890152995
Portfolio 2,4377,0.0
Portfolio 2,4378,27052190.260452375
Portfolio 2,4379,18226223.6516528
Portfolio 2,4380,0.0
Portfolio 2,4381,0.0
Portfolio 2,4382,16039136.9337648
Portfolio 2,4383,17511820.079356894
Portfolio 2,4384,0.0
Portfolio 2,4385,0.0
Portfolio 2,4386,0.0
Portfolio 2,4387,0.0
Portfolio 2,4388,8367052.55026625
Portfolio 2,4389,8083054.654213435
Portfolio 2,4390,0.0
Portfolio 2,4391,11013053.326687574
Portfolio 2,4392,0.0
Portfolio 2,4393,24488470.954650976
Portfolio 2,4394,44985842.38642867
Portfolio 2,4395,19988858.71067782
Portfolio 2,4396,0.0
Portfolio 2,4397,55884183.44949028
Portfolio 2,4398,0.0
Portfolio 2,4399,21799944.84999516
Portfolio 2,4400,0.0
Portfolio 2,4401,0.0
Portfolio 2,4402,13189289.29646699
Portfolio 2,4403,3036620.5354699735
Portfolio 2,4404,45186930.43511755
Portfolio 2,4405,0.0
Portfolio 2,4406,57808494.55816507
Portfolio 2,4407,0.0
Portfolio 2,4408,0.0
Portfolio 2,4409,63473181.814474225
Portfolio 2,4410,15345518.185576415
Portfolio 2,4411,26412429.656634055
Portfolio 2,4412,6578681.478572828
Portfolio 2,4413,15817893.367368415
Portfolio 2,4414,8083054.654213435
Portfolio 2,4415,0.0
Portfolio 2,4416,8367052.55026625
Portfolio 2,4417,0.0
Portfolio 2,4418,0.0
Portfolio 2,4419,51315912.25053958
Portfolio 2,4420,0.0
Portfolio 2,4421,0.0
Portfolio 2,4422,52536201.74314706
Portfolio 2,4423,0.0
Portfolio 2,4424,0.0
Portfolio 2,4425,40667859.24114484
Portfolio 2,4426,36489889.94661738
Portfolio 2,4427,0.0
Portfolio 2,4428,40747870.95100016
Portfolio 2,4429,0.0
Portfolio 2,4430,22521647.29934736
Portfolio 2,4431,0.0
Portfolio 2,4432,15817893.367368415
Portfolio 2,4433,0.0
Portfolio 2,4434,0.0
Portfolio 2,4435,0.0
Portfolio 2,4436,0.0
Portfolio 2,4437,40352276.952628925
Portfolio 2,4438,0.0
Portfolio 2,4439,11013053.326687574
Portfolio 2,4440,3036620.5354699735
Portfolio 2,4441,22433547.96011319
Portfolio 2,4442,0.0
Portfolio 2,4443,0.0
Portfolio 2,4444,18763324.314525187
Portfolio 2,4445,49305384.28014378
Portfolio 2,4446,18423536.62888647
Portfolio 2,4447,22871999.8384178
Portfolio 2,4448,0.0
Portfolio 2,4449,0.0
Portfolio 2,4450,0.0
Portfolio 2,4451,0.0
Portfolio 2,4452,29776377.64121276
Portfolio 2,4453,0.0
Portfolio 2,4454,0.0
Portfolio 2,4455,13449249.680673582
Portfolio 2,4456,0.0
Portfolio 2,4457,24462303.00736116
Portfolio 2,4458,18763324.314525187
Portfolio 2,4459,16501031.23593956
Portfolio 2,4460,0.0
Portfolio 2,4461,0.0
Portfolio 2,4462,0.0
Portfolio 2,4463,18423536.62888647
Portfolio 2,4464,79202027.80922681
Portfolio 2,4465,0.0
Portfolio 2,4466,0.0
Portfolio 2,4467,16501031.23593956
Portfolio 2,4468,0.0
Portfolio 2,4469,20959615.584664248
Portfolio 2,4470,0.0
Portfolio 2,4471,8367052.55026625
Portfolio 2,4472,11013053.326687574
Portfolio 2,4473,0.0
Portfolio 2,4474,0.0
Portfolio 2,4475,0.0
Portfolio 2,4476,0.0
Portfolio 2,4477,0.0
Portfolio 2,4478,0.0
Portfolio 2,4479,0.0
Portfolio 2,4480,18763324.314525187
Portfolio 2,4481,0.0
Portfolio 2,4482,34911240.39537907
Portfolio 2,4483,0.0
Portfolio 2,4484,16501031.23593956
Portfolio 2,4485,13189289.29646699
Portfolio 2,4486,0.0
Portfolio 2,4487,21593694.166992486
Portfolio 2,4488,0.0
Portfolio 2,4489,13449249.680673582
Portfolio 2,4490,0.0
Portfolio 2,4491,0.0
Portfolio 2,4492,18763324.314525187
Portfolio 2,4493,11213146.515989957
Portfolio 2,4494,12357574.877490142
Portfolio 2,4495,16501031.23593956
Portfolio 2,4496,28534807.482043404
Portfolio 2,4497,40304889.27932443
Portfolio 2,4498,11204092.281538276
Portfolio 2,4499,16334204.781698797
Portfolio 2,4500,26790589.17915272
Portfolio 2,4501,24488470.954650976
Portfolio 2,4502,24406189.48403105
Portfolio 2,4503,27472710.59739942
Portfolio 2,4504,0.0
Portfolio 2,4505,0.0
Portfolio 2,4506,0.0
Portfolio 2,4507,0.0
Portfolio 2,4508,54794444.75764741
Portfolio 2,4509,0.0
Portfolio 2,4510,127628649.36554287
Portfolio 2,4511,0.0
Portfolio 2,4512,11204092.281538276
Portfolio 2,4513,19988858.71067782
Portfolio 2,4514,18763324.314525187
Portfolio 2,4515,0.0
Portfolio 2,4516,0.0
Portfolio 2,4517,0.0
Portfolio 2,4518,41705874.423744
Portfolio 2,4519,0.0
Portfolio 2,4520,0.0
Portfolio 2,4521,16039136.9337648
Portfolio 2,4522,16039136.9337648
Portfolio 2,4523,0.0
Portfolio 2,4524,0.0
Portfolio 2,4525,0.0
Portfolio 2,4526,26378102.610637598
Portfolio 2,4527,0.0
Portfolio 2,4528,0.0
Portfolio 2,4529,18763324.314525187
Portfolio 2,4530,0.0
Portfolio 2,4531,51013068.08739773
Portfolio 2,4532,18423536.62888647
Portfolio 2,4533,0.0
Portfolio 2,4534,8083054.654213435
Portfolio 2,4535,0.0
Portfolio 2,4536,13189289.29646699
Portfolio 2,4537,11072205.431654952
Portfolio 2,4538,31001912.037365396
Portfolio 2,4539,0.0
Portfolio 2,4540,0.0
Portfolio 2,4541,0.0
Portfolio 2,4542,50495720.05205017
Portfolio 2,4543,0.0
Portfolio 2,4544,59133085.317536816
Portfolio 2,4545,11144542.939434316
Portfolio 2,4546,18763324.314525187
Portfolio 2,4547,39388614.760848515
Portfolio 2,4548,0.0
Portfolio 2,4549,0.0
Portfolio 2,4550,0.0
Portfolio 2,4551,0.0
Portfolio 2,4552,39965139.35313569
Portfolio 2,4553,0.0
Portfolio 2,4554,16039136.9337648
Portfolio 2,4555,18226223.6516528
Portfolio 2,4556,0.0
Portfolio 2,4557,0.0
Portfolio 2,4558,15199283.140644096
Portfolio 2,4559,0.0
Portfolio 2,4560,0.0
Portfolio 2,4561,37186860.943411656
Portfolio 2,4562,0.0
Portfolio 2,4563,15201817.435149617
Portfolio 2,4564,0.0
Portfolio 2,4565,11013053.326687574
Portfolio 2,4566,30323897.349430256
Portfolio 2,4567,0.0
Portfolio 2,4568,0.0
Portfolio 2,4569,41654796.49144265
Portfolio 2,4570,0.0
Portfolio 2,4571,36070145.61333281
Portfolio 2,4572,23198190.374122713
Portfolio 2,4573,0.0
Portfolio 2,4574,0.0
Portfolio 2,4575,0.0
Portfolio 2,4576,18423536.62888647
Portfolio 2,4577,0.0
Portfolio 2,4578,0.0
Portfolio 2,4579,17003351.064255137
Portfolio 2,4580,0.0
Portfolio 2,4581,136107508.27748466
Portfolio 2,4582,16501031.23593956
Portfolio 2,4583,44302146.21306981
Portfolio 2,4584,0.0
Portfolio 2,4585,18423536.62888647
Portfolio 2,4586,16039136.9337648
Portfolio 2,4587,0.0
Portfolio 2,4588,0.0
Portfolio 2,4589,0.0
Portfolio 2,4590,50772405.87871802
Portfolio 2,4591,16039136.9337648
Portfolio 2,4592,6394411.026348391
Portfolio 2,4593,0.0
Portfolio 2,4594,0.0
Portfolio 2,4595,0.0
Portfolio 2,4596,8083054.654213435
Portfolio 2,4597,0.0
Portfolio 2,4598,0.0
Portfolio 2,4599,0.0
Portfolio 2,4600,44717574.52167896
Portfolio 2,4601,0.0
Portfolio 2,4602,0.0
Portfolio 2,4603,0.0
Portfolio 2,4604,0.0
Portfolio 2,4605,0.0
Portfolio 2,4606,8367052.55026625
Portfolio 2,4607,0.0
Portfolio 2,4608,32184630.076294832
Portfolio 2,4609,0.0
Portfolio 2,4610,33048377.219784014
Portfolio 2,4611,8367052.55026625
Portfolio 2,4612,0.0
Portfolio 2,4613,0.0
Portfolio 2,4614,0.0
Portfolio 2,4615,0.0
Portfolio 2,4616,51849043.42118336
Portfolio 2,4617,6578681.478572828
Portfolio 2,4618,0.0
Portfolio 2,4619,0.0
Portfolio 2,4620,0.0
Portfolio 2,4621,15345518.185576415
Portfolio 2,4622,15817893.367368415
Portfolio 2,4623,0.0
Portfolio 2,4624,15817893.367368415
Portfolio 2,4625,6394411.026348391
Portfolio 2,4626,0.0
Portfolio 2,4627,15115135.719909279
Portfolio 2,4628,0.0
Portfolio 2,4629,22113098.18061611
Portfolio 2,4630,35221197.11113995
Portfolio 2,4631,33130587.337254107
Portfolio 2,4632,0.0
Portfolio 2,4633,0.0
Portfolio 2,4634,0.0
Portfolio 2,4635,32749815.5805106
Portfolio 2,4636,0.0
Portfolio 2,4637,30060433.911697738
Portfolio 2,4638,0.0
Portfolio 2,4639,16127236.27299897
Portfolio 2,4640,37519644.60978748
Portfolio 2,4641,16501031.23593956
Portfolio 2,4642,8083054.654213435
Portfolio 2,4643,15658829.513452569
Portfolio 2,4644,13189289.29646699
Portfolio 2,4645,0.0
Portfolio 2,4646,75546017.2142422
Portfolio 2,4647,16622579.30751163
Portfolio 2,4648,55261582.54760036
Portfolio 2,4649,0.0
Portfolio 2,4650,30323897.349430256
Portfolio 2,4651,0.0
Portfolio 2,4652,15201817.435149617
Portfolio 2,4653,0.0
Portfolio 2,4654,0.0
Portfolio 2,4655,0.0
Portfolio 2,4656,0.0
Portfolio 2,4657,16501031.23593956
Portfolio 2,4658,0.0
Portfolio 2,4659,24584085.890152995
Portfolio 2,4660,0.0
Portfolio 2,4661,51764896.000448555
Portfolio 2,4662,23712570.735842664
Portfolio 2,4663,33635639.28890283
Portfolio 2,4664,11013053.326687574
Portfolio 2,4665,17134608.052963268
Portfolio 2,4666,0.0
Portfolio 2,4667,0.0
Portfolio 2,4668,21460157.16435644
Portfolio 2,4669,0.0
Portfolio 2,4670,36546098.074636295
Portfolio 2,4671,0.0
Portfolio 2,4672,0.0
Portfolio 2,4673,31415512.94811979
Portfolio 2,4674,44798047.55237019
Portfolio 2,4675,0.0
Portfolio 2,4676,0.0
Portfolio 2,4677,15345518.185576415
Portfolio 2,4678,11213146.515989957
Portfolio 2,4679,6394411.026348391
Portfolio 2,4680,16039136.9337648
Portfolio 2,4681,0.0
Portfolio 2,4682,0.0
Portfolio 2,4683,28484811.150489114
Portfolio 2,4684,8083054.654213435
Portfolio 2,4685,16127236.27299897
Portfolio 2,4686,0.0
Portfolio 2,4687,49610878.77099402
Portfolio 2,4688,24868083.78620581
Portfolio 2,4689,21272343.950680424
Portfolio 2,4690,0.0
Portfolio 2,4691,11013053.326687574
Portfolio 2,4692,13189289.29646699
Portfolio 2,4693,15201817.435149617
Portfolio 2,4694,0.0
Portfolio 2,4695,11213146.515989957
Portfolio 2,4696,0.0
Portfolio 2,4697,0.0
Portfolio 2,4698,0.0
Portfolio 2,4699,0.0
Portfolio 2,4700,0.0
Portfolio 2,4701,0.0
Portfolio 2,4702,0.0
Portfolio 2,4703,50802534.59243612
Portfolio 2,4704,18226223.6516528
Portfolio 2,4705,24922303.38155579
Portfolio 2,4706,0.0
Portfolio 2,4707,0.0
Portfolio 2,4708,15199283.140644096
Portfolio 2,4709,8083054.654213435
Portfolio 2,4710,15858922.702754952
Portfolio 2,4711,15201817.435149617
Portfolio 2,4712,0.0
Portfolio 2,4713,40820111.47482771
Portfolio 2,4714,49217284.94090961
Portfolio 2,4715,8083054.654213435
Portfolio 2,4716,0.0
Portfolio 2,4717,0.0
Portfolio 2,4718,14761463.57661464
Portfolio 2,4719,49765236.35189058
Portfolio 2,4720,16039136.9337648
Portfolio 2,4721,19988858.71067782
Portfolio 2,4722,0.0
Portfolio 2,4723,78304087.58757976
Portfolio 2,4724,0.0
Portfolio 2,4725,34605489.1769024
Portfolio 2,4726,15201817.435149617
Portfolio 2,4727,0.0
Portfolio 2,4728,34039985.20172227
Portfolio 2,4729,16622579.30751163
Portfolio 2,4730,0.0
Portfolio 2,4731,15201817.435149617
Portfolio 2,4732,52661677.188524574
Portfolio 2,4733,24652652.896542758
Portfolio 2,4734,0.0
Portfolio 2,4735,0.0
Portfolio 2,4736,0.0
Portfolio 2,4737,37829872.329680815
Portfolio 2,4738,11204092.281538276
Portfolio 2,4739,0.0
Portfolio 2,4740,0.0
Portfolio 2,4741,0.0
Portfolio 2,4742,0.0
Portfolio 2,4743,0.0
Portfolio 2,4744,80768623.14706713
Portfolio 2,4745,24868083.78620581
Portfolio 2,4746,11204092.281538276
Portfolio 2,4747,0.0
Portfolio 2,4748,18763324.314525187
Portfolio 2,4749,18763324.314525187
Portfolio 2,4750,11213146.515989957
Portfolio 2,4751,26558664.701566372
Portfolio 2,4752,42818228.78297584
Portfolio 2,4753,14761463.57661464
Portfolio 2,4754,0.0
Portfolio 2,4755,22113098.18061611
Portfolio 2,4756,29811868.60397862
Portfolio 2,4757,0.0
Portfolio 2,4758,8367052.55026625
Portfolio 2,4759,0.0
Portfolio 2,4760,0.0
Portfolio 2,4761,0.0
Portfolio 2,4762,0.0
Portfolio 2,4763,0.0
Portfolio 2,4764,0.0
Portfolio 2,4765,0.0
Portfolio 2,4766,6426429.244889958
Portfolio 2,4767,21268355.494276624
Portfolio 2,4768,0.0
Portfolio 2,4769,0.0
Portfolio 2,4770,0.0
Portfolio 2,4771,0.0
Portfolio 2,4772,0.0
Portfolio 2,4773,0.0
Portfolio 2,4774,0.0
Portfolio 2,4775,0.0
Portfolio 2,4776,0.0
Portfolio 2,4777,0.0
Portfolio 2,4778,0.0
Portfolio 2,4779,0.0
Portfolio 2,4780,0.0
Portfolio 2,4781,29636683.144876428
Portfolio 2,4782,52648871.69111334
Portfolio 2,4783,0.0
Portfolio 2,4784,0.0
Portfolio 2,4785,79856320.70041643
Portfolio 2,4786,17782773.760111105
Portfolio 2,4787,22433547.96011319
Portfolio 2,4788,0.0
Portfolio 2,4789,0.0
Portfolio 2,4790,0.0
Portfolio 2,4791,0.0
Portfolio 2,4792,0.0
Portfolio 2,4793,14049673.862157548
Portfolio 2,4794,0.0
Portfolio 2,4795,75392062.71993665
Portfolio 2,4796,18423536.62888647
Portfolio 2,4797,15817893.367368415
Portfolio 2,4798,16127236.27299897
Portfolio 2,4799,0.0
Portfolio 2,4800,0.0
Portfolio 2,4801,0.0
Portfolio 2,4802,0.0
Portfolio 2,4803,12792143.838595944
Portfolio 2,4804,23016990.33386002
Portfolio 2,4805,30401100.575793713
Portfolio 2,4806,16039136.9337648
Portfolio 2,4807,0.0
Portfolio 2,4808,18423536.62888647
Portfolio 2,4809,0.0
Portfolio 2,4810,0.0
Portfolio 2,4811,27635632.634199202
Portfolio 2,4812,0.0
Portfolio 2,4813,18226223.6516528
Portfolio 2,4814,0.0
Portfolio 2,4815,38999236.11141677
Portfolio 2,4816,0.0
Portfolio 2,4817,18763324.314525187
Portfolio 2,4818,0.0
Portfolio 2,4819,0.0
Portfolio 2,4820,0.0
Portfolio 2,4821,0.0
Portfolio 2,4822,27835725.823501587
Portfolio 2,4823,18763324.314525187
Portfolio 2,4824,0.0
Portfolio 2,4825,16039136.9337648
Portfolio 2,4826,13189289.29646699
Portfolio 2,4827,3036620.5354699735
Portfolio 2,4828,60747381.47724217
Portfolio 2,4829,24202342.623154566
Portfolio 2,4830,0.0
Portfolio 2,4831,11213146.515989957
Portfolio 2,4832,11204092.281538276
Portfolio 2,4833,0.0
Portfolio 2,4834,0.0
Portfolio 2,4835,16622579.30751163
Portfolio 2,4836,79245541.71560791
Portfolio 2,4837,0.0
Portfolio 2,4838,0.0
Portfolio 2,4839,0.0
Portfolio 2,4840,16127236.27299897
Portfolio 2,4841,0.0
Portfolio 2,4842,16127236.27299897
Portfolio 2,4843,45993214.166392975
Portfolio 2,4844,0.0
Portfolio 2,4845,0.0
Portfolio 2,4846,11013053.326687574
Portfolio 2,4847,0.0
Portfolio 2,4848,0.0
Portfolio 2,4849,0.0
Portfolio 2,4850,0.0
Portfolio 2,4851,15345518.185576415
Portfolio 2,4852,0.0
Portfolio 2,4853,24462303.00736116
Portfolio 2,4854,18423536.62888647
Portfolio 2,4855,15201817.435149617
Portfolio 2,4856,23561037.297853224
Portfolio 2,4857,0.0
Portfolio 2,4858,75756317.2784226
Portfolio 2,4859,0.0
Portfolio 2,4860,15817893.367368415
Portfolio 2,4861,33741995.9679724
Portfolio 2,4862,24954806.443770066
Portfolio 2,4863,6578681.478572828
Portfolio 2,4864,0.0
Portfolio 2,4865,0.0
Portfolio 2,4866,11213146.515989957
Portfolio 2,4867,0.0
Portfolio 2,4868,0.0
Portfolio 2,4869,0.0
Portfolio 2,4870,51009661.86259015
Portfolio 2,4871,0.0
Portfolio 2,4872,13449249.680673582
Portfolio 2,4873,0.0
Portfolio 2,4874,15817893.367368415
Portfolio 2,4875,31329053.708148587
Portfolio 2,4876,37018119.66608945
Portfolio 2,4877,0.0
Portfolio 2,4878,0.0
Portfolio 2,4879,13189289.29646699
Portfolio 2,4880,24652652.896542758
Portfolio 2,4881,4645776.186764995
Portfolio 2,4882,16039136.9337648
Portfolio 2,4883,0.0
Portfolio 2,4884,3036620.5354699735
Portfolio 2,4885,26549610.46711469
Portfolio 2,4886,12357574.877490142
Portfolio 2,4887,0.0
Portfolio 2,4888,0.0
Portfolio 2,4889,0.0
Portfolio 2,4890,11204092.281538276
Portfolio 2,4891,0.0
Portfolio 2,4892,42879565.61386466
Portfolio 2,4893,24662396.19666354
Portfolio 2,4894,24817947.65523486
Portfolio 2,4895,0.0
Portfolio 2,4896,6578681.478572828
Portfolio 2,4897,71501998.6057136
Portfolio 2,4898,36498258.23307517
Portfolio 2,4899,0.0
Portfolio 2,4900,6578681.478572828
Portfolio 2,4901,3036620.5354699735
Portfolio 2,4902,0.0
Portfolio 2,4903,0.0
Portfolio 2,4904,0.0
Portfolio 2,4905,8367052.55026625
Portfolio 2,4906,15115135.719909279
Portfolio 2,4907,0.0
Portfolio 2,4908,63315674.59644264
Portfolio 2,4909,26155322.933022663
Portfolio 2,4910,17782773.760111105
Portfolio 2,4911,0.0
Portfolio 2,4912,0.0
Portfolio 2,4913,0.0
Portfolio 2,4914,4645776.186764995
Portfolio 2,4915,0.0
Portfolio 2,4916,0.0
Portfolio 2,4917,0.0
Portfolio 2,4918,11013053.326687574
Portfolio 2,4919,6426429.244889958
Portfolio 2,4920,6426429.244889958
Portfolio 2,4921,60182159.41166955
Portfolio 2,4922,0.0
Portfolio 2,4923,0.0
Portfolio 2,4924,0.0
Portfolio 2,4925,6578681.478572828
Portfolio 2,4926,0.0
Portfolio 2,4927,0.0
Portfolio 2,4928,0.0
Portfolio 2,4929,0.0
Portfolio 2,4930,0.0
Portfolio 2,4931,0.0
Portfolio 2,4932,15817893.367368415
Portfolio 2,4933,0.0
Portfolio 2,4934,6578681.478572828
Portfolio 2,4935,40223481.47888163
Portfolio 2,4936,15817893.367368415
Portfolio 2,4937,18226223.6516528
Portfolio 2,4938,0.0
Portfolio 2,4939,0.0
Portfolio 2,4940,0.0
Portfolio 2,4941,13449249.680673582
Portfolio 2,4942,24705633.961725064
Portfolio 2,4943,55399944.8294056
Portfolio 2,4944,0.0
Portfolio 2,4945,16039136.9337648
Portfolio 2,4946,14661736.132786263
Portfolio 2,4947,20684913.120529793
Portfolio 2,4948,0.0
Portfolio 2,4949,0.0
Portfolio 2,4950,34044117.01902121
Portfolio 2,4951,0.0
Portfolio 2,4952,15817893.367368415
Portfolio 2,4953,0.0
Portfolio 2,4954,0.0
Portfolio 2,4955,17838577.957339406
Portfolio 2,4956,0.0
Portfolio 2,4957,0.0
Portfolio 2,4958,18763324.314525187
Portfolio 2,4959,0.0
Portfolio 2,4960,0.0
Portfolio 2,4961,9755523.30312597
Portfolio 2,4962,16127236.27299897
Portfolio 2,4963,18936256.35606297
Portfolio 2,4964,17134608.052963268
Portfolio 2,4965,0.0
Portfolio 2,4966,0.0
Portfolio 2,4967,0.0
Portfolio 2,4968,42235649.54166565
Portfolio 2,4969,0.0
Portfolio 2,4970,0.0
Portfolio 2,4971,18763324.314525187
Portfolio 2,4972,0.0
Portfolio 2,4973,0.0
Portfolio 2,4974,13449249.680673582
Portfolio 2,4975,12357574.877490142
Portfolio 2,4976,17134608.052963268
Portfolio 2,4977,17711913.26865928
Portfolio 2,4978,0.0
Portfolio 2,4979,33438108.3913514
Portfolio 2,4980,50761007.324720934
Portfolio 2,4981,0.0
Portfolio 2,4982,55547694.37425242
Portfolio 2,4983,0.0
Portfolio 2,4984,4645776.186764995
Portfolio 2,4985,12728830.840978429
Portfolio 2,4986,8083054.654213435
Portfolio 2,4987,16039136.9337648
Portfolio 2,4988,0.0
Portfolio 2,4989,16039136.9337648
Portfolio 2,4990,16039136.9337648
Portfolio 2,4991,0.0
Portfolio 2,4992,15199283.140644096
Portfolio 2,4993,0.0
Portfolio 2,4994,0.0
Portfolio 2,4995,0.0
Portfolio 2,4996,13449249.680673582
Portfolio 2,4997,0.0
Portfolio 2,4998,54342318.63532959
Portfolio 2,4999,49120881.70271137
Portfolio 2,5000,0.0
Portfolio 2,5001,0.0
Portfolio 2,5002,53164427.12385453
Portfolio 2,5003,18226223.6516528
Portfolio 2,5004,26309278.305866238
Portfolio 2,5005,0.0
Portfolio 2,5006,11213146.515989957
Portfolio 2,5007,32887959.784439065
Portfolio 2,5008,16039136.9337648
Portfolio 2,5009,28304425.016376268
Portfolio 2,5010,0.0
Portfolio 2,5011,0.0
Portfolio 2,5012,28518847.617651157
Portfolio 2,5013,24705633.961725064
Portfolio 2,5014,33625354.064036086
Portfolio 2,5015,6498766.752669321
Portfolio 2,5016,53272339.5880509
Portfolio 2,5017,0.0
Portfolio 2,5018,12357574.877490142
Portfolio 2,5019,0.0
Portfolio 2,5020,21777964.619216923
Portfolio 2,5021,0.0
Portfolio 2,5022,28031071.08755634
Portfolio 2,5023,13449249.680673582
Portfolio 2,5024,0.0
Portfolio 2,5025,13189289.29646699
Portfolio 2,5026,0.0
Portfolio 2,5027,0.0
Portfolio 2,5028,15199283.140644096
Portfolio 2,5029,32318924.603307977
Portfolio 2,5030,40780578.23521083
Portfolio 2,5031,63426209.71503463
Portfolio 2,5032,0.0
Portfolio 2,5033,35190676.14582744
Portfolio 2,5034,0.0
Portfolio 2,5035,9755523.30312597
Portfolio 2,5036,0.0
Portfolio 2,5037,35046115.9363981
Portfolio 2,5038,14240712.81700825
Portfolio 2,5039,0.0
Portfolio 2,5040,0.0
Portfolio 2,5041,0.0
Portfolio 2,5042,40401979.25752141
Portfolio 2,5043,38414831.00122788
Portfolio 2,5044,30781111.50637661
Portfolio 2,5045,0.0
Portfolio 2,5046,0.0
Portfolio 2,5047,4645776.186764995
Portfolio 2,5048,0.0
Portfolio 2,5049,0.0
Portfolio 2,5050,30509331.132869393
Portfolio 2,5051,8367052.55026625
Portfolio 2,5052,16039136.9337648
Portfolio 2,5053,0.0
Portfolio 2,5054,0.0
Portfolio 2,5055,31242371.992908247
Portfolio 2,5056,34581217.6818936
Portfolio 2,5057,0.0
Portfolio 2,5058,0.0
Portfolio 2,5059,0.0
Portfolio 2,5060,27556858.018134236
Portfolio 2,5061,32249743.772872545
Portfolio 2,5062,0.0
Portfolio 2,5063,61372770.93492818
Portfolio 2,5064,40122869.397115014
Portfolio 2,5065,0.0
Portfolio 2,5066,21593694.166992486
Portfolio 2,5067,0.0
Portfolio 2,5068,37571718.02825394
Portfolio 2,5069,0.0
Portfolio 2,5070,0.0
Portfolio 2,5071,17134608.052963268
Portfolio 2,5072,0.0
Portfolio 2,5073,8083054.654213435
Portfolio 2,5074,36611438.01818945
Portfolio 2,5075,0.0
Portfolio 2,5076,18423536.62888647
Portfolio 2,5077,17134608.052963268
Portfolio 2,5078,53849060.90823299
Portfolio 2,5079,18226223.6516528
Portfolio 2,5080,0.0
Portfolio 2,5081,31163411.55294483
Portfolio 2,5082,23712570.735842664
Portfolio 2,5083,0.0
Portfolio 2,5084,0.0
Portfolio 2,5085,0.0
Portfolio 2,5086,15199283.140644096
Portfolio 2,5087,26309278.305866238
Portfolio 2,5088,0.0
Portfolio 2,5089,0.0
Portfolio 2,5090,0.0
Portfolio 2,5091,11213146.515989957
Portfolio 2,5092,0.0
Portfolio 2,5093,54588051.27406465
Portfolio 2,5094,0.0
Portfolio 2,5095,15201817.435149617
Portfolio 2,5096,0.0
Portfolio 2,5097,0.0
Portfolio 2,5098,0.0
Portfolio 2,5099,0.0
Portfolio 2,5100,36492325.60828097
Portfolio 2,5101,0.0
Portfolio 2,5102,31415512.94811979
Portfolio 2,5103,46052895.24070271
Portfolio 2,5104,22944812.59959296
Portfolio 2,5105,0.0
Portfolio 2,5106,0.0
Portfolio 2,5107,11213146.515989957
Portfolio 2,5108,8367052.55026625
Portfolio 2,5109,31240954.368914418
Portfolio 2,5110,8083054.654213435
Portfolio 2,5111,98306052.3686135
Portfolio 2,5112,0.0
Portfolio 2,5113,0.0
Portfolio 2,5114,0.0
Portfolio 2,5115,0.0
Portfolio 2,5116,0.0
Portfolio 2,5117,0.0
Portfolio 2,5118,0.0
Portfolio 2,5119,22212304.393716805
Portfolio 2,5120,0.0
Portfolio 2,5121,0.0
Portfolio 2,5122,9755523.30312597
Portfolio 2,5123,21698049.893313415
Portfolio 2,5124,0.0
Portfolio 2,5125,46864425.39867373
Portfolio 2,5126,11013053.326687574
Portfolio 2,5127,8083054.654213435
Portfolio 2,5128,0.0
Portfolio 2,5129,0.0
Portfolio 2,5130,31872786.309560053
Portfolio 2,5131,0.0
Portfolio 2,5132,41364757.54132555
Portfolio 2,5133,32043803.199305378
Portfolio 2,5134,0.0
Portfolio 2,5135,0.0
Portfolio 2,5136,0.0
Portfolio 2,5137,32249743.772872545
Portfolio 2,5138,71569178.69147086
Portfolio 2,5139,0.0
Portfolio 2,5140,8083054.654213435
Portfolio 2,5141,17134608.052963268
Portfolio 2,5142,15345518.185576415
Portfolio 2,5143,23198190.374122713
Portfolio 2,5144,8083054.654213435
Portfolio 2,5145,22217145.608225852
Portfolio 2,5146,0.0
Portfolio 2,5147,12728830.840978429
Portfolio 2,5148,0.0
Portfolio 2,5149,8367052.55026625
Portfolio 2,5150,0.0
Portfolio 2,5151,71942687.53091548
Portfolio 2,5152,0.0
Portfolio 2,5153,15115135.719909279
Portfolio 2,5154,6498766.752669321
Portfolio 2,5155,85315196.5277809
Portfolio 2,5156,39609858.3272449
Portfolio 2,5157,16127236.27299897
Portfolio 2,5158,18763324.314525187
Portfolio 2,5159,0.0
Portfolio 2,5160,0.0
Portfolio 2,5161,0.0
Portfolio 2,5162,16127236.27299897
Portfolio 2,5163,0.0
Portfolio 2,5164,45248209.30055949
Portfolio 2,5165,16039136.9337648
Portfolio 2,5166,0.0
Portfolio 2,5167,0.0
Portfolio 2,5168,0.0
Portfolio 2,5169,0.0
Portfolio 2,5170,12357574.877490142
Portfolio 2,5171,15115135.719909279
Portfolio 2,5172,55454354.80847579
Portfolio 2,5173,0.0
Portfolio 2,5174,0.0
Portfolio 2,5175,0.0
Portfolio 2,5176,0.0
Portfolio 2,5177,19988858.71067782
Portfolio 2,5178,0.0
Portfolio 2,5179,6578681.478572828
Portfolio 2,5180,0.0
Portfolio 2,5181,0.0
Portfolio 2,5182,0.0
Portfolio 2,5183,0.0
Portfolio 2,5184,11013053.326687574
Portfolio 2,5185,0.0
Portfolio 2,5186,36238297.84886858
Portfolio 2,5187,0.0
Portfolio 2,5188,0.0
Portfolio 2,5189,0.0
Portfolio 2,5190,0.0
Portfolio 2,5191,9755523.30312597
Portfolio 2,5192,0.0
Portfolio 2,5193,16622579.30751163
Portfolio 2,5194,0.0
Portfolio 2,5195,32749815.5805106
Portfolio 2,5196,0.0
Portfolio 2,5197,38171865.45013578
Portfolio 2,5198,43478193.28169172
Portfolio 2,5199,0.0
Portfolio 2,5200,39822452.11315081
Portfolio 2,5201,0.0
Portfolio 2,5202,0.0
Portfolio 2,5203,0.0
Portfolio 2,5204,6578681.478572828
Portfolio 2,5205,37186860.943411656
Portfolio 2,5206,12973092.504921218
Portfolio 2,5207,23482188.270175528
Portfolio 2,5208,15115135.719909279
Portfolio 2,5209,18751985.903838534
Portfolio 2,5210,0.0
Portfolio 2,5211,20773012.459763967
Portfolio 2,5212,43290603.964767836
Portfolio 2,5213,4645776.186764995
Portfolio 2,5214,0.0
Portfolio 2,5215,70492492.63354252
Portfolio 2,5216,15817893.367368415
Portfolio 2,5217,8083054.654213435
Portfolio 2,5218,0.0
Portfolio 2,5219,28534807.482043404
Portfolio 2,5220,0.0
Portfolio 2,5221,18235903.676114067
Portfolio 2,5222,0.0
Portfolio 2,5223,0.0
Portfolio 2,5224,0.0
Portfolio 2,5225,56814167.853575744
Portfolio 2,5226,6498766.752669321
Portfolio 2,5227,29280482.18634829
Portfolio 2,5228,0.0
Portfolio 2,5229,18226223.6516528
Portfolio 2,5230,37580701.89856404
Portfolio 2,5231,0.0
Portfolio 2,5232,0.0
Portfolio 2,5233,79381252.79271507
Portfolio 2,5234,0.0
Portfolio 2,5235,75926687.34176038
Portfolio 2,5236,0.0
Portfolio 2,5237,17439482.571577534
Portfolio 2,5238,0.0
Portfolio 2,5239,0.0
Portfolio 2,5240,28347754.568953224
Portfolio 2,5241,0.0
Portfolio 2,5242,4645776.186764995
Portfolio 2,5243,41261202.661358245
Portfolio 2,5244,0.0
Portfolio 2,5245,15817893.367368415
Portfolio 2,5246,4645776.186764995
Portfolio 2,5247,13189289.29646699
Portfolio 2,5248,26383269.73702621
Portfolio 2,5249,4645776.186764995
Portfolio 2,5250,0.0
Portfolio 2,5251,33821910.69387591
Portfolio 2,5252,16039136.9337648
Portfolio 2,5253,18423536.62888647
Portfolio 2,5254,28347754.568953224
Portfolio 2,5255,0.0
Portfolio 2,5256,0.0
Portfolio 2,5257,8083054.654213435
Portfolio 2,5258,16039136.9337648
Portfolio 2,5259,18763324.314525187
Portfolio 2,5260,20493280.095545154
Portfolio 2,5261,0.0
Portfolio 2,5262,0.0
Portfolio 2,5263,44108983.22777774
Portfolio 2,5264,0.0
Portfolio 2,5265,0.0
Portfolio 2,5266,6498766.752669321
Portfolio 2,5267,15345518.185576415
Portfolio 2,5268,26358571.51226399
Portfolio 2,5269,13449249.680673582
Portfolio 2,5270,8367052.55026625
Portfolio 2,5271,6394411.026348391
Portfolio 2,5272,20502334.329996835
Portfolio 2,5273,18423536.62888647
Portfolio 2,5274,57583073.9527086
Portfolio 2,5275,4645776.186764995
Portfolio 2,5276,15817893.367368415
Portfolio 2,5277,31857030.301133215
Portfolio 2,5278,0.0
Portfolio 2,5279,0.0
Portfolio 2,5280,4645776.186764995
Portfolio 2,5281,0.0
Portfolio 2,5282,6498766.752669321
Portfolio 2,5283,29299118.148976855
Portfolio 2,5284,57627490.47511523
Portfolio 2,5285,15345518.185576415
Portfolio 2,5286,0.0
Portfolio 2,5287,0.0
Portfolio 2,5288,0.0
Portfolio 2,5289,15199283.140644096
Portfolio 2,5290,0.0
Portfolio 2,5291,19760911.906674273
Portfolio 2,5292,4645776.186764995
Portfolio 2,5293,47623656.960336596
Portfolio 2,5294,16127236.27299897
Portfolio 2,5295,0.0
Portfolio 2,5296,0.0
Portfolio 2,5297,0.0
Portfolio 2,5298,0.0
Portfolio 2,5299,28534807.482043404
Portfolio 2,5300,0.0
Portfolio 2,5301,16622579.30751163
Portfolio 2,5302,0.0
Portfolio 2,5303,0.0
Portfolio 2,5304,40035668.265205614
Portfolio 2,5305,65289983.750214964
Portfolio 2,5306,39325426.64712168
Portfolio 2,5307,0.0
Portfolio 2,5308,6394411.026348391
Portfolio 2,5309,6426429.244889958
Portfolio 2,5310,0.0
Portfolio 2,5311,33769054.814462885
Portfolio 2,5312,68552397.62556796
Portfolio 2,5313,0.0
Portfolio 2,5314,16127236.27299897
Portfolio 2,5315,14249767.05145993
Portfolio 2,5316,15115135.719909279
Portfolio 2,5317,6578681.478572828
Portfolio 2,5318,18226223.6516528
Portfolio 2,5319,0.0
Portfolio 2,5320,23900948.02158185
Portfolio 2,5321,15201817.435149617
Portfolio 2,5322,37821053.47148108
Portfolio 2,5323,0.0
Portfolio 2,5324,11204092.281538276
Portfolio 2,5325,18763324.314525187
Portfolio 2,5326,22944812.59959296
Portfolio 2,5327,0.0
Portfolio 2,5328,35385903.622036815
Portfolio 2,5329,6394411.026348391
Portfolio 2,5330,0.0
Portfolio 2,5331,15345518.185576415
Portfolio 2,5332,22478477.110473868
Portfolio 2,5333,9289187.814006878
Portfolio 2,5334,22417238.797528233
Portfolio 2,5335,0.0
Portfolio 2,5336,47306291.97781561
Portfolio 2,5337,6394411.026348391
Portfolio 2,5338,19988858.71067782
Portfolio 2,5339,15345518.185576415
Portfolio 2,5340,27981746.95477877
Portfolio 2,5341,17003351.064255137
Portfolio 2,5342,13189289.29646699
Portfolio 2,5343,6426429.244889958
Portfolio 2,5344,0.0
Portfolio 2,5345,11213146.515989957
Portfolio 2,5346,49443247.4314045
Portfolio 2,5347,18763324.314525187
Portfolio 2,5348,11040187.213113386
Portfolio 2,5349,0.0
Portfolio 2,5350,0.0
Portfolio 2,5351,0.0
Portfolio 2,5352,0.0
Portfolio 2,5353,40339321.832268916
Portfolio 2,5354,0.0
Portfolio 2,5355,16622579.30751163
Portfolio 2,5356,8367052.55026625
Portfolio 2,5357,0.0
Portfolio 2,5358,0.0
Portfolio 2,5359,0.0
Portfolio 2,5360,0.0
Portfolio 2,5361,0.0
Portfolio 2,5362,55866136.03658065
Portfolio 2,5363,0.0
Portfolio 2,5364,0.0
Portfolio 2,5365,0.0
Portfolio 2,5366,50723293.376377106
Portfolio 2,5367,19307512.31955126
Portfolio 2,5368,0.0
Portfolio 2,5369,0.0
Portfolio 2,5370,0.0
Portfolio 2,5371,0.0
Portfolio 2,5372,27340382.788988926
Portfolio 2,5373,18226223.6516528
Portfolio 2,5374,0.0
Portfolio 2,5375,0.0
Portfolio 2,5376,18423536.62888647
Portfolio 2,5377,15201817.435149617
Portfolio 2,5378,0.0
Portfolio 2,5379,0.0
Portfolio 2,5380,0.0
Portfolio 2,5381,48469128.72902761
Portfolio 2,5382,11213146.515989957
Portfolio 2,5383,0.0
Portfolio 2,5384,0.0
Portfolio 2,5385,12325808.349476852
Portfolio 2,5386,17134608.052963268
Portfolio 2,5387,39338898.81577787
Portfolio 2,5388,0.0
Portfolio 2,5389,79243851.15387331
Portfolio 2,5390,15199283.140644096
Portfolio 2,5391,0.0
Portfolio 2,5392,0.0
Portfolio 2,5393,32221089.48178073
Portfolio 2,5394,11204092.281538276
Portfolio 2,5395,15201817.435149617
Portfolio 2,5396,55547654.23167935
Portfolio 2,5397,11013053.326687574
Portfolio 2,5398,11040187.213113386
Portfolio 2,5399,0.0
Portfolio 2,5400,0.0
Portfolio 2,5401,0.0
Portfolio 2,5402,42206004.31890367
Portfolio 2,5403,56554719.802619144
Portfolio 2,5404,0.0
Portfolio 2,5405,18763324.314525187
Portfolio 2,5406,0.0
Portfolio 2,5407,0.0
Portfolio 2,5408,0.0
Portfolio 2,5409,0.0
Portfolio 2,5410,0.0
Portfolio 2,5411,0.0
Portfolio 2,5412,0.0
Portfolio 2,5413,38727231.078617096
Portfolio 2,5414,9289187.814006878
Portfolio 2,5415,0.0
Portfolio 2,5416,28388572.437111087
Portfolio 2,5417,0.0
Portfolio 2,5418,0.0
Portfolio 2,5419,39185839.236317046
Portfolio 2,5420,0.0
Portfolio 2,5421,0.0
Portfolio 2,5422,0.0
Portfolio 2,5423,11213146.515989957
Portfolio 2,5424,0.0
Portfolio 2,5425,35360831.70461607
Portfolio 2,5426,0.0
Portfolio 2,5427,0.0
Portfolio 2,5428,0.0
Portfolio 2,5429,26383269.73702621
Portfolio 2,5430,24634634.897442818
Portfolio 2,5431,0.0
Portfolio 2,5432,18763324.314525187
Portfolio 2,5433,15817893.367368415
Portfolio 2,5434,16039136.9337648
Portfolio 2,5435,46126629.691953026
Portfolio 2,5436,0.0
Portfolio 2,5437,18423536.62888647
Portfolio 2,5438,0.0
Portfolio 2,5439,57479663.89651129
Portfolio 2,5440,31675473.332326382
Portfolio 2,5441,18763324.314525187
Portfolio 2,5442,19988858.71067782
Portfolio 2,5443,19988858.71067782
Portfolio 2,5444,18763324.314525187
Portfolio 2,5445,25546864.17395713
Portfolio 2,5446,26506591.283099905
Portfolio 2,5447,13449249.680673582
Portfolio 2,5448,0.0
Portfolio 2,5449,31945129.640367385
Portfolio 2,5450,16039136.9337648
Portfolio 2,5451,0.0
Portfolio 2,5452,18423536.62888647
Portfolio 2,5453,15199283.140644096
Portfolio 2,5454,116500259.20195228
Portfolio 2,5455,0.0
Portfolio 2,5456,31702848.67108918
Portfolio 2,5457,9615302.014042802
Portfolio 2,5458,0.0
Portfolio 2,5459,0.0
Portfolio 2,5460,0.0
Portfolio 2,5461,16127236.27299897
Portfolio 2,5462,0.0
Portfolio 2,5463,6394411.026348391
Portfolio 2,5464,15817893.367368415
Portfolio 2,5465,26383269.73702621
Portfolio 2,5466,18763324.314525187
Portfolio 2,5467,0.0
Portfolio 2,5468,0.0
Portfolio 2,5469,19988858.71067782
Portfolio 2,5470,16039136.9337648
Portfolio 2,5471,0.0
Portfolio 2,5472,12925195.99755928
Portfolio 2,5473,15115135.719909279
Portfolio 2,5474,25002218.107459296
Portfolio 2,5475,0.0
Portfolio 2,5476,11213146.515989957
Portfolio 2,5477,0.0
Portfolio 2,5478,0.0
Portfolio 2,5479,0.0
Portfolio 2,5480,0.0
Portfolio 2,5481,0.0
Portfolio 2,5482,0.0
Portfolio 2,5483,0.0
Portfolio 2,5484,0.0
Portfolio 2,5485,16039136.9337648
Portfolio 2,5486,97089838.96927771
Portfolio 2,5487,13189289.29646699
Portfolio 2,5488,24494288.82326522
Portfolio 2,5489,38610917.9364398
Portfolio 2,5490,0.0
Portfolio 2,5491,38110840.48619442
Portfolio 2,5492,0.0
Portfolio 2,5493,0.0
Portfolio 2,5494,6394411.026348391
Portfolio 2,5495,59195842.82629526
Portfolio 2,5496,0.0
Portfolio 2,5497,54238218.06301778
Portfolio 2,5498,0.0
Portfolio 2,5499,0.0
Portfolio 2,5500,0.0
Portfolio 2,5501,26383269.73702621
Portfolio 2,5502,0.0
Portfolio 2,5503,15817893.367368415
Portfolio 2,5504,0.0
Portfolio 2,5505,0.0
Portfolio 2,5506,72817668.91774824
Portfolio 2,5507,16622579.30751163
Portfolio 2,5508,0.0
Portfolio 2,5509,0.0
Portfolio 2,5510,11013053.326687574
Portfolio 2,5511,24488470.954650976
Portfolio 2,5512,6498766.752669321
Portfolio 2,5513,0.0
Portfolio 2,5514,0.0
Portfolio 2,5515,0.0
Portfolio 2,5516,0.0
Portfolio 2,5517,0.0
Portfolio 2,5518,0.0
Portfolio 2,5519,6426429.244889958
Portfolio 2,5520,28052512.128532067
Portfolio 2,5521,15201817.435149617
Portfolio 2,5522,4645776.186764995
Portfolio 2,5523,8083054.654213435
Portfolio 2,5524,56955233.79966891
Portfolio 2,5525,15817893.367368415
Portfolio 2,5526,0.0
Portfolio 2,5527,0.0
Portfolio 2,5528,32673303.6803464
Portfolio 2,5529,19380105.876953825
Portfolio 2,5530,55799064.94626464
Portfolio 2,5531,0.0
Portfolio 2,5532,15345518.185576415
Portfolio 2,5533,9755523.30312597
Portfolio 2,5534,62807087.493653655
Portfolio 2,5535,0.0
Portfolio 2,5536,0.0
Portfolio 2,5537,13189289.29646699
Portfolio 2,5538,16622579.30751163
Portfolio 2,5539,12357574.877490142
Portfolio 2,5540,0.0
Portfolio 2,5541,25157735.340873577
Portfolio 2,5542,23121346.06018095
Portfolio 2,5543,16039136.9337648
Portfolio 2,5544,0.0
Portfolio 2,5545,32661716.241276428
Portfolio 2,5546,0.0
Portfolio 2,5547,27031039.883358374
Portfolio 2,5548,44223214.91403543
Portfolio 2,5549,0.0
Portfolio 2,5550,21780498.913722444
Portfolio 2,5551,0.0
Portfolio 2,5552,0.0
Portfolio 2,5553,0.0
Portfolio 2,5554,0.0
Portfolio 2,5555,12357574.877490142
Portfolio 2,5556,18763324.314525187
Portfolio 2,5557,18423536.62888647
Portfolio 2,5558,0.0
Portfolio 2,5559,13189289.29646699
Portfolio 2,5560,0.0
Portfolio 2,5561,0.0
Portfolio 2,5562,0.0
Portfolio 2,5563,0.0
Portfolio 2,5564,44857051.13213868
Portfolio 2,5565,0.0
Portfolio 2,5566,62672377.43316175
Portfolio 2,5567,0.0
Portfolio 2,5568,16039136.9337648
Portfolio 2,5569,0.0
Portfolio 2,5570,0.0
Portfolio 2,5571,19988858.71067782
Portfolio 2,5572,11213146.515989957
Portfolio 2,5573,12357574.877490142
Portfolio 2,5574,12357574.877490142
Portfolio 2,5575,22871999.8384178
Portfolio 2,5576,15345518.185576415
Portfolio 2,5577,0.0
Portfolio 2,5578,0.0
Portfolio 2,5579,16127236.27299897
Portfolio 2,5580,37723464.73449698
Portfolio 2,5581,18423536.62888647
Portfolio 2,5582,0.0
Portfolio 2,5583,15345518.185576415
Portfolio 2,5584,0.0
Portfolio 2,5585,16127236.27299897
Portfolio 2,5586,0.0
Portfolio 2,5587,29228426.23023179
Portfolio 2,5588,30288903.98522473
Portfolio 2,5589,0.0
Portfolio 2,5590,11013053.326687574
Portfolio 2,5591,32480126.23853968
Portfolio 2,5592,18226223.6516528
Portfolio 2,5593,16127236.27299897
Portfolio 2,5594,0.0
Portfolio 2,5595,0.0
Portfolio 2,5596,50727300.21239844
Portfolio 2,5597,11213146.515989957
Portfolio 2,5598,27331328.554537244
Portfolio 2,5599,9755523.30312597
Portfolio 2,5600,30071828.988185212
Portfolio 2,5601,0.0
Portfolio 2,5602,0.0
Portfolio 2,5603,0.0
Portfolio 2,5604,0.0
Portfolio 2,5605,0.0
Portfolio 2,5606,16127236.27299897
Portfolio 2,5607,0.0
Portfolio 2,5608,21593694.166992486
Portfolio 2,5609,0.0
Portfolio 2,5610,0.0
Portfolio 2,5611,12357574.877490142
Portfolio 2,5612,36027995.64444262
Portfolio 2,5613,31326519.413643066
Portfolio 2,5614,0.0
Portfolio 2,5615,0.0
Portfolio 2,5616,3036620.5354699735
Portfolio 2,5617,18763324.314525187
Portfolio 2,5618,0.0
Portfolio 2,5619,0.0
Portfolio 2,5620,18226223.6516528
Portfolio 2,5621,0.0
Portfolio 2,5622,0.0
Portfolio 2,5623,13449249.680673582
Portfolio 2,5624,0.0
Portfolio 2,5625,21780384.239728265
Portfolio 2,5626,0.0
Portfolio 2,5627,42305518.83071556
Portfolio 2,5628,0.0
Portfolio 2,5629,15201817.435149617
Portfolio 2,5630,0.0
Portfolio 2,5631,0.0
Portfolio 2,5632,18763324.314525187
Portfolio 2,5633,16127236.27299897
Portfolio 2,5634,16622579.30751163
Portfolio 2,5635,34848802.95916443
Portfolio 2,5636,0.0
Portfolio 2,5637,33538672.34879575
Portfolio 2,5638,15201817.435149617
Portfolio 2,5639,18423536.62888647
Portfolio 2,5640,0.0
Portfolio 2,5641,0.0
Portfolio 2,5642,23198190.374122713
Portfolio 2,5643,0.0
Portfolio 2,5644,0.0
Portfolio 2,5645,11213146.515989957
Portfolio 2,5646,44694000.36560303
Portfolio 2,5647,0.0
Portfolio 2,5648,16039136.9337648
Portfolio 2,5649,3036620.5354699735
Portfolio 2,5650,0.0
Portfolio 2,5651,8083054.654213435
Portfolio 2,5652,11204092.281538276
Portfolio 2,5653,34277454.67414321
Portfolio 2,5654,24202342.623154566
Portfolio 2,5655,16501031.23593956
Portfolio 2,5656,15817893.367368415
Portfolio 2,5657,0.0
Portfolio 2,5658,13449249.680673582
Portfolio 2,5659,0.0
Portfolio 2,5660,0.0
Portfolio 2,5661,23069312.81565146
Portfolio 2,5662,18423536.62888647
Portfolio 2,5663,36989547.966177985
Portfolio 2,5664,0.0
Portfolio 2,5665,33369270.657725547
Portfolio 2,5666,0.0
Portfolio 2,5667,0.0
Portfolio 2,5668,0.0
Portfolio 2,5669,34353459.92465177
Portfolio 2,5670,9755523.30312597
Portfolio 2,5671,0.0
Portfolio 2,5672,8367052.55026625
Portfolio 2,5673,0.0
Portfolio 2,5674,11204092.281538276
Portfolio 2,5675,0.0
Portfolio 2,5676,27140289.599686544
Portfolio 2,5677,16501031.23593956
Portfolio 2,5678,23370628.204177715
Portfolio 2,5679,0.0
Portfolio 2,5680,21593694.166992486
Portfolio 2,5681,15115135.719909279
Portfolio 2,5682,6498766.752669321
Portfolio 2,5683,0.0
Portfolio 2,5684,0.0
Portfolio 2,5685,0.0
Portfolio 2,5686,9755523.30312597
Portfolio 2,5687,12357574.877490142
Portfolio 2,5688,0.0
Portfolio 2,5689,18763324.314525187
Portfolio 2,5690,8083054.654213435
Portfolio 2,5691,15867869.292579707
Portfolio 2,5692,21739929.211924806
Portfolio 2,5693,0.0
Portfolio 2,5694,16127236.27299897
Portfolio 2,5695,0.0
Portfolio 2,5696,18763324.314525187
Portfolio 2,5697,15199283.140644096
Portfolio 2,5698,0.0
Portfolio 2,5699,15345518.185576415
Portfolio 2,5700,50368666.26925385
Portfolio 2,5701,0.0
Portfolio 2,5702,0.0
Portfolio 2,5703,57507336.26586518
Portfolio 2,5704,16501031.23593956
Portfolio 2,5705,15817893.367368415
Portfolio 2,5706,0.0
Portfolio 2,5707,23428572.83978985
Portfolio 2,5708,16127236.27299897
Portfolio 2,5709,0.0
Portfolio 2,5710,8083054.654213435
Portfolio 2,5711,0.0
Portfolio 2,5712,19988858.71067782
Portfolio 2,5713,12357574.877490142
Portfolio 2,5714,29239276.978340376
Portfolio 2,5715,24922303.38155579
Portfolio 2,5716,0.0
Portfolio 2,5717,16334204.781698797
Portfolio 2,5718,0.0
Portfolio 2,5719,11013053.326687574
Portfolio 2,5720,21700584.187818937
Portfolio 2,5721,0.0
Portfolio 2,5722,0.0
Portfolio 2,5723,0.0
Portfolio 2,5724,17598503.307886668
Portfolio 2,5725,6394411.026348391
Portfolio 2,5726,20440629.531703576
Portfolio 2,5727,18226223.6516528
Portfolio 2,5728,0.0
Portfolio 2,5729,18763324.314525187
Portfolio 2,5730,0.0
Portfolio 2,5731,11013053.326687574
Portfolio 2,5732,17134608.052963268
Portfolio 2,5733,45798571.08465257
Portfolio 2,5734,0.0
Portfolio 2,5735,0.0
Portfolio 2,5736,34848802.95916443
Portfolio 2,5737,0.0
Portfolio 2,5738,58443738.287848815
Portfolio 2,5739,0.0
Portfolio 2,5740,0.0
Portfolio 2,5741,45703340.247899316
Portfolio 2,5742,0.0
Portfolio 2,5743,0.0
Portfolio 2,5744,0.0
Portfolio 2,5745,0.0
Portfolio 2,5746,15115135.719909279
Portfolio 2,5747,0.0
Portfolio 2,5748,11204092.281538276
Portfolio 2,5749,0.0
Portfolio 2,5750,16501031.23593956
Portfolio 2,5751,0.0
Portfolio 2,5752,0.0
Portfolio 2,5753,0.0
Portfolio 2,5754,0.0
Portfolio 2,5755,13189289.29646699
Portfolio 2,5756,0.0
Portfolio 2,5757,0.0
Portfolio 2,5758,0.0
Portfolio 2,5759,92761647.54822738
Portfolio 2,5760,78272783.40556337
Portfolio 2,5761,6498766.752669321
Portfolio 2,5762,0.0
Portfolio 2,5763,21146807.422704555
Portfolio 2,5764,0.0
Portfolio 2,5765,15817893.367368415
Portfolio 2,5766,34848802.95916443
Portfolio 2,5767,16039136.9337648
Portfolio 2,5768,6498766.752669321
Portfolio 2,5769,31449340.501608077
Portfolio 2,5770,33769054.814462885
Portfolio 2,5771,0.0
Portfolio 2,5772,0.0
Portfolio 2,5773,0.0
Portfolio 2,5774,0.0
Portfolio 2,5775,29636683.144876428
Portfolio 2,5776,0.0
Portfolio 2,5777,9289187.814006878
Portfolio 2,5778,0.0
Portfolio 2,5779,0.0
Portfolio 2,5780,0.0
Portfolio 2,5781,16622579.30751163
Portfolio 2,5782,43581271.969760045
Portfolio 2,5783,0.0
Portfolio 2,5784,0.0
Portfolio 2,5785,11213146.515989957
Portfolio 2,5786,16039136.9337648
Portfolio 2,5787,19659199.842981603
Portfolio 2,5788,0.0
Portfolio 2,5789,17134608.052963268
Portfolio 2,5790,18763324.314525187
Portfolio 2,5791,9289187.814006878
Portfolio 2,5792,0.0
Portfolio 2,5793,0.0
Portfolio 2,5794,0.0
Portfolio 2,5795,9755523.30312597
Portfolio 2,5796,16501031.23593956
Portfolio 2,5797,0.0
Portfolio 2,5798,0.0
Portfolio 2,5799,34641719.355779804
Portfolio 2,5800,33428041.08680242
Portfolio 2,5801,0.0
Portfolio 2,5802,16501031.23593956
Portfolio 2,5803,8083054.654213435
Portfolio 2,5804,0.0
Portfolio 2,5805,15345518.185576415
Portfolio 2,5806,13449249.680673582
Portfolio 2,5807,109077882.28734036
Portfolio 2,5808,9755523.30312597
Portfolio 2,5809,0.0
Portfolio 2,5810,29568079.56832078
Portfolio 2,5811,29708767.03974749
Portfolio 2,5812,0.0
Portfolio 2,5813,8083054.654213435
Portfolio 2,5814,11013053.326687574
Portfolio 2,5815,0.0
Portfolio 2,5816,93335631.15804285
Portfolio 2,5817,0.0
Portfolio 2,5818,102653150.37455294
Portfolio 2,5819,23198190.374122713
Portfolio 2,5820,46874756.47297048
Portfolio 2,5821,18226223.6516528
Portfolio 2,5822,26593276.201919053
Portfolio 2,5823,27712724.44289335
Portfolio 2,5824,34550772.901885435
Portfolio 2,5825,0.0
Portfolio 2,5826,0.0
Portfolio 2,5827,70411655.12445174
Portfolio 2,5828,0.0
Portfolio 2,5829,11213146.515989957
Portfolio 2,5830,12357574.877490142
Portfolio 2,5831,6394411.026348391
Portfolio 2,5832,11213146.515989957
Portfolio 2,5833,28347754.568953224
Portfolio 2,5834,13189289.29646699
Portfolio 2,5835,11013053.326687574
Portfolio 2,5836,66224148.47927217
Portfolio 2,5837,0.0
Portfolio 2,5838,31242371.992908247
Portfolio 2,5839,52243930.74856982
Portfolio 2,5840,29430315.933191076
Portfolio 2,5841,0.0
Portfolio 2,5842,0.0
Portfolio 2,5843,18423536.62888647
Portfolio 2,5844,15715617.058896836
Portfolio 2,5845,0.0
Portfolio 2,5846,80115483.94472124
Portfolio 2,5847,0.0
Portfolio 2,5848,0.0
Portfolio 2,5849,0.0
Portfolio 2,5850,0.0
Portfolio 2,5851,70842673.32201546
Portfolio 2,5852,106803085.57653177
Portfolio 2,5853,0.0
Portfolio 2,5854,0.0
Portfolio 2,5855,28388572.437111087
Portfolio 2,5856,0.0
Portfolio 2,5857,8367052.55026625
Portfolio 2,5858,0.0
Portfolio 2,5859,0.0
Portfolio 2,5860,0.0
Portfolio 2,5861,17134608.052963268
Portfolio 2,5862,19659199.842981603
Portfolio 2,5863,27130376.864791438
Portfolio 2,5864,0.0
Portfolio 2,5865,0.0
Portfolio 2,5866,0.0
Portfolio 2,5867,22478477.110473868
Portfolio 2,5868,0.0
Portfolio 2,5869,12893177.779017713
Portfolio 2,5870,11204092.281538276
Portfolio 2,5871,18423536.62888647
Portfolio 2,5872,15345518.185576415
Portfolio 2,5873,0.0
Portfolio 2,5874,0.0
Portfolio 2,5875,6498766.752669321
Portfolio 2,5876,0.0
Portfolio 2,5877,30401100.575793713
Portfolio 2,5878,0.0
Portfolio 2,5879,33123610.54345119
Portfolio 2,5880,0.0
Portfolio 2,5881,0.0
Portfolio 2,5882,0.0
Portfolio 2,5883,12357574.877490142
Portfolio 2,5884,0.0
Portfolio 2,5885,33173744.98672807
Portfolio 2,5886,0.0
Portfolio 2,5887,0.0
Portfolio 2,5888,23284872.089363053
Portfolio 2,5889,18856341.630159464
Portfolio 2,5890,38343523.3807814
Portfolio 2,5891,0.0
Portfolio 2,5892,58929597.510746926
Portfolio 2,5893,0.0
Portfolio 2,5894,0.0
Portfolio 2,5895,0.0
Portfolio 2,5896,19988858.71067782
Portfolio 2,5897,0.0
Portfolio 2,5898,0.0
Portfolio 2,5899,0.0
Portfolio 2,5900,0.0
Portfolio 2,5901,34848802.95916443
Portfolio 2,5902,34097504.08941495
Portfolio 2,5903,0.0
Portfolio 2,5904,6498766.752669321
Portfolio 2,5905,54931976.5364206
Portfolio 2,5906,0.0
Portfolio 2,5907,18763324.314525187
Portfolio 2,5908,0.0
Portfolio 2,5909,0.0
Portfolio 2,5910,44573944.41580821
Portfolio 2,5911,0.0
Portfolio 2,5912,16127236.27299897
Portfolio 2,5913,0.0
Portfolio 2,5914,0.0
Portfolio 2,5915,16501031.23593956
Portfolio 2,5916,0.0
Portfolio 2,5917,15345518.185576415
Portfolio 2,5918,30974058.422664233
Portfolio 2,5919,71605077.4080558
Portfolio 2,5920,0.0
Portfolio 2,5921,0.0
Portfolio 2,5922,15817893.367368415
Portfolio 2,5923,6578681.478572828
Portfolio 2,5924,29776377.64121276
Portfolio 2,5925,17702859.034207597
Portfolio 2,5926,0.0
Portfolio 2,5927,29639396.500946674
Portfolio 2,5928,0.0
Portfolio 2,5929,18423536.62888647
Portfolio 2,5930,4645776.186764995
Portfolio 2,5931,15201817.435149617
Portfolio 2,5932,16127236.27299897
Portfolio 2,5933,0.0
Portfolio 2,5934,55643714.18579957
Portfolio 2,5935,15345518.185576415
Portfolio 2,5936,0.0
Portfolio 2,5937,0.0
Portfolio 2,5938,17003351.064255137
Portfolio 2,5939,0.0
Portfolio 2,5940,0.0
Portfolio 2,5941,0.0
Portfolio 2,5942,0.0
Portfolio 2,5943,20440629.531703576
Portfolio 2,5944,65325668.440619744
Portfolio 2,5945,33173744.98672807
Portfolio 2,5946,0.0
Portfolio 2,5947,0.0
Portfolio 2,5948,4645776.186764995
Portfolio 2,5949,16039136.9337648
Portfolio 2,5950,0.0
Portfolio 2,5951,0.0
Portfolio 2,5952,6498766.752669321
Portfolio 2,5953,20502334.329996835
Portfolio 2,5954,16622579.30751163
Portfolio 2,5955,0.0
Portfolio 2,5956,15199283.140644096
Portfolio 2,5957,0.0
Portfolio 2,5958,32650965.565413922
Portfolio 2,5959,21532304.334887017
Portfolio 2,5960,0.0
Portfolio 2,5961,0.0
Portfolio 2,5962,0.0
Portfolio 2,5963,0.0
Portfolio 2,5964,0.0
Portfolio 2,5965,0.0
Portfolio 2,5966,17134608.052963268
Portfolio 2,5967,0.0
Portfolio 2,5968,27130376.864791438
Portfolio 2,5969,53416899.79748024
Portfolio 2,5970,18423536.62888647
Portfolio 2,5971,0.0
Portfolio 2,5972,15817893.367368415
Portfolio 2,5973,0.0
Portfolio 2,5974,18423536.62888647
Portfolio 2,5975,40359552.776023194
Portfolio 2,5976,42476613.84606128
Portfolio 2,5977,15817893.367368415
Portfolio 2,5978,15199283.140644096
Portfolio 2,5979,0.0
Portfolio 2,5980,17134608.052963268
Portfolio 2,5981,19319607.02390767
Portfolio 2,5982,44430366.97170336
Portfolio 2,5983,0.0
Portfolio 2,5984,48266671.25957829
Portfolio 2,5985,33769054.814462885
Portfolio 2,5986,8083054.654213435
Portfolio 2,5987,18226223.6516528
Portfolio 2,5988,16127236.27299897
Portfolio 2,5989,0.0
Portfolio 2,5990,33622819.769530565
Portfolio 2,5991,79583526.65929332
Portfolio 2,5992,15345518.185576415
Portfolio 2,5993,23529019.079311658
Portfolio 2,5994,24817947.65523486
Portfolio 2,5995,0.0
Portfolio 2,5996,12357574.877490142
Portfolio 2,5997,16039136.9337648
Portfolio 2,5998,15115135.719909279
Portfolio 2,5999,0.0
Portfolio 2,6000,0.0
Portfolio 2,6001,0.0
Portfolio 2,6002,0.0
Portfolio 2,6003,16127236.27299897
Portfolio 2,6004,15199283.140644096
Portfolio 2,6005,0.0
Portfolio 2,6006,22348635.22097259
Portfolio 2,6007,4645776.186764995
Portfolio 2,6008,0.0
Portfolio 2,6009,0.0
Portfolio 2,6010,32540168.169704363
Portfolio 2,6011,40773807.36254819
Portfolio 2,6012,0.0
Portfolio 2,6013,43462890.288862504
Portfolio 2,6014,0.0
Portfolio 2,6015,0.0
Portfolio 2,6016,0.0
Portfolio 2,6017,0.0
Portfolio 2,6018,17003351.064255137
Portfolio 2,6019,4645776.186764995
Portfolio 2,6020,0.0
Portfolio 2,6021,15817893.367368415
Portfolio 2,6022,16039136.9337648
Portfolio 2,6023,8083054.654213435
Portfolio 2,6024,16127236.27299897
Portfolio 2,6025,0.0
Portfolio 2,6026,0.0
Portfolio 2,6027,0.0
Portfolio 2,6028,14509483.899103392
Portfolio 2,6029,31857030.301133215
Portfolio 2,6030,30460653.905485693
Portfolio 2,6031,16127236.27299897
Portfolio 2,6032,16039136.9337648
Portfolio 2,6033,0.0
Portfolio 2,6034,17711913.26865928
Portfolio 2,6035,0.0
Portfolio 2,6036,4645776.186764995
Portfolio 2,6037,0.0
Portfolio 2,6038,15345518.185576415
Portfolio 2,6039,0.0
Portfolio 2,6040,15201817.435149617
Portfolio 2,6041,0.0
Portfolio 2,6042,11013053.326687574
Portfolio 2,6043,47067749.33090146
Portfolio 2,6044,0.0
Portfolio 2,6045,64827538.3522686
Portfolio 2,6046,18226223.6516528
Portfolio 2,6047,25107081.181375295
Portfolio 2,6048,33261844.325962238
Portfolio 2,6049,21268355.494276624
Portfolio 2,6050,0.0
Portfolio 2,6051,0.0
Portfolio 2,6052,0.0
Portfolio 2,6053,53225997.877176456
Portfolio 2,6054,0.0
Portfolio 2,6055,0.0
Portfolio 2,6056,41797004.24962681
Portfolio 2,6057,0.0
Portfolio 2,6058,13189289.29646699
Portfolio 2,6059,16039136.9337648
Portfolio 2,6060,0.0
Portfolio 2,6061,0.0
Portfolio 2,6062,0.0
Portfolio 2,6063,23741884.167666003
Portfolio 2,6064,0.0
Portfolio 2,6065,0.0
Portfolio 2,6066,19988858.71067782
Portfolio 2,6067,0.0
Portfolio 2,6068,122786726.87236296
Portfolio 2,6069,11072205.431654952
Portfolio 2,6070,0.0
Portfolio 2,6071,12357574.877490142
Portfolio 2,6072,0.0
Portfolio 2,6073,0.0
Portfolio 2,6074,0.0
Portfolio 2,6075,0.0
Portfolio 2,6076,23900948.02158185
Portfolio 2,6077,50112541.78464364
Portfolio 2,6078,24653341.96221186
Portfolio 2,6079,83817140.9142714
Portfolio 2,6080,11213146.515989957
Portfolio 2,6081,44209000.098985024
Portfolio 2,6082,0.0
Portfolio 2,6083,0.0
Portfolio 2,6084,28388572.437111087
Portfolio 2,6085,33341359.37156208
Portfolio 2,6086,12357574.877490142
Portfolio 2,6087,11213146.515989957
Portfolio 2,6088,0.0
Portfolio 2,6089,11213146.515989957
Portfolio 2,6090,4645776.186764995
Portfolio 2,6091,0.0
Portfolio 2,6092,41766823.32989475
Portfolio 2,6093,0.0
Portfolio 2,6094,0.0
Portfolio 2,6095,19186554.864944335
Portfolio 2,6096,0.0
Portfolio 2,6097,15115135.719909279
Portfolio 2,6098,61388473.965870455
Portfolio 2,6099,0.0
Portfolio 2,6100,0.0
Portfolio 2,6101,56626231.46092513
Portfolio 2,6102,15817893.367368415
Portfolio 2,6103,0.0
Portfolio 2,6104,0.0
Portfolio 2,6105,0.0
Portfolio 2,6106,0.0
Portfolio 2,6107,0.0
Portfolio 2,6108,11204092.281538276
Portfolio 2,6109,13189289.29646699
Portfolio 2,6110,0.0
Portfolio 2,6111,28052512.128532067
Portfolio 2,6112,0.0
Portfolio 2,6113,0.0
Portfolio 2,6114,18423536.62888647
Portfolio 2,6115,6498766.752669321
Portfolio 2,6116,11213146.515989957
Portfolio 2,6117,6578681.478572828
Portfolio 2,6118,0.0
Portfolio 2,6119,0.0
Portfolio 2,6120,58253202.20240139
Portfolio 2,6121,0.0
Portfolio 2,6122,21292248.54782553
Portfolio 2,6123,16039136.9337648
Portfolio 2,6124,12357574.877490142
Portfolio 2,6125,16501031.23593956
Portfolio 2,6126,0.0
Portfolio 2,6127,15199283.140644096
Portfolio 2,6128,0.0
Portfolio 2,6129,0.0
Portfolio 2,6130,34462673.56265127
Portfolio 2,6131,0.0
Portfolio 2,6132,6498766.752669321
Portfolio 2,6133,0.0
Portfolio 2,6134,51747929.91742831
Portfolio 2,6135,33425506.792296898
Portfolio 2,6136,0.0
Portfolio 2,6137,6578681.478572828
Portfolio 2,6138,0.0
Portfolio 2,6139,0.0
Portfolio 2,6140,15199283.140644096
Portfolio 2,6141,0.0
Portfolio 2,6142,0.0
Portfolio 2,6143,0.0
Portfolio 2,6144,20440629.531703576
Portfolio 2,6145,37391155.93732517
Portfolio 2,6146,47318811.60442351
Portfolio 2,6147,15201817.435149617
Portfolio 2,6148,0.0
Portfolio 2,6149,0.0
Portfolio 2,6150,0.0
Portfolio 2,6151,0.0
Portfolio 2,6152,0.0
Portfolio 2,6153,48970872.2496125
Portfolio 2,6154,45508213.89977497
Portfolio 2,6155,11213146.515989957
Portfolio 2,6156,75299454.51099218
Portfolio 2,6157,0.0
Portfolio 2,6158,0.0
Portfolio 2,6159,0.0
Portfolio 2,6160,17134608.052963268
Portfolio 2,6161,0.0
Portfolio 2,6162,0.0
Portfolio 2,6163,6394411.026348391
Portfolio 2,6164,0.0
Portfolio 2,6165,0.0
Portfolio 2,6166,38763484.594178036
Portfolio 2,6167,0.0
Portfolio 2,6168,13189289.29646699
Portfolio 2,6169,12728830.840978429
Portfolio 2,6170,11013053.326687574
Portfolio 2,6171,0.0
Portfolio 2,6172,33261844.325962238
Portfolio 2,6173,6426429.244889958
Portfolio 2,6174,6578681.478572828
Portfolio 2,6175,0.0
Portfolio 2,6176,16127236.27299897
Portfolio 2,6177,4645776.186764995
Portfolio 2,6178,0.0
Portfolio 2,6179,0.0
Portfolio 2,6180,0.0
Portfolio 2,6181,16622579.30751163
Portfolio 2,6182,0.0
Portfolio 2,6183,24593792.620107897
Portfolio 2,6184,0.0
Portfolio 2,6185,18423536.62888647
Portfolio 2,6186,9755523.30312597
Portfolio 2,6187,0.0
Portfolio 2,6188,19843660.707021974
Portfolio 2,6189,47915719.55933988
Portfolio 2,6190,16039136.9337648
Portfolio 2,6191,46151240.51206603
Portfolio 2,6192,8083054.654213435
Portfolio 2,6193,18226223.6516528
Portfolio 2,6194,11013053.326687574
Portfolio 2,6195,9431031.561818365
Portfolio 2,6196,21532304.334887017
Portfolio 2,6197,25416424.087005846
Portfolio 2,6198,0.0
Portfolio 2,6199,0.0
Portfolio 2,6200,16485870.216143556
Portfolio 2,6201,26423795.866970144
Portfolio 2,6202,0.0
Portfolio 2,6203,24406189.48403105
Portfolio 2,6204,25328324.74777168
Portfolio 2,6205,18423536.62888647
Portfolio 2,6206,69533294.53157961
Portfolio 2,6207,16127236.27299897
Portfolio 2,6208,0.0
Portfolio 2,6209,18238437.97061959
Portfolio 2,6210,34960195.04731837
Portfolio 2,6211,0.0
Portfolio 2,6212,15115135.719909279
Portfolio 2,6213,0.0
Portfolio 2,6214,33247958.02398196
Portfolio 2,6215,16127236.27299897
Portfolio 2,6216,0.0
Portfolio 2,6217,0.0
Portfolio 2,6218,15817893.367368415
Portfolio 2,6219,0.0
Portfolio 2,6220,0.0
Portfolio 2,6221,13005110.723462787
Portfolio 2,6222,0.0
Portfolio 2,6223,0.0
Portfolio 2,6224,0.0
Portfolio 2,6225,34924567.86482603
Portfolio 2,6226,19988858.71067782
Portfolio 2,6227,16501031.23593956
Portfolio 2,6228,29523494.078165784
Portfolio 2,6229,0.0
Portfolio 2,6230,11013053.326687574
Portfolio 2,6231,12357574.877490142
Portfolio 2,6232,0.0
Portfolio 2,6233,11204092.281538276
Portfolio 2,6234,0.0
Portfolio 2,6235,0.0
Portfolio 2,6236,0.0
Portfolio 2,6237,8367052.55026625
Portfolio 2,6238,0.0
Portfolio 2,6239,8083054.654213435
Portfolio 2,6240,15345518.185576415
Portfolio 2,6241,9755523.30312597
Portfolio 2,6242,0.0
Portfolio 2,6243,17134608.052963268
Portfolio 2,6244,0.0
Portfolio 2,6245,34265360.5854176
Portfolio 2,6246,12357574.877490142
Portfolio 2,6247,38594765.21731971
Portfolio 2,6248,0.0
Portfolio 2,6249,30316953.155058898
Portfolio 2,6250,0.0
Portfolio 2,6251,0.0
Portfolio 2,6252,26383269.73702621
Portfolio 2,6253,0.0
Portfolio 2,6254,0.0
Portfolio 2,6255,24402435.812456947
Portfolio 2,6256,0.0
Portfolio 2,6257,8367052.55026625
Portfolio 2,6258,0.0
Portfolio 2,6259,11213146.515989957
Portfolio 2,6260,37414121.82886642
Portfolio 2,6261,18763324.314525187
Portfolio 2,6262,11013053.326687574
Portfolio 2,6263,0.0
Portfolio 2,6264,0.0
Portfolio 2,6265,16501031.23593956
Portfolio 2,6266,18226223.6516528
Portfolio 2,6267,0.0
Portfolio 2,6268,11013053.326687574
Portfolio 2,6269,16501031.23593956
Portfolio 2,6270,22217145.608225852
Portfolio 2,6271,0.0
Portfolio 2,6272,9755523.30312597
Portfolio 2,6273,9755523.30312597
Portfolio 2,6274,18763324.314525187
Portfolio 2,6275,24870659.02303525
Portfolio 2,6276,49694524.7375072
Portfolio 2,6277,15199283.140644096
Portfolio 2,6278,0.0
Portfolio 2,6279,15201817.435149617
Portfolio 2,6280,18763324.314525187
Portfolio 2,6281,0.0
Portfolio 2,6282,18226223.6516528
Portfolio 2,6283,6498766.752669321
Portfolio 2,6284,0.0
Portfolio 2,6285,0.0
Portfolio 2,6286,0.0
Portfolio 2,6287,13189289.29646699
Portfolio 2,6288,0.0
Portfolio 2,6289,0.0
Portfolio 2,6290,0.0
Portfolio 2,6291,0.0
Portfolio 2,6292,16039136.9337648
Portfolio 2,6293,18763324.314525187
Portfolio 2,6294,11213146.515989957
Portfolio 2,6295,0.0
Portfolio 2,6296,6394411.026348391
Portfolio 2,6297,0.0
Portfolio 2,6298,18763324.314525187
Portfolio 2,6299,24922303.38155579
Portfolio 2,6300,0.0
Portfolio 2,6301,17134608.052963268
Portfolio 2,6302,36590905.827132374
Portfolio 2,6303,29576485.95367255
Portfolio 2,6304,32440472.674880043
Portfolio 2,6305,12357574.877490142
Portfolio 2,6306,11213146.515989957
Portfolio 2,6307,0.0
Portfolio 2,6308,75272850.02720962
Portfolio 2,6309,0.0
Portfolio 2,6310,0.0
Portfolio 2,6311,44105094.59098657
Portfolio 2,6312,0.0
Portfolio 2,6313,0.0
Portfolio 2,6314,0.0
Portfolio 2,6315,3036620.5354699735
Portfolio 2,6316,0.0
Portfolio 2,6317,48222387.548883334
Portfolio 2,6318,0.0
Portfolio 2,6319,0.0
Portfolio 2,6320,35046115.9363981
Portfolio 2,6321,0.0
Portfolio 2,6322,16501031.23593956
Portfolio 2,6323,0.0
Portfolio 2,6324,24620634.67800119
Portfolio 2,6325,0.0
Portfolio 2,6326,11213146.515989957
Portfolio 2,6327,0.0
Portfolio 2,6328,12792143.838595944
Portfolio 2,6329,0.0
Portfolio 2,6330,0.0
Portfolio 2,6331,18763324.314525187
Portfolio 2,6332,30781111.50637661
Portfolio 2,6333,26321492.624833025
Portfolio 2,6334,0.0
Portfolio 2,6335,0.0
Portfolio 2,6336,6578681.478572828
Portfolio 2,6337,0.0
Portfolio 2,6338,58935112.22818418
Portfolio 2,6339,0.0
Portfolio 2,6340,19227597.59364775
Portfolio 2,6341,0.0
Portfolio 2,6342,18763324.314525187
Portfolio 2,6343,45937621.191513605
Portfolio 2,6344,11013053.326687574
Portfolio 2,6345,0.0
Portfolio 2,6346,24634634.897442818
Portfolio 2,6347,0.0
Portfolio 2,6348,0.0
Portfolio 2,6349,20773012.459763967
Portfolio 2,6350,0.0
Portfolio 2,6351,0.0
Portfolio 2,6352,72350218.44016053
Portfolio 2,6353,16127236.27299897
Portfolio 2,6354,18763324.314525187
Portfolio 2,6355,0.0
Portfolio 2,6356,0.0
Portfolio 2,6357,0.0
Portfolio 2,6358,0.0
Portfolio 2,6359,29636683.144876428
Portfolio 2,6360,0.0
Portfolio 2,6361,0.0
Portfolio 2,6362,0.0
Portfolio 2,6363,14761463.57661464
Portfolio 2,6364,59215852.57933641
Portfolio 2,6365,47248135.465014294
Portfolio 2,6366,14865819.30293557
Portfolio 2,6367,16622579.30751163
Portfolio 2,6368,0.0
Portfolio 2,6369,19988858.71067782
Portfolio 2,6370,19044711.11713285
Portfolio 2,6371,18226223.6516528
Portfolio 2,6372,11204092.281538276
Portfolio 2,6373,47281508.926673055
Portfolio 2,6374,46619729.94588169
Portfolio 2,6375,0.0
Portfolio 2,6376,0.0
Portfolio 2,6377,19044711.11713285
Portfolio 2,6378,24202342.623154566
Portfolio 2,6379,0.0
Portfolio 2,6380,0.0
Portfolio 2,6381,0.0
Portfolio 2,6382,0.0
Portfolio 2,6383,49884423.63347387
Portfolio 2,6384,13449249.680673582
Portfolio 2,6385,0.0
Portfolio 2,6386,0.0
Portfolio 2,6387,0.0
Portfolio 2,6388,0.0
Portfolio 2,6389,0.0
Portfolio 2,6390,0.0
Portfolio 2,6391,0.0
Portfolio 2,6392,0.0
Portfolio 2,6393,0.0
Portfolio 2,6394,0.0
Portfolio 2,6395,32661716.241276428
Portfolio 2,6396,100320213.6665977
Portfolio 2,6397,29627628.910424747
Portfolio 2,6398,9431031.561818365
Portfolio 2,6399,57605380.64885016
Portfolio 2,6400,45874666.67994494
Portfolio 2,6401,0.0
Portfolio 2,6402,32485490.46667038
Portfolio 2,6403,4645776.186764995
Portfolio 2,6404,48788952.5142754
Portfolio 2,6405,18226223.6516528
Portfolio 2,6406,37580593.51593822
Portfolio 2,6407,0.0
Portfolio 2,6408,0.0
Portfolio 2,6409,58706513.21568476
Portfolio 2,6410,0.0
Portfolio 2,6411,6498766.752669321
Portfolio 2,6412,11213146.515989957
Portfolio 2,6413,26128189.046596855
Portfolio 2,6414,64080507.772974685
Portfolio 2,6415,15658829.513452569
Portfolio 2,6416,18423536.62888647
Portfolio 2,6417,42454424.88933258
Portfolio 2,6418,34924567.86482603
Portfolio 2,6419,0.0
Portfolio 2,6420,16127236.27299897
Portfolio 2,6421,0.0
Portfolio 2,6422,16039136.9337648
Portfolio 2,6423,25002218.107459296
Portfolio 2,6424,0.0
Portfolio 2,6425,0.0
Portfolio 2,6426,18763324.314525187
Portfolio 2,6427,15201817.435149617
Portfolio 2,6428,0.0
Portfolio 2,6429,0.0
Portfolio 2,6430,9755523.30312597
Portfolio 2,6431,0.0
Portfolio 2,6432,0.0
Portfolio 2,6433,0.0
Portfolio 2,6434,29744382.01380379
Portfolio 2,6435,40649736.471564
Portfolio 2,6436,6426429.244889958
Portfolio 2,6437,0.0
Portfolio 2,6438,23198190.374122713
Portfolio 2,6439,0.0
Portfolio 2,6440,0.0
Portfolio 2,6441,18226223.6516528
Portfolio 2,6442,29811868.60397862
Portfolio 2,6443,0.0
Portfolio 2,6444,15345518.185576415
Portfolio 2,6445,32749815.5805106
Portfolio 2,6446,0.0
Portfolio 2,6447,0.0
Portfolio 2,6448,34353459.92465177
Portfolio 2,6449,17134608.052963268
Portfolio 2,6450,0.0
Portfolio 2,6451,0.0
Portfolio 2,6452,15199283.140644096
Portfolio 2,6453,40347736.293035716
Portfolio 2,6454,149652281.8145546
Portfolio 2,6455,33691623.62646382
Portfolio 2,6456,29439370.167642757
Portfolio 2,6457,16039136.9337648
Portfolio 2,6458,18763324.314525187
Portfolio 2,6459,0.0
Portfolio 2,6460,0.0
Portfolio 2,6461,67370686.82606384
Portfolio 2,6462,18226223.6516528
Portfolio 2,6463,82829766.17189105
Portfolio 2,6464,18763324.314525187
Portfolio 2,6465,4645776.186764995
Portfolio 2,6466,15115135.719909279
Portfolio 2,6467,0.0
Portfolio 2,6468,22871999.8384178
Portfolio 2,6469,0.0
Portfolio 2,6470,16622579.30751163
Portfolio 2,6471,0.0
Portfolio 2,6472,0.0
Portfolio 2,6473,0.0
Portfolio 2,6474,0.0
Portfolio 2,6475,47136439.69836956
Portfolio 2,6476,46711034.80214192
Portfolio 2,6477,15345518.185576415
Portfolio 2,6478,0.0
Portfolio 2,6479,28651067.1158232
Portfolio 2,6480,17134608.052963268
Portfolio 2,6481,16622579.30751163
Portfolio 2,6482,0.0
Portfolio 2,6483,6498766.752669321
Portfolio 2,6484,20513645.479344703
Portfolio 2,6485,0.0
Portfolio 2,6486,71536005.88301548
Portfolio 2,6487,19988858.71067782
Portfolio 2,6488,69771970.0130254
Portfolio 2,6489,49428228.87832058
Portfolio 2,6490,13449249.680673582
Portfolio 2,6491,0.0
Portfolio 2,6492,18763324.314525187
Portfolio 2,6493,26309278.305866238
Portfolio 2,6494,19511595.489700567
Portfolio 2,6495,32318924.603307977
Portfolio 2,6496,6394411.026348391
Portfolio 2,6497,15199283.140644096
Portfolio 2,6498,0.0
Portfolio 2,6499,26328282.235899236
Portfolio 2,6500,0.0
Portfolio 2,6501,0.0
Portfolio 2,6502,0.0
Portfolio 2,6503,31702848.67108918
Portfolio 2,6504,0.0
Portfolio 2,6505,18423536.62888647
Portfolio 2,6506,6498766.752669321
Portfolio 2,6507,21698049.893313415
Portfolio 2,6508,0.0
Portfolio 2,6509,0.0
Portfolio 2,6510,0.0
Portfolio 2,6511,6394411.026348391
Portfolio 2,6512,0.0
Portfolio 2,6513,0.0
Portfolio 2,6514,17134608.052963268
Portfolio 2,6515,0.0
Portfolio 2,6516,0.0
Portfolio 2,6517,11204092.281538276
Portfolio 2,6518,20440629.531703576
Portfolio 2,6519,24186239.020911176
Portfolio 2,6520,18763324.314525187
Portfolio 2,6521,78274523.47035316
Portfolio 2,6522,0.0
Portfolio 2,6523,16039136.9337648
Portfolio 2,6524,15345518.185576415
Portfolio 2,6525,39600174.231618024
Portfolio 2,6526,0.0
Portfolio 2,6527,23428572.83978985
Portfolio 2,6528,19287146.93575171
Portfolio 2,6529,18763324.314525187
Portfolio 2,6530,11213146.515989957
Portfolio 2,6531,0.0
Portfolio 2,6532,0.0
Portfolio 2,6533,0.0
Portfolio 2,6534,0.0
Portfolio 2,6535,0.0
Portfolio 2,6536,0.0
Portfolio 2,6537,0.0
Portfolio 2,6538,0.0
Portfolio 2,6539,18763324.314525187
Portfolio 2,6540,34727254.88759236
Portfolio 2,6541,0.0
Portfolio 2,6542,9289187.814006878
Portfolio 2,6543,0.0
Portfolio 2,6544,13449249.680673582
Portfolio 2,6545,0.0
Portfolio 2,6546,27243229.21530308
Portfolio 2,6547,20463669.554133408
Portfolio 2,6548,0.0
Portfolio 2,6549,0.0
Portfolio 2,6550,0.0
Portfolio 2,6551,19988858.71067782
Portfolio 2,6552,23561667.15902842
Portfolio 2,6553,29776377.64121276
Portfolio 2,6554,19583700.32281538
Portfolio 2,6555,0.0
Portfolio 2,6556,0.0
Portfolio 2,6557,24804905.13022563
Portfolio 2,6558,27981746.95477877
Portfolio 2,6559,33965141.749674805
Portfolio 2,6560,0.0
Portfolio 2,6561,15345518.185576415
Portfolio 2,6562,16622579.30751163
Portfolio 2,6563,13449249.680673582
Portfolio 2,6564,16127236.27299897
Portfolio 2,6565,19988858.71067782
Portfolio 2,6566,0.0
Portfolio 2,6567,6498766.752669321
Portfolio 2,6568,0.0
Portfolio 2,6569,18763324.314525187
Portfolio 2,6570,0.0
Portfolio 2,6571,0.0
Portfolio 2,6572,16039136.9337648
Portfolio 2,6573,31952613.61099218
Portfolio 2,6574,42542200.22413854
Portfolio 2,6575,0.0
Portfolio 2,6576,0.0
Portfolio 2,6577,13449249.680673582
Portfolio 2,6578,6498766.752669321
Portfolio 2,6579,33057431.454235695
Portfolio 2,6580,0.0
Portfolio 2,6581,15817893.367368415
Portfolio 2,6582,16485870.216143556
Portfolio 2,6583,0.0
Portfolio 2,6584,33538672.34879575
Portfolio 2,6585,0.0
Portfolio 2,6586,4645776.186764995
Portfolio 2,6587,31238420.074408896
Portfolio 2,6588,12357574.877490142
Portfolio 2,6589,13189289.29646699
Portfolio 2,6590,11213146.515989957
Portfolio 2,6591,0.0
Portfolio 2,6592,16127236.27299897
Portfolio 2,6593,16039136.9337648
Portfolio 2,6594,0.0
Portfolio 2,6595,6394411.026348391
Portfolio 2,6596,0.0
Portfolio 2,6597,8083054.654213435
Portfolio 2,6598,51974493.64200816
Portfolio 2,6599,19988858.71067782
Portfolio 2,6600,15345518.185576415
Portfolio 2,6601,0.0
Portfolio 2,6602,8083054.654213435
Portfolio 2,6603,16501031.23593956
Portfolio 2,6604,0.0
Portfolio 2,6605,0.0
Portfolio 2,6606,0.0
Portfolio 2,6607,28534807.482043404
Portfolio 2,6608,0.0
Portfolio 2,6609,18763324.314525187
Portfolio 2,6610,0.0
Portfolio 2,6611,0.0
Portfolio 2,6612,11213146.515989957
Portfolio 2,6613,8083054.654213435
Portfolio 2,6614,22895442.262287952
Portfolio 2,6615,56605266.507534936
Portfolio 2,6616,0.0
Portfolio 2,6617,15817893.367368415
Portfolio 2,6618,19583700.32281538
Portfolio 2,6619,0.0
Portfolio 2,6620,0.0
Portfolio 2,6621,0.0
Portfolio 2,6622,0.0
Portfolio 2,6623,18423536.62888647
Portfolio 2,6624,22521647.29934736
Portfolio 2,6625,0.0
Portfolio 2,6626,16501031.23593956
Portfolio 2,6627,47619391.42850259
Portfolio 2,6628,6498766.752669321
Portfolio 2,6629,13189289.29646699
Portfolio 2,6630,45698993.45354613
Portfolio 2,6631,15199283.140644096
Portfolio 2,6632,58677496.11557197
Portfolio 2,6633,0.0
Portfolio 2,6634,23409100.50129018
Portfolio 2,6635,42496574.85822277
Portfolio 2,6636,0.0
Portfolio 2,6637,45718092.762390375
Portfolio 2,6638,0.0
Portfolio 2,6639,0.0
Portfolio 2,6640,0.0
Portfolio 2,6641,16501031.23593956
Portfolio 2,6642,0.0
Portfolio 2,6643,32749815.5805106
Portfolio 2,6644,0.0
Portfolio 2,6645,0.0
Portfolio 2,6646,0.0
Portfolio 2,6647,15345518.185576415
Portfolio 2,6648,0.0
Portfolio 2,6649,0.0
Portfolio 2,6650,0.0
Portfolio 2,6651,0.0
Portfolio 2,6652,6578681.478572828
Portfolio 2,6653,28534807.482043404
Portfolio 2,6654,0.0
Portfolio 2,6655,0.0
Portfolio 2,6656,0.0
Portfolio 2,6657,0.0
Portfolio 2,6658,18763324.314525187
Portfolio 2,6659,30583857.73363685
Portfolio 2,6660,6394411.026348391
Portfolio 2,6661,0.0
Portfolio 2,6662,0.0
Portfolio 2,6663,6498766.752669321
Portfolio 2,6664,0.0
Portfolio 2,6665,18423536.62888647
Portfolio 2,6666,0.0
Portfolio 2,6667,25328324.74777168
Portfolio 2,6668,46820248.44014141
Portfolio 2,6669,0.0
Portfolio 2,6670,49267483.894410804
Portfolio 2,6671,36611438.01818945
Portfolio 2,6672,0.0
Portfolio 2,6673,51588666.95204953
Portfolio 2,6674,19991294.37234141
Portfolio 2,6675,0.0
Portfolio 2,6676,28179059.93201244
Portfolio 2,6677,17134608.052963268
Portfolio 2,6678,18226223.6516528
Portfolio 2,6679,13189289.29646699
Portfolio 2,6680,16039136.9337648
Portfolio 2,6681,0.0
Portfolio 2,6682,0.0
Portfolio 2,6683,0.0
Portfolio 2,6684,0.0
Portfolio 2,6685,0.0
Portfolio 2,6686,0.0
Portfolio 2,6687,49314932.76773269
Portfolio 2,6688,16127236.27299897
Portfolio 2,6689,16622579.30751163
Portfolio 2,6690,11213146.515989957
Portfolio 2,6691,15345518.185576415
Portfolio 2,6692,0.0
Portfolio 2,6693,0.0
Portfolio 2,6694,21593694.166992486
Portfolio 2,6695,31154272.65367408
Portfolio 2,6696,0.0
Portfolio 2,6697,0.0
Portfolio 2,6698,0.0
Portfolio 2,6699,23712570.735842664
Portfolio 2,6700,18763324.314525187
Portfolio 2,6701,0.0
Portfolio 2,6702,0.0
Portfolio 2,6703,0.0
Portfolio 2,6704,0.0
Portfolio 2,6705,18423536.62888647
Portfolio 2,6706,0.0
Portfolio 2,6707,0.0
Portfolio 2,6708,0.0
Portfolio 2,6709,0.0
Portfolio 2,6710,4645776.186764995
Portfolio 2,6711,6394411.026348391
Portfolio 2,6712,18423536.62888647
Portfolio 2,6713,15115135.719909279
Portfolio 2,6714,0.0
Portfolio 2,6715,0.0
Portfolio 2,6716,0.0
Portfolio 2,6717,0.0
Portfolio 2,6718,17134608.052963268
Portfolio 2,6719,11013053.326687574
Portfolio 2,6720,0.0
Portfolio 2,6721,45763919.417875394
Portfolio 2,6722,0.0
Portfolio 2,6723,31287827.638012987
Portfolio 2,6724,15201817.435149617
Portfolio 2,6725,14509483.899103392
Portfolio 2,6726,28848118.80991956
Portfolio 2,6727,9755523.30312597
Portfolio 2,6728,51123278.2532197
Portfolio 2,6729,58087333.33765304
Portfolio 2,6730,0.0
Portfolio 2,6731,0.0
Portfolio 2,6732,0.0
Portfolio 2,6733,108534853.313373
Portfolio 2,6734,0.0
Portfolio 2,6735,15201817.435149617
Portfolio 2,6736,15201817.435149617
Portfolio 2,6737,8083054.654213435
Portfolio 2,6738,0.0
Portfolio 2,6739,57136872.258542836
Portfolio 2,6740,0.0
Portfolio 2,6741,27019311.010276407
Portfolio 2,6742,43762868.907198176
Portfolio 2,6743,15201817.435149617
Portfolio 2,6744,0.0
Portfolio 2,6745,0.0
Portfolio 2,6746,0.0
Portfolio 2,6747,31120899.192015328
Portfolio 2,6748,0.0
Portfolio 2,6749,6394411.026348391
Portfolio 2,6750,0.0
Portfolio 2,6751,11213146.515989957
Portfolio 2,6752,0.0
Portfolio 2,6753,15199283.140644096
Portfolio 2,6754,0.0
Portfolio 2,6755,6394411.026348391
Portfolio 2,6756,18763324.314525187
Portfolio 2,6757,29690320.53240655
Portfolio 2,6758,6578681.478572828
Portfolio 2,6759,0.0
Portfolio 2,6760,0.0
Portfolio 2,6761,15345518.185576415
Portfolio 2,6762,0.0
Portfolio 2,6763,0.0
Portfolio 2,6764,22226199.842677534
Portfolio 2,6765,0.0
Portfolio 2,6766,0.0
Portfolio 2,6767,41075875.70571339
Portfolio 2,6768,0.0
Portfolio 2,6769,0.0
Portfolio 2,6770,34441626.16647743
Portfolio 2,6771,0.0
Portfolio 2,6772,0.0
Portfolio 2,6773,35806752.07804623
Portfolio 2,6774,0.0
Portfolio 2,6775,57139683.0186406
Portfolio 2,6776,0.0
Portfolio 2,6777,40963334.24330072
Portfolio 2,6778,0.0
Portfolio 2,6779,0.0
Portfolio 2,6780,0.0
Portfolio 2,6781,33272808.213628583
Portfolio 2,6782,6426429.244889958
Portfolio 2,6783,0.0
Portfolio 2,6784,0.0
Portfolio 2,6785,0.0
Portfolio 2,6786,14401299.489890965
Portfolio 2,6787,18423536.62888647
Portfolio 2,6788,35385903.622036815
Portfolio 2,6789,0.0
Portfolio 2,6790,0.0
Portfolio 2,6791,0.0
Portfolio 2,6792,13189289.29646699
Portfolio 2,6793,0.0
Portfolio 2,6794,6578681.478572828
Portfolio 2,6795,0.0
Portfolio 2,6796,11204092.281538276
Portfolio 2,6797,17134608.052963268
Portfolio 2,6798,44060423.54857932
Portfolio 2,6799,33635639.28890283
Portfolio 2,6800,0.0
Portfolio 2,6801,4645776.186764995
Portfolio 2,6802,33622819.769530565
Portfolio 2,6803,0.0
Portfolio 2,6804,0.0
Portfolio 2,6805,0.0
Portfolio 2,6806,0.0
Portfolio 2,6807,0.0
Portfolio 2,6808,11213146.515989957
Portfolio 2,6809,18226223.6516528
Portfolio 2,6810,41723620.796214014
Portfolio 2,6811,0.0
Portfolio 2,6812,33625354.064036086
Portfolio 2,6813,0.0
Portfolio 2,6814,85289006.6138789
Portfolio 2,6815,16127236.27299897
Portfolio 2,6816,0.0
Portfolio 2,6817,0.0
Portfolio 2,6818,24705633.961725064
Portfolio 2,6819,0.0
Portfolio 2,6820,6426429.244889958
Portfolio 2,6821,16501031.23593956
Portfolio 2,6822,0.0
Portfolio 2,6823,76646107.43262891
Portfolio 2,6824,0.0
Portfolio 2,6825,35882464.01592593
Portfolio 2,6826,16127236.27299897
Portfolio 2,6827,0.0
Portfolio 2,6828,0.0
Portfolio 2,6829,16039136.9337648
Portfolio 2,6830,21159196.388862193
Portfolio 2,6831,0.0
Portfolio 2,6832,0.0
Portfolio 2,6833,0.0
Portfolio 2,6834,19988858.71067782
Portfolio 2,6835,21844284.938245736
Portfolio 2,6836,44542859.96271527
Portfolio 2,6837,25189753.559415147
Portfolio 2,6838,9755523.30312597
Portfolio 2,6839,0.0
Portfolio 2,6840,44651254.90734136
Portfolio 2,6841,3036620.5354699735
Portfolio 2,6842,12357574.877490142
Portfolio 2,6843,27981746.95477877
Portfolio 2,6844,0.0
Portfolio 2,6845,0.0
Portfolio 2,6846,64582437.04679845
Portfolio 2,6847,16127236.27299897
Portfolio 2,6848,0.0
Portfolio 2,6849,4645776.186764995
Portfolio 2,6850,0.0
Portfolio 2,6851,18423536.62888647
Portfolio 2,6852,0.0
Portfolio 2,6853,8083054.654213435
Portfolio 2,6854,53061545.22266914
Portfolio 2,6855,0.0
Portfolio 2,6856,15201817.435149617
Portfolio 2,6857,27162987.656161934
Portfolio 2,6858,6394411.026348391
Portfolio 2,6859,0.0
Portfolio 2,6860,17134608.052963268
Portfolio 2,6861,0.0
Portfolio 2,6862,6426429.244889958
Portfolio 2,6863,0.0
Portfolio 2,6864,11213146.515989957
Portfolio 2,6865,16622579.30751163
Portfolio 2,6866,0.0
Portfolio 2,6867,0.0
Portfolio 2,6868,17134608.052963268
Portfolio 2,6869,13449249.680673582
Portfolio 2,6870,0.0
Portfolio 2,6871,0.0
Portfolio 2,6872,0.0
Portfolio 2,6873,0.0
Portfolio 2,6874,0.0
Portfolio 2,6875,49575080.727843314
Portfolio 2,6876,0.0
Portfolio 2,6877,0.0
Portfolio 2,6878,0.0
Portfolio 2,6879,0.0
Portfolio 2,6880,19580199.066256206
Portfolio 2,6881,4645776.186764995
Portfolio 2,6882,24705633.961725064
Portfolio 2,6883,8083054.654213435
Portfolio 2,6884,16501031.23593956
Portfolio 2,6885,21262844.187122777
Portfolio 2,6886,0.0
Portfolio 2,6887,0.0
Portfolio 2,6888,0.0
Portfolio 2,6889,0.0
Portfolio 2,6890,9289187.814006878
Portfolio 2,6891,29967416.596063465
Portfolio 2,6892,33571741.837229215
Portfolio 2,6893,0.0
Portfolio 2,6894,34462673.56265127
Portfolio 2,6895,0.0
Portfolio 2,6896,18226223.6516528
Portfolio 2,6897,11204092.281538276
Portfolio 2,6898,0.0
Portfolio 2,6899,39768477.682121135
Portfolio 2,6900,0.0
Portfolio 2,6901,15345518.185576415
Portfolio 2,6902,0.0
Portfolio 2,6903,0.0
Portfolio 2,6904,8083054.654213435
Portfolio 2,6905,0.0
Portfolio 2,6906,0.0
Portfolio 2,6907,0.0
Portfolio 2,6908,16127236.27299897
Portfolio 2,6909,11213146.515989957
Portfolio 2,6910,26830946.69405599
Portfolio 2,6911,18226223.6516528
Portfolio 2,6912,15201817.435149617
Portfolio 2,6913,0.0
Portfolio 2,6914,0.0
Portfolio 2,6915,28794767.866249997
Portfolio 2,6916,8367052.55026625
Portfolio 2,6917,0.0
Portfolio 2,6918,0.0
Portfolio 2,6919,0.0
Portfolio 2,6920,0.0
Portfolio 2,6921,0.0
Portfolio 2,6922,46887803.45272856
Portfolio 2,6923,18763324.314525187
Portfolio 2,6924,0.0
Portfolio 2,6925,0.0
Portfolio 2,6926,3036620.5354699735
Portfolio 2,6927,11013053.326687574
Portfolio 2,6928,29967416.596063465
Portfolio 2,6929,0.0
Portfolio 2,6930,18226223.6516528
Portfolio 2,6931,0.0
Portfolio 2,6932,0.0
Portfolio 2,6933,0.0
Portfolio 2,6934,15345518.185576415
Portfolio 2,6935,0.0
Portfolio 2,6936,67538857.86471528
Portfolio 2,6937,15817893.367368415
Portfolio 2,6938,12357574.877490142
Portfolio 2,6939,15345518.185576415
Portfolio 2,6940,0.0
Portfolio 2,6941,18226223.6516528
Portfolio 2,6942,0.0
Portfolio 2,6943,27950752.873081632
Portfolio 2,6944,0.0
Portfolio 2,6945,0.0
Portfolio 2,6946,0.0
Portfolio 2,6947,0.0
Portfolio 2,6948,0.0
Portfolio 2,6949,57389239.85021684
Portfolio 2,6950,0.0
Portfolio 2,6951,19988858.71067782
Portfolio 2,6952,15817893.367368415
Portfolio 2,6953,0.0
Portfolio 2,6954,39951217.13602979
Portfolio 2,6955,0.0
Portfolio 2,6956,16127236.27299897
Portfolio 2,6957,16127236.27299897
Portfolio 2,6958,0.0
Portfolio 2,6959,16127236.27299897
Portfolio 2,6960,0.0
Portfolio 2,6961,0.0
Portfolio 2,6962,16039136.9337648
Portfolio 2,6963,31675473.332326382
Portfolio 2,6964,0.0
Portfolio 2,6965,0.0
Portfolio 2,6966,0.0
Portfolio 2,6967,52650574.95195425
Portfolio 2,6968,9289187.814006878
Portfolio 2,6969,15345518.185576415
Portfolio 2,6970,0.0
Portfolio 2,6971,0.0
Portfolio 2,6972,39409765.137942515
Portfolio 2,6973,31846549.421515975
Portfolio 2,6974,0.0
Portfolio 2,6975,0.0
Portfolio 2,6976,11213146.515989957
Portfolio 2,6977,22537903.68643412
Portfolio 2,6978,0.0
Portfolio 2,6979,6426429.244889958
Portfolio 2,6980,0.0
Portfolio 2,6981,0.0
Portfolio 2,6982,15199283.140644096
Portfolio 2,6983,0.0
Portfolio 2,6984,0.0
Portfolio 2,6985,15115135.719909279
Portfolio 2,6986,0.0
Portfolio 2,6987,9755523.30312597
Portfolio 2,6988,0.0
Portfolio 2,6989,0.0
Portfolio 2,6990,0.0
Portfolio 2,6991,0.0
Portfolio 2,6992,57970273.30203654
Portfolio 2,6993,13449249.680673582
Portfolio 2,6994,25262091.067194507
Portfolio 2,6995,0.0
Portfolio 2,6996,29345898.84133621
Portfolio 2,6997,16149934.32947436
Portfolio 2,6998,31824396.742661245
Portfolio 2,6999,27635632.634199202
Portfolio 2,7000,0.0
Portfolio 2,7001,0.0
Portfolio 2,7002,17134608.052963268
Portfolio 2,7003,3036620.5354699735
Portfolio 2,7004,77369767.35192001
Portfolio 2,7005,18423536.62888647
Portfolio 2,7006,11204092.281538276
Portfolio 2,7007,0.0
Portfolio 2,7008,0.0
Portfolio 2,7009,0.0
Portfolio 2,7010,28484811.150489114
Portfolio 2,7011,17134608.052963268
Portfolio 2,7012,8367052.55026625
Portfolio 2,7013,50039703.58473531
Portfolio 2,7014,85875829.06159484
Portfolio 2,7015,0.0
Portfolio 2,7016,0.0
Portfolio 2,7017,15817893.367368415
Portfolio 2,7018,0.0
Portfolio 2,7019,0.0
Portfolio 2,7020,0.0
Portfolio 2,7021,14945734.028839078
Portfolio 2,7022,0.0
Portfolio 2,7023,0.0
Portfolio 2,7024,6394411.026348391
Portfolio 2,7025,0.0
Portfolio 2,7026,6498766.752669321
Portfolio 2,7027,0.0
Portfolio 2,7028,6498766.752669321
Portfolio 2,7029,0.0
Portfolio 2,7030,6394411.026348391
Portfolio 2,7031,0.0
Portfolio 2,7032,0.0
Portfolio 2,7033,0.0
Portfolio 2,7034,23529019.079311658
Portfolio 2,7035,0.0
Portfolio 2,7036,15817893.367368415
Portfolio 2,7037,6578681.478572828
Portfolio 2,7038,0.0
Portfolio 2,7039,0.0
Portfolio 2,7040,0.0
Portfolio 2,7041,0.0
Portfolio 2,7042,0.0
Portfolio 2,7043,0.0
Portfolio 2,7044,28396711.81125494
Portfolio 2,7045,0.0
Portfolio 2,7046,0.0
Portfolio 2,7047,0.0
Portfolio 2,7048,36649760.280539274
Portfolio 2,7049,0.0
Portfolio 2,7050,0.0
Portfolio 2,7051,18763324.314525187
Portfolio 2,7052,0.0
Portfolio 2,7053,0.0
Portfolio 2,7054,18763324.314525187
Portfolio 2,7055,0.0
Portfolio 2,7056,0.0
Portfolio 2,7057,6498766.752669321
Portfolio 2,7058,30547335.620726034
Portfolio 2,7059,0.0
Portfolio 2,7060,0.0
Portfolio 2,7061,0.0
Portfolio 2,7062,0.0
Portfolio 2,7063,0.0
Portfolio 2,7064,35665706.22323033
Portfolio 2,7065,38267197.33590844
Portfolio 2,7066,16127236.27299897
Portfolio 2,7067,0.0
Portfolio 2,7068,36258602.11211845
Portfolio 2,7069,13189289.29646699
Portfolio 2,7070,0.0
Portfolio 2,7071,15345518.185576415
Portfolio 2,7072,34211243.70081028
Portfolio 2,7073,54180710.42635862
Portfolio 2,7074,16127236.27299897
Portfolio 2,7075,0.0
Portfolio 2,7076,0.0
Portfolio 2,7077,0.0
Portfolio 2,7078,0.0
Portfolio 2,7079,18423536.62888647
Portfolio 2,7080,40649736.471564
Portfolio 2,7081,38097259.69743757
Portfolio 2,7082,33625354.064036086
Portfolio 2,7083,11204092.281538276
Portfolio 2,7084,0.0
Portfolio 2,7085,0.0
Portfolio 2,7086,0.0
Portfolio 2,7087,0.0
Portfolio 2,7088,0.0
Portfolio 2,7089,29976470.830515146
Portfolio 2,7090,0.0
Portfolio 2,7091,23284872.089363053
Portfolio 2,7092,9289187.814006878
Portfolio 2,7093,23049008.552401587
Portfolio 2,7094,8367052.55026625
Portfolio 2,7095,11013053.326687574
Portfolio 2,7096,11213146.515989957
Portfolio 2,7097,0.0
Portfolio 2,7098,0.0
Portfolio 2,7099,0.0
Portfolio 2,7100,0.0
Portfolio 2,7101,0.0
Portfolio 2,7102,0.0
Portfolio 2,7103,8083054.654213435
Portfolio 2,7104,0.0
Portfolio 2,7105,0.0
Portfolio 2,7106,21628246.680039577
Portfolio 2,7107,9755523.30312597
Portfolio 2,7108,18226223.6516528
Portfolio 2,7109,26319228.001447555
Portfolio 2,7110,24210290.927212406
Portfolio 2,7111,0.0
Portfolio 2,7112,13189289.29646699
Portfolio 2,7113,38752183.025203004
Portfolio 2,7114,40051152.14730148
Portfolio 2,7115,0.0
Portfolio 2,7116,16127236.27299897
Portfolio 2,7117,0.0
Portfolio 2,7118,0.0
Portfolio 2,7119,0.0
Portfolio 2,7120,0.0
Portfolio 2,7121,0.0
Portfolio 2,7122,33769054.814462885
Portfolio 2,7123,29976470.830515146
Portfolio 2,7124,34890560.58752416
Portfolio 2,7125,11013053.326687574
Portfolio 2,7126,18423536.62888647
Portfolio 2,7127,0.0
Portfolio 2,7128,0.0
Portfolio 2,7129,8083054.654213435
Portfolio 2,7130,13189289.29646699
Portfolio 2,7131,0.0
Portfolio 2,7132,18226223.6516528
Portfolio 2,7133,0.0
Portfolio 2,7134,44837701.11602982
Portfolio 2,7135,0.0
Portfolio 2,7136,0.0
Portfolio 2,7137,9289187.814006878
Portfolio 2,7138,0.0
Portfolio 2,7139,0.0
Portfolio 2,7140,6394411.026348391
Portfolio 2,7141,0.0
Portfolio 2,7142,29803511.527638573
Portfolio 2,7143,16127236.27299897
Portfolio 2,7144,18763324.314525187
Portfolio 2,7145,0.0
Portfolio 2,7146,12820840.27123835
Portfolio 2,7147,0.0
Portfolio 2,7148,6498766.752669321
Portfolio 2,7149,19988858.71067782
Portfolio 2,7150,56827592.75333012
Portfolio 2,7151,50590415.81496619
Portfolio 2,7152,0.0
Portfolio 2,7153,11072205.431654952
Portfolio 2,7154,0.0
Portfolio 2,7155,0.0
Portfolio 2,7156,0.0
Portfolio 2,7157,0.0
Portfolio 2,7158,0.0
Portfolio 2,7159,0.0
Portfolio 2,7160,18423536.62888647
Portfolio 2,7161,0.0
Portfolio 2,7162,70819666.90525547
Portfolio 2,7163,0.0
Portfolio 2,7164,0.0
Portfolio 2,7165,17407464.353035964
Portfolio 2,7166,0.0
Portfolio 2,7167,0.0
Portfolio 2,7168,4645776.186764995
Portfolio 2,7169,18095025.867438577
Portfolio 2,7170,20463669.554133408
Portfolio 2,7171,15199283.140644096
Portfolio 2,7172,31381235.688660026
Portfolio 2,7173,34108842.5001016
Portfolio 2,7174,11213146.515989957
Portfolio 2,7175,9755523.30312597
Portfolio 2,7176,16622579.30751163
Portfolio 2,7177,0.0
Portfolio 2,7178,23201260.78608446
Portfolio 2,7179,12357574.877490142
Portfolio 2,7180,34265360.5854176
Portfolio 2,7181,0.0
Portfolio 2,7182,0.0
Portfolio 2,7183,0.0
Portfolio 2,7184,26506591.283099905
Portfolio 2,7185,0.0
Portfolio 2,7186,0.0
Portfolio 2,7187,33646694.47610315
Portfolio 2,7188,8367052.55026625
Portfolio 2,7189,35385903.622036815
Portfolio 2,7190,8367052.55026625
Portfolio 2,7191,18763324.314525187
Portfolio 2,7192,18763324.314525187
Portfolio 2,7193,0.0
Portfolio 2,7194,57887718.40971497
Portfolio 2,7195,15115135.719909279
Portfolio 2,7196,0.0
Portfolio 2,7197,27252283.44975476
Portfolio 2,7198,8083054.654213435
Portfolio 2,7199,11213146.515989957
Portfolio 2,7200,0.0
Portfolio 2,7201,0.0
Portfolio 2,7202,0.0
Portfolio 2,7203,28347754.568953224
Portfolio 2,7204,0.0
Portfolio 2,7205,33878460.03443447
Portfolio 2,7206,11013053.326687574
Portfolio 2,7207,0.0
Portfolio 2,7208,23025479.246147797
Portfolio 2,7209,0.0
Portfolio 2,7210,25794660.23689077
Portfolio 2,7211,26309278.305866238
Portfolio 2,7212,41545200.55741106
Portfolio 2,7213,103109349.58400995
Portfolio 2,7214,0.0
Portfolio 2,7215,0.0
Portfolio 2,7216,16622579.30751163
Portfolio 2,7217,13189289.29646699
Portfolio 2,7218,70310471.48686284
Portfolio 2,7219,28355911.260944072
Portfolio 2,7220,0.0
Portfolio 2,7221,0.0
Portfolio 2,7222,11204092.281538276
Portfolio 2,7223,0.0
Portfolio 2,7224,0.0
Portfolio 2,7225,0.0
Portfolio 2,7226,0.0
Portfolio 2,7227,0.0
Portfolio 2,7228,0.0
Portfolio 2,7229,0.0
Portfolio 2,7230,37773375.18661998
Portfolio 2,7231,8083054.654213435
Portfolio 2,7232,13189289.29646699
Portfolio 2,7233,9755523.30312597
Portfolio 2,7234,0.0
Portfolio 2,7235,32661716.241276428
Portfolio 2,7236,19988858.71067782
Portfolio 2,7237,0.0
Portfolio 2,7238,18226223.6516528
Portfolio 2,7239,15199283.140644096
Portfolio 2,7240,0.0
Portfolio 2,7241,11213146.515989957
Portfolio 2,7242,0.0
Portfolio 2,7243,0.0
Portfolio 2,7244,34550772.901885435
Portfolio 2,7245,0.0
Portfolio 2,7246,129525381.57715234
Portfolio 2,7247,22871999.8384178
Portfolio 2,7248,29967416.596063465
Portfolio 2,7249,24868083.78620581
Portfolio 2,7250,15345518.185576415
Portfolio 2,7251,0.0
Portfolio 2,7252,15115135.719909279
Portfolio 2,7253,0.0
Portfolio 2,7254,16501031.23593956
Portfolio 2,7255,84945400.4562105
Portfolio 2,7256,30460653.905485693
Portfolio 2,7257,0.0
Portfolio 2,7258,8083054.654213435
Portfolio 2,7259,0.0
Portfolio 2,7260,0.0
Portfolio 2,7261,0.0
Portfolio 2,7262,22478477.110473868
Portfolio 2,7263,0.0
Portfolio 2,7264,0.0
Portfolio 2,7265,41654796.49144265
Portfolio 2,7266,15115135.719909279
Portfolio 2,7267,0.0
Portfolio 2,7268,15199283.140644096
Portfolio 2,7269,0.0
Portfolio 2,7270,27559392.312639758
Portfolio 2,7271,18226223.6516528
Portfolio 2,7272,34883169.95698595
Portfolio 2,7273,54254219.29609542
Portfolio 2,7274,29351410.148490056
Portfolio 2,7275,34062061.87908916
Portfolio 2,7276,24662396.19666354
Portfolio 2,7277,9755523.30312597
Portfolio 2,7278,0.0
Portfolio 2,7279,38111592.67802278
Portfolio 2,7280,24705633.961725064
Portfolio 2,7281,31700314.37658366
Portfolio 2,7282,0.0
Portfolio 2,7283,0.0
Portfolio 2,7284,0.0
Portfolio 2,7285,13189289.29646699
Portfolio 2,7286,0.0
Portfolio 2,7287,0.0
Portfolio 2,7288,38217518.02399421
Portfolio 2,7289,8083054.654213435
Portfolio 2,7290,0.0
Portfolio 2,7291,19659199.842981603
Portfolio 2,7292,8367052.55026625
Portfolio 2,7293,0.0
Portfolio 2,7294,35895207.04803879
Portfolio 2,7295,0.0
Portfolio 2,7296,18423536.62888647
Portfolio 2,7297,16501031.23593956
Portfolio 2,7298,11213146.515989957
Portfolio 2,7299,0.0
Portfolio 2,7300,15345518.185576415
Portfolio 2,7301,0.0
Portfolio 2,7302,15345518.185576415
Portfolio 2,7303,11213146.515989957
Portfolio 2,7304,31945129.640367385
Portfolio 2,7305,9755523.30312597
Portfolio 2,7306,11204092.281538276
Portfolio 2,7307,18226223.6516528
Portfolio 2,7308,19988858.71067782
Portfolio 2,7309,18763324.314525187
Portfolio 2,7310,0.0
Portfolio 2,7311,0.0
Portfolio 2,7312,0.0
Portfolio 2,7313,0.0
Portfolio 2,7314,0.0
Portfolio 2,7315,0.0
Portfolio 2,7316,17546104.434573367
Portfolio 2,7317,6394411.026348391
Portfolio 2,7318,0.0
Portfolio 2,7319,0.0
Portfolio 2,7320,0.0
Portfolio 2,7321,18423536.62888647
Portfolio 2,7322,0.0
Portfolio 2,7323,0.0
Portfolio 2,7324,0.0
Portfolio 2,7325,36355059.11978559
Portfolio 2,7326,0.0
Portfolio 2,7327,72549448.8078598
Portfolio 2,7328,31133401.650112137
Portfolio 2,7329,16127236.27299897
Portfolio 2,7330,11204092.281538276
Portfolio 2,7331,15345518.185576415
Portfolio 2,7332,0.0
Portfolio 2,7333,6498766.752669321
Portfolio 2,7334,18763324.314525187
Portfolio 2,7335,29267143.048042
Portfolio 2,7336,33878460.03443447
Portfolio 2,7337,0.0
Portfolio 2,7338,15201817.435149617
Portfolio 2,7339,0.0
Portfolio 2,7340,54994132.369741
Portfolio 2,7341,24662396.19666354
Portfolio 2,7342,3036620.5354699735
Portfolio 2,7343,0.0
Portfolio 2,7344,21593694.166992486
Portfolio 2,7345,33893334.56917952
Portfolio 2,7346,46061949.47515439
Portfolio 2,7347,22927460.48082952
Portfolio 2,7348,0.0
Portfolio 2,7349,0.0
Portfolio 2,7350,58459204.89409208
Portfolio 2,7351,0.0
Portfolio 2,7352,0.0
Portfolio 2,7353,0.0
Portfolio 2,7354,0.0
Portfolio 2,7355,18763324.314525187
Portfolio 2,7356,11013053.326687574
Portfolio 2,7357,0.0
Portfolio 2,7358,11204092.281538276
Portfolio 2,7359,26212336.46733167
Portfolio 2,7360,0.0
Portfolio 2,7361,21509546.74625767
Portfolio 2,7362,0.0
Portfolio 2,7363,51376038.04921815
Portfolio 2,7364,0.0
Portfolio 2,7365,15817893.367368415
Portfolio 2,7366,0.0
Portfolio 2,7367,23409100.50129018
Portfolio 2,7368,0.0
Portfolio 2,7369,0.0
Portfolio 2,7370,17607557.54233835
Portfolio 2,7371,11213146.515989957
Portfolio 2,7372,42906195.71035834
Portfolio 2,7373,23201260.78608446
Portfolio 2,7374,0.0
Portfolio 2,7375,0.0
Portfolio 2,7376,0.0
Portfolio 2,7377,23201260.78608446
Portfolio 2,7378,36649760.280539274
Portfolio 2,7379,67552276.82880059
Portfolio 2,7380,0.0
Portfolio 2,7381,0.0
Portfolio 2,7382,0.0
Portfolio 2,7383,8083054.654213435
Portfolio 2,7384,0.0
Portfolio 2,7385,0.0
Portfolio 2,7386,0.0
Portfolio 2,7387,16039136.9337648
Portfolio 2,7388,0.0
Portfolio 2,7389,17782773.760111105
Portfolio 2,7390,0.0
Portfolio 2,7391,6498766.752669321
Portfolio 2,7392,6498766.752669321
Portfolio 2,7393,0.0
Portfolio 2,7394,0.0
Portfolio 2,7395,0.0
Portfolio 2,7396,0.0
Portfolio 2,7397,0.0
Portfolio 2,7398,0.0
Portfolio 2,7399,0.0
Portfolio 2,7400,16127236.27299897
Portfolio 2,7401,18763324.314525187
Portfolio 2,7402,0.0
Portfolio 2,7403,13449249.680673582
Portfolio 2,7404,0.0
Portfolio 2,7405,0.0
Portfolio 2,7406,9755523.30312597
Portfolio 2,7407,0.0
Portfolio 2,7408,18226223.6516528
Portfolio 2,7409,0.0
Portfolio 2,7410,6578681.478572828
Portfolio 2,7411,0.0
Portfolio 2,7412,0.0
Portfolio 2,7413,8083054.654213435
Portfolio 2,7414,28355911.260944072
Portfolio 2,7415,0.0
Portfolio 2,7416,0.0
Portfolio 2,7417,0.0
Portfolio 2,7418,0.0
Portfolio 2,7419,16039136.9337648
Portfolio 2,7420,6394411.026348391
Portfolio 2,7421,0.0
Portfolio 2,7422,26567540.189250648
Portfolio 2,7423,17134608.052963268
Portfolio 2,7424,18423536.62888647
Portfolio 2,7425,29797057.449067675
Portfolio 2,7426,159159680.5816271
Portfolio 2,7427,0.0
Portfolio 2,7428,0.0
Portfolio 2,7429,0.0
Portfolio 2,7430,19571144.831804525
Portfolio 2,7431,0.0
Portfolio 2,7432,46599050.138026774
Portfolio 2,7433,16039136.9337648
Portfolio 2,7434,0.0
Portfolio 2,7435,9755523.30312597
Portfolio 2,7436,0.0
Portfolio 2,7437,0.0
Portfolio 2,7438,102297118.6090916
Portfolio 2,7439,15345518.185576415
Portfolio 2,7440,0.0
Portfolio 2,7441,50080048.43575996
Portfolio 2,7442,0.0
Portfolio 2,7443,22433547.96011319
Portfolio 2,7444,0.0
Portfolio 2,7445,0.0
Portfolio 2,7446,21596228.461498007
Portfolio 2,7447,34241429.99625488
Portfolio 2,7448,16622579.30751163
Portfolio 2,7449,0.0
Portfolio 2,7450,0.0
Portfolio 2,7451,16622579.30751163
Portfolio 2,7452,0.0
Portfolio 2,7453,0.0
Portfolio 2,7454,0.0
Portfolio 2,7455,3036620.5354699735
Portfolio 2,7456,0.0
Portfolio 2,7457,0.0
Portfolio 2,7458,0.0
Portfolio 2,7459,15199283.140644096
Portfolio 2,7460,18763324.314525187
Portfolio 2,7461,27340382.788988926
Portfolio 2,7462,15858922.702754952
Portfolio 2,7463,0.0
Portfolio 2,7464,17134608.052963268
Portfolio 2,7465,40432518.51177007
Portfolio 2,7466,0.0
Portfolio 2,7467,0.0
Portfolio 2,7468,9289187.814006878
Portfolio 2,7469,9755523.30312597
Portfolio 2,7470,18763324.314525187
Portfolio 2,7471,8083054.654213435
Portfolio 2,7472,20171228.588433243
Portfolio 2,7473,0.0
Portfolio 2,7474,0.0
Portfolio 2,7475,0.0
Portfolio 2,7476,0.0
Portfolio 2,7477,34802461.24828999
Portfolio 2,7478,23900948.02158185
Portfolio 2,7479,18423536.62888647
Portfolio 2,7480,37063208.839215204
Portfolio 2,7481,0.0
Portfolio 2,7482,0.0
Portfolio 2,7483,0.0
Portfolio 2,7484,16127236.27299897
Portfolio 2,7485,0.0
Portfolio 2,7486,0.0
Portfolio 2,7487,17134608.052963268
Portfolio 2,7488,16039136.9337648
Portfolio 2,7489,0.0
Portfolio 2,7490,30547335.620726034
Portfolio 2,7491,0.0
Portfolio 2,7492,44033048.20981653
Portfolio 2,7493,34858482.983625695
Portfolio 2,7494,0.0
Portfolio 2,7495,19847593.62191461
Portfolio 2,7496,0.0
Portfolio 2,7497,0.0
Portfolio 2,7498,0.0
Portfolio 2,7499,3036620.5354699735
Portfolio 2,7500,9615302.014042802
Portfolio 2,7501,0.0
Portfolio 2,7502,0.0
Portfolio 2,7503,9755523.30312597
Portfolio 2,7504,0.0
Portfolio 2,7505,34334492.57617091
Portfolio 2,7506,16127236.27299897
Portfolio 2,7507,0.0
Portfolio 2,7508,6394411.026348391
Portfolio 2,7509,38455863.3461886
Portfolio 2,7510,54089608.1840417
Portfolio 2,7511,0.0
Portfolio 2,7512,15201817.435149617
Portfolio 2,7513,9289187.814006878
Portfolio 2,7514,0.0
Portfolio 2,7515,0.0
Portfolio 2,7516,0.0
Portfolio 2,7517,0.0
Portfolio 2,7518,0.0
Portfolio 2,7519,29523494.078165784
Portfolio 2,7520,0.0
Portfolio 2,7521,11013053.326687574
Portfolio 2,7522,23069312.81565146
Portfolio 2,7523,16622579.30751163
Portfolio 2,7524,26256554.539065532
Portfolio 2,7525,106257344.94261172
Portfolio 2,7526,0.0
Portfolio 2,7527,0.0
Portfolio 2,7528,0.0
Portfolio 2,7529,0.0
Portfolio 2,7530,11013053.326687574
Portfolio 2,7531,15199283.140644096
Portfolio 2,7532,19988858.71067782
Portfolio 2,7533,0.0
Portfolio 2,7534,0.0
Portfolio 2,7535,16039136.9337648
Portfolio 2,7536,0.0
Portfolio 2,7537,0.0
Portfolio 2,7538,23568869.98541587
Portfolio 2,7539,0.0
Portfolio 2,7540,38864166.160590045
Portfolio 2,7541,23428572.83978985
Portfolio 2,7542,0.0
Portfolio 2,7543,25911767.121518508
Portfolio 2,7544,0.0
Portfolio 2,7545,0.0
Portfolio 2,7546,0.0
Portfolio 2,7547,48002601.29286556
Portfolio 2,7548,6578681.478572828
Portfolio 2,7549,0.0
Portfolio 2,7550,13189289.29646699
Portfolio 2,7551,9755523.30312597
Portfolio 2,7552,16127236.27299897
Portfolio 2,7553,0.0
Portfolio 2,7554,0.0
Portfolio 2,7555,0.0
Portfolio 2,7556,30781111.50637661
Portfolio 2,7557,0.0
Portfolio 2,7558,19847593.62191461
Portfolio 2,7559,15345518.185576415
Portfolio 2,7560,6498766.752669321
Portfolio 2,7561,28564385.40058286
Portfolio 2,7562,0.0
Portfolio 2,7563,0.0
Portfolio 2,7564,23370628.204177715
Portfolio 2,7565,0.0
Portfolio 2,7566,0.0
Portfolio 2,7567,0.0
Portfolio 2,7568,31019710.802518032
Portfolio 2,7569,15199283.140644096
Portfolio 2,7570,52420727.92485887
Portfolio 2,7571,0.0
Portfolio 2,7572,16039136.9337648
Portfolio 2,7573,0.0
Portfolio 2,7574,55269791.73054264
Portfolio 2,7575,35360831.70461607
Portfolio 2,7576,0.0
Portfolio 2,7577,0.0
Portfolio 2,7578,46745071.26930396
Portfolio 2,7579,9755523.30312597
Portfolio 2,7580,0.0
Portfolio 2,7581,16127236.27299897
Portfolio 2,7582,0.0
Portfolio 2,7583,32661716.241276428
Portfolio 2,7584,15115135.719909279
Portfolio 2,7585,17711913.26865928
Portfolio 2,7586,18423536.62888647
Portfolio 2,7587,14401299.489890965
Portfolio 2,7588,50903434.90579055
Portfolio 2,7589,15199283.140644096
Portfolio 2,7590,0.0
Portfolio 2,7591,0.0
Portfolio 2,7592,0.0
Portfolio 2,7593,0.0
Portfolio 2,7594,11072205.431654952
Portfolio 2,7595,0.0
Portfolio 2,7596,0.0
Portfolio 2,7597,0.0
Portfolio 2,7598,8083054.654213435
Portfolio 2,7599,6394411.026348391
Portfolio 2,7600,0.0
Portfolio 2,7601,16127236.27299897
Portfolio 2,7602,15817893.367368415
Portfolio 2,7603,0.0
Portfolio 2,7604,6498766.752669321
Portfolio 2,7605,0.0
Portfolio 2,7606,26423795.866970144
Portfolio 2,7607,0.0
Portfolio 2,7608,0.0
Portfolio 2,7609,27559392.312639758
Portfolio 2,7610,0.0
Portfolio 2,7611,0.0
Portfolio 2,7612,0.0
Portfolio 2,7613,16127236.27299897
Portfolio 2,7614,0.0
Portfolio 2,7615,0.0
Portfolio 2,7616,23284872.089363053
Portfolio 2,7617,18423536.62888647
Portfolio 2,7618,16501031.23593956
Portfolio 2,7619,0.0
Portfolio 2,7620,0.0
Portfolio 2,7621,36758159.28188286
Portfolio 2,7622,44584795.16391679
Portfolio 2,7623,13189289.29646699
Portfolio 2,7624,0.0
Portfolio 2,7625,70781534.13806659
Portfolio 2,7626,15817893.367368415
Portfolio 2,7627,0.0
Portfolio 2,7628,0.0
Portfolio 2,7629,0.0
Portfolio 2,7630,16127236.27299897
Portfolio 2,7631,61951350.205031104
Portfolio 2,7632,0.0
Portfolio 2,7633,0.0
Portfolio 2,7634,0.0
Portfolio 2,7635,0.0
Portfolio 2,7636,31058205.843399048
Portfolio 2,7637,0.0
Portfolio 2,7638,0.0
Portfolio 2,7639,0.0
Portfolio 2,7640,0.0
Portfolio 2,7641,18423536.62888647
Portfolio 2,7642,15817893.367368415
Portfolio 2,7643,38082736.47186807
Portfolio 2,7644,0.0
Portfolio 2,7645,0.0
Portfolio 2,7646,45326473.20842127
Portfolio 2,7647,26506591.283099905
Portfolio 2,7648,0.0
Portfolio 2,7649,18423536.62888647
Portfolio 2,7650,0.0
Portfolio 2,7651,17591734.8052604
Portfolio 2,7652,15115135.719909279
Portfolio 2,7653,11204092.281538276
Portfolio 2,7654,39194893.47076873
Portfolio 2,7655,0.0
Portfolio 2,7656,8367052.55026625
Portfolio 2,7657,78175321.3779353
Portfolio 2,7658,0.0
Portfolio 2,7659,18763324.314525187
Portfolio 2,7660,18226223.6516528
Portfolio 2,7661,29627628.910424747
Portfolio 2,7662,0.0
Portfolio 2,7663,0.0
Portfolio 2,7664,0.0
Portfolio 2,7665,0.0
Portfolio 2,7666,19845059.32740909
Portfolio 2,7667,0.0
Portfolio 2,7668,18423536.62888647
Portfolio 2,7669,37773375.18661998
Portfolio 2,7670,0.0
Portfolio 2,7671,13189289.29646699
Portfolio 2,7672,0.0
Portfolio 2,7673,40523527.32909348
Portfolio 2,7674,0.0
Portfolio 2,7675,0.0
Portfolio 2,7676,0.0
Portfolio 2,7677,0.0
Portfolio 2,7678,0.0
Portfolio 2,7679,19287146.93575171
Portfolio 2,7680,0.0
Portfolio 2,7681,64321837.00181131
Portfolio 2,7682,0.0
Portfolio 2,7683,0.0
Portfolio 2,7684,0.0
Portfolio 2,7685,0.0
Portfolio 2,7686,6394411.026348391
Portfolio 2,7687,40844655.96712801
Portfolio 2,7688,38412395.33956429
Portfolio 2,7689,11213146.515989957
Portfolio 2,7690,26549610.46711469
Portfolio 2,7691,0.0
Portfolio 2,7692,12357574.877490142
Portfolio 2,7693,0.0
Portfolio 2,7694,0.0
Portfolio 2,7695,25546864.17395713
Portfolio 2,7696,13449249.680673582
Portfolio 2,7697,43451208.287145846
Portfolio 2,7698,24393381.578005265
Portfolio 2,7699,0.0
Portfolio 2,7700,28651067.1158232
Portfolio 2,7701,51376038.04921815
Portfolio 2,7702,28175468.244858555
Portfolio 2,7703,0.0
Portfolio 2,7704,0.0
Portfolio 2,7705,30583798.529142946
Portfolio 2,7706,0.0
Portfolio 2,7707,16225909.831936963
Portfolio 2,7708,0.0
Portfolio 2,7709,12357574.877490142
Portfolio 2,7710,0.0
Portfolio 2,7711,16622579.30751163
Portfolio 2,7712,16039136.9337648
Portfolio 2,7713,0.0
Portfolio 2,7714,0.0
Portfolio 2,7715,0.0
Portfolio 2,7716,34802461.24828999
Portfolio 2,7717,0.0
Portfolio 2,7718,0.0
Portfolio 2,7719,0.0
Portfolio 2,7720,0.0
Portfolio 2,7721,21693817.198482107
Portfolio 2,7722,0.0
Portfolio 2,7723,75782677.04111506
Portfolio 2,7724,18226223.6516528
Portfolio 2,7725,41673800.42147565
Portfolio 2,7726,32703689.332214627
Portfolio 2,7727,0.0
Portfolio 2,7728,53236310.21591288
Portfolio 2,7729,16501031.23593956
Portfolio 2,7730,0.0
Portfolio 2,7731,15345518.185576415
Portfolio 2,7732,17607557.54233835
Portfolio 2,7733,38217518.02399421
Portfolio 2,7734,0.0
Portfolio 2,7735,0.0
Portfolio 2,7736,17639575.760879915
Portfolio 2,7737,18122575.85339222
Portfolio 2,7738,0.0
Portfolio 2,7739,0.0
Portfolio 2,7740,31072970.301838048
Portfolio 2,7741,0.0
Portfolio 2,7742,4645776.186764995
Portfolio 2,7743,25002218.107459296
Portfolio 2,7744,4645776.186764995
Portfolio 2,7745,31415512.94811979
Portfolio 2,7746,0.0
Portfolio 2,7747,0.0
Portfolio 2,7748,16501031.23593956
Portfolio 2,7749,15817893.367368415
Portfolio 2,7750,6498766.752669321
Portfolio 2,7751,17003351.064255137
Portfolio 2,7752,0.0
Portfolio 2,7753,11204092.281538276
Portfolio 2,7754,38550291.16937597
Portfolio 2,7755,6578681.478572828
Portfolio 2,7756,0.0
Portfolio 2,7757,0.0
Portfolio 2,7758,70214456.14251348
Portfolio 2,7759,0.0
Portfolio 2,7760,0.0
Portfolio 2,7761,0.0
Portfolio 2,7762,28074349.026554845
Portfolio 2,7763,8083054.654213435
Portfolio 2,7764,11013053.326687574
Portfolio 2,7765,0.0
Portfolio 2,7766,0.0
Portfolio 2,7767,0.0
Portfolio 2,7768,0.0
Portfolio 2,7769,0.0
Portfolio 2,7770,0.0
Portfolio 2,7771,57282257.3202503
Portfolio 2,7772,0.0
Portfolio 2,7773,0.0
Portfolio 2,7774,11013053.326687574
Portfolio 2,7775,18423536.62888647
Portfolio 2,7776,50171353.29202019
Portfolio 2,7777,42485807.78526296
Portfolio 2,7778,42305518.83071556
Portfolio 2,7779,16127236.27299897
Portfolio 2,7780,0.0
Portfolio 2,7781,16622579.30751163
Portfolio 2,7782,0.0
Portfolio 2,7783,32749815.5805106
Portfolio 2,7784,15345518.185576415
Portfolio 2,7785,23370628.204177715
Portfolio 2,7786,32755321.291734852
Portfolio 2,7787,0.0
Portfolio 2,7788,20302241.140694454
Portfolio 2,7789,34581217.6818936
Portfolio 2,7790,0.0
Portfolio 2,7791,0.0
Portfolio 2,7792,0.0
Portfolio 2,7793,0.0
Portfolio 2,7794,9289187.814006878
Portfolio 2,7795,0.0
Portfolio 2,7796,0.0
Portfolio 2,7797,0.0
Portfolio 2,7798,9289187.814006878
Portfolio 2,7799,47740062.19835243
Portfolio 2,7800,0.0
Portfolio 2,7801,0.0
Portfolio 2,7802,0.0
Portfolio 2,7803,0.0
Portfolio 2,7804,53705144.58932389
Portfolio 2,7805,42127171.67323466
Portfolio 2,7806,6498766.752669321
Portfolio 2,7807,42929575.97583599
Portfolio 2,7808,12357574.877490142
Portfolio 2,7809,55674614.736474186
Portfolio 2,7810,8083054.654213435
Portfolio 2,7811,11013053.326687574
Portfolio 2,7812,0.0
Portfolio 2,7813,0.0
Portfolio 2,7814,0.0
Portfolio 2,7815,4645776.186764995
Portfolio 2,7816,60560269.359658085
Portfolio 2,7817,0.0
Portfolio 2,7818,19847593.62191461
Portfolio 2,7819,0.0
Portfolio 2,7820,0.0
Portfolio 2,7821,0.0
Portfolio 2,7822,0.0
Portfolio 2,7823,46908347.77937558
Portfolio 2,7824,0.0
Portfolio 2,7825,11013053.326687574
Portfolio 2,7826,0.0
Portfolio 2,7827,0.0
Portfolio 2,7828,0.0
Portfolio 2,7829,16450107.204479685
Portfolio 2,7830,0.0
Portfolio 2,7831,0.0
Portfolio 2,7832,8083054.654213435
Portfolio 2,7833,0.0
Portfolio 2,7834,0.0
Portfolio 2,7835,9755523.30312597
Portfolio 2,7836,0.0
Portfolio 2,7837,56129408.334429614
Portfolio 2,7838,0.0
Portfolio 2,7839,0.0
Portfolio 2,7840,0.0
Portfolio 2,7841,0.0
Portfolio 2,7842,18226223.6516528
Portfolio 2,7843,29395192.047733963
Portfolio 2,7844,0.0
Portfolio 2,7845,0.0
Portfolio 2,7846,14249767.05145993
Portfolio 2,7847,0.0
Portfolio 2,7848,6578681.478572828
Portfolio 2,7849,0.0
Portfolio 2,7850,27140289.599686544
Portfolio 2,7851,0.0
Portfolio 2,7852,0.0
Portfolio 2,7853,0.0
Portfolio 2,7854,4645776.186764995
Portfolio 2,7855,6498766.752669321
Portfolio 2,7856,0.0
Portfolio 2,7857,16127236.27299897
Portfolio 2,7858,0.0
Portfolio 2,7859,0.0
Portfolio 2,7860,0.0
Portfolio 2,7861,0.0
Portfolio 2,7862,0.0
Portfolio 2,7863,0.0
Portfolio 2,7864,69948815.60940327
Portfolio 2,7865,11213146.515989957
Portfolio 2,7866,44166043.497137316
Portfolio 2,7867,0.0
Portfolio 2,7868,0.0
Portfolio 2,7869,6578681.478572828
Portfolio 2,7870,16501031.23593956
Portfolio 2,7871,0.0
Portfolio 2,7872,27515411.465659678
Portfolio 2,7873,21693817.198482107
Portfolio 2,7874,0.0
Portfolio 2,7875,0.0
Portfolio 2,7876,51114224.01876802
Portfolio 2,7877,23633374.80563259
Portfolio 2,7878,0.0
Portfolio 2,7879,28794767.866249997
Portfolio 2,7880,50649166.2594961
Portfolio 2,7881,28391106.73161661
Portfolio 2,7882,52212734.27485162
Portfolio 2,7883,40852226.67732109
Portfolio 2,7884,9755523.30312597
Portfolio 2,7885,34802461.24828999
Portfolio 2,7886,11204092.281538276
Portfolio 2,7887,16127236.27299897
Portfolio 2,7888,0.0
Portfolio 2,7889,18423536.62888647
Portfolio 2,7890,3036620.5354699735
Portfolio 2,7891,16039136.9337648
Portfolio 2,7892,0.0
Portfolio 2,7893,0.0
Portfolio 2,7894,0.0
Portfolio 2,7895,28338700.334501542
Portfolio 2,7896,0.0
Portfolio 2,7897,0.0
Portfolio 2,7898,0.0
Portfolio 2,7899,0.0
Portfolio 2,7900,53225997.877176456
Portfolio 2,7901,24218257.239452742
Portfolio 2,7902,0.0
Portfolio 2,7903,0.0
Portfolio 2,7904,19988858.71067782
Portfolio 2,7905,0.0
Portfolio 2,7906,36027995.64444262
Portfolio 2,7907,0.0
Portfolio 2,7908,42688526.65901396
Portfolio 2,7909,16501031.23593956
Portfolio 2,7910,19845059.32740909
Portfolio 2,7911,46300104.653708875
Portfolio 2,7912,0.0
Portfolio 2,7913,18226223.6516528
Portfolio 2,7914,0.0
Portfolio 2,7915,29627628.910424747
Portfolio 2,7916,18226223.6516528
Portfolio 2,7917,0.0
Portfolio 2,7918,86726422.41706806
Portfolio 2,7919,0.0
Portfolio 2,7920,0.0
Portfolio 2,7921,0.0
Portfolio 2,7922,6426429.244889958
Portfolio 2,7923,6394411.026348391
Portfolio 2,7924,6394411.026348391
Portfolio 2,7925,27559392.312639758
Portfolio 2,7926,22521647.29934736
Portfolio 2,7927,0.0
Portfolio 2,7928,0.0
Portfolio 2,7929,0.0
Portfolio 2,7930,0.0
Portfolio 2,7931,0.0
Portfolio 2,7932,8083054.654213435
Portfolio 2,7933,0.0
Portfolio 2,7934,15199283.140644096
Portfolio 2,7935,0.0
Portfolio 2,7936,55278038.244442284
Portfolio 2,7937,24922303.38155579
Portfolio 2,7938,23900948.02158185
Portfolio 2,7939,0.0
Portfolio 2,7940,0.0
Portfolio 2,7941,0.0
Portfolio 2,7942,0.0
Portfolio 2,7943,6394411.026348391
Portfolio 2,7944,0.0
Portfolio 2,7945,11204092.281538276
Portfolio 2,7946,0.0
Portfolio 2,7947,0.0
Portfolio 2,7948,73549432.88332221
Portfolio 2,7949,0.0
Portfolio 2,7950,18095025.867438577
Portfolio 2,7951,15199283.140644096
Portfolio 2,7952,0.0
Portfolio 2,7953,35229574.71590794
Portfolio 2,7954,0.0
Portfolio 2,7955,0.0
Portfolio 2,7956,0.0
Portfolio 2,7957,18423536.62888647
Portfolio 2,7958,0.0
Portfolio 2,7959,18763324.314525187
Portfolio 2,7960,54254219.29609542
Portfolio 2,7961,18423536.62888647
Portfolio 2,7962,33123610.54345119
Portfolio 2,7963,0.0
Portfolio 2,7964,4645776.186764995
Portfolio 2,7965,0.0
Portfolio 2,7966,61043141.85854454
Portfolio 2,7967,0.0
Portfolio 2,7968,0.0
Portfolio 2,7969,0.0
Portfolio 2,7970,0.0
Portfolio 2,7971,0.0
Portfolio 2,7972,0.0
Portfolio 2,7973,0.0
Portfolio 2,7974,60820235.74904424
Portfolio 2,7975,18763324.314525187
Portfolio 2,7976,13449249.680673582
Portfolio 2,7977,24634634.897442818
Portfolio 2,7978,0.0
Portfolio 2,7979,18423536.62888647
Portfolio 2,7980,12357574.877490142
Portfolio 2,7981,23428572.83978985
Portfolio 2,7982,18226223.6516528
Portfolio 2,7983,0.0
Portfolio 2,7984,0.0
Portfolio 2,7985,0.0
Portfolio 2,7986,0.0
Portfolio 2,7987,0.0
Portfolio 2,7988,0.0
Portfolio 2,7989,9755523.30312597
Portfolio 2,7990,0.0
Portfolio 2,7991,0.0
Portfolio 2,7992,0.0
Portfolio 2,7993,0.0
Portfolio 2,7994,0.0
Portfolio 2,7995,0.0
Portfolio 2,7996,38412395.33956429
Portfolio 2,7997,43674769.567964
Portfolio 2,7998,49533775.716815
Portfolio 2,7999,0.0
Portfolio 2,8000,0.0
Portfolio 2,8001,0.0
Portfolio 2,8002,16501031.23593956
Portfolio 2,8003,9615302.014042802
Portfolio 2,8004,49080277.469584085
Portfolio 2,8005,11204092.281538276
Portfolio 2,8006,27556858.018134236
Portfolio 2,8007,0.0
Portfolio 2,8008,8367052.55026625
Portfolio 2,8009,18423536.62888647
Portfolio 2,8010,0.0
Portfolio 2,8011,0.0
Portfolio 2,8012,31120899.192015328
Portfolio 2,8013,0.0
Portfolio 2,8014,0.0
Portfolio 2,8015,9615302.014042802
Portfolio 2,8016,0.0
Portfolio 2,8017,12357574.877490142
Portfolio 2,8018,0.0
Portfolio 2,8019,0.0
Portfolio 2,8020,6578681.478572828
Portfolio 2,8021,18423536.62888647
Portfolio 2,8022,12357574.877490142
Portfolio 2,8023,15345518.185576415
Portfolio 2,8024,6498766.752669321
Portfolio 2,8025,6394411.026348391
Portfolio 2,8026,11204092.281538276
Portfolio 2,8027,16622579.30751163
Portfolio 2,8028,33185000.20550111
Portfolio 2,8029,15201817.435149617
Portfolio 2,8030,11213146.515989957
Portfolio 2,8031,29744382.01380379
Portfolio 2,8032,16127236.27299897
Portfolio 2,8033,19988858.71067782
Portfolio 2,8034,9755523.30312597
Portfolio 2,8035,0.0
Portfolio 2,8036,0.0
Portfolio 2,8037,0.0
Portfolio 2,8038,0.0
Portfolio 2,8039,0.0
Portfolio 2,8040,0.0
Portfolio 2,8041,19988858.71067782
Portfolio 2,8042,0.0
Portfolio 2,8043,3036620.5354699735
Portfolio 2,8044,18763324.314525187
Portfolio 2,8045,17711913.26865928
Portfolio 2,8046,0.0
Portfolio 2,8047,26358571.51226399
Portfolio 2,8048,48696690.61143607
Portfolio 2,8049,28980154.185001772
Portfolio 2,8050,16501031.23593956
Portfolio 2,8051,16039136.9337648
Portfolio 2,8052,11213146.515989957
Portfolio 2,8053,0.0
Portfolio 2,8054,8083054.654213435
Portfolio 2,8055,0.0
Portfolio 2,8056,0.0
Portfolio 2,8057,0.0
Portfolio 2,8058,0.0
Portfolio 2,8059,16127236.27299897
Portfolio 2,8060,8367052.55026625
Portfolio 2,8061,0.0
Portfolio 2,8062,0.0
Portfolio 2,8063,74255787.70349711
Portfolio 2,8064,0.0
Portfolio 2,8065,0.0
Portfolio 2,8066,15817893.367368415
Portfolio 2,8067,0.0
Portfolio 2,8068,0.0
Portfolio 2,8069,0.0
Portfolio 2,8070,0.0
Portfolio 2,8071,0.0
Portfolio 2,8072,23570721.3934801
Portfolio 2,8073,6578681.478572828
Portfolio 2,8074,48298052.63983802
Portfolio 2,8075,39351753.66118912
Portfolio 2,8076,9755523.30312597
Portfolio 2,8077,0.0
Portfolio 2,8078,0.0
Portfolio 2,8079,37780686.70524061
Portfolio 2,8080,0.0
Portfolio 2,8081,42749168.73283837
Portfolio 2,8082,0.0
Portfolio 2,8083,6498766.752669321
Portfolio 2,8084,0.0
Portfolio 2,8085,49638336.96574946
Portfolio 2,8086,0.0
Portfolio 2,8087,47664442.788884394
Portfolio 2,8088,0.0
Portfolio 2,8089,34727254.88759236
Portfolio 2,8090,58687597.8594914
Portfolio 2,8091,12357574.877490142
Portfolio 2,8092,77776400.22377178
Portfolio 2,8093,33261844.325962238
Portfolio 2,8094,19988858.71067782
Portfolio 2,8095,0.0
Portfolio 2,8096,0.0
Portfolio 2,8097,0.0
Portfolio 2,8098,0.0
Portfolio 2,8099,0.0
Portfolio 2,8100,0.0
Portfolio 2,8101,42561879.14243571
Portfolio 2,8102,16039136.9337648
Portfolio 2,8103,19096107.98090101
Portfolio 2,8104,27472710.59739942
Portfolio 2,8105,0.0
Portfolio 2,8106,168544076.4372017
Portfolio 2,8107,0.0
Portfolio 2,8108,27514084.562627137
Portfolio 2,8109,0.0
Portfolio 2,8110,0.0
Portfolio 2,8111,0.0
Portfolio 2,8112,29781104.54752685
Portfolio 2,8113,43753314.68569432
Portfolio 2,8114,9755523.30312597
Portfolio 2,8115,0.0
Portfolio 2,8116,0.0
Portfolio 2,8117,39176244.82540056
Portfolio 2,8118,15115135.719909279
Portfolio 2,8119,15115135.719909279
Portfolio 2,8120,0.0
Portfolio 2,8121,15115135.719909279
Portfolio 2,8122,0.0
Portfolio 2,8123,11013053.326687574
Portfolio 2,8124,0.0
Portfolio 2,8125,18226223.6516528
Portfolio 2,8126,0.0
Portfolio 2,8127,16501031.23593956
Portfolio 2,8128,0.0
Portfolio 2,8129,18763324.314525187
Portfolio 2,8130,0.0
Portfolio 2,8131,59167860.61032067
Portfolio 2,8132,0.0
Portfolio 2,8133,27771110.703349747
Portfolio 2,8134,8367052.55026625
Portfolio 2,8135,15345518.185576415
Portfolio 2,8136,8083054.654213435
Portfolio 2,8137,0.0
Portfolio 2,8138,0.0
Portfolio 2,8139,83912301.85873145
Portfolio 2,8140,46113499.1265683
Portfolio 2,8141,0.0
Portfolio 2,8142,0.0
Portfolio 2,8143,0.0
Portfolio 2,8144,0.0
Portfolio 2,8145,17134608.052963268
Portfolio 2,8146,0.0
Portfolio 2,8147,34044117.01902121
Portfolio 2,8148,23633374.80563259
Portfolio 2,8149,0.0
Portfolio 2,8150,0.0
Portfolio 2,8151,48495365.61707168
Portfolio 2,8152,34727254.88759236
Portfolio 2,8153,0.0
Portfolio 2,8154,37090237.31804884
Portfolio 2,8155,0.0
Portfolio 2,8156,0.0
Portfolio 2,8157,19988858.71067782
Portfolio 2,8158,0.0
Portfolio 2,8159,40649736.471564
Portfolio 2,8160,0.0
Portfolio 2,8161,0.0
Portfolio 2,8162,0.0
Portfolio 2,8163,15817893.367368415
Portfolio 2,8164,0.0
Portfolio 2,8165,33625354.064036086
Portfolio 2,8166,4645776.186764995
Portfolio 2,8167,0.0
Portfolio 2,8168,0.0
Portfolio 2,8169,0.0
Portfolio 2,8170,0.0
Portfolio 2,8171,0.0
Portfolio 2,8172,0.0
Portfolio 2,8173,0.0
Portfolio 2,8174,0.0
Portfolio 2,8175,0.0
Portfolio 2,8176,0.0
Portfolio 2,8177,0.0
Portfolio 2,8178,96906322.92561135
Portfolio 2,8179,6578681.478572828
Portfolio 2,8180,0.0
Portfolio 2,8181,0.0
Portfolio 2,8182,6498766.752669321
Portfolio 2,8183,11204092.281538276
Portfolio 2,8184,0.0
Portfolio 2,8185,16039136.9337648
Portfolio 2,8186,0.0
Portfolio 2,8187,13189289.29646699
Portfolio 2,8188,16127236.27299897
Portfolio 2,8189,42827860.16280263
Portfolio 2,8190,39691892.12316309
Portfolio 2,8191,0.0
Portfolio 2,8192,15115135.719909279
Portfolio 2,8193,0.0
Portfolio 2,8194,0.0
Portfolio 2,8195,18763324.314525187
Portfolio 2,8196,23370628.204177715
Portfolio 2,8197,18226223.6516528
Portfolio 2,8198,0.0
Portfolio 2,8199,42127171.67323466
Portfolio 2,8200,0.0
Portfolio 2,8201,0.0
Portfolio 2,8202,31120899.192015328
Portfolio 2,8203,11013053.326687574
Portfolio 2,8204,13189289.29646699
Portfolio 2,8205,0.0
Portfolio 2,8206,0.0
Portfolio 2,8207,0.0
Portfolio 2,8208,13189289.29646699
Portfolio 2,8209,8083054.654213435
Portfolio 2,8210,0.0
Portfolio 2,8211,0.0
Portfolio 2,8212,0.0
Portfolio 2,8213,0.0
Portfolio 2,8214,0.0
Portfolio 2,8215,60418120.80596784
Portfolio 2,8216,0.0
Portfolio 2,8217,18423536.62888647
Portfolio 2,8218,51748418.26098152
Portfolio 2,8219,0.0
Portfolio 2,8220,75778795.58674182
Portfolio 2,8221,44629167.136492126
Portfolio 2,8222,18151756.255379252
Portfolio 2,8223,15115135.719909279
Portfolio 2,8224,16501031.23593956
Portfolio 2,8225,0.0
Portfolio 2,8226,0.0
Portfolio 2,8227,17134608.052963268
Portfolio 2,8228,15817893.367368415
Portfolio 2,8229,31019710.802518032
Portfolio 2,8230,39246466.20715827
Portfolio 2,8231,24122191.587978236
Portfolio 2,8232,154017553.84606484
Portfolio 2,8233,0.0
Portfolio 2,8234,0.0
Portfolio 2,8235,8367052.55026625
Portfolio 2,8236,0.0
Portfolio 2,8237,11013053.326687574
Portfolio 2,8238,0.0
Portfolio 2,8239,0.0
Portfolio 2,8240,8367052.55026625
Portfolio 2,8241,13189289.29646699
Portfolio 2,8242,0.0
Portfolio 2,8243,0.0
Portfolio 2,8244,0.0
Portfolio 2,8245,6426429.244889958
Portfolio 2,8246,0.0
Portfolio 2,8247,48507706.32832898
Portfolio 2,8248,0.0
Portfolio 2,8249,0.0
Portfolio 2,8250,0.0
Portfolio 2,8251,0.0
Portfolio 2,8252,19296201.17020339
Portfolio 2,8253,9289187.814006878
Portfolio 2,8254,0.0
Portfolio 2,8255,32166373.20676377
Portfolio 2,8256,0.0
Portfolio 2,8257,33635639.28890283
Portfolio 2,8258,0.0
Portfolio 2,8259,34462673.56265127
Portfolio 2,8260,15115135.719909279
Portfolio 2,8261,18763324.314525187
Portfolio 2,8262,17134608.052963268
Portfolio 2,8263,24202342.623154566
Portfolio 2,8264,32335049.618777726
Portfolio 2,8265,0.0
Portfolio 2,8266,25217662.707176704
Portfolio 2,8267,24868083.78620581
Portfolio 2,8268,9289187.814006878
Portfolio 2,8269,0.0
Portfolio 2,8270,17702859.034207597
Portfolio 2,8271,17134608.052963268
Portfolio 2,8272,3036620.5354699735
Portfolio 2,8273,0.0
Portfolio 2,8274,0.0
Portfolio 2,8275,72468468.90384908
Portfolio 2,8276,24122191.587978236
Portfolio 2,8277,0.0
Portfolio 2,8278,0.0
Portfolio 2,8279,0.0
Portfolio 2,8280,27514084.562627137
Portfolio 2,8281,0.0
Portfolio 2,8282,11013053.326687574
Portfolio 2,8283,0.0
Portfolio 2,8284,4645776.186764995
Portfolio 2,8285,0.0
Portfolio 2,8286,23900948.02158185
Portfolio 2,8287,59850941.577184945
Portfolio 2,8288,0.0
Portfolio 2,8289,12357574.877490142
Portfolio 2,8290,0.0
Portfolio 2,8291,0.0
Portfolio 2,8292,61775795.65575565
Portfolio 2,8293,28175468.244858555
Portfolio 2,8294,16501031.23593956
Portfolio 2,8295,33217018.42404268
Portfolio 2,8296,0.0
Portfolio 2,8297,0.0
Portfolio 2,8298,0.0
Portfolio 2,8299,59650253.15784523
Portfolio 2,8300,27111342.365419753
Portfolio 2,8301,37515310.21836372
Portfolio 2,8302,0.0
Portfolio 2,8303,46824928.58536982
Portfolio 2,8304,9289187.814006878
Portfolio 2,8305,11213146.515989957
Portfolio 2,8306,0.0
Portfolio 2,8307,35385903.622036815
Portfolio 2,8308,0.0
Portfolio 2,8309,0.0
Portfolio 2,8310,43773147.03010384
Portfolio 2,8311,0.0
Portfolio 2,8312,0.0
Portfolio 2,8313,24406189.48403105
Portfolio 2,8314,0.0
Portfolio 2,8315,4645776.186764995
Portfolio 2,8316,0.0
Portfolio 2,8317,54881601.23804188
Portfolio 2,8318,0.0
Portfolio 2,8319,0.0
Portfolio 2,8320,65618620.68202486
Portfolio 2,8321,0.0
Portfolio 2,8322,64096293.19438852
Portfolio 2,8323,0.0
Portfolio 2,8324,0.0
Portfolio 2,8325,0.0
Portfolio 2,8326,13449249.680673582
Portfolio 2,8327,0.0
Portfolio 2,8328,17134608.052963268
Portfolio 2,8329,16622579.30751163
Portfolio 2,8330,0.0
Portfolio 2,8331,18763324.314525187
Portfolio 2,8332,13449249.680673582
Portfolio 2,8333,11013053.326687574
Portfolio 2,8334,34353459.92465177
Portfolio 2,8335,0.0
Portfolio 2,8336,19583700.32281538
Portfolio 2,8337,13005110.723462787
Portfolio 2,8338,32348869.24983155
Portfolio 2,8339,0.0
Portfolio 2,8340,44662043.755042374
Portfolio 2,8341,0.0
Portfolio 2,8342,11204092.281538276
Portfolio 2,8343,26212336.46733167
Portfolio 2,8344,0.0
Portfolio 2,8345,0.0
Portfolio 2,8346,17618441.942352727
Portfolio 2,8347,0.0
Portfolio 2,8348,19537651.771409534
Portfolio 2,8349,0.0
Portfolio 2,8350,18763324.314525187
Portfolio 2,8351,28484811.150489114
Portfolio 2,8352,0.0
Portfolio 2,8353,3036620.5354699735
Portfolio 2,8354,0.0
Portfolio 2,8355,6498766.752669321
Portfolio 2,8356,0.0
Portfolio 2,8357,0.0
Portfolio 2,8358,0.0
Portfolio 2,8359,0.0
Portfolio 2,8360,29278046.524684697
Portfolio 2,8361,0.0
Portfolio 2,8362,9755523.30312597
Portfolio 2,8363,11204092.281538276
Portfolio 2,8364,21780384.239728265
Portfolio 2,8365,0.0
Portfolio 2,8366,0.0
Portfolio 2,8367,0.0
Portfolio 2,8368,33635639.28890283
Portfolio 2,8369,22553665.517888926
Portfolio 2,8370,82437627.28224522
Portfolio 2,8371,0.0
Portfolio 2,8372,0.0
Portfolio 2,8373,65516803.80744537
Portfolio 2,8374,19988858.71067782
Portfolio 2,8375,43257613.13779041
Portfolio 2,8376,13449249.680673582
Portfolio 2,8377,0.0
Portfolio 2,8378,0.0
Portfolio 2,8379,35897932.36748846
Portfolio 2,8380,18226223.6516528
Portfolio 2,8381,9755523.30312597
Portfolio 2,8382,0.0
Portfolio 2,8383,16039136.9337648
Portfolio 2,8384,15201817.435149617
Portfolio 2,8385,15115135.719909279
Portfolio 2,8386,16039136.9337648
Portfolio 2,8387,0.0
Portfolio 2,8388,6578681.478572828
Portfolio 2,8389,71144407.92695412
Portfolio 2,8390,0.0
Portfolio 2,8391,0.0
Portfolio 2,8392,0.0
Portfolio 2,8393,0.0
Portfolio 2,8394,0.0
Portfolio 2,8395,0.0
Portfolio 2,8396,0.0
Portfolio 2,8397,0.0
Portfolio 2,8398,15858922.702754952
Portfolio 2,8399,26378102.610637598
Portfolio 2,8400,29627628.910424747
Portfolio 2,8401,41503249.343398854
Portfolio 2,8402,0.0
Portfolio 2,8403,0.0
Portfolio 2,8404,49333991.65493885
Portfolio 2,8405,0.0
Portfolio 2,8406,35326283.869516514
Portfolio 2,8407,0.0
Portfolio 2,8408,28396711.81125494
Portfolio 2,8409,0.0
Portfolio 2,8410,12357574.877490142
Portfolio 2,8411,0.0
Portfolio 2,8412,0.0
Portfolio 2,8413,32950201.203141265
Portfolio 2,8414,35585864.14240823
Portfolio 2,8415,16501031.23593956
Portfolio 2,8416,19988858.71067782
Portfolio 2,8417,9755523.30312597
Portfolio 2,8418,0.0
Portfolio 2,8419,0.0
Portfolio 2,8420,0.0
Portfolio 2,8421,0.0
Portfolio 2,8422,15817893.367368415
Portfolio 2,8423,18763324.314525187
Portfolio 2,8424,47506705.83800109
Portfolio 2,8425,0.0
Portfolio 2,8426,0.0
Portfolio 2,8427,0.0
Portfolio 2,8428,0.0
Portfolio 2,8429,13189289.29646699
Portfolio 2,8430,0.0
Portfolio 2,8431,38456375.73129304
Portfolio 2,8432,17134608.052963268
Portfolio 2,8433,0.0
Portfolio 2,8434,43894676.99090928
Portfolio 2,8435,15201817.435149617
Portfolio 2,8436,0.0
Portfolio 2,8437,11013053.326687574
Portfolio 2,8438,52702497.73847377
Portfolio 2,8439,0.0
Portfolio 2,8440,0.0
Portfolio 2,8441,69389404.81857073
Portfolio 2,8442,0.0
Portfolio 2,8443,15345518.185576415
Portfolio 2,8444,18226223.6516528
Portfolio 2,8445,15115135.719909279
Portfolio 2,8446,4645776.186764995
Portfolio 2,8447,29439370.167642757
Portfolio 2,8448,0.0
Portfolio 2,8449,0.0
Portfolio 2,8450,0.0
Portfolio 2,8451,18423536.62888647
Portfolio 2,8452,0.0
Portfolio 2,8453,11204092.281538276
Portfolio 2,8454,87353789.94498877
Portfolio 2,8455,35385903.622036815
Portfolio 2,8456,36474161.385830045
Portfolio 2,8457,9755523.30312597
Portfolio 2,8458,6578681.478572828
Portfolio 2,8459,15345518.185576415
Portfolio 2,8460,0.0
Portfolio 2,8461,40702791.23471308
Portfolio 2,8462,0.0
Portfolio 2,8463,9431031.561818365
Portfolio 2,8464,6498766.752669321
Portfolio 2,8465,0.0
Portfolio 2,8466,0.0
Portfolio 2,8467,34631193.6071049
Portfolio 2,8468,0.0
Portfolio 2,8469,18763324.314525187
Portfolio 2,8470,15201817.435149617
Portfolio 2,8471,32166373.20676377
Portfolio 2,8472,0.0
Portfolio 2,8473,37446096.92980128
Portfolio 2,8474,0.0
Portfolio 2,8475,8367052.55026625
Portfolio 2,8476,0.0
Portfolio 2,8477,33538672.34879575
Portfolio 2,8478,4645776.186764995
Portfolio 2,8479,0.0
Portfolio 2,8480,0.0
Portfolio 2,8481,35806752.07804623
Portfolio 2,8482,0.0
Portfolio 2,8483,4645776.186764995
Portfolio 2,8484,6578681.478572828
Portfolio 2,8485,11204092.281538276
Portfolio 2,8486,0.0
Portfolio 2,8487,35548866.47335047
Portfolio 2,8488,4645776.186764995
Portfolio 2,8489,0.0
Portfolio 2,8490,0.0
Portfolio 2,8491,0.0
Portfolio 2,8492,0.0
Portfolio 2,8493,43532071.11929794
Portfolio 2,8494,0.0
Portfolio 2,8495,4645776.186764995
Portfolio 2,8496,0.0
Portfolio 2,8497,24584085.890152995
Portfolio 2,8498,0.0
Portfolio 2,8499,0.0
Portfolio 2,8500,24462303.00736116
Portfolio 2,8501,3036620.5354699735
Portfolio 2,8502,41380143.91625137
Portfolio 2,8503,6426429.244889958
Portfolio 2,8504,0.0
Portfolio 2,8505,0.0
Portfolio 2,8506,39188521.57154613
Portfolio 2,8507,0.0
Portfolio 2,8508,16501031.23593956
Portfolio 2,8509,0.0
Portfolio 2,8510,0.0
Portfolio 2,8511,0.0
Portfolio 2,8512,27252283.44975476
Portfolio 2,8513,18763324.314525187
Portfolio 2,8514,0.0
Portfolio 2,8515,27243229.21530308
Portfolio 2,8516,0.0
Portfolio 2,8517,11213146.515989957
Portfolio 2,8518,18763324.314525187
Portfolio 2,8519,0.0
Portfolio 2,8520,0.0
Portfolio 2,8521,0.0
Portfolio 2,8522,15345518.185576415
Portfolio 2,8523,29228426.23023179
Portfolio 2,8524,28179059.93201244
Portfolio 2,8525,0.0
Portfolio 2,8526,50760653.098724216
Portfolio 2,8527,8083054.654213435
Portfolio 2,8528,0.0
Portfolio 2,8529,0.0
Portfolio 2,8530,62281573.906274304
Portfolio 2,8531,15115135.719909279
Portfolio 2,8532,29636683.144876428
Portfolio 2,8533,0.0
Portfolio 2,8534,0.0
Portfolio 2,8535,0.0
Portfolio 2,8536,0.0
Portfolio 2,8537,35360831.70461607
Portfolio 2,8538,0.0
Portfolio 2,8539,0.0
Portfolio 2,8540,0.0
Portfolio 2,8541,11013053.326687574
Portfolio 2,8542,0.0
Portfolio 2,8543,9755523.30312597
Portfolio 2,8544,0.0
Portfolio 2,8545,0.0
Portfolio 2,8546,0.0
Portfolio 2,8547,0.0
Portfolio 2,8548,11204092.281538276
Portfolio 2,8549,11013053.326687574
Portfolio 2,8550,0.0
Portfolio 2,8551,0.0
Portfolio 2,8552,9755523.30312597
Portfolio 2,8553,0.0
Portfolio 2,8554,31846549.421515975
Portfolio 2,8555,16127236.27299897
Portfolio 2,8556,18423536.62888647
Portfolio 2,8557,0.0
Portfolio 2,8558,0.0
Portfolio 2,8559,0.0
Portfolio 2,8560,0.0
Portfolio 2,8561,0.0
Portfolio 2,8562,13449249.680673582
Portfolio 2,8563,0.0
Portfolio 2,8564,52200365.25445617
Portfolio 2,8565,0.0
Portfolio 2,8566,0.0
Portfolio 2,8567,0.0
Portfolio 2,8568,0.0
Portfolio 2,8569,0.0
Portfolio 2,8570,15858922.702754952
Portfolio 2,8571,9755523.30312597
Portfolio 2,8572,0.0
Portfolio 2,8573,0.0
Portfolio 2,8574,16501031.23593956
Portfolio 2,8575,18763324.314525187
Portfolio 2,8576,27140289.599686544
Portfolio 2,8577,0.0
Portfolio 2,8578,0.0
Portfolio 2,8579,0.0
Portfolio 2,8580,0.0
Portfolio 2,8581,50688583.39458823
Portfolio 2,8582,13449249.680673582
Portfolio 2,8583,0.0
Portfolio 2,8584,16039136.9337648
Portfolio 2,8585,0.0
Portfolio 2,8586,8083054.654213435
Portfolio 2,8587,0.0
Portfolio 2,8588,15849868.46830327
Portfolio 2,8589,0.0
Portfolio 2,8590,0.0
Portfolio 2,8591,0.0
Portfolio 2,8592,0.0
Portfolio 2,8593,18763324.314525187
Portfolio 2,8594,0.0
Portfolio 2,8595,0.0
Portfolio 2,8596,0.0
Portfolio 2,8597,11204092.281538276
Portfolio 2,8598,0.0
Portfolio 2,8599,15345518.185576415
Portfolio 2,8600,14477465.680561826
Portfolio 2,8601,27195005.874703504
Portfolio 2,8602,0.0
Portfolio 2,8603,0.0
Portfolio 2,8604,0.0
Portfolio 2,8605,0.0
Portfolio 2,8606,0.0
Portfolio 2,8607,0.0
Portfolio 2,8608,0.0
Portfolio 2,8609,0.0
Portfolio 2,8610,23561037.297853224
Portfolio 2,8611,0.0
Portfolio 2,8612,18763324.314525187
Portfolio 2,8613,15115135.719909279
Portfolio 2,8614,19988858.71067782
Portfolio 2,8615,0.0
Portfolio 2,8616,6578681.478572828
Portfolio 2,8617,0.0
Portfolio 2,8618,27031039.883358374
Portfolio 2,8619,0.0
Portfolio 2,8620,27666754.977028817
Portfolio 2,8621,9755523.30312597
Portfolio 2,8622,0.0
Portfolio 2,8623,0.0
Portfolio 2,8624,0.0
Portfolio 2,8625,16039136.9337648
Portfolio 2,8626,0.0
Portfolio 2,8627,11013053.326687574
Portfolio 2,8628,13189289.29646699
Portfolio 2,8629,0.0
Portfolio 2,8630,0.0
Portfolio 2,8631,0.0
Portfolio 2,8632,15817893.367368415
Portfolio 2,8633,11213146.515989957
Portfolio 2,8634,32212573.99519877
Portfolio 2,8635,16039136.9337648
Portfolio 2,8636,20900066.242560286
Portfolio 2,8637,18763324.314525187
Portfolio 2,8638,27031039.883358374
Portfolio 2,8639,17591734.8052604
Portfolio 2,8640,18763324.314525187
Portfolio 2,8641,17003351.064255137
Portfolio 2,8642,0.0
Portfolio 2,8643,0.0
Portfolio 2,8644,6426429.244889958
Portfolio 2,8645,0.0
Portfolio 2,8646,0.0
Portfolio 2,8647,117698580.38828152
Portfolio 2,8648,16622579.30751163
Portfolio 2,8649,0.0
Portfolio 2,8650,18226223.6516528
Portfolio 2,8651,0.0
Portfolio 2,8652,0.0
Portfolio 2,8653,28576334.749758586
Portfolio 2,8654,0.0
Portfolio 2,8655,3036620.5354699735
Portfolio 2,8656,18226223.6516528
Portfolio 2,8657,4645776.186764995
Portfolio 2,8658,0.0
Portfolio 2,8659,0.0
Portfolio 2,8660,0.0
Portfolio 2,8661,14581821.406882755
Portfolio 2,8662,0.0
Portfolio 2,8663,15199283.140644096
Portfolio 2,8664,0.0
Portfolio 2,8665,15199283.140644096
Portfolio 2,8666,0.0
Portfolio 2,8667,0.0
Portfolio 2,8668,27340382.788988926
Portfolio 2,8669,0.0
Portfolio 2,8670,20440629.531703576
Portfolio 2,8671,15201817.435149617
Portfolio 2,8672,12357574.877490142
Portfolio 2,8673,28179059.93201244
Portfolio 2,8674,0.0
Portfolio 2,8675,68618837.50473721
Portfolio 2,8676,31700314.37658366
Portfolio 2,8677,0.0
Portfolio 2,8678,15817893.367368415
Portfolio 2,8679,0.0
Portfolio 2,8680,0.0
Portfolio 2,8681,23198190.374122713
Portfolio 2,8682,52429331.38555787
Portfolio 2,8683,0.0
Portfolio 2,8684,0.0
Portfolio 2,8685,6498766.752669321
Portfolio 2,8686,0.0
Portfolio 2,8687,0.0
Portfolio 2,8688,6498766.752669321
Portfolio 2,8689,0.0
Portfolio 2,8690,6394411.026348391
Portfolio 2,8691,6578681.478572828
Portfolio 2,8692,21556341.84673324
Portfolio 2,8693,0.0
Portfolio 2,8694,0.0
Portfolio 2,8695,6426429.244889958
Portfolio 2,8696,18226223.6516528
Portfolio 2,8697,16501031.23593956
Portfolio 2,8698,11013053.326687574
Portfolio 2,8699,0.0
Portfolio 2,8700,55775006.42795782
Portfolio 2,8701,0.0
Portfolio 2,8702,17134608.052963268
Portfolio 2,8703,37186860.943411656
Portfolio 2,8704,0.0
Portfolio 2,8705,0.0
Portfolio 2,8706,0.0
Portfolio 2,8707,6394411.026348391
Portfolio 2,8708,15345518.185576415
Portfolio 2,8709,0.0
Portfolio 2,8710,0.0
Portfolio 2,8711,50066996.197420135
Portfolio 2,8712,14509483.899103392
Portfolio 2,8713,0.0
Portfolio 2,8714,52059175.917789295
Portfolio 2,8715,19659199.842981603
Portfolio 2,8716,11013053.326687574
Portfolio 2,8717,4645776.186764995
Portfolio 2,8718,6394411.026348391
Portfolio 2,8719,0.0
Portfolio 2,8720,0.0
Portfolio 2,8721,34757741.41058527
Portfolio 2,8722,16149934.32947436
Portfolio 2,8723,0.0
Portfolio 2,8724,0.0
Portfolio 2,8725,30401100.575793713
Portfolio 2,8726,8083054.654213435
Portfolio 2,8727,0.0
Portfolio 2,8728,18423536.62888647
Portfolio 2,8729,37758214.16682398
Portfolio 2,8730,0.0
Portfolio 2,8731,29690320.53240655
Portfolio 2,8732,18226223.6516528
Portfolio 2,8733,11213146.515989957
Portfolio 2,8734,0.0
Portfolio 2,8735,16501031.23593956
Portfolio 2,8736,7682396.722234968
Portfolio 2,8737,0.0
Portfolio 2,8738,13077448.23124215
Portfolio 2,8739,16039136.9337648
Portfolio 2,8740,18226223.6516528
Portfolio 2,8741,16622579.30751163
Portfolio 2,8742,35742954.81435592
Portfolio 2,8743,6394411.026348391
Portfolio 2,8744,0.0
Portfolio 2,8745,0.0
Portfolio 2,8746,0.0
Portfolio 2,8747,0.0
Portfolio 2,8748,48991638.35409649
Portfolio 2,8749,0.0
Portfolio 2,8750,0.0
Portfolio 2,8751,0.0
Portfolio 2,8752,0.0
Portfolio 2,8753,0.0
Portfolio 2,8754,0.0
Portfolio 2,8755,0.0
Portfolio 2,8756,33057431.454235695
Portfolio 2,8757,0.0
Portfolio 2,8758,38685857.11338938
Portfolio 2,8759,57482344.34599898
Portfolio 2,8760,0.0
Portfolio 2,8761,22244322.612258375
Portfolio 2,8762,20684913.120529793
Portfolio 2,8763,8083054.654213435
Portfolio 2,8764,0.0
Portfolio 2,8765,34462673.56265127
Portfolio 2,8766,41921896.50988974
Portfolio 2,8767,0.0
Portfolio 2,8768,0.0
Portfolio 2,8769,23016990.33386002
Portfolio 2,8770,58939709.790087014
Portfolio 2,8771,15201817.435149617
Portfolio 2,8772,76143338.96252818
Portfolio 2,8773,24870659.02303525
Portfolio 2,8774,50440140.384648554
Portfolio 2,8775,0.0
Portfolio 2,8776,0.0
Portfolio 2,8777,0.0
Portfolio 2,8778,11403673.085736223
Portfolio 2,8779,15817893.367368415
Portfolio 2,8780,8367052.55026625
Portfolio 2,8781,0.0
Portfolio 2,8782,0.0
Portfolio 2,8783,9755523.30312597
Portfolio 2,8784,4645776.186764995
Portfolio 2,8785,0.0
Portfolio 2,8786,0.0
Portfolio 2,8787,0.0
Portfolio 2,8788,0.0
Portfolio 2,8789,20900066.242560286
Portfolio 2,8790,0.0
Portfolio 2,8791,13189289.29646699
Portfolio 2,8792,3036620.5354699735
Portfolio 2,8793,0.0
Portfolio 2,8794,35046115.9363981
Portfolio 2,8795,21262844.187122777
Portfolio 2,8796,42697212.12391321
Portfolio 2,8797,0.0
Portfolio 2,8798,0.0
Portfolio 2,8799,0.0
Portfolio 2,8800,98759310.36765066
Portfolio 2,8801,0.0
Portfolio 2,8802,24494288.82326522
Portfolio 2,8803,0.0
Portfolio 2,8804,27835725.823501587
Portfolio 2,8805,24634705.999583293
Portfolio 2,8806,0.0
Portfolio 2,8807,0.0
Portfolio 2,8808,0.0
Portfolio 2,8809,0.0
Portfolio 2,8810,0.0
Portfolio 2,8811,0.0
Portfolio 2,8812,90124556.38209483
Portfolio 2,8813,13189289.29646699
Portfolio 2,8814,31702848.67108918
Portfolio 2,8815,0.0
Portfolio 2,8816,30316953.155058898
Portfolio 2,8817,19988858.71067782
Portfolio 2,8818,0.0
Portfolio 2,8819,36964700.79007297
Portfolio 2,8820,0.0
Portfolio 2,8821,0.0
Portfolio 2,8822,0.0
Portfolio 2,8823,0.0
Portfolio 2,8824,18423536.62888647
Portfolio 2,8825,16039136.9337648
Portfolio 2,8826,0.0
Portfolio 2,8827,0.0
Portfolio 2,8828,8367052.55026625
Portfolio 2,8829,15345518.185576415
Portfolio 2,8830,0.0
Portfolio 2,8831,6498766.752669321
Portfolio 2,8832,3036620.5354699735
Portfolio 2,8833,0.0
Portfolio 2,8834,6394411.026348391
Portfolio 2,8835,0.0
Portfolio 2,8836,9615302.014042802
Portfolio 2,8837,0.0
Portfolio 2,8838,28338700.334501542
Portfolio 2,8839,0.0
Portfolio 2,8840,0.0
Portfolio 2,8841,8367052.55026625
Portfolio 2,8842,13189289.29646699
Portfolio 2,8843,0.0
Portfolio 2,8844,15201817.435149617
Portfolio 2,8845,20875198.492809378
Portfolio 2,8846,6426429.244889958
Portfolio 2,8847,24402435.812456947
Portfolio 2,8848,0.0
Portfolio 2,8849,11213146.515989957
Portfolio 2,8850,37015369.366995946
Portfolio 2,8851,22617818.412337627
Portfolio 2,8852,11213146.515989957
Portfolio 2,8853,0.0
Portfolio 2,8854,54450015.97552886
Portfolio 2,8855,6394411.026348391
Portfolio 2,8856,0.0
Portfolio 2,8857,25501660.60322952
Portfolio 2,8858,0.0
Portfolio 2,8859,0.0
Portfolio 2,8860,0.0
Portfolio 2,8861,0.0
Portfolio 2,8862,90730663.10225096
Portfolio 2,8863,15817893.367368415
Portfolio 2,8864,40410087.00602221
Portfolio 2,8865,33123610.54345119
Portfolio 2,8866,0.0
Portfolio 2,8867,0.0
Portfolio 2,8868,28355911.260944072
Portfolio 2,8869,43413168.48666435
Portfolio 2,8870,0.0
Portfolio 2,8871,17439482.571577534
Portfolio 2,8872,17134608.052963268
Portfolio 2,8873,13189289.29646699
Portfolio 2,8874,0.0
Portfolio 2,8875,0.0
Portfolio 2,8876,0.0
Portfolio 2,8877,0.0
Portfolio 2,8878,0.0
Portfolio 2,8879,0.0
Portfolio 2,8880,0.0
Portfolio 2,8881,0.0
Portfolio 2,8882,48294329.59958712
Portfolio 2,8883,0.0
Portfolio 2,8884,0.0
Portfolio 2,8885,0.0
Portfolio 2,8886,0.0
Portfolio 2,8887,15817893.367368415
Portfolio 2,8888,37298775.60386152
Portfolio 2,8889,20463669.554133408
Portfolio 2,8890,0.0
Portfolio 2,8891,4645776.186764995
Portfolio 2,8892,0.0
Portfolio 2,8893,0.0
Portfolio 2,8894,11013053.326687574
Portfolio 2,8895,0.0
Portfolio 2,8896,39747953.99803336
Portfolio 2,8897,15199283.140644096
Portfolio 2,8898,14793481.795156207
Portfolio 2,8899,33326244.69660607
Portfolio 2,8900,31088825.441553496
Portfolio 2,8901,0.0
Portfolio 2,8902,0.0
Portfolio 2,8903,0.0
Portfolio 2,8904,26846378.968738623
Portfolio 2,8905,51349834.195103996
Portfolio 2,8906,18763324.314525187
Portfolio 2,8907,0.0
Portfolio 2,8908,37186860.943411656
Portfolio 2,8909,0.0
Portfolio 2,8910,12357574.877490142
Portfolio 2,8911,8083054.654213435
Portfolio 2,8912,0.0
Portfolio 2,8913,0.0
Portfolio 2,8914,0.0
Portfolio 2,8915,0.0
Portfolio 2,8916,18763324.314525187
Portfolio 2,8917,9289187.814006878
Portfolio 2,8918,0.0
Portfolio 2,8919,0.0
Portfolio 2,8920,0.0
Portfolio 2,8921,19843660.707021974
Portfolio 2,8922,18763324.314525187
Portfolio 2,8923,6394411.026348391
Portfolio 2,8924,0.0
Portfolio 2,8925,0.0
Portfolio 2,8926,0.0
Portfolio 2,8927,0.0
Portfolio 2,8928,8083054.654213435
Portfolio 2,8929,0.0
Portfolio 2,8930,43506242.45152589
Portfolio 2,8931,0.0
Portfolio 2,8932,25002218.107459296
Portfolio 2,8933,0.0
Portfolio 2,8934,8083054.654213435
Portfolio 2,8935,37175522.532725
Portfolio 2,8936,0.0
Portfolio 2,8937,4645776.186764995
Portfolio 2,8938,0.0
Portfolio 2,8939,29963281.01176426
Portfolio 2,8940,31240954.368914418
Portfolio 2,8941,0.0
Portfolio 2,8942,0.0
Portfolio 2,8943,0.0
Portfolio 2,8944,11204092.281538276
Portfolio 2,8945,3036620.5354699735
Portfolio 2,8946,21262844.187122777
Portfolio 2,8947,0.0
Portfolio 2,8948,8367052.55026625
Portfolio 2,8949,17134608.052963268
Portfolio 2,8950,0.0
Portfolio 2,8951,0.0
Portfolio 2,8952,0.0
Portfolio 2,8953,0.0
Portfolio 2,8954,27021985.648906693
Portfolio 2,8955,0.0
Portfolio 2,8956,20773012.459763967
Portfolio 2,8957,20871686.018701956
Portfolio 2,8958,23049008.552401587
Portfolio 2,8959,34325438.341719225
Portfolio 2,8960,15201817.435149617
Portfolio 2,8961,4645776.186764995
Portfolio 2,8962,39568156.01307646
Portfolio 2,8963,18226223.6516528
Portfolio 2,8964,0.0
Portfolio 2,8965,0.0
Portfolio 2,8966,0.0
Portfolio 2,8967,31415512.94811979
Portfolio 2,8968,29439370.167642757
Portfolio 2,8969,0.0
Portfolio 2,8970,59192086.44808334
Portfolio 2,8971,13189289.29646699
Portfolio 2,8972,0.0
Portfolio 2,8973,8367052.55026625
Portfolio 2,8974,15199283.140644096
Portfolio 2,8975,0.0
Portfolio 2,8976,9755523.30312597
Portfolio 2,8977,46544834.342150435
Portfolio 2,8978,0.0
Portfolio 2,8979,26830946.69405599
Portfolio 2,8980,0.0
Portfolio 2,8981,0.0
Portfolio 2,8982,0.0
Portfolio 2,8983,49162747.47721599
Portfolio 2,8984,0.0
Portfolio 2,8985,15858922.702754952
Portfolio 2,8986,27958923.91702576
Portfolio 2,8987,16501031.23593956
Portfolio 2,8988,0.0
Portfolio 2,8989,0.0
Portfolio 2,8990,0.0
Portfolio 2,8991,8367052.55026625
Portfolio 2,8992,72853256.23231108
Portfolio 2,8993,18763324.314525187
Portfolio 2,8994,6498766.752669321
Portfolio 2,8995,0.0
Portfolio 2,8996,24584085.890152995
Portfolio 2,8997,13449249.680673582
Portfolio 2,8998,0.0
Portfolio 2,8999,0.0
Portfolio 2,9000,65474359.11666709
Portfolio 2,9001,18763324.314525187
Portfolio 2,9002,0.0
Portfolio 2,9003,9755523.30312597
Portfolio 2,9004,0.0
Portfolio 2,9005,0.0
Portfolio 2,9006,85469157.57482283
Portfolio 2,9007,74295199.3756215
Portfolio 2,9008,0.0
Portfolio 2,9009,26309278.305866238
Portfolio 2,9010,0.0
Portfolio 2,9011,11204092.281538276
Portfolio 2,9012,0.0
Portfolio 2,9013,51606071.53905969
Portfolio 2,9014,19988858.71067782
Portfolio 2,9015,23049008.552401587
Portfolio 2,9016,0.0
Portfolio 2,9017,0.0
Portfolio 2,9018,31737715.02742091
Portfolio 2,9019,16622579.30751163
Portfolio 2,9020,0.0
Portfolio 2,9021,0.0
Portfolio 2,9022,0.0
Portfolio 2,9023,0.0
Portfolio 2,9024,0.0
Portfolio 2,9025,51486017.57677282
Portfolio 2,9026,15199283.140644096
Portfolio 2,9027,0.0
Portfolio 2,9028,15199283.140644096
Portfolio 2,9029,0.0
Portfolio 2,9030,9755523.30312597
Portfolio 2,9031,0.0
Portfolio 2,9032,0.0
Portfolio 2,9033,0.0
Portfolio 2,9034,87898106.86489731
Portfolio 2,9035,38371553.06222937
Portfolio 2,9036,0.0
Portfolio 2,9037,15817893.367368415
Portfolio 2,9038,58515750.77982608
Portfolio 2,9039,47206437.04114848
Portfolio 2,9040,32540168.169704363
Portfolio 2,9041,0.0
Portfolio 2,9042,0.0
Portfolio 2,9043,0.0
Portfolio 2,9044,36489889.94661738
Portfolio 2,9045,23529019.079311658
Portfolio 2,9046,28391106.73161661
Portfolio 2,9047,0.0
Portfolio 2,9048,0.0
Portfolio 2,9049,8083054.654213435
Portfolio 2,9050,66833586.16319145
Portfolio 2,9051,0.0
Portfolio 2,9052,49176442.663574696
Portfolio 2,9053,0.0
Portfolio 2,9054,0.0
Portfolio 2,9055,0.0
Portfolio 2,9056,0.0
Portfolio 2,9057,15345518.185576415
Portfolio 2,9058,19591510.215604074
Portfolio 2,9059,0.0
Portfolio 2,9060,0.0
Portfolio 2,9061,0.0
Portfolio 2,9062,8367052.55026625
Portfolio 2,9063,6498766.752669321
Portfolio 2,9064,0.0
Portfolio 2,9065,0.0
Portfolio 2,9066,0.0
Portfolio 2,9067,0.0
Portfolio 2,9068,0.0
Portfolio 2,9069,0.0
Portfolio 2,9070,0.0
Portfolio 2,9071,0.0
Portfolio 2,9072,0.0
Portfolio 2,9073,36989547.966177985
Portfolio 2,9074,0.0
Portfolio 2,9075,31675473.332326382
Portfolio 2,9076,18095025.867438577
Portfolio 2,9077,15201817.435149617
Portfolio 2,9078,0.0
Portfolio 2,9079,15201817.435149617
Portfolio 2,9080,21780384.239728265
Portfolio 2,9081,0.0
Portfolio 2,9082,65602458.80533832
Portfolio 2,9083,72034391.59090522
Portfolio 2,9084,0.0
Portfolio 2,9085,0.0
Portfolio 2,9086,35833781.19399115
Portfolio 2,9087,26378102.610637598
Portfolio 2,9088,0.0
Portfolio 2,9089,18763324.314525187
Portfolio 2,9090,12728830.840978429
Portfolio 2,9091,0.0
Portfolio 2,9092,0.0
Portfolio 2,9093,33261844.325962238
Portfolio 2,9094,26593276.201919053
Portfolio 2,9095,0.0
Portfolio 2,9096,11213146.515989957
Portfolio 2,9097,0.0
Portfolio 2,9098,15817893.367368415
Portfolio 2,9099,0.0
Portfolio 2,9100,98191491.21962366
Portfolio 2,9101,0.0
Portfolio 2,9102,0.0
Portfolio 2,9103,0.0
Portfolio 2,9104,0.0
Portfolio 2,9105,17134608.052963268
Portfolio 2,9106,0.0
Portfolio 2,9107,0.0
Portfolio 2,9108,15115135.719909279
Portfolio 2,9109,83462803.95984519
Portfolio 2,9110,0.0
Portfolio 2,9111,0.0
Portfolio 2,9112,37469701.05505549
Portfolio 2,9113,18226223.6516528
Portfolio 2,9114,0.0
Portfolio 2,9115,0.0
Portfolio 2,9116,6394411.026348391
Portfolio 2,9117,0.0
Portfolio 2,9118,17835065.483231984
Portfolio 2,9119,0.0
Portfolio 2,9120,18226223.6516528
Portfolio 2,9121,6578681.478572828
Portfolio 2,9122,16501031.23593956
Portfolio 2,9123,0.0
Portfolio 2,9124,8083054.654213435
Portfolio 2,9125,0.0
Portfolio 2,9126,0.0
Portfolio 2,9127,39221460.01491695
Portfolio 2,9128,16622579.30751163
Portfolio 2,9129,12357574.877490142
Portfolio 2,9130,16039136.9337648
Portfolio 2,9131,17511820.079356894
Portfolio 2,9132,0.0
Portfolio 2,9133,34277574.90438439
Portfolio 2,9134,0.0
Portfolio 2,9135,13189289.29646699
Portfolio 2,9136,19580199.066256206
Portfolio 2,9137,15817893.367368415
Portfolio 2,9138,0.0
Portfolio 2,9139,4645776.186764995
Portfolio 2,9140,35398092.433624625
Portfolio 2,9141,15201817.435149617
Portfolio 2,9142,0.0
Portfolio 2,9143,0.0
Portfolio 2,9144,6578681.478572828
Portfolio 2,9145,0.0
Portfolio 2,9146,0.0
Portfolio 2,9147,31945129.640367385
Portfolio 2,9148,0.0
Portfolio 2,9149,0.0
Portfolio 2,9150,22521647.29934736
Portfolio 2,9151,0.0
Portfolio 2,9152,52648377.47963055
Portfolio 2,9153,0.0
Portfolio 2,9154,0.0
Portfolio 2,9155,50051988.24906126
Portfolio 2,9156,0.0
Portfolio 2,9157,39592664.718649365
Portfolio 2,9158,0.0
Portfolio 2,9159,33137346.1801392
Portfolio 2,9160,0.0
Portfolio 2,9161,39848769.92899874
Portfolio 2,9162,0.0
Portfolio 2,9163,16622579.30751163
Portfolio 2,9164,0.0
Portfolio 2,9165,0.0
Portfolio 2,9166,0.0
Portfolio 2,9167,0.0
Portfolio 2,9168,0.0
Portfolio 2,9169,0.0
Portfolio 2,9170,90397873.6687115
Portfolio 2,9171,116063838.13188186
Portfolio 2,9172,11213146.515989957
Portfolio 2,9173,0.0
Portfolio 2,9174,24653341.96221186
Portfolio 2,9175,0.0
Portfolio 2,9176,6498766.752669321
Portfolio 2,9177,14581821.406882755
Portfolio 2,9178,52431767.04722145
Portfolio 2,9179,0.0
Portfolio 2,9180,0.0
Portfolio 2,9181,18423536.62888647
Portfolio 2,9182,0.0
Portfolio 2,9183,24652652.896542758
Portfolio 2,9184,0.0
Portfolio 2,9185,0.0
Portfolio 2,9186,59913183.27227947
Portfolio 2,9187,0.0
Portfolio 2,9188,37186860.943411656
Portfolio 2,9189,0.0
Portfolio 2,9190,0.0
Portfolio 2,9191,18763324.314525187
Portfolio 2,9192,0.0
Portfolio 2,9193,0.0
Portfolio 2,9194,0.0
Portfolio 2,9195,0.0
Portfolio 2,9196,23570721.3934801
Portfolio 2,9197,26128189.046596855
Portfolio 2,9198,0.0
Portfolio 2,9199,6394411.026348391
Portfolio 2,9200,11204092.281538276
Portfolio 2,9201,0.0
Portfolio 2,9202,0.0
Portfolio 2,9203,0.0
Portfolio 2,9204,0.0
Portfolio 2,9205,15817893.367368415
Portfolio 2,9206,28055108.59940256
Portfolio 2,9207,0.0
Portfolio 2,9208,0.0
Portfolio 2,9209,0.0
Portfolio 2,9210,23561037.297853224
Portfolio 2,9211,8083054.654213435
Portfolio 2,9212,0.0
Portfolio 2,9213,0.0
Portfolio 2,9214,0.0
Portfolio 2,9215,0.0
Portfolio 2,9216,0.0
Portfolio 2,9217,0.0
Portfolio 2,9218,76966737.73401088
Portfolio 2,9219,6394411.026348391
Portfolio 2,9220,36750956.45549541
Portfolio 2,9221,24634634.897442818
Portfolio 2,9222,55382899.74600895
Portfolio 2,9223,0.0
Portfolio 2,9224,0.0
Portfolio 2,9225,6498766.752669321
Portfolio 2,9226,0.0
Portfolio 2,9227,0.0
Portfolio 2,9228,0.0
Portfolio 2,9229,26202118.033498235
Portfolio 2,9230,14661736.132786263
Portfolio 2,9231,35909726.24326334
Portfolio 2,9232,0.0
Portfolio 2,9233,0.0
Portfolio 2,9234,31001912.037365396
Portfolio 2,9235,0.0
Portfolio 2,9236,0.0
Portfolio 2,9237,0.0
Portfolio 2,9238,18423536.62888647
Portfolio 2,9239,0.0
Portfolio 2,9240,0.0
Portfolio 2,9241,58492750.25885382
Portfolio 2,9242,0.0
Portfolio 2,9243,0.0
Portfolio 2,9244,35558144.68184973
Portfolio 2,9245,16622579.30751163
Portfolio 2,9246,18226223.6516528
Portfolio 2,9247,66212351.22804183
Portfolio 2,9248,0.0
Portfolio 2,9249,0.0
Portfolio 2,9250,13189289.29646699
Portfolio 2,9251,12357574.877490142
Portfolio 2,9252,0.0
Portfolio 2,9253,28651067.1158232
Portfolio 2,9254,0.0
Portfolio 2,9255,0.0
Portfolio 2,9256,0.0
Portfolio 2,9257,0.0
Portfolio 2,9258,11204092.281538276
Portfolio 2,9259,0.0
Portfolio 2,9260,0.0
Portfolio 2,9261,0.0
Portfolio 2,9262,15201817.435149617
Portfolio 2,9263,0.0
Portfolio 2,9264,0.0
Portfolio 2,9265,122220863.69843794
Portfolio 2,9266,0.0
Portfolio 2,9267,23566335.690910347
Portfolio 2,9268,11144542.939434316
Portfolio 2,9269,28911503.184246197
Portfolio 2,9270,29492182.930453412
Portfolio 2,9271,28388572.437111087
Portfolio 2,9272,21509546.74625767
Portfolio 2,9273,22396574.84594124
Portfolio 2,9274,13449249.680673582
Portfolio 2,9275,0.0
Portfolio 2,9276,0.0
Portfolio 2,9277,0.0
Portfolio 2,9278,0.0
Portfolio 2,9279,26415287.955567777
Portfolio 2,9280,0.0
Portfolio 2,9281,22417238.797528233
Portfolio 2,9282,15201817.435149617
Portfolio 2,9283,31415512.94811979
Portfolio 2,9284,0.0
Portfolio 2,9285,0.0
Portfolio 2,9286,9755523.30312597
Portfolio 2,9287,21444500.7815084
Portfolio 2,9288,18423536.62888647
Portfolio 2,9289,0.0
Portfolio 2,9290,17134608.052963268
Portfolio 2,9291,0.0
Portfolio 2,9292,17134608.052963268
Portfolio 2,9293,0.0
Portfolio 2,9294,0.0
Portfolio 2,9295,29449050.192104027
Portfolio 2,9296,0.0
Portfolio 2,9297,33625354.064036086
Portfolio 2,9298,3036620.5354699735
Portfolio 2,9299,0.0
Portfolio 2,9300,0.0
Portfolio 2,9301,0.0
Portfolio 2,9302,22396574.84594124
Portfolio 2,9303,0.0
Portfolio 2,9304,11213146.515989957
Portfolio 2,9305,0.0
Portfolio 2,9306,0.0
Portfolio 2,9307,15115135.719909279
Portfolio 2,9308,0.0
Portfolio 2,9309,0.0
Portfolio 2,9310,0.0
Portfolio 2,9311,0.0
Portfolio 2,9312,0.0
Portfolio 2,9313,0.0
Portfolio 2,9314,69516203.48440233
Portfolio 2,9315,16622579.30751163
Portfolio 2,9316,0.0
Portfolio 2,9317,4645776.186764995
Portfolio 2,9318,0.0
Portfolio 2,9319,0.0
Portfolio 2,9320,0.0
Portfolio 2,9321,0.0
Portfolio 2,9322,0.0
Portfolio 2,9323,0.0
Portfolio 2,9324,0.0
Portfolio 2,9325,16127236.27299897
Portfolio 2,9326,0.0
Portfolio 2,9327,27213805.32192947
Portfolio 2,9328,0.0
Portfolio 2,9329,23198190.374122713
Portfolio 2,9330,0.0
Portfolio 2,9331,0.0
Portfolio 2,9332,16450107.204479685
Portfolio 2,9333,15115135.719909279
Portfolio 2,9334,0.0
Portfolio 2,9335,0.0
Portfolio 2,9336,6498766.752669321
Portfolio 2,9337,16039136.9337648
Portfolio 2,9338,31872786.309560053
Portfolio 2,9339,6394411.026348391
Portfolio 2,9340,0.0
Portfolio 2,9341,0.0
Portfolio 2,9342,15817893.367368415
Portfolio 2,9343,0.0
Portfolio 2,9344,26358571.51226399
Portfolio 2,9345,3036620.5354699735
Portfolio 2,9346,21739929.211924806
Portfolio 2,9347,44566720.20651883
Portfolio 2,9348,0.0
Portfolio 2,9349,0.0
Portfolio 2,9350,0.0
Portfolio 2,9351,0.0
Portfolio 2,9352,15817893.367368415
Portfolio 2,9353,18423536.62888647
Portfolio 2,9354,6578681.478572828
Portfolio 2,9355,13077448.23124215
Portfolio 2,9356,0.0
Portfolio 2,9357,21596228.461498007
Portfolio 2,9358,0.0
Portfolio 2,9359,32749815.5805106
Portfolio 2,9360,0.0
Portfolio 2,9361,0.0
Portfolio 2,9362,0.0
Portfolio 2,9363,0.0
Portfolio 2,9364,35698336.7767464
Portfolio 2,9365,0.0
Portfolio 2,9366,55229589.2175892
Portfolio 2,9367,34353459.92465177
Portfolio 2,9368,32985093.946456328
Portfolio 2,9369,91910554.38695537
Portfolio 2,9370,17134608.052963268
Portfolio 2,9371,0.0
Portfolio 2,9372,49990720.944435224
Portfolio 2,9373,0.0
Portfolio 2,9374,0.0
Portfolio 2,9375,0.0
Portfolio 2,9376,0.0
Portfolio 2,9377,15658829.513452569
Portfolio 2,9378,0.0
Portfolio 2,9379,0.0
Portfolio 2,9380,26858080.580481797
Portfolio 2,9381,0.0
Portfolio 2,9382,69868800.0055504
Portfolio 2,9383,15817893.367368415
Portfolio 2,9384,59951102.005429804
Portfolio 2,9385,0.0
Portfolio 2,9386,8083054.654213435
Portfolio 2,9387,16501031.23593956
Portfolio 2,9388,37999349.87729386
Portfolio 2,9389,15201817.435149617
Portfolio 2,9390,54400214.939404905
Portfolio 2,9391,0.0
Portfolio 2,9392,0.0
Portfolio 2,9393,0.0
Portfolio 2,9394,0.0
Portfolio 2,9395,76634109.67037602
Portfolio 2,9396,0.0
Portfolio 2,9397,17134608.052963268
Portfolio 2,9398,0.0
Portfolio 2,9399,16127236.27299897
Portfolio 2,9400,36555152.30908797
Portfolio 2,9401,0.0
Portfolio 2,9402,0.0
Portfolio 2,9403,0.0
Portfolio 2,9404,0.0
Portfolio 2,9405,0.0
Portfolio 2,9406,6498766.752669321
Portfolio 2,9407,6498766.752669321
Portfolio 2,9408,16127236.27299897
Portfolio 2,9409,0.0
Portfolio 2,9410,13449249.680673582
Portfolio 2,9411,15201817.435149617
Portfolio 2,9412,20463669.554133408
Portfolio 2,9413,19615718.541356947
Portfolio 2,9414,0.0
Portfolio 2,9415,11013053.326687574
Portfolio 2,9416,0.0
Portfolio 2,9417,0.0
Portfolio 2,9418,0.0
Portfolio 2,9419,16622579.30751163
Portfolio 2,9420,18763324.314525187
Portfolio 2,9421,3036620.5354699735
Portfolio 2,9422,0.0
Portfolio 2,9423,9289187.814006878
Portfolio 2,9424,27950752.873081632
Portfolio 2,9425,0.0
Portfolio 2,9426,15115135.719909279
Portfolio 2,9427,0.0
Portfolio 2,9428,0.0
Portfolio 2,9429,15201817.435149617
Portfolio 2,9430,0.0
Portfolio 2,9431,0.0
Portfolio 2,9432,21056147.159134652
Portfolio 2,9433,0.0
Portfolio 2,9434,11013053.326687574
Portfolio 2,9435,24724990.404322125
Portfolio 2,9436,50929697.52128896
Portfolio 2,9437,0.0
Portfolio 2,9438,0.0
Portfolio 2,9439,15115135.719909279
Portfolio 2,9440,44218196.86577724
Portfolio 2,9441,0.0
Portfolio 2,9442,15199283.140644096
Portfolio 2,9443,9289187.814006878
Portfolio 2,9444,0.0
Portfolio 2,9445,71359091.83928086
Portfolio 2,9446,0.0
Portfolio 2,9447,16622579.30751163
Portfolio 2,9448,0.0
Portfolio 2,9449,0.0
Portfolio 2,9450,0.0
Portfolio 2,9451,37595857.986585334
Portfolio 2,9452,0.0
Portfolio 2,9453,24406189.48403105
Portfolio 2,9454,0.0
Portfolio 2,9455,36941660.76764314
Portfolio 2,9456,28794767.866249997
Portfolio 2,9457,26506591.283099905
Portfolio 2,9458,11119675.189683408
Portfolio 2,9459,0.0
Portfolio 2,9460,0.0
Portfolio 2,9461,0.0
Portfolio 2,9462,0.0
Portfolio 2,9463,0.0
Portfolio 2,9464,33321858.994036317
Portfolio 2,9465,0.0
Portfolio 2,9466,16501031.23593956
Portfolio 2,9467,0.0
Portfolio 2,9468,6394411.026348391
Portfolio 2,9469,17134608.052963268
Portfolio 2,9470,0.0
Portfolio 2,9471,8367052.55026625
Portfolio 2,9472,32440472.674880043
Portfolio 2,9473,0.0
Portfolio 2,9474,0.0
Portfolio 2,9475,19988858.71067782
Portfolio 2,9476,0.0
Portfolio 2,9477,13189289.29646699
Portfolio 2,9478,0.0
Portfolio 2,9479,16501031.23593956
Portfolio 2,9480,27620706.42562297
Portfolio 2,9481,17134608.052963268
Portfolio 2,9482,13449249.680673582
Portfolio 2,9483,0.0
Portfolio 2,9484,0.0
Portfolio 2,9485,0.0
Portfolio 2,9486,0.0
Portfolio 2,9487,0.0
Portfolio 2,9488,13189289.29646699
Portfolio 2,9489,41196872.27463838
Portfolio 2,9490,15199283.140644096
Portfolio 2,9491,26638538.977140572
Portfolio 2,9492,0.0
Portfolio 2,9493,19988858.71067782
Portfolio 2,9494,0.0
Portfolio 2,9495,0.0
Portfolio 2,9496,0.0
Portfolio 2,9497,0.0
Portfolio 2,9498,0.0
Portfolio 2,9499,16501031.23593956
Portfolio 2,9500,46835237.67941644
Portfolio 2,9501,50501039.341946095
Portfolio 2,9502,0.0
Portfolio 2,9503,0.0
Portfolio 2,9504,38362508.519436434
Portfolio 2,9505,33284542.382437628
Portfolio 2,9506,0.0
Portfolio 2,9507,0.0
Portfolio 2,9508,0.0
Portfolio 2,9509,16501031.23593956
Portfolio 2,9510,19988858.71067782
Portfolio 2,9511,0.0
Portfolio 2,9512,49917596.96819927
Portfolio 2,9513,0.0
Portfolio 2,9514,21924199.664149243
Portfolio 2,9515,0.0
Portfolio 2,9516,16622579.30751163
Portfolio 2,9517,0.0
Portfolio 2,9518,0.0
Portfolio 2,9519,6578681.478572828
Portfolio 2,9520,0.0
Portfolio 2,9521,16622579.30751163
Portfolio 2,9522,0.0
Portfolio 2,9523,0.0
Portfolio 2,9524,0.0
Portfolio 2,9525,15817893.367368415
Portfolio 2,9526,0.0
Portfolio 2,9527,0.0
Portfolio 2,9528,0.0
Portfolio 2,9529,0.0
Portfolio 2,9530,0.0
Portfolio 2,9531,0.0
Portfolio 2,9532,0.0
Portfolio 2,9533,0.0
Portfolio 2,9534,64748126.81038779
Portfolio 2,9535,0.0
Portfolio 2,9536,28858606.113429703
Portfolio 2,9537,0.0
Portfolio 2,9538,16485870.216143556
Portfolio 2,9539,0.0
Portfolio 2,9540,140513677.81284615
Portfolio 2,9541,21596228.461498007
Portfolio 2,9542,27463160.53116726
Portfolio 2,9543,19845059.32740909
Portfolio 2,9544,34911240.39537907
Portfolio 2,9545,16501031.23593956
Portfolio 2,9546,22927460.48082952
Portfolio 2,9547,15345518.185576415
Portfolio 2,9548,0.0
Portfolio 2,9549,37937720.63532456
Portfolio 2,9550,0.0
Portfolio 2,9551,0.0
Portfolio 2,9552,29776377.64121276
Portfolio 2,9553,13449249.680673582
Portfolio 2,9554,0.0
Portfolio 2,9555,0.0
Portfolio 2,9556,45149564.05725724
Portfolio 2,9557,32711103.22000099
Portfolio 2,9558,25794660.23689077
Portfolio 2,9559,0.0
Portfolio 2,9560,14509483.899103392
Portfolio 2,9561,19988858.71067782
Portfolio 2,9562,0.0
Portfolio 2,9563,20440629.531703576
Portfolio 2,9564,4645776.186764995
Portfolio 2,9565,0.0
Portfolio 2,9566,22465566.17865476
Portfolio 2,9567,0.0
Portfolio 2,9568,18763324.314525187
Portfolio 2,9569,0.0
Portfolio 2,9570,18763324.314525187
Portfolio 2,9571,0.0
Portfolio 2,9572,9755523.30312597
Portfolio 2,9573,4645776.186764995
Portfolio 2,9574,8083054.654213435
Portfolio 2,9575,51961017.46699011
Portfolio 2,9576,0.0
Portfolio 2,9577,50538573.16311164
Portfolio 2,9578,47718859.90104001
Portfolio 2,9579,8083054.654213435
Portfolio 2,9580,0.0
Portfolio 2,9581,0.0
Portfolio 2,9582,18763324.314525187
Portfolio 2,9583,18226223.6516528
Portfolio 2,9584,66391545.44765277
Portfolio 2,9585,11213146.515989957
Portfolio 2,9586,12357574.877490142
Portfolio 2,9587,0.0
Portfolio 2,9588,0.0
Portfolio 2,9589,16622579.30751163
Portfolio 2,9590,8083054.654213435
Portfolio 2,9591,19044711.11713285
Portfolio 2,9592,0.0
Portfolio 2,9593,0.0
Portfolio 2,9594,0.0
Portfolio 2,9595,0.0
Portfolio 2,9596,32440472.674880043
Portfolio 2,9597,15867869.292579707
Portfolio 2,9598,73792263.16782251
Portfolio 2,9599,0.0
Portfolio 2,9600,8083054.654213435
Portfolio 2,9601,0.0
Portfolio 2,9602,8083054.654213435
Portfolio 2,9603,0.0
Portfolio 2,9604,17134608.052963268
Portfolio 2,9605,4645776.186764995
Portfolio 2,9606,0.0
Portfolio 2,9607,6498766.752669321
Portfolio 2,9608,6578681.478572828
Portfolio 2,9609,13077448.23124215
Portfolio 2,9610,0.0
Portfolio 2,9611,97416220.85913178
Portfolio 2,9612,0.0
Portfolio 2,9613,44991076.818137124
Portfolio 2,9614,0.0
Portfolio 2,9615,13449249.680673582
Portfolio 2,9616,0.0
Portfolio 2,9617,13449249.680673582
Portfolio 2,9618,15817893.367368415
Portfolio 2,9619,0.0
Portfolio 2,9620,16622579.30751163
Portfolio 2,9621,0.0
Portfolio 2,9622,0.0
Portfolio 2,9623,0.0
Portfolio 2,9624,0.0
Portfolio 2,9625,22895442.262287952
Portfolio 2,9626,3036620.5354699735
Portfolio 2,9627,0.0
Portfolio 2,9628,16622579.30751163
Portfolio 2,9629,16039136.9337648
Portfolio 2,9630,0.0
Portfolio 2,9631,20903894.925451785
Portfolio 2,9632,33178148.00714481
Portfolio 2,9633,28388572.437111087
Portfolio 2,9634,0.0
Portfolio 2,9635,0.0
Portfolio 2,9636,17630521.526428234
Portfolio 2,9637,48328471.85751109
Portfolio 2,9638,0.0
Portfolio 2,9639,33326244.69660607
Portfolio 2,9640,42095428.25258248
Portfolio 2,9641,6426429.244889958
Portfolio 2,9642,16039136.9337648
Portfolio 2,9643,11213146.515989957
Portfolio 2,9644,0.0
Portfolio 2,9645,0.0
Portfolio 2,9646,15345518.185576415
Portfolio 2,9647,0.0
Portfolio 2,9648,0.0
Portfolio 2,9649,0.0
Portfolio 2,9650,37314915.61576573
Portfolio 2,9651,0.0
Portfolio 2,9652,52211041.812024176
Portfolio 2,9653,12357574.877490142
Portfolio 2,9654,0.0
Portfolio 2,9655,16127236.27299897
Portfolio 2,9656,0.0
Portfolio 2,9657,24122191.587978236
Portfolio 2,9658,0.0
Portfolio 2,9659,0.0
Portfolio 2,9660,41228890.49317995
Portfolio 2,9661,0.0
Portfolio 2,9662,56867433.02192317
Portfolio 2,9663,9755523.30312597
Portfolio 2,9664,11204092.281538276
Portfolio 2,9665,0.0
Portfolio 2,9666,0.0
Portfolio 2,9667,0.0
Portfolio 2,9668,0.0
Portfolio 2,9669,8367052.55026625
Portfolio 2,9670,0.0
Portfolio 2,9671,0.0
Portfolio 2,9672,15849868.46830327
Portfolio 2,9673,0.0
Portfolio 2,9674,11213146.515989957
Portfolio 2,9675,0.0
Portfolio 2,9676,18423536.62888647
Portfolio 2,9677,0.0
Portfolio 2,9678,0.0
Portfolio 2,9679,0.0
Portfolio 2,9680,0.0
Portfolio 2,9681,52453580.28943406
Portfolio 2,9682,0.0
Portfolio 2,9683,0.0
Portfolio 2,9684,0.0
Portfolio 2,9685,0.0
Portfolio 2,9686,43037867.26307941
Portfolio 2,9687,60818653.2999116
Portfolio 2,9688,0.0
Portfolio 2,9689,0.0
Portfolio 2,9690,0.0
Portfolio 2,9691,12357574.877490142
Portfolio 2,9692,0.0
Portfolio 2,9693,0.0
Portfolio 2,9694,23409100.50129018
Portfolio 2,9695,19988858.71067782
Portfolio 2,9696,0.0
Portfolio 2,9697,0.0
Portfolio 2,9698,11013053.326687574
Portfolio 2,9699,38215082.36233062
Portfolio 2,9700,0.0
Portfolio 2,9701,16127236.27299897
Portfolio 2,9702,51685380.95484871
Portfolio 2,9703,0.0
Portfolio 2,9704,0.0
Portfolio 2,9705,12357574.877490142
Portfolio 2,9706,0.0
Portfolio 2,9707,0.0
Portfolio 2,9708,0.0
Portfolio 2,9709,0.0
Portfolio 2,9710,0.0
Portfolio 2,9711,107276005.79457523
Portfolio 2,9712,0.0
Portfolio 2,9713,51640783.35030713
Portfolio 2,9714,0.0
Portfolio 2,9715,6394411.026348391
Portfolio 2,9716,42820259.23738711
Portfolio 2,9717,0.0
Portfolio 2,9718,0.0
Portfolio 2,9719,29436589.955574043
Portfolio 2,9720,0.0
Portfolio 2,9721,0.0
Portfolio 2,9722,51227278.78508672
Portfolio 2,9723,15817893.367368415
Portfolio 2,9724,0.0
Portfolio 2,9725,19988858.71067782
Portfolio 2,9726,0.0
Portfolio 2,9727,0.0
Portfolio 2,9728,22316660.120037735
Portfolio 2,9729,25101041.488702387
Portfolio 2,9730,37659540.60788599
Portfolio 2,9731,27140289.599686544
Portfolio 2,9732,0.0
Portfolio 2,9733,0.0
Portfolio 2,9734,56189560.24956684
Portfolio 2,9735,0.0
Portfolio 2,9736,0.0
Portfolio 2,9737,0.0
Portfolio 2,9738,15115135.719909279
Portfolio 2,9739,11204092.281538276
Portfolio 2,9740,15201817.435149617
Portfolio 2,9741,0.0
Portfolio 2,9742,6498766.752669321
Portfolio 2,9743,0.0
Portfolio 2,9744,55506796.7993958
Portfolio 2,9745,8083054.654213435
Portfolio 2,9746,17511820.079356894
Portfolio 2,9747,6394411.026348391
Portfolio 2,9748,29811868.60397862
Portfolio 2,9749,19988858.71067782
Portfolio 2,9750,36083805.53902521
Portfolio 2,9751,42860929.651236095
Portfolio 2,9752,0.0
Portfolio 2,9753,47151896.751636274
Portfolio 2,9754,48523666.192721225
Portfolio 2,9755,0.0
Portfolio 2,9756,34238625.762137756
Portfolio 2,9757,0.0
Portfolio 2,9758,6426429.244889958
Portfolio 2,9759,18122575.85339222
Portfolio 2,9760,0.0
Portfolio 2,9761,18763324.314525187
Portfolio 2,9762,13189289.29646699
Portfolio 2,9763,0.0
Portfolio 2,9764,0.0
Portfolio 2,9765,13189289.29646699
Portfolio 2,9766,0.0
Portfolio 2,9767,0.0
Portfolio 2,9768,0.0
Portfolio 2,9769,11013053.326687574
Portfolio 2,9770,0.0
Portfolio 2,9771,0.0
Portfolio 2,9772,0.0
Portfolio 2,9773,0.0
Portfolio 2,9774,0.0
Portfolio 2,9775,0.0
Portfolio 2,9776,0.0
Portfolio 2,9777,23201260.78608446
Portfolio 2,9778,0.0
Portfolio 2,9779,0.0
Portfolio 2,9780,13189289.29646699
Portfolio 2,9781,0.0
Portfolio 2,9782,54280071.08853485
Portfolio 2,9783,18423536.62888647
Portfolio 2,9784,29776377.64121276
Portfolio 2,9785,61383836.21212256
Portfolio 2,9786,15345518.185576415
Portfolio 2,9787,0.0
Portfolio 2,9788,19988858.71067782
Portfolio 2,9789,0.0
Portfolio 2,9790,0.0
Portfolio 2,9791,0.0
Portfolio 2,9792,16622579.30751163
Portfolio 2,9793,21788606.43930851
Portfolio 2,9794,11213146.515989957
Portfolio 2,9795,26846378.968738623
Portfolio 2,9796,0.0
Portfolio 2,9797,0.0
Portfolio 2,9798,6426429.244889958
Portfolio 2,9799,0.0
Portfolio 2,9800,0.0
Portfolio 2,9801,19843660.707021974
Portfolio 2,9802,6426429.244889958
Portfolio 2,9803,11213146.515989957
Portfolio 2,9804,8367052.55026625
Portfolio 2,9805,0.0
Portfolio 2,9806,0.0
Portfolio 2,9807,37769386.73021618
Portfolio 2,9808,16127236.27299897
Portfolio 2,9809,4645776.186764995
Portfolio 2,9810,16622579.30751163
Portfolio 2,9811,0.0
Portfolio 2,9812,15199283.140644096
Portfolio 2,9813,15345518.185576415
Portfolio 2,9814,0.0
Portfolio 2,9815,8083054.654213435
Portfolio 2,9816,0.0
Portfolio 2,9817,0.0
Portfolio 2,9818,0.0
Portfolio 2,9819,12357574.877490142
Portfolio 2,9820,31001912.037365396
Portfolio 2,9821,16501031.23593956
Portfolio 2,9822,0.0
Portfolio 2,9823,0.0
Portfolio 2,9824,53094679.027121104
Portfolio 2,9825,0.0
Portfolio 2,9826,0.0
Portfolio 2,9827,24922303.38155579
Portfolio 2,9828,43294195.65192172
Portfolio 2,9829,63169888.8061007
Portfolio 2,9830,11013053.326687574
Portfolio 2,9831,9289187.814006878
Portfolio 2,9832,0.0
Portfolio 2,9833,35806752.07804623
Portfolio 2,9834,0.0
Portfolio 2,9835,0.0
Portfolio 2,9836,0.0
Portfolio 2,9837,18226223.6516528
Portfolio 2,9838,13189289.29646699
Portfolio 2,9839,0.0
Portfolio 2,9840,0.0
Portfolio 2,9841,16127236.27299897
Portfolio 2,9842,18763324.314525187
Portfolio 2,9843,16622579.30751163
Portfolio 2,9844,12357574.877490142
Portfolio 2,9845,11013053.326687574
Portfolio 2,9846,0.0
Portfolio 2,9847,0.0
Portfolio 2,9848,0.0
Portfolio 2,9849,36054058.155314706
Portfolio 2,9850,0.0
Portfolio 2,9851,32212573.99519877
Portfolio 2,9852,18226223.6516528
Portfolio 2,9853,0.0
Portfolio 2,9854,0.0
Portfolio 2,9855,0.0
Portfolio 2,9856,31821862.448155724
Portfolio 2,9857,6578681.478572828
Portfolio 2,9858,0.0
Portfolio 2,9859,16622579.30751163
Portfolio 2,9860,15201817.435149617
Portfolio 2,9861,19991294.37234141
Portfolio 2,9862,0.0
Portfolio 2,9863,13449249.680673582
Portfolio 2,9864,23900948.02158185
Portfolio 2,9865,0.0
Portfolio 2,9866,16039136.9337648
Portfolio 2,9867,37374235.21410166
Portfolio 2,9868,0.0
Portfolio 2,9869,16622579.30751163
Portfolio 2,9870,0.0
Portfolio 2,9871,0.0
Portfolio 2,9872,4645776.186764995
Portfolio 2,9873,0.0
Portfolio 2,9874,0.0
Portfolio 2,9875,0.0
Portfolio 2,9876,0.0
Portfolio 2,9877,0.0
Portfolio 2,9878,0.0
Portfolio 2,9879,18226223.6516528
Portfolio 2,9880,29636683.144876428
Portfolio 2,9881,0.0
Portfolio 2,9882,0.0
Portfolio 2,9883,0.0
Portfolio 2,9884,0.0
Portfolio 2,9885,12357574.877490142
Portfolio 2,9886,0.0
Portfolio 2,9887,18226223.6516528
Portfolio 2,9888,0.0
Portfolio 2,9889,0.0
Portfolio 2,9890,23570721.3934801
Portfolio 2,9891,0.0
Portfolio 2,9892,0.0
Portfolio 2,9893,6426429.244889958
Portfolio 2,9894,0.0
Portfolio 2,9895,31472754.458575383
Portfolio 2,9896,8083054.654213435
Portfolio 2,9897,46199065.261184186
Portfolio 2,9898,33261844.325962238
Portfolio 2,9899,6394411.026348391
Portfolio 2,9900,58988919.94441054
Portfolio 2,9901,0.0
Portfolio 2,9902,35103994.4305871
Portfolio 2,9903,16501031.23593956
Portfolio 2,9904,0.0
Portfolio 2,9905,15201817.435149617
Portfolio 2,9906,15345518.185576415
Portfolio 2,9907,0.0
Portfolio 2,9908,6578681.478572828
Portfolio 2,9909,12357574.877490142
Portfolio 2,9910,16039136.9337648
Portfolio 2,9911,0.0
Portfolio 2,9912,0.0
Portfolio 2,9913,0.0
Portfolio 2,9914,0.0
Portfolio 2,9915,0.0
Portfolio 2,9916,0.0
Portfolio 2,9917,0.0
Portfolio 2,9918,56487116.943753
Portfolio 2,9919,0.0
Portfolio 2,9920,18763324.314525187
Portfolio 2,9921,16127236.27299897
Portfolio 2,9922,0.0
Portfolio 2,9923,0.0
Portfolio 2,9924,0.0
Portfolio 2,9925,12357574.877490142
Portfolio 2,9926,13449249.680673582
Portfolio 2,9927,11013053.326687574
Portfolio 2,9928,18226223.6516528
Portfolio 2,9929,0.0
Portfolio 2,9930,11213146.515989957
Portfolio 2,9931,8083054.654213435
Portfolio 2,9932,0.0
Portfolio 2,9933,0.0
Portfolio 2,9934,24817947.65523486
Portfolio 2,9935,0.0
Portfolio 2,9936,49305475.72984921
Portfolio 2,9937,45525714.78457987
Portfolio 2,9938,0.0
Portfolio 2,9939,0.0
Portfolio 2,9940,73817330.06024347
Portfolio 2,9941,0.0
Portfolio 2,9942,0.0
Portfolio 2,9943,0.0
Portfolio 2,9944,0.0
Portfolio 2,9945,22465566.17865476
Portfolio 2,9946,6578681.478572828
Portfolio 2,9947,33360517.884900235
Portfolio 2,9948,28396711.81125494
Portfolio 2,9949,0.0
Portfolio 2,9950,0.0
Portfolio 2,9951,16127236.27299897
Portfolio 2,9952,0.0
Portfolio 2,9953,0.0
Portfolio 2,9954,0.0
Portfolio 2,9955,26415287.955567777
Portfolio 2,9956,0.0
Portfolio 2,9957,37817101.55298172
Portfolio 2,9958,3036620.5354699735
Portfolio 2,9959,76854085.60241935
Portfolio 2,9960,0.0
Portfolio 2,9961,18763324.314525187
Portfolio 2,9962,0.0
Portfolio 2,9963,0.0
Portfolio 2,9964,0.0
Portfolio 2,9965,15201817.435149617
Portfolio 2,9966,17656240.364273127
Portfolio 2,9967,0.0
Portfolio 2,9968,8367052.55026625
Portfolio 2,9969,26383269.73702621
Portfolio 2,9970,0.0
Portfolio 2,9971,0.0
Portfolio 2,9972,42929268.289854035
Portfolio 2,9973,68255608.21458387
Portfolio 2,9974,0.0
Portfolio 2,9975,0.0
Portfolio 2,9976,17134608.052963268
Portfolio 2,9977,0.0
Portfolio 2,9978,0.0
Portfolio 2,9979,43943841.255440585
Portfolio 2,9980,0.0
Portfolio 2,9981,0.0
Portfolio 2,9982,43076189.52542923
Portfolio 2,9983,0.0
Portfolio 2,9984,0.0
Portfolio 2,9985,0.0
Portfolio 2,9986,0.0
Portfolio 2,9987,0.0
Portfolio 2,9988,51915067.066047914
Portfolio 2,9989,20968669.81911593
Portfolio 2,9990,0.0
Portfolio 2,9991,19988858.71067782
Portfolio 2,9992,0.0
Portfolio 2,9993,0.0
Portfolio 2,9994,46299328.12871755
Portfolio 2,9995,3036620.5354699735
Portfolio 2,9996,0.0
Portfolio 2,9997,0.0
Portfolio 2,9998,9755523.30312597
Portfolio 2,9999,9289187.814006878
Portfolio 2,10000,12973092.504921218
