0.000000000000000000e+00
0.000000000000000000e+00
0.000000000000000000e+00
1.443909340519817919e+07
6.316554945955662057e+06
9.435766597191704437e+06
0.000000000000000000e+00
6.316554945955662057e+06
0.000000000000000000e+00
1.533036852571553923e+07
0.000000000000000000e+00
8.868899024300519377e+06
0.000000000000000000e+00
2.601740336854693294e+07
0.000000000000000000e+00
0.000000000000000000e+00
0.000000000000000000e+00
0.000000000000000000e+00
5.395283542444266379e+06
5.960573837092886679e+06
0.000000000000000000e+00
0.000000000000000000e+00
0.000000000000000000e+00
2.156935475666948408e+07
1.811634298404292017e+07
1.962135298258675635e+07
5.182259577388579026e+06
0.000000000000000000e+00
0.000000000000000000e+00
1.751090676442807540e+07
0.000000000000000000e+00
7.613503072815756314e+06
2.845207634448888898e+07
0.000000000000000000e+00
0.000000000000000000e+00
0.000000000000000000e+00
7.613503072815756314e+06
0.000000000000000000e+00
8.959812547470519319e+06
1.503500337544787675e+07
1.512746192996306531e+07
1.533036852571553923e+07
0.000000000000000000e+00
5.960573837092886679e+06
0.000000000000000000e+00
0.000000000000000000e+00
5.960573837092886679e+06
8.181498287766210735e+06
0.000000000000000000e+00
5.182259577388579026e+06
1.745505987844370306e+07
8.868899024300519377e+06
0.000000000000000000e+00
0.000000000000000000e+00
1.084567186195900477e+07
0.000000000000000000e+00
6.316554945955662057e+06
0.000000000000000000e+00
6.316554945955662057e+06
0.000000000000000000e+00
0.000000000000000000e+00
2.251163895660751313e+07
6.316554945955662057e+06
1.134034346093973704e+07
0.000000000000000000e+00
2.545907318334754556e+07
1.443909340519817919e+07
8.868899024300519377e+06
0.000000000000000000e+00
0.000000000000000000e+00
0.000000000000000000e+00
1.315835587065243535e+07
1.652260303832831606e+07
0.000000000000000000e+00
0.000000000000000000e+00
0.000000000000000000e+00
0.000000000000000000e+00
3.971953965729643404e+07
1.134034346093973704e+07
0.000000000000000000e+00
3.909670548554420937e+06
0.000000000000000000e+00
0.000000000000000000e+00
0.000000000000000000e+00
0.000000000000000000e+00
0.000000000000000000e+00
0.000000000000000000e+00
9.435766597191704437e+06
0.000000000000000000e+00
5.182259577388579026e+06
0.000000000000000000e+00
0.000000000000000000e+00
1.625307605094496533e+07
7.613503072815756314e+06
0.000000000000000000e+00
3.284127529014361650e+07
0.000000000000000000e+00
1.182509175399708934e+07
0.000000000000000000e+00
1.084567186195900477e+07
0.000000000000000000e+00
0.000000000000000000e+00
0.000000000000000000e+00
1.568509948861574382e+07
1.751090676442807540e+07
0.000000000000000000e+00
0.000000000000000000e+00
1.533036852571553923e+07
0.000000000000000000e+00
0.000000000000000000e+00
1.924003907426996157e+07
7.384177026644445956e+06
6.316554945955662057e+06
0.000000000000000000e+00
5.182259577388579026e+06
0.000000000000000000e+00
0.000000000000000000e+00
0.000000000000000000e+00
1.529372047383645363e+07
1.134034346093973704e+07
0.000000000000000000e+00
1.865941935122043639e+07
0.000000000000000000e+00
1.512746192996306531e+07
1.533036852571553923e+07
0.000000000000000000e+00
1.130906476716560125e+07
0.000000000000000000e+00
0.000000000000000000e+00
5.444546850261397660e+06
5.285300772892560065e+07
1.134034346093973704e+07
0.000000000000000000e+00
0.000000000000000000e+00
0.000000000000000000e+00
0.000000000000000000e+00
1.900165448788781464e+07
3.112299476575890929e+07
0.000000000000000000e+00
7.384177026644445956e+06
0.000000000000000000e+00
0.000000000000000000e+00
2.108803576705595106e+07
0.000000000000000000e+00
1.022622549451008253e+07
0.000000000000000000e+00
0.000000000000000000e+00
0.000000000000000000e+00
1.050283991122716479e+07
1.512746192996306531e+07
0.000000000000000000e+00
0.000000000000000000e+00
2.817874277315418422e+07
9.435766597191704437e+06
0.000000000000000000e+00
1.834876395375259966e+07
0.000000000000000000e+00
3.066926263508050889e+07
2.149411449808990955e+07
0.000000000000000000e+00
1.962135298258675635e+07
0.000000000000000000e+00
0.000000000000000000e+00
0.000000000000000000e+00
0.000000000000000000e+00
0.000000000000000000e+00
0.000000000000000000e+00
0.000000000000000000e+00
0.000000000000000000e+00
2.048254409148448706e+07
0.000000000000000000e+00
0.000000000000000000e+00
1.443909340519817919e+07
1.419927172399907373e+07
0.000000000000000000e+00
2.399636095426358283e+07
4.215662033624520153e+07
0.000000000000000000e+00
0.000000000000000000e+00
0.000000000000000000e+00
0.000000000000000000e+00
0.000000000000000000e+00
0.000000000000000000e+00
0.000000000000000000e+00
3.189415328364188224e+07
5.620652956120713055e+07
1.474974880266601406e+07
2.999238710377632175e+06
1.648240209711627662e+07
5.395283542444266379e+06
8.868899024300519377e+06
2.601740336854693294e+07
0.000000000000000000e+00
1.443909340519817919e+07
0.000000000000000000e+00
0.000000000000000000e+00
0.000000000000000000e+00
0.000000000000000000e+00
0.000000000000000000e+00
0.000000000000000000e+00
0.000000000000000000e+00
0.000000000000000000e+00
0.000000000000000000e+00
0.000000000000000000e+00
5.960573837092886679e+06
1.050283991122716479e+07
0.000000000000000000e+00
0.000000000000000000e+00
3.157332819700463861e+07
0.000000000000000000e+00
0.000000000000000000e+00
4.151493449703951180e+07
2.052274547240733355e+07
0.000000000000000000e+00
1.315835587065243535e+07
0.000000000000000000e+00
0.000000000000000000e+00
1.217832084175661393e+07
0.000000000000000000e+00
1.050283991122716479e+07
0.000000000000000000e+00
0.000000000000000000e+00
0.000000000000000000e+00
0.000000000000000000e+00
0.000000000000000000e+00
0.000000000000000000e+00
0.000000000000000000e+00
1.134034346093973704e+07
0.000000000000000000e+00
3.909670548554420937e+06
0.000000000000000000e+00
0.000000000000000000e+00
2.999238710377632175e+06
0.000000000000000000e+00
0.000000000000000000e+00
0.000000000000000000e+00
3.006906013355065510e+07
1.530028451409590617e+07
0.000000000000000000e+00
6.316554945955662057e+06
0.000000000000000000e+00
0.000000000000000000e+00
0.000000000000000000e+00
0.000000000000000000e+00
0.000000000000000000e+00
1.130906476716560125e+07
2.637759256575568765e+07
0.000000000000000000e+00
0.000000000000000000e+00
0.000000000000000000e+00
1.362944739369068295e+07
0.000000000000000000e+00
0.000000000000000000e+00
1.334543714574612491e+07
3.909670548554420937e+06
0.000000000000000000e+00
0.000000000000000000e+00
1.745505987844370306e+07
6.316554945955662057e+06
0.000000000000000000e+00
1.745505987844370306e+07
1.533036852571553923e+07
2.899826446559276432e+07
3.909670548554420937e+06
0.000000000000000000e+00
6.316554945955662057e+06
0.000000000000000000e+00
0.000000000000000000e+00
1.419927172399907373e+07
0.000000000000000000e+00
5.864517916904202662e+06
0.000000000000000000e+00
0.000000000000000000e+00
2.678780326434312016e+07
0.000000000000000000e+00
7.384177026644445956e+06
0.000000000000000000e+00
0.000000000000000000e+00
0.000000000000000000e+00
1.751090676442807540e+07
1.751090676442807540e+07
1.503500337544787675e+07
0.000000000000000000e+00
0.000000000000000000e+00
0.000000000000000000e+00
1.134034346093973704e+07
0.000000000000000000e+00
1.134034346093973704e+07
0.000000000000000000e+00
0.000000000000000000e+00
1.084567186195900477e+07
6.316554945955662057e+06
0.000000000000000000e+00
0.000000000000000000e+00
0.000000000000000000e+00
0.000000000000000000e+00
0.000000000000000000e+00
1.419927172399907373e+07
0.000000000000000000e+00
0.000000000000000000e+00
0.000000000000000000e+00
5.395283542444266379e+06
5.843298617235378362e+06
5.395283542444266379e+06
0.000000000000000000e+00
9.435766597191704437e+06
0.000000000000000000e+00
6.316554945955662057e+06
0.000000000000000000e+00
3.066926263508050889e+07
0.000000000000000000e+00
1.084567186195900477e+07
1.512746192996306531e+07
0.000000000000000000e+00
0.000000000000000000e+00
0.000000000000000000e+00
1.443909340519817919e+07
0.000000000000000000e+00
7.384177026644445956e+06
0.000000000000000000e+00
0.000000000000000000e+00
1.217832084175661393e+07
9.435766597191704437e+06
0.000000000000000000e+00
0.000000000000000000e+00
0.000000000000000000e+00
7.613503072815756314e+06
5.843298617235378362e+06
1.872452048758418113e+07
0.000000000000000000e+00
0.000000000000000000e+00
8.868899024300519377e+06
1.443909340519817919e+07
5.182259577388579026e+06
2.999238710377632175e+06
1.072368289471048117e+07
1.443909340519817919e+07
0.000000000000000000e+00
1.072368289471048117e+07
2.302399270371561870e+07
7.613503072815756314e+06
5.395283542444266379e+06
5.395283542444266379e+06
0.000000000000000000e+00
1.315835587065243535e+07
0.000000000000000000e+00
2.863836512919725478e+07
1.084567186195900477e+07
0.000000000000000000e+00
2.999238710377632175e+06
0.000000000000000000e+00
0.000000000000000000e+00
1.134034346093973704e+07
1.217832084175661393e+07
0.000000000000000000e+00
0.000000000000000000e+00
5.182259577388579026e+06
2.073826732409784943e+07
9.435766597191704437e+06
2.164692347167120129e+07
2.637534683638761193e+07
0.000000000000000000e+00
1.362944739369068295e+07
1.751090676442807540e+07
1.134034346093973704e+07
1.315835587065243535e+07
5.864517916904202662e+06
1.142829585189435631e+07
9.435766597191704437e+06
5.864517916904202662e+06
0.000000000000000000e+00
0.000000000000000000e+00
0.000000000000000000e+00
0.000000000000000000e+00
0.000000000000000000e+00
0.000000000000000000e+00
0.000000000000000000e+00
1.822984888860344887e+07
0.000000000000000000e+00
2.719850626039369032e+07
2.331957779534790665e+07
0.000000000000000000e+00
0.000000000000000000e+00
0.000000000000000000e+00
0.000000000000000000e+00
0.000000000000000000e+00
0.000000000000000000e+00
0.000000000000000000e+00
0.000000000000000000e+00
3.183765170882627368e+07
0.000000000000000000e+00
0.000000000000000000e+00
0.000000000000000000e+00
0.000000000000000000e+00
0.000000000000000000e+00
7.384177026644445956e+06
0.000000000000000000e+00
0.000000000000000000e+00
0.000000000000000000e+00
0.000000000000000000e+00
1.474974880266601406e+07
0.000000000000000000e+00
1.512746192996306531e+07
0.000000000000000000e+00
0.000000000000000000e+00
0.000000000000000000e+00
0.000000000000000000e+00
1.474974880266601406e+07
1.134034346093973704e+07
1.512746192996306531e+07
0.000000000000000000e+00
1.217832084175661393e+07
1.084567186195900477e+07
1.072368289471048117e+07
0.000000000000000000e+00
1.315835587065243535e+07
9.435766597191704437e+06
0.000000000000000000e+00
0.000000000000000000e+00
0.000000000000000000e+00
0.000000000000000000e+00
1.474974880266601406e+07
2.553961518493881077e+07
0.000000000000000000e+00
0.000000000000000000e+00
0.000000000000000000e+00
5.395283542444266379e+06
2.798940601028840616e+07
0.000000000000000000e+00
0.000000000000000000e+00
5.960573837092886679e+06
2.741265337390486151e+07
0.000000000000000000e+00
1.050283991122716479e+07
0.000000000000000000e+00
1.362944739369068295e+07
9.435766597191704437e+06
2.833155148299820349e+07
0.000000000000000000e+00
0.000000000000000000e+00
5.395283542444266379e+06
0.000000000000000000e+00
2.848872439636797458e+07
0.000000000000000000e+00
0.000000000000000000e+00
5.960573837092886679e+06
0.000000000000000000e+00
0.000000000000000000e+00
0.000000000000000000e+00
1.745505987844370306e+07
0.000000000000000000e+00
0.000000000000000000e+00
0.000000000000000000e+00
0.000000000000000000e+00
3.909670548554420937e+06
0.000000000000000000e+00
0.000000000000000000e+00
1.924003907426996157e+07
0.000000000000000000e+00
0.000000000000000000e+00
0.000000000000000000e+00
1.315835587065243535e+07
0.000000000000000000e+00
0.000000000000000000e+00
0.000000000000000000e+00
5.395283542444266379e+06
0.000000000000000000e+00
1.084567186195900477e+07
8.868899024300519377e+06
2.449869933159217238e+07
0.000000000000000000e+00
0.000000000000000000e+00
0.000000000000000000e+00
0.000000000000000000e+00
0.000000000000000000e+00
0.000000000000000000e+00
0.000000000000000000e+00
5.182259577388579026e+06
0.000000000000000000e+00
5.960573837092886679e+06
3.009286114201073349e+07
0.000000000000000000e+00
0.000000000000000000e+00
3.909670548554420937e+06
7.384177026644445956e+06
7.384177026644445956e+06
0.000000000000000000e+00
1.419927172399907373e+07
0.000000000000000000e+00
7.384177026644445956e+06
0.000000000000000000e+00
0.000000000000000000e+00
0.000000000000000000e+00
0.000000000000000000e+00
0.000000000000000000e+00
0.000000000000000000e+00
5.843298617235378362e+06
6.316554945955662057e+06
0.000000000000000000e+00
0.000000000000000000e+00
0.000000000000000000e+00
0.000000000000000000e+00
0.000000000000000000e+00
9.435766597191704437e+06
0.000000000000000000e+00
4.159076115730530024e+07
0.000000000000000000e+00
0.000000000000000000e+00
1.602793143934758380e+07
0.000000000000000000e+00
0.000000000000000000e+00
1.533036852571553923e+07
0.000000000000000000e+00
1.751090676442807540e+07
7.384177026644445956e+06
0.000000000000000000e+00
0.000000000000000000e+00
0.000000000000000000e+00
0.000000000000000000e+00
1.533036852571553923e+07
0.000000000000000000e+00
1.315835587065243535e+07
0.000000000000000000e+00
0.000000000000000000e+00
0.000000000000000000e+00
8.868899024300519377e+06
0.000000000000000000e+00
1.533036852571553923e+07
0.000000000000000000e+00
2.999238710377632175e+06
5.395283542444266379e+06
2.999238710377632175e+06
0.000000000000000000e+00
0.000000000000000000e+00
0.000000000000000000e+00
0.000000000000000000e+00
1.419927172399907373e+07
1.499768009946020320e+07
0.000000000000000000e+00
5.843298617235378362e+06
0.000000000000000000e+00
7.384177026644445956e+06
0.000000000000000000e+00
0.000000000000000000e+00
0.000000000000000000e+00
0.000000000000000000e+00
5.960573837092886679e+06
0.000000000000000000e+00
0.000000000000000000e+00
5.182259577388579026e+06
1.443909340519817919e+07
0.000000000000000000e+00
0.000000000000000000e+00
0.000000000000000000e+00
0.000000000000000000e+00
0.000000000000000000e+00
2.221433617004664242e+07
0.000000000000000000e+00
0.000000000000000000e+00
0.000000000000000000e+00
1.170781653413958102e+07
0.000000000000000000e+00
0.000000000000000000e+00
1.443909340519817919e+07
0.000000000000000000e+00
1.512746192996306531e+07
0.000000000000000000e+00
0.000000000000000000e+00
4.111752345807904750e+07
1.217832084175661393e+07
2.251163895660751313e+07
2.043028691789214313e+07
0.000000000000000000e+00
0.000000000000000000e+00
0.000000000000000000e+00
1.171183848839992844e+07
0.000000000000000000e+00
0.000000000000000000e+00
3.379154772737612575e+07
1.362944739369068295e+07
5.843298617235378362e+06
1.362944739369068295e+07
0.000000000000000000e+00
0.000000000000000000e+00
0.000000000000000000e+00
7.384177026644445956e+06
0.000000000000000000e+00
8.868899024300519377e+06
1.473341694120472297e+07
5.182259577388579026e+06
0.000000000000000000e+00
0.000000000000000000e+00
0.000000000000000000e+00
0.000000000000000000e+00
1.474974880266601406e+07
0.000000000000000000e+00
0.000000000000000000e+00
0.000000000000000000e+00
2.294387159853129461e+07
0.000000000000000000e+00
5.960573837092886679e+06
5.960573837092886679e+06
0.000000000000000000e+00
1.134034346093973704e+07
0.000000000000000000e+00
2.559542066462501884e+07
0.000000000000000000e+00
0.000000000000000000e+00
1.788701693787161261e+07
1.134034346093973704e+07
0.000000000000000000e+00
1.661055542928293534e+07
0.000000000000000000e+00
1.217832084175661393e+07
0.000000000000000000e+00
0.000000000000000000e+00
0.000000000000000000e+00
0.000000000000000000e+00
1.442753456227198802e+07
0.000000000000000000e+00
5.182259577388579026e+06
2.999238710377632175e+06
1.217832084175661393e+07
0.000000000000000000e+00
0.000000000000000000e+00
0.000000000000000000e+00
1.503500337544787675e+07
0.000000000000000000e+00
0.000000000000000000e+00
1.751090676442807540e+07
0.000000000000000000e+00
0.000000000000000000e+00
0.000000000000000000e+00
0.000000000000000000e+00
2.028239202243355662e+07
0.000000000000000000e+00
0.000000000000000000e+00
0.000000000000000000e+00
9.435766597191704437e+06
0.000000000000000000e+00
1.134034346093973704e+07
0.000000000000000000e+00
0.000000000000000000e+00
0.000000000000000000e+00
0.000000000000000000e+00
0.000000000000000000e+00
1.671018977886320651e+07
1.751090676442807540e+07
2.999238710377632175e+06
1.751090676442807540e+07
1.315835587065243535e+07
1.590594247209906019e+07
0.000000000000000000e+00
3.909670548554420937e+06
0.000000000000000000e+00
0.000000000000000000e+00
7.613503072815756314e+06
1.072368289471048117e+07
0.000000000000000000e+00
5.864517916904202662e+06
2.893920261632243171e+07
1.134034346093973704e+07
0.000000000000000000e+00
1.443909340519817919e+07
0.000000000000000000e+00
1.512746192996306531e+07
1.315835587065243535e+07
1.865941935122043639e+07
5.960573837092886679e+06
1.533036852571553923e+07
0.000000000000000000e+00
7.384177026644445956e+06
0.000000000000000000e+00
1.503500337544787675e+07
9.870244385647308081e+06
7.613503072815756314e+06
1.751090676442807540e+07
0.000000000000000000e+00
0.000000000000000000e+00
0.000000000000000000e+00
0.000000000000000000e+00
1.142829585189435631e+07
7.613503072815756314e+06
5.444546850261397660e+06
2.269316634181665629e+07
1.533036852571553923e+07
1.533036852571553923e+07
0.000000000000000000e+00
5.182259577388579026e+06
0.000000000000000000e+00
1.134034346093973704e+07
1.474974880266601406e+07
1.474974880266601406e+07
1.315835587065243535e+07
1.142829585189435631e+07
0.000000000000000000e+00
0.000000000000000000e+00
1.038341573702207766e+07
0.000000000000000000e+00
5.182259577388579026e+06
1.142829585189435631e+07
1.217832084175661393e+07
7.613503072815756314e+06
0.000000000000000000e+00
0.000000000000000000e+00
0.000000000000000000e+00
1.474974880266601406e+07
0.000000000000000000e+00
0.000000000000000000e+00
0.000000000000000000e+00
3.909670548554420937e+06
0.000000000000000000e+00
0.000000000000000000e+00
0.000000000000000000e+00
0.000000000000000000e+00
0.000000000000000000e+00
0.000000000000000000e+00
0.000000000000000000e+00
1.751090676442807540e+07
1.130906476716560125e+07
0.000000000000000000e+00
0.000000000000000000e+00
1.751090676442807540e+07
7.384177026644445956e+06
0.000000000000000000e+00
0.000000000000000000e+00
3.542465680615794659e+07
0.000000000000000000e+00
0.000000000000000000e+00
0.000000000000000000e+00
0.000000000000000000e+00
3.525575756227809191e+07
2.947409678064605594e+07
1.556567531441065669e+07
0.000000000000000000e+00
6.316554945955662057e+06
1.134034346093973704e+07
1.634613852846254408e+07
0.000000000000000000e+00
1.834876395375259966e+07
0.000000000000000000e+00
5.444546850261397660e+06
0.000000000000000000e+00
6.316554945955662057e+06
1.751090676442807540e+07
1.134034346093973704e+07
9.435766597191704437e+06
0.000000000000000000e+00
0.000000000000000000e+00
0.000000000000000000e+00
3.226065556709408760e+07
1.142829585189435631e+07
0.000000000000000000e+00
0.000000000000000000e+00
0.000000000000000000e+00
1.512746192996306531e+07
1.084567186195900477e+07
0.000000000000000000e+00
0.000000000000000000e+00
1.503500337544787675e+07
0.000000000000000000e+00
0.000000000000000000e+00
0.000000000000000000e+00
1.084567186195900477e+07
0.000000000000000000e+00
1.315835587065243535e+07
1.072368289471048117e+07
0.000000000000000000e+00
0.000000000000000000e+00
0.000000000000000000e+00
0.000000000000000000e+00
1.072368289471048117e+07
0.000000000000000000e+00
0.000000000000000000e+00
0.000000000000000000e+00
0.000000000000000000e+00
0.000000000000000000e+00
0.000000000000000000e+00
0.000000000000000000e+00
0.000000000000000000e+00
0.000000000000000000e+00
2.859052265980902314e+07
0.000000000000000000e+00
0.000000000000000000e+00
1.084567186195900477e+07
1.315835587065243535e+07
0.000000000000000000e+00
3.623542725201226026e+07
2.399636095426358283e+07
1.611896643715474755e+07
1.315835587065243535e+07
0.000000000000000000e+00
5.864517916904202662e+06
0.000000000000000000e+00
1.751090676442807540e+07
0.000000000000000000e+00
0.000000000000000000e+00
0.000000000000000000e+00
0.000000000000000000e+00
1.751090676442807540e+07
1.084567186195900477e+07
1.474974880266601406e+07
0.000000000000000000e+00
5.731639454579330236e+07
1.134034346093973704e+07
0.000000000000000000e+00
0.000000000000000000e+00
5.395283542444266379e+06
0.000000000000000000e+00
1.134034346093973704e+07
1.503500337544787675e+07
0.000000000000000000e+00
0.000000000000000000e+00
3.909670548554420937e+06
0.000000000000000000e+00
7.613503072815756314e+06
0.000000000000000000e+00
2.563030184119023010e+07
1.084567186195900477e+07
0.000000000000000000e+00
0.000000000000000000e+00
1.217832084175661393e+07
5.395283542444266379e+06
5.864517916904202662e+06
0.000000000000000000e+00
0.000000000000000000e+00
1.050283991122716479e+07
4.141374380283152312e+07
0.000000000000000000e+00
0.000000000000000000e+00
1.512746192996306531e+07
3.579065172660171986e+07
0.000000000000000000e+00
0.000000000000000000e+00
0.000000000000000000e+00
2.999238710377632175e+06
0.000000000000000000e+00
1.503500337544787675e+07
0.000000000000000000e+00
5.027960740571942180e+07
1.503500337544787675e+07
1.751090676442807540e+07
2.999238710377632175e+06
0.000000000000000000e+00
0.000000000000000000e+00
8.868899024300519377e+06
0.000000000000000000e+00
0.000000000000000000e+00
3.284127529014361650e+07
0.000000000000000000e+00
6.316554945955662057e+06
0.000000000000000000e+00
0.000000000000000000e+00
0.000000000000000000e+00
0.000000000000000000e+00
0.000000000000000000e+00
2.312280064500755444e+07
9.435766597191704437e+06
0.000000000000000000e+00
0.000000000000000000e+00
0.000000000000000000e+00
5.182259577388579026e+06
0.000000000000000000e+00
0.000000000000000000e+00
3.909670548554420937e+06
2.108803576705595106e+07
9.435766597191704437e+06
1.533036852571553923e+07
5.182259577388579026e+06
0.000000000000000000e+00
0.000000000000000000e+00
0.000000000000000000e+00
0.000000000000000000e+00
2.330799242949869856e+07
0.000000000000000000e+00
0.000000000000000000e+00
0.000000000000000000e+00
0.000000000000000000e+00
0.000000000000000000e+00
0.000000000000000000e+00
0.000000000000000000e+00
1.050283991122716479e+07
1.050283991122716479e+07
0.000000000000000000e+00
0.000000000000000000e+00
0.000000000000000000e+00
5.182259577388579026e+06
1.084567186195900477e+07
0.000000000000000000e+00
0.000000000000000000e+00
0.000000000000000000e+00
0.000000000000000000e+00
0.000000000000000000e+00
1.419927172399907373e+07
0.000000000000000000e+00
7.613503072815756314e+06
1.050283991122716479e+07
0.000000000000000000e+00
1.829295918421408534e+07
0.000000000000000000e+00
0.000000000000000000e+00
0.000000000000000000e+00
1.751090676442807540e+07
2.073826732409784943e+07
0.000000000000000000e+00
0.000000000000000000e+00
0.000000000000000000e+00
0.000000000000000000e+00
0.000000000000000000e+00
0.000000000000000000e+00
1.050283991122716479e+07
0.000000000000000000e+00
0.000000000000000000e+00
0.000000000000000000e+00
0.000000000000000000e+00
7.384177026644445956e+06
0.000000000000000000e+00
5.444546850261397660e+06
0.000000000000000000e+00
0.000000000000000000e+00
0.000000000000000000e+00
5.182259577388579026e+06
0.000000000000000000e+00
0.000000000000000000e+00
1.134034346093973704e+07
1.533036852571553923e+07
4.828858700644167513e+07
0.000000000000000000e+00
0.000000000000000000e+00
0.000000000000000000e+00
1.072368289471048117e+07
0.000000000000000000e+00
1.084567186195900477e+07
9.435766597191704437e+06
1.751090676442807540e+07
2.159562016038274392e+07
0.000000000000000000e+00
0.000000000000000000e+00
0.000000000000000000e+00
5.843298617235378362e+06
0.000000000000000000e+00
0.000000000000000000e+00
5.864517916904202662e+06
0.000000000000000000e+00
0.000000000000000000e+00
1.751090676442807540e+07
1.443909340519817919e+07
1.533036852571553923e+07
0.000000000000000000e+00
0.000000000000000000e+00
3.277970885323919356e+07
1.503500337544787675e+07
1.810894227255349606e+07
0.000000000000000000e+00
0.000000000000000000e+00
7.384177026644445956e+06
0.000000000000000000e+00
0.000000000000000000e+00
1.134034346093973704e+07
5.864517916904202662e+06
0.000000000000000000e+00
0.000000000000000000e+00
0.000000000000000000e+00
0.000000000000000000e+00
2.999238710377632175e+06
1.419927172399907373e+07
1.142829585189435631e+07
1.512746192996306531e+07
0.000000000000000000e+00
0.000000000000000000e+00
1.315835587065243535e+07
1.745505987844370306e+07
5.182259577388579026e+06
1.217832084175661393e+07
0.000000000000000000e+00
5.864517916904202662e+06
7.613503072815756314e+06
8.868899024300519377e+06
9.435766597191704437e+06
9.435766597191704437e+06
1.315835587065243535e+07
0.000000000000000000e+00
0.000000000000000000e+00
1.959258191901100054e+07
6.316554945955662057e+06
1.084567186195900477e+07
0.000000000000000000e+00
5.444546850261397660e+06
0.000000000000000000e+00
0.000000000000000000e+00
5.960573837092886679e+06
0.000000000000000000e+00
0.000000000000000000e+00
0.000000000000000000e+00
0.000000000000000000e+00
0.000000000000000000e+00
0.000000000000000000e+00
0.000000000000000000e+00
9.435766597191704437e+06
0.000000000000000000e+00
0.000000000000000000e+00
0.000000000000000000e+00
0.000000000000000000e+00
0.000000000000000000e+00
1.217832084175661393e+07
3.909670548554420937e+06
0.000000000000000000e+00
2.968922760618469119e+07
1.443909340519817919e+07
0.000000000000000000e+00
0.000000000000000000e+00
1.084567186195900477e+07
0.000000000000000000e+00
1.419927172399907373e+07
0.000000000000000000e+00
1.084567186195900477e+07
1.512746192996306531e+07
0.000000000000000000e+00
8.868899024300519377e+06
0.000000000000000000e+00
0.000000000000000000e+00
1.050283991122716479e+07
8.868899024300519377e+06
0.000000000000000000e+00
0.000000000000000000e+00
4.194778277267032862e+07
0.000000000000000000e+00
0.000000000000000000e+00
1.072368289471048117e+07
2.295545361468947306e+07
1.134034346093973704e+07
3.402911463598175347e+07
0.000000000000000000e+00
0.000000000000000000e+00
0.000000000000000000e+00
0.000000000000000000e+00
2.918884220786419511e+07
0.000000000000000000e+00
0.000000000000000000e+00
0.000000000000000000e+00
0.000000000000000000e+00
0.000000000000000000e+00
0.000000000000000000e+00
0.000000000000000000e+00
0.000000000000000000e+00
0.000000000000000000e+00
5.843298617235378362e+06
1.315835587065243535e+07
0.000000000000000000e+00
0.000000000000000000e+00
1.533036852571553923e+07
0.000000000000000000e+00
1.134034346093973704e+07
1.533036852571553923e+07
0.000000000000000000e+00
8.868899024300519377e+06
0.000000000000000000e+00
0.000000000000000000e+00
0.000000000000000000e+00
5.395283542444266379e+06
0.000000000000000000e+00
4.467690269343700260e+07
0.000000000000000000e+00
1.142829585189435631e+07
0.000000000000000000e+00
0.000000000000000000e+00
1.419927172399907373e+07
5.182259577388579026e+06
0.000000000000000000e+00
0.000000000000000000e+00
0.000000000000000000e+00
0.000000000000000000e+00
2.585114482467354834e+07
2.999238710377632175e+06
0.000000000000000000e+00
5.960573837092886679e+06
0.000000000000000000e+00
0.000000000000000000e+00
5.864517916904202662e+06
9.435766597191704437e+06
0.000000000000000000e+00
3.578142614029552042e+07
2.999238710377632175e+06
0.000000000000000000e+00
0.000000000000000000e+00
3.391088585284139216e+07
0.000000000000000000e+00
0.000000000000000000e+00
1.084567186195900477e+07
0.000000000000000000e+00
1.881170697107926011e+07
1.324869494354864955e+07
0.000000000000000000e+00
0.000000000000000000e+00
0.000000000000000000e+00
3.561180698486624658e+07
0.000000000000000000e+00
0.000000000000000000e+00
1.084567186195900477e+07
0.000000000000000000e+00
1.512746192996306531e+07
1.443909340519817919e+07
2.597313379192207009e+07
0.000000000000000000e+00
5.960573837092886679e+06
5.864517916904202662e+06
5.960573837092886679e+06
1.512746192996306531e+07
1.084567186195900477e+07
0.000000000000000000e+00
1.084567186195900477e+07
0.000000000000000000e+00
0.000000000000000000e+00
8.868899024300519377e+06
0.000000000000000000e+00
1.443909340519817919e+07
0.000000000000000000e+00
0.000000000000000000e+00
3.909670548554420937e+06
0.000000000000000000e+00
0.000000000000000000e+00
1.315835587065243535e+07
0.000000000000000000e+00
0.000000000000000000e+00
1.134034346093973704e+07
1.217832084175661393e+07
0.000000000000000000e+00
1.834876395375259966e+07
2.999238710377632175e+06
8.868899024300519377e+06
0.000000000000000000e+00
0.000000000000000000e+00
0.000000000000000000e+00
1.533036852571553923e+07
0.000000000000000000e+00
0.000000000000000000e+00
0.000000000000000000e+00
0.000000000000000000e+00
0.000000000000000000e+00
0.000000000000000000e+00
0.000000000000000000e+00
0.000000000000000000e+00
0.000000000000000000e+00
5.960573837092886679e+06
1.529372047383645363e+07
0.000000000000000000e+00
0.000000000000000000e+00
9.435766597191704437e+06
2.999238710377632175e+06
1.512746192996306531e+07
3.909670548554420937e+06
5.843298617235378362e+06
1.134034346093973704e+07
0.000000000000000000e+00
0.000000000000000000e+00
7.384177026644445956e+06
1.084567186195900477e+07
0.000000000000000000e+00
0.000000000000000000e+00
0.000000000000000000e+00
0.000000000000000000e+00
0.000000000000000000e+00
3.256686626687738299e+07
2.119488644261974096e+07
0.000000000000000000e+00
5.960573837092886679e+06
0.000000000000000000e+00
0.000000000000000000e+00
0.000000000000000000e+00
0.000000000000000000e+00
0.000000000000000000e+00
1.751090676442807540e+07
0.000000000000000000e+00
0.000000000000000000e+00
0.000000000000000000e+00
0.000000000000000000e+00
0.000000000000000000e+00
1.443909340519817919e+07
1.084567186195900477e+07
0.000000000000000000e+00
2.586738925709253550e+07
6.316554945955662057e+06
3.909670548554420937e+06
7.384177026644445956e+06
1.503500337544787675e+07
1.084567186195900477e+07
5.182259577388579026e+06
1.084567186195900477e+07
0.000000000000000000e+00
1.134034346093973704e+07
0.000000000000000000e+00
0.000000000000000000e+00
0.000000000000000000e+00
1.959258191901100054e+07
2.382746171038373560e+07
0.000000000000000000e+00
0.000000000000000000e+00
1.751090676442807540e+07
0.000000000000000000e+00
0.000000000000000000e+00
0.000000000000000000e+00
0.000000000000000000e+00
5.960573837092886679e+06
0.000000000000000000e+00
1.533036852571553923e+07
1.994600233964634687e+07
5.864517916904202662e+06
0.000000000000000000e+00
1.084567186195900477e+07
1.829295918421408534e+07
1.533036852571553923e+07
3.185494699928402901e+07
0.000000000000000000e+00
0.000000000000000000e+00
6.316554945955662057e+06
5.444546850261397660e+06
0.000000000000000000e+00
0.000000000000000000e+00
0.000000000000000000e+00
5.444546850261397660e+06
1.134034346093973704e+07
0.000000000000000000e+00
0.000000000000000000e+00
8.868899024300519377e+06
2.028143845915070921e+07
0.000000000000000000e+00
9.774188465458624065e+06
0.000000000000000000e+00
0.000000000000000000e+00
1.134034346093973704e+07
1.529372047383645363e+07
0.000000000000000000e+00
1.745505987844370306e+07
0.000000000000000000e+00
0.000000000000000000e+00
0.000000000000000000e+00
1.512746192996306531e+07
1.217832084175661393e+07
1.142829585189435631e+07
0.000000000000000000e+00
3.653378055198471248e+07
9.435766597191704437e+06
2.750868936747215316e+07
1.149881452334424108e+07
0.000000000000000000e+00
1.217832084175661393e+07
0.000000000000000000e+00
1.134034346093973704e+07
0.000000000000000000e+00
0.000000000000000000e+00
0.000000000000000000e+00
9.435766597191704437e+06
3.909670548554420937e+06
0.000000000000000000e+00
0.000000000000000000e+00
3.909670548554420937e+06
0.000000000000000000e+00
0.000000000000000000e+00
2.205259647801393643e+07
1.050283991122716479e+07
0.000000000000000000e+00
6.316554945955662057e+06
0.000000000000000000e+00
3.415033571751970053e+07
1.829295918421408534e+07
1.142829585189435631e+07
7.613503072815756314e+06
0.000000000000000000e+00
0.000000000000000000e+00
0.000000000000000000e+00
1.362944739369068295e+07
7.384177026644445956e+06
1.142829585189435631e+07
1.182509175399708934e+07
0.000000000000000000e+00
0.000000000000000000e+00
0.000000000000000000e+00
0.000000000000000000e+00
0.000000000000000000e+00
0.000000000000000000e+00
2.420357188382727280e+07
0.000000000000000000e+00
0.000000000000000000e+00
0.000000000000000000e+00
1.646341374832005054e+07
1.474974880266601406e+07
0.000000000000000000e+00
0.000000000000000000e+00
0.000000000000000000e+00
2.168550225466466695e+07
1.745505987844370306e+07
0.000000000000000000e+00
1.050283991122716479e+07
5.960573837092886679e+06
1.362944739369068295e+07
0.000000000000000000e+00
1.751090676442807540e+07
7.384177026644445956e+06
1.315835587065243535e+07
0.000000000000000000e+00
8.868899024300519377e+06
2.999238710377632175e+06
1.315835587065243535e+07
5.182259577388579026e+06
1.315835587065243535e+07
2.999238710377632175e+06
0.000000000000000000e+00
0.000000000000000000e+00
1.334475086373733357e+07
5.395283542444266379e+06
0.000000000000000000e+00
1.443909340519817919e+07
0.000000000000000000e+00
1.362944739369068295e+07
5.960573837092886679e+06
6.316554945955662057e+06
0.000000000000000000e+00
0.000000000000000000e+00
0.000000000000000000e+00
0.000000000000000000e+00
5.182259577388579026e+06
0.000000000000000000e+00
0.000000000000000000e+00
9.435766597191704437e+06
2.525258871389317885e+07
3.422109654329128563e+07
2.547343169737649709e+07
0.000000000000000000e+00
0.000000000000000000e+00
1.125980145934846997e+07
0.000000000000000000e+00
0.000000000000000000e+00
5.864517916904202662e+06
3.909670548554420937e+06
0.000000000000000000e+00
0.000000000000000000e+00
0.000000000000000000e+00
7.613503072815756314e+06
0.000000000000000000e+00
0.000000000000000000e+00
1.072368289471048117e+07
3.824917408852592856e+07
0.000000000000000000e+00
0.000000000000000000e+00
0.000000000000000000e+00
7.232186750850784779e+07
1.050283991122716479e+07
1.529372047383645363e+07
1.533036852571553923e+07
0.000000000000000000e+00
0.000000000000000000e+00
0.000000000000000000e+00
0.000000000000000000e+00
0.000000000000000000e+00
3.189415328364188224e+07
7.613503072815756314e+06
1.135585737953715399e+07
1.529372047383645363e+07
7.613503072815756314e+06
0.000000000000000000e+00
1.050283991122716479e+07
2.999238710377632175e+06
0.000000000000000000e+00
0.000000000000000000e+00
0.000000000000000000e+00
0.000000000000000000e+00
1.745505987844370306e+07
1.533036852571553923e+07
9.435766597191704437e+06
1.362944739369068295e+07
1.072368289471048117e+07
0.000000000000000000e+00
3.505947031001766026e+07
0.000000000000000000e+00
0.000000000000000000e+00
0.000000000000000000e+00
0.000000000000000000e+00
3.909670548554420937e+06
0.000000000000000000e+00
0.000000000000000000e+00
1.512746192996306531e+07
0.000000000000000000e+00
0.000000000000000000e+00
0.000000000000000000e+00
0.000000000000000000e+00
0.000000000000000000e+00
5.843298617235378362e+06
1.474974880266601406e+07
0.000000000000000000e+00
0.000000000000000000e+00
1.227712878304854780e+07
0.000000000000000000e+00
3.496596664287178218e+07
0.000000000000000000e+00
1.474974880266601406e+07
0.000000000000000000e+00
0.000000000000000000e+00
5.960573837092886679e+06
0.000000000000000000e+00
1.503500337544787675e+07
0.000000000000000000e+00
0.000000000000000000e+00
0.000000000000000000e+00
1.730091729803262278e+07
0.000000000000000000e+00
9.435766597191704437e+06
0.000000000000000000e+00
0.000000000000000000e+00
0.000000000000000000e+00
0.000000000000000000e+00
0.000000000000000000e+00
0.000000000000000000e+00
0.000000000000000000e+00
0.000000000000000000e+00
0.000000000000000000e+00
2.999238710377632175e+06
5.182259577388579026e+06
0.000000000000000000e+00
0.000000000000000000e+00
5.843298617235378362e+06
1.751090676442807540e+07
1.474974880266601406e+07
0.000000000000000000e+00
0.000000000000000000e+00
0.000000000000000000e+00
0.000000000000000000e+00
0.000000000000000000e+00
2.051014547480570897e+07
1.658820081161468476e+07
5.843298617235378362e+06
0.000000000000000000e+00
3.171017848842714727e+07
0.000000000000000000e+00
2.077185894346819073e+07
1.170781653413958102e+07
0.000000000000000000e+00
0.000000000000000000e+00
1.072368289471048117e+07
0.000000000000000000e+00
0.000000000000000000e+00
0.000000000000000000e+00
0.000000000000000000e+00
0.000000000000000000e+00
0.000000000000000000e+00
0.000000000000000000e+00
2.569247841863914207e+07
1.745505987844370306e+07
0.000000000000000000e+00
0.000000000000000000e+00
0.000000000000000000e+00
0.000000000000000000e+00
1.512746192996306531e+07
5.864517916904202662e+06
1.419927172399907373e+07
0.000000000000000000e+00
5.864517916904202662e+06
6.316554945955662057e+06
5.395283542444266379e+06
0.000000000000000000e+00
0.000000000000000000e+00
0.000000000000000000e+00
1.072368289471048117e+07
7.613503072815756314e+06
8.868899024300519377e+06
5.182259577388579026e+06
0.000000000000000000e+00
0.000000000000000000e+00
0.000000000000000000e+00
7.384177026644445956e+06
5.444546850261397660e+06
2.837919619635669887e+07
0.000000000000000000e+00
0.000000000000000000e+00
5.864517916904202662e+06
0.000000000000000000e+00
0.000000000000000000e+00
0.000000000000000000e+00
0.000000000000000000e+00
3.045783045567860454e+07
2.047598005122503266e+07
0.000000000000000000e+00
0.000000000000000000e+00
1.751090676442807540e+07
5.395283542444266379e+06
0.000000000000000000e+00
0.000000000000000000e+00
0.000000000000000000e+00
5.843298617235378362e+06
5.182259577388579026e+06
1.217832084175661393e+07
1.443909340519817919e+07
0.000000000000000000e+00
1.419927172399907373e+07
0.000000000000000000e+00
0.000000000000000000e+00
0.000000000000000000e+00
0.000000000000000000e+00
0.000000000000000000e+00
0.000000000000000000e+00
1.443909340519817919e+07
0.000000000000000000e+00
0.000000000000000000e+00
2.470211163522623852e+07
0.000000000000000000e+00
1.533036852571553923e+07
1.503500337544787675e+07
2.470211163522623852e+07
0.000000000000000000e+00
0.000000000000000000e+00
1.072368289471048117e+07
2.718709664303053170e+07
4.636129029947925359e+07
1.482947286139340699e+07
1.668425673180336878e+07
0.000000000000000000e+00
0.000000000000000000e+00
0.000000000000000000e+00
1.512746192996306531e+07
0.000000000000000000e+00
1.533036852571553923e+07
0.000000000000000000e+00
9.435766597191704437e+06
0.000000000000000000e+00
5.960573837092886679e+06
1.061274178319338895e+07
0.000000000000000000e+00
0.000000000000000000e+00
5.395283542444266379e+06
0.000000000000000000e+00
3.819548463992483914e+07
0.000000000000000000e+00
1.811634298404292017e+07
0.000000000000000000e+00
0.000000000000000000e+00
1.084567186195900477e+07
1.503500337544787675e+07
1.072368289471048117e+07
0.000000000000000000e+00
1.134034346093973704e+07
0.000000000000000000e+00
0.000000000000000000e+00
1.050283991122716479e+07
0.000000000000000000e+00
2.259412246784413978e+07
0.000000000000000000e+00
1.419927172399907373e+07
1.315835587065243535e+07
1.142829585189435631e+07
2.164692347167120129e+07
0.000000000000000000e+00
1.072368289471048117e+07
0.000000000000000000e+00
0.000000000000000000e+00
2.399636095426358283e+07
2.073826732409784943e+07
0.000000000000000000e+00
7.613503072815756314e+06
0.000000000000000000e+00
0.000000000000000000e+00
1.512746192996306531e+07
0.000000000000000000e+00
0.000000000000000000e+00
3.115539336931064725e+07
0.000000000000000000e+00
1.142829585189435631e+07
5.395283542444266379e+06
1.529372047383645363e+07
1.134034346093973704e+07
0.000000000000000000e+00
0.000000000000000000e+00
0.000000000000000000e+00
1.503500337544787675e+07
0.000000000000000000e+00
0.000000000000000000e+00
2.051262810310411826e+07
2.874890745364256948e+07
0.000000000000000000e+00
0.000000000000000000e+00
1.134034346093973704e+07
0.000000000000000000e+00
0.000000000000000000e+00
5.843298617235378362e+06
1.134034346093973704e+07
0.000000000000000000e+00
1.751090676442807540e+07
1.129384757519886643e+07
0.000000000000000000e+00
5.182259577388579026e+06
2.366119578187960014e+07
5.395283542444266379e+06
1.419927172399907373e+07
5.444546850261397660e+06
0.000000000000000000e+00
1.474974880266601406e+07
1.084567186195900477e+07
5.960573837092886679e+06
0.000000000000000000e+00
1.050283991122716479e+07
0.000000000000000000e+00
0.000000000000000000e+00
1.680624569905189052e+07
0.000000000000000000e+00
0.000000000000000000e+00
6.316554945955662057e+06
0.000000000000000000e+00
0.000000000000000000e+00
3.717355189788243920e+07
0.000000000000000000e+00
0.000000000000000000e+00
7.384177026644445956e+06
0.000000000000000000e+00
0.000000000000000000e+00
0.000000000000000000e+00
0.000000000000000000e+00
0.000000000000000000e+00
0.000000000000000000e+00
0.000000000000000000e+00
0.000000000000000000e+00
0.000000000000000000e+00
1.443909340519817919e+07
0.000000000000000000e+00
0.000000000000000000e+00
0.000000000000000000e+00
0.000000000000000000e+00
1.751090676442807540e+07
6.316554945955662057e+06
0.000000000000000000e+00
1.362944739369068295e+07
0.000000000000000000e+00
1.907399424395208061e+07
2.360661669365096837e+07
0.000000000000000000e+00
1.813889467884949967e+07
0.000000000000000000e+00
1.050283991122716479e+07
0.000000000000000000e+00
0.000000000000000000e+00
2.885125022536781430e+07
7.384177026644445956e+06
0.000000000000000000e+00
3.062408899955199286e+07
0.000000000000000000e+00
7.384177026644445956e+06
0.000000000000000000e+00
0.000000000000000000e+00
0.000000000000000000e+00
0.000000000000000000e+00
1.503500337544787675e+07
0.000000000000000000e+00
0.000000000000000000e+00
1.134034346093973704e+07
1.474974880266601406e+07
1.804283875866081566e+07
9.435766597191704437e+06
8.868899024300519377e+06
0.000000000000000000e+00
0.000000000000000000e+00
0.000000000000000000e+00
5.864517916904202662e+06
0.000000000000000000e+00
0.000000000000000000e+00
0.000000000000000000e+00
1.114283341448146477e+07
0.000000000000000000e+00
0.000000000000000000e+00
0.000000000000000000e+00
7.384177026644445956e+06
0.000000000000000000e+00
5.960573837092886679e+06
2.999238710377632175e+06
1.751090676442807540e+07
1.315835587065243535e+07
0.000000000000000000e+00
1.084567186195900477e+07
1.134034346093973704e+07
5.960573837092886679e+06
5.182259577388579026e+06
0.000000000000000000e+00
0.000000000000000000e+00
0.000000000000000000e+00
0.000000000000000000e+00
0.000000000000000000e+00
0.000000000000000000e+00
1.503500337544787675e+07
0.000000000000000000e+00
0.000000000000000000e+00
0.000000000000000000e+00
0.000000000000000000e+00
0.000000000000000000e+00
1.751090676442807540e+07
0.000000000000000000e+00
0.000000000000000000e+00
5.864517916904202662e+06
0.000000000000000000e+00
0.000000000000000000e+00
0.000000000000000000e+00
0.000000000000000000e+00
0.000000000000000000e+00
0.000000000000000000e+00
0.000000000000000000e+00
0.000000000000000000e+00
5.182259577388579026e+06
0.000000000000000000e+00
1.084567186195900477e+07
0.000000000000000000e+00
0.000000000000000000e+00
0.000000000000000000e+00
0.000000000000000000e+00
1.673562700338400342e+07
1.134034346093973704e+07
0.000000000000000000e+00
0.000000000000000000e+00
0.000000000000000000e+00
0.000000000000000000e+00
0.000000000000000000e+00
0.000000000000000000e+00
0.000000000000000000e+00
0.000000000000000000e+00
0.000000000000000000e+00
8.868899024300519377e+06
0.000000000000000000e+00
0.000000000000000000e+00
0.000000000000000000e+00
3.066926263508050889e+07
0.000000000000000000e+00
2.999238710377632175e+06
0.000000000000000000e+00
5.843298617235378362e+06
5.182259577388579026e+06
0.000000000000000000e+00
0.000000000000000000e+00
1.646341374832005054e+07
2.360661669365096837e+07
0.000000000000000000e+00
2.999238710377632175e+06
1.529372047383645363e+07
1.134034346093973704e+07
2.735762759465150908e+07
7.613503072815756314e+06
1.050283991122716479e+07
0.000000000000000000e+00
0.000000000000000000e+00
0.000000000000000000e+00
0.000000000000000000e+00
0.000000000000000000e+00
0.000000000000000000e+00
0.000000000000000000e+00
1.751090676442807540e+07
1.134034346093973704e+07
0.000000000000000000e+00
1.084567186195900477e+07
1.362944739369068295e+07
0.000000000000000000e+00
2.547343169737649709e+07
0.000000000000000000e+00
2.562756757589343190e+07
0.000000000000000000e+00
0.000000000000000000e+00
0.000000000000000000e+00
0.000000000000000000e+00
1.114283341448146477e+07
0.000000000000000000e+00
0.000000000000000000e+00
3.353883820377565920e+07
0.000000000000000000e+00
5.182259577388579026e+06
0.000000000000000000e+00
1.512746192996306531e+07
0.000000000000000000e+00
0.000000000000000000e+00
5.395283542444266379e+06
0.000000000000000000e+00
0.000000000000000000e+00
0.000000000000000000e+00
0.000000000000000000e+00
3.552466417864295095e+07
2.061426671957021579e+07
0.000000000000000000e+00
1.362944739369068295e+07
0.000000000000000000e+00
5.182259577388579026e+06
1.315835587065243535e+07
1.512746192996306531e+07
1.134034346093973704e+07
1.084567186195900477e+07
5.843298617235378362e+06
5.843298617235378362e+06
0.000000000000000000e+00
1.072368289471048117e+07
0.000000000000000000e+00
1.751090676442807540e+07
0.000000000000000000e+00
5.444546850261397660e+06
0.000000000000000000e+00
0.000000000000000000e+00
0.000000000000000000e+00
0.000000000000000000e+00
8.868899024300519377e+06
0.000000000000000000e+00
0.000000000000000000e+00
0.000000000000000000e+00
0.000000000000000000e+00
3.762912584329201281e+07
1.441251045978158526e+07
0.000000000000000000e+00
0.000000000000000000e+00
3.909670548554420937e+06
5.182259577388579026e+06
3.909670548554420937e+06
0.000000000000000000e+00
0.000000000000000000e+00
0.000000000000000000e+00
2.605405142042601854e+07
6.316554945955662057e+06
0.000000000000000000e+00
0.000000000000000000e+00
2.605405142042601854e+07
0.000000000000000000e+00
2.503456808104496822e+07
2.416261949813697487e+07
0.000000000000000000e+00
1.362944739369068295e+07
0.000000000000000000e+00
0.000000000000000000e+00
0.000000000000000000e+00
0.000000000000000000e+00
0.000000000000000000e+00
0.000000000000000000e+00
7.613503072815756314e+06
2.999238710377632175e+06
5.444546850261397660e+06
7.384177026644445956e+06
0.000000000000000000e+00
5.182259577388579026e+06
0.000000000000000000e+00
0.000000000000000000e+00
0.000000000000000000e+00
0.000000000000000000e+00
0.000000000000000000e+00
0.000000000000000000e+00
1.315835587065243535e+07
3.722841651445050538e+07
7.384177026644445956e+06
5.960573837092886679e+06
0.000000000000000000e+00
1.474974880266601406e+07
0.000000000000000000e+00
2.268116075298377872e+07
0.000000000000000000e+00
3.909670548554420937e+06
0.000000000000000000e+00
0.000000000000000000e+00
2.835657862638708204e+07
0.000000000000000000e+00
1.751090676442807540e+07
0.000000000000000000e+00
1.134034346093973704e+07
0.000000000000000000e+00
0.000000000000000000e+00
5.182259577388579026e+06
0.000000000000000000e+00
5.182259577388579026e+06
0.000000000000000000e+00
1.474974880266601406e+07
0.000000000000000000e+00
5.444546850261397660e+06
1.134034346093973704e+07
0.000000000000000000e+00
0.000000000000000000e+00
2.888335573033805937e+07
0.000000000000000000e+00
0.000000000000000000e+00
5.864517916904202662e+06
0.000000000000000000e+00
0.000000000000000000e+00
1.474974880266601406e+07
3.909670548554420937e+06
0.000000000000000000e+00
0.000000000000000000e+00
0.000000000000000000e+00
0.000000000000000000e+00
2.637759256575568765e+07
0.000000000000000000e+00
0.000000000000000000e+00
1.529372047383645363e+07
0.000000000000000000e+00
7.613503072815756314e+06
0.000000000000000000e+00
0.000000000000000000e+00
0.000000000000000000e+00
0.000000000000000000e+00
0.000000000000000000e+00
0.000000000000000000e+00
0.000000000000000000e+00
0.000000000000000000e+00
1.142829585189435631e+07
0.000000000000000000e+00
5.843298617235378362e+06
0.000000000000000000e+00
0.000000000000000000e+00
0.000000000000000000e+00
0.000000000000000000e+00
1.256643660403302498e+07
0.000000000000000000e+00
0.000000000000000000e+00
1.533036852571553923e+07
1.443909340519817919e+07
5.182259577388579026e+06
0.000000000000000000e+00
0.000000000000000000e+00
0.000000000000000000e+00
0.000000000000000000e+00
0.000000000000000000e+00
0.000000000000000000e+00
8.868899024300519377e+06
0.000000000000000000e+00
0.000000000000000000e+00
1.419927172399907373e+07
0.000000000000000000e+00
5.960573837092886679e+06
1.474974880266601406e+07
0.000000000000000000e+00
0.000000000000000000e+00
0.000000000000000000e+00
0.000000000000000000e+00
5.444546850261397660e+06
1.681994362383615226e+07
0.000000000000000000e+00
0.000000000000000000e+00
1.217832084175661393e+07
1.956249786840105802e+07
0.000000000000000000e+00
1.050283991122716479e+07
5.444546850261397660e+06
0.000000000000000000e+00
2.806854079888886213e+07
0.000000000000000000e+00
0.000000000000000000e+00
1.084567186195900477e+07
0.000000000000000000e+00
0.000000000000000000e+00
1.277946056908871233e+07
0.000000000000000000e+00
0.000000000000000000e+00
0.000000000000000000e+00
0.000000000000000000e+00
0.000000000000000000e+00
0.000000000000000000e+00
0.000000000000000000e+00
0.000000000000000000e+00
0.000000000000000000e+00
1.474974880266601406e+07
1.142829585189435631e+07
3.909670548554420937e+06
0.000000000000000000e+00
0.000000000000000000e+00
1.084567186195900477e+07
0.000000000000000000e+00
0.000000000000000000e+00
1.050283991122716479e+07
5.395283542444266379e+06
0.000000000000000000e+00
0.000000000000000000e+00
0.000000000000000000e+00
2.054253289729688317e+07
0.000000000000000000e+00
0.000000000000000000e+00
0.000000000000000000e+00
0.000000000000000000e+00
0.000000000000000000e+00
1.084567186195900477e+07
0.000000000000000000e+00
0.000000000000000000e+00
0.000000000000000000e+00
5.182259577388579026e+06
0.000000000000000000e+00
1.512746192996306531e+07
1.135585737953715399e+07
3.115579185104381293e+07
0.000000000000000000e+00
0.000000000000000000e+00
1.512746192996306531e+07
5.444546850261397660e+06
1.751090676442807540e+07
0.000000000000000000e+00
0.000000000000000000e+00
0.000000000000000000e+00
0.000000000000000000e+00
1.900165448788781464e+07
1.751090676442807540e+07
0.000000000000000000e+00
1.673562700338400342e+07
0.000000000000000000e+00
0.000000000000000000e+00
6.316554945955662057e+06
2.830073174040270597e+07
1.512746192996306531e+07
0.000000000000000000e+00
0.000000000000000000e+00
0.000000000000000000e+00
5.960573837092886679e+06
2.819335924610031396e+07
0.000000000000000000e+00
0.000000000000000000e+00
2.447076997263958305e+07
0.000000000000000000e+00
1.362944739369068295e+07
1.517755955213424563e+07
0.000000000000000000e+00
0.000000000000000000e+00
1.512746192996306531e+07
0.000000000000000000e+00
0.000000000000000000e+00
0.000000000000000000e+00
0.000000000000000000e+00
9.435766597191704437e+06
5.960573837092886679e+06
3.235396788127486408e+07
0.000000000000000000e+00
5.395283542444266379e+06
2.241918040209232271e+07
0.000000000000000000e+00
0.000000000000000000e+00
2.051582666995473579e+07
2.205259647801393643e+07
0.000000000000000000e+00
0.000000000000000000e+00
0.000000000000000000e+00
5.444546850261397660e+06
5.182259577388579026e+06
0.000000000000000000e+00
0.000000000000000000e+00
0.000000000000000000e+00
0.000000000000000000e+00
2.051014547480570897e+07
0.000000000000000000e+00
0.000000000000000000e+00
1.443909340519817919e+07
1.474974880266601406e+07
0.000000000000000000e+00
0.000000000000000000e+00
2.782871911768975854e+07
0.000000000000000000e+00
5.960573837092886679e+06
0.000000000000000000e+00
1.142829585189435631e+07
0.000000000000000000e+00
2.015062595295768976e+07
1.334543714574612491e+07
0.000000000000000000e+00
0.000000000000000000e+00
0.000000000000000000e+00
1.503500337544787675e+07
1.512746192996306531e+07
1.072368289471048117e+07
1.881170697107926011e+07
1.362944739369068295e+07
1.134034346093973704e+07
2.089952129235208035e+07
6.316554945955662057e+06
1.315835587065243535e+07
0.000000000000000000e+00
0.000000000000000000e+00
5.864517916904202662e+06
0.000000000000000000e+00
2.030361132210238278e+07
5.182259577388579026e+06
0.000000000000000000e+00
1.134034346093973704e+07
1.315835587065243535e+07
0.000000000000000000e+00
0.000000000000000000e+00
1.443909340519817919e+07
0.000000000000000000e+00
0.000000000000000000e+00
0.000000000000000000e+00
1.315835587065243535e+07
0.000000000000000000e+00
1.062680642764997669e+07
1.533036852571553923e+07
0.000000000000000000e+00
1.134034346093973704e+07
1.134034346093973704e+07
0.000000000000000000e+00
1.512746192996306531e+07
4.284758347683712095e+07
0.000000000000000000e+00
5.182259577388579026e+06
1.084567186195900477e+07
5.960573837092886679e+06
0.000000000000000000e+00
9.435766597191704437e+06
0.000000000000000000e+00
1.716222680791466683e+07
0.000000000000000000e+00
0.000000000000000000e+00
0.000000000000000000e+00
0.000000000000000000e+00
5.843298617235378362e+06
0.000000000000000000e+00
0.000000000000000000e+00
0.000000000000000000e+00
1.419927172399907373e+07
0.000000000000000000e+00
1.904179892471011356e+07
0.000000000000000000e+00
5.395283542444266379e+06
0.000000000000000000e+00
0.000000000000000000e+00
0.000000000000000000e+00
0.000000000000000000e+00
0.000000000000000000e+00
1.362944739369068295e+07
1.503500337544787675e+07
0.000000000000000000e+00
0.000000000000000000e+00
0.000000000000000000e+00
5.395283542444266379e+06
0.000000000000000000e+00
0.000000000000000000e+00
0.000000000000000000e+00
0.000000000000000000e+00
1.482947286139340699e+07
1.362944739369068295e+07
0.000000000000000000e+00
3.909670548554420937e+06
0.000000000000000000e+00
0.000000000000000000e+00
0.000000000000000000e+00
1.072368289471048117e+07
0.000000000000000000e+00
5.864517916904202662e+06
0.000000000000000000e+00
5.182259577388579026e+06
1.084567186195900477e+07
0.000000000000000000e+00
1.134034346093973704e+07
0.000000000000000000e+00
1.625307605094496533e+07
0.000000000000000000e+00
0.000000000000000000e+00
1.533036852571553923e+07
1.072368289471048117e+07
0.000000000000000000e+00
0.000000000000000000e+00
5.395283542444266379e+06
0.000000000000000000e+00
1.315835587065243535e+07
0.000000000000000000e+00
1.129384757519886643e+07
1.474974880266601406e+07
0.000000000000000000e+00
9.870244385647308081e+06
3.864994632106344402e+07
4.037531211167361587e+07
1.443909340519817919e+07
0.000000000000000000e+00
1.443909340519817919e+07
0.000000000000000000e+00
0.000000000000000000e+00
0.000000000000000000e+00
1.362944739369068295e+07
0.000000000000000000e+00
0.000000000000000000e+00
2.999238710377632175e+06
0.000000000000000000e+00
0.000000000000000000e+00
0.000000000000000000e+00
7.384177026644445956e+06
7.384177026644445956e+06
0.000000000000000000e+00
1.529372047383645363e+07
0.000000000000000000e+00
0.000000000000000000e+00
5.864517916904202662e+06
2.268116075298377872e+07
1.533036852571553923e+07
0.000000000000000000e+00
0.000000000000000000e+00
0.000000000000000000e+00
8.868899024300519377e+06
2.361864782696653157e+07
3.114035415811875835e+07
1.503500337544787675e+07
1.217832084175661393e+07
0.000000000000000000e+00
8.443785560639029369e+06
5.182259577388579026e+06
1.443909340519817919e+07
0.000000000000000000e+00
0.000000000000000000e+00
0.000000000000000000e+00
0.000000000000000000e+00
0.000000000000000000e+00
0.000000000000000000e+00
0.000000000000000000e+00
0.000000000000000000e+00
0.000000000000000000e+00
7.384177026644445956e+06
0.000000000000000000e+00
0.000000000000000000e+00
1.533036852571553923e+07
0.000000000000000000e+00
5.395283542444266379e+06
0.000000000000000000e+00
0.000000000000000000e+00
0.000000000000000000e+00
5.395283542444266379e+06
1.443909340519817919e+07
0.000000000000000000e+00
7.613503072815756314e+06
0.000000000000000000e+00
0.000000000000000000e+00
0.000000000000000000e+00
2.449869933159217238e+07
0.000000000000000000e+00
0.000000000000000000e+00
2.999238710377632175e+06
0.000000000000000000e+00
0.000000000000000000e+00
5.182259577388579026e+06
1.142829585189435631e+07
5.960573837092886679e+06
1.072368289471048117e+07
2.029719487619487569e+07
0.000000000000000000e+00
0.000000000000000000e+00
0.000000000000000000e+00
2.661741424695479125e+07
0.000000000000000000e+00
0.000000000000000000e+00
1.050283991122716479e+07
2.156935475666948408e+07
0.000000000000000000e+00
0.000000000000000000e+00
1.499768009946020320e+07
1.512746192996306531e+07
1.315835587065243535e+07
1.419927172399907373e+07
0.000000000000000000e+00
0.000000000000000000e+00
0.000000000000000000e+00
1.751090676442807540e+07
2.999238710377632175e+06
0.000000000000000000e+00
0.000000000000000000e+00
0.000000000000000000e+00
5.182259577388579026e+06
0.000000000000000000e+00
0.000000000000000000e+00
0.000000000000000000e+00
0.000000000000000000e+00
1.182509175399708934e+07
5.395283542444266379e+06
0.000000000000000000e+00
1.362944739369068295e+07
0.000000000000000000e+00
0.000000000000000000e+00
5.444546850261397660e+06
2.104721986605713516e+07
5.960573837092886679e+06
1.533036852571553923e+07
0.000000000000000000e+00
1.315835587065243535e+07
6.316554945955662057e+06
1.084567186195900477e+07
0.000000000000000000e+00
1.217832084175661393e+07
5.182259577388579026e+06
9.435766597191704437e+06
0.000000000000000000e+00
1.134034346093973704e+07
0.000000000000000000e+00
0.000000000000000000e+00
0.000000000000000000e+00
0.000000000000000000e+00
0.000000000000000000e+00
2.134851177318616956e+07
0.000000000000000000e+00
0.000000000000000000e+00
1.533036852571553923e+07
2.268116075298377872e+07
0.000000000000000000e+00
1.362944739369068295e+07
0.000000000000000000e+00
3.280462723826453090e+07
1.050283991122716479e+07
0.000000000000000000e+00
1.134034346093973704e+07
7.613503072815756314e+06
0.000000000000000000e+00
0.000000000000000000e+00
0.000000000000000000e+00
0.000000000000000000e+00
0.000000000000000000e+00
0.000000000000000000e+00
2.142057731298249587e+07
1.142829585189435631e+07
0.000000000000000000e+00
9.435766597191704437e+06
5.182259577388579026e+06
1.134034346093973704e+07
1.625307605094496533e+07
1.962135298258675635e+07
1.704926967000745982e+07
0.000000000000000000e+00
0.000000000000000000e+00
0.000000000000000000e+00
0.000000000000000000e+00
5.182259577388579026e+06
0.000000000000000000e+00
0.000000000000000000e+00
0.000000000000000000e+00
0.000000000000000000e+00
0.000000000000000000e+00
1.142829585189435631e+07
0.000000000000000000e+00
0.000000000000000000e+00
1.362944739369068295e+07
1.134034346093973704e+07
1.217832084175661393e+07
0.000000000000000000e+00
1.443909340519817919e+07
0.000000000000000000e+00
1.419927172399907373e+07
0.000000000000000000e+00
1.533036852571553923e+07
3.909670548554420937e+06
0.000000000000000000e+00
7.384177026644445956e+06
0.000000000000000000e+00
0.000000000000000000e+00
0.000000000000000000e+00
0.000000000000000000e+00
5.395283542444266379e+06
1.072368289471048117e+07
5.960573837092886679e+06
1.084567186195900477e+07
0.000000000000000000e+00
0.000000000000000000e+00
0.000000000000000000e+00
1.315835587065243535e+07
3.195000016962625459e+07
2.256173657877869159e+07
7.384177026644445956e+06
5.843298617235378362e+06
7.613503072815756314e+06
1.393005801877141744e+07
0.000000000000000000e+00
8.868899024300519377e+06
0.000000000000000000e+00
0.000000000000000000e+00
2.019429565292741358e+07
0.000000000000000000e+00
0.000000000000000000e+00
0.000000000000000000e+00
1.134034346093973704e+07
1.084567186195900477e+07
0.000000000000000000e+00
1.512746192996306531e+07
5.182259577388579026e+06
1.134034346093973704e+07
0.000000000000000000e+00
2.609009226360575110e+07
0.000000000000000000e+00
0.000000000000000000e+00
0.000000000000000000e+00
1.529372047383645363e+07
0.000000000000000000e+00
0.000000000000000000e+00
1.904179892471011356e+07
0.000000000000000000e+00
0.000000000000000000e+00
0.000000000000000000e+00
2.863836512919725478e+07
0.000000000000000000e+00
0.000000000000000000e+00
5.843298617235378362e+06
5.182259577388579026e+06
0.000000000000000000e+00
9.435766597191704437e+06
0.000000000000000000e+00
1.503500337544787675e+07
5.960573837092886679e+06
1.038341573702207766e+07
1.217832084175661393e+07
0.000000000000000000e+00
1.102555819462395832e+07
0.000000000000000000e+00
0.000000000000000000e+00
0.000000000000000000e+00
2.963330264515382051e+07
0.000000000000000000e+00
5.960573837092886679e+06
0.000000000000000000e+00
2.525258871389317885e+07
0.000000000000000000e+00
0.000000000000000000e+00
0.000000000000000000e+00
2.999238710377632175e+06
9.435766597191704437e+06
2.893920261632243171e+07
0.000000000000000000e+00
0.000000000000000000e+00
0.000000000000000000e+00
0.000000000000000000e+00
1.315835587065243535e+07
0.000000000000000000e+00
1.134034346093973704e+07
1.315835587065243535e+07
0.000000000000000000e+00
0.000000000000000000e+00
6.316554945955662057e+06
0.000000000000000000e+00
5.960573837092886679e+06
2.999238710377632175e+06
2.999238710377632175e+06
0.000000000000000000e+00
0.000000000000000000e+00
2.388203876536291838e+07
7.384177026644445956e+06
0.000000000000000000e+00
0.000000000000000000e+00
0.000000000000000000e+00
0.000000000000000000e+00
0.000000000000000000e+00
0.000000000000000000e+00
0.000000000000000000e+00
0.000000000000000000e+00
1.443909340519817919e+07
1.217832084175661393e+07
1.810785992135492712e+07
1.050283991122716479e+07
0.000000000000000000e+00
0.000000000000000000e+00
2.458665172254679352e+07
0.000000000000000000e+00
0.000000000000000000e+00
1.134034346093973704e+07
0.000000000000000000e+00
0.000000000000000000e+00
0.000000000000000000e+00
0.000000000000000000e+00
0.000000000000000000e+00
5.491935423346970230e+07
0.000000000000000000e+00
0.000000000000000000e+00
2.472948707102815807e+07
0.000000000000000000e+00
9.435766597191704437e+06
0.000000000000000000e+00
7.613503072815756314e+06
1.072368289471048117e+07
0.000000000000000000e+00
0.000000000000000000e+00
0.000000000000000000e+00
2.999238710377632175e+06
9.435766597191704437e+06
0.000000000000000000e+00
0.000000000000000000e+00
1.084567186195900477e+07
1.084567186195900477e+07
1.084567186195900477e+07
4.624664211247605830e+07
5.182259577388579026e+06
1.533036852571553923e+07
0.000000000000000000e+00
0.000000000000000000e+00
7.384177026644445956e+06
1.050283991122716479e+07
5.843298617235378362e+06
3.909670548554420937e+06
1.176110179621705972e+07
1.474974880266601406e+07
1.384491057233663648e+07
0.000000000000000000e+00
0.000000000000000000e+00
0.000000000000000000e+00
1.072368289471048117e+07
0.000000000000000000e+00
0.000000000000000000e+00
1.315835587065243535e+07
0.000000000000000000e+00
1.503500337544787675e+07
0.000000000000000000e+00
0.000000000000000000e+00
1.902473093613494933e+07
5.395283542444266379e+06
3.226065556709408760e+07
5.182259577388579026e+06
1.751090676442807540e+07
0.000000000000000000e+00
3.909670548554420937e+06
0.000000000000000000e+00
5.843298617235378362e+06
1.050283991122716479e+07
0.000000000000000000e+00
1.512746192996306531e+07
2.184318337216690183e+07
0.000000000000000000e+00
1.217832084175661393e+07
0.000000000000000000e+00
5.182259577388579026e+06
0.000000000000000000e+00
1.084567186195900477e+07
0.000000000000000000e+00
0.000000000000000000e+00
0.000000000000000000e+00
1.533036852571553923e+07
1.512746192996306531e+07
0.000000000000000000e+00
6.316554945955662057e+06
0.000000000000000000e+00
3.909670548554420937e+06
7.384177026644445956e+06
5.182259577388579026e+06
0.000000000000000000e+00
0.000000000000000000e+00
0.000000000000000000e+00
0.000000000000000000e+00
0.000000000000000000e+00
0.000000000000000000e+00
1.512746192996306531e+07
0.000000000000000000e+00
0.000000000000000000e+00
0.000000000000000000e+00
0.000000000000000000e+00
0.000000000000000000e+00
0.000000000000000000e+00
1.419927172399907373e+07
1.443909340519817919e+07
1.533036852571553923e+07
0.000000000000000000e+00
1.050283991122716479e+07
0.000000000000000000e+00
5.182259577388579026e+06
6.908909258932053111e+06
0.000000000000000000e+00
5.843298617235378362e+06
0.000000000000000000e+00
0.000000000000000000e+00
1.503500337544787675e+07
0.000000000000000000e+00
5.182259577388579026e+06
0.000000000000000000e+00
1.474974880266601406e+07
1.533036852571553923e+07
8.868899024300519377e+06
0.000000000000000000e+00
0.000000000000000000e+00
0.000000000000000000e+00
0.000000000000000000e+00
0.000000000000000000e+00
5.182259577388579026e+06
6.316554945955662057e+06
4.509478467996325344e+07
0.000000000000000000e+00
0.000000000000000000e+00
0.000000000000000000e+00
1.443909340519817919e+07
1.134034346093973704e+07
0.000000000000000000e+00
0.000000000000000000e+00
7.613503072815756314e+06
7.384177026644445956e+06
0.000000000000000000e+00
0.000000000000000000e+00
0.000000000000000000e+00
1.658820081161468476e+07
0.000000000000000000e+00
3.909670548554420937e+06
9.435766597191704437e+06
0.000000000000000000e+00
0.000000000000000000e+00
0.000000000000000000e+00
0.000000000000000000e+00
0.000000000000000000e+00
5.864517916904202662e+06
1.217832084175661393e+07
0.000000000000000000e+00
2.999238710377632175e+06
3.909670548554420937e+06
9.304954090998686850e+06
5.843298617235378362e+06
0.000000000000000000e+00
0.000000000000000000e+00
1.503500337544787675e+07
0.000000000000000000e+00
0.000000000000000000e+00
0.000000000000000000e+00
0.000000000000000000e+00
0.000000000000000000e+00
0.000000000000000000e+00
3.045783045567860454e+07
0.000000000000000000e+00
0.000000000000000000e+00
1.533036852571553923e+07
2.004257034123445302e+07
1.315835587065243535e+07
1.084567186195900477e+07
2.275586396158945933e+07
9.435766597191704437e+06
0.000000000000000000e+00
1.529372047383645363e+07
1.050283991122716479e+07
0.000000000000000000e+00
1.362944739369068295e+07
3.379185364301007986e+07
2.586738925709253550e+07
0.000000000000000000e+00
1.443909340519817919e+07
0.000000000000000000e+00
0.000000000000000000e+00
3.909670548554420937e+06
5.182259577388579026e+06
1.134034346093973704e+07
1.134034346093973704e+07
0.000000000000000000e+00
0.000000000000000000e+00
0.000000000000000000e+00
5.843298617235378362e+06
2.525258871389317885e+07
0.000000000000000000e+00
0.000000000000000000e+00
3.909670548554420937e+06
0.000000000000000000e+00
0.000000000000000000e+00
1.911892970774532109e+07
2.525258871389317885e+07
5.182259577388579026e+06
0.000000000000000000e+00
0.000000000000000000e+00
0.000000000000000000e+00
0.000000000000000000e+00
0.000000000000000000e+00
0.000000000000000000e+00
0.000000000000000000e+00
1.512746192996306531e+07
8.868899024300519377e+06
0.000000000000000000e+00
0.000000000000000000e+00
0.000000000000000000e+00
0.000000000000000000e+00
0.000000000000000000e+00
0.000000000000000000e+00
0.000000000000000000e+00
1.474974880266601406e+07
0.000000000000000000e+00
1.512746192996306531e+07
0.000000000000000000e+00
1.443909340519817919e+07
0.000000000000000000e+00
2.999238710377632175e+06
0.000000000000000000e+00
0.000000000000000000e+00
0.000000000000000000e+00
0.000000000000000000e+00
1.050283991122716479e+07
0.000000000000000000e+00
0.000000000000000000e+00
1.474974880266601406e+07
1.419927172399907373e+07
5.843298617235378362e+06
2.161408743894831836e+07
3.909670548554420937e+06
0.000000000000000000e+00
1.947274601092606038e+07
0.000000000000000000e+00
0.000000000000000000e+00
1.419927172399907373e+07
0.000000000000000000e+00
1.503500337544787675e+07
5.960573837092886679e+06
0.000000000000000000e+00
0.000000000000000000e+00
2.617804465456037223e+07
0.000000000000000000e+00
1.279576265020433441e+07
1.687284270215575397e+07
0.000000000000000000e+00
0.000000000000000000e+00
0.000000000000000000e+00
0.000000000000000000e+00
0.000000000000000000e+00
0.000000000000000000e+00
0.000000000000000000e+00
0.000000000000000000e+00
3.909670548554420937e+06
0.000000000000000000e+00
0.000000000000000000e+00
5.444546850261397660e+06
0.000000000000000000e+00
0.000000000000000000e+00
1.134034346093973704e+07
0.000000000000000000e+00
0.000000000000000000e+00
5.864517916904202662e+06
1.419927172399907373e+07
0.000000000000000000e+00
0.000000000000000000e+00
0.000000000000000000e+00
0.000000000000000000e+00
0.000000000000000000e+00
0.000000000000000000e+00
3.909670548554420937e+06
0.000000000000000000e+00
0.000000000000000000e+00
1.993860650841886923e+07
0.000000000000000000e+00
0.000000000000000000e+00
1.471219764153589681e+07
1.072368289471048117e+07
0.000000000000000000e+00
0.000000000000000000e+00
7.384177026644445956e+06
1.315835587065243535e+07
0.000000000000000000e+00
1.072368289471048117e+07
0.000000000000000000e+00
0.000000000000000000e+00
0.000000000000000000e+00
1.050283991122716479e+07
2.477228080817214772e+07
0.000000000000000000e+00
8.868899024300519377e+06
2.956655533516124636e+07
0.000000000000000000e+00
0.000000000000000000e+00
1.443909340519817919e+07
0.000000000000000000e+00
0.000000000000000000e+00
7.384177026644445956e+06
1.084567186195900477e+07
1.084567186195900477e+07
0.000000000000000000e+00
1.050283991122716479e+07
0.000000000000000000e+00
5.395283542444266379e+06
0.000000000000000000e+00
0.000000000000000000e+00
0.000000000000000000e+00
0.000000000000000000e+00
0.000000000000000000e+00
0.000000000000000000e+00
1.072368289471048117e+07
1.315835587065243535e+07
5.182259577388579026e+06
2.182327043184262514e+07
0.000000000000000000e+00
0.000000000000000000e+00
0.000000000000000000e+00
0.000000000000000000e+00
2.661515756070356816e+07
1.751090676442807540e+07
0.000000000000000000e+00
0.000000000000000000e+00
0.000000000000000000e+00
0.000000000000000000e+00
0.000000000000000000e+00
0.000000000000000000e+00
8.868899024300519377e+06
0.000000000000000000e+00
5.182259577388579026e+06
1.474974880266601406e+07
1.443909340519817919e+07
0.000000000000000000e+00
0.000000000000000000e+00
0.000000000000000000e+00
1.658820081161468476e+07
0.000000000000000000e+00
0.000000000000000000e+00
5.843298617235378362e+06
5.182259577388579026e+06
1.512746192996306531e+07
0.000000000000000000e+00
1.533036852571553923e+07
0.000000000000000000e+00
0.000000000000000000e+00
4.208198285977360606e+07
0.000000000000000000e+00
0.000000000000000000e+00
0.000000000000000000e+00
1.050283991122716479e+07
2.782871911768975854e+07
1.533036852571553923e+07
8.443785560639029369e+06
1.533036852571553923e+07
1.084567186195900477e+07
3.042118240379951894e+07
0.000000000000000000e+00
0.000000000000000000e+00
1.745505987844370306e+07
0.000000000000000000e+00
0.000000000000000000e+00
2.963338072020031512e+07
0.000000000000000000e+00
0.000000000000000000e+00
1.979182391457236931e+07
0.000000000000000000e+00
0.000000000000000000e+00
8.868899024300519377e+06
0.000000000000000000e+00
8.868899024300519377e+06
2.848872439636797458e+07
9.435766597191704437e+06
0.000000000000000000e+00
0.000000000000000000e+00
0.000000000000000000e+00
0.000000000000000000e+00
3.909670548554420937e+06
0.000000000000000000e+00
1.902287378755663708e+07
0.000000000000000000e+00
0.000000000000000000e+00
8.868899024300519377e+06
0.000000000000000000e+00
0.000000000000000000e+00
6.316554945955662057e+06
0.000000000000000000e+00
1.277946056908871233e+07
0.000000000000000000e+00
0.000000000000000000e+00
9.435766597191704437e+06
0.000000000000000000e+00
1.474974880266601406e+07
0.000000000000000000e+00
0.000000000000000000e+00
0.000000000000000000e+00
0.000000000000000000e+00
1.084567186195900477e+07
0.000000000000000000e+00
0.000000000000000000e+00
0.000000000000000000e+00
0.000000000000000000e+00
1.084567186195900477e+07
0.000000000000000000e+00
0.000000000000000000e+00
0.000000000000000000e+00
0.000000000000000000e+00
0.000000000000000000e+00
1.419927172399907373e+07
1.443909340519817919e+07
1.050283991122716479e+07
0.000000000000000000e+00
0.000000000000000000e+00
5.097898414243215322e+07
0.000000000000000000e+00
0.000000000000000000e+00
2.999238710377632175e+06
0.000000000000000000e+00
0.000000000000000000e+00
0.000000000000000000e+00
2.113701909107183293e+07
1.474974880266601406e+07
0.000000000000000000e+00
5.960573837092886679e+06
0.000000000000000000e+00
1.751090676442807540e+07
0.000000000000000000e+00
1.072368289471048117e+07
2.999238710377632175e+06
0.000000000000000000e+00
6.316554945955662057e+06
1.072368289471048117e+07
0.000000000000000000e+00
0.000000000000000000e+00
1.512746192996306531e+07
0.000000000000000000e+00
0.000000000000000000e+00
1.142829585189435631e+07
0.000000000000000000e+00
2.218601532289874181e+07
0.000000000000000000e+00
0.000000000000000000e+00
0.000000000000000000e+00
5.843298617235378362e+06
0.000000000000000000e+00
3.106293481479545683e+07
1.474974880266601406e+07
2.635592672033949569e+07
0.000000000000000000e+00
2.330799242949869856e+07
0.000000000000000000e+00
5.960573837092886679e+06
0.000000000000000000e+00
1.315835587065243535e+07
1.443909340519817919e+07
0.000000000000000000e+00
8.868899024300519377e+06
8.868899024300519377e+06
2.135155832140354067e+07
3.189415328364188224e+07
0.000000000000000000e+00
1.443909340519817919e+07
0.000000000000000000e+00
1.072368289471048117e+07
0.000000000000000000e+00
0.000000000000000000e+00
6.316554945955662057e+06
1.751090676442807540e+07
1.860290272091383487e+07
0.000000000000000000e+00
5.395283542444266379e+06
1.810785992135492712e+07
0.000000000000000000e+00
5.960573837092886679e+06
0.000000000000000000e+00
0.000000000000000000e+00
0.000000000000000000e+00
0.000000000000000000e+00
0.000000000000000000e+00
0.000000000000000000e+00
0.000000000000000000e+00
1.443909340519817919e+07
0.000000000000000000e+00
0.000000000000000000e+00
7.384177026644445956e+06
0.000000000000000000e+00
2.999238710377632175e+06
0.000000000000000000e+00
1.881247287853880227e+07
0.000000000000000000e+00
7.384177026644445956e+06
3.539792370229968429e+07
0.000000000000000000e+00
0.000000000000000000e+00
1.751090676442807540e+07
0.000000000000000000e+00
0.000000000000000000e+00
2.835657862638708204e+07
0.000000000000000000e+00
0.000000000000000000e+00
1.405115860168909840e+07
0.000000000000000000e+00
0.000000000000000000e+00
0.000000000000000000e+00
1.751090676442807540e+07
1.751090676442807540e+07
0.000000000000000000e+00
0.000000000000000000e+00
1.503500337544787675e+07
1.443909340519817919e+07
2.999238710377632175e+06
0.000000000000000000e+00
0.000000000000000000e+00
0.000000000000000000e+00
0.000000000000000000e+00
3.033963064133391902e+07
0.000000000000000000e+00
2.999238710377632175e+06
0.000000000000000000e+00
6.316554945955662057e+06
5.182259577388579026e+06
1.529372047383645363e+07
0.000000000000000000e+00
1.751090676442807540e+07
1.751090676442807540e+07
0.000000000000000000e+00
0.000000000000000000e+00
0.000000000000000000e+00
0.000000000000000000e+00
0.000000000000000000e+00
7.384177026644445956e+06
2.828581780061550066e+07
0.000000000000000000e+00
1.911892970774532109e+07
0.000000000000000000e+00
0.000000000000000000e+00
1.738886968898724392e+07
0.000000000000000000e+00
1.512746192996306531e+07
3.713225974701483548e+07
0.000000000000000000e+00
0.000000000000000000e+00
7.613503072815756314e+06
0.000000000000000000e+00
0.000000000000000000e+00
0.000000000000000000e+00
1.433958217131736875e+07
0.000000000000000000e+00
0.000000000000000000e+00
1.362944739369068295e+07
0.000000000000000000e+00
2.144401687591872737e+07
0.000000000000000000e+00
0.000000000000000000e+00
0.000000000000000000e+00
0.000000000000000000e+00
0.000000000000000000e+00
0.000000000000000000e+00
0.000000000000000000e+00
0.000000000000000000e+00
0.000000000000000000e+00
1.443909340519817919e+07
3.909670548554420937e+06
1.123858215967964381e+07
1.971457088625952601e+07
0.000000000000000000e+00
0.000000000000000000e+00
5.444546850261397660e+06
2.255348839609858394e+07
0.000000000000000000e+00
0.000000000000000000e+00
0.000000000000000000e+00
0.000000000000000000e+00
1.751090676442807540e+07
1.362944739369068295e+07
1.419927172399907373e+07
0.000000000000000000e+00
0.000000000000000000e+00
0.000000000000000000e+00
0.000000000000000000e+00
5.182259577388579026e+06
5.864517916904202662e+06
0.000000000000000000e+00
0.000000000000000000e+00
0.000000000000000000e+00
5.444546850261397660e+06
0.000000000000000000e+00
2.215197874660483748e+07
0.000000000000000000e+00
1.533036852571553923e+07
0.000000000000000000e+00
1.751090676442807540e+07
1.083983039270566404e+07
1.315835587065243535e+07
0.000000000000000000e+00
5.843298617235378362e+06
1.503500337544787675e+07
0.000000000000000000e+00
1.751090676442807540e+07
1.533036852571553923e+07
0.000000000000000000e+00
0.000000000000000000e+00
0.000000000000000000e+00
1.084567186195900477e+07
0.000000000000000000e+00
0.000000000000000000e+00
1.811634298404292017e+07
2.251163895660751313e+07
1.362944739369068295e+07
1.315835587065243535e+07
0.000000000000000000e+00
1.142829585189435631e+07
8.868899024300519377e+06
1.503500337544787675e+07
1.072368289471048117e+07
2.999238710377632175e+06
0.000000000000000000e+00
0.000000000000000000e+00
3.263836869439113885e+07
0.000000000000000000e+00
0.000000000000000000e+00
0.000000000000000000e+00
1.217832084175661393e+07
1.920339102239087597e+07
5.395283542444266379e+06
0.000000000000000000e+00
0.000000000000000000e+00
2.028143845915070921e+07
0.000000000000000000e+00
9.435766597191704437e+06
5.444546850261397660e+06
0.000000000000000000e+00
0.000000000000000000e+00
1.134034346093973704e+07
0.000000000000000000e+00
0.000000000000000000e+00
1.611896643715474755e+07
1.419927172399907373e+07
0.000000000000000000e+00
7.613503072815756314e+06
0.000000000000000000e+00
1.084567186195900477e+07
1.315835587065243535e+07
1.419927172399907373e+07
0.000000000000000000e+00
8.868899024300519377e+06
8.868899024300519377e+06
0.000000000000000000e+00
7.613503072815756314e+06
0.000000000000000000e+00
2.476613512290724367e+07
0.000000000000000000e+00
5.444546850261397660e+06
0.000000000000000000e+00
2.962454737545436248e+07
0.000000000000000000e+00
3.171017848842714727e+07
0.000000000000000000e+00
5.960573837092886679e+06
5.395283542444266379e+06
0.000000000000000000e+00
1.362944739369068295e+07
0.000000000000000000e+00
0.000000000000000000e+00
0.000000000000000000e+00
0.000000000000000000e+00
1.072368289471048117e+07
0.000000000000000000e+00
1.533036852571553923e+07
0.000000000000000000e+00
5.182259577388579026e+06
0.000000000000000000e+00
2.999238710377632175e+06
1.322747564387982339e+07
1.590594247209906019e+07
0.000000000000000000e+00
5.960573837092886679e+06
1.050283991122716479e+07
3.239558379459306598e+07
0.000000000000000000e+00
9.435766597191704437e+06
1.419927172399907373e+07
1.217832084175661393e+07
0.000000000000000000e+00
0.000000000000000000e+00
1.902473093613494933e+07
0.000000000000000000e+00
7.384177026644445956e+06
9.435766597191704437e+06
1.419927172399907373e+07
1.072368289471048117e+07
5.126380217303928733e+07
5.182259577388579026e+06
0.000000000000000000e+00
0.000000000000000000e+00
0.000000000000000000e+00
0.000000000000000000e+00
0.000000000000000000e+00
1.474974880266601406e+07
5.395283542444266379e+06
5.960573837092886679e+06
1.134034346093973704e+07
0.000000000000000000e+00
0.000000000000000000e+00
0.000000000000000000e+00
0.000000000000000000e+00
1.134034346093973704e+07
0.000000000000000000e+00
0.000000000000000000e+00
0.000000000000000000e+00
8.868899024300519377e+06
0.000000000000000000e+00
0.000000000000000000e+00
0.000000000000000000e+00
0.000000000000000000e+00
0.000000000000000000e+00
0.000000000000000000e+00
0.000000000000000000e+00
0.000000000000000000e+00
0.000000000000000000e+00
1.658820081161468476e+07
0.000000000000000000e+00
4.796873722010667622e+07
1.217832084175661393e+07
0.000000000000000000e+00
5.960573837092886679e+06
0.000000000000000000e+00
0.000000000000000000e+00
2.667071198665527627e+07
0.000000000000000000e+00
0.000000000000000000e+00
0.000000000000000000e+00
1.315835587065243535e+07
0.000000000000000000e+00
5.960573837092886679e+06
0.000000000000000000e+00
1.680624569905189052e+07
0.000000000000000000e+00
0.000000000000000000e+00
0.000000000000000000e+00
3.096770845447921008e+07
0.000000000000000000e+00
0.000000000000000000e+00
0.000000000000000000e+00
1.050283991122716479e+07
2.158344875064352155e+07
5.182259577388579026e+06
0.000000000000000000e+00
2.999238710377632175e+06
1.142829585189435631e+07
0.000000000000000000e+00
5.960573837092886679e+06
1.050283991122716479e+07
2.122652280593764782e+07
2.267789750048089772e+07
0.000000000000000000e+00
0.000000000000000000e+00
0.000000000000000000e+00
5.182259577388579026e+06
0.000000000000000000e+00
0.000000000000000000e+00
5.960573837092886679e+06
2.999238710377632175e+06
1.474974880266601406e+07
1.751090676442807540e+07
0.000000000000000000e+00
3.197821134744328260e+07
1.072368289471048117e+07
0.000000000000000000e+00
0.000000000000000000e+00
0.000000000000000000e+00
0.000000000000000000e+00
1.072368289471048117e+07
0.000000000000000000e+00
0.000000000000000000e+00
0.000000000000000000e+00
0.000000000000000000e+00
1.512746192996306531e+07
1.050283991122716479e+07
5.395283542444266379e+06
1.751090676442807540e+07
0.000000000000000000e+00
0.000000000000000000e+00
5.960573837092886679e+06
0.000000000000000000e+00
5.960573837092886679e+06
7.384177026644445956e+06
0.000000000000000000e+00
0.000000000000000000e+00
0.000000000000000000e+00
0.000000000000000000e+00
0.000000000000000000e+00
2.999238710377632175e+06
0.000000000000000000e+00
1.050283991122716479e+07
0.000000000000000000e+00
3.171017848842714727e+07
0.000000000000000000e+00
0.000000000000000000e+00
2.999238710377632175e+06
1.503500337544787675e+07
0.000000000000000000e+00
7.384177026644445956e+06
0.000000000000000000e+00
0.000000000000000000e+00
7.613503072815756314e+06
1.315835587065243535e+07
0.000000000000000000e+00
9.435766597191704437e+06
0.000000000000000000e+00
2.072565206815980375e+07
8.868899024300519377e+06
0.000000000000000000e+00
1.517755955213424563e+07
0.000000000000000000e+00
1.443909340519817919e+07
1.315835587065243535e+07
2.361864782696653157e+07
0.000000000000000000e+00
1.751090676442807540e+07
7.384177026644445956e+06
0.000000000000000000e+00
0.000000000000000000e+00
0.000000000000000000e+00
0.000000000000000000e+00
0.000000000000000000e+00
0.000000000000000000e+00
0.000000000000000000e+00
1.533036852571553923e+07
0.000000000000000000e+00
3.909670548554420937e+06
0.000000000000000000e+00
7.613503072815756314e+06
0.000000000000000000e+00
2.559336117822176963e+07
5.444546850261397660e+06
0.000000000000000000e+00
0.000000000000000000e+00
1.751090676442807540e+07
0.000000000000000000e+00
0.000000000000000000e+00
1.503500337544787675e+07
1.503500337544787675e+07
0.000000000000000000e+00
0.000000000000000000e+00
1.962135298258675635e+07
1.315835587065243535e+07
0.000000000000000000e+00
7.384177026644445956e+06
0.000000000000000000e+00
0.000000000000000000e+00
0.000000000000000000e+00
1.084567186195900477e+07
0.000000000000000000e+00
0.000000000000000000e+00
1.503500337544787675e+07
0.000000000000000000e+00
0.000000000000000000e+00
1.751090676442807540e+07
3.873999436340916157e+07
1.315835587065243535e+07
0.000000000000000000e+00
0.000000000000000000e+00
1.745505987844370306e+07
1.533036852571553923e+07
0.000000000000000000e+00
0.000000000000000000e+00
5.444546850261397660e+06
0.000000000000000000e+00
1.022622549451008253e+07
0.000000000000000000e+00
0.000000000000000000e+00
1.736058041914519295e+07
0.000000000000000000e+00
5.960573837092886679e+06
1.134034346093973704e+07
0.000000000000000000e+00
0.000000000000000000e+00
1.083983039270566404e+07
8.868899024300519377e+06
0.000000000000000000e+00
1.668425673180336878e+07
1.512746192996306531e+07
0.000000000000000000e+00
0.000000000000000000e+00
0.000000000000000000e+00
0.000000000000000000e+00
0.000000000000000000e+00
0.000000000000000000e+00
9.870244385647308081e+06
1.443909340519817919e+07
0.000000000000000000e+00
0.000000000000000000e+00
0.000000000000000000e+00
0.000000000000000000e+00
2.760749730876408517e+07
0.000000000000000000e+00
0.000000000000000000e+00
0.000000000000000000e+00
0.000000000000000000e+00
0.000000000000000000e+00
0.000000000000000000e+00
0.000000000000000000e+00
0.000000000000000000e+00
0.000000000000000000e+00
0.000000000000000000e+00
0.000000000000000000e+00
0.000000000000000000e+00
0.000000000000000000e+00
0.000000000000000000e+00
8.868899024300519377e+06
0.000000000000000000e+00
0.000000000000000000e+00
1.533036852571553923e+07
7.613503072815756314e+06
1.084567186195900477e+07
1.474974880266601406e+07
9.354217398815818131e+06
2.545907318334754556e+07
0.000000000000000000e+00
5.843298617235378362e+06
0.000000000000000000e+00
0.000000000000000000e+00
0.000000000000000000e+00
0.000000000000000000e+00
2.882819390256317332e+07
0.000000000000000000e+00
0.000000000000000000e+00
0.000000000000000000e+00
1.072368289471048117e+07
1.624095540440327115e+07
0.000000000000000000e+00
0.000000000000000000e+00
2.271454555235998333e+07
1.433958217131736875e+07
5.395283542444266379e+06
0.000000000000000000e+00
3.909670548554420937e+06
0.000000000000000000e+00
1.084567186195900477e+07
0.000000000000000000e+00
0.000000000000000000e+00
0.000000000000000000e+00
1.134034346093973704e+07
0.000000000000000000e+00
0.000000000000000000e+00
0.000000000000000000e+00
0.000000000000000000e+00
0.000000000000000000e+00
0.000000000000000000e+00
1.072368289471048117e+07
0.000000000000000000e+00
0.000000000000000000e+00
5.864517916904202662e+06
8.868899024300519377e+06
1.533036852571553923e+07
0.000000000000000000e+00
8.868899024300519377e+06
0.000000000000000000e+00
0.000000000000000000e+00
3.030666941463240981e+07
0.000000000000000000e+00
0.000000000000000000e+00
5.182259577388579026e+06
0.000000000000000000e+00
1.533036852571553923e+07
5.395283542444266379e+06
1.419927172399907373e+07
0.000000000000000000e+00
0.000000000000000000e+00
0.000000000000000000e+00
0.000000000000000000e+00
0.000000000000000000e+00
6.316554945955662057e+06
0.000000000000000000e+00
0.000000000000000000e+00
0.000000000000000000e+00
0.000000000000000000e+00
0.000000000000000000e+00
0.000000000000000000e+00
0.000000000000000000e+00
1.142829585189435631e+07
2.893920261632243171e+07
1.072368289471048117e+07
8.868899024300519377e+06
0.000000000000000000e+00
0.000000000000000000e+00
0.000000000000000000e+00
1.072368289471048117e+07
0.000000000000000000e+00
0.000000000000000000e+00
8.868899024300519377e+06
0.000000000000000000e+00
0.000000000000000000e+00
1.315835587065243535e+07
0.000000000000000000e+00
0.000000000000000000e+00
5.864517916904202662e+06
1.142829585189435631e+07
8.868899024300519377e+06
0.000000000000000000e+00
0.000000000000000000e+00
5.182259577388579026e+06
0.000000000000000000e+00
0.000000000000000000e+00
0.000000000000000000e+00
0.000000000000000000e+00
4.041222719712024927e+07
0.000000000000000000e+00
1.443909340519817919e+07
1.994600233964634687e+07
0.000000000000000000e+00
0.000000000000000000e+00
1.529372047383645363e+07
2.885125022536781430e+07
0.000000000000000000e+00
5.843298617235378362e+06
5.182259577388579026e+06
0.000000000000000000e+00
0.000000000000000000e+00
0.000000000000000000e+00
1.256643660403302498e+07
4.126909314717210084e+07
0.000000000000000000e+00
1.419927172399907373e+07
0.000000000000000000e+00
0.000000000000000000e+00
9.435766597191704437e+06
0.000000000000000000e+00
0.000000000000000000e+00
0.000000000000000000e+00
5.843298617235378362e+06
0.000000000000000000e+00
0.000000000000000000e+00
8.959812547470519319e+06
1.084567186195900477e+07
0.000000000000000000e+00
1.142829585189435631e+07
5.444546850261397660e+06
5.395283542444266379e+06
0.000000000000000000e+00
0.000000000000000000e+00
1.716222680791466683e+07
1.611896643715474755e+07
5.843298617235378362e+06
0.000000000000000000e+00
5.864517916904202662e+06
0.000000000000000000e+00
0.000000000000000000e+00
0.000000000000000000e+00
0.000000000000000000e+00
1.529372047383645363e+07
2.097076054719844460e+07
0.000000000000000000e+00
0.000000000000000000e+00
1.512746192996306531e+07
1.084567186195900477e+07
6.316554945955662057e+06
2.306521399088238925e+07
5.395283542444266379e+06
1.668897047919438407e+07
5.444546850261397660e+06
0.000000000000000000e+00
9.435766597191704437e+06
1.050283991122716479e+07
2.823458965913855657e+07
0.000000000000000000e+00
1.057754311983284540e+07
0.000000000000000000e+00
1.142829585189435631e+07
0.000000000000000000e+00
0.000000000000000000e+00
5.960573837092886679e+06
1.072368289471048117e+07
1.512746192996306531e+07
0.000000000000000000e+00
0.000000000000000000e+00
0.000000000000000000e+00
0.000000000000000000e+00
0.000000000000000000e+00
0.000000000000000000e+00
6.316554945955662057e+06
0.000000000000000000e+00
0.000000000000000000e+00
2.888335573033805937e+07
0.000000000000000000e+00
0.000000000000000000e+00
1.539634043428459018e+07
2.999238710377632175e+06
8.868899024300519377e+06
1.142829585189435631e+07
0.000000000000000000e+00
0.000000000000000000e+00
0.000000000000000000e+00
0.000000000000000000e+00
0.000000000000000000e+00
2.597313379192207009e+07
1.084567186195900477e+07
2.627292242403618991e+07
0.000000000000000000e+00
7.613503072815756314e+06
5.864517916904202662e+06
0.000000000000000000e+00
0.000000000000000000e+00
0.000000000000000000e+00
5.182259577388579026e+06
0.000000000000000000e+00
0.000000000000000000e+00
0.000000000000000000e+00
0.000000000000000000e+00
0.000000000000000000e+00
0.000000000000000000e+00
1.533036852571553923e+07
1.050283991122716479e+07
0.000000000000000000e+00
0.000000000000000000e+00
2.999238710377632175e+06
0.000000000000000000e+00
0.000000000000000000e+00
2.626418515919527039e+07
1.474974880266601406e+07
0.000000000000000000e+00
2.447076997263958305e+07
0.000000000000000000e+00
2.267789750048089772e+07
2.999238710377632175e+06
0.000000000000000000e+00
2.938318221960055083e+07
6.316554945955662057e+06
0.000000000000000000e+00
8.868899024300519377e+06
5.182259577388579026e+06
0.000000000000000000e+00
8.959812547470519319e+06
8.868899024300519377e+06
0.000000000000000000e+00
1.050283991122716479e+07
0.000000000000000000e+00
0.000000000000000000e+00
0.000000000000000000e+00
0.000000000000000000e+00
1.751090676442807540e+07
1.993860650841886923e+07
2.999238710377632175e+06
0.000000000000000000e+00
3.909670548554420937e+06
0.000000000000000000e+00
0.000000000000000000e+00
2.028239202243355662e+07
1.533036852571553923e+07
0.000000000000000000e+00
0.000000000000000000e+00
1.217832084175661393e+07
5.960573837092886679e+06
0.000000000000000000e+00
0.000000000000000000e+00
5.960573837092886679e+06
0.000000000000000000e+00
5.864517916904202662e+06
0.000000000000000000e+00
1.419927172399907373e+07
1.575232154314736649e+07
1.142829585189435631e+07
1.503500337544787675e+07
0.000000000000000000e+00
0.000000000000000000e+00
2.999238710377632175e+06
1.512746192996306531e+07
0.000000000000000000e+00
2.251163895660751313e+07
0.000000000000000000e+00
0.000000000000000000e+00
0.000000000000000000e+00
0.000000000000000000e+00
0.000000000000000000e+00
1.751090676442807540e+07
1.474974880266601406e+07
8.868899024300519377e+06
5.182259577388579026e+06
1.474974880266601406e+07
5.864517916904202662e+06
1.134034346093973704e+07
0.000000000000000000e+00
0.000000000000000000e+00
0.000000000000000000e+00
0.000000000000000000e+00
0.000000000000000000e+00
0.000000000000000000e+00
1.277856957285493985e+07
1.443909340519817919e+07
2.735762759465150908e+07
1.533036852571553923e+07
0.000000000000000000e+00
1.084567186195900477e+07
1.334543714574612491e+07
0.000000000000000000e+00
3.122849197938697040e+07
0.000000000000000000e+00
1.217832084175661393e+07
1.904179892471011356e+07
0.000000000000000000e+00
0.000000000000000000e+00
0.000000000000000000e+00
2.999238710377632175e+06
0.000000000000000000e+00
5.843298617235378362e+06
9.435766597191704437e+06
2.999238710377632175e+06
2.678780326434312016e+07
0.000000000000000000e+00
0.000000000000000000e+00
1.443909340519817919e+07
1.903713247851748765e+07
0.000000000000000000e+00
1.072368289471048117e+07
0.000000000000000000e+00
0.000000000000000000e+00
3.283833299143878371e+07
0.000000000000000000e+00
0.000000000000000000e+00
2.263731945583228022e+07
0.000000000000000000e+00
0.000000000000000000e+00
2.351866430269635096e+07
0.000000000000000000e+00
2.804418229633571208e+07
2.999238710377632175e+06
0.000000000000000000e+00
3.909670548554420937e+06
1.745505987844370306e+07
0.000000000000000000e+00
2.999238710377632175e+06
0.000000000000000000e+00
3.909670548554420937e+06
0.000000000000000000e+00
2.547343169737649709e+07
0.000000000000000000e+00
0.000000000000000000e+00
1.512746192996306531e+07
0.000000000000000000e+00
8.868899024300519377e+06
1.426418256674478576e+07
9.435766597191704437e+06
0.000000000000000000e+00
7.384177026644445956e+06
2.251163895660751313e+07
0.000000000000000000e+00
9.435766597191704437e+06
0.000000000000000000e+00
5.843298617235378362e+06
1.512746192996306531e+07
2.043028691789214313e+07
0.000000000000000000e+00
1.050283991122716479e+07
0.000000000000000000e+00
0.000000000000000000e+00
0.000000000000000000e+00
0.000000000000000000e+00
1.315835587065243535e+07
1.022622549451008253e+07
0.000000000000000000e+00
1.745505987844370306e+07
0.000000000000000000e+00
0.000000000000000000e+00
5.960573837092886679e+06
1.084567186195900477e+07
0.000000000000000000e+00
0.000000000000000000e+00
0.000000000000000000e+00
0.000000000000000000e+00
2.597313379192207009e+07
0.000000000000000000e+00
2.605405142042601854e+07
5.864517916904202662e+06
1.956249786840105802e+07
0.000000000000000000e+00
0.000000000000000000e+00
0.000000000000000000e+00
0.000000000000000000e+00
0.000000000000000000e+00
0.000000000000000000e+00
1.315835587065243535e+07
1.533036852571553923e+07
1.993200838005459309e+07
0.000000000000000000e+00
0.000000000000000000e+00
1.057754311983284540e+07
0.000000000000000000e+00
1.443909340519817919e+07
5.182259577388579026e+06
1.993200838005459309e+07
5.843298617235378362e+06
1.751090676442807540e+07
5.864517916904202662e+06
0.000000000000000000e+00
0.000000000000000000e+00
0.000000000000000000e+00
0.000000000000000000e+00
1.084567186195900477e+07
0.000000000000000000e+00
1.443909340519817919e+07
0.000000000000000000e+00
1.602793143934758380e+07
0.000000000000000000e+00
0.000000000000000000e+00
0.000000000000000000e+00
2.182327043184262514e+07
5.182259577388579026e+06
1.512746192996306531e+07
1.443909340519817919e+07
0.000000000000000000e+00
1.512746192996306531e+07
0.000000000000000000e+00
0.000000000000000000e+00
4.942009912029240280e+07
0.000000000000000000e+00
0.000000000000000000e+00
1.315835587065243535e+07
0.000000000000000000e+00
0.000000000000000000e+00
7.384177026644445956e+06
5.182259577388579026e+06
0.000000000000000000e+00
1.072368289471048117e+07
0.000000000000000000e+00
1.362944739369068295e+07
0.000000000000000000e+00
1.072368289471048117e+07
5.395283542444266379e+06
2.164692347167120129e+07
1.751090676442807540e+07
0.000000000000000000e+00
1.084567186195900477e+07
5.864517916904202662e+06
1.176110179621705972e+07
0.000000000000000000e+00
0.000000000000000000e+00
0.000000000000000000e+00
0.000000000000000000e+00
0.000000000000000000e+00
1.315835587065243535e+07
0.000000000000000000e+00
0.000000000000000000e+00
0.000000000000000000e+00
0.000000000000000000e+00
2.213392582931046188e+07
2.768060599537977949e+07
1.217832084175661393e+07
3.061341574909614027e+07
0.000000000000000000e+00
1.217832084175661393e+07
0.000000000000000000e+00
1.134034346093973704e+07
0.000000000000000000e+00
0.000000000000000000e+00
1.217832084175661393e+07
6.316554945955662057e+06
1.745505987844370306e+07
0.000000000000000000e+00
1.324869494354864955e+07
0.000000000000000000e+00
0.000000000000000000e+00
0.000000000000000000e+00
5.444546850261397660e+06
8.868899024300519377e+06
0.000000000000000000e+00
1.315835587065243535e+07
2.999238710377632175e+06
1.802161945899199322e+07
2.182327043184262514e+07
2.837919619635669887e+07
1.443909340519817919e+07
0.000000000000000000e+00
0.000000000000000000e+00
1.084567186195900477e+07
0.000000000000000000e+00
1.217832084175661393e+07
0.000000000000000000e+00
1.362944739369068295e+07
0.000000000000000000e+00
0.000000000000000000e+00
5.182259577388579026e+06
1.512746192996306531e+07
1.362944739369068295e+07
5.395283542444266379e+06
0.000000000000000000e+00
0.000000000000000000e+00
0.000000000000000000e+00
0.000000000000000000e+00
0.000000000000000000e+00
0.000000000000000000e+00
0.000000000000000000e+00
1.084567186195900477e+07
1.751090676442807540e+07
0.000000000000000000e+00
2.597313379192207009e+07
5.182259577388579026e+06
0.000000000000000000e+00
1.625307605094496533e+07
0.000000000000000000e+00
1.022622549451008253e+07
0.000000000000000000e+00
3.248193216385899484e+07
0.000000000000000000e+00
0.000000000000000000e+00
0.000000000000000000e+00
0.000000000000000000e+00
1.751090676442807540e+07
2.667071198665527627e+07
0.000000000000000000e+00
0.000000000000000000e+00
0.000000000000000000e+00
0.000000000000000000e+00
0.000000000000000000e+00
0.000000000000000000e+00
1.134034346093973704e+07
0.000000000000000000e+00
0.000000000000000000e+00
0.000000000000000000e+00
0.000000000000000000e+00
0.000000000000000000e+00
0.000000000000000000e+00
1.813889467884949967e+07
1.680624569905189052e+07
1.050283991122716479e+07
5.960573837092886679e+06
1.084567186195900477e+07
0.000000000000000000e+00
0.000000000000000000e+00
5.395283542444266379e+06
1.751090676442807540e+07
0.000000000000000000e+00
0.000000000000000000e+00
0.000000000000000000e+00
0.000000000000000000e+00
0.000000000000000000e+00
0.000000000000000000e+00
0.000000000000000000e+00
3.752971749694173038e+07
0.000000000000000000e+00
0.000000000000000000e+00
0.000000000000000000e+00
0.000000000000000000e+00
0.000000000000000000e+00
1.315835587065243535e+07
0.000000000000000000e+00
1.050283991122716479e+07
0.000000000000000000e+00
0.000000000000000000e+00
1.832960723609317094e+07
2.742833485125077143e+07
0.000000000000000000e+00
0.000000000000000000e+00
0.000000000000000000e+00
1.895384653375549242e+07
0.000000000000000000e+00
0.000000000000000000e+00
0.000000000000000000e+00
0.000000000000000000e+00
1.751090676442807540e+07
1.217832084175661393e+07
1.084567186195900477e+07
0.000000000000000000e+00
2.182327043184262514e+07
0.000000000000000000e+00
0.000000000000000000e+00
1.134034346093973704e+07
1.937173893552768230e+07
6.316554945955662057e+06
3.461728668635836989e+07
0.000000000000000000e+00
0.000000000000000000e+00
0.000000000000000000e+00
1.706802641920685768e+07
1.751090676442807540e+07
1.911892970774532109e+07
1.751090676442807540e+07
0.000000000000000000e+00
0.000000000000000000e+00
0.000000000000000000e+00
1.050283991122716479e+07
0.000000000000000000e+00
1.347802098971995898e+07
0.000000000000000000e+00
1.533036852571553923e+07
5.843298617235378362e+06
0.000000000000000000e+00
1.512746192996306531e+07
6.316554945955662057e+06
0.000000000000000000e+00
0.000000000000000000e+00
0.000000000000000000e+00
5.182259577388579026e+06
0.000000000000000000e+00
0.000000000000000000e+00
0.000000000000000000e+00
0.000000000000000000e+00
1.745505987844370306e+07
1.072368289471048117e+07
0.000000000000000000e+00
1.443909340519817919e+07
2.999238710377632175e+06
9.435766597191704437e+06
0.000000000000000000e+00
1.134034346093973704e+07
0.000000000000000000e+00
1.788701693787161261e+07
1.050283991122716479e+07
5.843298617235378362e+06
0.000000000000000000e+00
0.000000000000000000e+00
5.395283542444266379e+06
1.419927172399907373e+07
1.503500337544787675e+07
0.000000000000000000e+00
0.000000000000000000e+00
1.050283991122716479e+07
0.000000000000000000e+00
2.553784328667504340e+07
0.000000000000000000e+00
0.000000000000000000e+00
0.000000000000000000e+00
0.000000000000000000e+00
1.443909340519817919e+07
1.629021871222040243e+07
1.533036852571553923e+07
0.000000000000000000e+00
2.028143845915070921e+07
0.000000000000000000e+00
5.444546850261397660e+06
0.000000000000000000e+00
0.000000000000000000e+00
1.072368289471048117e+07
0.000000000000000000e+00
0.000000000000000000e+00
1.947274601092606038e+07
0.000000000000000000e+00
5.960573837092886679e+06
5.864517916904202662e+06
0.000000000000000000e+00
9.435766597191704437e+06
0.000000000000000000e+00
2.494193331642534584e+07
0.000000000000000000e+00
0.000000000000000000e+00
0.000000000000000000e+00
1.315835587065243535e+07
0.000000000000000000e+00
1.810894227255349606e+07
0.000000000000000000e+00
0.000000000000000000e+00
2.051262810310411826e+07
0.000000000000000000e+00
0.000000000000000000e+00
0.000000000000000000e+00
0.000000000000000000e+00
0.000000000000000000e+00
3.462502460623145103e+07
1.419927172399907373e+07
0.000000000000000000e+00
1.704023784066614509e+07
1.443909340519817919e+07
2.119488644261974096e+07
2.817874277315418422e+07
1.503500337544787675e+07
0.000000000000000000e+00
0.000000000000000000e+00
0.000000000000000000e+00
8.868899024300519377e+06
0.000000000000000000e+00
5.182259577388579026e+06
0.000000000000000000e+00
0.000000000000000000e+00
2.597313379192207009e+07
5.960573837092886679e+06
6.316554945955662057e+06
0.000000000000000000e+00
1.830466562149222195e+07
0.000000000000000000e+00
0.000000000000000000e+00
2.585114482467354834e+07
0.000000000000000000e+00
3.195000016962625459e+07
0.000000000000000000e+00
0.000000000000000000e+00
1.419927172399907373e+07
7.613503072815756314e+06
7.613503072815756314e+06
1.533036852571553923e+07
1.443909340519817919e+07
0.000000000000000000e+00
5.444546850261397660e+06
3.909670548554420937e+06
0.000000000000000000e+00
0.000000000000000000e+00
5.864517916904202662e+06
0.000000000000000000e+00
8.868899024300519377e+06
0.000000000000000000e+00
1.084567186195900477e+07
0.000000000000000000e+00
0.000000000000000000e+00
1.072368289471048117e+07
0.000000000000000000e+00
1.072368289471048117e+07
0.000000000000000000e+00
0.000000000000000000e+00
1.050283991122716479e+07
5.960573837092886679e+06
1.533036852571553923e+07
1.751090676442807540e+07
0.000000000000000000e+00
0.000000000000000000e+00
0.000000000000000000e+00
0.000000000000000000e+00
0.000000000000000000e+00
0.000000000000000000e+00
0.000000000000000000e+00
4.263615129743521661e+07
0.000000000000000000e+00
1.072368289471048117e+07
4.955644257717721164e+07
1.142829585189435631e+07
1.443909340519817919e+07
1.315835587065243535e+07
0.000000000000000000e+00
0.000000000000000000e+00
1.512746192996306531e+07
0.000000000000000000e+00
0.000000000000000000e+00
0.000000000000000000e+00
0.000000000000000000e+00
0.000000000000000000e+00
5.843298617235378362e+06
0.000000000000000000e+00
1.533036852571553923e+07
1.084567186195900477e+07
1.474974880266601406e+07
1.050283991122716479e+07
1.474974880266601406e+07
2.341563371553659067e+07
2.999238710377632175e+06
0.000000000000000000e+00
5.444546850261397660e+06
1.134034346093973704e+07
0.000000000000000000e+00
5.182259577388579026e+06
0.000000000000000000e+00
5.444546850261397660e+06
1.334543714574612491e+07
0.000000000000000000e+00
2.059392728035778925e+07
3.798688681565310806e+07
2.585114482467354834e+07
1.134034346093973704e+07
0.000000000000000000e+00
0.000000000000000000e+00
0.000000000000000000e+00
1.142829585189435631e+07
1.072368289471048117e+07
0.000000000000000000e+00
0.000000000000000000e+00
0.000000000000000000e+00
5.960573837092886679e+06
0.000000000000000000e+00
2.466531889970826358e+07
1.217832084175661393e+07
7.384177026644445956e+06
2.965737883303826675e+07
1.937173893552768230e+07
0.000000000000000000e+00
0.000000000000000000e+00
0.000000000000000000e+00
0.000000000000000000e+00
0.000000000000000000e+00
1.362944739369068295e+07
0.000000000000000000e+00
0.000000000000000000e+00
5.960573837092886679e+06
0.000000000000000000e+00
0.000000000000000000e+00
1.443909340519817919e+07
5.843298617235378362e+06
0.000000000000000000e+00
0.000000000000000000e+00
2.999238710377632175e+06
1.443909340519817919e+07
0.000000000000000000e+00
1.362944739369068295e+07
1.443909340519817919e+07
0.000000000000000000e+00
0.000000000000000000e+00
1.419927172399907373e+07
5.395283542444266379e+06
0.000000000000000000e+00
0.000000000000000000e+00
0.000000000000000000e+00
0.000000000000000000e+00
0.000000000000000000e+00
5.182259577388579026e+06
1.142829585189435631e+07
0.000000000000000000e+00
0.000000000000000000e+00
1.937173893552768230e+07
5.395283542444266379e+06
0.000000000000000000e+00
7.384177026644445956e+06
1.661055542928293534e+07
1.443909340519817919e+07
1.529372047383645363e+07
5.444546850261397660e+06
0.000000000000000000e+00
1.217832084175661393e+07
1.533036852571553923e+07
1.751090676442807540e+07
0.000000000000000000e+00
0.000000000000000000e+00
0.000000000000000000e+00
7.613503072815756314e+06
5.182259577388579026e+06
3.909670548554420937e+06
8.959812547470519319e+06
0.000000000000000000e+00
0.000000000000000000e+00
0.000000000000000000e+00
0.000000000000000000e+00
0.000000000000000000e+00
1.050283991122716479e+07
3.909670548554420937e+06
0.000000000000000000e+00
0.000000000000000000e+00
1.315835587065243535e+07
0.000000000000000000e+00
2.449869933159217238e+07
5.395283542444266379e+06
5.395283542444266379e+06
0.000000000000000000e+00
1.751090676442807540e+07
0.000000000000000000e+00
0.000000000000000000e+00
1.134034346093973704e+07
8.868899024300519377e+06
2.218601532289874181e+07
0.000000000000000000e+00
0.000000000000000000e+00
0.000000000000000000e+00
0.000000000000000000e+00
0.000000000000000000e+00
0.000000000000000000e+00
0.000000000000000000e+00
7.384177026644445956e+06
0.000000000000000000e+00
5.960573837092886679e+06
1.419927172399907373e+07
0.000000000000000000e+00
0.000000000000000000e+00
0.000000000000000000e+00
2.366119578187960014e+07
2.987721073262907937e+07
1.050283991122716479e+07
5.395283542444266379e+06
1.362944739369068295e+07
2.859789329292517155e+07
0.000000000000000000e+00
0.000000000000000000e+00
7.613503072815756314e+06
0.000000000000000000e+00
1.512746192996306531e+07
1.072368289471048117e+07
6.316554945955662057e+06
3.062408899955199286e+07
1.503500337544787675e+07
1.830466562149222195e+07
1.315835587065243535e+07
0.000000000000000000e+00
0.000000000000000000e+00
2.057200878022446483e+07
0.000000000000000000e+00
0.000000000000000000e+00
0.000000000000000000e+00
0.000000000000000000e+00
0.000000000000000000e+00
0.000000000000000000e+00
2.061426671957021579e+07
0.000000000000000000e+00
0.000000000000000000e+00
0.000000000000000000e+00
6.021855535676496476e+07
3.909670548554420937e+06
3.195000016962625459e+07
0.000000000000000000e+00
1.050283991122716479e+07
0.000000000000000000e+00
5.395283542444266379e+06
5.864517916904202662e+06
0.000000000000000000e+00
0.000000000000000000e+00
0.000000000000000000e+00
1.810785992135492712e+07
0.000000000000000000e+00
2.563030184119023010e+07
0.000000000000000000e+00
9.435766597191704437e+06
7.384177026644445956e+06
0.000000000000000000e+00
2.999238710377632175e+06
0.000000000000000000e+00
0.000000000000000000e+00
5.395283542444266379e+06
1.751090676442807540e+07
0.000000000000000000e+00
1.503500337544787675e+07
0.000000000000000000e+00
0.000000000000000000e+00
0.000000000000000000e+00
0.000000000000000000e+00
0.000000000000000000e+00
0.000000000000000000e+00
0.000000000000000000e+00
0.000000000000000000e+00
0.000000000000000000e+00
1.315835587065243535e+07
1.529372047383645363e+07
0.000000000000000000e+00
2.655575778185742348e+07
0.000000000000000000e+00
1.084567186195900477e+07
0.000000000000000000e+00
0.000000000000000000e+00
1.217832084175661393e+07
0.000000000000000000e+00
0.000000000000000000e+00
0.000000000000000000e+00
0.000000000000000000e+00
5.182259577388579026e+06
0.000000000000000000e+00
0.000000000000000000e+00
0.000000000000000000e+00
5.843298617235378362e+06
0.000000000000000000e+00
2.976946193091371655e+07
1.072368289471048117e+07
3.909670548554420937e+06
0.000000000000000000e+00
0.000000000000000000e+00
0.000000000000000000e+00
0.000000000000000000e+00
1.217832084175661393e+07
0.000000000000000000e+00
8.868899024300519377e+06
0.000000000000000000e+00
0.000000000000000000e+00
0.000000000000000000e+00
0.000000000000000000e+00
1.217832084175661393e+07
0.000000000000000000e+00
1.134034346093973704e+07
0.000000000000000000e+00
2.999238710377632175e+06
0.000000000000000000e+00
0.000000000000000000e+00
1.315835587065243535e+07
0.000000000000000000e+00
1.072368289471048117e+07
5.843298617235378362e+06
0.000000000000000000e+00
0.000000000000000000e+00
1.050283991122716479e+07
0.000000000000000000e+00
0.000000000000000000e+00
3.258252180840677023e+07
2.330799242949869856e+07
0.000000000000000000e+00
0.000000000000000000e+00
1.443909340519817919e+07
5.960573837092886679e+06
0.000000000000000000e+00
0.000000000000000000e+00
1.084567186195900477e+07
0.000000000000000000e+00
6.316554945955662057e+06
0.000000000000000000e+00
0.000000000000000000e+00
9.091930125942999497e+06
1.751090676442807540e+07
0.000000000000000000e+00
0.000000000000000000e+00
7.613503072815756314e+06
1.084567186195900477e+07
1.072368289471048117e+07
0.000000000000000000e+00
0.000000000000000000e+00
0.000000000000000000e+00
1.512746192996306531e+07
4.078746836163073778e+07
0.000000000000000000e+00
1.315835587065243535e+07
0.000000000000000000e+00
6.316554945955662057e+06
2.662627645330730826e+07
0.000000000000000000e+00
0.000000000000000000e+00
5.864517916904202662e+06
1.217832084175661393e+07
5.960573837092886679e+06
0.000000000000000000e+00
1.937173893552768230e+07
0.000000000000000000e+00
0.000000000000000000e+00
1.134034346093973704e+07
0.000000000000000000e+00
0.000000000000000000e+00
9.435766597191704437e+06
0.000000000000000000e+00
0.000000000000000000e+00
7.613503072815756314e+06
1.134034346093973704e+07
2.801374667565523833e+07
1.419927172399907373e+07
0.000000000000000000e+00
0.000000000000000000e+00
1.134034346093973704e+07
0.000000000000000000e+00
0.000000000000000000e+00
0.000000000000000000e+00
0.000000000000000000e+00
7.384177026644445956e+06
0.000000000000000000e+00
0.000000000000000000e+00
5.395283542444266379e+06
0.000000000000000000e+00
1.315835587065243535e+07
0.000000000000000000e+00
1.072368289471048117e+07
2.672201632573080808e+07
0.000000000000000000e+00
0.000000000000000000e+00
0.000000000000000000e+00
0.000000000000000000e+00
2.072565206815980375e+07
0.000000000000000000e+00
0.000000000000000000e+00
1.217832084175661393e+07
0.000000000000000000e+00
0.000000000000000000e+00
0.000000000000000000e+00
0.000000000000000000e+00
1.720486137784393877e+07
0.000000000000000000e+00
3.226065556709408760e+07
1.050283991122716479e+07
7.384177026644445956e+06
0.000000000000000000e+00
1.745505987844370306e+07
1.512746192996306531e+07
0.000000000000000000e+00
2.051582666995473579e+07
0.000000000000000000e+00
1.134034346093973704e+07
0.000000000000000000e+00
1.134034346093973704e+07
0.000000000000000000e+00
0.000000000000000000e+00
0.000000000000000000e+00
1.142829585189435631e+07
1.072368289471048117e+07
0.000000000000000000e+00
0.000000000000000000e+00
1.751090676442807540e+07
0.000000000000000000e+00
2.999238710377632175e+06
1.142829585189435631e+07
1.072368289471048117e+07
2.341563371553659067e+07
5.395283542444266379e+06
1.050283991122716479e+07
0.000000000000000000e+00
5.182259577388579026e+06
3.909670548554420937e+06
1.751090676442807540e+07
1.072368289471048117e+07
0.000000000000000000e+00
1.419927172399907373e+07
1.134034346093973704e+07
0.000000000000000000e+00
9.435766597191704437e+06
0.000000000000000000e+00
3.560344198118809611e+07
0.000000000000000000e+00
0.000000000000000000e+00
0.000000000000000000e+00
0.000000000000000000e+00
0.000000000000000000e+00
1.134034346093973704e+07
0.000000000000000000e+00
0.000000000000000000e+00
0.000000000000000000e+00
0.000000000000000000e+00
0.000000000000000000e+00
1.503500337544787675e+07
9.435766597191704437e+06
1.512746192996306531e+07
1.512746192996306531e+07
0.000000000000000000e+00
1.084567186195900477e+07
0.000000000000000000e+00
0.000000000000000000e+00
0.000000000000000000e+00
8.868899024300519377e+06
0.000000000000000000e+00
1.050283991122716479e+07
0.000000000000000000e+00
0.000000000000000000e+00
0.000000000000000000e+00
0.000000000000000000e+00
0.000000000000000000e+00
0.000000000000000000e+00
1.072368289471048117e+07
0.000000000000000000e+00
0.000000000000000000e+00
5.960573837092886679e+06
0.000000000000000000e+00
0.000000000000000000e+00
1.050283991122716479e+07
1.648240209711627662e+07
0.000000000000000000e+00
3.083774019297704846e+07
0.000000000000000000e+00
0.000000000000000000e+00
0.000000000000000000e+00
0.000000000000000000e+00
0.000000000000000000e+00
0.000000000000000000e+00
1.362944739369068295e+07
0.000000000000000000e+00
1.050283991122716479e+07
0.000000000000000000e+00
1.134034346093973704e+07
0.000000000000000000e+00
0.000000000000000000e+00
0.000000000000000000e+00
5.960573837092886679e+06
0.000000000000000000e+00
0.000000000000000000e+00
2.249834641799120232e+07
0.000000000000000000e+00
0.000000000000000000e+00
0.000000000000000000e+00
1.443909340519817919e+07
1.072368289471048117e+07
0.000000000000000000e+00
1.134034346093973704e+07
5.182259577388579026e+06
0.000000000000000000e+00
1.134034346093973704e+07
0.000000000000000000e+00
0.000000000000000000e+00
0.000000000000000000e+00
1.384491057233663648e+07
0.000000000000000000e+00
0.000000000000000000e+00
2.978475217811389267e+07
0.000000000000000000e+00
0.000000000000000000e+00
0.000000000000000000e+00
0.000000000000000000e+00
5.395283542444266379e+06
0.000000000000000000e+00
0.000000000000000000e+00
2.193113576312152296e+07
0.000000000000000000e+00
1.443909340519817919e+07
0.000000000000000000e+00
1.533036852571553923e+07
2.952964024971461296e+07
1.474974880266601406e+07
0.000000000000000000e+00
1.718364207817511633e+07
2.637980578872859478e+07
0.000000000000000000e+00
3.043484829128175974e+07
0.000000000000000000e+00
0.000000000000000000e+00
1.443909340519817919e+07
1.745505987844370306e+07
0.000000000000000000e+00
0.000000000000000000e+00
0.000000000000000000e+00
0.000000000000000000e+00
0.000000000000000000e+00
0.000000000000000000e+00
0.000000000000000000e+00
0.000000000000000000e+00
0.000000000000000000e+00
0.000000000000000000e+00
0.000000000000000000e+00
0.000000000000000000e+00
0.000000000000000000e+00
0.000000000000000000e+00
0.000000000000000000e+00
1.134034346093973704e+07
7.613503072815756314e+06
0.000000000000000000e+00
1.217832084175661393e+07
1.529372047383645363e+07
0.000000000000000000e+00
0.000000000000000000e+00
0.000000000000000000e+00
1.503500337544787675e+07
0.000000000000000000e+00
6.908909258932053111e+06
2.119488644261974096e+07
2.999238710377632175e+06
0.000000000000000000e+00
0.000000000000000000e+00
1.443909340519817919e+07
0.000000000000000000e+00
1.680624569905189052e+07
0.000000000000000000e+00
0.000000000000000000e+00
2.999238710377632175e+06
1.134034346093973704e+07
1.217832084175661393e+07
1.134034346093973704e+07
1.763259215364253521e+07
0.000000000000000000e+00
0.000000000000000000e+00
0.000000000000000000e+00
8.868899024300519377e+06
0.000000000000000000e+00
0.000000000000000000e+00
1.217832084175661393e+07
0.000000000000000000e+00
1.050283991122716479e+07
0.000000000000000000e+00
0.000000000000000000e+00
1.533036852571553923e+07
0.000000000000000000e+00
0.000000000000000000e+00
0.000000000000000000e+00
0.000000000000000000e+00
0.000000000000000000e+00
0.000000000000000000e+00
0.000000000000000000e+00
1.512746192996306531e+07
0.000000000000000000e+00
1.529372047383645363e+07
1.512746192996306531e+07
1.350207862160479650e+07
0.000000000000000000e+00
0.000000000000000000e+00
0.000000000000000000e+00
0.000000000000000000e+00
0.000000000000000000e+00
0.000000000000000000e+00
0.000000000000000000e+00
0.000000000000000000e+00
0.000000000000000000e+00
1.625307605094496533e+07
0.000000000000000000e+00
0.000000000000000000e+00
1.518545397025618143e+07
0.000000000000000000e+00
5.395283542444266379e+06
1.751090676442807540e+07
0.000000000000000000e+00
1.050283991122716479e+07
0.000000000000000000e+00
1.745505987844370306e+07
2.419926755001606047e+07
0.000000000000000000e+00
5.395283542444266379e+06
0.000000000000000000e+00
0.000000000000000000e+00
0.000000000000000000e+00
5.444546850261397660e+06
1.142829585189435631e+07
1.751090676442807540e+07
0.000000000000000000e+00
2.184318337216690183e+07
0.000000000000000000e+00
0.000000000000000000e+00
1.217832084175661393e+07
8.868899024300519377e+06
0.000000000000000000e+00
5.395283542444266379e+06
2.999238710377632175e+06
0.000000000000000000e+00
0.000000000000000000e+00
0.000000000000000000e+00
5.843298617235378362e+06
5.843298617235378362e+06
0.000000000000000000e+00
0.000000000000000000e+00
1.765689840689539909e+07
0.000000000000000000e+00
0.000000000000000000e+00
0.000000000000000000e+00
0.000000000000000000e+00
3.909670548554420937e+06
0.000000000000000000e+00
2.205259647801393643e+07
2.583320843694270402e+07
0.000000000000000000e+00
0.000000000000000000e+00
0.000000000000000000e+00
0.000000000000000000e+00
1.834061544804101437e+07
0.000000000000000000e+00
0.000000000000000000e+00
0.000000000000000000e+00
5.182259577388579026e+06
0.000000000000000000e+00
0.000000000000000000e+00
0.000000000000000000e+00
0.000000000000000000e+00
1.751090676442807540e+07
0.000000000000000000e+00
1.315835587065243535e+07
6.316554945955662057e+06
1.362944739369068295e+07
2.580776823544729501e+07
0.000000000000000000e+00
1.084567186195900477e+07
1.142829585189435631e+07
1.104677749429278076e+07
0.000000000000000000e+00
1.443909340519817919e+07
0.000000000000000000e+00
0.000000000000000000e+00
0.000000000000000000e+00
0.000000000000000000e+00
0.000000000000000000e+00
5.960573837092886679e+06
1.443909340519817919e+07
0.000000000000000000e+00
3.945186043789225072e+07
0.000000000000000000e+00
0.000000000000000000e+00
4.030015938034595549e+07
1.072368289471048117e+07
3.413959286849638820e+07
2.999238710377632175e+06
0.000000000000000000e+00
1.443909340519817919e+07
0.000000000000000000e+00
0.000000000000000000e+00
0.000000000000000000e+00
1.533036852571553923e+07
0.000000000000000000e+00
0.000000000000000000e+00
0.000000000000000000e+00
6.316554945955662057e+06
0.000000000000000000e+00
6.316554945955662057e+06
0.000000000000000000e+00
2.999238710377632175e+06
8.868899024300519377e+06
0.000000000000000000e+00
2.476613512290724367e+07
1.751090676442807540e+07
0.000000000000000000e+00
0.000000000000000000e+00
0.000000000000000000e+00
0.000000000000000000e+00
0.000000000000000000e+00
1.393005801877141744e+07
0.000000000000000000e+00
0.000000000000000000e+00
0.000000000000000000e+00
0.000000000000000000e+00
0.000000000000000000e+00
0.000000000000000000e+00
1.315835587065243535e+07
0.000000000000000000e+00
0.000000000000000000e+00
0.000000000000000000e+00
2.609009226360575110e+07
0.000000000000000000e+00
1.503500337544787675e+07
0.000000000000000000e+00
2.528476526715718210e+07
0.000000000000000000e+00
1.751090676442807540e+07
1.142829585189435631e+07
2.738115115007538348e+07
0.000000000000000000e+00
1.315835587065243535e+07
1.217832084175661393e+07
1.256643660403302498e+07
0.000000000000000000e+00
2.597313379192207009e+07
0.000000000000000000e+00
5.444546850261397660e+06
1.134034346093973704e+07
0.000000000000000000e+00
0.000000000000000000e+00
0.000000000000000000e+00
0.000000000000000000e+00
1.084567186195900477e+07
7.384177026644445956e+06
8.868899024300519377e+06
0.000000000000000000e+00
0.000000000000000000e+00
1.503500337544787675e+07
0.000000000000000000e+00
2.525258871389317885e+07
1.134034346093973704e+07
0.000000000000000000e+00
0.000000000000000000e+00
0.000000000000000000e+00
1.474974880266601406e+07
0.000000000000000000e+00
1.315835587065243535e+07
0.000000000000000000e+00
0.000000000000000000e+00
1.050283991122716479e+07
9.435766597191704437e+06
0.000000000000000000e+00
1.084567186195900477e+07
0.000000000000000000e+00
0.000000000000000000e+00
1.503500337544787675e+07
0.000000000000000000e+00
0.000000000000000000e+00
0.000000000000000000e+00
0.000000000000000000e+00
0.000000000000000000e+00
5.395283542444266379e+06
2.646780539090280235e+07
0.000000000000000000e+00
0.000000000000000000e+00
2.158344875064352155e+07
0.000000000000000000e+00
5.035978891221839190e+07
1.718364207817511633e+07
0.000000000000000000e+00
0.000000000000000000e+00
0.000000000000000000e+00
1.474974880266601406e+07
2.999238710377632175e+06
0.000000000000000000e+00
1.300878661526002362e+07
6.316554945955662057e+06
0.000000000000000000e+00
0.000000000000000000e+00
1.788701693787161261e+07
1.730091729803262278e+07
0.000000000000000000e+00
0.000000000000000000e+00
0.000000000000000000e+00
0.000000000000000000e+00
0.000000000000000000e+00
1.142829585189435631e+07
1.050283991122716479e+07
0.000000000000000000e+00
0.000000000000000000e+00
1.134034346093973704e+07
0.000000000000000000e+00
0.000000000000000000e+00
0.000000000000000000e+00
9.435766597191704437e+06
7.384177026644445956e+06
1.050283991122716479e+07
0.000000000000000000e+00
1.142829585189435631e+07
0.000000000000000000e+00
1.050283991122716479e+07
0.000000000000000000e+00
0.000000000000000000e+00
7.384177026644445956e+06
0.000000000000000000e+00
0.000000000000000000e+00
1.533036852571553923e+07
9.435766597191704437e+06
5.864517916904202662e+06
0.000000000000000000e+00
5.182259577388579026e+06
0.000000000000000000e+00
1.865941935122043639e+07
0.000000000000000000e+00
3.186757033822529018e+07
0.000000000000000000e+00
1.315835587065243535e+07
0.000000000000000000e+00
1.443909340519817919e+07
0.000000000000000000e+00
0.000000000000000000e+00
8.868899024300519377e+06
0.000000000000000000e+00
2.533667671240904927e+07
0.000000000000000000e+00
1.170781653413958102e+07
1.315835587065243535e+07
0.000000000000000000e+00
0.000000000000000000e+00
1.072368289471048117e+07
0.000000000000000000e+00
1.533036852571553923e+07
0.000000000000000000e+00
0.000000000000000000e+00
6.316554945955662057e+06
0.000000000000000000e+00
0.000000000000000000e+00
0.000000000000000000e+00
0.000000000000000000e+00
0.000000000000000000e+00
0.000000000000000000e+00
1.315835587065243535e+07
0.000000000000000000e+00
0.000000000000000000e+00
0.000000000000000000e+00
0.000000000000000000e+00
0.000000000000000000e+00
0.000000000000000000e+00
6.316554945955662057e+06
0.000000000000000000e+00
1.443909340519817919e+07
0.000000000000000000e+00
0.000000000000000000e+00
0.000000000000000000e+00
0.000000000000000000e+00
0.000000000000000000e+00
1.751090676442807540e+07
1.315835587065243535e+07
0.000000000000000000e+00
0.000000000000000000e+00
1.362944739369068295e+07
0.000000000000000000e+00
1.362944739369068295e+07
3.805343966172495484e+07
0.000000000000000000e+00
0.000000000000000000e+00
0.000000000000000000e+00
0.000000000000000000e+00
0.000000000000000000e+00
1.072368289471048117e+07
0.000000000000000000e+00
0.000000000000000000e+00
1.072368289471048117e+07
3.977577011760722846e+07
5.182259577388579026e+06
0.000000000000000000e+00
0.000000000000000000e+00
0.000000000000000000e+00
0.000000000000000000e+00
0.000000000000000000e+00
1.315835587065243535e+07
0.000000000000000000e+00
0.000000000000000000e+00
0.000000000000000000e+00
1.419927172399907373e+07
0.000000000000000000e+00
1.217832084175661393e+07
1.419927172399907373e+07
0.000000000000000000e+00
2.134851177318616956e+07
0.000000000000000000e+00
0.000000000000000000e+00
0.000000000000000000e+00
1.503500337544787675e+07
2.879540333938343823e+07
1.590594247209906019e+07
0.000000000000000000e+00
0.000000000000000000e+00
1.142829585189435631e+07
0.000000000000000000e+00
0.000000000000000000e+00
1.533036852571553923e+07
1.855363941309670359e+07
9.435766597191704437e+06
8.868899024300519377e+06
5.182259577388579026e+06
0.000000000000000000e+00
0.000000000000000000e+00
0.000000000000000000e+00
1.512746192996306531e+07
1.443909340519817919e+07
1.072368289471048117e+07
1.443909340519817919e+07
3.909670548554420937e+06
0.000000000000000000e+00
0.000000000000000000e+00
0.000000000000000000e+00
5.960573837092886679e+06
1.824925271987178922e+07
1.810785992135492712e+07
0.000000000000000000e+00
0.000000000000000000e+00
0.000000000000000000e+00
0.000000000000000000e+00
0.000000000000000000e+00
0.000000000000000000e+00
0.000000000000000000e+00
3.909670548554420937e+06
0.000000000000000000e+00
2.044222694972160086e+07
2.206402635565021634e+07
0.000000000000000000e+00
3.290969821760922298e+07
0.000000000000000000e+00
0.000000000000000000e+00
9.435766597191704437e+06
0.000000000000000000e+00
0.000000000000000000e+00
0.000000000000000000e+00
0.000000000000000000e+00
0.000000000000000000e+00
0.000000000000000000e+00
1.419927172399907373e+07
1.315835587065243535e+07
0.000000000000000000e+00
0.000000000000000000e+00
0.000000000000000000e+00
0.000000000000000000e+00
1.315835587065243535e+07
0.000000000000000000e+00
0.000000000000000000e+00
1.084567186195900477e+07
0.000000000000000000e+00
0.000000000000000000e+00
0.000000000000000000e+00
0.000000000000000000e+00
0.000000000000000000e+00
3.123631099781459942e+07
0.000000000000000000e+00
0.000000000000000000e+00
0.000000000000000000e+00
0.000000000000000000e+00
0.000000000000000000e+00
0.000000000000000000e+00
8.868899024300519377e+06
1.084567186195900477e+07
0.000000000000000000e+00
0.000000000000000000e+00
0.000000000000000000e+00
1.050283991122716479e+07
0.000000000000000000e+00
0.000000000000000000e+00
1.751090676442807540e+07
2.512440983724383265e+07
0.000000000000000000e+00
2.617604038767454401e+07
0.000000000000000000e+00
1.881170697107926011e+07
5.395283542444266379e+06
0.000000000000000000e+00
9.435766597191704437e+06
2.528476526715718210e+07
0.000000000000000000e+00
0.000000000000000000e+00
0.000000000000000000e+00
0.000000000000000000e+00
0.000000000000000000e+00
0.000000000000000000e+00
3.909670548554420937e+06
0.000000000000000000e+00
0.000000000000000000e+00
1.443909340519817919e+07
0.000000000000000000e+00
5.182259577388579026e+06
1.084567186195900477e+07
0.000000000000000000e+00
5.960573837092886679e+06
0.000000000000000000e+00
2.999238710377632175e+06
0.000000000000000000e+00
4.925091746765887737e+07
0.000000000000000000e+00
0.000000000000000000e+00
7.384177026644445956e+06
0.000000000000000000e+00
0.000000000000000000e+00
1.512746192996306531e+07
0.000000000000000000e+00
0.000000000000000000e+00
8.868899024300519377e+06
0.000000000000000000e+00
0.000000000000000000e+00
1.050283991122716479e+07
1.652260303832831606e+07
7.384177026644445956e+06
1.315835587065243535e+07
2.366119578187960014e+07
1.315835587065243535e+07
0.000000000000000000e+00
0.000000000000000000e+00
0.000000000000000000e+00
3.909670548554420937e+06
0.000000000000000000e+00
0.000000000000000000e+00
5.182259577388579026e+06
1.084567186195900477e+07
2.575868627015835792e+07
9.435766597191704437e+06
3.982957356518930197e+07
0.000000000000000000e+00
0.000000000000000000e+00
0.000000000000000000e+00
0.000000000000000000e+00
0.000000000000000000e+00
2.355240677161632478e+07
0.000000000000000000e+00
0.000000000000000000e+00
0.000000000000000000e+00
0.000000000000000000e+00
0.000000000000000000e+00
9.435766597191704437e+06
1.533036852571553923e+07
0.000000000000000000e+00
0.000000000000000000e+00
5.843298617235378362e+06
0.000000000000000000e+00
1.751090676442807540e+07
2.617604038767454401e+07
0.000000000000000000e+00
7.384177026644445956e+06
0.000000000000000000e+00
1.529372047383645363e+07
7.613503072815756314e+06
0.000000000000000000e+00
1.347802098971995898e+07
0.000000000000000000e+00
0.000000000000000000e+00
6.316554945955662057e+06
0.000000000000000000e+00
0.000000000000000000e+00
0.000000000000000000e+00
0.000000000000000000e+00
1.512746192996306531e+07
0.000000000000000000e+00
5.182259577388579026e+06
0.000000000000000000e+00
1.433958217131736875e+07
2.136473042699812353e+07
0.000000000000000000e+00
0.000000000000000000e+00
0.000000000000000000e+00
1.038341573702207766e+07
0.000000000000000000e+00
1.533036852571553923e+07
1.134034346093973704e+07
0.000000000000000000e+00
2.494193331642534584e+07
1.533036852571553923e+07
0.000000000000000000e+00
0.000000000000000000e+00
8.868899024300519377e+06
5.182259577388579026e+06
2.999238710377632175e+06
0.000000000000000000e+00
9.435766597191704437e+06
0.000000000000000000e+00
0.000000000000000000e+00
1.084567186195900477e+07
0.000000000000000000e+00
6.316554945955662057e+06
0.000000000000000000e+00
5.395283542444266379e+06
0.000000000000000000e+00
1.474974880266601406e+07
0.000000000000000000e+00
0.000000000000000000e+00
0.000000000000000000e+00
1.503500337544787675e+07
0.000000000000000000e+00
4.028936398760482669e+07
0.000000000000000000e+00
5.444546850261397660e+06
0.000000000000000000e+00
0.000000000000000000e+00
0.000000000000000000e+00
1.050283991122716479e+07
4.051747598273217678e+07
5.960573837092886679e+06
5.864517916904202662e+06
0.000000000000000000e+00
0.000000000000000000e+00
1.802161945899199322e+07
0.000000000000000000e+00
0.000000000000000000e+00
1.084567186195900477e+07
0.000000000000000000e+00
0.000000000000000000e+00
0.000000000000000000e+00
1.993860650841886923e+07
1.503500337544787675e+07
2.675866437760989368e+07
0.000000000000000000e+00
0.000000000000000000e+00
0.000000000000000000e+00
1.084567186195900477e+07
0.000000000000000000e+00
1.134034346093973704e+07
0.000000000000000000e+00
0.000000000000000000e+00
0.000000000000000000e+00
3.909670548554420937e+06
0.000000000000000000e+00
0.000000000000000000e+00
3.268885523412590474e+07
7.384177026644445956e+06
5.395283542444266379e+06
8.868899024300519377e+06
1.123858215967964381e+07
0.000000000000000000e+00
1.072368289471048117e+07
1.646341374832005054e+07
1.419927172399907373e+07
0.000000000000000000e+00
2.579656038506361842e+07
7.384177026644445956e+06
0.000000000000000000e+00
0.000000000000000000e+00
0.000000000000000000e+00
3.891236830080299079e+07
0.000000000000000000e+00
2.956655533516124636e+07
0.000000000000000000e+00
7.384177026644445956e+06
0.000000000000000000e+00
0.000000000000000000e+00
1.084567186195900477e+07
1.503500337544787675e+07
0.000000000000000000e+00
3.909670548554420937e+06
1.084567186195900477e+07
0.000000000000000000e+00
0.000000000000000000e+00
1.050283991122716479e+07
1.362944739369068295e+07
3.284127529014361650e+07
1.443909340519817919e+07
2.879540333938343823e+07
5.960573837092886679e+06
1.142829585189435631e+07
0.000000000000000000e+00
1.134034346093973704e+07
1.443909340519817919e+07
0.000000000000000000e+00
0.000000000000000000e+00
0.000000000000000000e+00
0.000000000000000000e+00
0.000000000000000000e+00
0.000000000000000000e+00
9.870244385647308081e+06
0.000000000000000000e+00
0.000000000000000000e+00
0.000000000000000000e+00
0.000000000000000000e+00
1.362944739369068295e+07
2.375488706153147295e+07
5.843298617235378362e+06
0.000000000000000000e+00
1.419927172399907373e+07
0.000000000000000000e+00
0.000000000000000000e+00
9.435766597191704437e+06
2.015984556109195948e+07
0.000000000000000000e+00
0.000000000000000000e+00
0.000000000000000000e+00
1.072368289471048117e+07
0.000000000000000000e+00
0.000000000000000000e+00
0.000000000000000000e+00
5.843298617235378362e+06
0.000000000000000000e+00
1.134034346093973704e+07
0.000000000000000000e+00
7.384177026644445956e+06
0.000000000000000000e+00
0.000000000000000000e+00
0.000000000000000000e+00
0.000000000000000000e+00
0.000000000000000000e+00
0.000000000000000000e+00
9.435766597191704437e+06
1.084567186195900477e+07
2.952964024971461296e+07
2.306521399088238925e+07
0.000000000000000000e+00
0.000000000000000000e+00
5.182259577388579026e+06
0.000000000000000000e+00
3.909670548554420937e+06
0.000000000000000000e+00
5.395283542444266379e+06
0.000000000000000000e+00
5.395283542444266379e+06
0.000000000000000000e+00
2.182327043184262514e+07
9.435766597191704437e+06
2.263731945583228022e+07
0.000000000000000000e+00
0.000000000000000000e+00
1.142829585189435631e+07
0.000000000000000000e+00
0.000000000000000000e+00
1.072368289471048117e+07
3.909670548554420937e+06
0.000000000000000000e+00
0.000000000000000000e+00
0.000000000000000000e+00
6.316554945955662057e+06
7.613503072815756314e+06
0.000000000000000000e+00
0.000000000000000000e+00
1.072368289471048117e+07
7.613503072815756314e+06
0.000000000000000000e+00
5.960573837092886679e+06
1.832960723609317094e+07
0.000000000000000000e+00
1.608799139031103440e+07
0.000000000000000000e+00
2.999238710377632175e+06
0.000000000000000000e+00
0.000000000000000000e+00
0.000000000000000000e+00
2.590791164554838464e+07
0.000000000000000000e+00
0.000000000000000000e+00
0.000000000000000000e+00
5.843298617235378362e+06
0.000000000000000000e+00
1.315835587065243535e+07
0.000000000000000000e+00
0.000000000000000000e+00
0.000000000000000000e+00
1.474974880266601406e+07
0.000000000000000000e+00
0.000000000000000000e+00
0.000000000000000000e+00
0.000000000000000000e+00
1.134034346093973704e+07
1.512746192996306531e+07
0.000000000000000000e+00
0.000000000000000000e+00
0.000000000000000000e+00
9.435766597191704437e+06
0.000000000000000000e+00
0.000000000000000000e+00
0.000000000000000000e+00
1.084567186195900477e+07
0.000000000000000000e+00
0.000000000000000000e+00
0.000000000000000000e+00
0.000000000000000000e+00
0.000000000000000000e+00
0.000000000000000000e+00
1.134034346093973704e+07
0.000000000000000000e+00
2.678780326434312016e+07
2.447511925564968586e+07
0.000000000000000000e+00
0.000000000000000000e+00
0.000000000000000000e+00
7.384177026644445956e+06
3.080645123332954943e+07
1.362944739369068295e+07
2.999238710377632175e+06
0.000000000000000000e+00
0.000000000000000000e+00
1.050283991122716479e+07
0.000000000000000000e+00
0.000000000000000000e+00
1.072368289471048117e+07
1.072368289471048117e+07
1.217832084175661393e+07
0.000000000000000000e+00
1.362944739369068295e+07
0.000000000000000000e+00
5.864517916904202662e+06
0.000000000000000000e+00
1.729281376879855990e+07
0.000000000000000000e+00
0.000000000000000000e+00
0.000000000000000000e+00
0.000000000000000000e+00
3.909670548554420937e+06
9.774188465458624065e+06
1.745505987844370306e+07
1.315835587065243535e+07
1.751090676442807540e+07
1.474974880266601406e+07
1.512746192996306531e+07
0.000000000000000000e+00
5.843298617235378362e+06
5.182259577388579026e+06
0.000000000000000000e+00
1.050283991122716479e+07
5.843298617235378362e+06
0.000000000000000000e+00
6.316554945955662057e+06
0.000000000000000000e+00
0.000000000000000000e+00
0.000000000000000000e+00
2.015944949190218747e+07
1.362944739369068295e+07
3.413959286849638820e+07
0.000000000000000000e+00
1.937173893552768230e+07
1.134034346093973704e+07
0.000000000000000000e+00
2.999238710377632175e+06
2.449869933159217238e+07
0.000000000000000000e+00
2.156935475666948408e+07
5.395283542444266379e+06
3.215901852304402366e+07
3.948231477339665592e+07
1.072368289471048117e+07
0.000000000000000000e+00
1.384491057233663648e+07
9.435766597191704437e+06
5.395283542444266379e+06
0.000000000000000000e+00
5.864517916904202662e+06
0.000000000000000000e+00
0.000000000000000000e+00
2.999238710377632175e+06
1.443909340519817919e+07
0.000000000000000000e+00
0.000000000000000000e+00
1.512746192996306531e+07
9.435766597191704437e+06
0.000000000000000000e+00
0.000000000000000000e+00
0.000000000000000000e+00
0.000000000000000000e+00
0.000000000000000000e+00
0.000000000000000000e+00
1.419927172399907373e+07
6.316554945955662057e+06
1.512746192996306531e+07
3.008011732838155329e+07
1.745505987844370306e+07
7.384177026644445956e+06
0.000000000000000000e+00
5.960573837092886679e+06
5.182259577388579026e+06
0.000000000000000000e+00
3.480527934232363850e+07
0.000000000000000000e+00
1.072368289471048117e+07
0.000000000000000000e+00
1.217832084175661393e+07
0.000000000000000000e+00
8.868899024300519377e+06
2.015984556109195948e+07
0.000000000000000000e+00
0.000000000000000000e+00
0.000000000000000000e+00
0.000000000000000000e+00
1.751090676442807540e+07
0.000000000000000000e+00
1.142829585189435631e+07
1.512746192996306531e+07
0.000000000000000000e+00
5.395283542444266379e+06
0.000000000000000000e+00
0.000000000000000000e+00
9.435766597191704437e+06
5.960573837092886679e+06
0.000000000000000000e+00
0.000000000000000000e+00
0.000000000000000000e+00
2.378173281778763607e+07
1.662868610406831466e+07
0.000000000000000000e+00
0.000000000000000000e+00
1.512746192996306531e+07
0.000000000000000000e+00
2.999238710377632175e+06
2.363503832119077817e+07
2.565634183147657290e+07
8.868899024300519377e+06
0.000000000000000000e+00
1.217832084175661393e+07
2.004257034123445302e+07
0.000000000000000000e+00
0.000000000000000000e+00
0.000000000000000000e+00
3.356021741431898624e+07
1.512746192996306531e+07
2.808844988426092267e+07
2.859465937500265241e+07
0.000000000000000000e+00
0.000000000000000000e+00
0.000000000000000000e+00
1.881170697107926011e+07
3.909670548554420937e+06
2.646780539090280235e+07
1.142829585189435631e+07
0.000000000000000000e+00
5.960573837092886679e+06
5.444546850261397660e+06
0.000000000000000000e+00
3.194740555379921943e+07
1.134034346093973704e+07
7.384177026644445956e+06
0.000000000000000000e+00
0.000000000000000000e+00
0.000000000000000000e+00
0.000000000000000000e+00
8.868899024300519377e+06
1.362944739369068295e+07
0.000000000000000000e+00
0.000000000000000000e+00
1.084567186195900477e+07
0.000000000000000000e+00
0.000000000000000000e+00
0.000000000000000000e+00
0.000000000000000000e+00
1.134034346093973704e+07
2.999238710377632175e+06
7.613503072815756314e+06
7.384177026644445956e+06
2.999238710377632175e+06
0.000000000000000000e+00
0.000000000000000000e+00
0.000000000000000000e+00
0.000000000000000000e+00
0.000000000000000000e+00
2.099557721254076436e+07
8.868899024300519377e+06
0.000000000000000000e+00
0.000000000000000000e+00
1.751090676442807540e+07
0.000000000000000000e+00
0.000000000000000000e+00
0.000000000000000000e+00
0.000000000000000000e+00
3.967386576452217996e+07
0.000000000000000000e+00
0.000000000000000000e+00
0.000000000000000000e+00
0.000000000000000000e+00
5.395283542444266379e+06
0.000000000000000000e+00
5.395283542444266379e+06
1.362944739369068295e+07
2.999238710377632175e+06
3.909670548554420937e+06
0.000000000000000000e+00
1.217832084175661393e+07
0.000000000000000000e+00
0.000000000000000000e+00
0.000000000000000000e+00
0.000000000000000000e+00
2.489508379107252136e+07
3.787921013471528888e+07
0.000000000000000000e+00
1.315835587065243535e+07
1.134034346093973704e+07
1.362944739369068295e+07
5.864517916904202662e+06
0.000000000000000000e+00
0.000000000000000000e+00
0.000000000000000000e+00
0.000000000000000000e+00
8.868899024300519377e+06
0.000000000000000000e+00
0.000000000000000000e+00
0.000000000000000000e+00
1.947274601092606038e+07
0.000000000000000000e+00
0.000000000000000000e+00
1.315835587065243535e+07
1.315835587065243535e+07
0.000000000000000000e+00
0.000000000000000000e+00
3.909670548554420937e+06
3.355802311294350028e+07
2.782871911768975854e+07
3.226065556709408760e+07
3.751638384861428291e+07
0.000000000000000000e+00
0.000000000000000000e+00
0.000000000000000000e+00
0.000000000000000000e+00
0.000000000000000000e+00
0.000000000000000000e+00
1.529372047383645363e+07
0.000000000000000000e+00
1.084567186195900477e+07
5.073305227598378062e+07
0.000000000000000000e+00
0.000000000000000000e+00
0.000000000000000000e+00
0.000000000000000000e+00
0.000000000000000000e+00
0.000000000000000000e+00
0.000000000000000000e+00
1.751090676442807540e+07
0.000000000000000000e+00
0.000000000000000000e+00
0.000000000000000000e+00
0.000000000000000000e+00
0.000000000000000000e+00
0.000000000000000000e+00
0.000000000000000000e+00
0.000000000000000000e+00
0.000000000000000000e+00
1.745505987844370306e+07
0.000000000000000000e+00
5.843298617235378362e+06
0.000000000000000000e+00
0.000000000000000000e+00
7.384177026644445956e+06
0.000000000000000000e+00
0.000000000000000000e+00
0.000000000000000000e+00
0.000000000000000000e+00
3.909670548554420937e+06
1.938153130138765275e+07
0.000000000000000000e+00
1.959258191901100054e+07
0.000000000000000000e+00
0.000000000000000000e+00
0.000000000000000000e+00
1.533036852571553923e+07
1.895384653375549242e+07
0.000000000000000000e+00
1.533036852571553923e+07
0.000000000000000000e+00
1.419927172399907373e+07
0.000000000000000000e+00
1.512746192996306531e+07
5.395283542444266379e+06
0.000000000000000000e+00
0.000000000000000000e+00
0.000000000000000000e+00
0.000000000000000000e+00
0.000000000000000000e+00
2.999238710377632175e+06
0.000000000000000000e+00
1.745505987844370306e+07
0.000000000000000000e+00
1.443909340519817919e+07
0.000000000000000000e+00
1.745505987844370306e+07
2.108803576705595106e+07
0.000000000000000000e+00
0.000000000000000000e+00
2.888335573033805937e+07
0.000000000000000000e+00
1.134034346093973704e+07
0.000000000000000000e+00
5.960573837092886679e+06
0.000000000000000000e+00
0.000000000000000000e+00
7.384177026644445956e+06
0.000000000000000000e+00
0.000000000000000000e+00
0.000000000000000000e+00
0.000000000000000000e+00
5.960573837092886679e+06
0.000000000000000000e+00
0.000000000000000000e+00
1.751090676442807540e+07
1.084567186195900477e+07
4.796873722010667622e+07
0.000000000000000000e+00
0.000000000000000000e+00
1.134034346093973704e+07
1.315835587065243535e+07
0.000000000000000000e+00
0.000000000000000000e+00
1.072368289471048117e+07
0.000000000000000000e+00
0.000000000000000000e+00
0.000000000000000000e+00
6.316554945955662057e+06
1.959455526644334197e+07
1.217832084175661393e+07
8.868899024300519377e+06
0.000000000000000000e+00
7.613503072815756314e+06
1.142829585189435631e+07
0.000000000000000000e+00
0.000000000000000000e+00
2.730578277171967924e+07
0.000000000000000000e+00
0.000000000000000000e+00
2.030972150735164434e+07
0.000000000000000000e+00
1.533036852571553923e+07
0.000000000000000000e+00
0.000000000000000000e+00
0.000000000000000000e+00
0.000000000000000000e+00
4.626781608808182180e+07
0.000000000000000000e+00
2.586738925709253550e+07
0.000000000000000000e+00
5.843298617235378362e+06
0.000000000000000000e+00
0.000000000000000000e+00
1.134034346093973704e+07
0.000000000000000000e+00
0.000000000000000000e+00
5.395283542444266379e+06
0.000000000000000000e+00
0.000000000000000000e+00
7.613503072815756314e+06
0.000000000000000000e+00
0.000000000000000000e+00
1.350207862160479650e+07
1.625307605094496533e+07
0.000000000000000000e+00
0.000000000000000000e+00
0.000000000000000000e+00
1.362944739369068295e+07
0.000000000000000000e+00
0.000000000000000000e+00
0.000000000000000000e+00
2.077611005813144147e+07
0.000000000000000000e+00
2.999238710377632175e+06
1.512746192996306531e+07
1.745505987844370306e+07
0.000000000000000000e+00
0.000000000000000000e+00
0.000000000000000000e+00
0.000000000000000000e+00
0.000000000000000000e+00
0.000000000000000000e+00
0.000000000000000000e+00
0.000000000000000000e+00
1.503500337544787675e+07
2.597313379192207009e+07
0.000000000000000000e+00
0.000000000000000000e+00
0.000000000000000000e+00
1.512746192996306531e+07
7.384177026644445956e+06
1.529372047383645363e+07
2.996460156970432401e+07
5.182259577388579026e+06
0.000000000000000000e+00
0.000000000000000000e+00
1.072368289471048117e+07
0.000000000000000000e+00
0.000000000000000000e+00
0.000000000000000000e+00
2.516277629990866035e+07
1.443909340519817919e+07
0.000000000000000000e+00
5.960573837092886679e+06
0.000000000000000000e+00
0.000000000000000000e+00
0.000000000000000000e+00
1.512746192996306531e+07
0.000000000000000000e+00
0.000000000000000000e+00
1.134034346093973704e+07
5.843298617235378362e+06
2.742833485125077143e+07
0.000000000000000000e+00
3.936965110684713721e+07
0.000000000000000000e+00
9.435766597191704437e+06
0.000000000000000000e+00
1.443909340519817919e+07
9.304954090998686850e+06
0.000000000000000000e+00
1.362944739369068295e+07
1.865941935122043639e+07
0.000000000000000000e+00
0.000000000000000000e+00
0.000000000000000000e+00
0.000000000000000000e+00
0.000000000000000000e+00
1.084567186195900477e+07
0.000000000000000000e+00
0.000000000000000000e+00
1.142829585189435631e+07
2.655575778185742348e+07
0.000000000000000000e+00
0.000000000000000000e+00
2.999238710377632175e+06
0.000000000000000000e+00
0.000000000000000000e+00
0.000000000000000000e+00
1.979182391457236931e+07
1.668897047919438407e+07
0.000000000000000000e+00
0.000000000000000000e+00
0.000000000000000000e+00
9.435766597191704437e+06
0.000000000000000000e+00
1.993200838005459309e+07
0.000000000000000000e+00
1.050283991122716479e+07
1.745505987844370306e+07
0.000000000000000000e+00
0.000000000000000000e+00
4.544587980284813046e+07
0.000000000000000000e+00
2.559542066462501884e+07
0.000000000000000000e+00
0.000000000000000000e+00
2.211759396784916893e+07
0.000000000000000000e+00
5.960573837092886679e+06
1.474974880266601406e+07
1.142829585189435631e+07
0.000000000000000000e+00
1.461802617458028346e+07
0.000000000000000000e+00
0.000000000000000000e+00
1.050283991122716479e+07
0.000000000000000000e+00
0.000000000000000000e+00
1.533036852571553923e+07
0.000000000000000000e+00
0.000000000000000000e+00
4.276349547832125425e+07
0.000000000000000000e+00
1.142829585189435631e+07
1.072368289471048117e+07
0.000000000000000000e+00
0.000000000000000000e+00
5.843298617235378362e+06
0.000000000000000000e+00
0.000000000000000000e+00
1.938153130138765275e+07
0.000000000000000000e+00
2.097076054719844460e+07
8.863756627281835303e+06
8.868899024300519377e+06
1.503500337544787675e+07
0.000000000000000000e+00
0.000000000000000000e+00
1.243500530756933615e+07
7.613503072815756314e+06
0.000000000000000000e+00
1.315835587065243535e+07
0.000000000000000000e+00
0.000000000000000000e+00
0.000000000000000000e+00
8.959812547470519319e+06
8.868899024300519377e+06
0.000000000000000000e+00
9.435766597191704437e+06
0.000000000000000000e+00
0.000000000000000000e+00
0.000000000000000000e+00
0.000000000000000000e+00
0.000000000000000000e+00
0.000000000000000000e+00
1.419927172399907373e+07
1.738886968898724392e+07
1.315835587065243535e+07
5.960573837092886679e+06
2.885125022536781430e+07
1.512746192996306531e+07
0.000000000000000000e+00
0.000000000000000000e+00
0.000000000000000000e+00
0.000000000000000000e+00
0.000000000000000000e+00
0.000000000000000000e+00
7.613503072815756314e+06
0.000000000000000000e+00
3.896540684690631926e+07
0.000000000000000000e+00
0.000000000000000000e+00
1.142829585189435631e+07
1.895384653375549242e+07
0.000000000000000000e+00
0.000000000000000000e+00
2.124295046650644019e+07
5.960573837092886679e+06
0.000000000000000000e+00
0.000000000000000000e+00
0.000000000000000000e+00
0.000000000000000000e+00
0.000000000000000000e+00
0.000000000000000000e+00
3.213661422476743162e+07
0.000000000000000000e+00
4.145908761105514318e+07
0.000000000000000000e+00
0.000000000000000000e+00
0.000000000000000000e+00
2.351866430269635096e+07
0.000000000000000000e+00
0.000000000000000000e+00
0.000000000000000000e+00
5.960573837092886679e+06
3.665344009740629792e+07
0.000000000000000000e+00
0.000000000000000000e+00
1.072368289471048117e+07
0.000000000000000000e+00
1.512746192996306531e+07
2.605254110247563571e+07
0.000000000000000000e+00
0.000000000000000000e+00
1.443909340519817919e+07
1.512746192996306531e+07
0.000000000000000000e+00
0.000000000000000000e+00
0.000000000000000000e+00
0.000000000000000000e+00
0.000000000000000000e+00
1.474974880266601406e+07
5.395283542444266379e+06
2.304815999507931620e+07
1.217832084175661393e+07
7.384177026644445956e+06
0.000000000000000000e+00
2.692806964442262799e+07
0.000000000000000000e+00
0.000000000000000000e+00
3.448071018314978480e+07
1.419927172399907373e+07
0.000000000000000000e+00
0.000000000000000000e+00
0.000000000000000000e+00
1.533036852571553923e+07
0.000000000000000000e+00
0.000000000000000000e+00
3.195000016962625459e+07
7.384177026644445956e+06
0.000000000000000000e+00
0.000000000000000000e+00
0.000000000000000000e+00
2.222249741805472225e+07
0.000000000000000000e+00
0.000000000000000000e+00
0.000000000000000000e+00
0.000000000000000000e+00
0.000000000000000000e+00
0.000000000000000000e+00
0.000000000000000000e+00
0.000000000000000000e+00
0.000000000000000000e+00
1.084567186195900477e+07
0.000000000000000000e+00
0.000000000000000000e+00
0.000000000000000000e+00
1.646341374832005054e+07
0.000000000000000000e+00
2.999238710377632175e+06
0.000000000000000000e+00
2.306302835128090903e+07
0.000000000000000000e+00
2.115823839074065536e+07
0.000000000000000000e+00
1.474974880266601406e+07
0.000000000000000000e+00
0.000000000000000000e+00
1.433958217131736875e+07
0.000000000000000000e+00
5.444546850261397660e+06
0.000000000000000000e+00
0.000000000000000000e+00
3.716963076470322907e+07
2.999238710377632175e+06
0.000000000000000000e+00
0.000000000000000000e+00
3.909670548554420937e+06
0.000000000000000000e+00
2.577943686613791436e+07
5.444546850261397660e+06
2.830073174040270597e+07
1.533036852571553923e+07
0.000000000000000000e+00
1.512746192996306531e+07
0.000000000000000000e+00
9.315793656333293766e+06
0.000000000000000000e+00
1.134034346093973704e+07
5.960573837092886679e+06
5.395283542444266379e+06
0.000000000000000000e+00
2.020924248524025828e+07
2.999238710377632175e+06
0.000000000000000000e+00
0.000000000000000000e+00
0.000000000000000000e+00
1.751090676442807540e+07
8.868899024300519377e+06
1.084567186195900477e+07
0.000000000000000000e+00
2.956655533516124636e+07
0.000000000000000000e+00
0.000000000000000000e+00
1.512746192996306531e+07
0.000000000000000000e+00
0.000000000000000000e+00
5.864517916904202662e+06
5.395283542444266379e+06
0.000000000000000000e+00
0.000000000000000000e+00
5.843298617235378362e+06
1.512746192996306531e+07
0.000000000000000000e+00
0.000000000000000000e+00
2.893920261632243171e+07
1.533036852571553923e+07
1.315835587065243535e+07
0.000000000000000000e+00
8.868899024300519377e+06
0.000000000000000000e+00
5.864517916904202662e+06
0.000000000000000000e+00
5.843298617235378362e+06
1.050283991122716479e+07
1.503500337544787675e+07
1.872452048758418113e+07
1.474974880266601406e+07
1.142829585189435631e+07
0.000000000000000000e+00
0.000000000000000000e+00
1.529372047383645363e+07
1.134034346093973704e+07
1.938153130138765275e+07
1.217832084175661393e+07
9.435766597191704437e+06
0.000000000000000000e+00
0.000000000000000000e+00
1.512746192996306531e+07
0.000000000000000000e+00
1.050283991122716479e+07
0.000000000000000000e+00
2.875690932365375012e+07
2.575868627015835792e+07
5.960573837092886679e+06
0.000000000000000000e+00
1.529372047383645363e+07
0.000000000000000000e+00
0.000000000000000000e+00
1.533036852571553923e+07
2.039966724229106680e+07
0.000000000000000000e+00
0.000000000000000000e+00
0.000000000000000000e+00
1.217832084175661393e+07
0.000000000000000000e+00
0.000000000000000000e+00
0.000000000000000000e+00
0.000000000000000000e+00
0.000000000000000000e+00
0.000000000000000000e+00
0.000000000000000000e+00
0.000000000000000000e+00
0.000000000000000000e+00
8.868899024300519377e+06
1.656698151194585860e+07
3.909670548554420937e+06
0.000000000000000000e+00
0.000000000000000000e+00
0.000000000000000000e+00
1.751090676442807540e+07
0.000000000000000000e+00
1.072368289471048117e+07
7.384177026644445956e+06
0.000000000000000000e+00
0.000000000000000000e+00
5.864517916904202662e+06
0.000000000000000000e+00
0.000000000000000000e+00
2.006378964090327546e+07
3.449920086549074948e+07
1.134034346093973704e+07
1.512746192996306531e+07
1.217832084175661393e+07
6.316554945955662057e+06
0.000000000000000000e+00
0.000000000000000000e+00
1.668425673180336878e+07
0.000000000000000000e+00
0.000000000000000000e+00
0.000000000000000000e+00
0.000000000000000000e+00
3.263836869439113885e+07
0.000000000000000000e+00
7.613503072815756314e+06
0.000000000000000000e+00
1.474974880266601406e+07
0.000000000000000000e+00
0.000000000000000000e+00
0.000000000000000000e+00
0.000000000000000000e+00
0.000000000000000000e+00
0.000000000000000000e+00
5.960573837092886679e+06
0.000000000000000000e+00
3.909670548554420937e+06
0.000000000000000000e+00
0.000000000000000000e+00
5.843298617235378362e+06
0.000000000000000000e+00
3.909670548554420937e+06
5.395283542444266379e+06
0.000000000000000000e+00
1.751090676442807540e+07
0.000000000000000000e+00
1.084567186195900477e+07
0.000000000000000000e+00
3.195000016962625459e+07
9.435766597191704437e+06
0.000000000000000000e+00
0.000000000000000000e+00
0.000000000000000000e+00
7.384177026644445956e+06
3.008011732838155329e+07
1.443909340519817919e+07
1.084567186195900477e+07
1.419927172399907373e+07
0.000000000000000000e+00
1.616822974497187883e+07
1.217832084175661393e+07
0.000000000000000000e+00
5.960573837092886679e+06
0.000000000000000000e+00
0.000000000000000000e+00
1.533036852571553923e+07
1.142829585189435631e+07
1.474974880266601406e+07
2.999238710377632175e+06
0.000000000000000000e+00
9.435766597191704437e+06
3.909670548554420937e+06
0.000000000000000000e+00
0.000000000000000000e+00
0.000000000000000000e+00
1.503500337544787675e+07
1.419927172399907373e+07
0.000000000000000000e+00
0.000000000000000000e+00
8.868899024300519377e+06
7.384177026644445956e+06
0.000000000000000000e+00
1.503500337544787675e+07
0.000000000000000000e+00
0.000000000000000000e+00
0.000000000000000000e+00
0.000000000000000000e+00
5.843298617235378362e+06
0.000000000000000000e+00
0.000000000000000000e+00
0.000000000000000000e+00
0.000000000000000000e+00
0.000000000000000000e+00
0.000000000000000000e+00
0.000000000000000000e+00
1.533036852571553923e+07
2.122652280593764782e+07
5.444546850261397660e+06
0.000000000000000000e+00
0.000000000000000000e+00
0.000000000000000000e+00
1.084567186195900477e+07
0.000000000000000000e+00
3.909670548554420937e+06
0.000000000000000000e+00
0.000000000000000000e+00
0.000000000000000000e+00
0.000000000000000000e+00
0.000000000000000000e+00
5.395283542444266379e+06
0.000000000000000000e+00
0.000000000000000000e+00
0.000000000000000000e+00
0.000000000000000000e+00
1.142829585189435631e+07
0.000000000000000000e+00
5.182259577388579026e+06
0.000000000000000000e+00
1.503500337544787675e+07
1.419927172399907373e+07
0.000000000000000000e+00
1.634613852846254408e+07
1.590594247209906019e+07
0.000000000000000000e+00
1.751090676442807540e+07
6.316554945955662057e+06
3.776478138579534739e+07
0.000000000000000000e+00
1.050283991122716479e+07
0.000000000000000000e+00
0.000000000000000000e+00
0.000000000000000000e+00
0.000000000000000000e+00
0.000000000000000000e+00
0.000000000000000000e+00
1.315835587065243535e+07
1.474974880266601406e+07
0.000000000000000000e+00
0.000000000000000000e+00
2.505774324558503926e+07
1.072368289471048117e+07
5.960573837092886679e+06
2.302399270371561870e+07
0.000000000000000000e+00
0.000000000000000000e+00
2.193113576312152296e+07
0.000000000000000000e+00
5.960573837092886679e+06
0.000000000000000000e+00
1.362944739369068295e+07
0.000000000000000000e+00
1.362944739369068295e+07
1.050283991122716479e+07
1.084567186195900477e+07
2.006378964090327546e+07
0.000000000000000000e+00
1.751090676442807540e+07
1.909512451881060004e+07
0.000000000000000000e+00
0.000000000000000000e+00
0.000000000000000000e+00
0.000000000000000000e+00
0.000000000000000000e+00
0.000000000000000000e+00
5.960573837092886679e+06
0.000000000000000000e+00
1.751090676442807540e+07
2.613939233579545841e+07
0.000000000000000000e+00
5.395283542444266379e+06
1.072368289471048117e+07
0.000000000000000000e+00
0.000000000000000000e+00
0.000000000000000000e+00
0.000000000000000000e+00
0.000000000000000000e+00
0.000000000000000000e+00
0.000000000000000000e+00
1.895384653375549242e+07
0.000000000000000000e+00
0.000000000000000000e+00
1.050283991122716479e+07
1.315835587065243535e+07
2.028143845915070921e+07
1.751090676442807540e+07
0.000000000000000000e+00
5.960573837092886679e+06
0.000000000000000000e+00
0.000000000000000000e+00
1.962135298258675635e+07
0.000000000000000000e+00
0.000000000000000000e+00
1.315835587065243535e+07
0.000000000000000000e+00
1.751090676442807540e+07
0.000000000000000000e+00
1.533036852571553923e+07
1.050283991122716479e+07
3.909670548554420937e+06
1.751090676442807540e+07
0.000000000000000000e+00
1.499768009946020320e+07
1.529372047383645363e+07
4.142046078932128847e+07
1.362944739369068295e+07
2.049787136016910523e+07
5.395283542444266379e+06
0.000000000000000000e+00
7.384177026644445956e+06
0.000000000000000000e+00
0.000000000000000000e+00
0.000000000000000000e+00
0.000000000000000000e+00
1.142829585189435631e+07
0.000000000000000000e+00
0.000000000000000000e+00
0.000000000000000000e+00
0.000000000000000000e+00
0.000000000000000000e+00
9.304954090998686850e+06
6.316554945955662057e+06
0.000000000000000000e+00
0.000000000000000000e+00
1.729281376879855990e+07
2.166466167450485379e+07
0.000000000000000000e+00
0.000000000000000000e+00
0.000000000000000000e+00
0.000000000000000000e+00
1.443909340519817919e+07
0.000000000000000000e+00
0.000000000000000000e+00
0.000000000000000000e+00
1.072368289471048117e+07
0.000000000000000000e+00
0.000000000000000000e+00
0.000000000000000000e+00
2.182327043184262514e+07
5.843298617235378362e+06
1.443909340519817919e+07
0.000000000000000000e+00
0.000000000000000000e+00
0.000000000000000000e+00
0.000000000000000000e+00
1.134034346093973704e+07
0.000000000000000000e+00
0.000000000000000000e+00
1.084567186195900477e+07
0.000000000000000000e+00
0.000000000000000000e+00
0.000000000000000000e+00
0.000000000000000000e+00
1.334475086373733357e+07
1.315835587065243535e+07
1.751090676442807540e+07
1.512746192996306531e+07
1.512746192996306531e+07
2.999238710377632175e+06
0.000000000000000000e+00
8.868899024300519377e+06
0.000000000000000000e+00
2.269316634181665629e+07
1.084567186195900477e+07
0.000000000000000000e+00
1.774898751304364577e+07
0.000000000000000000e+00
0.000000000000000000e+00
1.050283991122716479e+07
2.637980578872859478e+07
0.000000000000000000e+00
0.000000000000000000e+00
0.000000000000000000e+00
0.000000000000000000e+00
2.525258871389317885e+07
0.000000000000000000e+00
0.000000000000000000e+00
1.050283991122716479e+07
0.000000000000000000e+00
1.217832084175661393e+07
0.000000000000000000e+00
8.868899024300519377e+06
3.428421505947103351e+07
0.000000000000000000e+00
0.000000000000000000e+00
0.000000000000000000e+00
0.000000000000000000e+00
0.000000000000000000e+00
0.000000000000000000e+00
0.000000000000000000e+00
1.142829585189435631e+07
1.443909340519817919e+07
0.000000000000000000e+00
0.000000000000000000e+00
3.909670548554420937e+06
1.512746192996306531e+07
5.843298617235378362e+06
0.000000000000000000e+00
0.000000000000000000e+00
0.000000000000000000e+00
1.050283991122716479e+07
1.751090676442807540e+07
0.000000000000000000e+00
0.000000000000000000e+00
6.316554945955662057e+06
0.000000000000000000e+00
1.470705524451721460e+07
0.000000000000000000e+00
0.000000000000000000e+00
0.000000000000000000e+00
0.000000000000000000e+00
5.444546850261397660e+06
0.000000000000000000e+00
1.084567186195900477e+07
0.000000000000000000e+00
0.000000000000000000e+00
2.646780539090280235e+07
0.000000000000000000e+00
1.104677749429278076e+07
0.000000000000000000e+00
0.000000000000000000e+00
0.000000000000000000e+00
1.362944739369068295e+07
0.000000000000000000e+00
0.000000000000000000e+00
0.000000000000000000e+00
2.124295046650644019e+07
0.000000000000000000e+00
0.000000000000000000e+00
0.000000000000000000e+00
0.000000000000000000e+00
1.142829585189435631e+07
5.960573837092886679e+06
1.681994362383615226e+07
0.000000000000000000e+00
1.134034346093973704e+07
3.909670548554420937e+06
0.000000000000000000e+00
0.000000000000000000e+00
1.443909340519817919e+07
0.000000000000000000e+00
0.000000000000000000e+00
0.000000000000000000e+00
5.395283542444266379e+06
0.000000000000000000e+00
0.000000000000000000e+00
0.000000000000000000e+00
1.529372047383645363e+07
1.362944739369068295e+07
1.636735782813136652e+07
0.000000000000000000e+00
0.000000000000000000e+00
1.474974880266601406e+07
0.000000000000000000e+00
2.390390239974839613e+07
0.000000000000000000e+00
0.000000000000000000e+00
1.315835587065243535e+07
0.000000000000000000e+00
0.000000000000000000e+00
1.362944739369068295e+07
2.999238710377632175e+06
0.000000000000000000e+00
5.864517916904202662e+06
1.315835587065243535e+07
0.000000000000000000e+00
2.559542066462501884e+07
0.000000000000000000e+00
0.000000000000000000e+00
1.751090676442807540e+07
2.400402773261144012e+07
1.512746192996306531e+07
0.000000000000000000e+00
0.000000000000000000e+00
0.000000000000000000e+00
5.864517916904202662e+06
0.000000000000000000e+00
5.843298617235378362e+06
0.000000000000000000e+00
6.316554945955662057e+06
0.000000000000000000e+00
3.909670548554420937e+06
1.050283991122716479e+07
2.999238710377632175e+06
0.000000000000000000e+00
0.000000000000000000e+00
1.084567186195900477e+07
1.512746192996306531e+07
0.000000000000000000e+00
0.000000000000000000e+00
2.617804465456037223e+07
0.000000000000000000e+00
0.000000000000000000e+00
0.000000000000000000e+00
0.000000000000000000e+00
1.050283991122716479e+07
9.435766597191704437e+06
7.613503072815756314e+06
0.000000000000000000e+00
1.142829585189435631e+07
1.529372047383645363e+07
0.000000000000000000e+00
5.843298617235378362e+06
0.000000000000000000e+00
0.000000000000000000e+00
0.000000000000000000e+00
1.171183848839992844e+07
0.000000000000000000e+00
0.000000000000000000e+00
3.726138775927352905e+07
0.000000000000000000e+00
2.590657617673923075e+07
0.000000000000000000e+00
2.559542066462501884e+07
0.000000000000000000e+00
5.182259577388579026e+06
5.960573837092886679e+06
9.435766597191704437e+06
0.000000000000000000e+00
0.000000000000000000e+00
0.000000000000000000e+00
1.362944739369068295e+07
0.000000000000000000e+00
1.503500337544787675e+07
2.417290585332854837e+07
0.000000000000000000e+00
0.000000000000000000e+00
1.084567186195900477e+07
1.441251045978158526e+07
0.000000000000000000e+00
0.000000000000000000e+00
1.533036852571553923e+07
0.000000000000000000e+00
0.000000000000000000e+00
0.000000000000000000e+00
0.000000000000000000e+00
0.000000000000000000e+00
1.142829585189435631e+07
0.000000000000000000e+00
5.444546850261397660e+06
6.316554945955662057e+06
0.000000000000000000e+00
0.000000000000000000e+00
0.000000000000000000e+00
5.960573837092886679e+06
0.000000000000000000e+00
0.000000000000000000e+00
0.000000000000000000e+00
1.217832084175661393e+07
8.868899024300519377e+06
1.751090676442807540e+07
0.000000000000000000e+00
1.704023784066614509e+07
0.000000000000000000e+00
9.752969165789799765e+06
0.000000000000000000e+00
0.000000000000000000e+00
1.474974880266601406e+07
1.443909340519817919e+07
5.395283542444266379e+06
7.613503072815756314e+06
1.751090676442807540e+07
0.000000000000000000e+00
3.909670548554420937e+06
0.000000000000000000e+00
5.182259577388579026e+06
0.000000000000000000e+00
0.000000000000000000e+00
1.182509175399708934e+07
2.079162397672885656e+07
9.435766597191704437e+06
0.000000000000000000e+00
0.000000000000000000e+00
1.503500337544787675e+07
7.384177026644445956e+06
0.000000000000000000e+00
1.084567186195900477e+07
0.000000000000000000e+00
4.259883172332074493e+07
2.790810467331844941e+07
2.447511925564968586e+07
0.000000000000000000e+00
0.000000000000000000e+00
1.050283991122716479e+07
3.865365120241440833e+07
2.306521399088238925e+07
2.068900401628071815e+07
0.000000000000000000e+00
0.000000000000000000e+00
3.909670548554420937e+06
1.142829585189435631e+07
2.206402635565021634e+07
0.000000000000000000e+00
0.000000000000000000e+00
2.271454555235998333e+07
0.000000000000000000e+00
0.000000000000000000e+00
0.000000000000000000e+00
0.000000000000000000e+00
0.000000000000000000e+00
0.000000000000000000e+00
0.000000000000000000e+00
0.000000000000000000e+00
1.652260303832831606e+07
0.000000000000000000e+00
0.000000000000000000e+00
0.000000000000000000e+00
0.000000000000000000e+00
0.000000000000000000e+00
1.443909340519817919e+07
0.000000000000000000e+00
0.000000000000000000e+00
0.000000000000000000e+00
2.952964024971461296e+07
0.000000000000000000e+00
3.267124631840079650e+07
5.864517916904202662e+06
2.302399270371561870e+07
0.000000000000000000e+00
1.072368289471048117e+07
8.868899024300519377e+06
0.000000000000000000e+00
6.316554945955662057e+06
0.000000000000000000e+00
0.000000000000000000e+00
0.000000000000000000e+00
0.000000000000000000e+00
0.000000000000000000e+00
0.000000000000000000e+00
7.384177026644445956e+06
1.315835587065243535e+07
0.000000000000000000e+00
1.300878661526002362e+07
0.000000000000000000e+00
5.182259577388579026e+06
0.000000000000000000e+00
0.000000000000000000e+00
1.050283991122716479e+07
0.000000000000000000e+00
2.249834641799120232e+07
0.000000000000000000e+00
1.634613852846254408e+07
7.613503072815756314e+06
0.000000000000000000e+00
0.000000000000000000e+00
0.000000000000000000e+00
0.000000000000000000e+00
0.000000000000000000e+00
7.384177026644445956e+06
1.474974880266601406e+07
3.909670548554420937e+06
0.000000000000000000e+00
1.443909340519817919e+07
0.000000000000000000e+00
0.000000000000000000e+00
6.316554945955662057e+06
0.000000000000000000e+00
0.000000000000000000e+00
1.503500337544787675e+07
1.475534241051342525e+07
0.000000000000000000e+00
0.000000000000000000e+00
5.843298617235378362e+06
0.000000000000000000e+00
0.000000000000000000e+00
2.828581780061550066e+07
0.000000000000000000e+00
1.084567186195900477e+07
6.316554945955662057e+06
0.000000000000000000e+00
1.419927172399907373e+07
0.000000000000000000e+00
0.000000000000000000e+00
1.512746192996306531e+07
1.050283991122716479e+07
5.182259577388579026e+06
0.000000000000000000e+00
1.142829585189435631e+07
2.504494358595807850e+07
0.000000000000000000e+00
0.000000000000000000e+00
0.000000000000000000e+00
0.000000000000000000e+00
5.395283542444266379e+06
0.000000000000000000e+00
5.182259577388579026e+06
2.999238710377632175e+06
1.533036852571553923e+07
2.609009226360575110e+07
0.000000000000000000e+00
0.000000000000000000e+00
0.000000000000000000e+00
0.000000000000000000e+00
1.123858215967964381e+07
1.503500337544787675e+07
0.000000000000000000e+00
0.000000000000000000e+00
1.134034346093973704e+07
0.000000000000000000e+00
0.000000000000000000e+00
0.000000000000000000e+00
1.072368289471048117e+07
0.000000000000000000e+00
0.000000000000000000e+00
0.000000000000000000e+00
2.968922760618469119e+07
1.443909340519817919e+07
0.000000000000000000e+00
0.000000000000000000e+00
5.960573837092886679e+06
1.656698151194585860e+07
1.362944739369068295e+07
0.000000000000000000e+00
0.000000000000000000e+00
0.000000000000000000e+00
0.000000000000000000e+00
2.663406393477619067e+07
8.868899024300519377e+06
0.000000000000000000e+00
0.000000000000000000e+00
1.751090676442807540e+07
0.000000000000000000e+00
2.605405142042601854e+07
1.102555819462395832e+07
5.395283542444266379e+06
0.000000000000000000e+00
5.395283542444266379e+06
5.395283542444266379e+06
6.316554945955662057e+06
0.000000000000000000e+00
0.000000000000000000e+00
1.419927172399907373e+07
5.182259577388579026e+06
1.084567186195900477e+07
0.000000000000000000e+00
0.000000000000000000e+00
1.419927172399907373e+07
1.443909340519817919e+07
0.000000000000000000e+00
0.000000000000000000e+00
0.000000000000000000e+00
0.000000000000000000e+00
0.000000000000000000e+00
1.243500530756933615e+07
0.000000000000000000e+00
0.000000000000000000e+00
2.271454555235998333e+07
2.470211163522623852e+07
1.134034346093973704e+07
0.000000000000000000e+00
3.909670548554420937e+06
7.384177026644445956e+06
1.751090676442807540e+07
0.000000000000000000e+00
1.751090676442807540e+07
5.395283542444266379e+06
0.000000000000000000e+00
1.038341573702207766e+07
5.960573837092886679e+06
1.751090676442807540e+07
0.000000000000000000e+00
1.443909340519817919e+07
0.000000000000000000e+00
0.000000000000000000e+00
0.000000000000000000e+00
0.000000000000000000e+00
0.000000000000000000e+00
1.084567186195900477e+07
3.031406858987496048e+07
1.533036852571553923e+07
0.000000000000000000e+00
1.084567186195900477e+07
2.999238710377632175e+06
0.000000000000000000e+00
5.395283542444266379e+06
1.443909340519817919e+07
5.843298617235378362e+06
2.885125022536781430e+07
0.000000000000000000e+00
0.000000000000000000e+00
0.000000000000000000e+00
0.000000000000000000e+00
0.000000000000000000e+00
1.134034346093973704e+07
1.072368289471048117e+07
2.193113576312152296e+07
0.000000000000000000e+00
0.000000000000000000e+00
1.315835587065243535e+07
2.260014492028820515e+07
0.000000000000000000e+00
0.000000000000000000e+00
2.363503832119077817e+07
0.000000000000000000e+00
1.443909340519817919e+07
1.050283991122716479e+07
0.000000000000000000e+00
7.384177026644445956e+06
1.474974880266601406e+07
0.000000000000000000e+00
3.455114460509421676e+07
0.000000000000000000e+00
1.533036852571553923e+07
0.000000000000000000e+00
0.000000000000000000e+00
3.909670548554420937e+06
1.527906521442708373e+07
0.000000000000000000e+00
0.000000000000000000e+00
0.000000000000000000e+00
1.503500337544787675e+07
1.315835587065243535e+07
0.000000000000000000e+00
0.000000000000000000e+00
0.000000000000000000e+00
1.084567186195900477e+07
0.000000000000000000e+00
0.000000000000000000e+00
3.909670548554420937e+06
2.875690932365375012e+07
0.000000000000000000e+00
2.015984556109195948e+07
0.000000000000000000e+00
0.000000000000000000e+00
0.000000000000000000e+00
0.000000000000000000e+00
1.125980145934846997e+07
2.790692249905177951e+07
0.000000000000000000e+00
0.000000000000000000e+00
1.443909340519817919e+07
0.000000000000000000e+00
0.000000000000000000e+00
0.000000000000000000e+00
1.533036852571553923e+07
5.444546850261397660e+06
0.000000000000000000e+00
0.000000000000000000e+00
0.000000000000000000e+00
7.384177026644445956e+06
0.000000000000000000e+00
1.050283991122716479e+07
0.000000000000000000e+00
8.868899024300519377e+06
1.084567186195900477e+07
0.000000000000000000e+00
1.134034346093973704e+07
7.613503072815756314e+06
0.000000000000000000e+00
0.000000000000000000e+00
0.000000000000000000e+00
0.000000000000000000e+00
1.533036852571553923e+07
5.864517916904202662e+06
1.217832084175661393e+07
2.646780539090280235e+07
0.000000000000000000e+00
1.533036852571553923e+07
0.000000000000000000e+00
0.000000000000000000e+00
0.000000000000000000e+00
0.000000000000000000e+00
1.745505987844370306e+07
0.000000000000000000e+00
2.361864782696653157e+07
1.142829585189435631e+07
0.000000000000000000e+00
1.217832084175661393e+07
0.000000000000000000e+00
0.000000000000000000e+00
0.000000000000000000e+00
0.000000000000000000e+00
1.050283991122716479e+07
0.000000000000000000e+00
0.000000000000000000e+00
0.000000000000000000e+00
1.881247287853880227e+07
0.000000000000000000e+00
0.000000000000000000e+00
0.000000000000000000e+00
0.000000000000000000e+00
0.000000000000000000e+00
5.395283542444266379e+06
1.277946056908871233e+07
0.000000000000000000e+00
0.000000000000000000e+00
0.000000000000000000e+00
1.646341374832005054e+07
0.000000000000000000e+00
0.000000000000000000e+00
5.843298617235378362e+06
2.845207634448888898e+07
0.000000000000000000e+00
0.000000000000000000e+00
0.000000000000000000e+00
0.000000000000000000e+00
0.000000000000000000e+00
1.473341694120472297e+07
0.000000000000000000e+00
5.864517916904202662e+06
5.444546850261397660e+06
0.000000000000000000e+00
1.419927172399907373e+07
0.000000000000000000e+00
8.868899024300519377e+06
0.000000000000000000e+00
1.834876395375259966e+07
0.000000000000000000e+00
0.000000000000000000e+00
0.000000000000000000e+00
0.000000000000000000e+00
0.000000000000000000e+00
0.000000000000000000e+00
1.050283991122716479e+07
1.993200838005459309e+07
0.000000000000000000e+00
0.000000000000000000e+00
0.000000000000000000e+00
0.000000000000000000e+00
0.000000000000000000e+00
0.000000000000000000e+00
1.512746192996306531e+07
9.435766597191704437e+06
0.000000000000000000e+00
2.108803576705595106e+07
1.134034346093973704e+07
0.000000000000000000e+00
0.000000000000000000e+00
1.503500337544787675e+07
3.909670548554420937e+06
0.000000000000000000e+00
1.050283991122716479e+07
0.000000000000000000e+00
0.000000000000000000e+00
1.217832084175661393e+07
0.000000000000000000e+00
0.000000000000000000e+00
1.443909340519817919e+07
0.000000000000000000e+00
1.529372047383645363e+07
0.000000000000000000e+00
5.444546850261397660e+06
0.000000000000000000e+00
0.000000000000000000e+00
3.715363895755816251e+07
0.000000000000000000e+00
0.000000000000000000e+00
0.000000000000000000e+00
0.000000000000000000e+00
0.000000000000000000e+00
0.000000000000000000e+00
0.000000000000000000e+00
0.000000000000000000e+00
0.000000000000000000e+00
0.000000000000000000e+00
0.000000000000000000e+00
0.000000000000000000e+00
5.182259577388579026e+06
0.000000000000000000e+00
5.444546850261397660e+06
0.000000000000000000e+00
8.868899024300519377e+06
0.000000000000000000e+00
0.000000000000000000e+00
1.282872387690584362e+07
1.512746192996306531e+07
1.751090676442807540e+07
0.000000000000000000e+00
3.909670548554420937e+06
0.000000000000000000e+00
1.315835587065243535e+07
2.646329922734223306e+07
1.762286769201800972e+07
0.000000000000000000e+00
0.000000000000000000e+00
0.000000000000000000e+00
0.000000000000000000e+00
0.000000000000000000e+00
0.000000000000000000e+00
7.613503072815756314e+06
0.000000000000000000e+00
1.084567186195900477e+07
0.000000000000000000e+00
0.000000000000000000e+00
0.000000000000000000e+00
1.762286769201800972e+07
2.020924248524025828e+07
7.613503072815756314e+06
0.000000000000000000e+00
7.384177026644445956e+06
1.315835587065243535e+07
1.503500337544787675e+07
0.000000000000000000e+00
0.000000000000000000e+00
1.362944739369068295e+07
1.979182391457236931e+07
0.000000000000000000e+00
0.000000000000000000e+00
0.000000000000000000e+00
0.000000000000000000e+00
3.864612623265941441e+07
5.864517916904202662e+06
0.000000000000000000e+00
0.000000000000000000e+00
0.000000000000000000e+00
8.868899024300519377e+06
7.613503072815756314e+06
0.000000000000000000e+00
0.000000000000000000e+00
2.577943686613791436e+07
5.395283542444266379e+06
8.868899024300519377e+06
0.000000000000000000e+00
0.000000000000000000e+00
1.441251045978158526e+07
0.000000000000000000e+00
5.395283542444266379e+06
3.909670548554420937e+06
1.227712878304854780e+07
0.000000000000000000e+00
0.000000000000000000e+00
9.435766597191704437e+06
0.000000000000000000e+00
0.000000000000000000e+00
0.000000000000000000e+00
0.000000000000000000e+00
0.000000000000000000e+00
0.000000000000000000e+00
1.753911794224510342e+07
0.000000000000000000e+00
0.000000000000000000e+00
0.000000000000000000e+00
2.015062595295768976e+07
5.182259577388579026e+06
0.000000000000000000e+00
1.072368289471048117e+07
8.868899024300519377e+06
0.000000000000000000e+00
1.084567186195900477e+07
0.000000000000000000e+00
0.000000000000000000e+00
0.000000000000000000e+00
3.773649833759441227e+07
5.864517916904202662e+06
8.868899024300519377e+06
0.000000000000000000e+00
0.000000000000000000e+00
1.362944739369068295e+07
1.503500337544787675e+07
0.000000000000000000e+00
0.000000000000000000e+00
1.050283991122716479e+07
2.435313028840116411e+07
0.000000000000000000e+00
0.000000000000000000e+00
0.000000000000000000e+00
0.000000000000000000e+00
3.909670548554420937e+06
0.000000000000000000e+00
0.000000000000000000e+00
0.000000000000000000e+00
0.000000000000000000e+00
1.419927172399907373e+07
1.419927172399907373e+07
0.000000000000000000e+00
0.000000000000000000e+00
1.135585737953715399e+07
0.000000000000000000e+00
0.000000000000000000e+00
0.000000000000000000e+00
0.000000000000000000e+00
7.613503072815756314e+06
0.000000000000000000e+00
0.000000000000000000e+00
0.000000000000000000e+00
0.000000000000000000e+00
0.000000000000000000e+00
0.000000000000000000e+00
1.503500337544787675e+07
0.000000000000000000e+00
0.000000000000000000e+00
0.000000000000000000e+00
1.751090676442807540e+07
1.533036852571553923e+07
0.000000000000000000e+00
0.000000000000000000e+00
0.000000000000000000e+00
0.000000000000000000e+00
0.000000000000000000e+00
0.000000000000000000e+00
5.444546850261397660e+06
1.474974880266601406e+07
2.019429565292741358e+07
0.000000000000000000e+00
2.894902052666508779e+07
0.000000000000000000e+00
1.533036852571553923e+07
1.362944739369068295e+07
2.737568261338292062e+07
0.000000000000000000e+00
2.259412246784413978e+07
0.000000000000000000e+00
1.443909340519817919e+07
1.745505987844370306e+07
0.000000000000000000e+00
1.084567186195900477e+07
0.000000000000000000e+00
0.000000000000000000e+00
1.745505987844370306e+07
0.000000000000000000e+00
5.182259577388579026e+06
0.000000000000000000e+00
1.134034346093973704e+07
0.000000000000000000e+00
0.000000000000000000e+00
0.000000000000000000e+00
0.000000000000000000e+00
0.000000000000000000e+00
1.503500337544787675e+07
1.062680642764997669e+07
0.000000000000000000e+00
0.000000000000000000e+00
0.000000000000000000e+00
7.384177026644445956e+06
1.050283991122716479e+07
0.000000000000000000e+00
0.000000000000000000e+00
1.072368289471048117e+07
1.512746192996306531e+07
3.909670548554420937e+06
0.000000000000000000e+00
1.529372047383645363e+07
0.000000000000000000e+00
0.000000000000000000e+00
1.345680169005113468e+07
0.000000000000000000e+00
0.000000000000000000e+00
0.000000000000000000e+00
1.134034346093973704e+07
1.512746192996306531e+07
1.681939485718282685e+07
0.000000000000000000e+00
0.000000000000000000e+00
1.362944739369068295e+07
0.000000000000000000e+00
1.533036852571553923e+07
1.419927172399907373e+07
0.000000000000000000e+00
1.038341573702207766e+07
0.000000000000000000e+00
0.000000000000000000e+00
1.488031344745310210e+07
0.000000000000000000e+00
2.108803576705595106e+07
1.745505987844370306e+07
0.000000000000000000e+00
0.000000000000000000e+00
0.000000000000000000e+00
0.000000000000000000e+00
0.000000000000000000e+00
0.000000000000000000e+00
1.134034346093973704e+07
0.000000000000000000e+00
4.568964953758226335e+07
1.855363941309670359e+07
0.000000000000000000e+00
0.000000000000000000e+00
0.000000000000000000e+00
9.435766597191704437e+06
1.533036852571553923e+07
0.000000000000000000e+00
1.072368289471048117e+07
0.000000000000000000e+00
1.217832084175661393e+07
0.000000000000000000e+00
0.000000000000000000e+00
1.072368289471048117e+07
2.290200373646709323e+07
0.000000000000000000e+00
2.999238710377632175e+06
0.000000000000000000e+00
2.528476526715718210e+07
0.000000000000000000e+00
0.000000000000000000e+00
0.000000000000000000e+00
0.000000000000000000e+00
0.000000000000000000e+00
1.084567186195900477e+07
0.000000000000000000e+00
0.000000000000000000e+00
5.395283542444266379e+06
0.000000000000000000e+00
0.000000000000000000e+00
0.000000000000000000e+00
0.000000000000000000e+00
1.503500337544787675e+07
1.743833211557581276e+07
1.084567186195900477e+07
0.000000000000000000e+00
8.868899024300519377e+06
1.084567186195900477e+07
0.000000000000000000e+00
1.362944739369068295e+07
0.000000000000000000e+00
1.443909340519817919e+07
0.000000000000000000e+00
0.000000000000000000e+00
2.885125022536781430e+07
0.000000000000000000e+00
0.000000000000000000e+00
0.000000000000000000e+00
0.000000000000000000e+00
0.000000000000000000e+00
0.000000000000000000e+00
1.134034346093973704e+07
0.000000000000000000e+00
5.395283542444266379e+06
0.000000000000000000e+00
2.456322852715476975e+07
1.256643660403302498e+07
5.025968711670823395e+07
1.217832084175661393e+07
8.868899024300519377e+06
7.384177026644445956e+06
0.000000000000000000e+00
0.000000000000000000e+00
1.443909340519817919e+07
5.843298617235378362e+06
5.182259577388579026e+06
1.751090676442807540e+07
1.652260303832831606e+07
1.142829585189435631e+07
0.000000000000000000e+00
0.000000000000000000e+00
0.000000000000000000e+00
1.463335344326490164e+07
1.142829585189435631e+07
0.000000000000000000e+00
0.000000000000000000e+00
8.842537327613011003e+06
0.000000000000000000e+00
0.000000000000000000e+00
0.000000000000000000e+00
0.000000000000000000e+00
0.000000000000000000e+00
0.000000000000000000e+00
9.435766597191704437e+06
0.000000000000000000e+00
5.182259577388579026e+06
0.000000000000000000e+00
3.820329945661051571e+07
5.444546850261397660e+06
0.000000000000000000e+00
0.000000000000000000e+00
0.000000000000000000e+00
5.182259577388579026e+06
0.000000000000000000e+00
0.000000000000000000e+00
0.000000000000000000e+00
2.306521399088238925e+07
0.000000000000000000e+00
1.533036852571553923e+07
0.000000000000000000e+00
0.000000000000000000e+00
0.000000000000000000e+00
0.000000000000000000e+00
0.000000000000000000e+00
1.751090676442807540e+07
1.979182391457236931e+07
0.000000000000000000e+00
0.000000000000000000e+00
0.000000000000000000e+00
1.743833211557581276e+07
0.000000000000000000e+00
0.000000000000000000e+00
0.000000000000000000e+00
0.000000000000000000e+00
5.864517916904202662e+06
0.000000000000000000e+00
1.072368289471048117e+07
0.000000000000000000e+00
0.000000000000000000e+00
0.000000000000000000e+00
2.089952129235208035e+07
0.000000000000000000e+00
0.000000000000000000e+00
1.050283991122716479e+07
2.294387159853129461e+07
0.000000000000000000e+00
0.000000000000000000e+00
5.960573837092886679e+06
7.384177026644445956e+06
0.000000000000000000e+00
0.000000000000000000e+00
0.000000000000000000e+00
0.000000000000000000e+00
0.000000000000000000e+00
0.000000000000000000e+00
0.000000000000000000e+00
0.000000000000000000e+00
0.000000000000000000e+00
6.076735042680158466e+07
0.000000000000000000e+00
5.395283542444266379e+06
0.000000000000000000e+00
0.000000000000000000e+00
9.435766597191704437e+06
0.000000000000000000e+00
0.000000000000000000e+00
0.000000000000000000e+00
0.000000000000000000e+00
1.751090676442807540e+07
0.000000000000000000e+00
0.000000000000000000e+00
0.000000000000000000e+00
0.000000000000000000e+00
1.443909340519817919e+07
2.956655533516124636e+07
0.000000000000000000e+00
0.000000000000000000e+00
0.000000000000000000e+00
0.000000000000000000e+00
0.000000000000000000e+00
0.000000000000000000e+00
5.182259577388579026e+06
2.215197874660483748e+07
0.000000000000000000e+00
1.533036852571553923e+07
2.819335924610031396e+07
0.000000000000000000e+00
1.084567186195900477e+07
5.182259577388579026e+06
0.000000000000000000e+00
1.362944739369068295e+07
1.050283991122716479e+07
1.357407690990864299e+07
2.054253289729688317e+07
0.000000000000000000e+00
1.050283991122716479e+07
0.000000000000000000e+00
1.134034346093973704e+07
0.000000000000000000e+00
1.680624569905189052e+07
7.384177026644445956e+06
8.868899024300519377e+06
0.000000000000000000e+00
1.751090676442807540e+07
1.362944739369068295e+07
0.000000000000000000e+00
0.000000000000000000e+00
0.000000000000000000e+00
0.000000000000000000e+00
5.960573837092886679e+06
0.000000000000000000e+00
0.000000000000000000e+00
0.000000000000000000e+00
0.000000000000000000e+00
0.000000000000000000e+00
0.000000000000000000e+00
0.000000000000000000e+00
0.000000000000000000e+00
0.000000000000000000e+00
1.503500337544787675e+07
5.864517916904202662e+06
2.020924248524025828e+07
2.999238710377632175e+06
0.000000000000000000e+00
0.000000000000000000e+00
0.000000000000000000e+00
5.182259577388579026e+06
0.000000000000000000e+00
0.000000000000000000e+00
0.000000000000000000e+00
0.000000000000000000e+00
1.142829585189435631e+07
1.217832084175661393e+07
0.000000000000000000e+00
1.529372047383645363e+07
0.000000000000000000e+00
0.000000000000000000e+00
0.000000000000000000e+00
2.819335924610031396e+07
2.215197874660483748e+07
0.000000000000000000e+00
1.142829585189435631e+07
1.616822974497187883e+07
0.000000000000000000e+00
0.000000000000000000e+00
1.142829585189435631e+07
2.227396771385335922e+07
0.000000000000000000e+00
0.000000000000000000e+00
1.322747564387982339e+07
0.000000000000000000e+00
0.000000000000000000e+00
8.868899024300519377e+06
0.000000000000000000e+00
0.000000000000000000e+00
7.613503072815756314e+06
0.000000000000000000e+00
0.000000000000000000e+00
5.395283542444266379e+06
0.000000000000000000e+00
9.435766597191704437e+06
0.000000000000000000e+00
0.000000000000000000e+00
1.533036852571553923e+07
1.529372047383645363e+07
1.443909340519817919e+07
2.688856372618012503e+07
0.000000000000000000e+00
0.000000000000000000e+00
0.000000000000000000e+00
0.000000000000000000e+00
0.000000000000000000e+00
0.000000000000000000e+00
5.864517916904202662e+06
0.000000000000000000e+00
0.000000000000000000e+00
1.533036852571553923e+07
2.341563371553659067e+07
1.050283991122716479e+07
0.000000000000000000e+00
0.000000000000000000e+00
5.843298617235378362e+06
1.419927172399907373e+07
2.274096500277882069e+07
0.000000000000000000e+00
7.384177026644445956e+06
1.419927172399907373e+07
1.751090676442807540e+07
0.000000000000000000e+00
1.062680642764997669e+07
2.193113576312152296e+07
0.000000000000000000e+00
0.000000000000000000e+00
5.960573837092886679e+06
0.000000000000000000e+00
0.000000000000000000e+00
0.000000000000000000e+00
2.129094236280842498e+07
5.182259577388579026e+06
9.435766597191704437e+06
5.864517916904202662e+06
5.182259577388579026e+06
0.000000000000000000e+00
0.000000000000000000e+00
0.000000000000000000e+00
0.000000000000000000e+00
0.000000000000000000e+00
1.474974880266601406e+07
0.000000000000000000e+00
0.000000000000000000e+00
0.000000000000000000e+00
6.316554945955662057e+06
1.362944739369068295e+07
1.152317362137017772e+07
0.000000000000000000e+00
0.000000000000000000e+00
1.751090676442807540e+07
0.000000000000000000e+00
0.000000000000000000e+00
0.000000000000000000e+00
0.000000000000000000e+00
0.000000000000000000e+00
0.000000000000000000e+00
0.000000000000000000e+00
0.000000000000000000e+00
0.000000000000000000e+00
5.182259577388579026e+06
1.134034346093973704e+07
0.000000000000000000e+00
1.512746192996306531e+07
0.000000000000000000e+00
0.000000000000000000e+00
0.000000000000000000e+00
1.134034346093973704e+07
0.000000000000000000e+00
0.000000000000000000e+00
1.533036852571553923e+07
0.000000000000000000e+00
0.000000000000000000e+00
0.000000000000000000e+00
1.362944739369068295e+07
0.000000000000000000e+00
1.474974880266601406e+07
0.000000000000000000e+00
0.000000000000000000e+00
5.843298617235378362e+06
1.072368289471048117e+07
0.000000000000000000e+00
2.500704471866245568e+07
0.000000000000000000e+00
7.613503072815756314e+06
1.533036852571553923e+07
1.084567186195900477e+07
0.000000000000000000e+00
0.000000000000000000e+00
1.142829585189435631e+07
0.000000000000000000e+00
5.864517916904202662e+06
0.000000000000000000e+00
1.072368289471048117e+07
9.435766597191704437e+06
0.000000000000000000e+00
1.419927172399907373e+07
2.290722354665220901e+07
1.061274178319338895e+07
0.000000000000000000e+00
0.000000000000000000e+00
5.182259577388579026e+06
0.000000000000000000e+00
0.000000000000000000e+00
0.000000000000000000e+00
0.000000000000000000e+00
0.000000000000000000e+00
3.909670548554420937e+06
0.000000000000000000e+00
0.000000000000000000e+00
2.999238710377632175e+06
1.061274178319338895e+07
0.000000000000000000e+00
0.000000000000000000e+00
2.533667671240904927e+07
1.072368289471048117e+07
1.512746192996306531e+07
0.000000000000000000e+00
1.315835587065243535e+07
0.000000000000000000e+00
0.000000000000000000e+00
1.142829585189435631e+07
9.435766597191704437e+06
1.142829585189435631e+07
1.512746192996306531e+07
3.090284132934079319e+07
0.000000000000000000e+00
0.000000000000000000e+00
7.384177026644445956e+06
1.134034346093973704e+07
5.960573837092886679e+06
0.000000000000000000e+00
0.000000000000000000e+00
0.000000000000000000e+00
0.000000000000000000e+00
0.000000000000000000e+00
1.527906521442708373e+07
1.743833211557581276e+07
0.000000000000000000e+00
7.384177026644445956e+06
0.000000000000000000e+00
0.000000000000000000e+00
0.000000000000000000e+00
1.072368289471048117e+07
0.000000000000000000e+00
0.000000000000000000e+00
8.868899024300519377e+06
0.000000000000000000e+00
0.000000000000000000e+00
0.000000000000000000e+00
1.533796640044877678e+07
0.000000000000000000e+00
0.000000000000000000e+00
1.533036852571553923e+07
0.000000000000000000e+00
0.000000000000000000e+00
0.000000000000000000e+00
2.366119578187960014e+07
0.000000000000000000e+00
0.000000000000000000e+00
1.362944739369068295e+07
2.512440983724383265e+07
0.000000000000000000e+00
0.000000000000000000e+00
0.000000000000000000e+00
1.134034346093973704e+07
2.117366714295091853e+07
0.000000000000000000e+00
5.960573837092886679e+06
1.084567186195900477e+07
1.745505987844370306e+07
0.000000000000000000e+00
0.000000000000000000e+00
0.000000000000000000e+00
1.419927172399907373e+07
0.000000000000000000e+00
3.909670548554420937e+06
0.000000000000000000e+00
0.000000000000000000e+00
0.000000000000000000e+00
0.000000000000000000e+00
0.000000000000000000e+00
8.868899024300519377e+06
1.745505987844370306e+07
0.000000000000000000e+00
2.496979085463041812e+07
6.316554945955662057e+06
1.751090676442807540e+07
2.597313379192207009e+07
0.000000000000000000e+00
0.000000000000000000e+00
1.084567186195900477e+07
0.000000000000000000e+00
0.000000000000000000e+00
0.000000000000000000e+00
0.000000000000000000e+00
0.000000000000000000e+00
7.384177026644445956e+06
0.000000000000000000e+00
7.613503072815756314e+06
0.000000000000000000e+00
0.000000000000000000e+00
5.182259577388579026e+06
1.050283991122716479e+07
0.000000000000000000e+00
0.000000000000000000e+00
0.000000000000000000e+00
2.382746171038373560e+07
1.217832084175661393e+07
0.000000000000000000e+00
1.903713247851748765e+07
1.730091729803262278e+07
0.000000000000000000e+00
1.057754311983284540e+07
0.000000000000000000e+00
0.000000000000000000e+00
1.419927172399907373e+07
3.560344198118809611e+07
2.949299219783552736e+07
0.000000000000000000e+00
0.000000000000000000e+00
6.316554945955662057e+06
0.000000000000000000e+00
0.000000000000000000e+00
0.000000000000000000e+00
0.000000000000000000e+00
0.000000000000000000e+00
0.000000000000000000e+00
6.316554945955662057e+06
0.000000000000000000e+00
0.000000000000000000e+00
0.000000000000000000e+00
9.435766597191704437e+06
2.999238710377632175e+06
5.960573837092886679e+06
0.000000000000000000e+00
1.362944739369068295e+07
0.000000000000000000e+00
2.028143845915070921e+07
6.316554945955662057e+06
2.999238710377632175e+06
0.000000000000000000e+00
8.868899024300519377e+06
1.533036852571553923e+07
0.000000000000000000e+00
0.000000000000000000e+00
0.000000000000000000e+00
0.000000000000000000e+00
1.072368289471048117e+07
1.050283991122716479e+07
9.435766597191704437e+06
0.000000000000000000e+00
1.315835587065243535e+07
3.715472533868854493e+07
1.745505987844370306e+07
1.804283875866081566e+07
0.000000000000000000e+00
0.000000000000000000e+00
8.868899024300519377e+06
8.868899024300519377e+06
0.000000000000000000e+00
1.673562700338400342e+07
7.384177026644445956e+06
0.000000000000000000e+00
0.000000000000000000e+00
0.000000000000000000e+00
0.000000000000000000e+00
0.000000000000000000e+00
0.000000000000000000e+00
5.960573837092886679e+06
0.000000000000000000e+00
0.000000000000000000e+00
5.843298617235378362e+06
2.888335573033805937e+07
5.444546850261397660e+06
1.503500337544787675e+07
0.000000000000000000e+00
5.395283542444266379e+06
0.000000000000000000e+00
1.849487578771227598e+07
5.395283542444266379e+06
1.512746192996306531e+07
0.000000000000000000e+00
0.000000000000000000e+00
0.000000000000000000e+00
0.000000000000000000e+00
3.909670548554420937e+06
5.395283542444266379e+06
5.182259577388579026e+06
5.960573837092886679e+06
0.000000000000000000e+00
0.000000000000000000e+00
0.000000000000000000e+00
0.000000000000000000e+00
0.000000000000000000e+00
2.790810467331844941e+07
0.000000000000000000e+00
1.050283991122716479e+07
1.134034346093973704e+07
5.182259577388579026e+06
1.662868610406831466e+07
0.000000000000000000e+00
0.000000000000000000e+00
0.000000000000000000e+00
0.000000000000000000e+00
1.751090676442807540e+07
0.000000000000000000e+00
1.512746192996306531e+07
0.000000000000000000e+00
1.474974880266601406e+07
2.347148060152096301e+07
0.000000000000000000e+00
2.895353178331393003e+07
1.072368289471048117e+07
0.000000000000000000e+00
0.000000000000000000e+00
1.084567186195900477e+07
0.000000000000000000e+00
1.993860650841886923e+07
0.000000000000000000e+00
1.084567186195900477e+07
0.000000000000000000e+00
2.276863931283409148e+07
1.315835587065243535e+07
0.000000000000000000e+00
1.503500337544787675e+07
1.512746192996306531e+07
0.000000000000000000e+00
2.416261949813697487e+07
0.000000000000000000e+00
0.000000000000000000e+00
0.000000000000000000e+00
2.747204131559306756e+07
5.395283542444266379e+06
1.706802641920685768e+07
6.316554945955662057e+06
7.384177026644445956e+06
1.503500337544787675e+07
0.000000000000000000e+00
5.182259577388579026e+06
0.000000000000000000e+00
0.000000000000000000e+00
0.000000000000000000e+00
1.512746192996306531e+07
0.000000000000000000e+00
0.000000000000000000e+00
1.084567186195900477e+07
0.000000000000000000e+00
5.864517916904202662e+06
8.868899024300519377e+06
0.000000000000000000e+00
1.463335344326490164e+07
8.868899024300519377e+06
0.000000000000000000e+00
1.503500337544787675e+07
0.000000000000000000e+00
5.960573837092886679e+06
0.000000000000000000e+00
0.000000000000000000e+00
0.000000000000000000e+00
5.182259577388579026e+06
1.751090676442807540e+07
1.217832084175661393e+07
5.864517916904202662e+06
0.000000000000000000e+00
0.000000000000000000e+00
0.000000000000000000e+00
8.868899024300519377e+06
0.000000000000000000e+00
0.000000000000000000e+00
1.911892970774532109e+07
1.512746192996306531e+07
0.000000000000000000e+00
0.000000000000000000e+00
0.000000000000000000e+00
0.000000000000000000e+00
0.000000000000000000e+00
0.000000000000000000e+00
3.155005977728429437e+07
8.868899024300519377e+06
1.072368289471048117e+07
1.443909340519817919e+07
2.014503234511028230e+07
2.388203876536291838e+07
1.315835587065243535e+07
5.960573837092886679e+06
0.000000000000000000e+00
0.000000000000000000e+00
0.000000000000000000e+00
0.000000000000000000e+00
0.000000000000000000e+00
0.000000000000000000e+00
0.000000000000000000e+00
1.512746192996306531e+07
1.745505987844370306e+07
5.843298617235378362e+06
0.000000000000000000e+00
0.000000000000000000e+00
7.613503072815756314e+06
0.000000000000000000e+00
0.000000000000000000e+00
0.000000000000000000e+00
0.000000000000000000e+00
0.000000000000000000e+00
3.909670548554420937e+06
0.000000000000000000e+00
0.000000000000000000e+00
2.999238710377632175e+06
2.806854079888886213e+07
1.529372047383645363e+07
7.613503072815756314e+06
2.181277479681482911e+07
1.072368289471048117e+07
0.000000000000000000e+00
0.000000000000000000e+00
0.000000000000000000e+00
1.881247287853880227e+07
1.142829585189435631e+07
2.956655533516124636e+07
0.000000000000000000e+00
0.000000000000000000e+00
0.000000000000000000e+00
0.000000000000000000e+00
0.000000000000000000e+00
0.000000000000000000e+00
1.474974880266601406e+07
0.000000000000000000e+00
0.000000000000000000e+00
0.000000000000000000e+00
0.000000000000000000e+00
0.000000000000000000e+00
0.000000000000000000e+00
0.000000000000000000e+00
0.000000000000000000e+00
0.000000000000000000e+00
1.443909340519817919e+07
1.512746192996306531e+07
0.000000000000000000e+00
0.000000000000000000e+00
2.999238710377632175e+06
0.000000000000000000e+00
0.000000000000000000e+00
0.000000000000000000e+00
0.000000000000000000e+00
2.442229865165853873e+07
1.134034346093973704e+07
1.072368289471048117e+07
1.084567186195900477e+07
1.533036852571553923e+07
3.909670548554420937e+06
1.084567186195900477e+07
7.613503072815756314e+06
1.084567186195900477e+07
0.000000000000000000e+00
0.000000000000000000e+00
0.000000000000000000e+00
1.751090676442807540e+07
8.868899024300519377e+06
0.000000000000000000e+00
0.000000000000000000e+00
3.909670548554420937e+06
0.000000000000000000e+00
2.999238710377632175e+06
1.334475086373733357e+07
1.503500337544787675e+07
1.751090676442807540e+07
0.000000000000000000e+00
0.000000000000000000e+00
0.000000000000000000e+00
0.000000000000000000e+00
3.317030068862388283e+07
0.000000000000000000e+00
0.000000000000000000e+00
3.940888425982859731e+07
1.529372047383645363e+07
5.395283542444266379e+06
0.000000000000000000e+00
0.000000000000000000e+00
7.384177026644445956e+06
1.084567186195900477e+07
0.000000000000000000e+00
9.315793656333293766e+06
2.028239202243355662e+07
0.000000000000000000e+00
7.613503072815756314e+06
2.823458965913855657e+07
0.000000000000000000e+00
0.000000000000000000e+00
0.000000000000000000e+00
0.000000000000000000e+00
1.084567186195900477e+07
1.362944739369068295e+07
0.000000000000000000e+00
0.000000000000000000e+00
2.029719487619487569e+07
0.000000000000000000e+00
0.000000000000000000e+00
0.000000000000000000e+00
0.000000000000000000e+00
1.903713247851748765e+07
1.751090676442807540e+07
0.000000000000000000e+00
1.142829585189435631e+07
0.000000000000000000e+00
0.000000000000000000e+00
0.000000000000000000e+00
0.000000000000000000e+00
1.362944739369068295e+07
0.000000000000000000e+00
0.000000000000000000e+00
1.499768009946020320e+07
0.000000000000000000e+00
0.000000000000000000e+00
5.182259577388579026e+06
0.000000000000000000e+00
0.000000000000000000e+00
0.000000000000000000e+00
1.745505987844370306e+07
2.999238710377632175e+06
1.512746192996306531e+07
0.000000000000000000e+00
0.000000000000000000e+00
8.868899024300519377e+06
0.000000000000000000e+00
0.000000000000000000e+00
0.000000000000000000e+00
0.000000000000000000e+00
0.000000000000000000e+00
1.512746192996306531e+07
8.868899024300519377e+06
4.906411801142962277e+07
0.000000000000000000e+00
0.000000000000000000e+00
5.960573837092886679e+06
0.000000000000000000e+00
0.000000000000000000e+00
0.000000000000000000e+00
1.845917493477476016e+07
1.533036852571553923e+07
0.000000000000000000e+00
1.315835587065243535e+07
1.443909340519817919e+07
0.000000000000000000e+00
0.000000000000000000e+00
1.142829585189435631e+07
1.050283991122716479e+07
0.000000000000000000e+00
1.072368289471048117e+07
0.000000000000000000e+00
0.000000000000000000e+00
2.999238710377632175e+06
0.000000000000000000e+00
0.000000000000000000e+00
1.084567186195900477e+07
3.909670548554420937e+06
0.000000000000000000e+00
0.000000000000000000e+00
5.395283542444266379e+06
0.000000000000000000e+00
1.443909340519817919e+07
9.435766597191704437e+06
3.958898570775416493e+07
1.142829585189435631e+07
1.443909340519817919e+07
0.000000000000000000e+00
0.000000000000000000e+00
7.384177026644445956e+06
5.864517916904202662e+06
9.435766597191704437e+06
1.217832084175661393e+07
1.084567186195900477e+07
0.000000000000000000e+00
5.843298617235378362e+06
0.000000000000000000e+00
0.000000000000000000e+00
0.000000000000000000e+00
1.474974880266601406e+07
0.000000000000000000e+00
1.315835587065243535e+07
0.000000000000000000e+00
2.781357294830281660e+07
5.182259577388579026e+06
7.613503072815756314e+06
0.000000000000000000e+00
0.000000000000000000e+00
2.030972150735164434e+07
0.000000000000000000e+00
0.000000000000000000e+00
5.843298617235378362e+06
0.000000000000000000e+00
0.000000000000000000e+00
5.182259577388579026e+06
0.000000000000000000e+00
1.084567186195900477e+07
1.315835587065243535e+07
5.843298617235378362e+06
0.000000000000000000e+00
2.027559698989737034e+07
3.909670548554420937e+06
2.071032263975889981e+07
1.072368289471048117e+07
0.000000000000000000e+00
0.000000000000000000e+00
0.000000000000000000e+00
0.000000000000000000e+00
0.000000000000000000e+00
1.624095540440327115e+07
1.072368289471048117e+07
0.000000000000000000e+00
0.000000000000000000e+00
5.444546850261397660e+06
0.000000000000000000e+00
1.443909340519817919e+07
1.084567186195900477e+07
1.243500530756933615e+07
2.156935475666948408e+07
0.000000000000000000e+00
1.503500337544787675e+07
0.000000000000000000e+00
0.000000000000000000e+00
1.634613852846254408e+07
1.419927172399907373e+07
8.394522252821898088e+06
1.128784546749677509e+07
0.000000000000000000e+00
0.000000000000000000e+00
5.960573837092886679e+06
0.000000000000000000e+00
0.000000000000000000e+00
3.909670548554420937e+06
0.000000000000000000e+00
0.000000000000000000e+00
0.000000000000000000e+00
1.050283991122716479e+07
2.390678006497276202e+07
9.435766597191704437e+06
0.000000000000000000e+00
1.315835587065243535e+07
0.000000000000000000e+00
0.000000000000000000e+00
0.000000000000000000e+00
0.000000000000000000e+00
0.000000000000000000e+00
0.000000000000000000e+00
0.000000000000000000e+00
3.981308565609846264e+07
0.000000000000000000e+00
0.000000000000000000e+00
0.000000000000000000e+00
0.000000000000000000e+00
5.960573837092886679e+06
7.384177026644445956e+06
0.000000000000000000e+00
2.580776823544729501e+07
0.000000000000000000e+00
0.000000000000000000e+00
5.960573837092886679e+06
1.533036852571553923e+07
0.000000000000000000e+00
1.142829585189435631e+07
0.000000000000000000e+00
0.000000000000000000e+00
0.000000000000000000e+00
0.000000000000000000e+00
0.000000000000000000e+00
1.616822974497187883e+07
0.000000000000000000e+00
0.000000000000000000e+00
3.909670548554420937e+06
1.072368289471048117e+07
2.039966724229106680e+07
1.134034346093973704e+07
0.000000000000000000e+00
0.000000000000000000e+00
1.811634298404292017e+07
0.000000000000000000e+00
5.182259577388579026e+06
1.315835587065243535e+07
2.999238710377632175e+06
0.000000000000000000e+00
1.142829585189435631e+07
0.000000000000000000e+00
0.000000000000000000e+00
2.361864782696653157e+07
6.316554945955662057e+06
0.000000000000000000e+00
0.000000000000000000e+00
0.000000000000000000e+00
1.924003907426996157e+07
0.000000000000000000e+00
1.751090676442807540e+07
1.443909340519817919e+07
1.503500337544787675e+07
0.000000000000000000e+00
3.192341722420965880e+07
0.000000000000000000e+00
0.000000000000000000e+00
1.084567186195900477e+07
0.000000000000000000e+00
0.000000000000000000e+00
0.000000000000000000e+00
0.000000000000000000e+00
0.000000000000000000e+00
0.000000000000000000e+00
0.000000000000000000e+00
0.000000000000000000e+00
0.000000000000000000e+00
9.435766597191704437e+06
0.000000000000000000e+00
0.000000000000000000e+00
1.765689840689539909e+07
5.444546850261397660e+06
1.419927172399907373e+07
6.316554945955662057e+06
0.000000000000000000e+00
1.443909340519817919e+07
0.000000000000000000e+00
1.443909340519817919e+07
2.206402635565021634e+07
2.878717021576667204e+07
1.443909340519817919e+07
0.000000000000000000e+00
0.000000000000000000e+00
0.000000000000000000e+00
5.843298617235378362e+06
0.000000000000000000e+00
1.217832084175661393e+07
0.000000000000000000e+00
7.384177026644445956e+06
5.864517916904202662e+06
0.000000000000000000e+00
0.000000000000000000e+00
2.516277629990866035e+07
0.000000000000000000e+00
5.843298617235378362e+06
0.000000000000000000e+00
1.217832084175661393e+07
0.000000000000000000e+00
0.000000000000000000e+00
7.613503072815756314e+06
2.866445076913855970e+07
1.362944739369068295e+07
1.134034346093973704e+07
0.000000000000000000e+00
8.868899024300519377e+06
0.000000000000000000e+00
0.000000000000000000e+00
0.000000000000000000e+00
0.000000000000000000e+00
1.362944739369068295e+07
0.000000000000000000e+00
1.443909340519817919e+07
5.960573837092886679e+06
1.277946056908871233e+07
0.000000000000000000e+00
8.868899024300519377e+06
0.000000000000000000e+00
1.072368289471048117e+07
0.000000000000000000e+00
0.000000000000000000e+00
0.000000000000000000e+00
0.000000000000000000e+00
1.362944739369068295e+07
0.000000000000000000e+00
0.000000000000000000e+00
1.443909340519817919e+07
0.000000000000000000e+00
0.000000000000000000e+00
0.000000000000000000e+00
0.000000000000000000e+00
1.681994362383615226e+07
2.059304741990139335e+07
0.000000000000000000e+00
6.316554945955662057e+06
0.000000000000000000e+00
0.000000000000000000e+00
5.182259577388579026e+06
0.000000000000000000e+00
0.000000000000000000e+00
7.384177026644445956e+06
0.000000000000000000e+00
2.999238710377632175e+06
0.000000000000000000e+00
4.134004250031109154e+07
2.399636095426358283e+07
0.000000000000000000e+00
2.678780326434312016e+07
7.384177026644445956e+06
1.134034346093973704e+07
5.182259577388579026e+06
0.000000000000000000e+00
1.072368289471048117e+07
2.449869933159217238e+07
1.799691880983783677e+07
0.000000000000000000e+00
0.000000000000000000e+00
9.435766597191704437e+06
0.000000000000000000e+00
0.000000000000000000e+00
0.000000000000000000e+00
0.000000000000000000e+00
6.316554945955662057e+06
7.384177026644445956e+06
1.072368289471048117e+07
0.000000000000000000e+00
0.000000000000000000e+00
0.000000000000000000e+00
0.000000000000000000e+00
5.960573837092886679e+06
0.000000000000000000e+00
0.000000000000000000e+00
0.000000000000000000e+00
1.503500337544787675e+07
1.751090676442807540e+07
0.000000000000000000e+00
1.134034346093973704e+07
0.000000000000000000e+00
0.000000000000000000e+00
0.000000000000000000e+00
1.956249786840105802e+07
5.182259577388579026e+06
0.000000000000000000e+00
3.258252180840677023e+07
0.000000000000000000e+00
0.000000000000000000e+00
7.384177026644445956e+06
0.000000000000000000e+00
1.072368289471048117e+07
0.000000000000000000e+00
3.785792387475428730e+07
2.021726295283645391e+07
7.384177026644445956e+06
0.000000000000000000e+00
8.868899024300519377e+06
0.000000000000000000e+00
0.000000000000000000e+00
0.000000000000000000e+00
0.000000000000000000e+00
0.000000000000000000e+00
0.000000000000000000e+00
2.559542066462501884e+07
0.000000000000000000e+00
1.072368289471048117e+07
7.384177026644445956e+06
0.000000000000000000e+00
4.126011923618169129e+07
2.795789978967086971e+07
3.948059221836423129e+07
0.000000000000000000e+00
0.000000000000000000e+00
0.000000000000000000e+00
0.000000000000000000e+00
0.000000000000000000e+00
0.000000000000000000e+00
0.000000000000000000e+00
0.000000000000000000e+00
2.358344152911090106e+07
1.751090676442807540e+07
1.419927172399907373e+07
0.000000000000000000e+00
0.000000000000000000e+00
5.395283542444266379e+06
0.000000000000000000e+00
0.000000000000000000e+00
0.000000000000000000e+00
0.000000000000000000e+00
1.050283991122716479e+07
0.000000000000000000e+00
0.000000000000000000e+00
0.000000000000000000e+00
0.000000000000000000e+00
7.384177026644445956e+06
0.000000000000000000e+00
1.277946056908871233e+07
0.000000000000000000e+00
0.000000000000000000e+00
0.000000000000000000e+00
5.864517916904202662e+06
0.000000000000000000e+00
1.315835587065243535e+07
0.000000000000000000e+00
0.000000000000000000e+00
1.050283991122716479e+07
3.909670548554420937e+06
7.384177026644445956e+06
0.000000000000000000e+00
2.366119578187960014e+07
0.000000000000000000e+00
3.263836869439113885e+07
0.000000000000000000e+00
1.474974880266601406e+07
0.000000000000000000e+00
0.000000000000000000e+00
0.000000000000000000e+00
1.811634298404292017e+07
5.843298617235378362e+06
0.000000000000000000e+00
5.395283542444266379e+06
0.000000000000000000e+00
1.182509175399708934e+07
0.000000000000000000e+00
0.000000000000000000e+00
0.000000000000000000e+00
2.601740336854693294e+07
0.000000000000000000e+00
0.000000000000000000e+00
1.362944739369068295e+07
0.000000000000000000e+00
0.000000000000000000e+00
0.000000000000000000e+00
1.050283991122716479e+07
0.000000000000000000e+00
0.000000000000000000e+00
9.435766597191704437e+06
5.182259577388579026e+06
8.868899024300519377e+06
0.000000000000000000e+00
1.134034346093973704e+07
0.000000000000000000e+00
0.000000000000000000e+00
0.000000000000000000e+00
1.050283991122716479e+07
2.646329922734223306e+07
2.030361132210238278e+07
0.000000000000000000e+00
5.843298617235378362e+06
0.000000000000000000e+00
0.000000000000000000e+00
0.000000000000000000e+00
2.382746171038373560e+07
0.000000000000000000e+00
2.647320194019700587e+07
1.822984888860344887e+07
0.000000000000000000e+00
0.000000000000000000e+00
2.655575778185742348e+07
0.000000000000000000e+00
0.000000000000000000e+00
0.000000000000000000e+00
3.782871494370673597e+07
0.000000000000000000e+00
0.000000000000000000e+00
0.000000000000000000e+00
5.182259577388579026e+06
8.868899024300519377e+06
6.316554945955662057e+06
1.512746192996306531e+07
0.000000000000000000e+00
0.000000000000000000e+00
2.999238710377632175e+06
7.613503072815756314e+06
0.000000000000000000e+00
0.000000000000000000e+00
0.000000000000000000e+00
0.000000000000000000e+00
2.678780326434312016e+07
5.864517916904202662e+06
0.000000000000000000e+00
9.435766597191704437e+06
0.000000000000000000e+00
0.000000000000000000e+00
3.909670548554420937e+06
0.000000000000000000e+00
6.316554945955662057e+06
0.000000000000000000e+00
0.000000000000000000e+00
0.000000000000000000e+00
7.384177026644445956e+06
1.084567186195900477e+07
0.000000000000000000e+00
2.999238710377632175e+06
3.297396889130591601e+07
0.000000000000000000e+00
3.578142614029552042e+07
5.960573837092886679e+06
0.000000000000000000e+00
2.442549721850915626e+07
0.000000000000000000e+00
0.000000000000000000e+00
0.000000000000000000e+00
0.000000000000000000e+00
0.000000000000000000e+00
0.000000000000000000e+00
0.000000000000000000e+00
0.000000000000000000e+00
0.000000000000000000e+00
1.050283991122716479e+07
0.000000000000000000e+00
3.909670548554420937e+06
0.000000000000000000e+00
1.277856957285493985e+07
1.503500337544787675e+07
0.000000000000000000e+00
7.384177026644445956e+06
0.000000000000000000e+00
0.000000000000000000e+00
0.000000000000000000e+00
0.000000000000000000e+00
3.008011732838155329e+07
3.909670548554420937e+06
0.000000000000000000e+00
0.000000000000000000e+00
0.000000000000000000e+00
5.395283542444266379e+06
1.362944739369068295e+07
2.030015600841025636e+07
1.512746192996306531e+07
0.000000000000000000e+00
0.000000000000000000e+00
1.134034346093973704e+07
0.000000000000000000e+00
9.435766597191704437e+06
2.999238710377632175e+06
8.868899024300519377e+06
0.000000000000000000e+00
0.000000000000000000e+00
1.315835587065243535e+07
0.000000000000000000e+00
0.000000000000000000e+00
0.000000000000000000e+00
1.072368289471048117e+07
9.435766597191704437e+06
0.000000000000000000e+00
1.050283991122716479e+07
0.000000000000000000e+00
1.072368289471048117e+07
0.000000000000000000e+00
8.868899024300519377e+06
0.000000000000000000e+00
0.000000000000000000e+00
1.072368289471048117e+07
0.000000000000000000e+00
0.000000000000000000e+00
0.000000000000000000e+00
0.000000000000000000e+00
0.000000000000000000e+00
0.000000000000000000e+00
1.050283991122716479e+07
0.000000000000000000e+00
1.751090676442807540e+07
1.474974880266601406e+07
0.000000000000000000e+00
0.000000000000000000e+00
0.000000000000000000e+00
0.000000000000000000e+00
0.000000000000000000e+00
0.000000000000000000e+00
0.000000000000000000e+00
2.470211163522623852e+07
1.729281376879855990e+07
0.000000000000000000e+00
0.000000000000000000e+00
0.000000000000000000e+00
6.316554945955662057e+06
2.655575778185742348e+07
0.000000000000000000e+00
1.315835587065243535e+07
0.000000000000000000e+00
1.419927172399907373e+07
2.637980578872859478e+07
0.000000000000000000e+00
5.182259577388579026e+06
0.000000000000000000e+00
0.000000000000000000e+00
6.316554945955662057e+06
0.000000000000000000e+00
0.000000000000000000e+00
2.999238710377632175e+06
0.000000000000000000e+00
0.000000000000000000e+00
0.000000000000000000e+00
0.000000000000000000e+00
1.134034346093973704e+07
0.000000000000000000e+00
3.098892775414803624e+07
1.872452048758418113e+07
2.999238710377632175e+06
1.142829585189435631e+07
0.000000000000000000e+00
1.443909340519817919e+07
0.000000000000000000e+00
0.000000000000000000e+00
2.999238710377632175e+06
3.549021408680749685e+07
1.217832084175661393e+07
0.000000000000000000e+00
5.182259577388579026e+06
1.533036852571553923e+07
5.182259577388579026e+06
1.751090676442807540e+07
0.000000000000000000e+00
4.636697149462828785e+07
3.290969821760922298e+07
5.843298617235378362e+06
5.395283542444266379e+06
7.384177026644445956e+06
1.134034346093973704e+07
3.909670548554420937e+06
0.000000000000000000e+00
1.315835587065243535e+07
0.000000000000000000e+00
0.000000000000000000e+00
1.900165448788781464e+07
0.000000000000000000e+00
7.613503072815756314e+06
0.000000000000000000e+00
0.000000000000000000e+00
0.000000000000000000e+00
0.000000000000000000e+00
0.000000000000000000e+00
1.362944739369068295e+07
0.000000000000000000e+00
5.182259577388579026e+06
0.000000000000000000e+00
0.000000000000000000e+00
0.000000000000000000e+00
1.745505987844370306e+07
0.000000000000000000e+00
0.000000000000000000e+00
0.000000000000000000e+00
5.182259577388579026e+06
0.000000000000000000e+00
0.000000000000000000e+00
0.000000000000000000e+00
0.000000000000000000e+00
0.000000000000000000e+00
0.000000000000000000e+00
0.000000000000000000e+00
5.864517916904202662e+06
5.182259577388579026e+06
3.248193216385899484e+07
1.751090676442807540e+07
2.117366714295091853e+07
0.000000000000000000e+00
0.000000000000000000e+00
0.000000000000000000e+00
5.395283542444266379e+06
0.000000000000000000e+00
1.072368289471048117e+07
0.000000000000000000e+00
1.529372047383645363e+07
0.000000000000000000e+00
0.000000000000000000e+00
1.971457088625952601e+07
0.000000000000000000e+00
1.751090676442807540e+07
0.000000000000000000e+00
2.504494358595807850e+07
8.868899024300519377e+06
1.072368289471048117e+07
2.390390239974839613e+07
1.751090676442807540e+07
0.000000000000000000e+00
2.234448638530324399e+07
7.384177026644445956e+06
0.000000000000000000e+00
0.000000000000000000e+00
0.000000000000000000e+00
0.000000000000000000e+00
0.000000000000000000e+00
0.000000000000000000e+00
0.000000000000000000e+00
0.000000000000000000e+00
2.269316634181665629e+07
3.909670548554420937e+06
1.745505987844370306e+07
0.000000000000000000e+00
0.000000000000000000e+00
1.050283991122716479e+07
0.000000000000000000e+00
0.000000000000000000e+00
1.671018977886320651e+07
0.000000000000000000e+00
2.694667336161977798e+07
0.000000000000000000e+00
1.217832084175661393e+07
1.084567186195900477e+07
0.000000000000000000e+00
0.000000000000000000e+00
1.512746192996306531e+07
5.182259577388579026e+06
0.000000000000000000e+00
2.400402773261144012e+07
2.476613512290724367e+07
8.868899024300519377e+06
1.050283991122716479e+07
5.960573837092886679e+06
0.000000000000000000e+00
0.000000000000000000e+00
0.000000000000000000e+00
0.000000000000000000e+00
0.000000000000000000e+00
1.315835587065243535e+07
0.000000000000000000e+00
0.000000000000000000e+00
0.000000000000000000e+00
1.419927172399907373e+07
0.000000000000000000e+00
1.072368289471048117e+07
0.000000000000000000e+00
0.000000000000000000e+00
2.583320843694270402e+07
0.000000000000000000e+00
0.000000000000000000e+00
2.999238710377632175e+06
0.000000000000000000e+00
0.000000000000000000e+00
1.134034346093973704e+07
0.000000000000000000e+00
1.134034346093973704e+07
0.000000000000000000e+00
0.000000000000000000e+00
0.000000000000000000e+00
0.000000000000000000e+00
1.072368289471048117e+07
0.000000000000000000e+00
1.751090676442807540e+07
8.868899024300519377e+06
3.909670548554420937e+06
0.000000000000000000e+00
0.000000000000000000e+00
1.474974880266601406e+07
0.000000000000000000e+00
0.000000000000000000e+00
0.000000000000000000e+00
1.072368289471048117e+07
0.000000000000000000e+00
1.419927172399907373e+07
7.613503072815756314e+06
1.218107286285986379e+07
3.909670548554420937e+06
0.000000000000000000e+00
1.315835587065243535e+07
0.000000000000000000e+00
1.443909340519817919e+07
0.000000000000000000e+00
0.000000000000000000e+00
0.000000000000000000e+00
1.134034346093973704e+07
0.000000000000000000e+00
0.000000000000000000e+00
1.134034346093973704e+07
1.142829585189435631e+07
0.000000000000000000e+00
0.000000000000000000e+00
0.000000000000000000e+00
1.443909340519817919e+07
0.000000000000000000e+00
0.000000000000000000e+00
2.533667671240904927e+07
3.343212755145528913e+07
1.362944739369068295e+07
0.000000000000000000e+00
5.444546850261397660e+06
7.384177026644445956e+06
0.000000000000000000e+00
0.000000000000000000e+00
0.000000000000000000e+00
0.000000000000000000e+00
0.000000000000000000e+00
0.000000000000000000e+00
0.000000000000000000e+00
1.217832084175661393e+07
1.362944739369068295e+07
0.000000000000000000e+00
0.000000000000000000e+00
2.999238710377632175e+06
1.745505987844370306e+07
0.000000000000000000e+00
0.000000000000000000e+00
0.000000000000000000e+00
0.000000000000000000e+00
0.000000000000000000e+00
9.435766597191704437e+06
0.000000000000000000e+00
0.000000000000000000e+00
0.000000000000000000e+00
0.000000000000000000e+00
1.072368289471048117e+07
8.394522252821898088e+06
0.000000000000000000e+00
0.000000000000000000e+00
0.000000000000000000e+00
6.316554945955662057e+06
8.868899024300519377e+06
0.000000000000000000e+00
5.864517916904202662e+06
0.000000000000000000e+00
1.443909340519817919e+07
1.084567186195900477e+07
1.680624569905189052e+07
1.503500337544787675e+07
0.000000000000000000e+00
0.000000000000000000e+00
0.000000000000000000e+00
0.000000000000000000e+00
0.000000000000000000e+00
1.038341573702207766e+07
1.419927172399907373e+07
2.020924248524025828e+07
5.960573837092886679e+06
1.463335344326490164e+07
1.072368289471048117e+07
1.751090676442807540e+07
2.051014547480570897e+07
1.217832084175661393e+07
0.000000000000000000e+00
1.134034346093973704e+07
0.000000000000000000e+00
8.868899024300519377e+06
0.000000000000000000e+00
2.191788658077258244e+07
0.000000000000000000e+00
2.830073174040270597e+07
0.000000000000000000e+00
0.000000000000000000e+00
2.435313028840116411e+07
0.000000000000000000e+00
0.000000000000000000e+00
5.444546850261397660e+06
1.512746192996306531e+07
0.000000000000000000e+00
1.443909340519817919e+07
1.533036852571553923e+07
0.000000000000000000e+00
1.474974880266601406e+07
0.000000000000000000e+00
0.000000000000000000e+00
0.000000000000000000e+00
0.000000000000000000e+00
0.000000000000000000e+00
5.960573837092886679e+06
0.000000000000000000e+00
0.000000000000000000e+00
1.084567186195900477e+07
0.000000000000000000e+00
0.000000000000000000e+00
1.050283991122716479e+07
5.395283542444266379e+06
0.000000000000000000e+00
0.000000000000000000e+00
5.182259577388579026e+06
2.875690932365375012e+07
0.000000000000000000e+00
2.789589509524931386e+07
0.000000000000000000e+00
1.474974880266601406e+07
0.000000000000000000e+00
0.000000000000000000e+00
2.585114482467354834e+07
3.045783045567860454e+07
0.000000000000000000e+00
0.000000000000000000e+00
0.000000000000000000e+00
0.000000000000000000e+00
0.000000000000000000e+00
2.419926755001606047e+07
9.435766597191704437e+06
2.826247901932770014e+07
0.000000000000000000e+00
0.000000000000000000e+00
1.134034346093973704e+07
1.512746192996306531e+07
0.000000000000000000e+00
5.395283542444266379e+06
0.000000000000000000e+00
0.000000000000000000e+00
0.000000000000000000e+00
2.283915798428397626e+07
0.000000000000000000e+00
0.000000000000000000e+00
8.868899024300519377e+06
0.000000000000000000e+00
1.751090676442807540e+07
1.072368289471048117e+07
1.217832084175661393e+07
0.000000000000000000e+00
0.000000000000000000e+00
0.000000000000000000e+00
7.384177026644445956e+06
5.395283542444266379e+06
2.072565206815980375e+07
1.512746192996306531e+07
1.652260303832831606e+07
2.399636095426358283e+07
0.000000000000000000e+00
1.474974880266601406e+07
0.000000000000000000e+00
5.960573837092886679e+06
6.316554945955662057e+06
2.999238710377632175e+06
0.000000000000000000e+00
1.050283991122716479e+07
0.000000000000000000e+00
0.000000000000000000e+00
0.000000000000000000e+00
0.000000000000000000e+00
0.000000000000000000e+00
0.000000000000000000e+00
0.000000000000000000e+00
2.435313028840116411e+07
1.788701693787161261e+07
0.000000000000000000e+00
0.000000000000000000e+00
0.000000000000000000e+00
7.384177026644445956e+06
0.000000000000000000e+00
0.000000000000000000e+00
9.435766597191704437e+06
2.043227358688273653e+07
0.000000000000000000e+00
5.182259577388579026e+06
1.751090676442807540e+07
0.000000000000000000e+00
0.000000000000000000e+00
0.000000000000000000e+00
0.000000000000000000e+00
1.512746192996306531e+07
1.072368289471048117e+07
0.000000000000000000e+00
0.000000000000000000e+00
5.960573837092886679e+06
0.000000000000000000e+00
5.843298617235378362e+06
0.000000000000000000e+00
0.000000000000000000e+00
0.000000000000000000e+00
1.678489031120113283e+07
0.000000000000000000e+00
9.774188465458624065e+06
1.050283991122716479e+07
0.000000000000000000e+00
0.000000000000000000e+00
0.000000000000000000e+00
5.960573837092886679e+06
0.000000000000000000e+00
0.000000000000000000e+00
0.000000000000000000e+00
1.533036852571553923e+07
0.000000000000000000e+00
2.586738925709253550e+07
0.000000000000000000e+00
5.211327951099923998e+07
7.384177026644445956e+06
0.000000000000000000e+00
3.035686630502913892e+07
1.834061544804101437e+07
0.000000000000000000e+00
0.000000000000000000e+00
8.868899024300519377e+06
0.000000000000000000e+00
0.000000000000000000e+00
0.000000000000000000e+00
0.000000000000000000e+00
0.000000000000000000e+00
0.000000000000000000e+00
0.000000000000000000e+00
0.000000000000000000e+00
2.999238710377632175e+06
0.000000000000000000e+00
8.868899024300519377e+06
1.443909340519817919e+07
5.843298617235378362e+06
1.072368289471048117e+07
1.050283991122716479e+07
0.000000000000000000e+00
0.000000000000000000e+00
0.000000000000000000e+00
0.000000000000000000e+00
1.503500337544787675e+07
0.000000000000000000e+00
3.909670548554420937e+06
0.000000000000000000e+00
1.362944739369068295e+07
1.315835587065243535e+07
0.000000000000000000e+00
0.000000000000000000e+00
0.000000000000000000e+00
0.000000000000000000e+00
0.000000000000000000e+00
1.084567186195900477e+07
7.613503072815756314e+06
5.444546850261397660e+06
0.000000000000000000e+00
0.000000000000000000e+00
5.843298617235378362e+06
0.000000000000000000e+00
0.000000000000000000e+00
0.000000000000000000e+00
0.000000000000000000e+00
0.000000000000000000e+00
0.000000000000000000e+00
0.000000000000000000e+00
0.000000000000000000e+00
0.000000000000000000e+00
0.000000000000000000e+00
0.000000000000000000e+00
2.456322852715476975e+07
1.525001400949415751e+07
0.000000000000000000e+00
0.000000000000000000e+00
0.000000000000000000e+00
0.000000000000000000e+00
7.384177026644445956e+06
2.837919619635669887e+07
5.843298617235378362e+06
0.000000000000000000e+00
5.864517916904202662e+06
0.000000000000000000e+00
0.000000000000000000e+00
2.999238710377632175e+06
0.000000000000000000e+00
1.050283991122716479e+07
0.000000000000000000e+00
0.000000000000000000e+00
0.000000000000000000e+00
0.000000000000000000e+00
0.000000000000000000e+00
0.000000000000000000e+00
0.000000000000000000e+00
0.000000000000000000e+00
0.000000000000000000e+00
1.084567186195900477e+07
0.000000000000000000e+00
0.000000000000000000e+00
1.217832084175661393e+07
0.000000000000000000e+00
1.084567186195900477e+07
0.000000000000000000e+00
5.395283542444266379e+06
2.999238710377632175e+06
0.000000000000000000e+00
0.000000000000000000e+00
1.419927172399907373e+07
1.525001400949415751e+07
3.909670548554420937e+06
0.000000000000000000e+00
1.419927172399907373e+07
0.000000000000000000e+00
4.501959613190022856e+07
4.138576676681795716e+07
0.000000000000000000e+00
9.435766597191704437e+06
0.000000000000000000e+00
1.512746192996306531e+07
1.474974880266601406e+07
1.533036852571553923e+07
2.489508379107252136e+07
0.000000000000000000e+00
0.000000000000000000e+00
0.000000000000000000e+00
5.182259577388579026e+06
0.000000000000000000e+00
0.000000000000000000e+00
0.000000000000000000e+00
5.960573837092886679e+06
0.000000000000000000e+00
0.000000000000000000e+00
0.000000000000000000e+00
1.072368289471048117e+07
0.000000000000000000e+00
2.290619030687234178e+07
0.000000000000000000e+00
0.000000000000000000e+00
8.868899024300519377e+06
1.751090676442807540e+07
1.072368289471048117e+07
0.000000000000000000e+00
0.000000000000000000e+00
0.000000000000000000e+00
0.000000000000000000e+00
0.000000000000000000e+00
0.000000000000000000e+00
5.960573837092886679e+06
1.442753456227198802e+07
0.000000000000000000e+00
0.000000000000000000e+00
0.000000000000000000e+00
0.000000000000000000e+00
2.694667336161977798e+07
3.108450727213438600e+07
5.444546850261397660e+06
0.000000000000000000e+00
2.994839470029582083e+07
0.000000000000000000e+00
0.000000000000000000e+00
1.142829585189435631e+07
0.000000000000000000e+00
1.443909340519817919e+07
0.000000000000000000e+00
0.000000000000000000e+00
8.868899024300519377e+06
3.909670548554420937e+06
1.050283991122716479e+07
0.000000000000000000e+00
1.050283991122716479e+07
0.000000000000000000e+00
1.533036852571553923e+07
0.000000000000000000e+00
0.000000000000000000e+00
0.000000000000000000e+00
2.945668644498265907e+07
0.000000000000000000e+00
0.000000000000000000e+00
0.000000000000000000e+00
0.000000000000000000e+00
1.315835587065243535e+07
0.000000000000000000e+00
0.000000000000000000e+00
0.000000000000000000e+00
5.864517916904202662e+06
5.395283542444266379e+06
3.909670548554420937e+06
0.000000000000000000e+00
0.000000000000000000e+00
1.134034346093973704e+07
1.050283991122716479e+07
0.000000000000000000e+00
0.000000000000000000e+00
0.000000000000000000e+00
3.909670548554420937e+06
1.419927172399907373e+07
0.000000000000000000e+00
0.000000000000000000e+00
7.613503072815756314e+06
5.960573837092886679e+06
5.182259577388579026e+06
0.000000000000000000e+00
1.512746192996306531e+07
3.905885802505449951e+07
2.134851177318616956e+07
5.395283542444266379e+06
0.000000000000000000e+00
0.000000000000000000e+00
0.000000000000000000e+00
1.474974880266601406e+07
2.694667336161977798e+07
0.000000000000000000e+00
0.000000000000000000e+00
0.000000000000000000e+00
0.000000000000000000e+00
0.000000000000000000e+00
0.000000000000000000e+00
0.000000000000000000e+00
0.000000000000000000e+00
0.000000000000000000e+00
1.512746192996306531e+07
2.368824272665835172e+07
8.868899024300519377e+06
2.290619030687234178e+07
0.000000000000000000e+00
7.384177026644445956e+06
0.000000000000000000e+00
2.828581780061550066e+07
0.000000000000000000e+00
0.000000000000000000e+00
3.909670548554420937e+06
0.000000000000000000e+00
0.000000000000000000e+00
0.000000000000000000e+00
0.000000000000000000e+00
0.000000000000000000e+00
0.000000000000000000e+00
0.000000000000000000e+00
1.134034346093973704e+07
0.000000000000000000e+00
0.000000000000000000e+00
0.000000000000000000e+00
5.182259577388579026e+06
5.444546850261397660e+06
0.000000000000000000e+00
1.084567186195900477e+07
0.000000000000000000e+00
5.843298617235378362e+06
0.000000000000000000e+00
0.000000000000000000e+00
1.751090676442807540e+07
1.050283991122716479e+07
5.182259577388579026e+06
0.000000000000000000e+00
1.681994362383615226e+07
0.000000000000000000e+00
1.362944739369068295e+07
0.000000000000000000e+00
0.000000000000000000e+00
0.000000000000000000e+00
2.885125022536781430e+07
0.000000000000000000e+00
0.000000000000000000e+00
0.000000000000000000e+00
0.000000000000000000e+00
0.000000000000000000e+00
2.071032263975889981e+07
0.000000000000000000e+00
0.000000000000000000e+00
0.000000000000000000e+00
2.637759256575568765e+07
1.443909340519817919e+07
0.000000000000000000e+00
1.072368289471048117e+07
0.000000000000000000e+00
0.000000000000000000e+00
0.000000000000000000e+00
0.000000000000000000e+00
0.000000000000000000e+00
0.000000000000000000e+00
7.384177026644445956e+06
0.000000000000000000e+00
1.217832084175661393e+07
1.084567186195900477e+07
5.843298617235378362e+06
0.000000000000000000e+00
0.000000000000000000e+00
0.000000000000000000e+00
0.000000000000000000e+00
0.000000000000000000e+00
0.000000000000000000e+00
1.661055542928293534e+07
1.134034346093973704e+07
0.000000000000000000e+00
0.000000000000000000e+00
0.000000000000000000e+00
1.529372047383645363e+07
1.050283991122716479e+07
1.050283991122716479e+07
0.000000000000000000e+00
0.000000000000000000e+00
0.000000000000000000e+00
0.000000000000000000e+00
1.512746192996306531e+07
1.217832084175661393e+07
0.000000000000000000e+00
1.134034346093973704e+07
0.000000000000000000e+00
8.868899024300519377e+06
1.315835587065243535e+07
1.315835587065243535e+07
1.419927172399907373e+07
0.000000000000000000e+00
0.000000000000000000e+00
2.583320843694270402e+07
0.000000000000000000e+00
1.751090676442807540e+07
2.617604038767454401e+07
2.458665172254679352e+07
0.000000000000000000e+00
5.960573837092886679e+06
0.000000000000000000e+00
0.000000000000000000e+00
7.384177026644445956e+06
1.084567186195900477e+07
0.000000000000000000e+00
0.000000000000000000e+00
0.000000000000000000e+00
0.000000000000000000e+00
1.443909340519817919e+07
1.881170697107926011e+07
3.167650705417808145e+07
3.909670548554420937e+06
0.000000000000000000e+00
0.000000000000000000e+00
7.384177026644445956e+06
1.050283991122716479e+07
0.000000000000000000e+00
1.993200838005459309e+07
0.000000000000000000e+00
3.909670548554420937e+06
0.000000000000000000e+00
0.000000000000000000e+00
5.864517916904202662e+06
0.000000000000000000e+00
5.444546850261397660e+06
0.000000000000000000e+00
1.142829585189435631e+07
0.000000000000000000e+00
0.000000000000000000e+00
1.751090676442807540e+07
0.000000000000000000e+00
0.000000000000000000e+00
0.000000000000000000e+00
0.000000000000000000e+00
5.182259577388579026e+06
0.000000000000000000e+00
0.000000000000000000e+00
1.751090676442807540e+07
1.072368289471048117e+07
1.529372047383645363e+07
5.960573837092886679e+06
1.140512068735428527e+07
0.000000000000000000e+00
1.443909340519817919e+07
2.328230048031587899e+07
1.512746192996306531e+07
0.000000000000000000e+00
0.000000000000000000e+00
0.000000000000000000e+00
5.960573837092886679e+06
0.000000000000000000e+00
8.868899024300519377e+06
0.000000000000000000e+00
0.000000000000000000e+00
0.000000000000000000e+00
0.000000000000000000e+00
1.751090676442807540e+07
0.000000000000000000e+00
1.050283991122716479e+07
0.000000000000000000e+00
0.000000000000000000e+00
7.384177026644445956e+06
1.072368289471048117e+07
6.316554945955662057e+06
2.999238710377632175e+06
0.000000000000000000e+00
0.000000000000000000e+00
0.000000000000000000e+00
0.000000000000000000e+00
2.577943686613791436e+07
1.050283991122716479e+07
0.000000000000000000e+00
7.613503072815756314e+06
0.000000000000000000e+00
0.000000000000000000e+00
0.000000000000000000e+00
2.823458965913855657e+07
1.084567186195900477e+07
0.000000000000000000e+00
0.000000000000000000e+00
0.000000000000000000e+00
0.000000000000000000e+00
0.000000000000000000e+00
3.826841310536236316e+07
5.843298617235378362e+06
0.000000000000000000e+00
0.000000000000000000e+00
0.000000000000000000e+00
0.000000000000000000e+00
0.000000000000000000e+00
5.843298617235378362e+06
0.000000000000000000e+00
0.000000000000000000e+00
1.533036852571553923e+07
0.000000000000000000e+00
1.084567186195900477e+07
0.000000000000000000e+00
3.103340440206212550e+07
1.751090676442807540e+07
5.843298617235378362e+06
1.881170697107926011e+07
7.613503072815756314e+06
2.678780326434312016e+07
0.000000000000000000e+00
0.000000000000000000e+00
0.000000000000000000e+00
0.000000000000000000e+00
0.000000000000000000e+00
5.864517916904202662e+06
0.000000000000000000e+00
0.000000000000000000e+00
0.000000000000000000e+00
1.443909340519817919e+07
0.000000000000000000e+00
1.671018977886320651e+07
0.000000000000000000e+00
0.000000000000000000e+00
1.419927172399907373e+07
0.000000000000000000e+00
0.000000000000000000e+00
1.217832084175661393e+07
0.000000000000000000e+00
2.999238710377632175e+06
0.000000000000000000e+00
0.000000000000000000e+00
5.960573837092886679e+06
0.000000000000000000e+00
8.868899024300519377e+06
8.868899024300519377e+06
0.000000000000000000e+00
0.000000000000000000e+00
0.000000000000000000e+00
0.000000000000000000e+00
0.000000000000000000e+00
0.000000000000000000e+00
0.000000000000000000e+00
0.000000000000000000e+00
0.000000000000000000e+00
0.000000000000000000e+00
1.084567186195900477e+07
0.000000000000000000e+00
0.000000000000000000e+00
0.000000000000000000e+00
0.000000000000000000e+00
0.000000000000000000e+00
0.000000000000000000e+00
0.000000000000000000e+00
1.512746192996306531e+07
0.000000000000000000e+00
2.528476526715718210e+07
6.316554945955662057e+06
1.084567186195900477e+07
1.474974880266601406e+07
0.000000000000000000e+00
1.956249786840105802e+07
8.868899024300519377e+06
0.000000000000000000e+00
0.000000000000000000e+00
5.395283542444266379e+06
1.474974880266601406e+07
1.419927172399907373e+07
5.843298617235378362e+06
7.384177026644445956e+06
2.572244534536924958e+07
1.512746192996306531e+07
0.000000000000000000e+00
1.503500337544787675e+07
0.000000000000000000e+00
0.000000000000000000e+00
0.000000000000000000e+00
3.779234522357878089e+07
8.868899024300519377e+06
0.000000000000000000e+00
1.512746192996306531e+07
1.443909340519817919e+07
0.000000000000000000e+00
0.000000000000000000e+00
2.999238710377632175e+06
8.868899024300519377e+06
5.395283542444266379e+06
0.000000000000000000e+00
0.000000000000000000e+00
0.000000000000000000e+00
0.000000000000000000e+00
3.488630239284744859e+07
0.000000000000000000e+00
1.533036852571553923e+07
0.000000000000000000e+00
0.000000000000000000e+00
1.443909340519817919e+07
0.000000000000000000e+00
0.000000000000000000e+00
1.084567186195900477e+07
0.000000000000000000e+00
1.662868610406831466e+07
1.134034346093973704e+07
0.000000000000000000e+00
1.362944739369068295e+07
2.043227358688273653e+07
0.000000000000000000e+00
0.000000000000000000e+00
1.142829585189435631e+07
0.000000000000000000e+00
0.000000000000000000e+00
0.000000000000000000e+00
0.000000000000000000e+00
0.000000000000000000e+00
1.443909340519817919e+07
2.999238710377632175e+06
8.868899024300519377e+06
3.909670548554420937e+06
0.000000000000000000e+00
3.061341574909614027e+07
1.315835587065243535e+07
0.000000000000000000e+00
0.000000000000000000e+00
1.050283991122716479e+07
0.000000000000000000e+00
0.000000000000000000e+00
0.000000000000000000e+00
1.362944739369068295e+07
0.000000000000000000e+00
2.999238710377632175e+06
0.000000000000000000e+00
0.000000000000000000e+00
1.533036852571553923e+07
0.000000000000000000e+00
1.050283991122716479e+07
0.000000000000000000e+00
2.302399270371561870e+07
2.617604038767454401e+07
0.000000000000000000e+00
0.000000000000000000e+00
1.217832084175661393e+07
0.000000000000000000e+00
0.000000000000000000e+00
1.881170697107926011e+07
0.000000000000000000e+00
0.000000000000000000e+00
0.000000000000000000e+00
1.315835587065243535e+07
3.440555745182212442e+07
7.613503072815756314e+06
0.000000000000000000e+00
0.000000000000000000e+00
0.000000000000000000e+00
1.419927172399907373e+07
0.000000000000000000e+00
5.960573837092886679e+06
0.000000000000000000e+00
0.000000000000000000e+00
0.000000000000000000e+00
0.000000000000000000e+00
0.000000000000000000e+00
0.000000000000000000e+00
4.022369919127779454e+07
5.395283542444266379e+06
0.000000000000000000e+00
5.182259577388579026e+06
1.745505987844370306e+07
1.315835587065243535e+07
6.316554945955662057e+06
0.000000000000000000e+00
9.435766597191704437e+06
1.474974880266601406e+07
1.745505987844370306e+07
1.419927172399907373e+07
0.000000000000000000e+00
0.000000000000000000e+00
0.000000000000000000e+00
1.315835587065243535e+07
0.000000000000000000e+00
0.000000000000000000e+00
0.000000000000000000e+00
0.000000000000000000e+00
0.000000000000000000e+00
1.072368289471048117e+07
0.000000000000000000e+00
0.000000000000000000e+00
2.572598530941210687e+07
1.084567186195900477e+07
0.000000000000000000e+00
3.304199612611201406e+07
0.000000000000000000e+00
1.751090676442807540e+07
0.000000000000000000e+00
0.000000000000000000e+00
1.084567186195900477e+07
0.000000000000000000e+00
0.000000000000000000e+00
0.000000000000000000e+00
0.000000000000000000e+00
5.395283542444266379e+06
1.608799139031103440e+07
0.000000000000000000e+00
8.868899024300519377e+06
2.999238710377632175e+06
0.000000000000000000e+00
1.959258191901100054e+07
0.000000000000000000e+00
0.000000000000000000e+00
1.952184174870594591e+07
0.000000000000000000e+00
0.000000000000000000e+00
0.000000000000000000e+00
0.000000000000000000e+00
0.000000000000000000e+00
9.435766597191704437e+06
2.264850644826363400e+07
1.072368289471048117e+07
1.804283875866081566e+07
5.960573837092886679e+06
0.000000000000000000e+00
1.217832084175661393e+07
0.000000000000000000e+00
0.000000000000000000e+00
0.000000000000000000e+00
0.000000000000000000e+00
3.428421505947103351e+07
2.206402635565021634e+07
2.845207634448888898e+07
1.362944739369068295e+07
1.474974880266601406e+07
0.000000000000000000e+00
0.000000000000000000e+00
0.000000000000000000e+00
1.152317362137017772e+07
2.999238710377632175e+06
5.960573837092886679e+06
0.000000000000000000e+00
5.182259577388579026e+06
0.000000000000000000e+00
3.254695332655310631e+07
1.745505987844370306e+07
1.142829585189435631e+07
1.324869494354864955e+07
2.086406244908606261e+07
0.000000000000000000e+00
1.072368289471048117e+07
1.834061544804101437e+07
1.419927172399907373e+07
0.000000000000000000e+00
1.419927172399907373e+07
7.613503072815756314e+06
0.000000000000000000e+00
0.000000000000000000e+00
1.419927172399907373e+07
0.000000000000000000e+00
0.000000000000000000e+00
1.745505987844370306e+07
0.000000000000000000e+00
1.217832084175661393e+07
1.845917493477476016e+07
1.533036852571553923e+07
1.315835587065243535e+07
0.000000000000000000e+00
1.419927172399907373e+07
0.000000000000000000e+00
0.000000000000000000e+00
0.000000000000000000e+00
0.000000000000000000e+00
0.000000000000000000e+00
0.000000000000000000e+00
2.999238710377632175e+06
0.000000000000000000e+00
5.843298617235378362e+06
0.000000000000000000e+00
1.503500337544787675e+07
0.000000000000000000e+00
0.000000000000000000e+00
0.000000000000000000e+00
2.351866430269635096e+07
0.000000000000000000e+00
0.000000000000000000e+00
0.000000000000000000e+00
1.217832084175661393e+07
0.000000000000000000e+00
7.384177026644445956e+06
1.751090676442807540e+07
1.050283991122716479e+07
1.503500337544787675e+07
1.426418256674478576e+07
0.000000000000000000e+00
1.751090676442807540e+07
1.745505987844370306e+07
8.868899024300519377e+06
0.000000000000000000e+00
0.000000000000000000e+00
0.000000000000000000e+00
0.000000000000000000e+00
0.000000000000000000e+00
1.419927172399907373e+07
0.000000000000000000e+00
1.533036852571553923e+07
5.960573837092886679e+06
0.000000000000000000e+00
2.999238710377632175e+06
0.000000000000000000e+00
1.822984888860344887e+07
0.000000000000000000e+00
0.000000000000000000e+00
2.893920261632243171e+07
0.000000000000000000e+00
0.000000000000000000e+00
0.000000000000000000e+00
0.000000000000000000e+00
3.909670548554420937e+06
0.000000000000000000e+00
0.000000000000000000e+00
5.960573837092886679e+06
0.000000000000000000e+00
0.000000000000000000e+00
1.751090676442807540e+07
1.730091729803262278e+07
0.000000000000000000e+00
2.637980578872859478e+07
0.000000000000000000e+00
0.000000000000000000e+00
1.350207862160479650e+07
0.000000000000000000e+00
1.134034346093973704e+07
0.000000000000000000e+00
0.000000000000000000e+00
0.000000000000000000e+00
0.000000000000000000e+00
1.443909340519817919e+07
3.909670548554420937e+06
5.395283542444266379e+06
1.443909340519817919e+07
0.000000000000000000e+00
2.077491537597693503e+07
0.000000000000000000e+00
0.000000000000000000e+00
8.868899024300519377e+06
1.084567186195900477e+07
1.419927172399907373e+07
0.000000000000000000e+00
0.000000000000000000e+00
0.000000000000000000e+00
1.529372047383645363e+07
0.000000000000000000e+00
2.613939233579545841e+07
0.000000000000000000e+00
1.533036852571553923e+07
1.443909340519817919e+07
1.419927172399907373e+07
1.279576265020433441e+07
2.562756757589343190e+07
5.395283542444266379e+06
5.182259577388579026e+06
0.000000000000000000e+00
3.909670548554420937e+06
0.000000000000000000e+00
0.000000000000000000e+00
0.000000000000000000e+00
1.751090676442807540e+07
2.505774324558503926e+07
1.525001400949415751e+07
2.894902052666508779e+07
9.435766597191704437e+06
2.015984556109195948e+07
1.084567186195900477e+07
0.000000000000000000e+00
0.000000000000000000e+00
5.444546850261397660e+06
0.000000000000000000e+00
1.362944739369068295e+07
3.617958036602788419e+07
0.000000000000000000e+00
0.000000000000000000e+00
8.868899024300519377e+06
1.959002123078357056e+07
1.084567186195900477e+07
0.000000000000000000e+00
0.000000000000000000e+00
0.000000000000000000e+00
5.864517916904202662e+06
0.000000000000000000e+00
0.000000000000000000e+00
0.000000000000000000e+00
1.142829585189435631e+07
0.000000000000000000e+00
1.512746192996306531e+07
0.000000000000000000e+00
0.000000000000000000e+00
0.000000000000000000e+00
0.000000000000000000e+00
0.000000000000000000e+00
0.000000000000000000e+00
0.000000000000000000e+00
0.000000000000000000e+00
0.000000000000000000e+00
1.217832084175661393e+07
0.000000000000000000e+00
0.000000000000000000e+00
9.304954090998686850e+06
0.000000000000000000e+00
1.362944739369068295e+07
0.000000000000000000e+00
8.868899024300519377e+06
7.613503072815756314e+06
1.084567186195900477e+07
0.000000000000000000e+00
0.000000000000000000e+00
0.000000000000000000e+00
1.072368289471048117e+07
2.885125022536781430e+07
2.867980682143743336e+07
1.315835587065243535e+07
0.000000000000000000e+00
8.868899024300519377e+06
0.000000000000000000e+00
0.000000000000000000e+00
9.435766597191704437e+06
0.000000000000000000e+00
1.084567186195900477e+07
0.000000000000000000e+00
0.000000000000000000e+00
0.000000000000000000e+00
0.000000000000000000e+00
3.263836869439113885e+07
0.000000000000000000e+00
0.000000000000000000e+00
1.362944739369068295e+07
5.843298617235378362e+06
1.959258191901100054e+07
0.000000000000000000e+00
0.000000000000000000e+00
2.142057731298249587e+07
0.000000000000000000e+00
0.000000000000000000e+00
1.217832084175661393e+07
0.000000000000000000e+00
1.751090676442807540e+07
1.419927172399907373e+07
3.626448102103489637e+07
0.000000000000000000e+00
2.637980578872859478e+07
1.738886968898724392e+07
0.000000000000000000e+00
0.000000000000000000e+00
3.403665786333569139e+07
7.384177026644445956e+06
1.751090676442807540e+07
3.909670548554420937e+06
1.217832084175661393e+07
1.084567186195900477e+07
1.419927172399907373e+07
0.000000000000000000e+00
1.962135298258675635e+07
0.000000000000000000e+00
0.000000000000000000e+00
5.843298617235378362e+06
3.962616126155523956e+07
0.000000000000000000e+00
2.999238710377632175e+06
0.000000000000000000e+00
0.000000000000000000e+00
0.000000000000000000e+00
2.999238710377632175e+06
0.000000000000000000e+00
0.000000000000000000e+00
8.868899024300519377e+06
1.419927172399907373e+07
1.736058041914519295e+07
0.000000000000000000e+00
2.661741424695479125e+07
0.000000000000000000e+00
1.616822974497187883e+07
9.304954090998686850e+06
5.182259577388579026e+06
0.000000000000000000e+00
0.000000000000000000e+00
0.000000000000000000e+00
3.909670548554420937e+06
0.000000000000000000e+00
1.751090676442807540e+07
2.533667671240904927e+07
0.000000000000000000e+00
1.419927172399907373e+07
5.960573837092886679e+06
0.000000000000000000e+00
0.000000000000000000e+00
7.613503072815756314e+06
5.960573837092886679e+06
2.419926755001606047e+07
7.384177026644445956e+06
0.000000000000000000e+00
8.868899024300519377e+06
0.000000000000000000e+00
0.000000000000000000e+00
1.443909340519817919e+07
5.444546850261397660e+06
0.000000000000000000e+00
0.000000000000000000e+00
5.182259577388579026e+06
0.000000000000000000e+00
0.000000000000000000e+00
0.000000000000000000e+00
0.000000000000000000e+00
8.868899024300519377e+06
0.000000000000000000e+00
1.050283991122716479e+07
1.072368289471048117e+07
2.617019891842120141e+07
1.084567186195900477e+07
1.217832084175661393e+07
6.316554945955662057e+06
0.000000000000000000e+00
0.000000000000000000e+00
0.000000000000000000e+00
0.000000000000000000e+00
9.435766597191704437e+06
0.000000000000000000e+00
0.000000000000000000e+00
2.999238710377632175e+06
0.000000000000000000e+00
5.182259577388579026e+06
0.000000000000000000e+00
0.000000000000000000e+00
0.000000000000000000e+00
0.000000000000000000e+00
0.000000000000000000e+00
0.000000000000000000e+00
9.435766597191704437e+06
0.000000000000000000e+00
2.801374667565523833e+07
0.000000000000000000e+00
1.512746192996306531e+07
0.000000000000000000e+00
0.000000000000000000e+00
0.000000000000000000e+00
0.000000000000000000e+00
0.000000000000000000e+00
0.000000000000000000e+00
7.384177026644445956e+06
0.000000000000000000e+00
0.000000000000000000e+00
0.000000000000000000e+00
0.000000000000000000e+00
0.000000000000000000e+00
0.000000000000000000e+00
0.000000000000000000e+00
0.000000000000000000e+00
0.000000000000000000e+00
0.000000000000000000e+00
1.512746192996306531e+07
0.000000000000000000e+00
0.000000000000000000e+00
1.443909340519817919e+07
3.909670548554420937e+06
1.142829585189435631e+07
0.000000000000000000e+00
0.000000000000000000e+00
0.000000000000000000e+00
0.000000000000000000e+00
2.999238710377632175e+06
7.384177026644445956e+06
0.000000000000000000e+00
0.000000000000000000e+00
0.000000000000000000e+00
1.813889467884949967e+07
2.117366714295091853e+07
0.000000000000000000e+00
6.316554945955662057e+06
0.000000000000000000e+00
3.278542840415924042e+07
0.000000000000000000e+00
2.115823839074065536e+07
1.419927172399907373e+07
0.000000000000000000e+00
2.271454555235998333e+07
0.000000000000000000e+00
5.444546850261397660e+06
0.000000000000000000e+00
0.000000000000000000e+00
0.000000000000000000e+00
2.597313379192207009e+07
1.362944739369068295e+07
3.909670548554420937e+06
0.000000000000000000e+00
0.000000000000000000e+00
0.000000000000000000e+00
1.142829585189435631e+07
2.672201632573080808e+07
0.000000000000000000e+00
1.217832084175661393e+07
2.577943686613791436e+07
1.050283991122716479e+07
5.960573837092886679e+06
0.000000000000000000e+00
0.000000000000000000e+00
5.182259577388579026e+06
0.000000000000000000e+00
2.156935475666948408e+07
0.000000000000000000e+00
0.000000000000000000e+00
1.751090676442807540e+07
0.000000000000000000e+00
0.000000000000000000e+00
0.000000000000000000e+00
6.316554945955662057e+06
2.347148060152096301e+07
1.114283341448146477e+07
0.000000000000000000e+00
0.000000000000000000e+00
0.000000000000000000e+00
0.000000000000000000e+00
2.158344875064352155e+07
0.000000000000000000e+00
0.000000000000000000e+00
1.443909340519817919e+07
0.000000000000000000e+00
1.050283991122716479e+07
0.000000000000000000e+00
1.813889467884949967e+07
0.000000000000000000e+00
1.315835587065243535e+07
1.084567186195900477e+07
0.000000000000000000e+00
1.443909340519817919e+07
1.845917493477476016e+07
1.084567186195900477e+07
1.217832084175661393e+07
0.000000000000000000e+00
2.205259647801393643e+07
1.745505987844370306e+07
0.000000000000000000e+00
4.000479423007829487e+07
0.000000000000000000e+00
1.134034346093973704e+07
0.000000000000000000e+00
1.529372047383645363e+07
0.000000000000000000e+00
0.000000000000000000e+00
0.000000000000000000e+00
5.182259577388579026e+06
5.864517916904202662e+06
1.084567186195900477e+07
1.217832084175661393e+07
5.182259577388579026e+06
0.000000000000000000e+00
1.419927172399907373e+07
0.000000000000000000e+00
5.182259577388579026e+06
0.000000000000000000e+00
0.000000000000000000e+00
0.000000000000000000e+00
1.706802641920685768e+07
2.533667671240904927e+07
0.000000000000000000e+00
0.000000000000000000e+00
0.000000000000000000e+00
5.395283542444266379e+06
0.000000000000000000e+00
1.315835587065243535e+07
0.000000000000000000e+00
0.000000000000000000e+00
0.000000000000000000e+00
0.000000000000000000e+00
0.000000000000000000e+00
5.960573837092886679e+06
1.072368289471048117e+07
1.134034346093973704e+07
1.751090676442807540e+07
0.000000000000000000e+00
9.435766597191704437e+06
0.000000000000000000e+00
3.909670548554420937e+06
1.084567186195900477e+07
1.419927172399907373e+07
2.302399270371561870e+07
0.000000000000000000e+00
0.000000000000000000e+00
1.529372047383645363e+07
0.000000000000000000e+00
0.000000000000000000e+00
0.000000000000000000e+00
1.134034346093973704e+07
5.182259577388579026e+06
1.134034346093973704e+07
0.000000000000000000e+00
0.000000000000000000e+00
1.751090676442807540e+07
0.000000000000000000e+00
0.000000000000000000e+00
1.419927172399907373e+07
8.868899024300519377e+06
1.822984888860344887e+07
0.000000000000000000e+00
0.000000000000000000e+00
6.316554945955662057e+06
0.000000000000000000e+00
0.000000000000000000e+00
3.909670548554420937e+06
1.050283991122716479e+07
7.384177026644445956e+06
0.000000000000000000e+00
1.745505987844370306e+07
2.015062595295768976e+07
0.000000000000000000e+00
1.533036852571553923e+07
0.000000000000000000e+00
0.000000000000000000e+00
7.613503072815756314e+06
0.000000000000000000e+00
1.646341374832005054e+07
1.443909340519817919e+07
7.613503072815756314e+06
0.000000000000000000e+00
1.315835587065243535e+07
0.000000000000000000e+00
2.400402773261144012e+07
2.999238710377632175e+06
2.525258871389317885e+07
1.512746192996306531e+07
1.530028451409590617e+07
1.443909340519817919e+07
0.000000000000000000e+00
1.512746192996306531e+07
0.000000000000000000e+00
5.960573837092886679e+06
7.384177026644445956e+06
0.000000000000000000e+00
7.384177026644445956e+06
0.000000000000000000e+00
0.000000000000000000e+00
0.000000000000000000e+00
1.751090676442807540e+07
0.000000000000000000e+00
0.000000000000000000e+00
0.000000000000000000e+00
5.864517916904202662e+06
8.868899024300519377e+06
0.000000000000000000e+00
1.512746192996306531e+07
7.384177026644445956e+06
0.000000000000000000e+00
2.894902052666508779e+07
0.000000000000000000e+00
1.072368289471048117e+07
1.050283991122716479e+07
2.051582666995473579e+07
1.474974880266601406e+07
2.051262810310411826e+07
1.084567186195900477e+07
0.000000000000000000e+00
7.384177026644445956e+06
1.050283991122716479e+07
2.863836512919725478e+07
1.362944739369068295e+07
0.000000000000000000e+00
0.000000000000000000e+00
1.503500337544787675e+07
0.000000000000000000e+00
0.000000000000000000e+00
0.000000000000000000e+00
8.863756627281835303e+06
0.000000000000000000e+00
1.474974880266601406e+07
1.533036852571553923e+07
2.016274659949938580e+07
0.000000000000000000e+00
0.000000000000000000e+00
1.072368289471048117e+07
0.000000000000000000e+00
1.443909340519817919e+07
0.000000000000000000e+00
2.721332421720448881e+07
1.830466562149222195e+07
0.000000000000000000e+00
0.000000000000000000e+00
0.000000000000000000e+00
0.000000000000000000e+00
1.443909340519817919e+07
0.000000000000000000e+00
1.134034346093973704e+07
1.533036852571553923e+07
2.099557721254076436e+07
0.000000000000000000e+00
0.000000000000000000e+00
0.000000000000000000e+00
0.000000000000000000e+00
0.000000000000000000e+00
0.000000000000000000e+00
0.000000000000000000e+00
0.000000000000000000e+00
1.751090676442807540e+07
0.000000000000000000e+00
1.849487578771227598e+07
0.000000000000000000e+00
3.909670548554420937e+06
1.084567186195900477e+07
0.000000000000000000e+00
5.864517916904202662e+06
0.000000000000000000e+00
5.444546850261397660e+06
2.182327043184262514e+07
3.909670548554420937e+06
0.000000000000000000e+00
6.316554945955662057e+06
0.000000000000000000e+00
1.315835587065243535e+07
0.000000000000000000e+00
5.182259577388579026e+06
1.443909340519817919e+07
0.000000000000000000e+00
5.960573837092886679e+06
0.000000000000000000e+00
0.000000000000000000e+00
0.000000000000000000e+00
0.000000000000000000e+00
5.182259577388579026e+06
0.000000000000000000e+00
7.384177026644445956e+06
0.000000000000000000e+00
0.000000000000000000e+00
1.050283991122716479e+07
0.000000000000000000e+00
0.000000000000000000e+00
1.796082915024352074e+07
0.000000000000000000e+00
1.529372047383645363e+07
0.000000000000000000e+00
5.395283542444266379e+06
0.000000000000000000e+00
0.000000000000000000e+00
0.000000000000000000e+00
1.947491081660809740e+07
0.000000000000000000e+00
0.000000000000000000e+00
0.000000000000000000e+00
5.182259577388579026e+06
0.000000000000000000e+00
5.960573837092886679e+06
5.864517916904202662e+06
0.000000000000000000e+00
1.681994362383615226e+07
0.000000000000000000e+00
2.251163895660751313e+07
1.419927172399907373e+07
0.000000000000000000e+00
5.182259577388579026e+06
1.529372047383645363e+07
0.000000000000000000e+00
3.317030068862388283e+07
5.395283542444266379e+06
0.000000000000000000e+00
0.000000000000000000e+00
0.000000000000000000e+00
0.000000000000000000e+00
0.000000000000000000e+00
8.868899024300519377e+06
2.019429565292741358e+07
0.000000000000000000e+00
0.000000000000000000e+00
