0.000000000000000000e+00
1.581789336736841500e+07
0.000000000000000000e+00
3.196809749308804423e+07
1.120409228153827600e+07
1.713460805296326801e+07
0.000000000000000000e+00
4.236750383448310941e+07
0.000000000000000000e+00
1.650103123593956046e+07
0.000000000000000000e+00
1.486581930293557048e+07
0.000000000000000000e+00
3.342804108680241928e+07
1.876332431452518702e+07
0.000000000000000000e+00
8.367052550266250037e+06
2.635857151226399094e+07
1.842353662888646871e+07
3.257696185397900641e+07
0.000000000000000000e+00
0.000000000000000000e+00
1.842353662888646871e+07
2.178049891372244433e+07
4.430922864495040476e+07
3.538590362203681469e+07
2.851884761765115708e+07
0.000000000000000000e+00
0.000000000000000000e+00
6.394411026348390616e+06
6.394411026348390616e+06
2.625655453906553239e+07
3.334135937156207860e+07
0.000000000000000000e+00
0.000000000000000000e+00
2.342857283978984877e+07
2.096866981911592931e+07
0.000000000000000000e+00
1.899651438909120113e+07
3.170031437658365816e+07
1.121314651598995738e+07
1.650103123593956046e+07
0.000000000000000000e+00
1.435073820232620649e+07
0.000000000000000000e+00
1.929620117020339146e+07
1.435073820232620649e+07
2.340910050129017979e+07
0.000000000000000000e+00
1.876332431452518702e+07
8.083054654213435017e+06
8.367052550266250037e+06
0.000000000000000000e+00
0.000000000000000000e+00
6.578681478572827764e+06
2.900718266383540630e+07
1.120409228153827600e+07
0.000000000000000000e+00
1.120409228153827600e+07
1.822622365165280178e+07
0.000000000000000000e+00
2.357072139348009974e+07
1.120409228153827600e+07
1.534551818557641469e+07
0.000000000000000000e+00
4.483882458445425332e+07
2.470563396172506362e+07
8.367052550266250037e+06
0.000000000000000000e+00
1.998885871067782119e+07
0.000000000000000000e+00
1.511513571990927868e+07
5.124345055306486785e+07
4.645776186764994636e+06
0.000000000000000000e+00
1.511513571990927868e+07
0.000000000000000000e+00
3.782399529605028033e+07
1.534551818557641469e+07
1.120409228153827600e+07
1.581789336736841500e+07
0.000000000000000000e+00
0.000000000000000000e+00
0.000000000000000000e+00
0.000000000000000000e+00
0.000000000000000000e+00
1.101305332668757439e+07
1.713460805296326801e+07
9.755523303125970066e+06
1.876332431452518702e+07
0.000000000000000000e+00
0.000000000000000000e+00
2.072462742775639147e+07
2.686974607337287441e+07
0.000000000000000000e+00
2.289544226228795201e+07
1.763957576087991521e+07
4.535265023969160020e+07
0.000000000000000000e+00
2.369290424881973118e+07
3.538590362203681469e+07
0.000000000000000000e+00
0.000000000000000000e+00
3.587754708477209508e+07
6.394411026348390616e+06
0.000000000000000000e+00
0.000000000000000000e+00
1.650103123593956046e+07
1.842353662888646871e+07
0.000000000000000000e+00
3.231892460330797732e+07
2.755685801813423634e+07
1.120409228153827600e+07
0.000000000000000000e+00
1.876332431452518702e+07
8.083054654213435017e+06
0.000000000000000000e+00
1.662257930751162954e+07
3.435345992465177178e+07
1.534551818557641469e+07
0.000000000000000000e+00
2.510708118137529492e+07
1.842353662888646871e+07
1.121314651598995738e+07
1.650103123593956046e+07
8.083054654213435017e+06
3.110853390036122873e+07
0.000000000000000000e+00
0.000000000000000000e+00
3.036620535469973460e+06
6.437655732940559834e+07
1.534551818557641469e+07
0.000000000000000000e+00
0.000000000000000000e+00
1.581789336736841500e+07
0.000000000000000000e+00
3.124237199290824682e+07
6.201908854537791014e+07
6.394411026348390616e+06
2.356166715902841836e+07
0.000000000000000000e+00
0.000000000000000000e+00
2.556388471831616387e+07
0.000000000000000000e+00
2.702198564890669286e+07
0.000000000000000000e+00
0.000000000000000000e+00
0.000000000000000000e+00
1.711422277024690434e+07
3.120200522666777670e+07
0.000000000000000000e+00
0.000000000000000000e+00
2.328487208936305344e+07
3.934691244668006897e+07
2.046366955413340777e+07
3.244047267488004267e+07
1.711422277024690434e+07
2.150954674625767022e+07
2.686292179499084502e+07
0.000000000000000000e+00
3.538590362203681469e+07
0.000000000000000000e+00
0.000000000000000000e+00
2.650659128309990466e+07
6.426429244889957830e+06
0.000000000000000000e+00
0.000000000000000000e+00
0.000000000000000000e+00
0.000000000000000000e+00
6.564231438129225373e+07
0.000000000000000000e+00
0.000000000000000000e+00
2.470563396172506362e+07
6.426429244889957830e+06
0.000000000000000000e+00
1.958019906625620648e+07
5.562037197705025971e+07
1.318928929646698944e+07
0.000000000000000000e+00
0.000000000000000000e+00
0.000000000000000000e+00
0.000000000000000000e+00
0.000000000000000000e+00
1.842353662888646871e+07
2.470563396172506362e+07
7.104325967351718247e+07
9.289187814006878063e+06
1.700335106425513700e+07
1.812257585339222103e+07
1.842353662888646871e+07
8.367052550266250037e+06
3.342804108680241928e+07
0.000000000000000000e+00
3.173771502742090821e+07
0.000000000000000000e+00
1.435073820232620649e+07
0.000000000000000000e+00
0.000000000000000000e+00
0.000000000000000000e+00
1.519928314064409584e+07
0.000000000000000000e+00
0.000000000000000000e+00
1.842353662888646871e+07
0.000000000000000000e+00
1.435073820232620649e+07
1.711422277024690434e+07
0.000000000000000000e+00
0.000000000000000000e+00
3.421149119556266814e+07
0.000000000000000000e+00
1.534551818557641469e+07
2.150954674625767022e+07
2.963668314487642795e+07
0.000000000000000000e+00
2.632828223589923605e+07
0.000000000000000000e+00
0.000000000000000000e+00
1.101305332668757439e+07
0.000000000000000000e+00
1.711422277024690434e+07
0.000000000000000000e+00
0.000000000000000000e+00
0.000000000000000000e+00
6.498766752669321373e+06
0.000000000000000000e+00
4.645776186764994636e+06
0.000000000000000000e+00
2.510104148870238662e+07
1.822622365165280178e+07
5.120379698940522969e+07
0.000000000000000000e+00
1.101305332668757439e+07
4.645776186764994636e+06
0.000000000000000000e+00
0.000000000000000000e+00
0.000000000000000000e+00
7.949242808734285831e+07
3.712346676364108920e+07
0.000000000000000000e+00
1.120409228153827600e+07
0.000000000000000000e+00
0.000000000000000000e+00
0.000000000000000000e+00
1.612723627299897000e+07
0.000000000000000000e+00
3.621476854261478782e+07
1.743948257157753408e+07
2.798174695477877185e+07
1.842353662888646871e+07
3.036620535469973460e+06
1.318928929646698944e+07
0.000000000000000000e+00
0.000000000000000000e+00
3.295250142033168301e+07
1.581789336736841500e+07
0.000000000000000000e+00
9.755523303125970066e+06
2.243379285653964058e+07
1.120409228153827600e+07
1.121314651598995738e+07
8.083054654213435017e+06
3.363563928890282661e+07
4.050523625714098662e+07
3.404411701902121305e+07
1.822622365165280178e+07
1.120409228153827600e+07
0.000000000000000000e+00
1.928714693575171009e+07
1.282084027123834938e+07
0.000000000000000000e+00
3.875218302520300448e+07
1.121314651598995738e+07
3.504611593639809638e+07
2.830442501637626812e+07
0.000000000000000000e+00
1.700335106425513700e+07
1.822622365165280178e+07
0.000000000000000000e+00
0.000000000000000000e+00
2.481794765523485839e+07
6.394411026348390616e+06
1.519928314064409584e+07
0.000000000000000000e+00
0.000000000000000000e+00
0.000000000000000000e+00
1.534551818557641469e+07
1.968805604913631082e+07
1.534551818557641469e+07
8.083054654213435017e+06
1.581789336736841500e+07
6.578681478572827764e+06
1.120409228153827600e+07
0.000000000000000000e+00
0.000000000000000000e+00
3.953190094433873147e+07
0.000000000000000000e+00
1.581789336736841500e+07
1.618195254801592790e+07
0.000000000000000000e+00
0.000000000000000000e+00
0.000000000000000000e+00
1.842353662888646871e+07
1.612723627299897000e+07
3.718686094341165572e+07
3.146496097257310897e+07
1.713460805296326801e+07
0.000000000000000000e+00
1.120409228153827600e+07
0.000000000000000000e+00
2.150954674625767022e+07
0.000000000000000000e+00
6.578681478572827764e+06
1.121314651598995738e+07
2.350863379659529403e+07
9.755523303125970066e+06
0.000000000000000000e+00
3.484880295916443318e+07
0.000000000000000000e+00
1.700335106425513700e+07
0.000000000000000000e+00
0.000000000000000000e+00
1.751182007935689390e+07
3.589793236748845875e+07
0.000000000000000000e+00
2.337062820417771488e+07
0.000000000000000000e+00
9.755523303125970066e+06
1.612723627299897000e+07
4.612662969195302576e+07
8.083054654213435017e+06
3.638349121418590099e+07
8.367052550266250037e+06
1.662257930751162954e+07
1.876332431452518702e+07
4.645776186764994636e+06
5.054226385704932362e+07
4.409528990491104871e+07
0.000000000000000000e+00
3.182439674266124517e+07
1.759173480526040122e+07
9.755523303125970066e+06
3.553775939913336933e+07
1.842353662888646871e+07
0.000000000000000000e+00
1.511513571990927868e+07
0.000000000000000000e+00
2.304900855240158737e+07
6.578681478572827764e+06
3.247643623221869767e+07
1.440129948989096470e+07
0.000000000000000000e+00
0.000000000000000000e+00
3.184654942151597515e+07
3.100191203736539558e+07
3.036620535469973460e+06
0.000000000000000000e+00
1.876332431452518702e+07
2.126284418712277710e+07
1.713460805296326801e+07
2.770512351747783646e+07
4.174889360775879025e+07
0.000000000000000000e+00
1.318928929646698944e+07
6.394411026348390616e+06
1.534551818557641469e+07
1.511513571990927868e+07
1.998885871067782119e+07
6.498766752669321373e+06
1.713460805296326801e+07
1.998885871067782119e+07
1.711422277024690434e+07
0.000000000000000000e+00
1.822622365165280178e+07
0.000000000000000000e+00
0.000000000000000000e+00
0.000000000000000000e+00
0.000000000000000000e+00
1.893625635606297106e+07
0.000000000000000000e+00
2.951385997297080606e+07
2.807191336489125714e+07
1.581789336736841500e+07
5.168538095484870672e+07
0.000000000000000000e+00
1.711422277024690434e+07
0.000000000000000000e+00
6.498766752669321373e+06
0.000000000000000000e+00
0.000000000000000000e+00
5.297996984588471055e+07
0.000000000000000000e+00
0.000000000000000000e+00
0.000000000000000000e+00
0.000000000000000000e+00
8.083054654213435017e+06
1.235757487749014236e+07
0.000000000000000000e+00
0.000000000000000000e+00
6.394411026348390616e+06
0.000000000000000000e+00
1.393496400077187270e+07
2.943937016764275730e+07
2.241723879752823338e+07
0.000000000000000000e+00
4.645776186764994636e+06
2.126284418712277710e+07
1.120409228153827600e+07
9.289187814006878063e+06
2.635857151226399094e+07
1.121314651598995738e+07
0.000000000000000000e+00
1.101305332668757439e+07
2.307971271451238915e+07
1.520181743514961749e+07
0.000000000000000000e+00
3.124237199290824682e+07
1.713460805296326801e+07
0.000000000000000000e+00
0.000000000000000000e+00
0.000000000000000000e+00
1.713460805296326801e+07
9.289187814006878063e+06
2.177194743046637252e+07
0.000000000000000000e+00
6.394411026348390616e+06
0.000000000000000000e+00
1.842353662888646871e+07
5.067328040175901353e+07
1.711422277024690434e+07
0.000000000000000000e+00
3.277427483121267706e+07
3.790773518672141433e+07
0.000000000000000000e+00
1.711422277024690434e+07
6.426429244889957830e+06
1.318928929646698944e+07
1.713460805296326801e+07
4.447778970960436016e+07
1.662257930751162954e+07
1.842353662888646871e+07
3.455077290188543499e+07
0.000000000000000000e+00
4.137169025897481292e+07
0.000000000000000000e+00
0.000000000000000000e+00
1.435073820232620649e+07
0.000000000000000000e+00
0.000000000000000000e+00
0.000000000000000000e+00
8.083054654213435017e+06
0.000000000000000000e+00
0.000000000000000000e+00
0.000000000000000000e+00
0.000000000000000000e+00
1.581789336736841500e+07
0.000000000000000000e+00
0.000000000000000000e+00
3.231892460330797732e+07
1.822622365165280178e+07
1.711422277024690434e+07
9.755523303125970066e+06
2.946587392223548517e+07
0.000000000000000000e+00
8.083054654213435017e+06
0.000000000000000000e+00
3.664976028053927422e+07
0.000000000000000000e+00
6.578681478572827764e+06
1.140367308573622257e+07
4.658789017848466337e+07
0.000000000000000000e+00
0.000000000000000000e+00
0.000000000000000000e+00
0.000000000000000000e+00
0.000000000000000000e+00
0.000000000000000000e+00
1.120409228153827600e+07
1.876332431452518702e+07
0.000000000000000000e+00
3.016863156969462335e+07
5.566730359572767466e+07
0.000000000000000000e+00
0.000000000000000000e+00
3.424142999625488371e+07
1.235757487749014236e+07
1.235757487749014236e+07
0.000000000000000000e+00
6.426429244889957830e+06
0.000000000000000000e+00
1.700335106425513700e+07
1.711422277024690434e+07
0.000000000000000000e+00
0.000000000000000000e+00
0.000000000000000000e+00
3.141551294811978936e+07
0.000000000000000000e+00
3.542343744320236146e+07
1.770285903420759737e+07
3.195261361099217832e+07
0.000000000000000000e+00
0.000000000000000000e+00
0.000000000000000000e+00
0.000000000000000000e+00
1.713460805296326801e+07
0.000000000000000000e+00
3.594781694477334619e+07
0.000000000000000000e+00
3.518814185132192075e+07
2.534200579309801385e+07
0.000000000000000000e+00
8.083054654213435017e+06
3.262826750893852860e+07
0.000000000000000000e+00
6.394411026348390616e+06
1.235757487749014236e+07
0.000000000000000000e+00
0.000000000000000000e+00
0.000000000000000000e+00
0.000000000000000000e+00
1.650103123593956046e+07
0.000000000000000000e+00
1.511513571990927868e+07
1.581789336736841500e+07
0.000000000000000000e+00
0.000000000000000000e+00
1.140367308573622257e+07
0.000000000000000000e+00
3.161616695584883913e+07
1.822622365165280178e+07
4.645776186764994636e+06
1.842353662888646871e+07
4.645776186764994636e+06
9.755523303125970066e+06
0.000000000000000000e+00
0.000000000000000000e+00
1.713460805296326801e+07
6.426429244889957830e+06
3.974361970704434812e+07
0.000000000000000000e+00
2.734038278898892552e+07
0.000000000000000000e+00
2.848481115048911422e+07
0.000000000000000000e+00
0.000000000000000000e+00
0.000000000000000000e+00
0.000000000000000000e+00
3.916868585756106675e+07
0.000000000000000000e+00
0.000000000000000000e+00
1.876332431452518702e+07
3.484880295916443318e+07
0.000000000000000000e+00
0.000000000000000000e+00
4.606194947515439242e+07
0.000000000000000000e+00
6.394411026348390616e+06
4.131955397059793025e+07
0.000000000000000000e+00
6.394411026348390616e+06
0.000000000000000000e+00
6.107090142744685709e+07
0.000000000000000000e+00
0.000000000000000000e+00
1.662257930751162954e+07
0.000000000000000000e+00
4.084077542641470581e+07
6.394411026348390616e+06
0.000000000000000000e+00
3.709552040217227489e+07
1.101305332668757439e+07
4.068494416372700781e+07
5.238614408405575156e+07
0.000000000000000000e+00
1.738735873779617995e+07
0.000000000000000000e+00
4.785385256207755208e+07
1.318928929646698944e+07
0.000000000000000000e+00
2.554347786980216950e+07
1.318928929646698944e+07
1.612723627299897000e+07
3.840695200364369154e+07
0.000000000000000000e+00
2.095961558466424793e+07
1.711422277024690434e+07
1.235757487749014236e+07
0.000000000000000000e+00
2.679058917915271968e+07
3.485467801361339539e+07
1.876332431452518702e+07
0.000000000000000000e+00
0.000000000000000000e+00
0.000000000000000000e+00
0.000000000000000000e+00
9.289187814006878063e+06
1.318928929646698944e+07
1.822622365165280178e+07
0.000000000000000000e+00
2.625655453906553239e+07
0.000000000000000000e+00
1.435073820232620649e+07
3.047797447532517463e+07
0.000000000000000000e+00
1.534551818557641469e+07
0.000000000000000000e+00
2.226228031892809644e+07
4.645776186764994636e+06
0.000000000000000000e+00
4.875894458348875493e+07
1.534551818557641469e+07
0.000000000000000000e+00
2.526209106719450653e+07
0.000000000000000000e+00
1.101305332668757439e+07
0.000000000000000000e+00
1.581789336736841500e+07
0.000000000000000000e+00
0.000000000000000000e+00
1.114454293943431601e+07
0.000000000000000000e+00
3.195261361099217832e+07
4.645776186764994636e+06
1.101305332668757439e+07
1.822622365165280178e+07
0.000000000000000000e+00
0.000000000000000000e+00
1.519928314064409584e+07
1.822622365165280178e+07
1.650103123593956046e+07
6.394411026348390616e+06
0.000000000000000000e+00
1.822622365165280178e+07
1.612723627299897000e+07
0.000000000000000000e+00
3.274981558051060140e+07
0.000000000000000000e+00
0.000000000000000000e+00
0.000000000000000000e+00
3.295250142033168301e+07
1.318928929646698944e+07
1.534551818557641469e+07
0.000000000000000000e+00
8.083054654213435017e+06
6.498766752669321373e+06
0.000000000000000000e+00
0.000000000000000000e+00
2.656754018925064802e+07
6.394411026348390616e+06
4.645776186764994636e+06
6.394411026348390616e+06
2.830442501637626812e+07
3.396514174967480451e+07
1.822622365165280178e+07
4.578530996343187988e+07
0.000000000000000000e+00
1.711422277024690434e+07
9.755523303125970066e+06
1.520181743514961749e+07
0.000000000000000000e+00
1.998885871067782119e+07
3.386184759813363850e+07
2.173992921192480624e+07
6.498766752669321373e+06
1.662257930751162954e+07
2.077301245976396650e+07
4.282597244134341925e+07
2.747271059739942104e+07
2.510708118137529492e+07
1.435073820232620649e+07
1.650103123593956046e+07
0.000000000000000000e+00
2.947179764773704857e+07
6.394411026348390616e+06
1.519928314064409584e+07
4.629586784269359708e+07
9.755523303125970066e+06
6.394411026348390616e+06
0.000000000000000000e+00
0.000000000000000000e+00
0.000000000000000000e+00
0.000000000000000000e+00
6.498766752669321373e+06
1.279214383859594353e+07
3.036620535469973460e+06
2.515773534087357670e+07
1.650103123593956046e+07
3.262826750893852860e+07
0.000000000000000000e+00
3.961282926952071488e+07
0.000000000000000000e+00
1.534551818557641469e+07
9.289187814006878063e+06
9.289187814006878063e+06
1.815175625537925214e+07
6.498766752669321373e+06
1.534551818557641469e+07
0.000000000000000000e+00
1.700335106425513700e+07
0.000000000000000000e+00
3.396260745516928285e+07
1.458182140688275546e+07
1.101305332668757439e+07
2.817905993201243877e+07
1.650103123593956046e+07
0.000000000000000000e+00
0.000000000000000000e+00
9.289187814006878063e+06
1.822622365165280178e+07
0.000000000000000000e+00
0.000000000000000000e+00
1.581789336736841500e+07
0.000000000000000000e+00
4.645776186764994636e+06
2.630927830586623773e+07
0.000000000000000000e+00
0.000000000000000000e+00
1.519928314064409584e+07
0.000000000000000000e+00
3.864415479922093451e+07
2.767125543291278929e+07
2.350863379659529403e+07
0.000000000000000000e+00
2.423298898368779570e+07
1.235757487749014236e+07
8.367052550266250037e+06
0.000000000000000000e+00
4.321357387188880146e+07
0.000000000000000000e+00
1.662257930751162954e+07
8.083054654213435017e+06
0.000000000000000000e+00
2.409727006055598706e+07
3.182186244815572351e+07
5.226770661471988261e+07
0.000000000000000000e+00
1.120409228153827600e+07
1.534551818557641469e+07
3.324145904324587435e+07
0.000000000000000000e+00
4.955469544512695074e+07
1.822622365165280178e+07
3.488316995698595047e+07
4.645776186764994636e+06
1.120409228153827600e+07
6.394411026348390616e+06
3.196809749308804423e+07
3.476512957939150184e+07
3.036620535469973460e+06
1.968805604913631082e+07
0.000000000000000000e+00
2.376665349456870556e+07
6.498766752669321373e+06
3.233389119360736385e+07
0.000000000000000000e+00
0.000000000000000000e+00
1.121314651598995738e+07
6.578681478572827764e+06
1.121314651598995738e+07
0.000000000000000000e+00
1.519928314064409584e+07
0.000000000000000000e+00
0.000000000000000000e+00
0.000000000000000000e+00
6.578681478572827764e+06
1.842353662888646871e+07
1.511513571990927868e+07
2.495734073827558756e+07
1.770285903420759737e+07
6.394411026348390616e+06
0.000000000000000000e+00
0.000000000000000000e+00
1.520181743514961749e+07
0.000000000000000000e+00
4.645776186764994636e+06
0.000000000000000000e+00
0.000000000000000000e+00
1.318928929646698944e+07
0.000000000000000000e+00
2.074514922867459804e+07
0.000000000000000000e+00
0.000000000000000000e+00
4.250776416443322599e+07
0.000000000000000000e+00
1.534551818557641469e+07
2.480490513022562861e+07
1.511513571990927868e+07
0.000000000000000000e+00
3.409750408941494673e+07
1.958019906625620648e+07
5.012638529997564852e+07
2.632828223589923605e+07
3.184654942151597515e+07
1.998885871067782119e+07
1.120409228153827600e+07
3.471272607813356817e+07
0.000000000000000000e+00
1.121314651598995738e+07
0.000000000000000000e+00
1.842353662888646871e+07
6.394411026348390616e+06
6.578681478572827764e+06
2.751541146565967798e+07
0.000000000000000000e+00
4.266341303732776642e+07
1.534551818557641469e+07
0.000000000000000000e+00
1.511513571990927868e+07
3.664976028053927422e+07
0.000000000000000000e+00
1.534551818557641469e+07
1.519928314064409584e+07
0.000000000000000000e+00
0.000000000000000000e+00
4.990303972177617252e+07
1.534551818557641469e+07
5.656763236912352592e+07
9.755523303125970066e+06
2.832736928623685986e+07
1.976797077503981814e+07
0.000000000000000000e+00
0.000000000000000000e+00
1.101305332668757439e+07
1.842353662888646871e+07
1.998885871067782119e+07
3.036620535469973460e+06
0.000000000000000000e+00
1.711422277024690434e+07
6.491338734209188819e+07
0.000000000000000000e+00
0.000000000000000000e+00
1.121314651598995738e+07
6.178927904421918839e+07
1.519928314064409584e+07
1.822622365165280178e+07
3.184654942151597515e+07
4.645776186764994636e+06
0.000000000000000000e+00
1.519928314064409584e+07
0.000000000000000000e+00
5.537694427255453914e+07
1.519928314064409584e+07
6.394411026348390616e+06
3.838257826452352852e+07
1.101305332668757439e+07
5.641067218721354753e+07
8.367052550266250037e+06
0.000000000000000000e+00
0.000000000000000000e+00
2.754121844905294478e+07
0.000000000000000000e+00
1.120409228153827600e+07
0.000000000000000000e+00
1.519928314064409584e+07
1.120409228153827600e+07
8.083054654213435017e+06
0.000000000000000000e+00
4.502668974145501852e+07
1.713460805296326801e+07
1.612723627299897000e+07
0.000000000000000000e+00
0.000000000000000000e+00
3.396260745516928285e+07
0.000000000000000000e+00
0.000000000000000000e+00
1.581789336736841500e+07
6.110164411744953692e+07
1.713460805296326801e+07
1.650103123593956046e+07
1.876332431452518702e+07
0.000000000000000000e+00
0.000000000000000000e+00
8.367052550266250037e+06
1.511513571990927868e+07
2.498963185777787864e+07
0.000000000000000000e+00
1.121314651598995738e+07
8.083054654213435017e+06
0.000000000000000000e+00
1.662257930751162954e+07
0.000000000000000000e+00
6.426429244889957830e+06
1.711422277024690434e+07
1.711422277024690434e+07
1.318928929646698944e+07
8.083054654213435017e+06
0.000000000000000000e+00
1.876332431452518702e+07
6.578681478572827764e+06
0.000000000000000000e+00
0.000000000000000000e+00
0.000000000000000000e+00
1.101305332668757439e+07
6.426429244889957830e+06
6.426429244889957830e+06
0.000000000000000000e+00
2.689013135608923808e+07
3.710308148092472553e+07
0.000000000000000000e+00
4.414434378909821808e+07
0.000000000000000000e+00
1.612723627299897000e+07
0.000000000000000000e+00
1.289317777901771292e+07
2.126284418712277710e+07
0.000000000000000000e+00
1.435073820232620649e+07
1.235757487749014236e+07
0.000000000000000000e+00
0.000000000000000000e+00
0.000000000000000000e+00
1.711422277024690434e+07
0.000000000000000000e+00
0.000000000000000000e+00
0.000000000000000000e+00
0.000000000000000000e+00
1.235757487749014236e+07
1.662257930751162954e+07
3.036620535469973460e+06
0.000000000000000000e+00
2.981186860397861898e+07
0.000000000000000000e+00
1.876332431452518702e+07
1.101305332668757439e+07
0.000000000000000000e+00
1.534551818557641469e+07
3.161616695584883913e+07
4.102560463345328718e+07
0.000000000000000000e+00
0.000000000000000000e+00
8.083054654213435017e+06
3.832316349533057213e+07
0.000000000000000000e+00
6.578681478572827764e+06
1.713460805296326801e+07
6.394411026348390616e+06
4.446593660750050843e+07
1.650103123593956046e+07
0.000000000000000000e+00
0.000000000000000000e+00
1.612723627299897000e+07
0.000000000000000000e+00
1.713460805296326801e+07
1.998885871067782119e+07
1.876332431452518702e+07
2.521766270717670396e+07
6.394411026348390616e+06
1.662257930751162954e+07
1.650103123593956046e+07
1.822622365165280178e+07
0.000000000000000000e+00
5.050103934194609523e+07
1.519928314064409584e+07
2.224432261225837469e+07
0.000000000000000000e+00
3.664976028053927422e+07
3.112089919201532751e+07
0.000000000000000000e+00
0.000000000000000000e+00
1.534551818557641469e+07
2.463463489744281769e+07
0.000000000000000000e+00
0.000000000000000000e+00
0.000000000000000000e+00
0.000000000000000000e+00
2.306931281565146148e+07
6.426429244889957830e+06
2.492230338155578822e+07
1.121314651598995738e+07
0.000000000000000000e+00
0.000000000000000000e+00
1.511513571990927868e+07
8.083054654213435017e+06
1.876332431452518702e+07
1.101305332668757439e+07
1.519928314064409584e+07
1.998885871067782119e+07
9.755523303125970066e+06
2.548127532051315531e+07
3.555814468184973300e+07
2.363337480563259125e+07
1.511513571990927868e+07
0.000000000000000000e+00
0.000000000000000000e+00
2.356886998541586846e+07
1.120409228153827600e+07
6.578681478572827764e+06
1.842353662888646871e+07
1.539419541296011582e+07
0.000000000000000000e+00
0.000000000000000000e+00
1.435073820232620649e+07
0.000000000000000000e+00
0.000000000000000000e+00
0.000000000000000000e+00
6.426429244889957830e+06
0.000000000000000000e+00
0.000000000000000000e+00
8.083054654213435017e+06
1.713460805296326801e+07
0.000000000000000000e+00
0.000000000000000000e+00
0.000000000000000000e+00
4.364119933606317639e+07
1.998885871067782119e+07
1.101305332668757439e+07
1.581789336736841500e+07
0.000000000000000000e+00
1.740746435303596407e+07
1.662257930751162954e+07
1.519928314064409584e+07
6.498766752669321373e+06
6.578681478572827764e+06
0.000000000000000000e+00
6.426429244889957830e+06
0.000000000000000000e+00
6.578681478572827764e+06
2.771417775192951784e+07
0.000000000000000000e+00
8.367052550266250037e+06
0.000000000000000000e+00
0.000000000000000000e+00
3.788723523001086712e+07
2.498963185777787864e+07
0.000000000000000000e+00
0.000000000000000000e+00
5.534981038612872362e+07
0.000000000000000000e+00
8.083054654213435017e+06
1.520181743514961749e+07
9.431031561818365008e+06
1.534551818557641469e+07
4.416260680630482733e+07
0.000000000000000000e+00
1.612723627299897000e+07
1.120409228153827600e+07
0.000000000000000000e+00
4.111105026216260344e+07
0.000000000000000000e+00
0.000000000000000000e+00
1.998885871067782119e+07
0.000000000000000000e+00
0.000000000000000000e+00
1.662257930751162954e+07
0.000000000000000000e+00
1.842353662888646871e+07
0.000000000000000000e+00
1.612723627299897000e+07
3.134104555184624344e+07
0.000000000000000000e+00
0.000000000000000000e+00
1.650103123593956046e+07
0.000000000000000000e+00
4.477583411876749247e+07
1.650103123593956046e+07
0.000000000000000000e+00
1.958019906625620648e+07
0.000000000000000000e+00
0.000000000000000000e+00
0.000000000000000000e+00
1.842353662888646871e+07
0.000000000000000000e+00
8.333697818911978602e+07
2.817905993201243877e+07
6.498766752669321373e+06
2.306931281565146148e+07
0.000000000000000000e+00
6.426429244889957830e+06
1.876332431452518702e+07
0.000000000000000000e+00
0.000000000000000000e+00
8.083054654213435017e+06
0.000000000000000000e+00
5.899192580511858314e+07
2.287199983841779828e+07
0.000000000000000000e+00
1.435073820232620649e+07
0.000000000000000000e+00
0.000000000000000000e+00
1.998885871067782119e+07
1.713460805296326801e+07
0.000000000000000000e+00
5.070776685165434331e+07
4.645776186764994636e+06
1.121314651598995738e+07
1.842353662888646871e+07
3.690257882800308615e+07
1.614993432947435975e+07
0.000000000000000000e+00
1.494573402883907780e+07
1.235757487749014236e+07
4.845364484693174064e+07
4.896901289567959309e+07
1.711422277024690434e+07
0.000000000000000000e+00
0.000000000000000000e+00
4.021432076747565717e+07
0.000000000000000000e+00
0.000000000000000000e+00
1.297309250492121838e+07
0.000000000000000000e+00
1.121314651598995738e+07
1.662257930751162954e+07
2.082844853003276139e+07
0.000000000000000000e+00
1.435073820232620649e+07
1.998885871067782119e+07
3.277427483121267706e+07
1.121314651598995738e+07
2.239657484594124183e+07
0.000000000000000000e+00
1.466173613278626278e+07
0.000000000000000000e+00
0.000000000000000000e+00
1.301282873703124374e+07
0.000000000000000000e+00
1.662257930751162954e+07
0.000000000000000000e+00
0.000000000000000000e+00
2.390094802158185095e+07
0.000000000000000000e+00
0.000000000000000000e+00
2.319819037412271276e+07
0.000000000000000000e+00
0.000000000000000000e+00
1.534551818557641469e+07
1.101305332668757439e+07
0.000000000000000000e+00
4.778599086045645922e+07
4.645776186764994636e+06
8.367052550266250037e+06
1.581789336736841500e+07
0.000000000000000000e+00
1.998885871067782119e+07
1.650103123593956046e+07
1.876332431452518702e+07
1.822622365165280178e+07
0.000000000000000000e+00
8.083054654213435017e+06
0.000000000000000000e+00
0.000000000000000000e+00
0.000000000000000000e+00
0.000000000000000000e+00
3.424142999625488371e+07
1.435073820232620649e+07
2.943937016764275730e+07
0.000000000000000000e+00
0.000000000000000000e+00
1.713460805296326801e+07
4.645776186764994636e+06
2.440243581245694682e+07
2.557341667049438506e+07
1.612723627299897000e+07
1.534551818557641469e+07
1.822622365165280178e+07
0.000000000000000000e+00
1.235757487749014236e+07
6.578681478572827764e+06
1.534551818557641469e+07
1.713460805296326801e+07
0.000000000000000000e+00
0.000000000000000000e+00
0.000000000000000000e+00
4.766155839097293466e+07
3.648988994661737978e+07
0.000000000000000000e+00
2.243379285653964058e+07
0.000000000000000000e+00
0.000000000000000000e+00
0.000000000000000000e+00
0.000000000000000000e+00
0.000000000000000000e+00
6.394411026348390616e+06
1.662257930751162954e+07
6.498766752669321373e+06
0.000000000000000000e+00
0.000000000000000000e+00
1.581789336736841500e+07
1.662257930751162954e+07
6.578681478572827764e+06
0.000000000000000000e+00
4.023556883042785525e+07
1.120409228153827600e+07
1.581789336736841500e+07
4.377308782560993731e+07
1.519928314064409584e+07
1.494573402883907780e+07
4.002616850164795667e+07
6.578681478572827764e+06
0.000000000000000000e+00
1.534551818557641469e+07
0.000000000000000000e+00
6.426429244889957830e+06
0.000000000000000000e+00
2.356886998541586846e+07
1.759850330788666755e+07
0.000000000000000000e+00
0.000000000000000000e+00
6.394411026348390616e+06
0.000000000000000000e+00
1.711422277024690434e+07
0.000000000000000000e+00
0.000000000000000000e+00
1.435073820232620649e+07
0.000000000000000000e+00
1.650103123593956046e+07
3.950851729791454226e+07
3.821508236233062297e+07
0.000000000000000000e+00
6.578681478572827764e+06
2.287199983841779828e+07
3.492456786482603103e+07
4.469146607109750807e+07
0.000000000000000000e+00
0.000000000000000000e+00
1.120409228153827600e+07
1.404967386215754785e+07
0.000000000000000000e+00
0.000000000000000000e+00
8.083054654213435017e+06
1.539419541296011582e+07
3.184654942151597515e+07
1.101305332668757439e+07
0.000000000000000000e+00
3.550734214995279908e+07
3.891257267218019068e+07
0.000000000000000000e+00
3.580675207804623246e+07
0.000000000000000000e+00
0.000000000000000000e+00
1.534551818557641469e+07
2.923927697834037617e+07
1.120409228153827600e+07
1.458182140688275546e+07
0.000000000000000000e+00
0.000000000000000000e+00
0.000000000000000000e+00
1.121314651598995738e+07
1.101305332668757439e+07
6.498766752669321373e+06
0.000000000000000000e+00
5.768035800495141745e+07
1.713460805296326801e+07
3.394051380751709640e+07
4.995627530674128234e+07
1.822622365165280178e+07
2.635857151226399094e+07
0.000000000000000000e+00
1.534551818557641469e+07
0.000000000000000000e+00
2.409727006055598706e+07
0.000000000000000000e+00
1.713460805296326801e+07
1.581789336736841500e+07
0.000000000000000000e+00
0.000000000000000000e+00
1.581789336736841500e+07
0.000000000000000000e+00
3.404411701902121305e+07
2.637810261063759774e+07
1.711422277024690434e+07
0.000000000000000000e+00
1.120409228153827600e+07
1.318928929646698944e+07
4.631714094657705724e+07
2.287199983841779828e+07
6.498766752669321373e+06
2.974438201380379125e+07
0.000000000000000000e+00
0.000000000000000000e+00
0.000000000000000000e+00
1.318928929646698944e+07
1.235757487749014236e+07
6.498766752669321373e+06
3.433959691300402582e+07
8.367052550266250037e+06
4.170813691411814839e+07
0.000000000000000000e+00
2.421029092721240595e+07
1.581789336736841500e+07
0.000000000000000000e+00
4.067588992927531898e+07
0.000000000000000000e+00
0.000000000000000000e+00
0.000000000000000000e+00
3.146496097257310897e+07
9.289187814006878063e+06
1.235757487749014236e+07
8.083054654213435017e+06
0.000000000000000000e+00
4.626506229458207637e+07
8.083054654213435017e+06
0.000000000000000000e+00
1.711422277024690434e+07
1.435073820232620649e+07
2.931652556946595758e+07
0.000000000000000000e+00
6.394411026348390616e+06
1.235757487749014236e+07
1.511513571990927868e+07
0.000000000000000000e+00
8.367052550266250037e+06
4.645776186764994636e+06
2.319819037412271276e+07
3.489056058752416074e+07
1.511513571990927868e+07
4.645776186764994636e+06
0.000000000000000000e+00
1.842353662888646871e+07
2.670831307981634885e+07
1.842353662888646871e+07
1.876332431452518702e+07
1.662257930751162954e+07
0.000000000000000000e+00
1.318928929646698944e+07
2.243379285653964058e+07
4.178789081068122387e+07
0.000000000000000000e+00
6.498766752669321373e+06
0.000000000000000000e+00
0.000000000000000000e+00
1.876332431452518702e+07
6.426429244889957830e+06
3.455077290188543499e+07
3.233389119360736385e+07
2.640341058425378054e+07
3.296195121559903771e+07
4.162561330211976171e+07
0.000000000000000000e+00
1.511513571990927868e+07
4.961648762110257149e+07
0.000000000000000000e+00
0.000000000000000000e+00
1.998885871067782119e+07
1.581789336736841500e+07
3.396514174967480451e+07
0.000000000000000000e+00
1.876332431452518702e+07
2.076857662981354445e+07
0.000000000000000000e+00
1.998885871067782119e+07
2.159622846149800718e+07
2.765725521347116679e+07
0.000000000000000000e+00
0.000000000000000000e+00
8.083054654213435017e+06
6.249969550989452004e+07
3.245974095582331717e+07
1.822622365165280178e+07
1.650103123593956046e+07
0.000000000000000000e+00
0.000000000000000000e+00
1.998885871067782119e+07
0.000000000000000000e+00
0.000000000000000000e+00
4.312917059061153233e+07
9.755523303125970066e+06
3.277427483121267706e+07
1.822622365165280178e+07
1.618195254801592790e+07
0.000000000000000000e+00
1.711422277024690434e+07
4.645776186764994636e+06
0.000000000000000000e+00
2.814766137965084240e+07
0.000000000000000000e+00
0.000000000000000000e+00
8.083054654213435017e+06
2.885860611342970282e+07
1.713460805296326801e+07
1.318928929646698944e+07
1.520181743514961749e+07
1.822622365165280178e+07
3.926565864452202618e+07
0.000000000000000000e+00
0.000000000000000000e+00
0.000000000000000000e+00
0.000000000000000000e+00
1.581789336736841500e+07
0.000000000000000000e+00
0.000000000000000000e+00
1.121314651598995738e+07
1.650103123593956046e+07
0.000000000000000000e+00
3.484880295916443318e+07
1.842353662888646871e+07
0.000000000000000000e+00
2.588275957612494007e+07
9.289187814006878063e+06
0.000000000000000000e+00
1.101305332668757439e+07
2.555483048386448249e+07
0.000000000000000000e+00
1.447746568056182563e+07
0.000000000000000000e+00
2.927804652468469739e+07
0.000000000000000000e+00
0.000000000000000000e+00
1.435073820232620649e+07
0.000000000000000000e+00
1.519928314064409584e+07
6.394411026348390616e+06
2.076857662981354445e+07
0.000000000000000000e+00
2.969625638790262118e+07
0.000000000000000000e+00
4.033279842708598077e+07
0.000000000000000000e+00
1.822622365165280178e+07
0.000000000000000000e+00
0.000000000000000000e+00
1.998885871067782119e+07
0.000000000000000000e+00
1.711422277024690434e+07
1.318928929646698944e+07
0.000000000000000000e+00
4.645776186764994636e+06
1.876332431452518702e+07
1.435073820232620649e+07
9.755523303125970066e+06
1.612723627299897000e+07
1.476146357661464065e+07
1.737224246822031215e+07
0.000000000000000000e+00
0.000000000000000000e+00
0.000000000000000000e+00
1.120409228153827600e+07
0.000000000000000000e+00
1.104018721311338618e+07
3.519067614582744241e+07
2.734038278898892552e+07
1.822622365165280178e+07
1.282084027123834938e+07
0.000000000000000000e+00
4.363398333756043762e+07
3.611609498367679119e+07
9.755523303125970066e+06
0.000000000000000000e+00
3.362535406403608620e+07
8.083054654213435017e+06
0.000000000000000000e+00
1.711422277024690434e+07
0.000000000000000000e+00
4.645776186764994636e+06
0.000000000000000000e+00
0.000000000000000000e+00
5.327821464249986410e+07
2.684637896873862296e+07
1.822622365165280178e+07
3.036620535469973460e+06
0.000000000000000000e+00
3.404411701902121305e+07
2.783572582350158691e+07
1.998885871067782119e+07
6.426429244889957830e+06
0.000000000000000000e+00
1.998885871067782119e+07
1.120409228153827600e+07
2.484996587377642840e+07
1.662257930751162954e+07
8.083054654213435017e+06
0.000000000000000000e+00
2.621487076183719188e+07
9.755523303125970066e+06
8.367052550266250037e+06
1.876332431452518702e+07
0.000000000000000000e+00
1.662257930751162954e+07
0.000000000000000000e+00
2.044062953170357645e+07
7.682396722234968096e+06
3.483605198796401173e+07
1.435073820232620649e+07
0.000000000000000000e+00
1.998885871067782119e+07
1.650103123593956046e+07
1.713460805296326801e+07
0.000000000000000000e+00
8.083054654213435017e+06
4.007175262941966206e+07
3.698954796617798507e+07
0.000000000000000000e+00
1.662257930751162954e+07
1.958370032281538099e+07
2.650659128309990466e+07
0.000000000000000000e+00
1.822622365165280178e+07
2.519727742446034029e+07
2.262600302566829324e+07
1.876332431452518702e+07
1.101305332668757439e+07
6.026377864357480407e+07
0.000000000000000000e+00
6.426429244889957830e+06
0.000000000000000000e+00
0.000000000000000000e+00
0.000000000000000000e+00
0.000000000000000000e+00
2.510104148870238662e+07
0.000000000000000000e+00
1.662257930751162954e+07
0.000000000000000000e+00
0.000000000000000000e+00
2.354065201513686031e+07
0.000000000000000000e+00
3.361525400618646294e+07
1.519928314064409584e+07
3.162370666935029626e+07
0.000000000000000000e+00
1.534551818557641469e+07
1.984759362191461027e+07
4.666677840772272646e+07
5.456937393449986726e+07
2.271779075259245560e+07
5.242455547589361668e+07
0.000000000000000000e+00
0.000000000000000000e+00
0.000000000000000000e+00
2.357072139348009974e+07
1.842353662888646871e+07
1.650103123593956046e+07
0.000000000000000000e+00
1.713460805296326801e+07
0.000000000000000000e+00
1.435073820232620649e+07
2.561444600588092208e+07
6.394411026348390616e+06
0.000000000000000000e+00
1.842353662888646871e+07
1.842353662888646871e+07
4.821939299346444011e+07
0.000000000000000000e+00
2.686974607337287441e+07
0.000000000000000000e+00
0.000000000000000000e+00
6.578681478572827764e+06
3.182186244815572351e+07
3.342804108680241928e+07
0.000000000000000000e+00
1.838213872104638815e+07
3.101717650801251084e+07
1.662257930751162954e+07
1.711422277024690434e+07
8.083054654213435017e+06
3.224974377287254483e+07
1.662257930751162954e+07
6.426429244889957830e+06
1.511513571990927868e+07
1.968805604913631082e+07
2.770512351747783646e+07
0.000000000000000000e+00
1.520181743514961749e+07
2.096866981911592931e+07
0.000000000000000000e+00
1.958019906625620648e+07
2.126284418712277710e+07
0.000000000000000000e+00
9.755523303125970066e+06
1.534551818557641469e+07
0.000000000000000000e+00
4.365361919087000191e+07
1.662257930751162954e+07
0.000000000000000000e+00
3.655515230908796936e+07
4.597444487167650461e+07
6.498766752669321373e+06
2.306931281565146148e+07
1.822622365165280178e+07
3.533437689625423402e+07
0.000000000000000000e+00
0.000000000000000000e+00
0.000000000000000000e+00
3.518814185132192075e+07
1.612723627299897000e+07
1.612723627299897000e+07
5.046363869110884517e+07
3.625852289907199144e+07
1.822622365165280178e+07
1.711422277024690434e+07
2.184428493824573606e+07
0.000000000000000000e+00
0.000000000000000000e+00
1.612723627299897000e+07
1.534551818557641469e+07
1.120409228153827600e+07
6.394411026348390616e+06
2.817546824485855550e+07
0.000000000000000000e+00
1.876332431452518702e+07
3.222935849015618116e+07
3.553775939913336933e+07
6.426429244889957830e+06
3.036620535469973460e+06
9.755523303125970066e+06
9.289187814006878063e+06
6.578681478572827764e+06
2.243379285653964058e+07
0.000000000000000000e+00
1.711422277024690434e+07
0.000000000000000000e+00
2.146015716435644031e+07
3.935295630978550017e+07
1.581789336736841500e+07
0.000000000000000000e+00
2.782667158904990554e+07
0.000000000000000000e+00
0.000000000000000000e+00
4.896077219176287949e+07
0.000000000000000000e+00
0.000000000000000000e+00
1.235757487749014236e+07
1.435073820232620649e+07
0.000000000000000000e+00
0.000000000000000000e+00
0.000000000000000000e+00
1.318928929646698944e+07
0.000000000000000000e+00
1.713460805296326801e+07
1.842353662888646871e+07
1.713460805296326801e+07
2.301699033386002108e+07
0.000000000000000000e+00
0.000000000000000000e+00
0.000000000000000000e+00
0.000000000000000000e+00
6.394411026348390616e+06
2.943031593319107592e+07
2.630927830586623773e+07
1.318928929646698944e+07
1.612723627299897000e+07
1.622590983193696290e+07
1.751182007935689390e+07
0.000000000000000000e+00
2.536379152901378274e+07
0.000000000000000000e+00
3.553775939913336933e+07
0.000000000000000000e+00
0.000000000000000000e+00
2.173992921192480624e+07
1.235757487749014236e+07
1.711422277024690434e+07
5.054514825496077538e+07
0.000000000000000000e+00
3.112089919201532751e+07
0.000000000000000000e+00
2.169804989331341535e+07
0.000000000000000000e+00
0.000000000000000000e+00
1.823590367611406744e+07
3.036620535469973460e+06
0.000000000000000000e+00
1.534551818557641469e+07
9.289187814006878063e+06
3.100191203736539558e+07
1.713460805296326801e+07
8.367052550266250037e+06
0.000000000000000000e+00
0.000000000000000000e+00
1.435073820232620649e+07
1.998885871067782119e+07
0.000000000000000000e+00
0.000000000000000000e+00
0.000000000000000000e+00
3.311406251685139537e+07
0.000000000000000000e+00
0.000000000000000000e+00
0.000000000000000000e+00
1.235757487749014236e+07
6.426429244889957830e+06
1.435073820232620649e+07
4.645776186764994636e+06
6.394411026348390616e+06
2.319819037412271276e+07
1.822622365165280178e+07
6.578681478572827764e+06
1.534551818557641469e+07
1.435073820232620649e+07
1.876332431452518702e+07
1.121314651598995738e+07
1.650103123593956046e+07
0.000000000000000000e+00
0.000000000000000000e+00
0.000000000000000000e+00
0.000000000000000000e+00
1.519928314064409584e+07
0.000000000000000000e+00
0.000000000000000000e+00
0.000000000000000000e+00
6.426429244889957830e+06
0.000000000000000000e+00
6.394411026348390616e+06
2.126284418712277710e+07
0.000000000000000000e+00
3.533437689625423402e+07
1.998885871067782119e+07
0.000000000000000000e+00
0.000000000000000000e+00
4.645776186764994636e+06
2.640337542218237370e+07
0.000000000000000000e+00
0.000000000000000000e+00
0.000000000000000000e+00
1.876332431452518702e+07
0.000000000000000000e+00
6.578681478572827764e+06
0.000000000000000000e+00
0.000000000000000000e+00
0.000000000000000000e+00
6.498766752669321373e+06
3.376905481446288526e+07
1.534551818557641469e+07
0.000000000000000000e+00
3.504611593639809638e+07
0.000000000000000000e+00
2.127234395068042353e+07
0.000000000000000000e+00
3.489056058752416074e+07
8.083054654213435017e+06
0.000000000000000000e+00
0.000000000000000000e+00
8.367052550266250037e+06
0.000000000000000000e+00
0.000000000000000000e+00
0.000000000000000000e+00
2.150954674625767022e+07
0.000000000000000000e+00
4.645776186764994636e+06
0.000000000000000000e+00
1.612723627299897000e+07
1.876332431452518702e+07
0.000000000000000000e+00
0.000000000000000000e+00
3.146496097257310897e+07
1.751182007935689390e+07
0.000000000000000000e+00
4.645776186764994636e+06
1.822622365165280178e+07
3.533437689625423402e+07
2.154156496479923651e+07
9.755523303125970066e+06
1.711422277024690434e+07
0.000000000000000000e+00
8.083054654213435017e+06
0.000000000000000000e+00
0.000000000000000000e+00
0.000000000000000000e+00
0.000000000000000000e+00
1.822622365165280178e+07
5.478536425129832327e+07
1.534551818557641469e+07
0.000000000000000000e+00
6.578681478572827764e+06
3.032389734943025559e+07
0.000000000000000000e+00
4.327500937153659761e+07
0.000000000000000000e+00
1.292519599755927920e+07
0.000000000000000000e+00
0.000000000000000000e+00
6.394411026348390616e+06
1.998885871067782119e+07
5.022828528709829599e+07
0.000000000000000000e+00
1.519928314064409584e+07
3.173641681944640726e+07
1.121314651598995738e+07
1.876332431452518702e+07
1.120409228153827600e+07
1.121314651598995738e+07
2.492230338155578822e+07
0.000000000000000000e+00
1.842353662888646871e+07
0.000000000000000000e+00
1.876332431452518702e+07
0.000000000000000000e+00
0.000000000000000000e+00
2.882683958541641384e+07
2.927804652468469739e+07
1.650103123593956046e+07
2.420234262315456569e+07
0.000000000000000000e+00
4.810922315586139262e+07
1.511513571990927868e+07
1.585892270275495201e+07
1.534551818557641469e+07
6.578681478572827764e+06
2.262600302566829324e+07
1.612723627299897000e+07
0.000000000000000000e+00
3.101971080251803249e+07
0.000000000000000000e+00
1.958370032281538099e+07
0.000000000000000000e+00
2.659765783332320303e+07
1.998885871067782119e+07
0.000000000000000000e+00
0.000000000000000000e+00
0.000000000000000000e+00
1.486581930293557048e+07
1.662257930751162954e+07
0.000000000000000000e+00
0.000000000000000000e+00
3.334135937156207860e+07
4.744902691351664066e+07
5.006672419057858735e+07
0.000000000000000000e+00
1.822622365165280178e+07
1.581789336736841500e+07
1.876332431452518702e+07
1.581789336736841500e+07
0.000000000000000000e+00
0.000000000000000000e+00
1.662257930751162954e+07
4.681798439099846035e+07
4.366383323736159503e+07
0.000000000000000000e+00
0.000000000000000000e+00
3.170284867108917981e+07
1.120409228153827600e+07
3.700307727915313095e+07
2.659327620191905275e+07
0.000000000000000000e+00
1.318928929646698944e+07
0.000000000000000000e+00
0.000000000000000000e+00
0.000000000000000000e+00
6.426429244889957830e+06
0.000000000000000000e+00
0.000000000000000000e+00
1.440129948989096470e+07
4.645776186764994636e+06
3.036620535469973460e+06
1.235757487749014236e+07
0.000000000000000000e+00
3.698954796617798507e+07
0.000000000000000000e+00
1.711422277024690434e+07
2.498963185777787864e+07
0.000000000000000000e+00
0.000000000000000000e+00
0.000000000000000000e+00
2.612818904659685493e+07
4.516990651187665015e+07
1.235757487749014236e+07
1.435073820232620649e+07
0.000000000000000000e+00
9.289187814006878063e+06
0.000000000000000000e+00
2.812727609693447873e+07
0.000000000000000000e+00
1.581789336736841500e+07
0.000000000000000000e+00
0.000000000000000000e+00
2.910032877792018652e+07
1.713460805296326801e+07
6.394411026348390616e+06
0.000000000000000000e+00
1.534551818557641469e+07
3.375718736047489941e+07
1.440129948989096470e+07
2.179994484999515861e+07
3.324145904324587435e+07
2.518975355941514671e+07
0.000000000000000000e+00
9.289187814006878063e+06
0.000000000000000000e+00
3.036620535469973460e+06
1.534551818557641469e+07
0.000000000000000000e+00
0.000000000000000000e+00
1.458182140688275546e+07
8.083054654213435017e+06
0.000000000000000000e+00
1.998885871067782119e+07
1.662257930751162954e+07
1.519928314064409584e+07
9.289187814006878063e+06
1.581789336736841500e+07
0.000000000000000000e+00
1.662257930751162954e+07
0.000000000000000000e+00
0.000000000000000000e+00
1.743948257157753408e+07
0.000000000000000000e+00
0.000000000000000000e+00
3.141551294811978936e+07
2.518975355941514671e+07
9.755523303125970066e+06
0.000000000000000000e+00
0.000000000000000000e+00
1.998885871067782119e+07
0.000000000000000000e+00
3.821508236233062297e+07
8.083054654213435017e+06
0.000000000000000000e+00
1.612723627299897000e+07
6.498766752669321373e+06
0.000000000000000000e+00
1.612723627299897000e+07
0.000000000000000000e+00
9.755523303125970066e+06
1.822622365165280178e+07
0.000000000000000000e+00
3.112089919201532751e+07
0.000000000000000000e+00
0.000000000000000000e+00
1.650103123593956046e+07
3.883488370122843236e+07
5.037615023987864703e+07
0.000000000000000000e+00
1.876332431452518702e+07
0.000000000000000000e+00
0.000000000000000000e+00
0.000000000000000000e+00
0.000000000000000000e+00
8.367052550266250037e+06
1.711422277024690434e+07
3.170031437658365816e+07
6.426429244889957830e+06
0.000000000000000000e+00
1.435073820232620649e+07
1.571561705889683589e+07
0.000000000000000000e+00
0.000000000000000000e+00
0.000000000000000000e+00
1.318928929646698944e+07
3.036620535469973460e+06
4.771840658210621774e+07
0.000000000000000000e+00
0.000000000000000000e+00
1.101305332668757439e+07
4.335948691485553980e+07
0.000000000000000000e+00
1.711422277024690434e+07
3.036620535469973460e+06
0.000000000000000000e+00
3.445764479074361175e+07
0.000000000000000000e+00
0.000000000000000000e+00
2.320126078608445823e+07
0.000000000000000000e+00
9.755523303125970066e+06
4.513184970870281756e+07
0.000000000000000000e+00
0.000000000000000000e+00
0.000000000000000000e+00
4.645776186764994636e+06
1.711422277024690434e+07
0.000000000000000000e+00
0.000000000000000000e+00
8.083054654213435017e+06
0.000000000000000000e+00
9.289187814006878063e+06
6.498766752669321373e+06
1.581789336736841500e+07
0.000000000000000000e+00
0.000000000000000000e+00
2.169381719848210737e+07
1.822622365165280178e+07
0.000000000000000000e+00
2.361298952291622758e+07
1.842353662888646871e+07
0.000000000000000000e+00
1.842353662888646871e+07
0.000000000000000000e+00
3.397147735006874055e+07
0.000000000000000000e+00
0.000000000000000000e+00
3.353867234879574925e+07
2.650659128309990466e+07
0.000000000000000000e+00
6.578681478572827764e+06
3.357174183722921461e+07
0.000000000000000000e+00
0.000000000000000000e+00
1.876332431452518702e+07
0.000000000000000000e+00
1.121314651598995738e+07
3.277427483121267706e+07
6.441899664445452392e+07
8.083054654213435017e+06
0.000000000000000000e+00
1.121314651598995738e+07
1.965919984298160300e+07
6.394411026348390616e+06
0.000000000000000000e+00
0.000000000000000000e+00
0.000000000000000000e+00
0.000000000000000000e+00
4.946859564456105232e+07
6.394411026348390616e+06
0.000000000000000000e+00
5.039163412197451293e+07
8.083054654213435017e+06
0.000000000000000000e+00
2.996741659606346488e+07
1.769835666825623810e+07
2.963668314487642795e+07
0.000000000000000000e+00
0.000000000000000000e+00
1.822622365165280178e+07
1.435073820232620649e+07
3.031441886055337638e+07
0.000000000000000000e+00
0.000000000000000000e+00
4.895647050111898780e+07
0.000000000000000000e+00
1.318928929646698944e+07
1.565882951345256902e+07
0.000000000000000000e+00
0.000000000000000000e+00
3.415795911558292061e+07
6.498766752669321373e+06
0.000000000000000000e+00
0.000000000000000000e+00
3.504611593639809638e+07
1.713460805296326801e+07
1.435073820232620649e+07
4.728679338588193804e+07
0.000000000000000000e+00
1.842353662888646871e+07
2.755685801813423634e+07
0.000000000000000000e+00
0.000000000000000000e+00
3.378045585590259731e+07
3.446115726485103369e+07
0.000000000000000000e+00
0.000000000000000000e+00
0.000000000000000000e+00
3.036620535469973460e+06
1.876332431452518702e+07
1.520181743514961749e+07
3.664976028053927422e+07
0.000000000000000000e+00
0.000000000000000000e+00
2.815440998336029053e+07
0.000000000000000000e+00
0.000000000000000000e+00
2.782667158904990554e+07
2.579021904994643852e+07
3.295250142033168301e+07
1.511513571990927868e+07
3.675032659432021528e+07
1.121314651598995738e+07
1.435073820232620649e+07
0.000000000000000000e+00
2.084950495499552786e+07
0.000000000000000000e+00
4.082011147482770681e+07
4.614179071679867059e+07
0.000000000000000000e+00
0.000000000000000000e+00
0.000000000000000000e+00
1.519928314064409584e+07
1.121314651598995738e+07
1.520181743514961749e+07
4.003566826520561427e+07
1.318928929646698944e+07
1.534551818557641469e+07
3.518814185132192075e+07
1.928714693575171009e+07
1.511513571990927868e+07
0.000000000000000000e+00
0.000000000000000000e+00
1.998885871067782119e+07
0.000000000000000000e+00
3.661143801818945259e+07
4.916442489031890035e+07
9.755523303125970066e+06
1.534551818557641469e+07
2.150954674625767022e+07
0.000000000000000000e+00
6.498766752669321373e+06
1.662257930751162954e+07
0.000000000000000000e+00
0.000000000000000000e+00
0.000000000000000000e+00
1.511513571990927868e+07
0.000000000000000000e+00
3.893455290295843035e+07
2.751408456262713671e+07
1.101305332668757439e+07
3.054480132622051239e+07
3.533437689625423402e+07
2.449428882326522097e+07
2.734038278898892552e+07
3.252260007294524461e+07
1.711422277024690434e+07
3.698954796617798507e+07
6.578681478572827764e+06
1.435073820232620649e+07
1.713460805296326801e+07
1.713460805296326801e+07
0.000000000000000000e+00
1.778277376011110470e+07
9.755523303125970066e+06
1.822622365165280178e+07
0.000000000000000000e+00
0.000000000000000000e+00
1.612723627299897000e+07
0.000000000000000000e+00
1.998885871067782119e+07
0.000000000000000000e+00
6.426429244889957830e+06
0.000000000000000000e+00
1.625429005579529144e+07
0.000000000000000000e+00
1.842353662888646871e+07
0.000000000000000000e+00
1.612723627299897000e+07
0.000000000000000000e+00
0.000000000000000000e+00
0.000000000000000000e+00
1.958370032281538099e+07
1.519928314064409584e+07
2.390094802158185095e+07
0.000000000000000000e+00
0.000000000000000000e+00
1.842353662888646871e+07
6.426429244889957830e+06
1.711422277024690434e+07
0.000000000000000000e+00
0.000000000000000000e+00
2.271779075259245560e+07
1.318928929646698944e+07
0.000000000000000000e+00
3.293211613761531934e+07
0.000000000000000000e+00
0.000000000000000000e+00
1.876332431452518702e+07
1.520181743514961749e+07
1.711422277024690434e+07
1.998885871067782119e+07
1.713460805296326801e+07
6.177094683356465399e+07
6.578681478572827764e+06
1.650103123593956046e+07
2.184428493824573606e+07
1.318928929646698944e+07
2.072462742775639147e+07
2.421029092721240595e+07
0.000000000000000000e+00
1.650103123593956046e+07
3.101971080251803249e+07
1.101305332668757439e+07
0.000000000000000000e+00
1.842353662888646871e+07
1.534551818557641469e+07
1.511513571990927868e+07
0.000000000000000000e+00
2.817546824485855550e+07
1.904471111713284999e+07
6.394411026348390616e+06
3.016863156969462335e+07
4.457294460083081573e+07
4.612872126691397280e+07
1.662257930751162954e+07
6.498766752669321373e+06
3.097331750983783603e+07
0.000000000000000000e+00
0.000000000000000000e+00
1.998885871067782119e+07
1.318928929646698944e+07
1.662257930751162954e+07
1.822622365165280178e+07
4.645776186764994636e+06
0.000000000000000000e+00
1.519928314064409584e+07
1.235757487749014236e+07
1.235757487749014236e+07
1.235757487749014236e+07
0.000000000000000000e+00
1.822622365165280178e+07
0.000000000000000000e+00
0.000000000000000000e+00
2.807191336489125714e+07
5.595394768598438054e+07
3.262826750893852860e+07
2.782667158904990554e+07
0.000000000000000000e+00
0.000000000000000000e+00
1.140367308573622257e+07
1.765624036427312717e+07
2.933922362594135106e+07
1.519928314064409584e+07
1.751182007935689390e+07
0.000000000000000000e+00
4.232411607801477611e+07
1.876332431452518702e+07
1.662257930751162954e+07
0.000000000000000000e+00
0.000000000000000000e+00
1.612723627299897000e+07
1.114454293943431601e+07
0.000000000000000000e+00
3.036620535469973460e+06
1.842353662888646871e+07
0.000000000000000000e+00
0.000000000000000000e+00
3.891623957905651629e+07
0.000000000000000000e+00
0.000000000000000000e+00
1.650103123593956046e+07
1.650103123593956046e+07
1.842353662888646871e+07
1.235757487749014236e+07
1.121314651598995738e+07
0.000000000000000000e+00
1.842353662888646871e+07
1.662257930751162954e+07
0.000000000000000000e+00
9.755523303125970066e+06
1.101305332668757439e+07
1.822622365165280178e+07
0.000000000000000000e+00
4.888419053437216580e+07
0.000000000000000000e+00
1.520181743514961749e+07
4.645776186764994636e+06
0.000000000000000000e+00
1.101305332668757439e+07
1.876332431452518702e+07
6.498766752669321373e+06
4.630335181331838667e+07
1.520181743514961749e+07
1.486581930293557048e+07
0.000000000000000000e+00
0.000000000000000000e+00
8.083054654213435017e+06
4.605916926308567077e+07
0.000000000000000000e+00
2.046366955413340777e+07
2.361298952291622758e+07
3.941102044015067816e+07
1.916385680846894532e+07
0.000000000000000000e+00
2.211309818061611056e+07
4.354703770959731936e+07
3.173771502742090821e+07
6.426429244889957830e+06
0.000000000000000000e+00
1.822622365165280178e+07
0.000000000000000000e+00
6.394411026348390616e+06
2.706301498429322988e+07
1.842353662888646871e+07
0.000000000000000000e+00
2.963668314487642795e+07
1.876332431452518702e+07
1.822622365165280178e+07
0.000000000000000000e+00
0.000000000000000000e+00
0.000000000000000000e+00
5.046683318600299954e+07
1.842353662888646871e+07
0.000000000000000000e+00
1.318928929646698944e+07
1.121314651598995738e+07
1.822622365165280178e+07
3.036620535469973460e+06
1.938010587695382535e+07
4.596356412767966837e+07
1.650103123593956046e+07
0.000000000000000000e+00
2.830442501637626812e+07
1.120409228153827600e+07
6.578681478572827764e+06
0.000000000000000000e+00
1.101305332668757439e+07
1.876332431452518702e+07
3.295250142033168301e+07
0.000000000000000000e+00
3.357174183722921461e+07
0.000000000000000000e+00
1.822622365165280178e+07
0.000000000000000000e+00
2.650659128309990466e+07
0.000000000000000000e+00
4.211644087770619988e+07
8.083054654213435017e+06
6.394411026348390616e+06
1.650103123593956046e+07
4.939962004761490226e+07
0.000000000000000000e+00
1.318928929646698944e+07
0.000000000000000000e+00
2.462063467800119147e+07
2.175999895701190084e+07
2.294481259959296137e+07
1.534551818557641469e+07
5.728440951259698719e+07
1.534551818557641469e+07
0.000000000000000000e+00
0.000000000000000000e+00
3.036620535469973460e+06
0.000000000000000000e+00
0.000000000000000000e+00
6.062469973328109831e+07
6.498766752669321373e+06
0.000000000000000000e+00
1.713460805296326801e+07
1.876332431452518702e+07
3.046065390548569337e+07
3.895085107940919697e+07
4.514142692516278476e+07
2.689013135608923808e+07
0.000000000000000000e+00
0.000000000000000000e+00
0.000000000000000000e+00
1.120409228153827600e+07
1.876332431452518702e+07
0.000000000000000000e+00
0.000000000000000000e+00
0.000000000000000000e+00
0.000000000000000000e+00
0.000000000000000000e+00
1.771191326865927875e+07
0.000000000000000000e+00
8.083054654213435017e+06
1.783506548323198408e+07
1.534551818557641469e+07
1.101305332668757439e+07
2.812727609693447873e+07
1.662257930751162954e+07
0.000000000000000000e+00
6.426429244889957830e+06
0.000000000000000000e+00
1.650103123593956046e+07
1.581789336736841500e+07
9.463049780359931290e+06
1.235757487749014236e+07
0.000000000000000000e+00
0.000000000000000000e+00
1.968805604913631082e+07
0.000000000000000000e+00
1.842353662888646871e+07
1.520181743514961749e+07
1.435073820232620649e+07
6.578681478572827764e+06
1.822622365165280178e+07
0.000000000000000000e+00
9.755523303125970066e+06
3.510399443058709800e+07
3.110004498807345331e+07
2.801640439094271138e+07
2.357072139348009974e+07
1.612723627299897000e+07
9.755523303125970066e+06
3.024880339867112786e+07
4.645776186764994636e+06
2.713037686479143798e+07
0.000000000000000000e+00
1.111967518968340755e+07
1.232580834947685152e+07
0.000000000000000000e+00
0.000000000000000000e+00
1.711422277024690434e+07
1.999129437234140933e+07
1.778277376011110470e+07
0.000000000000000000e+00
2.096866981911592931e+07
1.876332431452518702e+07
3.046065390548569337e+07
1.842353662888646871e+07
4.286092965123609453e+07
0.000000000000000000e+00
1.121314651598995738e+07
0.000000000000000000e+00
1.822622365165280178e+07
1.318928929646698944e+07
1.822622365165280178e+07
1.625429005579529144e+07
0.000000000000000000e+00
0.000000000000000000e+00
0.000000000000000000e+00
2.304900855240158737e+07
0.000000000000000000e+00
0.000000000000000000e+00
1.612723627299897000e+07
1.876332431452518702e+07
3.376905481446288526e+07
1.713460805296326801e+07
0.000000000000000000e+00
1.519928314064409584e+07
2.410626150545217842e+07
1.700335106425513700e+07
1.101305332668757439e+07
0.000000000000000000e+00
3.489056058752416074e+07
0.000000000000000000e+00
1.662257930751162954e+07
0.000000000000000000e+00
3.821751802399420738e+07
1.539419541296011582e+07
1.435073820232620649e+07
1.612723627299897000e+07
3.477046313452003151e+07
0.000000000000000000e+00
0.000000000000000000e+00
1.842353662888646871e+07
4.645776186764994636e+06
1.713460805296326801e+07
1.289317777901771292e+07
1.101305332668757439e+07
6.498766752669321373e+06
6.394411026348390616e+06
0.000000000000000000e+00
3.173771502742090821e+07
1.998885871067782119e+07
1.534551818557641469e+07
1.511513571990927868e+07
1.539419541296011582e+07
8.083054654213435017e+06
2.356166715902841836e+07
3.036620535469973460e+06
4.416260680630482733e+07
4.645776186764994636e+06
2.175999895701190084e+07
1.612723627299897000e+07
2.812727609693447873e+07
3.031695315505889803e+07
1.235757487749014236e+07
0.000000000000000000e+00
0.000000000000000000e+00
1.121314651598995738e+07
1.876332431452518702e+07
0.000000000000000000e+00
0.000000000000000000e+00
0.000000000000000000e+00
0.000000000000000000e+00
3.244047267488004267e+07
1.101305332668757439e+07
5.752680890870322287e+07
1.711422277024690434e+07
0.000000000000000000e+00
3.036620535469973460e+06
2.161390247257860005e+07
0.000000000000000000e+00
2.630927830586623773e+07
1.534551818557641469e+07
0.000000000000000000e+00
0.000000000000000000e+00
0.000000000000000000e+00
1.822622365165280178e+07
1.822622365165280178e+07
4.623084858165001869e+07
0.000000000000000000e+00
0.000000000000000000e+00
3.536083170461606979e+07
1.120409228153827600e+07
1.713460805296326801e+07
0.000000000000000000e+00
9.755523303125970066e+06
1.520181743514961749e+07
1.842353662888646871e+07
0.000000000000000000e+00
1.511513571990927868e+07
4.645776186764994636e+06
1.713460805296326801e+07
2.221230439371680468e+07
0.000000000000000000e+00
6.578681478572827764e+06
1.759173480526040122e+07
6.578681478572827764e+06
5.834465062248789519e+07
1.876332431452518702e+07
1.650103123593956046e+07
1.121314651598995738e+07
0.000000000000000000e+00
1.235757487749014236e+07
3.245974095582331717e+07
1.612723627299897000e+07
1.581789336736841500e+07
1.424071281700824946e+07
3.279782161060217023e+07
1.122445766533782333e+07
0.000000000000000000e+00
8.083054654213435017e+06
8.083054654213435017e+06
2.640590971668789536e+07
0.000000000000000000e+00
8.083054654213435017e+06
1.511513571990927868e+07
0.000000000000000000e+00
2.621233646733167022e+07
0.000000000000000000e+00
0.000000000000000000e+00
3.161282592535346001e+07
2.650659128309990466e+07
1.568359884035526961e+07
2.851884761765115708e+07
6.394411026348390616e+06
0.000000000000000000e+00
1.581789336736841500e+07
0.000000000000000000e+00
4.085222667732109129e+07
1.711422277024690434e+07
0.000000000000000000e+00
2.832736928623685986e+07
4.827763432319173217e+07
0.000000000000000000e+00
1.101305332668757439e+07
0.000000000000000000e+00
1.876332431452518702e+07
0.000000000000000000e+00
6.578681478572827764e+06
3.036620535469973460e+06
0.000000000000000000e+00
0.000000000000000000e+00
2.289544226228795201e+07
1.760755754233834893e+07
0.000000000000000000e+00
1.120409228153827600e+07
0.000000000000000000e+00
1.581789336736841500e+07
2.848481115048911422e+07
3.718686094341165572e+07
0.000000000000000000e+00
1.101305332668757439e+07
0.000000000000000000e+00
0.000000000000000000e+00
1.101305332668757439e+07
3.518814185132192075e+07
1.121314651598995738e+07
0.000000000000000000e+00
2.410626150545217842e+07
0.000000000000000000e+00
0.000000000000000000e+00
0.000000000000000000e+00
0.000000000000000000e+00
6.426429244889957830e+06
1.662257930751162954e+07
1.650103123593956046e+07
0.000000000000000000e+00
3.146496097257310897e+07
1.842353662888646871e+07
1.876332431452518702e+07
2.046366955413340777e+07
0.000000000000000000e+00
6.798909921355460584e+07
1.519928314064409584e+07
0.000000000000000000e+00
1.519928314064409584e+07
0.000000000000000000e+00
1.876332431452518702e+07
1.650103123593956046e+07
9.289187814006878063e+06
1.650103123593956046e+07
5.507808735240817070e+07
1.612723627299897000e+07
0.000000000000000000e+00
2.840041206448375434e+07
0.000000000000000000e+00
0.000000000000000000e+00
3.718686094341165572e+07
2.733132855453724414e+07
7.306619816766029596e+07
6.426429244889957830e+06
0.000000000000000000e+00
0.000000000000000000e+00
1.662257930751162954e+07
1.534551818557641469e+07
0.000000000000000000e+00
0.000000000000000000e+00
2.625655453906553239e+07
1.235757487749014236e+07
0.000000000000000000e+00
0.000000000000000000e+00
0.000000000000000000e+00
3.519067614582744241e+07
0.000000000000000000e+00
2.703103988335837424e+07
1.713460805296326801e+07
8.083054654213435017e+06
3.036620535469973460e+06
0.000000000000000000e+00
1.842353662888646871e+07
1.711422277024690434e+07
1.998885871067782119e+07
1.101305332668757439e+07
0.000000000000000000e+00
4.645776186764994636e+06
2.683094669405598938e+07
6.064480541843725741e+07
1.612723627299897000e+07
0.000000000000000000e+00
0.000000000000000000e+00
1.519928314064409584e+07
1.842353662888646871e+07
0.000000000000000000e+00
0.000000000000000000e+00
0.000000000000000000e+00
1.842353662888646871e+07
0.000000000000000000e+00
2.771417775192951784e+07
0.000000000000000000e+00
0.000000000000000000e+00
1.650103123593956046e+07
2.719944170465392247e+07
1.511513571990927868e+07
1.778277376011110470e+07
5.628296892431266606e+07
1.713460805296326801e+07
0.000000000000000000e+00
1.822622365165280178e+07
2.947179764773704857e+07
6.498766752669321373e+06
1.318928929646698944e+07
4.738265796810200810e+07
2.312134606018095091e+07
0.000000000000000000e+00
3.484880295916443318e+07
0.000000000000000000e+00
0.000000000000000000e+00
1.581789336736841500e+07
1.876332431452518702e+07
4.155785465290808678e+07
1.534551818557641469e+07
1.435073820232620649e+07
0.000000000000000000e+00
0.000000000000000000e+00
1.612723627299897000e+07
3.448646523846721649e+07
2.654961046711469069e+07
1.612723627299897000e+07
1.581789336736841500e+07
3.455214279560784250e+07
0.000000000000000000e+00
2.946587392223548517e+07
3.741646391094135493e+07
1.876332431452518702e+07
0.000000000000000000e+00
1.318928929646698944e+07
0.000000000000000000e+00
0.000000000000000000e+00
0.000000000000000000e+00
0.000000000000000000e+00
1.581789336736841500e+07
2.832736928623685986e+07
1.301282873703124374e+07
0.000000000000000000e+00
0.000000000000000000e+00
8.083054654213435017e+06
9.755523303125970066e+06
1.713460805296326801e+07
0.000000000000000000e+00
1.842353662888646871e+07
3.439022930270926654e+07
0.000000000000000000e+00
1.121314651598995738e+07
3.119295099221609533e+07
1.662257930751162954e+07
0.000000000000000000e+00
4.645776186764994636e+06
1.842353662888646871e+07
6.498766752669321373e+06
0.000000000000000000e+00
0.000000000000000000e+00
1.711422277024690434e+07
0.000000000000000000e+00
0.000000000000000000e+00
9.289187814006878063e+06
2.465265289654275775e+07
1.612723627299897000e+07
2.814766137965084240e+07
1.581789336736841500e+07
1.961571854135694727e+07
4.645113362242922187e+07
0.000000000000000000e+00
0.000000000000000000e+00
6.426429244889957830e+06
1.822622365165280178e+07
1.519928314064409584e+07
1.435073820232620649e+07
1.121314651598995738e+07
1.101305332668757439e+07
3.228898580261576176e+07
3.718686094341165572e+07
2.851884761765115708e+07
9.535387288139294833e+06
0.000000000000000000e+00
0.000000000000000000e+00
1.713460805296326801e+07
0.000000000000000000e+00
0.000000000000000000e+00
2.439338157800526544e+07
0.000000000000000000e+00
1.842353662888646871e+07
3.352980663602769375e+07
0.000000000000000000e+00
3.036620535469973460e+06
3.036620535469973460e+06
0.000000000000000000e+00
1.120409228153827600e+07
1.534551818557641469e+07
0.000000000000000000e+00
0.000000000000000000e+00
1.998885871067782119e+07
6.426429244889957830e+06
0.000000000000000000e+00
0.000000000000000000e+00
1.121314651598995738e+07
0.000000000000000000e+00
0.000000000000000000e+00
1.876332431452518702e+07
3.293211613761531934e+07
1.822622365165280178e+07
0.000000000000000000e+00
3.424883082321017236e+07
0.000000000000000000e+00
0.000000000000000000e+00
2.449428882326522097e+07
1.520181743514961749e+07
1.581789336736841500e+07
1.612723627299897000e+07
1.235757487749014236e+07
2.487065902303525060e+07
3.036620535469973460e+06
1.520181743514961749e+07
0.000000000000000000e+00
0.000000000000000000e+00
0.000000000000000000e+00
3.534044642189970613e+07
4.630335181331838667e+07
0.000000000000000000e+00
8.367052550266250037e+06
2.783572582350158691e+07
1.822622365165280178e+07
0.000000000000000000e+00
1.662257930751162954e+07
0.000000000000000000e+00
0.000000000000000000e+00
1.235757487749014236e+07
6.578681478572827764e+06
6.578681478572827764e+06
0.000000000000000000e+00
1.711422277024690434e+07
8.083054654213435017e+06
1.842353662888646871e+07
0.000000000000000000e+00
1.822622365165280178e+07
0.000000000000000000e+00
0.000000000000000000e+00
0.000000000000000000e+00
1.876332431452518702e+07
3.182439674266124517e+07
3.353867234879574925e+07
1.876332431452518702e+07
4.177229802359770983e+07
0.000000000000000000e+00
3.036620535469973460e+06
1.662257930751162954e+07
0.000000000000000000e+00
4.099789529603421688e+07
6.394411026348390616e+06
0.000000000000000000e+00
1.318928929646698944e+07
0.000000000000000000e+00
0.000000000000000000e+00
0.000000000000000000e+00
0.000000000000000000e+00
8.367052550266250037e+06
0.000000000000000000e+00
1.876332431452518702e+07
9.289187814006878063e+06
1.662257930751162954e+07
1.121314651598995738e+07
0.000000000000000000e+00
0.000000000000000000e+00
4.954141434815365076e+07
1.822622365165280178e+07
0.000000000000000000e+00
1.612723627299897000e+07
2.684637896873862296e+07
1.763957576087991521e+07
0.000000000000000000e+00
2.625655453906553239e+07
0.000000000000000000e+00
0.000000000000000000e+00
5.686058401196275651e+07
0.000000000000000000e+00
0.000000000000000000e+00
3.424883082321017236e+07
1.711422277024690434e+07
3.062877186804452166e+07
1.650103123593956046e+07
2.087168601870195568e+07
1.650103123593956046e+07
1.307744823124215007e+07
4.655359293788966537e+07
0.000000000000000000e+00
0.000000000000000000e+00
1.272883084097842872e+07
1.876332431452518702e+07
1.662257930751162954e+07
1.909610798090101033e+07
0.000000000000000000e+00
0.000000000000000000e+00
2.076857662981354445e+07
0.000000000000000000e+00
1.235757487749014236e+07
1.938010587695382535e+07
1.842353662888646871e+07
8.367052550266250037e+06
3.161616695584883913e+07
1.713460805296326801e+07
0.000000000000000000e+00
2.231666012003773451e+07
6.394411026348390616e+06
0.000000000000000000e+00
1.581789336736841500e+07
0.000000000000000000e+00
3.510399443058709800e+07
0.000000000000000000e+00
0.000000000000000000e+00
2.418494591763466597e+07
0.000000000000000000e+00
0.000000000000000000e+00
1.120409228153827600e+07
1.581789336736841500e+07
4.900733515802940726e+07
1.101305332668757439e+07
0.000000000000000000e+00
3.326184432596223801e+07
0.000000000000000000e+00
9.289187814006878063e+06
0.000000000000000000e+00
1.435073820232620649e+07
1.511513571990927868e+07
2.301699033386002108e+07
2.169381719848210737e+07
1.713460805296326801e+07
1.101305332668757439e+07
1.292519599755927920e+07
1.650103123593956046e+07
6.578681478572827764e+06
0.000000000000000000e+00
2.458408589015299454e+07
0.000000000000000000e+00
1.876332431452518702e+07
0.000000000000000000e+00
1.292519599755927920e+07
1.662257930751162954e+07
1.711422277024690434e+07
6.498766752669321373e+06
1.612723627299897000e+07
5.148601757677281648e+07
1.713460805296326801e+07
0.000000000000000000e+00
4.645776186764994636e+06
0.000000000000000000e+00
0.000000000000000000e+00
1.713460805296326801e+07
4.555755220619004965e+07
9.289187814006878063e+06
0.000000000000000000e+00
1.435073820232620649e+07
1.998885871067782119e+07
1.104018721311338618e+07
0.000000000000000000e+00
1.520181743514961749e+07
2.175999895701190084e+07
0.000000000000000000e+00
2.631922800144755468e+07
2.621487076183719188e+07
1.700335106425513700e+07
6.394411026348390616e+06
1.121314651598995738e+07
0.000000000000000000e+00
1.101305332668757439e+07
6.498766752669321373e+06
0.000000000000000000e+00
5.627765958880101144e+07
0.000000000000000000e+00
0.000000000000000000e+00
0.000000000000000000e+00
2.734038278898892552e+07
0.000000000000000000e+00
4.054128893374211341e+07
9.289187814006878063e+06
5.975864437372997403e+07
0.000000000000000000e+00
2.498963185777787864e+07
0.000000000000000000e+00
3.097331750983783603e+07
1.662257930751162954e+07
4.915925273893049359e+07
1.662257930751162954e+07
1.822622365165280178e+07
8.367052550266250037e+06
3.685186370075535774e+07
2.640337542218237370e+07
3.571868728841263801e+07
0.000000000000000000e+00
1.662257930751162954e+07
0.000000000000000000e+00
1.520181743514961749e+07
1.121314651598995738e+07
0.000000000000000000e+00
1.120409228153827600e+07
6.394411026348390616e+06
1.815175625537925214e+07
0.000000000000000000e+00
1.842353662888646871e+07
2.755939231263975799e+07
1.120409228153827600e+07
2.555483048386448249e+07
1.822622365165280178e+07
0.000000000000000000e+00
3.170031437658365816e+07
0.000000000000000000e+00
0.000000000000000000e+00
0.000000000000000000e+00
0.000000000000000000e+00
1.662257930751162954e+07
4.645776186764994636e+06
0.000000000000000000e+00
1.235757487749014236e+07
0.000000000000000000e+00
1.984505932740908861e+07
0.000000000000000000e+00
2.861186493328543380e+07
0.000000000000000000e+00
2.947179764773704857e+07
3.586620867408543825e+07
0.000000000000000000e+00
0.000000000000000000e+00
6.394411026348390616e+06
0.000000000000000000e+00
0.000000000000000000e+00
1.297309250492121838e+07
0.000000000000000000e+00
0.000000000000000000e+00
2.713037686479143798e+07
2.487065902303525060e+07
6.394411026348390616e+06
0.000000000000000000e+00
6.394411026348390616e+06
6.394411026348390616e+06
2.287199983841779828e+07
0.000000000000000000e+00
1.519928314064409584e+07
1.662257930751162954e+07
4.645776186764994636e+06
0.000000000000000000e+00
0.000000000000000000e+00
1.111967518968340755e+07
0.000000000000000000e+00
2.821503568419846520e+07
0.000000000000000000e+00
4.645776186764994636e+06
0.000000000000000000e+00
1.120409228153827600e+07
2.526209106719450653e+07
1.822622365165280178e+07
1.711422277024690434e+07
6.394411026348390616e+06
1.447746568056182563e+07
0.000000000000000000e+00
0.000000000000000000e+00
0.000000000000000000e+00
0.000000000000000000e+00
1.121314651598995738e+07
1.235757487749014236e+07
6.006508431365776807e+07
0.000000000000000000e+00
2.946587392223548517e+07
0.000000000000000000e+00
0.000000000000000000e+00
3.320707983248566836e+07
0.000000000000000000e+00
2.556388471831616387e+07
5.790755092138417065e+07
1.519928314064409584e+07
0.000000000000000000e+00
9.755523303125970066e+06
0.000000000000000000e+00
0.000000000000000000e+00
0.000000000000000000e+00
1.999129437234140933e+07
0.000000000000000000e+00
0.000000000000000000e+00
1.318928929646698944e+07
0.000000000000000000e+00
5.536974021785991639e+07
0.000000000000000000e+00
3.424883082321017236e+07
0.000000000000000000e+00
1.235757487749014236e+07
1.435073820232620649e+07
0.000000000000000000e+00
0.000000000000000000e+00
1.909610798090101033e+07
0.000000000000000000e+00
2.470563396172506362e+07
1.581789336736841500e+07
4.104953965455475450e+07
1.494573402883907780e+07
3.036620535469973460e+06
0.000000000000000000e+00
3.036620535469973460e+06
5.389886874378789961e+07
0.000000000000000000e+00
0.000000000000000000e+00
0.000000000000000000e+00
0.000000000000000000e+00
6.394411026348390616e+06
1.318928929646698944e+07
6.426429244889957830e+06
1.581789336736841500e+07
1.998885871067782119e+07
4.645776186764994636e+06
0.000000000000000000e+00
2.340910050129017979e+07
2.638326973702621087e+07
0.000000000000000000e+00
0.000000000000000000e+00
0.000000000000000000e+00
2.723896315862453729e+07
1.435073820232620649e+07
2.170058418781893700e+07
0.000000000000000000e+00
1.650103123593956046e+07
0.000000000000000000e+00
6.394411026348390616e+06
2.146015716435644031e+07
1.511513571990927868e+07
0.000000000000000000e+00
1.612723627299897000e+07
3.362281976953056455e+07
1.612723627299897000e+07
6.394411026348390616e+06
3.526435555046474934e+07
0.000000000000000000e+00
0.000000000000000000e+00
0.000000000000000000e+00
6.578681478572827764e+06
0.000000000000000000e+00
0.000000000000000000e+00
2.686974607337287441e+07
4.199425802236656845e+07
1.318928929646698944e+07
3.046065390548569337e+07
1.435073820232620649e+07
6.498766752669321373e+06
8.367052550266250037e+06
3.233389119360736385e+07
1.520181743514961749e+07
1.783506548323198408e+07
0.000000000000000000e+00
0.000000000000000000e+00
2.064417807780832052e+07
1.876332431452518702e+07
6.426429244889957830e+06
8.083054654213435017e+06
1.101305332668757439e+07
4.212717167323465645e+07
1.842353662888646871e+07
0.000000000000000000e+00
0.000000000000000000e+00
3.984052580453506112e+07
0.000000000000000000e+00
1.713460805296326801e+07
9.463049780359931290e+06
2.127234395068042353e+07
1.120409228153827600e+07
1.534551818557641469e+07
1.121314651598995738e+07
0.000000000000000000e+00
3.666197459950605780e+07
1.743948257157753408e+07
0.000000000000000000e+00
9.755523303125970066e+06
0.000000000000000000e+00
6.578681478572827764e+06
2.612818904659685493e+07
2.465265289654275775e+07
0.000000000000000000e+00
2.449428882326522097e+07
8.367052550266250037e+06
0.000000000000000000e+00
3.708685185766321421e+07
9.755523303125970066e+06
6.326326819932757318e+07
4.645776186764994636e+06
1.622590983193696290e+07
0.000000000000000000e+00
3.619372413931615651e+07
6.426429244889957830e+06
2.816635845681476593e+07
0.000000000000000000e+00
3.047797447532517463e+07
3.078111150637660921e+07
0.000000000000000000e+00
1.318928929646698944e+07
3.612268563279257715e+07
0.000000000000000000e+00
1.101305332668757439e+07
0.000000000000000000e+00
2.449100524915649742e+07
9.755523303125970066e+06
3.891827003346779197e+07
0.000000000000000000e+00
1.876332431452518702e+07
0.000000000000000000e+00
4.645776186764994636e+06
2.848481115048911422e+07
3.396514174967480451e+07
0.000000000000000000e+00
1.435073820232620649e+07
4.546197733920013160e+07
4.497566078185685724e+07
0.000000000000000000e+00
1.713460805296326801e+07
2.304900855240158737e+07
2.923927697834037617e+07
1.842353662888646871e+07
0.000000000000000000e+00
5.404661878189310431e+07
0.000000000000000000e+00
1.235757487749014236e+07
1.713460805296326801e+07
1.596181653302925266e+07
1.520181743514961749e+07
4.095483945969998837e+07
1.876332431452518702e+07
8.083054654213435017e+06
1.650103123593956046e+07
0.000000000000000000e+00
1.662257930751162954e+07
0.000000000000000000e+00
9.289187814006878063e+06
1.842353662888646871e+07
2.410626150545217842e+07
1.534551818557641469e+07
0.000000000000000000e+00
6.394411026348390616e+06
0.000000000000000000e+00
1.662257930751162954e+07
1.534551818557641469e+07
0.000000000000000000e+00
0.000000000000000000e+00
0.000000000000000000e+00
8.367052550266250037e+06
0.000000000000000000e+00
0.000000000000000000e+00
0.000000000000000000e+00
1.612723627299897000e+07
4.728285433994153142e+07
2.076857662981354445e+07
0.000000000000000000e+00
0.000000000000000000e+00
3.161282592535346001e+07
4.158508717217583209e+07
0.000000000000000000e+00
3.410858877827791125e+07
1.101305332668757439e+07
1.519928314064409584e+07
3.277427483121267706e+07
0.000000000000000000e+00
1.876332431452518702e+07
3.184654942151597515e+07
0.000000000000000000e+00
0.000000000000000000e+00
2.734038278898892552e+07
2.150954674625767022e+07
4.645776186764994636e+06
2.555483048386448249e+07
0.000000000000000000e+00
2.732383070724742487e+07
2.814766137965084240e+07
1.876332431452518702e+07
0.000000000000000000e+00
3.870359984736329317e+07
0.000000000000000000e+00
1.519928314064409584e+07
0.000000000000000000e+00
1.711422277024690434e+07
1.878400412238010019e+07
1.876332431452518702e+07
1.711422277024690434e+07
4.645776186764994636e+06
6.498766752669321373e+06
0.000000000000000000e+00
1.435073820232620649e+07
1.711422277024690434e+07
5.948346369150887430e+07
4.179694504513290524e+07
0.000000000000000000e+00
0.000000000000000000e+00
8.083054654213435017e+06
1.876332431452518702e+07
0.000000000000000000e+00
0.000000000000000000e+00
3.512375066209016740e+07
2.126835549427662417e+07
9.289187814006878063e+06
6.394411026348390616e+06
0.000000000000000000e+00
4.562976197134703398e+07
1.520181743514961749e+07
0.000000000000000000e+00
1.120409228153827600e+07
0.000000000000000000e+00
3.281299817668273300e+07
3.132905370814858750e+07
0.000000000000000000e+00
1.711422277024690434e+07
0.000000000000000000e+00
0.000000000000000000e+00
1.121314651598995738e+07
1.711422277024690434e+07
1.842353662888646871e+07
6.394411026348390616e+06
0.000000000000000000e+00
0.000000000000000000e+00
2.410626150545217842e+07
0.000000000000000000e+00
1.435073820232620649e+07
1.235757487749014236e+07
6.498766752669321373e+06
0.000000000000000000e+00
0.000000000000000000e+00
0.000000000000000000e+00
0.000000000000000000e+00
4.645776186764994636e+06
0.000000000000000000e+00
1.711422277024690434e+07
0.000000000000000000e+00
1.282084027123834938e+07
0.000000000000000000e+00
0.000000000000000000e+00
1.104018721311338618e+07
1.519928314064409584e+07
0.000000000000000000e+00
1.235757487749014236e+07
0.000000000000000000e+00
0.000000000000000000e+00
9.755523303125970066e+06
1.511513571990927868e+07
0.000000000000000000e+00
1.713460805296326801e+07
1.822622365165280178e+07
3.957034405159102380e+07
8.367052550266250037e+06
0.000000000000000000e+00
1.565882951345256902e+07
0.000000000000000000e+00
2.312134606018095091e+07
6.696417914109264314e+07
1.765624036427312717e+07
0.000000000000000000e+00
1.759850330788666755e+07
1.235757487749014236e+07
0.000000000000000000e+00
1.743948257157753408e+07
0.000000000000000000e+00
1.842353662888646871e+07
1.534551818557641469e+07
0.000000000000000000e+00
0.000000000000000000e+00
3.526435555046474934e+07
0.000000000000000000e+00
4.544552227779316157e+07
0.000000000000000000e+00
2.817905993201243877e+07
0.000000000000000000e+00
3.689551995963754505e+07
2.302547924614779651e+07
0.000000000000000000e+00
1.876332431452518702e+07
6.394411026348390616e+06
0.000000000000000000e+00
0.000000000000000000e+00
1.519928314064409584e+07
1.519928314064409584e+07
6.426429244889957830e+06
0.000000000000000000e+00
5.151313989503578842e+07
1.511513571990927868e+07
0.000000000000000000e+00
1.235757487749014236e+07
0.000000000000000000e+00
0.000000000000000000e+00
0.000000000000000000e+00
6.578681478572827764e+06
1.713460805296326801e+07
0.000000000000000000e+00
1.519928314064409584e+07
0.000000000000000000e+00
0.000000000000000000e+00
6.394411026348390616e+06
3.805949822338978946e+07
1.511513571990927868e+07
0.000000000000000000e+00
1.120409228153827600e+07
2.650659128309990466e+07
1.650103123593956046e+07
0.000000000000000000e+00
0.000000000000000000e+00
3.036620535469973460e+06
0.000000000000000000e+00
2.702198564890669286e+07
0.000000000000000000e+00
0.000000000000000000e+00
4.098046992275103927e+07
0.000000000000000000e+00
3.206265147098548710e+07
1.534551818557641469e+07
0.000000000000000000e+00
1.822622365165280178e+07
2.954321181856987625e+07
1.958019906625620648e+07
0.000000000000000000e+00
4.191013051496596634e+07
2.096866981911592931e+07
0.000000000000000000e+00
0.000000000000000000e+00
0.000000000000000000e+00
0.000000000000000000e+00
8.367052550266250037e+06
0.000000000000000000e+00
3.481440775645961612e+07
1.662257930751162954e+07
0.000000000000000000e+00
0.000000000000000000e+00
0.000000000000000000e+00
0.000000000000000000e+00
4.205586171980404109e+07
0.000000000000000000e+00
1.511513571990927868e+07
0.000000000000000000e+00
0.000000000000000000e+00
0.000000000000000000e+00
3.424883082321017236e+07
0.000000000000000000e+00
0.000000000000000000e+00
0.000000000000000000e+00
1.121314651598995738e+07
1.121314651598995738e+07
0.000000000000000000e+00
0.000000000000000000e+00
2.440243581245694682e+07
8.367052550266250037e+06
3.036620535469973460e+06
2.812727609693447873e+07
1.650103123593956046e+07
9.755523303125970066e+06
6.578681478572827764e+06
9.289187814006878063e+06
2.986756722952596098e+07
6.360214889897944033e+07
8.083054654213435017e+06
2.262600302566829324e+07
0.000000000000000000e+00
1.711422277024690434e+07
1.822622365165280178e+07
1.534551818557641469e+07
3.477481367501837760e+07
1.289317777901771292e+07
0.000000000000000000e+00
2.557341667049438506e+07
1.823843797061958909e+07
2.500221810745929554e+07
0.000000000000000000e+00
0.000000000000000000e+00
2.885860611342970282e+07
1.999129437234140933e+07
1.842353662888646871e+07
0.000000000000000000e+00
2.557341667049438506e+07
0.000000000000000000e+00
6.578681478572827764e+06
3.484880295916443318e+07
0.000000000000000000e+00
2.169804989331341535e+07
3.357174183722921461e+07
9.755523303125970066e+06
0.000000000000000000e+00
0.000000000000000000e+00
2.361298952291622758e+07
0.000000000000000000e+00
0.000000000000000000e+00
2.170058418781893700e+07
0.000000000000000000e+00
0.000000000000000000e+00
1.998885871067782119e+07
1.301282873703124374e+07
1.650103123593956046e+07
0.000000000000000000e+00
8.367052550266250037e+06
0.000000000000000000e+00
0.000000000000000000e+00
4.299631329821298271e+07
0.000000000000000000e+00
0.000000000000000000e+00
1.876332431452518702e+07
0.000000000000000000e+00
3.184654942151597515e+07
1.842353662888646871e+07
6.426429244889957830e+06
0.000000000000000000e+00
0.000000000000000000e+00
1.101305332668757439e+07
2.126835549427662417e+07
0.000000000000000000e+00
2.962762891042474657e+07
8.367052550266250037e+06
1.662257930751162954e+07
1.581789336736841500e+07
0.000000000000000000e+00
1.876332431452518702e+07
0.000000000000000000e+00
0.000000000000000000e+00
6.498766752669321373e+06
1.289317777901771292e+07
4.797609226636229455e+07
1.958019906625620648e+07
0.000000000000000000e+00
1.822622365165280178e+07
0.000000000000000000e+00
1.520181743514961749e+07
0.000000000000000000e+00
0.000000000000000000e+00
8.367052550266250037e+06
3.771444722015172988e+07
0.000000000000000000e+00
2.632828223589923605e+07
0.000000000000000000e+00
6.498766752669321373e+06
1.998885871067782119e+07
6.498766752669321373e+06
8.367052550266250037e+06
0.000000000000000000e+00
1.822622365165280178e+07
1.876332431452518702e+07
2.900718266383540630e+07
0.000000000000000000e+00
0.000000000000000000e+00
0.000000000000000000e+00
3.441440730207441747e+07
0.000000000000000000e+00
1.662257930751162954e+07
2.439338157800526544e+07
0.000000000000000000e+00
0.000000000000000000e+00
1.822622365165280178e+07
3.887453726488807797e+07
4.645776186764994636e+06
1.612723627299897000e+07
1.876332431452518702e+07
2.127234395068042353e+07
0.000000000000000000e+00
3.036620535469973460e+06
4.632018233265942335e+07
7.415685265903715789e+07
0.000000000000000000e+00
2.465265289654275775e+07
0.000000000000000000e+00
0.000000000000000000e+00
4.041694584782080352e+07
0.000000000000000000e+00
0.000000000000000000e+00
0.000000000000000000e+00
3.854447507052720338e+07
0.000000000000000000e+00
0.000000000000000000e+00
3.419833182424081862e+07
6.578681478572827764e+06
0.000000000000000000e+00
6.498766752669321373e+06
3.036620535469973460e+06
1.842353662888646871e+07
1.581789336736841500e+07
0.000000000000000000e+00
2.081939429558108002e+07
3.362535406403608620e+07
1.612723627299897000e+07
3.173771502742090821e+07
3.317814800714480877e+07
0.000000000000000000e+00
6.498766752669321373e+06
2.812727609693447873e+07
1.612723627299897000e+07
1.822622365165280178e+07
3.373479381533731520e+07
1.876332431452518702e+07
0.000000000000000000e+00
1.121314651598995738e+07
1.300511072346278653e+07
1.584986846830327064e+07
4.855012100108306110e+07
4.480163923952406645e+07
3.982014052181869745e+07
3.036620535469973460e+06
0.000000000000000000e+00
1.713460805296326801e+07
3.361525400618646294e+07
3.280937497748796642e+07
0.000000000000000000e+00
3.718686094341165572e+07
0.000000000000000000e+00
6.498766752669321373e+06
0.000000000000000000e+00
0.000000000000000000e+00
1.435073820232620649e+07
1.520181743514961749e+07
1.121314651598995738e+07
1.121314651598995738e+07
1.612723627299897000e+07
0.000000000000000000e+00
0.000000000000000000e+00
0.000000000000000000e+00
0.000000000000000000e+00
1.120409228153827600e+07
0.000000000000000000e+00
0.000000000000000000e+00
1.458182140688275546e+07
3.992427354496622086e+07
1.519928314064409584e+07
3.148534625528947264e+07
4.645776186764994636e+06
8.367052550266250037e+06
3.647523758318446577e+07
0.000000000000000000e+00
8.083054654213435017e+06
1.581789336736841500e+07
1.713460805296326801e+07
0.000000000000000000e+00
1.121314651598995738e+07
6.578681478572827764e+06
5.020812267007768154e+07
0.000000000000000000e+00
9.755523303125970066e+06
2.807191336489125714e+07
0.000000000000000000e+00
8.083054654213435017e+06
0.000000000000000000e+00
1.876332431452518702e+07
0.000000000000000000e+00
1.612723627299897000e+07
1.998885871067782119e+07
0.000000000000000000e+00
0.000000000000000000e+00
0.000000000000000000e+00
1.650103123593956046e+07
1.711422277024690434e+07
0.000000000000000000e+00
0.000000000000000000e+00
2.077301245976396650e+07
1.318928929646698944e+07
6.498766752669321373e+06
7.173518868027962744e+07
9.289187814006878063e+06
0.000000000000000000e+00
3.233389119360736385e+07
3.435345992465177178e+07
3.058379852914294600e+07
2.610593335112143680e+07
0.000000000000000000e+00
4.634743022294180840e+07
1.120409228153827600e+07
0.000000000000000000e+00
8.367052550266250037e+06
1.876332431452518702e+07
0.000000000000000000e+00
1.899651438909120113e+07
2.348218827017552778e+07
0.000000000000000000e+00
1.711422277024690434e+07
0.000000000000000000e+00
6.394411026348390616e+06
0.000000000000000000e+00
0.000000000000000000e+00
5.248906389541082084e+07
5.666606962073840201e+07
4.645776186764994636e+06
3.036620535469973460e+06
2.702198564890669286e+07
0.000000000000000000e+00
0.000000000000000000e+00
3.274981558051060140e+07
1.650103123593956046e+07
0.000000000000000000e+00
0.000000000000000000e+00
2.923927697834037617e+07
1.435073820232620649e+07
4.645776186764994636e+06
0.000000000000000000e+00
1.435073820232620649e+07
0.000000000000000000e+00
1.998885871067782119e+07
0.000000000000000000e+00
6.426429244889957830e+06
4.483973157044110447e+07
2.262600302566829324e+07
1.519928314064409584e+07
0.000000000000000000e+00
1.318928929646698944e+07
4.645776186764994636e+06
4.019330070099172741e+07
1.101305332668757439e+07
2.357072139348009974e+07
0.000000000000000000e+00
0.000000000000000000e+00
1.876332431452518702e+07
0.000000000000000000e+00
1.713460805296326801e+07
3.252260007294524461e+07
2.030224114069445431e+07
8.367052550266250037e+06
1.876332431452518702e+07
9.289187814006878063e+06
1.998885871067782119e+07
1.534551818557641469e+07
0.000000000000000000e+00
1.876332431452518702e+07
0.000000000000000000e+00
0.000000000000000000e+00
0.000000000000000000e+00
0.000000000000000000e+00
4.347209285338637978e+07
1.662257930751162954e+07
2.154156496479923651e+07
1.650103123593956046e+07
0.000000000000000000e+00
6.578681478572827764e+06
4.829801960590809584e+07
0.000000000000000000e+00
5.203879063507293165e+07
0.000000000000000000e+00
1.101305332668757439e+07
1.625429005579529144e+07
0.000000000000000000e+00
0.000000000000000000e+00
1.101305332668757439e+07
1.107220543165495247e+07
0.000000000000000000e+00
4.094518392823383212e+07
1.713460805296326801e+07
4.645776186764994636e+06
2.830442501637626812e+07
0.000000000000000000e+00
0.000000000000000000e+00
1.662257930751162954e+07
2.703103988335837424e+07
2.631922800144755468e+07
1.520181743514961749e+07
0.000000000000000000e+00
0.000000000000000000e+00
6.757354437147964537e+07
0.000000000000000000e+00
0.000000000000000000e+00
2.684637896873862296e+07
0.000000000000000000e+00
0.000000000000000000e+00
2.635857151226399094e+07
1.511513571990927868e+07
5.320903159207752347e+07
2.287199983841779828e+07
0.000000000000000000e+00
3.580675207804623246e+07
1.909610798090101033e+07
0.000000000000000000e+00
4.645776186764994636e+06
0.000000000000000000e+00
2.683094669405598938e+07
0.000000000000000000e+00
2.449100524915649742e+07
0.000000000000000000e+00
0.000000000000000000e+00
2.655866470156637207e+07
8.367052550266250037e+06
2.418494591763466597e+07
2.679058917915271968e+07
1.713460805296326801e+07
1.662257930751162954e+07
1.235757487749014236e+07
2.357072139348009974e+07
0.000000000000000000e+00
1.713460805296326801e+07
4.119711717106482387e+07
1.612723627299897000e+07
3.167681607012336701e+07
3.362281976953056455e+07
0.000000000000000000e+00
4.342350107611314207e+07
1.822622365165280178e+07
0.000000000000000000e+00
0.000000000000000000e+00
0.000000000000000000e+00
1.511513571990927868e+07
3.341639667525508255e+07
0.000000000000000000e+00
8.083054654213435017e+06
1.612723627299897000e+07
0.000000000000000000e+00
1.738735873779617995e+07
2.369290424881973118e+07
0.000000000000000000e+00
0.000000000000000000e+00
0.000000000000000000e+00
1.711422277024690434e+07
1.779182799456278607e+07
0.000000000000000000e+00
5.820943995418908447e+07
1.998885871067782119e+07
2.337062820417771488e+07
0.000000000000000000e+00
0.000000000000000000e+00
1.822622365165280178e+07
3.553775939913336933e+07
0.000000000000000000e+00
0.000000000000000000e+00
1.815175625537925214e+07
1.650103123593956046e+07
2.805251212853206694e+07
1.876332431452518702e+07
0.000000000000000000e+00
4.526991559762509167e+07
1.662257930751162954e+07
3.312361054345118999e+07
1.876332431452518702e+07
2.805251212853206694e+07
3.227717060247332975e+07
6.394411026348390616e+06
1.998885871067782119e+07
0.000000000000000000e+00
3.036620535469973460e+06
0.000000000000000000e+00
0.000000000000000000e+00
2.270591775157179683e+07
0.000000000000000000e+00
4.693183380440259725e+07
0.000000000000000000e+00
2.534200579309801385e+07
0.000000000000000000e+00
1.842353662888646871e+07
1.822622365165280178e+07
2.898015418500177190e+07
3.195261361099217832e+07
4.354703770959731936e+07
2.763563263419920206e+07
0.000000000000000000e+00
1.121314651598995738e+07
0.000000000000000000e+00
9.535387288139294833e+06
6.722829735284855962e+07
0.000000000000000000e+00
0.000000000000000000e+00
2.319819037412271276e+07
0.000000000000000000e+00
3.036620535469973460e+06
1.235757487749014236e+07
1.876332431452518702e+07
0.000000000000000000e+00
1.520181743514961749e+07
0.000000000000000000e+00
1.318928929646698944e+07
0.000000000000000000e+00
1.520181743514961749e+07
1.842353662888646871e+07
2.770512351747783646e+07
6.394411026348390616e+06
0.000000000000000000e+00
1.466173613278626278e+07
3.821508236233062297e+07
1.424071281700824946e+07
0.000000000000000000e+00
0.000000000000000000e+00
0.000000000000000000e+00
0.000000000000000000e+00
0.000000000000000000e+00
3.798713555832707882e+07
1.711422277024690434e+07
0.000000000000000000e+00
0.000000000000000000e+00
0.000000000000000000e+00
2.164676269149702042e+07
5.152375844279670715e+07
1.101305332668757439e+07
5.168300152461183071e+07
8.083054654213435017e+06
1.101305332668757439e+07
1.511513571990927868e+07
1.534551818557641469e+07
0.000000000000000000e+00
0.000000000000000000e+00
1.101305332668757439e+07
1.120409228153827600e+07
8.083054654213435017e+06
1.121314651598995738e+07
4.754571672881205380e+07
1.822622365165280178e+07
1.713460805296326801e+07
0.000000000000000000e+00
3.036620535469973460e+06
8.367052550266250037e+06
6.394411026348390616e+06
1.511513571990927868e+07
4.645776186764994636e+06
4.376286890719817579e+07
4.720637783665457368e+07
2.247847711047386751e+07
1.662257930751162954e+07
1.650103123593956046e+07
0.000000000000000000e+00
6.578681478572827764e+06
0.000000000000000000e+00
1.101305332668757439e+07
2.127234395068042353e+07
1.318928929646698944e+07
0.000000000000000000e+00
8.083054654213435017e+06
1.876332431452518702e+07
2.963668314487642795e+07
1.318928929646698944e+07
1.842353662888646871e+07
1.612723627299897000e+07
1.812257585339222103e+07
0.000000000000000000e+00
1.842353662888646871e+07
1.612723627299897000e+07
1.318928929646698944e+07
0.000000000000000000e+00
6.578681478572827764e+06
2.462063467800119147e+07
0.000000000000000000e+00
1.779182799456278607e+07
1.876332431452518702e+07
0.000000000000000000e+00
2.072462742775639147e+07
1.519928314064409584e+07
2.702198564890669286e+07
0.000000000000000000e+00
4.762449134487702698e+07
0.000000000000000000e+00
0.000000000000000000e+00
0.000000000000000000e+00
0.000000000000000000e+00
9.431031561818365008e+06
3.834531617418529838e+07
3.458121768189360201e+07
0.000000000000000000e+00
1.916385680846894532e+07
0.000000000000000000e+00
0.000000000000000000e+00
1.120409228153827600e+07
1.534551818557641469e+07
9.755523303125970066e+06
0.000000000000000000e+00
0.000000000000000000e+00
0.000000000000000000e+00
0.000000000000000000e+00
0.000000000000000000e+00
2.536379152901378274e+07
2.092941968089903519e+07
1.711422277024690434e+07
1.435073820232620649e+07
6.578681478572827764e+06
1.519928314064409584e+07
0.000000000000000000e+00
1.842353662888646871e+07
6.394411026348390616e+06
0.000000000000000000e+00
0.000000000000000000e+00
0.000000000000000000e+00
0.000000000000000000e+00
1.822622365165280178e+07
0.000000000000000000e+00
0.000000000000000000e+00
7.038177769700473547e+07
1.842353662888646871e+07
1.581789336736841500e+07
0.000000000000000000e+00
0.000000000000000000e+00
0.000000000000000000e+00
3.353867234879574925e+07
0.000000000000000000e+00
3.030351206671389192e+07
0.000000000000000000e+00
1.822622365165280178e+07
2.114680742270455509e+07
5.929068764987930655e+07
8.083054654213435017e+06
0.000000000000000000e+00
0.000000000000000000e+00
2.510104148870238662e+07
0.000000000000000000e+00
1.984505932740908861e+07
0.000000000000000000e+00
0.000000000000000000e+00
6.394411026348390616e+06
1.101305332668757439e+07
2.500221810745929554e+07
0.000000000000000000e+00
2.898015418500177190e+07
0.000000000000000000e+00
1.121314651598995738e+07
1.534551818557641469e+07
4.210385462802478671e+07
1.120409228153827600e+07
4.199306468732351065e+07
0.000000000000000000e+00
0.000000000000000000e+00
0.000000000000000000e+00
3.093302908727769554e+07
9.431031561818365008e+06
2.946587392223548517e+07
2.462063467800119147e+07
0.000000000000000000e+00
0.000000000000000000e+00
0.000000000000000000e+00
2.548127532051315531e+07
0.000000000000000000e+00
2.974438201380379125e+07
1.235757487749014236e+07
1.650103123593956046e+07
1.612723627299897000e+07
1.822622365165280178e+07
2.963668314487642795e+07
1.120409228153827600e+07
0.000000000000000000e+00
0.000000000000000000e+00
0.000000000000000000e+00
2.713037686479143798e+07
0.000000000000000000e+00
0.000000000000000000e+00
0.000000000000000000e+00
1.318928929646698944e+07
2.630927830586623773e+07
3.519067614582744241e+07
1.318928929646698944e+07
3.484880295916443318e+07
2.340910050129017979e+07
1.713460805296326801e+07
0.000000000000000000e+00
1.534551818557641469e+07
0.000000000000000000e+00
2.947179764773704857e+07
1.711422277024690434e+07
1.612723627299897000e+07
0.000000000000000000e+00
0.000000000000000000e+00
1.842353662888646871e+07
6.426429244889957830e+06
1.519928314064409584e+07
1.120409228153827600e+07
0.000000000000000000e+00
1.711422277024690434e+07
1.612723627299897000e+07
3.231350591089100018e+07
9.755523303125970066e+06
0.000000000000000000e+00
0.000000000000000000e+00
1.822622365165280178e+07
1.662257930751162954e+07
9.615302014042802155e+06
1.650103123593956046e+07
0.000000000000000000e+00
3.607086440902623534e+07
1.235757487749014236e+07
3.036620535469973460e+06
0.000000000000000000e+00
0.000000000000000000e+00
1.520181743514961749e+07
0.000000000000000000e+00
0.000000000000000000e+00
4.807984988399115205e+07
0.000000000000000000e+00
1.435073820232620649e+07
3.661143801818945259e+07
0.000000000000000000e+00
1.713460805296326801e+07
0.000000000000000000e+00
3.373680207775853574e+07
0.000000000000000000e+00
0.000000000000000000e+00
3.455077290188543499e+07
2.830442501637626812e+07
8.083054654213435017e+06
2.224432261225837469e+07
0.000000000000000000e+00
0.000000000000000000e+00
3.526435555046474934e+07
0.000000000000000000e+00
1.121314651598995738e+07
0.000000000000000000e+00
0.000000000000000000e+00
0.000000000000000000e+00
4.273931063943729550e+07
3.873993515578095615e+07
1.965919984298160300e+07
2.640590971668789536e+07
3.484880295916443318e+07
3.648988994661737978e+07
2.328487208936305344e+07
1.519928314064409584e+07
0.000000000000000000e+00
1.612723627299897000e+07
0.000000000000000000e+00
8.367052550266250037e+06
1.612723627299897000e+07
2.515773534087357670e+07
0.000000000000000000e+00
0.000000000000000000e+00
1.779182799456278607e+07
3.146496097257310897e+07
1.120409228153827600e+07
0.000000000000000000e+00
3.014743678999451548e+07
0.000000000000000000e+00
0.000000000000000000e+00
2.641496395113957673e+07
0.000000000000000000e+00
2.301699033386002108e+07
1.998885871067782119e+07
0.000000000000000000e+00
6.426429244889957830e+06
9.755523303125970066e+06
1.783857795733940601e+07
4.750294327330495417e+07
3.504611593639809638e+07
4.645776186764994636e+06
3.036620535469973460e+06
1.581789336736841500e+07
0.000000000000000000e+00
0.000000000000000000e+00
4.125170289780059457e+07
0.000000000000000000e+00
8.367052550266250037e+06
0.000000000000000000e+00
1.307744823124215007e+07
0.000000000000000000e+00
0.000000000000000000e+00
1.520181743514961749e+07
6.426429244889957830e+06
1.520181743514961749e+07
0.000000000000000000e+00
1.519928314064409584e+07
2.350863379659529403e+07
1.435073820232620649e+07
1.650103123593956046e+07
2.173992921192480624e+07
1.711422277024690434e+07
0.000000000000000000e+00
1.612723627299897000e+07
0.000000000000000000e+00
0.000000000000000000e+00
4.645776186764994636e+06
0.000000000000000000e+00
3.872723107861709595e+07
1.612723627299897000e+07
1.520181743514961749e+07
5.318533049009197950e+07
2.409727006055598706e+07
1.662257930751162954e+07
1.511513571990927868e+07
1.534551818557641469e+07
0.000000000000000000e+00
1.121314651598995738e+07
0.000000000000000000e+00
0.000000000000000000e+00
0.000000000000000000e+00
0.000000000000000000e+00
0.000000000000000000e+00
1.612723627299897000e+07
0.000000000000000000e+00
1.650103123593956046e+07
1.466173613278626278e+07
9.289187814006878063e+06
1.711422277024690434e+07
9.289187814006878063e+06
2.243379285653964058e+07
4.645776186764994636e+06
0.000000000000000000e+00
1.424976705145993084e+07
2.342857283978984877e+07
0.000000000000000000e+00
1.876332431452518702e+07
0.000000000000000000e+00
1.111967518968340755e+07
5.137603804921814799e+07
0.000000000000000000e+00
4.537044900484424084e+07
4.338395899252637476e+07
2.641496395113957673e+07
1.534551818557641469e+07
0.000000000000000000e+00
0.000000000000000000e+00
6.394411026348390616e+06
1.770285903420759737e+07
1.520181743514961749e+07
6.394411026348390616e+06
0.000000000000000000e+00
0.000000000000000000e+00
4.933431610548463464e+07
0.000000000000000000e+00
4.364456495641832054e+07
1.101305332668757439e+07
2.770309306306655705e+07
5.852015380024282634e+07
2.548127532051315531e+07
0.000000000000000000e+00
0.000000000000000000e+00
0.000000000000000000e+00
0.000000000000000000e+00
1.998885871067782119e+07
1.318928929646698944e+07
0.000000000000000000e+00
0.000000000000000000e+00
3.047797447532517463e+07
0.000000000000000000e+00
0.000000000000000000e+00
1.662257930751162954e+07
1.612723627299897000e+07
0.000000000000000000e+00
0.000000000000000000e+00
4.405535025462149084e+07
1.662257930751162954e+07
0.000000000000000000e+00
1.318928929646698944e+07
1.662257930751162954e+07
0.000000000000000000e+00
0.000000000000000000e+00
6.426429244889957830e+06
2.943658995557404310e+07
0.000000000000000000e+00
0.000000000000000000e+00
0.000000000000000000e+00
0.000000000000000000e+00
0.000000000000000000e+00
1.876332431452518702e+07
4.074019674892420322e+07
0.000000000000000000e+00
0.000000000000000000e+00
4.390481194939962029e+07
1.842353662888646871e+07
0.000000000000000000e+00
2.357072139348009974e+07
4.348831471884730458e+07
1.662257930751162954e+07
1.822622365165280178e+07
1.953765177140953392e+07
9.289187814006878063e+06
2.714028959968654439e+07
3.492456786482603103e+07
6.394411026348390616e+06
0.000000000000000000e+00
1.842353662888646871e+07
0.000000000000000000e+00
9.755523303125970066e+06
2.526209106719450653e+07
1.581789336736841500e+07
3.512375066209016740e+07
0.000000000000000000e+00
1.318928929646698944e+07
0.000000000000000000e+00
0.000000000000000000e+00
0.000000000000000000e+00
2.361298952291622758e+07
3.101717650801251084e+07
0.000000000000000000e+00
0.000000000000000000e+00
1.511513571990927868e+07
6.498766752669321373e+06
3.046065390548569337e+07
1.842353662888646871e+07
1.842353662888646871e+07
2.648762546334714442e+07
2.301699033386002108e+07
3.036620535469973460e+06
1.318928929646698944e+07
1.534551818557641469e+07
2.486808378620580956e+07
2.192419966414924338e+07
0.000000000000000000e+00
6.498766752669321373e+06
0.000000000000000000e+00
0.000000000000000000e+00
0.000000000000000000e+00
0.000000000000000000e+00
0.000000000000000000e+00
1.235757487749014236e+07
0.000000000000000000e+00
1.899651438909120113e+07
2.304900855240158737e+07
2.640337542218237370e+07
2.962762891042474657e+07
0.000000000000000000e+00
3.872812524282550067e+07
2.050233432999683544e+07
1.711422277024690434e+07
1.842353662888646871e+07
1.318928929646698944e+07
4.119711717106482387e+07
0.000000000000000000e+00
1.101305332668757439e+07
2.974438201380379125e+07
1.998885871067782119e+07
1.121314651598995738e+07
1.520181743514961749e+07
1.120409228153827600e+07
5.471611359827018529e+07
1.519928314064409584e+07
4.070094374387361109e+07
1.511513571990927868e+07
0.000000000000000000e+00
0.000000000000000000e+00
5.658165252888353914e+07
1.713460805296326801e+07
1.876332431452518702e+07
2.492230338155578822e+07
0.000000000000000000e+00
1.842353662888646871e+07
0.000000000000000000e+00
2.927804652468469739e+07
9.755523303125970066e+06
1.120409228153827600e+07
0.000000000000000000e+00
4.088087626481560618e+07
5.017135329202018678e+07
3.914422660685899109e+07
2.557341667049438506e+07
2.015084330571687967e+07
0.000000000000000000e+00
3.555814468184973300e+07
4.042948824238140136e+07
0.000000000000000000e+00
6.498766752669321373e+06
0.000000000000000000e+00
4.721859215562135726e+07
0.000000000000000000e+00
4.267810748856306821e+07
0.000000000000000000e+00
1.713460805296326801e+07
2.947179764773704857e+07
0.000000000000000000e+00
4.645776186764994636e+06
1.711422277024690434e+07
2.462063467800119147e+07
1.842353662888646871e+07
1.447746568056182563e+07
0.000000000000000000e+00
1.519928314064409584e+07
0.000000000000000000e+00
0.000000000000000000e+00
0.000000000000000000e+00
0.000000000000000000e+00
0.000000000000000000e+00
0.000000000000000000e+00
0.000000000000000000e+00
0.000000000000000000e+00
8.083054654213435017e+06
1.976091190667427331e+07
1.822622365165280178e+07
0.000000000000000000e+00
1.771191326865927875e+07
4.645776186764994636e+06
6.578681478572827764e+06
1.876332431452518702e+07
0.000000000000000000e+00
1.101305332668757439e+07
0.000000000000000000e+00
3.852423622119946033e+07
1.711422277024690434e+07
6.394411026348390616e+06
1.876332431452518702e+07
3.751337058740451187e+07
1.842353662888646871e+07
0.000000000000000000e+00
1.612723627299897000e+07
0.000000000000000000e+00
3.312361054345118999e+07
5.461139150300611556e+07
2.046366955413340777e+07
0.000000000000000000e+00
1.534551818557641469e+07
0.000000000000000000e+00
0.000000000000000000e+00
1.101305332668757439e+07
0.000000000000000000e+00
8.367052550266250037e+06
3.375718736047489941e+07
0.000000000000000000e+00
6.498766752669321373e+06
0.000000000000000000e+00
1.101305332668757439e+07
0.000000000000000000e+00
1.534551818557641469e+07
0.000000000000000000e+00
4.645776186764994636e+06
1.713460805296326801e+07
0.000000000000000000e+00
2.631922800144755468e+07
0.000000000000000000e+00
1.520181743514961749e+07
1.612723627299897000e+07
1.842353662888646871e+07
0.000000000000000000e+00
3.807383835491114855e+07
0.000000000000000000e+00
0.000000000000000000e+00
5.483396056933677197e+07
4.270154512643715739e+07
3.036620535469973460e+06
6.498766752669321373e+06
2.782667158904990554e+07
1.435073820232620649e+07
1.612723627299897000e+07
1.581789336736841500e+07
2.177796461921692267e+07
0.000000000000000000e+00
1.120409228153827600e+07
0.000000000000000000e+00
0.000000000000000000e+00
5.815193907537370175e+07
6.394411026348390616e+06
1.519928314064409584e+07
0.000000000000000000e+00
9.755523303125970066e+06
6.578681478572827764e+06
5.621777832066651434e+07
0.000000000000000000e+00
0.000000000000000000e+00
0.000000000000000000e+00
1.121314651598995738e+07
6.981428323515921831e+07
0.000000000000000000e+00
1.511513571990927868e+07
1.121314651598995738e+07
1.120409228153827600e+07
4.118056311205342412e+07
0.000000000000000000e+00
0.000000000000000000e+00
1.998885871067782119e+07
2.812727609693447873e+07
3.277427483121267706e+07
0.000000000000000000e+00
4.390481194939962029e+07
0.000000000000000000e+00
1.822622365165280178e+07
3.357174183722921461e+07
0.000000000000000000e+00
0.000000000000000000e+00
1.713460805296326801e+07
0.000000000000000000e+00
1.121314651598995738e+07
2.588275957612494007e+07
1.534551818557641469e+07
2.350863379659529403e+07
6.426429244889957830e+06
1.612723627299897000e+07
0.000000000000000000e+00
1.534551818557641469e+07
1.120409228153827600e+07
0.000000000000000000e+00
3.866685318335638195e+07
1.876332431452518702e+07
2.357072139348009974e+07
0.000000000000000000e+00
0.000000000000000000e+00
5.327233958805090189e+07
0.000000000000000000e+00
1.511513571990927868e+07
1.612723627299897000e+07
1.520181743514961749e+07
2.472499040432212502e+07
1.876332431452518702e+07
0.000000000000000000e+00
1.101305332668757439e+07
0.000000000000000000e+00
3.492456786482603103e+07
1.318928929646698944e+07
0.000000000000000000e+00
1.101305332668757439e+07
0.000000000000000000e+00
1.612723627299897000e+07
0.000000000000000000e+00
0.000000000000000000e+00
3.533437689625423402e+07
0.000000000000000000e+00
1.568359884035526961e+07
1.711422277024690434e+07
3.121208878032852709e+07
0.000000000000000000e+00
8.083054654213435017e+06
1.121314651598995738e+07
3.602203993677313626e+07
1.763052152642823383e+07
0.000000000000000000e+00
1.534551818557641469e+07
6.394411026348390616e+06
3.376905481446288526e+07
1.519928314064409584e+07
0.000000000000000000e+00
9.755523303125970066e+06
1.596181653302925266e+07
1.520181743514961749e+07
1.121314651598995738e+07
0.000000000000000000e+00
6.394411026348390616e+06
0.000000000000000000e+00
2.126835549427662417e+07
6.498766752669321373e+06
2.328487208936305344e+07
3.763307599718374014e+07
1.842353662888646871e+07
1.711422277024690434e+07
0.000000000000000000e+00
2.340910050129017979e+07
4.869992985706394911e+07
1.289317777901771292e+07
1.520181743514961749e+07
1.650103123593956046e+07
2.067619629634989053e+07
1.534551818557641469e+07
3.036620535469973460e+06
3.555814468184973300e+07
1.318928929646698944e+07
6.531691725241485238e+07
0.000000000000000000e+00
0.000000000000000000e+00
0.000000000000000000e+00
0.000000000000000000e+00
0.000000000000000000e+00
1.534551818557641469e+07
1.435073820232620649e+07
0.000000000000000000e+00
0.000000000000000000e+00
0.000000000000000000e+00
3.119295099221609533e+07
4.463865330828685313e+07
3.032389734943025559e+07
1.929620117020339146e+07
2.096866981911592931e+07
1.121314651598995738e+07
6.578681478572827764e+06
0.000000000000000000e+00
0.000000000000000000e+00
0.000000000000000000e+00
8.367052550266250037e+06
6.394411026348390616e+06
3.324145904324587435e+07
1.581789336736841500e+07
0.000000000000000000e+00
1.612723627299897000e+07
0.000000000000000000e+00
2.526209106719450653e+07
0.000000000000000000e+00
1.984759362191461027e+07
0.000000000000000000e+00
0.000000000000000000e+00
3.148534625528947264e+07
0.000000000000000000e+00
0.000000000000000000e+00
1.711422277024690434e+07
1.812257585339222103e+07
1.235757487749014236e+07
5.274271381557449698e+07
1.711422277024690434e+07
0.000000000000000000e+00
0.000000000000000000e+00
0.000000000000000000e+00
1.519928314064409584e+07
1.842353662888646871e+07
1.318928929646698944e+07
1.235757487749014236e+07
2.175999895701190084e+07
0.000000000000000000e+00
2.173992921192480624e+07
0.000000000000000000e+00
4.645776186764994636e+06
0.000000000000000000e+00
1.435073820232620649e+07
0.000000000000000000e+00
1.612723627299897000e+07
2.155634184673323855e+07
2.462063467800119147e+07
1.928714693575171009e+07
0.000000000000000000e+00
2.470563396172506362e+07
2.641496395113957673e+07
1.822622365165280178e+07
1.534551818557641469e+07
1.876332431452518702e+07
0.000000000000000000e+00
1.534551818557641469e+07
0.000000000000000000e+00
8.083054654213435017e+06
0.000000000000000000e+00
1.122445766533782333e+07
1.101305332668757439e+07
1.822622365165280178e+07
2.448847095465097576e+07
0.000000000000000000e+00
0.000000000000000000e+00
0.000000000000000000e+00
0.000000000000000000e+00
1.842353662888646871e+07
0.000000000000000000e+00
1.120409228153827600e+07
5.050312087900546193e+07
0.000000000000000000e+00
1.662257930751162954e+07
0.000000000000000000e+00
2.292746048082951829e+07
2.292746048082951829e+07
2.642379586697014421e+07
0.000000000000000000e+00
3.147275445857538283e+07
3.126249481255420297e+07
0.000000000000000000e+00
4.516673489877897501e+07
0.000000000000000000e+00
1.842353662888646871e+07
1.662257930751162954e+07
8.083054654213435017e+06
0.000000000000000000e+00
1.822622365165280178e+07
0.000000000000000000e+00
0.000000000000000000e+00
0.000000000000000000e+00
1.120409228153827600e+07
3.445213348358976841e+07
1.822622365165280178e+07
8.083054654213435017e+06
0.000000000000000000e+00
1.519928314064409584e+07
1.101305332668757439e+07
9.755523303125970066e+06
3.161282592535346001e+07
8.083054654213435017e+06
1.534551818557641469e+07
9.755523303125970066e+06
0.000000000000000000e+00
1.101305332668757439e+07
1.822622365165280178e+07
0.000000000000000000e+00
0.000000000000000000e+00
0.000000000000000000e+00
1.519928314064409584e+07
0.000000000000000000e+00
3.021919285725937784e+07
3.648988994661737978e+07
4.645776186764994636e+06
3.484880295916443318e+07
0.000000000000000000e+00
2.637810261063759774e+07
0.000000000000000000e+00
2.092941968089903519e+07
3.489056058752416074e+07
1.121314651598995738e+07
2.306931281565146148e+07
1.534551818557641469e+07
2.977637764121276140e+07
2.342857283978984877e+07
3.566548698928302526e+07
0.000000000000000000e+00
1.650103123593956046e+07
0.000000000000000000e+00
8.367052550266250037e+06
0.000000000000000000e+00
6.498766752669321373e+06
2.923927697834037617e+07
0.000000000000000000e+00
2.947179764773704857e+07
1.581789336736841500e+07
1.662257930751162954e+07
1.650103123593956046e+07
1.842353662888646871e+07
1.318928929646698944e+07
0.000000000000000000e+00
0.000000000000000000e+00
0.000000000000000000e+00
1.743948257157753408e+07
8.367052550266250037e+06
1.121314651598995738e+07
0.000000000000000000e+00
1.822622365165280178e+07
1.121314651598995738e+07
2.175999895701190084e+07
1.447746568056182563e+07
0.000000000000000000e+00
0.000000000000000000e+00
1.120409228153827600e+07
0.000000000000000000e+00
3.197266891135182232e+07
2.548127532051315531e+07
0.000000000000000000e+00
0.000000000000000000e+00
5.233745335310985148e+07
0.000000000000000000e+00
0.000000000000000000e+00
5.015494336094747484e+07
6.426429244889957830e+06
4.966590862179471552e+07
6.394411026348390616e+06
0.000000000000000000e+00
1.711422277024690434e+07
0.000000000000000000e+00
2.630927830586623773e+07
2.486808378620580956e+07
1.235757487749014236e+07
3.553775939913336933e+07
0.000000000000000000e+00
0.000000000000000000e+00
0.000000000000000000e+00
3.036620535469973460e+06
6.498766752669321373e+06
6.394411026348390616e+06
1.120409228153827600e+07
3.245974095582331717e+07
0.000000000000000000e+00
0.000000000000000000e+00
2.076857662981354445e+07
1.476146357661464065e+07
1.318928929646698944e+07
4.455172567548332363e+07
4.645776186764994636e+06
0.000000000000000000e+00
0.000000000000000000e+00
0.000000000000000000e+00
2.848481115048911422e+07
4.383032933606553078e+07
0.000000000000000000e+00
0.000000000000000000e+00
3.890718534460483491e+07
1.842353662888646871e+07
0.000000000000000000e+00
3.555814468184973300e+07
1.519928314064409584e+07
1.581789336736841500e+07
0.000000000000000000e+00
2.637810261063759774e+07
5.438826646595042944e+07
4.233188547742360830e+07
1.120409228153827600e+07
1.876332431452518702e+07
0.000000000000000000e+00
3.387846003443446755e+07
0.000000000000000000e+00
0.000000000000000000e+00
0.000000000000000000e+00
1.876332431452518702e+07
0.000000000000000000e+00
0.000000000000000000e+00
0.000000000000000000e+00
0.000000000000000000e+00
2.462063467800119147e+07
1.519928314064409584e+07
1.511513571990927868e+07
1.120409228153827600e+07
2.294481259959296137e+07
2.420234262315456569e+07
0.000000000000000000e+00
6.578681478572827764e+06
1.458182140688275546e+07
6.507141102665056288e+07
0.000000000000000000e+00
3.375718736047489941e+07
0.000000000000000000e+00
1.876332431452518702e+07
0.000000000000000000e+00
0.000000000000000000e+00
0.000000000000000000e+00
1.435073820232620649e+07
1.965919984298160300e+07
0.000000000000000000e+00
3.282983982914374024e+07
0.000000000000000000e+00
0.000000000000000000e+00
4.503583871798296273e+07
1.520181743514961749e+07
2.422947650958037376e+07
4.645776186764994636e+06
1.842353662888646871e+07
1.662257930751162954e+07
0.000000000000000000e+00
1.318928929646698944e+07
0.000000000000000000e+00
2.770512351747783646e+07
0.000000000000000000e+00
0.000000000000000000e+00
0.000000000000000000e+00
1.120409228153827600e+07
0.000000000000000000e+00
2.831831505178517848e+07
0.000000000000000000e+00
4.645776186764994636e+06
8.367052550266250037e+06
2.621233646733167022e+07
4.798637749122903496e+07
6.394411026348390616e+06
0.000000000000000000e+00
0.000000000000000000e+00
0.000000000000000000e+00
1.662257930751162954e+07
0.000000000000000000e+00
2.095961558466424793e+07
0.000000000000000000e+00
0.000000000000000000e+00
0.000000000000000000e+00
0.000000000000000000e+00
0.000000000000000000e+00
0.000000000000000000e+00
2.632828223589923605e+07
0.000000000000000000e+00
6.498766752669321373e+06
1.822622365165280178e+07
2.463470599958329275e+07
0.000000000000000000e+00
1.519928314064409584e+07
0.000000000000000000e+00
2.320126078608445823e+07
1.822622365165280178e+07
6.394411026348390616e+06
1.885634163015946373e+07
3.656304259604301304e+07
0.000000000000000000e+00
1.511513571990927868e+07
1.101305332668757439e+07
4.213395251870290190e+07
1.822622365165280178e+07
1.779182799456278607e+07
1.101305332668757439e+07
1.404967386215754785e+07
3.357174183722921461e+07
6.394411026348390616e+06
0.000000000000000000e+00
0.000000000000000000e+00
1.272883084097842872e+07
1.122445766533782333e+07
3.234643358816796541e+07
2.713037686479143798e+07
0.000000000000000000e+00
0.000000000000000000e+00
1.519928314064409584e+07
0.000000000000000000e+00
2.640341058425378054e+07
1.534551818557641469e+07
1.534551818557641469e+07
1.876332431452518702e+07
3.036620535469973460e+06
9.289187814006878063e+06
0.000000000000000000e+00
3.255461829148681089e+07
0.000000000000000000e+00
0.000000000000000000e+00
1.711422277024690434e+07
3.555814468184973300e+07
0.000000000000000000e+00
6.578681478572827764e+06
0.000000000000000000e+00
0.000000000000000000e+00
3.362281976953056455e+07
8.083054654213435017e+06
0.000000000000000000e+00
0.000000000000000000e+00
0.000000000000000000e+00
1.876332431452518702e+07
3.124437690012481809e+07
4.498220133045284450e+07
1.318928929646698944e+07
3.036620535469973460e+06
2.182062465785007179e+07
1.876332431452518702e+07
6.368820099085293710e+07
3.147275445857538283e+07
1.662257930751162954e+07
0.000000000000000000e+00
4.173485744824809581e+07
2.049328009554515406e+07
4.645776186764994636e+06
1.612723627299897000e+07
2.817905993201243877e+07
1.120409228153827600e+07
6.498766752669321373e+06
0.000000000000000000e+00
2.947179764773704857e+07
6.562533907376302034e+07
0.000000000000000000e+00
1.121314651598995738e+07
0.000000000000000000e+00
0.000000000000000000e+00
0.000000000000000000e+00
2.472499040432212502e+07
4.969118462422591448e+07
1.121314651598995738e+07
8.083054654213435017e+06
1.534551818557641469e+07
1.650103123593956046e+07
0.000000000000000000e+00
1.662257930751162954e+07
5.090366286742614955e+07
1.235757487749014236e+07
1.711422277024690434e+07
0.000000000000000000e+00
6.498766752669321373e+06
0.000000000000000000e+00
2.947179764773704857e+07
1.101305332668757439e+07
0.000000000000000000e+00
1.235757487749014236e+07
0.000000000000000000e+00
0.000000000000000000e+00
3.161616695584883913e+07
1.713460805296326801e+07
1.998885871067782119e+07
0.000000000000000000e+00
1.876332431452518702e+07
0.000000000000000000e+00
2.510708118137529492e+07
0.000000000000000000e+00
4.101517079182875156e+07
6.394411026348390616e+06
1.511513571990927868e+07
0.000000000000000000e+00
1.662257930751162954e+07
1.120409228153827600e+07
0.000000000000000000e+00
8.367052550266250037e+06
0.000000000000000000e+00
2.612818904659685493e+07
8.083054654213435017e+06
3.611609498367679119e+07
1.511513571990927868e+07
0.000000000000000000e+00
8.083054654213435017e+06
3.170284867108917981e+07
0.000000000000000000e+00
1.650103123593956046e+07
0.000000000000000000e+00
0.000000000000000000e+00
2.095961558466424793e+07
1.822622365165280178e+07
0.000000000000000000e+00
6.394411026348390616e+06
1.876332431452518702e+07
0.000000000000000000e+00
1.876332431452518702e+07
1.511513571990927868e+07
1.842353662888646871e+07
0.000000000000000000e+00
1.876332431452518702e+07
0.000000000000000000e+00
0.000000000000000000e+00
0.000000000000000000e+00
2.095961558466424793e+07
0.000000000000000000e+00
2.498963185777787864e+07
0.000000000000000000e+00
0.000000000000000000e+00
0.000000000000000000e+00
1.101305332668757439e+07
0.000000000000000000e+00
6.394411026348390616e+06
1.511513571990927868e+07
0.000000000000000000e+00
0.000000000000000000e+00
3.161282592535346001e+07
0.000000000000000000e+00
2.420234262315456569e+07
3.386712162374781072e+07
0.000000000000000000e+00
0.000000000000000000e+00
0.000000000000000000e+00
0.000000000000000000e+00
0.000000000000000000e+00
1.520181743514961749e+07
1.822622365165280178e+07
0.000000000000000000e+00
3.182439674266124517e+07
4.275076835410848260e+07
1.876332431452518702e+07
0.000000000000000000e+00
0.000000000000000000e+00
0.000000000000000000e+00
0.000000000000000000e+00
1.842353662888646871e+07
1.511513571990927868e+07
1.876332431452518702e+07
0.000000000000000000e+00
4.645776186764994636e+06
6.426429244889957830e+06
0.000000000000000000e+00
1.101305332668757439e+07
6.426429244889957830e+06
6.394411026348390616e+06
2.369290424881973118e+07
1.662257930751162954e+07
0.000000000000000000e+00
0.000000000000000000e+00
4.075411362450857460e+07
2.342857283978984877e+07
3.396514174967480451e+07
0.000000000000000000e+00
1.235757487749014236e+07
6.498766752669321373e+06
0.000000000000000000e+00
0.000000000000000000e+00
3.492456786482603103e+07
3.353867234879574925e+07
3.528636430834252387e+07
8.367052550266250037e+06
1.876332431452518702e+07
0.000000000000000000e+00
1.435073820232620649e+07
3.036620535469973460e+06
1.121314651598995738e+07
1.662257930751162954e+07
3.396514174967480451e+07
3.504611593639809638e+07
1.581789336736841500e+07
0.000000000000000000e+00
0.000000000000000000e+00
0.000000000000000000e+00
1.435073820232620649e+07
5.243176704722145200e+07
3.857244563932733238e+07
2.262600302566829324e+07
1.581789336736841500e+07
1.822622365165280178e+07
3.036620535469973460e+06
0.000000000000000000e+00
0.000000000000000000e+00
0.000000000000000000e+00
1.581789336736841500e+07
0.000000000000000000e+00
3.833900801255307347e+07
3.863039027493946254e+07
0.000000000000000000e+00
3.712601709929886460e+07
6.394411026348390616e+06
0.000000000000000000e+00
1.713460805296326801e+07
0.000000000000000000e+00
1.534551818557641469e+07
2.767125543291278929e+07
0.000000000000000000e+00
0.000000000000000000e+00
0.000000000000000000e+00
6.426429244889957830e+06
1.511513571990927868e+07
1.581789336736841500e+07
0.000000000000000000e+00
1.662257930751162954e+07
1.842353662888646871e+07
1.511513571990927868e+07
0.000000000000000000e+00
0.000000000000000000e+00
1.759173480526040122e+07
0.000000000000000000e+00
8.083054654213435017e+06
0.000000000000000000e+00
0.000000000000000000e+00
1.121314651598995738e+07
5.046617298561436683e+07
0.000000000000000000e+00
8.367052550266250037e+06
1.120409228153827600e+07
1.842353662888646871e+07
0.000000000000000000e+00
0.000000000000000000e+00
8.367052550266250037e+06
6.578681478572827764e+06
0.000000000000000000e+00
0.000000000000000000e+00
1.235757487749014236e+07
3.030351206671389192e+07
0.000000000000000000e+00
0.000000000000000000e+00
6.394411026348390616e+06
1.614993432947435975e+07
0.000000000000000000e+00
2.307971271451238915e+07
0.000000000000000000e+00
3.498923414646214992e+07
3.841239533956429362e+07
0.000000000000000000e+00
3.536083170461606979e+07
3.854677897166087478e+07
1.101305332668757439e+07
1.534551818557641469e+07
0.000000000000000000e+00
0.000000000000000000e+00
0.000000000000000000e+00
0.000000000000000000e+00
1.581789336736841500e+07
0.000000000000000000e+00
0.000000000000000000e+00
1.662257930751162954e+07
0.000000000000000000e+00
5.238614408405575156e+07
1.121314651598995738e+07
1.318928929646698944e+07
1.435073820232620649e+07
0.000000000000000000e+00
4.645776186764994636e+06
0.000000000000000000e+00
5.271324672176264226e+07
0.000000000000000000e+00
0.000000000000000000e+00
2.554686417395713180e+07
0.000000000000000000e+00
0.000000000000000000e+00
1.929620117020339146e+07
1.101305332668757439e+07
0.000000000000000000e+00
8.367052550266250037e+06
0.000000000000000000e+00
1.822622365165280178e+07
2.350863379659529403e+07
3.410884250010160357e+07
2.848481115048911422e+07
1.511513571990927868e+07
4.936396654311945289e+07
1.511513571990927868e+07
0.000000000000000000e+00
1.235757487749014236e+07
0.000000000000000000e+00
2.557341667049438506e+07
0.000000000000000000e+00
0.000000000000000000e+00
1.876332431452518702e+07
6.578681478572827764e+06
5.822777216484361887e+07
1.713460805296326801e+07
5.009931671670323610e+07
0.000000000000000000e+00
4.645776186764994636e+06
2.549051900724940002e+07
0.000000000000000000e+00
0.000000000000000000e+00
3.059601284810972959e+07
0.000000000000000000e+00
0.000000000000000000e+00
0.000000000000000000e+00
0.000000000000000000e+00
0.000000000000000000e+00
1.713460805296326801e+07
2.770512351747783646e+07
8.083054654213435017e+06
1.612723627299897000e+07
1.612723627299897000e+07
9.755523303125970066e+06
1.958370032281538099e+07
4.150324934339885414e+07
0.000000000000000000e+00
1.235757487749014236e+07
1.235757487749014236e+07
1.822622365165280178e+07
2.798174695477877185e+07
0.000000000000000000e+00
2.974438201380379125e+07
0.000000000000000000e+00
0.000000000000000000e+00
1.928714693575171009e+07
0.000000000000000000e+00
0.000000000000000000e+00
0.000000000000000000e+00
0.000000000000000000e+00
2.556388471831616387e+07
0.000000000000000000e+00
1.876332431452518702e+07
1.929620117020339146e+07
1.999129437234140933e+07
4.212717167323465645e+07
0.000000000000000000e+00
2.557341667049438506e+07
0.000000000000000000e+00
2.339776209060353041e+07
1.121314651598995738e+07
1.650103123593956046e+07
5.420968434616646171e+07
1.650103123593956046e+07
3.373680207775853574e+07
2.969032053240654990e+07
0.000000000000000000e+00
0.000000000000000000e+00
8.367052550266250037e+06
1.876332431452518702e+07
4.645776186764994636e+06
0.000000000000000000e+00
1.713460805296326801e+07
0.000000000000000000e+00
0.000000000000000000e+00
2.480490513022562861e+07
0.000000000000000000e+00
1.120409228153827600e+07
0.000000000000000000e+00
1.842353662888646871e+07
0.000000000000000000e+00
2.247847711047386751e+07
0.000000000000000000e+00
0.000000000000000000e+00
0.000000000000000000e+00
1.519928314064409584e+07
0.000000000000000000e+00
3.106113524447324872e+07
0.000000000000000000e+00
3.036620535469973460e+06
0.000000000000000000e+00
3.036620535469973460e+06
0.000000000000000000e+00
2.519727742446034029e+07
6.377619914885301143e+07
1.435073820232620649e+07
1.998885871067782119e+07
5.448201160293782502e+07
0.000000000000000000e+00
2.714028959968654439e+07
0.000000000000000000e+00
0.000000000000000000e+00
2.480490513022562861e+07
0.000000000000000000e+00
9.755523303125970066e+06
0.000000000000000000e+00
3.424883082321017236e+07
3.182186244815572351e+07
4.013440604157215357e+07
0.000000000000000000e+00
0.000000000000000000e+00
1.713460805296326801e+07
6.578681478572827764e+06
0.000000000000000000e+00
1.534551818557641469e+07
0.000000000000000000e+00
2.635857151226399094e+07
2.851884761765115708e+07
1.581789336736841500e+07
0.000000000000000000e+00
0.000000000000000000e+00
5.024251471593442559e+07
2.947179764773704857e+07
4.199425802236656845e+07
2.371257073584266379e+07
3.455077290188543499e+07
0.000000000000000000e+00
1.520181743514961749e+07
3.146496097257310897e+07
6.426429244889957830e+06
0.000000000000000000e+00
3.534044642189970613e+07
1.235757487749014236e+07
0.000000000000000000e+00
1.612723627299897000e+07
2.557341667049438506e+07
3.588246401592592895e+07
0.000000000000000000e+00
2.783572582350158691e+07
0.000000000000000000e+00
4.692825499505072087e+07
0.000000000000000000e+00
0.000000000000000000e+00
9.615302014042802155e+06
1.519928314064409584e+07
1.534551818557641469e+07
1.581789336736841500e+07
1.759173480526040122e+07
1.476146357661464065e+07
0.000000000000000000e+00
1.711422277024690434e+07
1.318928929646698944e+07
2.289544226228795201e+07
1.662257930751162954e+07
2.342857283978984877e+07
1.435073820232620649e+07
6.498766752669321373e+06
0.000000000000000000e+00
1.534551818557641469e+07
1.662257930751162954e+07
1.842353662888646871e+07
0.000000000000000000e+00
1.534551818557641469e+07
1.101305332668757439e+07
0.000000000000000000e+00
0.000000000000000000e+00
4.730323962265789509e+07
6.498766752669321373e+06
0.000000000000000000e+00
0.000000000000000000e+00
1.120409228153827600e+07
3.415795911558292061e+07
7.922335369093823433e+07
1.612723627299897000e+07
6.498766752669321373e+06
6.426429244889957830e+06
0.000000000000000000e+00
0.000000000000000000e+00
1.713460805296326801e+07
3.900339109886896610e+07
0.000000000000000000e+00
0.000000000000000000e+00
0.000000000000000000e+00
4.151109574101585150e+07
0.000000000000000000e+00
1.101305332668757439e+07
1.519928314064409584e+07
1.612723627299897000e+07
1.120409228153827600e+07
3.376905481446288526e+07
2.492230338155578822e+07
1.235757487749014236e+07
6.498766752669321373e+06
0.000000000000000000e+00
0.000000000000000000e+00
3.611609498367679119e+07
0.000000000000000000e+00
0.000000000000000000e+00
1.713460805296326801e+07
1.633420478169879690e+07
4.135099710971599072e+07
3.682266410209958255e+07
0.000000000000000000e+00
0.000000000000000000e+00
1.876332431452518702e+07
0.000000000000000000e+00
1.581789336736841500e+07
1.404967386215754785e+07
3.161282592535346001e+07
0.000000000000000000e+00
1.842353662888646871e+07
1.318928929646698944e+07
4.720637783665457368e+07
1.713460805296326801e+07
4.974182123102657497e+07
0.000000000000000000e+00
0.000000000000000000e+00
6.498766752669321373e+06
0.000000000000000000e+00
4.645776186764994636e+06
1.520181743514961749e+07
2.046366955413340777e+07
4.645776186764994636e+06
0.000000000000000000e+00
8.367052550266250037e+06
2.640337542218237370e+07
9.755523303125970066e+06
0.000000000000000000e+00
0.000000000000000000e+00
3.101971080251803249e+07
9.755523303125970066e+06
1.876332431452518702e+07
3.311406251685139537e+07
2.114680742270455509e+07
0.000000000000000000e+00
2.683094669405598938e+07
0.000000000000000000e+00
4.645776186764994636e+06
6.498766752669321373e+06
0.000000000000000000e+00
0.000000000000000000e+00
6.490103869534117728e+07
1.519928314064409584e+07
6.426429244889957830e+06
0.000000000000000000e+00
2.421029092721240595e+07
6.498766752669321373e+06
1.511513571990927868e+07
0.000000000000000000e+00
0.000000000000000000e+00
0.000000000000000000e+00
9.289187814006878063e+06
0.000000000000000000e+00
0.000000000000000000e+00
1.700335106425513700e+07
0.000000000000000000e+00
5.338961139562236518e+07
1.771191326865927875e+07
2.630927830586623773e+07
0.000000000000000000e+00
0.000000000000000000e+00
1.713460805296326801e+07
0.000000000000000000e+00
0.000000000000000000e+00
0.000000000000000000e+00
6.578681478572827764e+06
0.000000000000000000e+00
1.842353662888646871e+07
6.498766752669321373e+06
1.928714693575171009e+07
0.000000000000000000e+00
0.000000000000000000e+00
1.534551818557641469e+07
1.909610798090101033e+07
2.830442501637626812e+07
1.976797077503981814e+07
0.000000000000000000e+00
1.272883084097842872e+07
0.000000000000000000e+00
1.235757487749014236e+07
5.372566078843635321e+07
4.681210906599755585e+07
4.645776186764994636e+06
0.000000000000000000e+00
0.000000000000000000e+00
2.823389795993031561e+07
0.000000000000000000e+00
1.822622365165280178e+07
1.520181743514961749e+07
1.520181743514961749e+07
1.101305332668757439e+07
0.000000000000000000e+00
1.318928929646698944e+07
0.000000000000000000e+00
5.230778331398579478e+07
0.000000000000000000e+00
2.648762546334714442e+07
0.000000000000000000e+00
0.000000000000000000e+00
0.000000000000000000e+00
0.000000000000000000e+00
2.224432261225837469e+07
5.403297572969903797e+07
1.447746568056182563e+07
3.353867234879574925e+07
6.394411026348390616e+06
9.289187814006878063e+06
1.121314651598995738e+07
0.000000000000000000e+00
1.612723627299897000e+07
3.538590362203681469e+07
0.000000000000000000e+00
1.711422277024690434e+07
1.612723627299897000e+07
0.000000000000000000e+00
1.120409228153827600e+07
1.822622365165280178e+07
0.000000000000000000e+00
0.000000000000000000e+00
4.745156120802216232e+07
1.318928929646698944e+07
2.422947650958037376e+07
0.000000000000000000e+00
4.770747516319068521e+07
1.534551818557641469e+07
0.000000000000000000e+00
3.102904592379120737e+07
3.046065390548569337e+07
8.083054654213435017e+06
4.000672256537524611e+07
1.842353662888646871e+07
6.118853593010051548e+07
4.818782223190059513e+07
1.520181743514961749e+07
0.000000000000000000e+00
1.122445766533782333e+07
2.521766270717670396e+07
1.842353662888646871e+07
0.000000000000000000e+00
1.998885871067782119e+07
0.000000000000000000e+00
0.000000000000000000e+00
1.585892270275495201e+07
1.662257930751162954e+07
0.000000000000000000e+00
0.000000000000000000e+00
2.440243581245694682e+07
1.713460805296326801e+07
0.000000000000000000e+00
0.000000000000000000e+00
0.000000000000000000e+00
0.000000000000000000e+00
0.000000000000000000e+00
8.083054654213435017e+06
6.426429244889957830e+06
2.221714560822585225e+07
1.121314651598995738e+07
2.579021904994643852e+07
8.083054654213435017e+06
1.235757487749014236e+07
0.000000000000000000e+00
2.754002749879319593e+07
1.876332431452518702e+07
0.000000000000000000e+00
4.282025923738711327e+07
1.842353662888646871e+07
3.101971080251803249e+07
0.000000000000000000e+00
1.101305332668757439e+07
0.000000000000000000e+00
8.367052550266250037e+06
6.339677267687423527e+07
0.000000000000000000e+00
0.000000000000000000e+00
0.000000000000000000e+00
2.146015716435644031e+07
1.760755754233834893e+07
0.000000000000000000e+00
6.498766752669321373e+06
4.253966592963302135e+07
0.000000000000000000e+00
1.842353662888646871e+07
1.519928314064409584e+07
0.000000000000000000e+00
1.713460805296326801e+07
2.754002749879319593e+07
1.822622365165280178e+07
0.000000000000000000e+00
0.000000000000000000e+00
2.799396127374555916e+07
1.783506548323198408e+07
0.000000000000000000e+00
0.000000000000000000e+00
1.121314651598995738e+07
0.000000000000000000e+00
4.645776186764994636e+06
2.356103729785322398e+07
4.075743534049136937e+07
8.367052550266250037e+06
0.000000000000000000e+00
2.923927697834037617e+07
2.255366551788892597e+07
0.000000000000000000e+00
0.000000000000000000e+00
0.000000000000000000e+00
5.366351124365533888e+07
3.475379853112681955e+07
4.358127196976004541e+07
2.051364547934470326e+07
0.000000000000000000e+00
0.000000000000000000e+00
0.000000000000000000e+00
3.195261361099217832e+07
1.581789336736841500e+07
2.655866470156637207e+07
2.231666012003773451e+07
0.000000000000000000e+00
2.556388471831616387e+07
3.036620535469973460e+06
0.000000000000000000e+00
4.070532944644337147e+07
1.534551818557641469e+07
2.357072139348009974e+07
0.000000000000000000e+00
1.822622365165280178e+07
6.394411026348390616e+06
6.394411026348390616e+06
8.367052550266250037e+06
1.318928929646698944e+07
1.101305332668757439e+07
6.394411026348390616e+06
6.578681478572827764e+06
2.306931281565146148e+07
0.000000000000000000e+00
1.876332431452518702e+07
8.083054654213435017e+06
2.655866470156637207e+07
4.645776186764994636e+06
9.755523303125970066e+06
2.885860611342970282e+07
1.984759362191461027e+07
1.822622365165280178e+07
2.342857283978984877e+07
8.083054654213435017e+06
1.612723627299897000e+07
0.000000000000000000e+00
2.955002134297030419e+07
8.367052550266250037e+06
0.000000000000000000e+00
0.000000000000000000e+00
6.394411026348390616e+06
0.000000000000000000e+00
0.000000000000000000e+00
0.000000000000000000e+00
0.000000000000000000e+00
4.439011568906117976e+07
0.000000000000000000e+00
1.318928929646698944e+07
0.000000000000000000e+00
1.822622365165280178e+07
1.842353662888646871e+07
0.000000000000000000e+00
1.842353662888646871e+07
1.318928929646698944e+07
4.645776186764994636e+06
2.231666012003773451e+07
0.000000000000000000e+00
1.101305332668757439e+07
0.000000000000000000e+00
0.000000000000000000e+00
3.361525400618646294e+07
3.036620535469973460e+06
1.875198590383853391e+07
8.701975785110294819e+07
0.000000000000000000e+00
1.511513571990927868e+07
3.116341155294483155e+07
1.318928929646698944e+07
1.998885871067782119e+07
0.000000000000000000e+00
9.755523303125970066e+06
0.000000000000000000e+00
0.000000000000000000e+00
1.140367308573622257e+07
3.036620535469973460e+06
0.000000000000000000e+00
0.000000000000000000e+00
2.931652556946595758e+07
0.000000000000000000e+00
0.000000000000000000e+00
1.511513571990927868e+07
1.511513571990927868e+07
1.120409228153827600e+07
6.426429244889957830e+06
2.221230439371680468e+07
4.608845322974711657e+07
3.082886505734690279e+07
1.568359884035526961e+07
3.842523090008880198e+07
0.000000000000000000e+00
0.000000000000000000e+00
9.755523303125970066e+06
8.083054654213435017e+06
0.000000000000000000e+00
1.876332431452518702e+07
1.822622365165280178e+07
0.000000000000000000e+00
6.578681478572827764e+06
5.442360145449477434e+07
4.645776186764994636e+06
0.000000000000000000e+00
0.000000000000000000e+00
0.000000000000000000e+00
0.000000000000000000e+00
9.289187814006878063e+06
1.120409228153827600e+07
6.394411026348390616e+06
0.000000000000000000e+00
0.000000000000000000e+00
0.000000000000000000e+00
1.998885871067782119e+07
0.000000000000000000e+00
0.000000000000000000e+00
0.000000000000000000e+00
0.000000000000000000e+00
1.101305332668757439e+07
8.083054654213435017e+06
0.000000000000000000e+00
1.612723627299897000e+07
0.000000000000000000e+00
1.713460805296326801e+07
1.235757487749014236e+07
0.000000000000000000e+00
0.000000000000000000e+00
0.000000000000000000e+00
0.000000000000000000e+00
1.581789336736841500e+07
2.518975355941514671e+07
0.000000000000000000e+00
3.477296226695414633e+07
0.000000000000000000e+00
1.534551818557641469e+07
0.000000000000000000e+00
1.650103123593956046e+07
3.829033078516937792e+07
1.713460805296326801e+07
1.650103123593956046e+07
0.000000000000000000e+00
2.304900855240158737e+07
0.000000000000000000e+00
4.199425802236656845e+07
3.841239533956429362e+07
1.612723627299897000e+07
2.074514922867459804e+07
0.000000000000000000e+00
0.000000000000000000e+00
0.000000000000000000e+00
4.645776186764994636e+06
1.121314651598995738e+07
1.909610798090101033e+07
0.000000000000000000e+00
1.662257930751162954e+07
0.000000000000000000e+00
2.421029092721240595e+07
2.556388471831616387e+07
0.000000000000000000e+00
0.000000000000000000e+00
3.334514572140794247e+07
3.036620535469973460e+06
1.534551818557641469e+07
0.000000000000000000e+00
1.435073820232620649e+07
9.755523303125970066e+06
0.000000000000000000e+00
1.235757487749014236e+07
0.000000000000000000e+00
1.612723627299897000e+07
0.000000000000000000e+00
1.822622365165280178e+07
4.467463555175646394e+07
2.526209106719450653e+07
0.000000000000000000e+00
6.394411026348390616e+06
6.578681478572827764e+06
6.508190628811574727e+07
0.000000000000000000e+00
0.000000000000000000e+00
1.534551818557641469e+07
2.154156496479923651e+07
0.000000000000000000e+00
0.000000000000000000e+00
1.520181743514961749e+07
0.000000000000000000e+00
0.000000000000000000e+00
1.519928314064409584e+07
1.120409228153827600e+07
2.484996587377642840e+07
1.101305332668757439e+07
1.938010587695382535e+07
6.498766752669321373e+06
9.755523303125970066e+06
6.498766752669321373e+06
0.000000000000000000e+00
0.000000000000000000e+00
2.222619984267753363e+07
0.000000000000000000e+00
0.000000000000000000e+00
2.997647083051514626e+07
0.000000000000000000e+00
1.650103123593956046e+07
0.000000000000000000e+00
1.650103123593956046e+07
1.842353662888646871e+07
1.318928929646698944e+07
6.778639480498331785e+07
0.000000000000000000e+00
2.312134606018095091e+07
0.000000000000000000e+00
1.612723627299897000e+07
1.998885871067782119e+07
0.000000000000000000e+00
3.054480132622051239e+07
0.000000000000000000e+00
0.000000000000000000e+00
2.817905993201243877e+07
0.000000000000000000e+00
0.000000000000000000e+00
9.755523303125970066e+06
0.000000000000000000e+00
0.000000000000000000e+00
2.175999895701190084e+07
2.072462742775639147e+07
1.822622365165280178e+07
0.000000000000000000e+00
1.121314651598995738e+07
1.318928929646698944e+07
0.000000000000000000e+00
0.000000000000000000e+00
0.000000000000000000e+00
9.857269205273161829e+07
0.000000000000000000e+00
7.682396722234968096e+06
1.121314651598995738e+07
1.272883084097842872e+07
0.000000000000000000e+00
0.000000000000000000e+00
1.998885871067782119e+07
0.000000000000000000e+00
1.711422277024690434e+07
0.000000000000000000e+00
0.000000000000000000e+00
0.000000000000000000e+00
1.519928314064409584e+07
1.779182799456278607e+07
0.000000000000000000e+00
0.000000000000000000e+00
3.435345992465177178e+07
1.121314651598995738e+07
1.235757487749014236e+07
3.484880295916443318e+07
3.604455540080831200e+07
3.718686094341165572e+07
0.000000000000000000e+00
1.822622365165280178e+07
2.328487208936305344e+07
0.000000000000000000e+00
0.000000000000000000e+00
1.612723627299897000e+07
3.182439674266124517e+07
1.662257930751162954e+07
0.000000000000000000e+00
1.435073820232620649e+07
6.426429244889957830e+06
1.534551818557641469e+07
6.498766752669321373e+06
1.121314651598995738e+07
0.000000000000000000e+00
1.842353662888646871e+07
3.046065390548569337e+07
1.612723627299897000e+07
4.682224106639739871e+07
1.581789336736841500e+07
3.880373530234791338e+07
0.000000000000000000e+00
2.178038423972826451e+07
0.000000000000000000e+00
2.763563263419920206e+07
3.424142999625488371e+07
0.000000000000000000e+00
1.318928929646698944e+07
2.510708118137529492e+07
6.426429244889957830e+06
0.000000000000000000e+00
0.000000000000000000e+00
0.000000000000000000e+00
0.000000000000000000e+00
6.578681478572827764e+06
0.000000000000000000e+00
0.000000000000000000e+00
6.498766752669321373e+06
2.700110108266615868e+07
1.711422277024690434e+07
0.000000000000000000e+00
4.645776186764994636e+06
0.000000000000000000e+00
1.534551818557641469e+07
3.036620535469973460e+06
2.076857662981354445e+07
3.982014052181869745e+07
0.000000000000000000e+00
0.000000000000000000e+00
0.000000000000000000e+00
2.949218293045341223e+07
2.221230439371680468e+07
7.859224169107586145e+07
1.435073820232620649e+07
1.711422277024690434e+07
2.044062953170357645e+07
0.000000000000000000e+00
0.000000000000000000e+00
4.710835356402873993e+07
1.998885871067782119e+07
1.586786929257970676e+07
1.511513571990927868e+07
0.000000000000000000e+00
4.071348613843421638e+07
3.112089919201532751e+07
2.946587392223548517e+07
9.289187814006878063e+06
1.770285903420759737e+07
1.822622365165280178e+07
3.589793236748845875e+07
8.367052550266250037e+06
1.534551818557641469e+07
1.711422277024690434e+07
3.019615283482954651e+07
0.000000000000000000e+00
1.650103123593956046e+07
0.000000000000000000e+00
1.120409228153827600e+07
3.279782161060217023e+07
0.000000000000000000e+00
6.498766752669321373e+06
1.520181743514961749e+07
0.000000000000000000e+00
0.000000000000000000e+00
3.194512964036738500e+07
1.435073820232620649e+07
1.235757487749014236e+07
2.518975355941514671e+07
2.299979798860888183e+07
2.734038278898892552e+07
4.176924295040608943e+07
8.367052550266250037e+06
2.162571238553405553e+07
0.000000000000000000e+00
0.000000000000000000e+00
2.178038423972826451e+07
9.755523303125970066e+06
0.000000000000000000e+00
1.511513571990927868e+07
0.000000000000000000e+00
0.000000000000000000e+00
0.000000000000000000e+00
3.135408926658134162e+07
3.021133748851198703e+07
3.538590362203681469e+07
4.887232308038417250e+07
0.000000000000000000e+00
0.000000000000000000e+00
6.498766752669321373e+06
1.662257930751162954e+07
0.000000000000000000e+00
0.000000000000000000e+00
6.426429244889957830e+06
2.084950495499552786e+07
1.511513571990927868e+07
1.435073820232620649e+07
2.173992921192480624e+07
3.613544989754574746e+07
1.101305332668757439e+07
0.000000000000000000e+00
0.000000000000000000e+00
1.711422277024690434e+07
0.000000000000000000e+00
0.000000000000000000e+00
9.755523303125970066e+06
1.842353662888646871e+07
8.107723932562154531e+07
0.000000000000000000e+00
6.498766752669321373e+06
6.498766752669321373e+06
8.239148003735885024e+07
3.036620535469973460e+06
0.000000000000000000e+00
2.294481259959296137e+07
1.435073820232620649e+07
0.000000000000000000e+00
1.822622365165280178e+07
0.000000000000000000e+00
2.635857151226399094e+07
0.000000000000000000e+00
1.662257930751162954e+07
4.978802579432874173e+07
0.000000000000000000e+00
2.977687185269553959e+07
1.711422277024690434e+07
0.000000000000000000e+00
0.000000000000000000e+00
3.444162616647742689e+07
0.000000000000000000e+00
1.842353662888646871e+07
6.498766752669321373e+06
1.435073820232620649e+07
3.078102410172739252e+07
0.000000000000000000e+00
0.000000000000000000e+00
1.520181743514961749e+07
0.000000000000000000e+00
1.121314651598995738e+07
3.983980700884163380e+07
1.519928314064409584e+07
0.000000000000000000e+00
1.662257930751162954e+07
1.121314651598995738e+07
1.511513571990927868e+07
0.000000000000000000e+00
2.179994484999515861e+07
9.755523303125970066e+06
0.000000000000000000e+00
9.289187814006878063e+06
1.842353662888646871e+07
5.146161316925320029e+07
1.101305332668757439e+07
1.235757487749014236e+07
1.612723627299897000e+07
2.030224114069445431e+07
1.612723627299897000e+07
4.645776186764994636e+06
4.115277210311362892e+07
2.255366551788892597e+07
0.000000000000000000e+00
0.000000000000000000e+00
0.000000000000000000e+00
1.650103123593956046e+07
0.000000000000000000e+00
0.000000000000000000e+00
2.301699033386002108e+07
1.235757487749014236e+07
0.000000000000000000e+00
0.000000000000000000e+00
1.235757487749014236e+07
4.516923403121308237e+07
1.713460805296326801e+07
0.000000000000000000e+00
1.822622365165280178e+07
0.000000000000000000e+00
0.000000000000000000e+00
1.713460805296326801e+07
1.235757487749014236e+07
0.000000000000000000e+00
0.000000000000000000e+00
1.759173480526040122e+07
0.000000000000000000e+00
0.000000000000000000e+00
0.000000000000000000e+00
3.146496097257310897e+07
0.000000000000000000e+00
1.999129437234140933e+07
1.650103123593956046e+07
3.106106414233276993e+07
0.000000000000000000e+00
5.948343785660725087e+07
3.435345992465177178e+07
2.591176712151850760e+07
1.235757487749014236e+07
2.949218293045341223e+07
1.999129437234140933e+07
0.000000000000000000e+00
2.126284418712277710e+07
3.492456786482603103e+07
1.650103123593956046e+07
2.302878868305251375e+07
4.645776186764994636e+06
6.426429244889957830e+06
2.356103729785322398e+07
2.900718266383540630e+07
0.000000000000000000e+00
3.196809749308804423e+07
3.036620535469973460e+06
2.701931101027640700e+07
1.650103123593956046e+07
1.318928929646698944e+07
2.834775456895322353e+07
0.000000000000000000e+00
2.560539177142924070e+07
1.318928929646698944e+07
1.534551818557641469e+07
1.435073820232620649e+07
1.842353662888646871e+07
0.000000000000000000e+00
2.371257073584266379e+07
4.645776186764994636e+06
1.121314651598995738e+07
0.000000000000000000e+00
0.000000000000000000e+00
9.431031561818365008e+06
2.713037686479143798e+07
6.578681478572827764e+06
2.557341667049438506e+07
2.783572582350158691e+07
0.000000000000000000e+00
0.000000000000000000e+00
1.121314651598995738e+07
0.000000000000000000e+00
0.000000000000000000e+00
1.998885871067782119e+07
2.962762891042474657e+07
0.000000000000000000e+00
0.000000000000000000e+00
3.324145904324587435e+07
1.121314651598995738e+07
6.498766752669321373e+06
0.000000000000000000e+00
1.289317777901771292e+07
1.650103123593956046e+07
1.511513571990927868e+07
1.120409228153827600e+07
8.367052550266250037e+06
2.175999895701190084e+07
1.998885871067782119e+07
3.036620535469973460e+06
4.170065294349335134e+07
3.222935849015618116e+07
2.328233779485753179e+07
3.578614771727999300e+07
1.568359884035526961e+07
6.498766752669321373e+06
1.822622365165280178e+07
1.822622365165280178e+07
2.923927697834037617e+07
1.534551818557641469e+07
2.518975355941514671e+07
1.101305332668757439e+07
2.689013135608923808e+07
1.662257930751162954e+07
0.000000000000000000e+00
2.222619984267753363e+07
3.036620535469973460e+06
3.373680207775853574e+07
6.394411026348390616e+06
2.440243581245694682e+07
4.160519285733199120e+07
1.899651438909120113e+07
0.000000000000000000e+00
2.943031593319107592e+07
0.000000000000000000e+00
0.000000000000000000e+00
1.650103123593956046e+07
3.400993804530780762e+07
0.000000000000000000e+00
0.000000000000000000e+00
0.000000000000000000e+00
1.740746435303596407e+07
0.000000000000000000e+00
0.000000000000000000e+00
0.000000000000000000e+00
0.000000000000000000e+00
0.000000000000000000e+00
0.000000000000000000e+00
0.000000000000000000e+00
0.000000000000000000e+00
0.000000000000000000e+00
8.367052550266250037e+06
4.236924092126197368e+07
1.581789336736841500e+07
1.965919984298160300e+07
1.876332431452518702e+07
0.000000000000000000e+00
2.481794765523485839e+07
0.000000000000000000e+00
1.520181743514961749e+07
1.235757487749014236e+07
0.000000000000000000e+00
8.083054654213435017e+06
3.120200522666777670e+07
1.822622365165280178e+07
1.662257930751162954e+07
2.641528795556777716e+07
6.309779725868548453e+07
4.347279428251089156e+07
1.585892270275495201e+07
1.101305332668757439e+07
1.120409228153827600e+07
0.000000000000000000e+00
3.036620535469973460e+06
2.955255563747582585e+07
3.036620535469973460e+06
2.830442501637626812e+07
3.036620535469973460e+06
0.000000000000000000e+00
1.760755754233834893e+07
0.000000000000000000e+00
9.755523303125970066e+06
0.000000000000000000e+00
9.289187814006878063e+06
0.000000000000000000e+00
1.534551818557641469e+07
6.498766752669321373e+06
0.000000000000000000e+00
0.000000000000000000e+00
0.000000000000000000e+00
1.435073820232620649e+07
8.083054654213435017e+06
1.581789336736841500e+07
0.000000000000000000e+00
0.000000000000000000e+00
1.612723627299897000e+07
1.662257930751162954e+07
1.581789336736841500e+07
1.842353662888646871e+07
0.000000000000000000e+00
6.394411026348390616e+06
1.121314651598995738e+07
2.169381719848210737e+07
0.000000000000000000e+00
3.403004366054759920e+07
1.713460805296326801e+07
0.000000000000000000e+00
0.000000000000000000e+00
0.000000000000000000e+00
1.235757487749014236e+07
2.579021904994643852e+07
2.783572582350158691e+07
1.122445766533782333e+07
6.426429244889957830e+06
0.000000000000000000e+00
1.823843797061958909e+07
1.101305332668757439e+07
0.000000000000000000e+00
2.555483048386448249e+07
1.318928929646698944e+07
1.876332431452518702e+07
1.650103123593956046e+07
4.074759757587949187e+07
2.579021904994643852e+07
4.645776186764994636e+06
0.000000000000000000e+00
1.713460805296326801e+07
1.581789336736841500e+07
9.755523303125970066e+06
0.000000000000000000e+00
0.000000000000000000e+00
1.519928314064409584e+07
6.426429244889957830e+06
1.662257930751162954e+07
0.000000000000000000e+00
2.659327620191905275e+07
3.112089919201532751e+07
0.000000000000000000e+00
3.233389119360736385e+07
0.000000000000000000e+00
6.426429244889957830e+06
0.000000000000000000e+00
0.000000000000000000e+00
3.274981558051060140e+07
3.821508236233062297e+07
0.000000000000000000e+00
0.000000000000000000e+00
0.000000000000000000e+00
0.000000000000000000e+00
0.000000000000000000e+00
0.000000000000000000e+00
3.492456786482603103e+07
5.073957683428299427e+07
3.036620535469973460e+06
0.000000000000000000e+00
0.000000000000000000e+00
0.000000000000000000e+00
6.578681478572827764e+06
0.000000000000000000e+00
2.703103988335837424e+07
6.394411026348390616e+06
0.000000000000000000e+00
0.000000000000000000e+00
3.036620535469973460e+06
0.000000000000000000e+00
2.817905993201243877e+07
0.000000000000000000e+00
8.083054654213435017e+06
0.000000000000000000e+00
1.842353662888646871e+07
6.498766752669321373e+06
0.000000000000000000e+00
1.876332431452518702e+07
0.000000000000000000e+00
3.054480132622051239e+07
6.426429244889957830e+06
3.036620535469973460e+06
4.905935241061428934e+07
3.396514174967480451e+07
0.000000000000000000e+00
6.394411026348390616e+06
3.086329212451987714e+07
3.805952548472858220e+07
0.000000000000000000e+00
2.831831505178517848e+07
0.000000000000000000e+00
0.000000000000000000e+00
0.000000000000000000e+00
0.000000000000000000e+00
6.394411026348390616e+06
6.426429244889957830e+06
1.511513571990927868e+07
9.289187814006878063e+06
0.000000000000000000e+00
1.876332431452518702e+07
1.968805604913631082e+07
3.342804108680241928e+07
2.555483048386448249e+07
2.880488132125036046e+07
6.426429244889957830e+06
0.000000000000000000e+00
2.361298952291622758e+07
0.000000000000000000e+00
1.435073820232620649e+07
8.367052550266250037e+06
1.318928929646698944e+07
0.000000000000000000e+00
1.318928929646698944e+07
1.711422277024690434e+07
3.511348896061623096e+07
2.641528795556777716e+07
0.000000000000000000e+00
2.289544226228795201e+07
3.538903819917294383e+07
0.000000000000000000e+00
0.000000000000000000e+00
0.000000000000000000e+00
1.101305332668757439e+07
0.000000000000000000e+00
1.711422277024690434e+07
1.435073820232620649e+07
0.000000000000000000e+00
1.759850330788666755e+07
2.480490513022562861e+07
8.083054654213435017e+06
2.650659128309990466e+07
1.520181743514961749e+07
0.000000000000000000e+00
1.842353662888646871e+07
1.235757487749014236e+07
0.000000000000000000e+00
0.000000000000000000e+00
6.498766752669321373e+06
0.000000000000000000e+00
3.149545251505077630e+07
0.000000000000000000e+00
1.822622365165280178e+07
1.711422277024690434e+07
1.511513571990927868e+07
2.371328953153609484e+07
1.958370032281538099e+07
0.000000000000000000e+00
2.955002134297030419e+07
0.000000000000000000e+00
9.755523303125970066e+06
3.538590362203681469e+07
0.000000000000000000e+00
3.357174183722921461e+07
1.511513571990927868e+07
0.000000000000000000e+00
1.476146357661464065e+07
0.000000000000000000e+00
4.169830866039989889e+07
1.711422277024690434e+07
1.581789336736841500e+07
2.462063467800119147e+07
0.000000000000000000e+00
2.211309818061611056e+07
1.822622365165280178e+07
4.113573723552285135e+07
2.853480748204340413e+07
5.100856951319585741e+07
1.842353662888646871e+07
1.101305332668757439e+07
1.875198590383853391e+07
1.435073820232620649e+07
4.645776186764994636e+06
0.000000000000000000e+00
0.000000000000000000e+00
9.535387288139294833e+06
0.000000000000000000e+00
0.000000000000000000e+00
0.000000000000000000e+00
1.842353662888646871e+07
0.000000000000000000e+00
3.424142999625488371e+07
1.120409228153827600e+07
0.000000000000000000e+00
0.000000000000000000e+00
2.952424599881711602e+07
3.688590016791740805e+07
0.000000000000000000e+00
0.000000000000000000e+00
0.000000000000000000e+00
0.000000000000000000e+00
1.662257930751162954e+07
1.584986846830327064e+07
0.000000000000000000e+00
0.000000000000000000e+00
3.519067614582744241e+07
0.000000000000000000e+00
0.000000000000000000e+00
0.000000000000000000e+00
3.706320883921520412e+07
1.612723627299897000e+07
1.662257930751162954e+07
0.000000000000000000e+00
0.000000000000000000e+00
1.519928314064409584e+07
1.581789336736841500e+07
3.955580911278881878e+07
0.000000000000000000e+00
0.000000000000000000e+00
6.578681478572827764e+06
0.000000000000000000e+00
0.000000000000000000e+00
0.000000000000000000e+00
0.000000000000000000e+00
2.670831307981634885e+07
3.932542664712168276e+07
1.614993432947435975e+07
1.121314651598995738e+07
1.121314651598995738e+07
4.645776186764994636e+06
8.083054654213435017e+06
8.367052550266250037e+06
1.511513571990927868e+07
4.227195811112047732e+07
6.578681478572827764e+06
0.000000000000000000e+00
1.393496400077187270e+07
1.612723627299897000e+07
0.000000000000000000e+00
2.812727609693447873e+07
2.284451823082807660e+07
0.000000000000000000e+00
1.713460805296326801e+07
0.000000000000000000e+00
1.662257930751162954e+07
2.640341058425378054e+07
0.000000000000000000e+00
6.498766752669321373e+06
1.711422277024690434e+07
0.000000000000000000e+00
2.714028959968654439e+07
0.000000000000000000e+00
2.418494591763466597e+07
4.160207272464194894e+07
1.511513571990927868e+07
0.000000000000000000e+00
2.943658995557404310e+07
1.581789336736841500e+07
0.000000000000000000e+00
0.000000000000000000e+00
0.000000000000000000e+00
6.498766752669321373e+06
1.662257930751162954e+07
0.000000000000000000e+00
0.000000000000000000e+00
3.580675207804623246e+07
1.121314651598995738e+07
3.274981558051060140e+07
0.000000000000000000e+00
0.000000000000000000e+00
0.000000000000000000e+00
1.711422277024690434e+07
2.481794765523485839e+07
0.000000000000000000e+00
0.000000000000000000e+00
1.120409228153827600e+07
1.822622365165280178e+07
4.076187117044179142e+07
0.000000000000000000e+00
0.000000000000000000e+00
0.000000000000000000e+00
0.000000000000000000e+00
3.036620535469973460e+06
0.000000000000000000e+00
6.071463137348897755e+07
0.000000000000000000e+00
0.000000000000000000e+00
3.631418800469234586e+07
1.120409228153827600e+07
6.137818605087129772e+07
0.000000000000000000e+00
0.000000000000000000e+00
0.000000000000000000e+00
1.318928929646698944e+07
6.394411026348390616e+06
0.000000000000000000e+00
1.998885871067782119e+07
2.294481259959296137e+07
9.755523303125970066e+06
1.101305332668757439e+07
1.876332431452518702e+07
1.876332431452518702e+07
6.498766752669321373e+06
1.435073820232620649e+07
6.291768972275030613e+07
2.361298952291622758e+07
3.376905481446288526e+07
1.581789336736841500e+07
0.000000000000000000e+00
0.000000000000000000e+00
1.662257930751162954e+07
0.000000000000000000e+00
1.612723627299897000e+07
8.083054654213435017e+06
1.842353662888646871e+07
0.000000000000000000e+00
0.000000000000000000e+00
0.000000000000000000e+00
1.822622365165280178e+07
1.318928929646698944e+07
5.824988890362928808e+07
0.000000000000000000e+00
0.000000000000000000e+00
3.181083511335423961e+07
1.842353662888646871e+07
2.356633569091034681e+07
0.000000000000000000e+00
0.000000000000000000e+00
1.511513571990927868e+07
1.662257930751162954e+07
0.000000000000000000e+00
1.318928929646698944e+07
4.645776186764994636e+06
0.000000000000000000e+00
1.998885871067782119e+07
5.067328040175901353e+07
0.000000000000000000e+00
1.586786929257970676e+07
1.876332431452518702e+07
0.000000000000000000e+00
6.394411026348390616e+06
3.819484843442166597e+07
1.771191326865927875e+07
0.000000000000000000e+00
0.000000000000000000e+00
0.000000000000000000e+00
1.998885871067782119e+07
0.000000000000000000e+00
1.612723627299897000e+07
0.000000000000000000e+00
4.094847429534206539e+07
0.000000000000000000e+00
1.581789336736841500e+07
1.711422277024690434e+07
7.682396722234968096e+06
0.000000000000000000e+00
0.000000000000000000e+00
2.320126078608445823e+07
1.121314651598995738e+07
0.000000000000000000e+00
0.000000000000000000e+00
1.578795456667619944e+07
0.000000000000000000e+00
0.000000000000000000e+00
6.426429244889957830e+06
0.000000000000000000e+00
1.711422277024690434e+07
1.713460805296326801e+07
2.689013135608923808e+07
0.000000000000000000e+00
2.526209106719450653e+07
1.822622365165280178e+07
1.662257930751162954e+07
1.612723627299897000e+07
0.000000000000000000e+00
0.000000000000000000e+00
1.120409228153827600e+07
2.962762891042474657e+07
0.000000000000000000e+00
1.771191326865927875e+07
3.285990920748697966e+07
0.000000000000000000e+00
4.178074031580144912e+07
0.000000000000000000e+00
1.586786929257970676e+07
1.318928929646698944e+07
2.518975355941514671e+07
1.435073820232620649e+07
1.713460805296326801e+07
0.000000000000000000e+00
1.121314651598995738e+07
0.000000000000000000e+00
3.141551294811978936e+07
6.394411026348390616e+06
1.519928314064409584e+07
5.569758032458999753e+07
1.713460805296326801e+07
0.000000000000000000e+00
2.369290424881973118e+07
3.293211613761531934e+07
0.000000000000000000e+00
0.000000000000000000e+00
1.650103123593956046e+07
1.771191326865927875e+07
0.000000000000000000e+00
0.000000000000000000e+00
3.638747967058970034e+07
0.000000000000000000e+00
6.498766752669321373e+06
0.000000000000000000e+00
3.036620535469973460e+06
2.770512351747783646e+07
0.000000000000000000e+00
0.000000000000000000e+00
0.000000000000000000e+00
1.435073820232620649e+07
1.842353662888646871e+07
0.000000000000000000e+00
0.000000000000000000e+00
1.101305332668757439e+07
8.367052550266250037e+06
6.394411026348390616e+06
0.000000000000000000e+00
2.640590971668789536e+07
1.751182007935689390e+07
4.298531685348077118e+07
1.101305332668757439e+07
0.000000000000000000e+00
9.289187814006878063e+06
2.301699033386002108e+07
3.664976028053927422e+07
2.851884761765115708e+07
6.394411026348390616e+06
0.000000000000000000e+00
1.581789336736841500e+07
2.301699033386002108e+07
3.396260745516928285e+07
0.000000000000000000e+00
3.342550679229689762e+07
5.451082550143727660e+07
4.990888288417594135e+07
3.424883082321017236e+07
0.000000000000000000e+00
0.000000000000000000e+00
1.519928314064409584e+07
4.179416483306418359e+07
0.000000000000000000e+00
6.578681478572827764e+06
1.120409228153827600e+07
6.028641254487322271e+07
2.440432353391615674e+07
3.589520704803878814e+07
0.000000000000000000e+00
1.662257930751162954e+07
3.030351206671389192e+07
3.285552350491722673e+07
3.032389734943025559e+07
8.182551425169850886e+07
0.000000000000000000e+00
0.000000000000000000e+00
3.194512964036738500e+07
5.158866695204953104e+07
3.054733562072603405e+07
1.842353662888646871e+07
1.711422277024690434e+07
2.885860611342970282e+07
0.000000000000000000e+00
6.498766752669321373e+06
1.612723627299897000e+07
0.000000000000000000e+00
1.822622365165280178e+07
0.000000000000000000e+00
8.083054654213435017e+06
0.000000000000000000e+00
3.410884250010160357e+07
1.876332431452518702e+07
0.000000000000000000e+00
6.498766752669321373e+06
0.000000000000000000e+00
0.000000000000000000e+00
3.312361054345118999e+07
0.000000000000000000e+00
0.000000000000000000e+00
0.000000000000000000e+00
4.115368413248232007e+07
0.000000000000000000e+00
3.752663400647571683e+07
1.998885871067782119e+07
1.759173480526040122e+07
0.000000000000000000e+00
2.328487208936305344e+07
1.645010720447968505e+07
0.000000000000000000e+00
1.120409228153827600e+07
0.000000000000000000e+00
2.458408589015299454e+07
6.426429244889957830e+06
1.822622365165280178e+07
1.822622365165280178e+07
1.822622365165280178e+07
3.655991750064470619e+07
3.031441886055337638e+07
4.645776186764994636e+06
2.817905993201243877e+07
1.876332431452518702e+07
2.997647083051514626e+07
1.822622365165280178e+07
0.000000000000000000e+00
2.832736928623685986e+07
0.000000000000000000e+00
2.155634184673323855e+07
0.000000000000000000e+00
3.324145904324587435e+07
9.755523303125970066e+06
1.885634163015946373e+07
0.000000000000000000e+00
1.711422277024690434e+07
1.876332431452518702e+07
0.000000000000000000e+00
3.886416616059004515e+07
2.640341058425378054e+07
3.580675207804623246e+07
1.519928314064409584e+07
1.662257930751162954e+07
0.000000000000000000e+00
1.713460805296326801e+07
1.957114483180452511e+07
0.000000000000000000e+00
0.000000000000000000e+00
1.519928314064409584e+07
2.239657484594124183e+07
0.000000000000000000e+00
1.534551818557641469e+07
1.612723627299897000e+07
0.000000000000000000e+00
1.876332431452518702e+07
2.632828223589923605e+07
0.000000000000000000e+00
2.092941968089903519e+07
1.120409228153827600e+07
0.000000000000000000e+00
2.177194743046637252e+07
0.000000000000000000e+00
0.000000000000000000e+00
1.121314651598995738e+07
1.711422277024690434e+07
1.876332431452518702e+07
0.000000000000000000e+00
2.363337480563259125e+07
1.300511072346278653e+07
1.823590367611406744e+07
0.000000000000000000e+00
0.000000000000000000e+00
0.000000000000000000e+00
4.874743397831672430e+07
0.000000000000000000e+00
2.684637896873862296e+07
4.645776186764994636e+06
3.361525400618646294e+07
4.902808757758855820e+07
0.000000000000000000e+00
1.519928314064409584e+07
0.000000000000000000e+00
0.000000000000000000e+00
3.455077290188543499e+07
1.519928314064409584e+07
0.000000000000000000e+00
1.876332431452518702e+07
1.534551818557641469e+07
1.120409228153827600e+07
8.083054654213435017e+06
1.822622365165280178e+07
3.342804108680241928e+07
8.083054654213435017e+06
0.000000000000000000e+00
1.101305332668757439e+07
1.740746435303596407e+07
3.274981558051060140e+07
0.000000000000000000e+00
1.318928929646698944e+07
2.271779075259245560e+07
4.795163301566021144e+07
1.318928929646698944e+07
0.000000000000000000e+00
0.000000000000000000e+00
1.612723627299897000e+07
0.000000000000000000e+00
4.165479649144265056e+07
1.938010587695382535e+07
1.121314651598995738e+07
0.000000000000000000e+00
6.394411026348390616e+06
0.000000000000000000e+00
4.681798439099846035e+07
3.489056058752416074e+07
1.842353662888646871e+07
0.000000000000000000e+00
1.842353662888646871e+07
2.963668314487642795e+07
1.120409228153827600e+07
1.519928314064409584e+07
1.662257930751162954e+07
3.905469675382848829e+07
4.514142692516278476e+07
6.578681478572827764e+06
0.000000000000000000e+00
0.000000000000000000e+00
6.426429244889957830e+06
1.662257930751162954e+07
0.000000000000000000e+00
0.000000000000000000e+00
0.000000000000000000e+00
0.000000000000000000e+00
2.287199983841779828e+07
2.178038423972826451e+07
0.000000000000000000e+00
1.770285903420759737e+07
4.762193042795488983e+07
3.455370534182443470e+07
2.184428493824573606e+07
0.000000000000000000e+00
1.581789336736841500e+07
1.235757487749014236e+07
6.394411026348390616e+06
0.000000000000000000e+00
3.916868585756106675e+07
1.842353662888646871e+07
1.121314651598995738e+07
1.700335106425513700e+07
2.243379285653964058e+07
3.457347095836082846e+07
2.782667158904990554e+07
2.470563396172506362e+07
0.000000000000000000e+00
0.000000000000000000e+00
0.000000000000000000e+00
0.000000000000000000e+00
1.822622365165280178e+07
1.466173613278626278e+07
6.557535023685324192e+07
1.650103123593956046e+07
0.000000000000000000e+00
6.578681478572827764e+06
4.645776186764994636e+06
8.083054654213435017e+06
1.842353662888646871e+07
2.304900855240158737e+07
1.612723627299897000e+07
3.295307572791476548e+07
0.000000000000000000e+00
0.000000000000000000e+00
0.000000000000000000e+00
0.000000000000000000e+00
1.511513571990927868e+07
1.534551818557641469e+07
2.328487208936305344e+07
2.361298952291622758e+07
1.662257930751162954e+07
1.822622365165280178e+07
1.511513571990927868e+07
7.159649148248010874e+07
1.711422277024690434e+07
4.576625115044599771e+07
2.356103729785322398e+07
1.519928314064409584e+07
1.662257930751162954e+07
1.711422277024690434e+07
1.101305332668757439e+07
2.337062820417771488e+07
9.289187814006878063e+06
0.000000000000000000e+00
3.280032074303628504e+07
0.000000000000000000e+00
3.170031437658365816e+07
1.822622365165280178e+07
0.000000000000000000e+00
1.581789336736841500e+07
4.846112746660633385e+07
1.650103123593956046e+07
0.000000000000000000e+00
0.000000000000000000e+00
1.519928314064409584e+07
1.511513571990927868e+07
0.000000000000000000e+00
0.000000000000000000e+00
0.000000000000000000e+00
6.578681478572827764e+06
0.000000000000000000e+00
1.534551818557641469e+07
2.557341667049438506e+07
2.440243581245694682e+07
0.000000000000000000e+00
3.900339109886896610e+07
0.000000000000000000e+00
6.394411026348390616e+06
0.000000000000000000e+00
0.000000000000000000e+00
3.841239533956429362e+07
4.199425802236656845e+07
0.000000000000000000e+00
0.000000000000000000e+00
1.662257930751162954e+07
2.714028959968654439e+07
1.842353662888646871e+07
2.356103729785322398e+07
2.751408456262713671e+07
1.965919984298160300e+07
0.000000000000000000e+00
6.394411026348390616e+06
0.000000000000000000e+00
1.235757487749014236e+07
0.000000000000000000e+00
1.711422277024690434e+07
0.000000000000000000e+00
4.210385462802478671e+07
2.239657484594124183e+07
3.363563928890282661e+07
2.853480748204340413e+07
9.755523303125970066e+06
1.612723627299897000e+07
0.000000000000000000e+00
0.000000000000000000e+00
0.000000000000000000e+00
1.650103123593956046e+07
1.998885871067782119e+07
1.101305332668757439e+07
2.655866470156637207e+07
0.000000000000000000e+00
3.526435555046474934e+07
0.000000000000000000e+00
0.000000000000000000e+00
1.121314651598995738e+07
0.000000000000000000e+00
8.083054654213435017e+06
2.886022210142959654e+07
3.535909939848072827e+07
2.169804989331341535e+07
0.000000000000000000e+00
2.030224114069445431e+07
0.000000000000000000e+00
0.000000000000000000e+00
9.755523303125970066e+06
0.000000000000000000e+00
3.231350591089100018e+07
0.000000000000000000e+00
0.000000000000000000e+00
0.000000000000000000e+00
3.467423499752788246e+07
1.435073820232620649e+07
0.000000000000000000e+00
1.101305332668757439e+07
0.000000000000000000e+00
1.998885871067782119e+07
3.504611593639809638e+07
3.078111150637660921e+07
0.000000000000000000e+00
0.000000000000000000e+00
1.318928929646698944e+07
3.146496097257310897e+07
2.492230338155578822e+07
1.519928314064409584e+07
1.612723627299897000e+07
3.334135937156207860e+07
0.000000000000000000e+00
2.630927830586623773e+07
1.121314651598995738e+07
3.257696185397900641e+07
0.000000000000000000e+00
5.155410163506678492e+07
0.000000000000000000e+00
2.463463489744281769e+07
2.126284418712277710e+07
1.662257930751162954e+07
2.354065201513686031e+07
0.000000000000000000e+00
8.367052550266250037e+06
0.000000000000000000e+00
3.244047267488004267e+07
8.083054654213435017e+06
0.000000000000000000e+00
0.000000000000000000e+00
0.000000000000000000e+00
0.000000000000000000e+00
0.000000000000000000e+00
1.711422277024690434e+07
2.805251212853206694e+07
0.000000000000000000e+00
0.000000000000000000e+00
0.000000000000000000e+00
0.000000000000000000e+00
0.000000000000000000e+00
0.000000000000000000e+00
1.121314651598995738e+07
1.713460805296326801e+07
0.000000000000000000e+00
2.556388471831616387e+07
3.147275445857538283e+07
0.000000000000000000e+00
0.000000000000000000e+00
1.519928314064409584e+07
2.557341667049438506e+07
0.000000000000000000e+00
3.361525400618646294e+07
0.000000000000000000e+00
0.000000000000000000e+00
1.101305332668757439e+07
0.000000000000000000e+00
1.842353662888646871e+07
4.154488268906741589e+07
2.621233646733167022e+07
1.822622365165280178e+07
0.000000000000000000e+00
3.036620535469973460e+06
0.000000000000000000e+00
1.534551818557641469e+07
4.548118542094133049e+07
0.000000000000000000e+00
0.000000000000000000e+00
0.000000000000000000e+00
1.998885871067782119e+07
1.998885871067782119e+07
0.000000000000000000e+00
1.998885871067782119e+07
0.000000000000000000e+00
0.000000000000000000e+00
0.000000000000000000e+00
1.713460805296326801e+07
1.929620117020339146e+07
2.515773534087357670e+07
0.000000000000000000e+00
3.036620535469973460e+06
0.000000000000000000e+00
8.367052550266250037e+06
1.822622365165280178e+07
1.519928314064409584e+07
3.381773204184658080e+07
2.963668314487642795e+07
6.394411026348390616e+06
0.000000000000000000e+00
3.016863156969462335e+07
0.000000000000000000e+00
4.455172567548332363e+07
4.852899658736940473e+07
1.404967386215754785e+07
0.000000000000000000e+00
0.000000000000000000e+00
0.000000000000000000e+00
0.000000000000000000e+00
1.822622365165280178e+07
8.083054654213435017e+06
2.487065902303525060e+07
0.000000000000000000e+00
6.578681478572827764e+06
1.121314651598995738e+07
0.000000000000000000e+00
2.834775456895322353e+07
1.404967386215754785e+07
4.193879438749546558e+07
2.798174695477877185e+07
0.000000000000000000e+00
4.252620644718476385e+07
3.334135937156207860e+07
1.519928314064409584e+07
0.000000000000000000e+00
1.534551818557641469e+07
1.318928929646698944e+07
3.899480028146634996e+07
1.822622365165280178e+07
1.235757487749014236e+07
0.000000000000000000e+00
8.083054654213435017e+06
3.757171802825394273e+07
1.998885871067782119e+07
0.000000000000000000e+00
0.000000000000000000e+00
1.318928929646698944e+07
8.367052550266250037e+06
9.755523303125970066e+06
0.000000000000000000e+00
2.126284418712277710e+07
5.195695620376586914e+07
2.962762891042474657e+07
2.486808378620580956e+07
0.000000000000000000e+00
3.194512964036738500e+07
4.101517079182875156e+07
4.645776186764994636e+06
1.842353662888646871e+07
2.703103988335837424e+07
2.555483048386448249e+07
2.519727742446034029e+07
0.000000000000000000e+00
2.178038423972826451e+07
0.000000000000000000e+00
1.101305332668757439e+07
1.876332431452518702e+07
0.000000000000000000e+00
1.822622365165280178e+07
0.000000000000000000e+00
3.540159369018379599e+07
0.000000000000000000e+00
0.000000000000000000e+00
0.000000000000000000e+00
5.202420375636599213e+07
8.094345582822686434e+07
0.000000000000000000e+00
1.520181743514961749e+07
3.356432997472658753e+07
0.000000000000000000e+00
6.578681478572827764e+06
0.000000000000000000e+00
0.000000000000000000e+00
0.000000000000000000e+00
3.822277343063949049e+07
1.998885871067782119e+07
3.256939517342081293e+07
0.000000000000000000e+00
1.519928314064409584e+07
2.830442501637626812e+07
2.169804989331341535e+07
1.957114483180452511e+07
0.000000000000000000e+00
1.711422277024690434e+07
2.839110673161660880e+07
0.000000000000000000e+00
0.000000000000000000e+00
0.000000000000000000e+00
1.711422277024690434e+07
1.581789336736841500e+07
1.612723627299897000e+07
0.000000000000000000e+00
0.000000000000000000e+00
3.901608374149113148e+07
2.641528795556777716e+07
1.450948389910339192e+07
0.000000000000000000e+00
0.000000000000000000e+00
4.378732815790025145e+07
0.000000000000000000e+00
0.000000000000000000e+00
0.000000000000000000e+00
1.318928929646698944e+07
9.755523303125970066e+06
0.000000000000000000e+00
8.083054654213435017e+06
0.000000000000000000e+00
0.000000000000000000e+00
8.083054654213435017e+06
0.000000000000000000e+00
1.519928314064409584e+07
0.000000000000000000e+00
4.645776186764994636e+06
0.000000000000000000e+00
1.760755754233834893e+07
2.751408456262713671e+07
0.000000000000000000e+00
3.036620535469973460e+06
1.519928314064409584e+07
0.000000000000000000e+00
0.000000000000000000e+00
1.998885871067782119e+07
3.036620535469973460e+06
1.904471111713284999e+07
1.232580834947685152e+07
0.000000000000000000e+00
1.571561705889683589e+07
0.000000000000000000e+00
2.292746048082951829e+07
1.318928929646698944e+07
4.184889319903029501e+07
0.000000000000000000e+00
5.446688938109839708e+07
0.000000000000000000e+00
1.662257930751162954e+07
8.083054654213435017e+06
0.000000000000000000e+00
6.578681478572827764e+06
2.771272444289334863e+07
0.000000000000000000e+00
8.083054654213435017e+06
0.000000000000000000e+00
3.587754708477209508e+07
1.650103123593956046e+07
1.534551818557641469e+07
1.435073820232620649e+07
0.000000000000000000e+00
0.000000000000000000e+00
0.000000000000000000e+00
0.000000000000000000e+00
1.823590367611406744e+07
2.179994484999515861e+07
3.047797447532517463e+07
0.000000000000000000e+00
0.000000000000000000e+00
1.235757487749014236e+07
1.711422277024690434e+07
0.000000000000000000e+00
8.083054654213435017e+06
1.520181743514961749e+07
1.121314651598995738e+07
1.581789336736841500e+07
0.000000000000000000e+00
1.822622365165280178e+07
0.000000000000000000e+00
0.000000000000000000e+00
2.588275957612494007e+07
0.000000000000000000e+00
0.000000000000000000e+00
0.000000000000000000e+00
1.534551818557641469e+07
4.497033387646485865e+07
2.831831505178517848e+07
1.822622365165280178e+07
0.000000000000000000e+00
1.318928929646698944e+07
1.998885871067782119e+07
1.650103123593956046e+07
2.465265289654275775e+07
0.000000000000000000e+00
2.801640439094271138e+07
0.000000000000000000e+00
1.763052152642823383e+07
2.017122858843324333e+07
0.000000000000000000e+00
2.556388471831616387e+07
2.390094802158185095e+07
2.356103729785322398e+07
1.120409228153827600e+07
0.000000000000000000e+00
1.534551818557641469e+07
3.821508236233062297e+07
0.000000000000000000e+00
1.534551818557641469e+07
0.000000000000000000e+00
2.967928311571144313e+07
3.353867234879574925e+07
2.470563396172506362e+07
0.000000000000000000e+00
0.000000000000000000e+00
1.713460805296326801e+07
1.650103123593956046e+07
0.000000000000000000e+00
2.170058418781893700e+07
0.000000000000000000e+00
4.064068223711232096e+07
0.000000000000000000e+00
0.000000000000000000e+00
3.342804108680241928e+07
2.621487076183719188e+07
0.000000000000000000e+00
4.645776186764994636e+06
0.000000000000000000e+00
2.320126078608445823e+07
0.000000000000000000e+00
0.000000000000000000e+00
0.000000000000000000e+00
0.000000000000000000e+00
0.000000000000000000e+00
1.307744823124215007e+07
0.000000000000000000e+00
0.000000000000000000e+00
3.664976028053927422e+07
0.000000000000000000e+00
0.000000000000000000e+00
8.083054654213435017e+06
0.000000000000000000e+00
1.519928314064409584e+07
2.126835549427662417e+07
6.578681478572827764e+06
0.000000000000000000e+00
3.467633085613248497e+07
6.578681478572827764e+06
0.000000000000000000e+00
1.318928929646698944e+07
1.998885871067782119e+07
1.662257930751162954e+07
0.000000000000000000e+00
1.711422277024690434e+07
2.477654974739477783e+07
1.235757487749014236e+07
1.235757487749014236e+07
1.120409228153827600e+07
0.000000000000000000e+00
1.121314651598995738e+07
1.822622365165280178e+07
2.342857283978984877e+07
0.000000000000000000e+00
1.842353662888646871e+07
6.426429244889957830e+06
5.889255589517373592e+07
3.112089919201532751e+07
6.658214936664909124e+07
1.751182007935689390e+07
8.367052550266250037e+06
3.234643358816796541e+07
0.000000000000000000e+00
0.000000000000000000e+00
1.662257930751162954e+07
3.611609498367679119e+07
1.876332431452518702e+07
6.394411026348390616e+06
3.410884250010160357e+07
2.648762546334714442e+07
0.000000000000000000e+00
1.842353662888646871e+07
0.000000000000000000e+00
3.101971080251803249e+07
2.472499040432212502e+07
0.000000000000000000e+00
3.317814800714480877e+07
3.198615897575392202e+07
0.000000000000000000e+00
0.000000000000000000e+00
3.036620535469973460e+06
0.000000000000000000e+00
0.000000000000000000e+00
0.000000000000000000e+00
1.713460805296326801e+07
0.000000000000000000e+00
1.876332431452518702e+07
1.842353662888646871e+07
3.255461829148681089e+07
3.036620535469973460e+06
0.000000000000000000e+00
0.000000000000000000e+00
0.000000000000000000e+00
1.876332431452518702e+07
0.000000000000000000e+00
0.000000000000000000e+00
0.000000000000000000e+00
3.032389734943025559e+07
0.000000000000000000e+00
4.612866014636430889e+07
0.000000000000000000e+00
0.000000000000000000e+00
1.101305332668757439e+07
6.498766752669321373e+06
0.000000000000000000e+00
3.277251363698598742e+07
2.076857662981354445e+07
8.083054654213435017e+06
0.000000000000000000e+00
0.000000000000000000e+00
2.126835549427662417e+07
1.435073820232620649e+07
0.000000000000000000e+00
0.000000000000000000e+00
0.000000000000000000e+00
1.998885871067782119e+07
0.000000000000000000e+00
2.495734073827558756e+07
1.842353662888646871e+07
0.000000000000000000e+00
1.842353662888646871e+07
5.030327757123120129e+07
0.000000000000000000e+00
0.000000000000000000e+00
1.711422277024690434e+07
2.625655453906553239e+07
1.120409228153827600e+07
6.426429244889957830e+06
2.555483048386448249e+07
1.235757487749014236e+07
0.000000000000000000e+00
0.000000000000000000e+00
0.000000000000000000e+00
1.842353662888646871e+07
0.000000000000000000e+00
0.000000000000000000e+00
0.000000000000000000e+00
1.612723627299897000e+07
0.000000000000000000e+00
8.382386773737764359e+07
0.000000000000000000e+00
1.842353662888646871e+07
0.000000000000000000e+00
0.000000000000000000e+00
3.555814468184973300e+07
0.000000000000000000e+00
1.842353662888646871e+07
1.662257930751162954e+07
0.000000000000000000e+00
1.759850330788666755e+07
0.000000000000000000e+00
1.842353662888646871e+07
0.000000000000000000e+00
0.000000000000000000e+00
1.662257930751162954e+07
2.783572582350158691e+07
0.000000000000000000e+00
0.000000000000000000e+00
0.000000000000000000e+00
1.822622365165280178e+07
0.000000000000000000e+00
3.145357319643938541e+07
1.876332431452518702e+07
5.494204323106481135e+07
0.000000000000000000e+00
1.650103123593956046e+07
3.031441886055337638e+07
0.000000000000000000e+00
6.578681478572827764e+06
1.876332431452518702e+07
1.318928929646698944e+07
2.439338157800526544e+07
1.711422277024690434e+07
2.410626150545217842e+07
4.066199989386641234e+07
1.998885871067782119e+07
1.711422277024690434e+07
4.344388635882950574e+07
3.450937499404536188e+07
1.581789336736841500e+07
3.214256619688899070e+07
1.235757487749014236e+07
2.371257073584266379e+07
0.000000000000000000e+00
2.481794765523485839e+07
1.318928929646698944e+07
0.000000000000000000e+00
0.000000000000000000e+00
0.000000000000000000e+00
0.000000000000000000e+00
3.146496097257310897e+07
0.000000000000000000e+00
0.000000000000000000e+00
0.000000000000000000e+00
0.000000000000000000e+00
1.519928314064409584e+07
0.000000000000000000e+00
4.645776186764994636e+06
1.822622365165280178e+07
0.000000000000000000e+00
1.519928314064409584e+07
1.998885871067782119e+07
3.983980700884163380e+07
4.645776186764994636e+06
0.000000000000000000e+00
0.000000000000000000e+00
1.121314651598995738e+07
1.876332431452518702e+07
0.000000000000000000e+00
0.000000000000000000e+00
0.000000000000000000e+00
0.000000000000000000e+00
6.498766752669321373e+06
1.101305332668757439e+07
0.000000000000000000e+00
1.822622365165280178e+07
0.000000000000000000e+00
0.000000000000000000e+00
0.000000000000000000e+00
4.873795548943984509e+07
5.101710975728489459e+07
0.000000000000000000e+00
6.498766752669321373e+06
3.486101727813121676e+07
0.000000000000000000e+00
1.318928929646698944e+07
6.498766752669321373e+06
1.307744823124215007e+07
9.755523303125970066e+06
0.000000000000000000e+00
2.848481115048911422e+07
0.000000000000000000e+00
1.822622365165280178e+07
2.498963185777787864e+07
0.000000000000000000e+00
0.000000000000000000e+00
3.277251363698598742e+07
3.396260745516928285e+07
0.000000000000000000e+00
1.842353662888646871e+07
8.083054654213435017e+06
1.713460805296326801e+07
1.120409228153827600e+07
0.000000000000000000e+00
1.650103123593956046e+07
3.440817619966872782e+07
1.662257930751162954e+07
5.526572793697682768e+07
1.662257930751162954e+07
0.000000000000000000e+00
1.120409228153827600e+07
0.000000000000000000e+00
0.000000000000000000e+00
0.000000000000000000e+00
1.998885871067782119e+07
0.000000000000000000e+00
0.000000000000000000e+00
1.650103123593956046e+07
3.344684618322721496e+07
2.686974607337287441e+07
2.831831505178517848e+07
9.755523303125970066e+06
1.612723627299897000e+07
2.484996587377642840e+07
3.709590609211489558e+07
1.822622365165280178e+07
1.235757487749014236e+07
6.426429244889957830e+06
6.394411026348390616e+06
1.519928314064409584e+07
2.179994484999515861e+07
3.974022579591520131e+07
0.000000000000000000e+00
0.000000000000000000e+00
1.435073820232620649e+07
0.000000000000000000e+00
0.000000000000000000e+00
0.000000000000000000e+00
3.085176943826576695e+07
3.538590362203681469e+07
1.713460805296326801e+07
1.998885871067782119e+07
1.876332431452518702e+07
0.000000000000000000e+00
0.000000000000000000e+00
0.000000000000000000e+00
0.000000000000000000e+00
0.000000000000000000e+00
9.289187814006878063e+06
0.000000000000000000e+00
8.083054654213435017e+06
6.426429244889957830e+06
1.120409228153827600e+07
1.318928929646698944e+07
2.861003720596435666e+07
2.096866981911592931e+07
1.612723627299897000e+07
6.394411026348390616e+06
0.000000000000000000e+00
0.000000000000000000e+00
0.000000000000000000e+00
0.000000000000000000e+00
0.000000000000000000e+00
2.943031593319107592e+07
1.121314651598995738e+07
0.000000000000000000e+00
1.662257930751162954e+07
1.876332431452518702e+07
2.173992921192480624e+07
0.000000000000000000e+00
1.121314651598995738e+07
0.000000000000000000e+00
2.650659128309990466e+07
0.000000000000000000e+00
1.534551818557641469e+07
0.000000000000000000e+00
0.000000000000000000e+00
2.751408456262713671e+07
0.000000000000000000e+00
0.000000000000000000e+00
0.000000000000000000e+00
1.318928929646698944e+07
0.000000000000000000e+00
2.771272444289334863e+07
1.662257930751162954e+07
0.000000000000000000e+00
1.612723627299897000e+07
1.520181743514961749e+07
1.435073820232620649e+07
4.088471442020951211e+07
0.000000000000000000e+00
9.755523303125970066e+06
4.122602164026168734e+07
6.578681478572827764e+06
1.822622365165280178e+07
1.519928314064409584e+07
6.498766752669321373e+06
0.000000000000000000e+00
1.998885871067782119e+07
0.000000000000000000e+00
1.520181743514961749e+07
1.713460805296326801e+07
0.000000000000000000e+00
2.518975355941514671e+07
4.117103625124575943e+07
3.262752314154376835e+07
0.000000000000000000e+00
0.000000000000000000e+00
1.876332431452518702e+07
8.083054654213435017e+06
0.000000000000000000e+00
0.000000000000000000e+00
0.000000000000000000e+00
0.000000000000000000e+00
4.763975581552413851e+07
0.000000000000000000e+00
2.770512351747783646e+07
2.306931281565146148e+07
1.440129948989096470e+07
1.534551818557641469e+07
0.000000000000000000e+00
2.612818904659685493e+07
1.984759362191461027e+07
1.121314651598995738e+07
0.000000000000000000e+00
1.511513571990927868e+07
0.000000000000000000e+00
1.235757487749014236e+07
6.498766752669321373e+06
3.424883082321017236e+07
6.498766752669321373e+06
1.121314651598995738e+07
3.871614638975413144e+07
1.783506548323198408e+07
0.000000000000000000e+00
1.235757487749014236e+07
1.534551818557641469e+07
1.435073820232620649e+07
6.498766752669321373e+06
1.318928929646698944e+07
0.000000000000000000e+00
0.000000000000000000e+00
0.000000000000000000e+00
3.326184432596223801e+07
2.126835549427662417e+07
1.612723627299897000e+07
1.235757487749014236e+07
0.000000000000000000e+00
4.645776186764994636e+06
8.083054654213435017e+06
1.520181743514961749e+07
0.000000000000000000e+00
1.842353662888646871e+07
3.059325239294378087e+07
0.000000000000000000e+00
0.000000000000000000e+00
0.000000000000000000e+00
3.943088289028464258e+07
0.000000000000000000e+00
1.435073820232620649e+07
1.650103123593956046e+07
0.000000000000000000e+00
0.000000000000000000e+00
0.000000000000000000e+00
4.324241181684375554e+07
0.000000000000000000e+00
0.000000000000000000e+00
3.030351206671389192e+07
2.933922362594135106e+07
1.101305332668757439e+07
4.852973571836669743e+07
0.000000000000000000e+00
4.082679350608956814e+07
3.262826750893852860e+07
0.000000000000000000e+00
1.435073820232620649e+07
6.578681478572827764e+06
8.083054654213435017e+06
0.000000000000000000e+00
0.000000000000000000e+00
0.000000000000000000e+00
6.426429244889957830e+06
0.000000000000000000e+00
1.581789336736841500e+07
0.000000000000000000e+00
0.000000000000000000e+00
3.245974095582331717e+07
0.000000000000000000e+00
0.000000000000000000e+00
8.367052550266250037e+06
8.083054654213435017e+06
0.000000000000000000e+00
2.853480748204340413e+07
1.120409228153827600e+07
3.472178031258524954e+07
4.249746195628785342e+07
0.000000000000000000e+00
0.000000000000000000e+00
6.578681478572827764e+06
0.000000000000000000e+00
2.817479526607665420e+07
0.000000000000000000e+00
3.058379852914294600e+07
4.645776186764994636e+06
1.235757487749014236e+07
0.000000000000000000e+00
1.440129948989096470e+07
0.000000000000000000e+00
1.101305332668757439e+07
3.587754708477209508e+07
1.711422277024690434e+07
0.000000000000000000e+00
3.563368800468876958e+07
0.000000000000000000e+00
1.759850330788666755e+07
1.101305332668757439e+07
0.000000000000000000e+00
2.703103988335837424e+07
2.969625638790262118e+07
1.998885871067782119e+07
3.718686094341165572e+07
0.000000000000000000e+00
0.000000000000000000e+00
6.426429244889957830e+06
4.820269448216794431e+07
4.307618952542922646e+07
0.000000000000000000e+00
0.000000000000000000e+00
2.962762891042474657e+07
0.000000000000000000e+00
0.000000000000000000e+00
0.000000000000000000e+00
0.000000000000000000e+00
0.000000000000000000e+00
1.711422277024690434e+07
1.120409228153827600e+07
0.000000000000000000e+00
1.822622365165280178e+07
0.000000000000000000e+00
3.536083170461606979e+07
4.645776186764994636e+06
1.435073820232620649e+07
1.519928314064409584e+07
1.318928929646698944e+07
0.000000000000000000e+00
4.082751230178299546e+07
1.120409228153827600e+07
1.783506548323198408e+07
1.822622365165280178e+07
8.367052550266250037e+06
1.650103123593956046e+07
0.000000000000000000e+00
8.083054654213435017e+06
0.000000000000000000e+00
0.000000000000000000e+00
1.520181743514961749e+07
1.711422277024690434e+07
3.589793236748845875e+07
0.000000000000000000e+00
1.511513571990927868e+07
1.585746080670832284e+07
8.083054654213435017e+06
3.100191203736539558e+07
0.000000000000000000e+00
0.000000000000000000e+00
8.367052550266250037e+06
8.367052550266250037e+06
0.000000000000000000e+00
3.376905481446288526e+07
3.019615283482954651e+07
0.000000000000000000e+00
0.000000000000000000e+00
0.000000000000000000e+00
0.000000000000000000e+00
1.404967386215754785e+07
0.000000000000000000e+00
1.435073820232620649e+07
1.909610798090101033e+07
0.000000000000000000e+00
2.848481115048911422e+07
3.080773123881971836e+07
9.535387288139294833e+06
4.223032302400247008e+07
0.000000000000000000e+00
1.842353662888646871e+07
1.998885871067782119e+07
2.221714560822585225e+07
1.842353662888646871e+07
1.121314651598995738e+07
0.000000000000000000e+00
1.581789336736841500e+07
2.817905993201243877e+07
2.650659128309990466e+07
2.702198564890669286e+07
3.504611593639809638e+07
1.876332431452518702e+07
4.286958581997736543e+07
0.000000000000000000e+00
0.000000000000000000e+00
0.000000000000000000e+00
0.000000000000000000e+00
1.876332431452518702e+07
2.440432353391615674e+07
0.000000000000000000e+00
1.711422277024690434e+07
1.534551818557641469e+07
1.876332431452518702e+07
1.783506548323198408e+07
0.000000000000000000e+00
0.000000000000000000e+00
0.000000000000000000e+00
6.498766752669321373e+06
6.394411026348390616e+06
1.120409228153827600e+07
1.121314651598995738e+07
3.562308215300662816e+07
2.579021904994643852e+07
3.050067253180056810e+07
8.083054654213435017e+06
3.413807379121258855e+07
2.839110673161660880e+07
0.000000000000000000e+00
0.000000000000000000e+00
2.270591775157179683e+07
0.000000000000000000e+00
4.526188414989774674e+07
2.963668314487642795e+07
6.578681478572827764e+06
0.000000000000000000e+00
4.887532482160411030e+07
2.319819037412271276e+07
0.000000000000000000e+00
4.354703770959731936e+07
2.222619984267753363e+07
0.000000000000000000e+00
2.659327620191905275e+07
0.000000000000000000e+00
6.394411026348390616e+06
0.000000000000000000e+00
4.766281360722684860e+07
1.842353662888646871e+07
3.093302908727769554e+07
2.782667158904990554e+07
1.875198590383853391e+07
3.233389119360736385e+07
0.000000000000000000e+00
2.526209106719450653e+07
4.076316785896026343e+07
0.000000000000000000e+00
0.000000000000000000e+00
1.121314651598995738e+07
0.000000000000000000e+00
1.876332431452518702e+07
6.578681478572827764e+06
0.000000000000000000e+00
1.998885871067782119e+07
2.356633569091034681e+07
1.120409228153827600e+07
3.101971080251803249e+07
8.367052550266250037e+06
0.000000000000000000e+00
1.519928314064409584e+07
1.713460805296326801e+07
1.435073820232620649e+07
0.000000000000000000e+00
0.000000000000000000e+00
0.000000000000000000e+00
1.876332431452518702e+07
6.394411026348390616e+06
3.818047681279993057e+07
1.998885871067782119e+07
1.662257930751162954e+07
2.470563396172506362e+07
1.662257930751162954e+07
8.367052550266250037e+06
0.000000000000000000e+00
1.822622365165280178e+07
4.047892724892306328e+07
1.121314651598995738e+07
2.943937016764275730e+07
0.000000000000000000e+00
1.581789336736841500e+07
0.000000000000000000e+00
0.000000000000000000e+00
0.000000000000000000e+00
3.649432864720073342e+07
3.487364383336615562e+07
1.520181743514961749e+07
2.498963185777787864e+07
4.090201373936033994e+07
3.031695315505889803e+07
1.511513571990927868e+07
1.435073820232620649e+07
0.000000000000000000e+00
0.000000000000000000e+00
0.000000000000000000e+00
1.662257930751162954e+07
0.000000000000000000e+00
3.036620535469973460e+06
0.000000000000000000e+00
1.121314651598995738e+07
1.111967518968340755e+07
1.612723627299897000e+07
0.000000000000000000e+00
0.000000000000000000e+00
2.588275957612494007e+07
0.000000000000000000e+00
8.367052550266250037e+06
9.755523303125970066e+06
0.000000000000000000e+00
0.000000000000000000e+00
3.881769135597729683e+07
0.000000000000000000e+00
1.711422277024690434e+07
4.645776186764994636e+06
4.803809225563142449e+07
1.822622365165280178e+07
9.755523303125970066e+06
5.053541247266769409e+07
1.520181743514961749e+07
0.000000000000000000e+00
1.121314651598995738e+07
0.000000000000000000e+00
1.885634163015946373e+07
6.498766752669321373e+06
2.783572582350158691e+07
1.534551818557641469e+07
1.842353662888646871e+07
0.000000000000000000e+00
0.000000000000000000e+00
4.645776186764994636e+06
0.000000000000000000e+00
9.289187814006878063e+06
0.000000000000000000e+00
0.000000000000000000e+00
0.000000000000000000e+00
1.101305332668757439e+07
0.000000000000000000e+00
0.000000000000000000e+00
0.000000000000000000e+00
0.000000000000000000e+00
1.235757487749014236e+07
1.662257930751162954e+07
2.096866981911592931e+07
0.000000000000000000e+00
1.318928929646698944e+07
4.645776186764994636e+06
3.504611593639809638e+07
0.000000000000000000e+00
0.000000000000000000e+00
1.711422277024690434e+07
6.228634119937144220e+07
1.534551818557641469e+07
1.520181743514961749e+07
6.578681478572827764e+06
5.205917591778929532e+07
1.581789336736841500e+07
2.480490513022562861e+07
9.755523303125970066e+06
6.578681478572827764e+06
0.000000000000000000e+00
9.755523303125970066e+06
0.000000000000000000e+00
6.394411026348390616e+06
2.449428882326522097e+07
0.000000000000000000e+00
0.000000000000000000e+00
1.581789336736841500e+07
0.000000000000000000e+00
4.645776186764994636e+06
5.321490436291624606e+07
1.519928314064409584e+07
6.394411026348390616e+06
0.000000000000000000e+00
6.498766752669321373e+06
0.000000000000000000e+00
9.463049780359931290e+06
4.221505855335535109e+07
0.000000000000000000e+00
0.000000000000000000e+00
4.515738678955503553e+07
3.357174183722921461e+07
1.842353662888646871e+07
0.000000000000000000e+00
0.000000000000000000e+00
1.235757487749014236e+07
6.578681478572827764e+06
6.426429244889957830e+06
1.584986846830327064e+07
3.274981558051060140e+07
0.000000000000000000e+00
9.755523303125970066e+06
2.159622846149800718e+07
2.126835549427662417e+07
1.842353662888646871e+07
0.000000000000000000e+00
6.498766752669321373e+06
6.578681478572827764e+06
1.318928929646698944e+07
0.000000000000000000e+00
0.000000000000000000e+00
1.486581930293557048e+07
0.000000000000000000e+00
0.000000000000000000e+00
0.000000000000000000e+00
1.120409228153827600e+07
3.345746912824833393e+07
6.394411026348390616e+06
0.000000000000000000e+00
2.492230338155578822e+07
0.000000000000000000e+00
0.000000000000000000e+00
1.581789336736841500e+07
2.683094669405598938e+07
1.318928929646698944e+07
0.000000000000000000e+00
0.000000000000000000e+00
2.211309818061611056e+07
0.000000000000000000e+00
0.000000000000000000e+00
3.698954796617798507e+07
3.036620535469973460e+06
0.000000000000000000e+00
0.000000000000000000e+00
2.044062953170357645e+07
4.645776186764994636e+06
2.963668314487642795e+07
1.842353662888646871e+07
0.000000000000000000e+00
8.367052550266250037e+06
0.000000000000000000e+00
0.000000000000000000e+00
1.520181743514961749e+07
0.000000000000000000e+00
1.120409228153827600e+07
1.121314651598995738e+07
2.679058917915271968e+07
5.936188994694892317e+07
1.581789336736841500e+07
4.681980540473380685e+07
1.435073820232620649e+07
0.000000000000000000e+00
1.581789336736841500e+07
0.000000000000000000e+00
1.633420478169879690e+07
3.492456786482603103e+07
0.000000000000000000e+00
1.511513571990927868e+07
2.470563396172506362e+07
0.000000000000000000e+00
0.000000000000000000e+00
6.498766752669321373e+06
1.711422277024690434e+07
0.000000000000000000e+00
1.520181743514961749e+07
0.000000000000000000e+00
4.645776186764994636e+06
1.783506548323198408e+07
3.555814468184973300e+07
0.000000000000000000e+00
6.578681478572827764e+06
5.115833978926812112e+07
0.000000000000000000e+00
0.000000000000000000e+00
1.842353662888646871e+07
0.000000000000000000e+00
2.783572582350158691e+07
1.713460805296326801e+07
7.598002556364682317e+07
2.526209106719450653e+07
1.662257930751162954e+07
8.083054654213435017e+06
0.000000000000000000e+00
1.235757487749014236e+07
1.998885871067782119e+07
1.713460805296326801e+07
1.101305332668757439e+07
6.578681478572827764e+06
0.000000000000000000e+00
3.324145904324587435e+07
0.000000000000000000e+00
0.000000000000000000e+00
0.000000000000000000e+00
2.699204684821447730e+07
0.000000000000000000e+00
3.353867234879574925e+07
0.000000000000000000e+00
3.938422905827876180e+07
2.526209106719450653e+07
9.755523303125970066e+06
0.000000000000000000e+00
0.000000000000000000e+00
2.997647083051514626e+07
0.000000000000000000e+00
1.612723627299897000e+07
2.714028959968654439e+07
1.612723627299897000e+07
5.541308459506445378e+07
1.876332431452518702e+07
0.000000000000000000e+00
3.625543029977874458e+07
1.511513571990927868e+07
2.714028959968654439e+07
0.000000000000000000e+00
3.859476521731971204e+07
1.581789336736841500e+07
2.363992601633308455e+07
1.520181743514961749e+07
0.000000000000000000e+00
1.121314651598995738e+07
1.581789336736841500e+07
1.111967518968340755e+07
1.534551818557641469e+07
4.213682616042256355e+07
1.520181743514961749e+07
1.928714693575171009e+07
0.000000000000000000e+00
3.036620535469973460e+06
0.000000000000000000e+00
3.538590362203681469e+07
1.893625635606297106e+07
3.279343756641583890e+07
2.178049891372244433e+07
0.000000000000000000e+00
1.519928314064409584e+07
0.000000000000000000e+00
1.822622365165280178e+07
3.324145904324587435e+07
2.719500587470350415e+07
4.183263713017664850e+07
2.559028605335890129e+07
0.000000000000000000e+00
0.000000000000000000e+00
1.435073820232620649e+07
0.000000000000000000e+00
0.000000000000000000e+00
2.046366955413340777e+07
0.000000000000000000e+00
1.822622365165280178e+07
1.318928929646698944e+07
1.711422277024690434e+07
4.646641737759174407e+07
2.949218293045341223e+07
0.000000000000000000e+00
1.511513571990927868e+07
0.000000000000000000e+00
0.000000000000000000e+00
0.000000000000000000e+00
0.000000000000000000e+00
0.000000000000000000e+00
0.000000000000000000e+00
0.000000000000000000e+00
6.050816752396401763e+07
0.000000000000000000e+00
0.000000000000000000e+00
0.000000000000000000e+00
0.000000000000000000e+00
1.435073820232620649e+07
1.235757487749014236e+07
0.000000000000000000e+00
4.600228747314972430e+07
1.435073820232620649e+07
0.000000000000000000e+00
1.435073820232620649e+07
1.650103123593956046e+07
0.000000000000000000e+00
2.169804989331341535e+07
0.000000000000000000e+00
1.968805604913631082e+07
0.000000000000000000e+00
3.536083170461606979e+07
1.822622365165280178e+07
3.389726748407216370e+07
1.711422277024690434e+07
0.000000000000000000e+00
1.581789336736841500e+07
3.101971080251803249e+07
3.097331750983783603e+07
1.534551818557641469e+07
6.498766752669321373e+06
0.000000000000000000e+00
2.686974607337287441e+07
0.000000000000000000e+00
1.876332431452518702e+07
1.511513571990927868e+07
3.659838979775717109e+07
1.424071281700824946e+07
6.498766752669321373e+06
0.000000000000000000e+00
1.318928929646698944e+07
1.765624036427312717e+07
3.119295099221609533e+07
0.000000000000000000e+00
0.000000000000000000e+00
0.000000000000000000e+00
3.231892460330797732e+07
1.738735873779617995e+07
6.394411026348390616e+06
1.662257930751162954e+07
1.519928314064409584e+07
3.036620535469973460e+06
3.932652716396370530e+07
0.000000000000000000e+00
0.000000000000000000e+00
6.578681478572827764e+06
0.000000000000000000e+00
0.000000000000000000e+00
9.755523303125970066e+06
1.318928929646698944e+07
5.146768269489867985e+07
1.581789336736841500e+07
0.000000000000000000e+00
1.612723627299897000e+07
0.000000000000000000e+00
1.713460805296326801e+07
0.000000000000000000e+00
0.000000000000000000e+00
2.654961046711469069e+07
3.665944030500053614e+07
1.743948257157753408e+07
1.120409228153827600e+07
1.581789336736841500e+07
3.504611593639809638e+07
8.083054654213435017e+06
2.304900855240158737e+07
3.054733562072603405e+07
4.238379081206449866e+07
1.662257930751162954e+07
0.000000000000000000e+00
6.394411026348390616e+06
0.000000000000000000e+00
1.612723627299897000e+07
1.662257930751162954e+07
3.100191203736539558e+07
6.426429244889957830e+06
1.235757487749014236e+07
1.998885871067782119e+07
0.000000000000000000e+00
0.000000000000000000e+00
3.182439674266124517e+07
0.000000000000000000e+00
4.712914831036436558e+07
0.000000000000000000e+00
3.934042261292443424e+07
1.822622365165280178e+07
0.000000000000000000e+00
9.755523303125970066e+06
2.838857243711108714e+07
1.318928929646698944e+07
1.534551818557641469e+07
0.000000000000000000e+00
1.140367308573622257e+07
1.121314651598995738e+07
0.000000000000000000e+00
0.000000000000000000e+00
0.000000000000000000e+00
4.983904957700626552e+07
0.000000000000000000e+00
3.484880295916443318e+07
4.066001650819244236e+07
3.078111150637660921e+07
1.713460805296326801e+07
4.031966616125842929e+07
0.000000000000000000e+00
1.520181743514961749e+07
0.000000000000000000e+00
0.000000000000000000e+00
0.000000000000000000e+00
0.000000000000000000e+00
1.318928929646698944e+07
0.000000000000000000e+00
1.650103123593956046e+07
2.783572582350158691e+07
1.998885871067782119e+07
0.000000000000000000e+00
0.000000000000000000e+00
0.000000000000000000e+00
2.949218293045341223e+07
4.253064685725274682e+07
0.000000000000000000e+00
2.831831505178517848e+07
1.612723627299897000e+07
6.426429244889957830e+06
1.876332431452518702e+07
1.783506548323198408e+07
6.394411026348390616e+06
1.235757487749014236e+07
0.000000000000000000e+00
2.114680742270455509e+07
0.000000000000000000e+00
6.898997532207682729e+07
3.800373569514267892e+07
1.711422277024690434e+07
2.830442501637626812e+07
1.235757487749014236e+07
1.534551818557641469e+07
1.876332431452518702e+07
0.000000000000000000e+00
2.640590971668789536e+07
3.046065390548569337e+07
6.340863464792037755e+07
0.000000000000000000e+00
0.000000000000000000e+00
3.233389119360736385e+07
0.000000000000000000e+00
0.000000000000000000e+00
0.000000000000000000e+00
6.498766752669321373e+06
3.119295099221609533e+07
4.740369081388823688e+07
3.362535406403608620e+07
2.751541146565967798e+07
0.000000000000000000e+00
0.000000000000000000e+00
0.000000000000000000e+00
3.311406251685139537e+07
0.000000000000000000e+00
0.000000000000000000e+00
0.000000000000000000e+00
2.838857243711108714e+07
6.394411026348390616e+06
0.000000000000000000e+00
1.534551818557641469e+07
0.000000000000000000e+00
0.000000000000000000e+00
0.000000000000000000e+00
2.337062820417771488e+07
1.876332431452518702e+07
9.289187814006878063e+06
1.929620117020339146e+07
0.000000000000000000e+00
0.000000000000000000e+00
1.235757487749014236e+07
0.000000000000000000e+00
1.520181743514961749e+07
0.000000000000000000e+00
6.218082314641435444e+07
5.324975439092099667e+07
3.895085107940919697e+07
0.000000000000000000e+00
8.367052550266250037e+06
6.426429244889957830e+06
0.000000000000000000e+00
0.000000000000000000e+00
0.000000000000000000e+00
0.000000000000000000e+00
0.000000000000000000e+00
3.893718210823117197e+07
1.121314651598995738e+07
1.520181743514961749e+07
1.235757487749014236e+07
0.000000000000000000e+00
7.446902893933703005e+07
2.519727742446034029e+07
3.960425324760656804e+07
2.830442501637626812e+07
0.000000000000000000e+00
0.000000000000000000e+00
0.000000000000000000e+00
0.000000000000000000e+00
1.822622365165280178e+07
0.000000000000000000e+00
0.000000000000000000e+00
4.158970136095074564e+07
6.394411026348390616e+06
6.426429244889957830e+06
0.000000000000000000e+00
0.000000000000000000e+00
1.842353662888646871e+07
5.988499022846593708e+07
0.000000000000000000e+00
8.083054654213435017e+06
0.000000000000000000e+00
1.711422277024690434e+07
0.000000000000000000e+00
1.822622365165280178e+07
0.000000000000000000e+00
1.876332431452518702e+07
1.875198590383853391e+07
2.231666012003773451e+07
3.078111150637660921e+07
0.000000000000000000e+00
0.000000000000000000e+00
1.121314651598995738e+07
1.998885871067782119e+07
0.000000000000000000e+00
1.511513571990927868e+07
0.000000000000000000e+00
1.876332431452518702e+07
2.548127532051315531e+07
1.581789336736841500e+07
2.337062820417771488e+07
1.711422277024690434e+07
4.885193779766780883e+07
0.000000000000000000e+00
1.760755754233834893e+07
0.000000000000000000e+00
9.289187814006878063e+06
0.000000000000000000e+00
0.000000000000000000e+00
1.121314651598995738e+07
2.686974607337287441e+07
2.734038278898892552e+07
1.822622365165280178e+07
1.842353662888646871e+07
0.000000000000000000e+00
3.433959691300402582e+07
0.000000000000000000e+00
0.000000000000000000e+00
1.612723627299897000e+07
3.342804108680241928e+07
0.000000000000000000e+00
0.000000000000000000e+00
3.956739190710458905e+07
0.000000000000000000e+00
0.000000000000000000e+00
2.755685801813423634e+07
1.711422277024690434e+07
0.000000000000000000e+00
3.698954796617798507e+07
3.326184432596223801e+07
1.876332431452518702e+07
3.321701842404267937e+07
3.357174183722921461e+07
1.534551818557641469e+07
2.782667158904990554e+07
0.000000000000000000e+00
0.000000000000000000e+00
1.711422277024690434e+07
2.169804989331341535e+07
3.661143801818945259e+07
0.000000000000000000e+00
1.612723627299897000e+07
0.000000000000000000e+00
0.000000000000000000e+00
0.000000000000000000e+00
1.759850330788666755e+07
0.000000000000000000e+00
4.961509375279095769e+07
1.893625635606297106e+07
1.876332431452518702e+07
0.000000000000000000e+00
1.771191326865927875e+07
0.000000000000000000e+00
8.083054654213435017e+06
1.101305332668757439e+07
3.805737308267279714e+07
1.120409228153827600e+07
1.101305332668757439e+07
0.000000000000000000e+00
1.876332431452518702e+07
8.367052550266250037e+06
1.770285903420759737e+07
2.963668314487642795e+07
0.000000000000000000e+00
4.645776186764994636e+06
2.287199983841779828e+07
2.637810261063759774e+07
0.000000000000000000e+00
0.000000000000000000e+00
0.000000000000000000e+00
0.000000000000000000e+00
2.830442501637626812e+07
5.246206920172183961e+07
0.000000000000000000e+00
1.713460805296326801e+07
0.000000000000000000e+00
1.822622365165280178e+07
3.580675207804623246e+07
0.000000000000000000e+00
3.119295099221609533e+07
0.000000000000000000e+00
0.000000000000000000e+00
0.000000000000000000e+00
4.267199373804351687e+07
6.578681478572827764e+06
0.000000000000000000e+00
4.645776186764994636e+06
6.489817083695250005e+07
8.083054654213435017e+06
3.488987348428592831e+07
1.435073820232620649e+07
0.000000000000000000e+00
3.344841489379665256e+07
0.000000000000000000e+00
0.000000000000000000e+00
1.822622365165280178e+07
0.000000000000000000e+00
2.363337480563259125e+07
0.000000000000000000e+00
9.755523303125970066e+06
0.000000000000000000e+00
1.101305332668757439e+07
1.711422277024690434e+07
0.000000000000000000e+00
1.581789336736841500e+07
0.000000000000000000e+00
2.418494591763466597e+07
1.519928314064409584e+07
0.000000000000000000e+00
2.337062820417771488e+07
0.000000000000000000e+00
0.000000000000000000e+00
0.000000000000000000e+00
0.000000000000000000e+00
2.579021904994643852e+07
1.581789336736841500e+07
0.000000000000000000e+00
0.000000000000000000e+00
2.683094669405598938e+07
1.842353662888646871e+07
3.141551294811978936e+07
3.434203257466761768e+07
1.121314651598995738e+07
0.000000000000000000e+00
0.000000000000000000e+00
3.147275445857538283e+07
0.000000000000000000e+00
1.713460805296326801e+07
4.645776186764994636e+06
8.367052550266250037e+06
0.000000000000000000e+00
0.000000000000000000e+00
3.353867234879574925e+07
0.000000000000000000e+00
1.711422277024690434e+07
0.000000000000000000e+00
1.520181743514961749e+07
3.536083170461606979e+07
0.000000000000000000e+00
1.711422277024690434e+07
8.083054654213435017e+06
1.520181743514961749e+07
0.000000000000000000e+00
1.486581930293557048e+07
1.101305332668757439e+07
0.000000000000000000e+00
1.520181743514961749e+07
0.000000000000000000e+00
6.498766752669321373e+06
1.998885871067782119e+07
1.713460805296326801e+07
0.000000000000000000e+00
0.000000000000000000e+00
1.711422277024690434e+07
0.000000000000000000e+00
6.394411026348390616e+06
9.289187814006878063e+06
1.272883084097842872e+07
1.822622365165280178e+07
8.083054654213435017e+06
0.000000000000000000e+00
0.000000000000000000e+00
1.612723627299897000e+07
0.000000000000000000e+00
2.354065201513686031e+07
3.288203648969553411e+07
1.842353662888646871e+07
0.000000000000000000e+00
1.876332431452518702e+07
1.120409228153827600e+07
1.771191326865927875e+07
0.000000000000000000e+00
1.511513571990927868e+07
0.000000000000000000e+00
6.426429244889957830e+06
1.476146357661464065e+07
0.000000000000000000e+00
1.876332431452518702e+07
1.662257930751162954e+07
0.000000000000000000e+00
1.120409228153827600e+07
0.000000000000000000e+00
0.000000000000000000e+00
4.645776186764994636e+06
1.318928929646698944e+07
0.000000000000000000e+00
0.000000000000000000e+00
0.000000000000000000e+00
1.534551818557641469e+07
0.000000000000000000e+00
3.613879304015218467e+07
2.770309306306655705e+07
3.957034405159102380e+07
3.619502314057194442e+07
0.000000000000000000e+00
1.662257930751162954e+07
9.755523303125970066e+06
0.000000000000000000e+00
4.645776186764994636e+06
3.727819868315572292e+07
1.101305332668757439e+07
1.998885871067782119e+07
2.526209106719450653e+07
1.650103123593956046e+07
4.526991559762509167e+07
1.447746568056182563e+07
0.000000000000000000e+00
4.404548547756781429e+07
5.424023986954576522e+07
1.612723627299897000e+07
1.842353662888646871e+07
1.235757487749014236e+07
1.534551818557641469e+07
1.581789336736841500e+07
0.000000000000000000e+00
1.511513571990927868e+07
6.426429244889957830e+06
0.000000000000000000e+00
3.124237199290824682e+07
0.000000000000000000e+00
9.755523303125970066e+06
0.000000000000000000e+00
1.822622365165280178e+07
0.000000000000000000e+00
2.064417807780832052e+07
0.000000000000000000e+00
1.968805604913631082e+07
1.998885871067782119e+07
1.876332431452518702e+07
0.000000000000000000e+00
0.000000000000000000e+00
6.426429244889957830e+06
4.312917059061153233e+07
0.000000000000000000e+00
1.842353662888646871e+07
0.000000000000000000e+00
1.876332431452518702e+07
1.121314651598995738e+07
0.000000000000000000e+00
0.000000000000000000e+00
0.000000000000000000e+00
0.000000000000000000e+00
0.000000000000000000e+00
6.394411026348390616e+06
3.120200522666777670e+07
1.876332431452518702e+07
4.762449134487702698e+07
2.800831349892698973e+07
3.262826750893852860e+07
1.711422277024690434e+07
1.424071281700824946e+07
1.435073820232620649e+07
1.842353662888646871e+07
0.000000000000000000e+00
1.520181743514961749e+07
0.000000000000000000e+00
1.822622365165280178e+07
1.585892270275495201e+07
0.000000000000000000e+00
5.033163765087589622e+07
0.000000000000000000e+00
6.394411026348390616e+06
0.000000000000000000e+00
1.300511072346278653e+07
3.467633085613248497e+07
2.839110673161660880e+07
2.356633569091034681e+07
1.958370032281538099e+07
0.000000000000000000e+00
3.654609807463629544e+07
1.235757487749014236e+07
1.662257930751162954e+07
9.289187814006878063e+06
0.000000000000000000e+00
0.000000000000000000e+00
3.119295099221609533e+07
0.000000000000000000e+00
0.000000000000000000e+00
0.000000000000000000e+00
3.324078999508701265e+07
2.703103988335837424e+07
8.083054654213435017e+06
2.686974607337287441e+07
0.000000000000000000e+00
3.324145904324587435e+07
0.000000000000000000e+00
0.000000000000000000e+00
2.656754018925064802e+07
0.000000000000000000e+00
2.352901907931165770e+07
1.121314651598995738e+07
3.871614638975413144e+07
1.300511072346278653e+07
0.000000000000000000e+00
0.000000000000000000e+00
2.963668314487642795e+07
1.876332431452518702e+07
0.000000000000000000e+00
2.169381719848210737e+07
3.363563928890282661e+07
2.155634184673323855e+07
1.711422277024690434e+07
1.435073820232620649e+07
0.000000000000000000e+00
0.000000000000000000e+00
0.000000000000000000e+00
0.000000000000000000e+00
0.000000000000000000e+00
1.511513571990927868e+07
0.000000000000000000e+00
0.000000000000000000e+00
0.000000000000000000e+00
6.426429244889957830e+06
0.000000000000000000e+00
2.159622846149800718e+07
0.000000000000000000e+00
1.612723627299897000e+07
5.184147765783926845e+07
0.000000000000000000e+00
0.000000000000000000e+00
2.175999895701190084e+07
0.000000000000000000e+00
0.000000000000000000e+00
2.853480748204340413e+07
0.000000000000000000e+00
3.054480132622051239e+07
0.000000000000000000e+00
2.161390247257860005e+07
0.000000000000000000e+00
1.121314651598995738e+07
1.520181743514961749e+07
0.000000000000000000e+00
6.394411026348390616e+06
2.356633569091034681e+07
1.581789336736841500e+07
0.000000000000000000e+00
0.000000000000000000e+00
1.568359884035526961e+07
0.000000000000000000e+00
1.101305332668757439e+07
1.435073820232620649e+07
1.520181743514961749e+07
1.711422277024690434e+07
3.586579941253271699e+07
9.755523303125970066e+06
4.094847429534206539e+07
1.581789336736841500e+07
0.000000000000000000e+00
1.511513571990927868e+07
0.000000000000000000e+00
2.498963185777787864e+07
0.000000000000000000e+00
0.000000000000000000e+00
0.000000000000000000e+00
1.534551818557641469e+07
1.998885871067782119e+07
0.000000000000000000e+00
1.534551818557641469e+07
6.498766752669321373e+06
0.000000000000000000e+00
0.000000000000000000e+00
0.000000000000000000e+00
1.662257930751162954e+07
0.000000000000000000e+00
0.000000000000000000e+00
2.612818904659685493e+07
4.907238199670962244e+07
1.783506548323198408e+07
0.000000000000000000e+00
3.036620535469973460e+06
1.235757487749014236e+07
1.822622365165280178e+07
0.000000000000000000e+00
0.000000000000000000e+00
0.000000000000000000e+00
0.000000000000000000e+00
0.000000000000000000e+00
0.000000000000000000e+00
1.101305332668757439e+07
1.318928929646698944e+07
0.000000000000000000e+00
1.235757487749014236e+07
4.645776186764994636e+06
2.519727742446034029e+07
1.711422277024690434e+07
1.101305332668757439e+07
6.394411026348390616e+06
1.101305332668757439e+07
1.822622365165280178e+07
3.326184432596223801e+07
0.000000000000000000e+00
1.519928314064409584e+07
0.000000000000000000e+00
0.000000000000000000e+00
1.520181743514961749e+07
2.306931281565146148e+07
8.083054654213435017e+06
1.511513571990927868e+07
0.000000000000000000e+00
1.120409228153827600e+07
3.588113711289338768e+07
2.340910050129017979e+07
1.998885871067782119e+07
0.000000000000000000e+00
3.312361054345118999e+07
6.578681478572827764e+06
3.935295630978550017e+07
2.641242965663405508e+07
0.000000000000000000e+00
0.000000000000000000e+00
4.922813568901819736e+07
0.000000000000000000e+00
8.083054654213435017e+06
2.675887436738110334e+07
6.426429244889957830e+06
2.371257073584266379e+07
1.435073820232620649e+07
4.944324743140450120e+07
1.520181743514961749e+07
6.394411026348390616e+06
2.685808058048179746e+07
1.101305332668757439e+07
4.645776186764994636e+06
1.534551818557641469e+07
0.000000000000000000e+00
3.608123030219576508e+07
0.000000000000000000e+00
6.354543245567564666e+07
0.000000000000000000e+00
3.308527276167273149e+07
3.036620535469973460e+06
0.000000000000000000e+00
2.839110673161660880e+07
0.000000000000000000e+00
1.519928314064409584e+07
1.622590983193696290e+07
1.121314651598995738e+07
6.394411026348390616e+06
1.662257930751162954e+07
1.650103123593956046e+07
0.000000000000000000e+00
9.289187814006878063e+06
1.713460805296326801e+07
0.000000000000000000e+00
0.000000000000000000e+00
3.036620535469973460e+06
0.000000000000000000e+00
1.435073820232620649e+07
6.498766752669321373e+06
1.581789336736841500e+07
6.578681478572827764e+06
1.121314651598995738e+07
0.000000000000000000e+00
1.711422277024690434e+07
1.842353662888646871e+07
0.000000000000000000e+00
4.399695329938085377e+07
2.684637896873862296e+07
4.102501511996857822e+07
0.000000000000000000e+00
4.715111507040156424e+07
0.000000000000000000e+00
2.805251212853206694e+07
0.000000000000000000e+00
0.000000000000000000e+00
2.641496395113957673e+07
2.771417775192951784e+07
1.511513571990927868e+07
0.000000000000000000e+00
0.000000000000000000e+00
1.101305332668757439e+07
1.121314651598995738e+07
3.805737308267279714e+07
3.375718736047489941e+07
7.053047325987182558e+07
0.000000000000000000e+00
0.000000000000000000e+00
1.534551818557641469e+07
1.121314651598995738e+07
8.083054654213435017e+06
1.842353662888646871e+07
0.000000000000000000e+00
0.000000000000000000e+00
0.000000000000000000e+00
4.531293478163987398e+07
1.120409228153827600e+07
0.000000000000000000e+00
2.659327620191905275e+07
0.000000000000000000e+00
4.074787095100016147e+07
1.520181743514961749e+07
1.101305332668757439e+07
0.000000000000000000e+00
0.000000000000000000e+00
0.000000000000000000e+00
1.235757487749014236e+07
1.842353662888646871e+07
4.329162041509228200e+07
1.121314651598995738e+07
3.410884250010160357e+07
1.958019906625620648e+07
0.000000000000000000e+00
2.463470599958329275e+07
4.645776186764994636e+06
5.100049848286548257e+07
2.356166715902841836e+07
4.645776186764994636e+06
0.000000000000000000e+00
1.711422277024690434e+07
0.000000000000000000e+00
1.662257930751162954e+07
0.000000000000000000e+00
0.000000000000000000e+00
0.000000000000000000e+00
1.435073820232620649e+07
2.934589884133620933e+07
2.839110673161660880e+07
2.947179764773704857e+07
1.111967518968340755e+07
0.000000000000000000e+00
3.718686094341165572e+07
1.235757487749014236e+07
0.000000000000000000e+00
0.000000000000000000e+00
6.499751484949250519e+07
4.992673586747001857e+07
0.000000000000000000e+00
1.876332431452518702e+07
1.740746435303596407e+07
0.000000000000000000e+00
1.662257930751162954e+07
0.000000000000000000e+00
0.000000000000000000e+00
1.121314651598995738e+07
1.520181743514961749e+07
2.484996587377642840e+07
1.876332431452518702e+07
2.363992601633308455e+07
4.118056311205342412e+07
1.612723627299897000e+07
1.842353662888646871e+07
0.000000000000000000e+00
0.000000000000000000e+00
1.838213872104638815e+07
0.000000000000000000e+00
3.580675207804623246e+07
1.711422277024690434e+07
0.000000000000000000e+00
0.000000000000000000e+00
0.000000000000000000e+00
1.435073820232620649e+07
0.000000000000000000e+00
0.000000000000000000e+00
6.498766752669321373e+06
1.650103123593956046e+07
0.000000000000000000e+00
2.312134606018095091e+07
0.000000000000000000e+00
5.493983887047348171e+07
1.235757487749014236e+07
0.000000000000000000e+00
2.618734115156423301e+07
4.489151336112204194e+07
1.998885871067782119e+07
0.000000000000000000e+00
3.956000354248234630e+07
6.498766752669321373e+06
1.318928929646698944e+07
0.000000000000000000e+00
1.842353662888646871e+07
0.000000000000000000e+00
0.000000000000000000e+00
1.120409228153827600e+07
3.262826750893852860e+07
1.104018721311338618e+07
0.000000000000000000e+00
8.367052550266250037e+06
1.662257930751162954e+07
1.612723627299897000e+07
1.520181743514961749e+07
1.711422277024690434e+07
0.000000000000000000e+00
0.000000000000000000e+00
1.662257930751162954e+07
0.000000000000000000e+00
1.519928314064409584e+07
0.000000000000000000e+00
1.581789336736841500e+07
1.511513571990927868e+07
1.318928929646698944e+07
1.511513571990927868e+07
0.000000000000000000e+00
1.822622365165280178e+07
0.000000000000000000e+00
1.511513571990927868e+07
1.713460805296326801e+07
2.480490513022562861e+07
9.755523303125970066e+06
2.146015716435644031e+07
1.101305332668757439e+07
0.000000000000000000e+00
1.612723627299897000e+07
0.000000000000000000e+00
0.000000000000000000e+00
0.000000000000000000e+00
0.000000000000000000e+00
0.000000000000000000e+00
0.000000000000000000e+00
1.711422277024690434e+07
0.000000000000000000e+00
0.000000000000000000e+00
0.000000000000000000e+00
1.822622365165280178e+07
2.834775456895322353e+07
3.116341155294483155e+07
9.755523303125970066e+06
0.000000000000000000e+00
0.000000000000000000e+00
0.000000000000000000e+00
1.235757487749014236e+07
4.070470076212666929e+07
1.916385680846894532e+07
0.000000000000000000e+00
1.998885871067782119e+07
1.876332431452518702e+07
0.000000000000000000e+00
3.776938673021618277e+07
1.662257930751162954e+07
3.452168712328286469e+07
0.000000000000000000e+00
1.876332431452518702e+07
0.000000000000000000e+00
0.000000000000000000e+00
0.000000000000000000e+00
0.000000000000000000e+00
0.000000000000000000e+00
9.289187814006878063e+06
0.000000000000000000e+00
6.578681478572827764e+06
0.000000000000000000e+00
0.000000000000000000e+00
2.923927697834037617e+07
0.000000000000000000e+00
6.578681478572827764e+06
0.000000000000000000e+00
3.718686094341165572e+07
4.645776186764994636e+06
1.711422277024690434e+07
0.000000000000000000e+00
6.426429244889957830e+06
3.755782257929322124e+07
1.581789336736841500e+07
0.000000000000000000e+00
1.450948389910339192e+07
1.842353662888646871e+07
4.199155024318896234e+07
4.015159838682328910e+07
0.000000000000000000e+00
5.845117344636473805e+07
8.083054654213435017e+06
1.121314651598995738e+07
9.289187814006878063e+06
1.650103123593956046e+07
3.844004195297484100e+07
0.000000000000000000e+00
2.162571238553405553e+07
0.000000000000000000e+00
1.876332431452518702e+07
2.814766137965084240e+07
0.000000000000000000e+00
0.000000000000000000e+00
1.435073820232620649e+07
0.000000000000000000e+00
0.000000000000000000e+00
1.842353662888646871e+07
1.520181743514961749e+07
0.000000000000000000e+00
4.305385133134892583e+07
4.645776186764994636e+06
0.000000000000000000e+00
8.367052550266250037e+06
2.481794765523485839e+07
1.520181743514961749e+07
0.000000000000000000e+00
0.000000000000000000e+00
1.625429005579529144e+07
0.000000000000000000e+00
0.000000000000000000e+00
0.000000000000000000e+00
1.435073820232620649e+07
2.625967865934359282e+07
3.036620535469973460e+06
2.885860611342970282e+07
0.000000000000000000e+00
0.000000000000000000e+00
2.352901907931165770e+07
3.638747967058970034e+07
2.179994484999515861e+07
0.000000000000000000e+00
6.475653848091815412e+07
0.000000000000000000e+00
3.664976028053927422e+07
6.498766752669321373e+06
0.000000000000000000e+00
2.470563396172506362e+07
0.000000000000000000e+00
0.000000000000000000e+00
2.951385997297080606e+07
3.424142999625488371e+07
2.812727609693447873e+07
0.000000000000000000e+00
4.675090591512332857e+07
0.000000000000000000e+00
1.650103123593956046e+07
0.000000000000000000e+00
0.000000000000000000e+00
0.000000000000000000e+00
9.124350284139655530e+07
1.998885871067782119e+07
0.000000000000000000e+00
0.000000000000000000e+00
0.000000000000000000e+00
4.262922028253641725e+07
1.612723627299897000e+07
2.302547924614779651e+07
0.000000000000000000e+00
2.974438201380379125e+07
1.842353662888646871e+07
1.581789336736841500e+07
0.000000000000000000e+00
0.000000000000000000e+00
6.589066644053719938e+07
2.519727742446034029e+07
9.755523303125970066e+06
1.822622365165280178e+07
0.000000000000000000e+00
2.221230439371680468e+07
6.426429244889957830e+06
4.645776186764994636e+06
0.000000000000000000e+00
9.755523303125970066e+06
1.435073820232620649e+07
1.876332431452518702e+07
0.000000000000000000e+00
2.943937016764275730e+07
3.145958695228853822e+07
4.368176295949755609e+07
1.842353662888646871e+07
0.000000000000000000e+00
0.000000000000000000e+00
0.000000000000000000e+00
9.289187814006878063e+06
2.352901907931165770e+07
1.822622365165280178e+07
0.000000000000000000e+00
0.000000000000000000e+00
0.000000000000000000e+00
0.000000000000000000e+00
1.662257930751162954e+07
0.000000000000000000e+00
3.536083170461606979e+07
0.000000000000000000e+00
1.121314651598995738e+07
4.129553646730426699e+07
2.548127532051315531e+07
2.481794765523485839e+07
1.842353662888646871e+07
4.169679850343149155e+07
1.612723627299897000e+07
3.734133556258681417e+07
1.511513571990927868e+07
0.000000000000000000e+00
2.900718266383540630e+07
0.000000000000000000e+00
0.000000000000000000e+00
0.000000000000000000e+00
1.101305332668757439e+07
0.000000000000000000e+00
6.498766752669321373e+06
0.000000000000000000e+00
1.534551818557641469e+07
0.000000000000000000e+00
0.000000000000000000e+00
0.000000000000000000e+00
3.526435555046474934e+07
3.036620535469973460e+06
0.000000000000000000e+00
6.578681478572827764e+06
0.000000000000000000e+00
1.612723627299897000e+07
0.000000000000000000e+00
0.000000000000000000e+00
6.394411026348390616e+06
1.711422277024690434e+07
3.718686094341165572e+07
9.755523303125970066e+06
2.949218293045341223e+07
0.000000000000000000e+00
1.318928929646698944e+07
1.822622365165280178e+07
1.584986846830327064e+07
0.000000000000000000e+00
2.173992921192480624e+07
1.101305332668757439e+07
0.000000000000000000e+00
0.000000000000000000e+00
1.842353662888646871e+07
0.000000000000000000e+00
3.945781938370150328e+07
0.000000000000000000e+00
0.000000000000000000e+00
1.650103123593956046e+07
1.743948257157753408e+07
1.662257930751162954e+07
0.000000000000000000e+00
1.520181743514961749e+07
0.000000000000000000e+00
1.121314651598995738e+07
0.000000000000000000e+00
0.000000000000000000e+00
0.000000000000000000e+00
0.000000000000000000e+00
2.755685801813423634e+07
1.612723627299897000e+07
1.101305332668757439e+07
6.578681478572827764e+06
3.132651941364306584e+07
0.000000000000000000e+00
3.534044642189970613e+07
0.000000000000000000e+00
8.083054654213435017e+06
3.664976028053927422e+07
1.612723627299897000e+07
4.525094977787233144e+07
1.534551818557641469e+07
8.083054654213435017e+06
0.000000000000000000e+00
0.000000000000000000e+00
1.822622365165280178e+07
1.711422277024690434e+07
1.711422277024690434e+07
0.000000000000000000e+00
1.581789336736841500e+07
1.876332431452518702e+07
0.000000000000000000e+00
1.121314651598995738e+07
1.101305332668757439e+07
0.000000000000000000e+00
1.534551818557641469e+07
6.426429244889957830e+06
2.659327620191905275e+07
1.511513571990927868e+07
1.511513571990927868e+07
6.426429244889957830e+06
1.822622365165280178e+07
0.000000000000000000e+00
3.361525400618646294e+07
3.856102912953861058e+07
6.394411026348390616e+06
1.650103123593956046e+07
2.161390247257860005e+07
1.822622365165280178e+07
1.435073820232620649e+07
2.462063467800119147e+07
1.842353662888646871e+07
2.817546824485855550e+07
6.578681478572827764e+06
1.822622365165280178e+07
1.612723627299897000e+07
0.000000000000000000e+00
0.000000000000000000e+00
1.662257930751162954e+07
3.195261361099217832e+07
4.974249027918542922e+07
1.581789336736841500e+07
1.318928929646698944e+07
3.611609498367679119e+07
2.817546824485855550e+07
1.711422277024690434e+07
2.146015716435644031e+07
2.805251212853206694e+07
1.822622365165280178e+07
3.404411701902121305e+07
0.000000000000000000e+00
0.000000000000000000e+00
2.648762546334714442e+07
0.000000000000000000e+00
1.279214383859594353e+07
0.000000000000000000e+00
1.751182007935689390e+07
0.000000000000000000e+00
0.000000000000000000e+00
6.394411026348390616e+06
0.000000000000000000e+00
1.842353662888646871e+07
0.000000000000000000e+00
0.000000000000000000e+00
1.876332431452518702e+07
0.000000000000000000e+00
0.000000000000000000e+00
6.394411026348390616e+06
4.483850058002604544e+07
1.822622365165280178e+07
1.435073820232620649e+07
1.738735873779617995e+07
0.000000000000000000e+00
1.662257930751162954e+07
4.789533427662351727e+07
1.424976705145993084e+07
6.394411026348390616e+06
0.000000000000000000e+00
9.431031561818365008e+06
1.435073820232620649e+07
1.318928929646698944e+07
8.367052550266250037e+06
0.000000000000000000e+00
0.000000000000000000e+00
0.000000000000000000e+00
1.929620117020339146e+07
6.394411026348390616e+06
0.000000000000000000e+00
1.711422277024690434e+07
0.000000000000000000e+00
1.998885871067782119e+07
1.235757487749014236e+07
2.170058418781893700e+07
1.120409228153827600e+07
4.645776186764994636e+06
0.000000000000000000e+00
0.000000000000000000e+00
3.536083170461606979e+07
1.101305332668757439e+07
3.196809749308804423e+07
3.710308148092472553e+07
0.000000000000000000e+00
9.755523303125970066e+06
6.394411026348390616e+06
0.000000000000000000e+00
0.000000000000000000e+00
2.159622846149800718e+07
1.466173613278626278e+07
0.000000000000000000e+00
0.000000000000000000e+00
1.612723627299897000e+07
0.000000000000000000e+00
0.000000000000000000e+00
3.564775932627086341e+07
1.612723627299897000e+07
0.000000000000000000e+00
0.000000000000000000e+00
1.662257930751162954e+07
1.120409228153827600e+07
0.000000000000000000e+00
1.612723627299897000e+07
1.822622365165280178e+07
1.111967518968340755e+07
3.776938673021618277e+07
0.000000000000000000e+00
1.976797077503981814e+07
1.711422277024690434e+07
5.836757756213175505e+07
6.394411026348390616e+06
3.455077290188543499e+07
3.195261361099217832e+07
9.755523303125970066e+06
4.541864778662317246e+07
1.662257930751162954e+07
3.161282592535346001e+07
3.587754708477209508e+07
0.000000000000000000e+00
0.000000000000000000e+00
1.998885871067782119e+07
0.000000000000000000e+00
1.822622365165280178e+07
0.000000000000000000e+00
1.662257930751162954e+07
0.000000000000000000e+00
1.998885871067782119e+07
1.581789336736841500e+07
0.000000000000000000e+00
6.426429244889957830e+06
0.000000000000000000e+00
0.000000000000000000e+00
2.222619984267753363e+07
0.000000000000000000e+00
4.645776186764994636e+06
0.000000000000000000e+00
0.000000000000000000e+00
1.435073820232620649e+07
0.000000000000000000e+00
8.367052550266250037e+06
2.548127532051315531e+07
0.000000000000000000e+00
0.000000000000000000e+00
0.000000000000000000e+00
6.394411026348390616e+06
0.000000000000000000e+00
1.519928314064409584e+07
0.000000000000000000e+00
0.000000000000000000e+00
0.000000000000000000e+00
0.000000000000000000e+00
1.662257930751162954e+07
0.000000000000000000e+00
3.718686094341165572e+07
2.146015716435644031e+07
0.000000000000000000e+00
0.000000000000000000e+00
4.645776186764994636e+06
0.000000000000000000e+00
1.121314651598995738e+07
0.000000000000000000e+00
4.196458510060964525e+07
1.120409228153827600e+07
6.578681478572827764e+06
2.688769112189354748e+07
0.000000000000000000e+00
4.213395251870290190e+07
1.938010587695382535e+07
0.000000000000000000e+00
1.650103123593956046e+07
1.842353662888646871e+07
9.289187814006878063e+06
6.426429244889957830e+06
1.612723627299897000e+07
1.235757487749014236e+07
3.199984591538434476e+07
2.734038278898892552e+07
0.000000000000000000e+00
1.519928314064409584e+07
0.000000000000000000e+00
0.000000000000000000e+00
0.000000000000000000e+00
4.940390172808787972e+07
8.367052550266250037e+06
0.000000000000000000e+00
2.641242965663405508e+07
1.662257930751162954e+07
0.000000000000000000e+00
0.000000000000000000e+00
4.645776186764994636e+06
8.367052550266250037e+06
3.718686094341165572e+07
0.000000000000000000e+00
4.645776186764994636e+06
0.000000000000000000e+00
1.519928314064409584e+07
4.179509363706866652e+07
1.120409228153827600e+07
1.650103123593956046e+07
0.000000000000000000e+00
0.000000000000000000e+00
3.484880295916443318e+07
0.000000000000000000e+00
1.612723627299897000e+07
6.578681478572827764e+06
1.822622365165280178e+07
1.783506548323198408e+07
2.184428493824573606e+07
1.662257930751162954e+07
1.318928929646698944e+07
4.992673586747001857e+07
1.822622365165280178e+07
1.318928929646698944e+07
2.161390247257860005e+07
0.000000000000000000e+00
0.000000000000000000e+00
0.000000000000000000e+00
0.000000000000000000e+00
0.000000000000000000e+00
3.538590362203681469e+07
2.175999895701190084e+07
8.367052550266250037e+06
1.581789336736841500e+07
6.426429244889957830e+06
2.319819037412271276e+07
3.222935849015618116e+07
0.000000000000000000e+00
0.000000000000000000e+00
1.711422277024690434e+07
0.000000000000000000e+00
2.683094669405598938e+07
9.755523303125970066e+06
1.318928929646698944e+07
8.083054654213435017e+06
4.645776186764994636e+06
0.000000000000000000e+00
1.713460805296326801e+07
1.650103123593956046e+07
0.000000000000000000e+00
1.711422277024690434e+07
0.000000000000000000e+00
3.581795845691320300e+07
2.307971271451238915e+07
1.581789336736841500e+07
6.498766752669321373e+06
2.814766137965084240e+07
0.000000000000000000e+00
1.612723627299897000e+07
3.195261361099217832e+07
0.000000000000000000e+00
0.000000000000000000e+00
0.000000000000000000e+00
5.044951261616351455e+07
6.179665180800564587e+07
9.755523303125970066e+06
0.000000000000000000e+00
3.363563928890282661e+07
0.000000000000000000e+00
6.426429244889957830e+06
0.000000000000000000e+00
1.435073820232620649e+07
1.662257930751162954e+07
1.842353662888646871e+07
0.000000000000000000e+00
0.000000000000000000e+00
8.083054654213435017e+06
6.426429244889957830e+06
2.992733959245917201e+07
1.842353662888646871e+07
0.000000000000000000e+00
4.850770632832898200e+07
8.083054654213435017e+06
3.353867234879574925e+07
2.943031593319107592e+07
6.394411026348390616e+06
1.713460805296326801e+07
9.289187814006878063e+06
8.083054654213435017e+06
2.224432261225837469e+07
0.000000000000000000e+00
0.000000000000000000e+00
1.519928314064409584e+07
2.150954674625767022e+07
0.000000000000000000e+00
0.000000000000000000e+00
0.000000000000000000e+00
1.713460805296326801e+07
1.842353662888646871e+07
2.495734073827558756e+07
0.000000000000000000e+00
3.484880295916443318e+07
3.993919936347305775e+07
2.270591775157179683e+07
0.000000000000000000e+00
3.477433556289087981e+07
1.771191326865927875e+07
2.462063467800119147e+07
0.000000000000000000e+00
0.000000000000000000e+00
6.578681478572827764e+06
0.000000000000000000e+00
0.000000000000000000e+00
3.198615897575392202e+07
6.498766752669321373e+06
1.842353662888646871e+07
2.683094669405598938e+07
0.000000000000000000e+00
8.367052550266250037e+06
4.645776186764994636e+06
0.000000000000000000e+00
2.356886998541586846e+07
0.000000000000000000e+00
0.000000000000000000e+00
3.875461868686659634e+07
1.822622365165280178e+07
0.000000000000000000e+00
0.000000000000000000e+00
0.000000000000000000e+00
0.000000000000000000e+00
1.713460805296326801e+07
2.495480644377006590e+07
3.170284867108917981e+07
3.100191203736539558e+07
3.085176943826576695e+07
0.000000000000000000e+00
1.101305332668757439e+07
0.000000000000000000e+00
0.000000000000000000e+00
1.713460805296326801e+07
0.000000000000000000e+00
4.160207272464194894e+07
3.054733562072603405e+07
3.334135937156207860e+07
2.294481259959296137e+07
9.289187814006878063e+06
6.498766752669321373e+06
1.998885871067782119e+07
0.000000000000000000e+00
3.365647132470782101e+07
1.114454293943431601e+07
1.435073820232620649e+07
0.000000000000000000e+00
2.526209106719450653e+07
1.120409228153827600e+07
4.418197162015138566e+07
1.447746568056182563e+07
6.498766752669321373e+06
3.234643358816796541e+07
2.363337480563259125e+07
0.000000000000000000e+00
1.520181743514961749e+07
3.387846003443446755e+07
2.354065201513686031e+07
1.822622365165280178e+07
2.641528795556777716e+07
9.755523303125970066e+06
0.000000000000000000e+00
0.000000000000000000e+00
6.426429244889957830e+06
0.000000000000000000e+00
0.000000000000000000e+00
8.083054654213435017e+06
6.394411026348390616e+06
1.101305332668757439e+07
1.633420478169879690e+07
1.650103123593956046e+07
1.511513571990927868e+07
0.000000000000000000e+00
1.450948389910339192e+07
0.000000000000000000e+00
2.931652556946595758e+07
1.121314651598995738e+07
0.000000000000000000e+00
0.000000000000000000e+00
0.000000000000000000e+00
4.645776186764994636e+06
0.000000000000000000e+00
3.324145904324587435e+07
0.000000000000000000e+00
1.519928314064409584e+07
1.618195254801592790e+07
0.000000000000000000e+00
3.455077290188543499e+07
2.635857151226399094e+07
8.083054654213435017e+06
0.000000000000000000e+00
2.328233779485753179e+07
1.101305332668757439e+07
0.000000000000000000e+00
1.235757487749014236e+07
6.394411026348390616e+06
1.711422277024690434e+07
2.838857243711108714e+07
2.679058917915271968e+07
1.822622365165280178e+07
6.394411026348390616e+06
2.421029092721240595e+07
8.367052550266250037e+06
0.000000000000000000e+00
0.000000000000000000e+00
1.612723627299897000e+07
0.000000000000000000e+00
0.000000000000000000e+00
6.426429244889957830e+06
0.000000000000000000e+00
1.650103123593956046e+07
1.435073820232620649e+07
1.662257930751162954e+07
4.645776186764994636e+06
0.000000000000000000e+00
1.893625635606297106e+07
0.000000000000000000e+00
0.000000000000000000e+00
3.809045520347805321e+07
1.842353662888646871e+07
0.000000000000000000e+00
0.000000000000000000e+00
0.000000000000000000e+00
3.194512964036738500e+07
0.000000000000000000e+00
0.000000000000000000e+00
1.435073820232620649e+07
0.000000000000000000e+00
3.435345992465177178e+07
6.394411026348390616e+06
2.969625638790262118e+07
8.083054654213435017e+06
1.476146357661464065e+07
0.000000000000000000e+00
1.120409228153827600e+07
3.998622260866470635e+07
8.083054654213435017e+06
1.534551818557641469e+07
4.645776186764994636e+06
0.000000000000000000e+00
0.000000000000000000e+00
0.000000000000000000e+00
1.662257930751162954e+07
3.194512964036738500e+07
1.842353662888646871e+07
1.662257930751162954e+07
0.000000000000000000e+00
1.953765177140953392e+07
0.000000000000000000e+00
0.000000000000000000e+00
8.367052550266250037e+06
6.578681478572827764e+06
6.426429244889957830e+06
0.000000000000000000e+00
1.998885871067782119e+07
8.083054654213435017e+06
3.484880295916443318e+07
1.318928929646698944e+07
2.480490513022562861e+07
0.000000000000000000e+00
1.650103123593956046e+07
3.182186244815572351e+07
9.463049780359931290e+06
2.851884761765115708e+07
1.292519599755927920e+07
2.481794765523485839e+07
1.876332431452518702e+07
0.000000000000000000e+00
3.101717650801251084e+07
0.000000000000000000e+00
2.641242965663405508e+07
2.470563396172506362e+07
6.394411026348390616e+06
1.968805604913631082e+07
4.938963520459763706e+07
1.571561705889683589e+07
1.713460805296326801e+07
2.077716744721616432e+07
6.578681478572827764e+06
0.000000000000000000e+00
1.711422277024690434e+07
1.111967518968340755e+07
3.036620535469973460e+06
1.318928929646698944e+07
3.578614771727999300e+07
1.581789336736841500e+07
1.120409228153827600e+07
8.367052550266250037e+06
2.754002749879319593e+07
1.759173480526040122e+07
1.713460805296326801e+07
0.000000000000000000e+00
6.394411026348390616e+06
1.998885871067782119e+07
0.000000000000000000e+00
0.000000000000000000e+00
0.000000000000000000e+00
3.363905635235586762e+07
0.000000000000000000e+00
1.121314651598995738e+07
0.000000000000000000e+00
0.000000000000000000e+00
0.000000000000000000e+00
1.612723627299897000e+07
0.000000000000000000e+00
1.612723627299897000e+07
0.000000000000000000e+00
0.000000000000000000e+00
1.318928929646698944e+07
2.977637764121276140e+07
0.000000000000000000e+00
1.711422277024690434e+07
3.424142999625488371e+07
1.711422277024690434e+07
1.318928929646698944e+07
0.000000000000000000e+00
8.367052550266250037e+06
2.087519849280937761e+07
6.578681478572827764e+06
4.645776186764994636e+06
0.000000000000000000e+00
0.000000000000000000e+00
1.520181743514961749e+07
2.173992921192480624e+07
3.024880339867112786e+07
1.511513571990927868e+07
1.662257930751162954e+07
2.356633569091034681e+07
0.000000000000000000e+00
0.000000000000000000e+00
3.424883082321017236e+07
1.121314651598995738e+07
6.578681478572827764e+06
9.755523303125970066e+06
3.036620535469973460e+06
0.000000000000000000e+00
0.000000000000000000e+00
2.569061219655178487e+07
1.998885871067782119e+07
0.000000000000000000e+00
1.318928929646698944e+07
1.612723627299897000e+07
2.356886998541586846e+07
1.842353662888646871e+07
3.299353075571822375e+07
2.221230439371680468e+07
0.000000000000000000e+00
0.000000000000000000e+00
1.101305332668757439e+07
0.000000000000000000e+00
1.104018721311338618e+07
2.255366551788892597e+07
4.556660644064173102e+07
0.000000000000000000e+00
2.596555585815291852e+07
2.084950495499552786e+07
1.581789336736841500e+07
0.000000000000000000e+00
4.644165513355234265e+07
1.235757487749014236e+07
1.289317777901771292e+07
2.900718266383540630e+07
1.101305332668757439e+07
6.578681478572827764e+06
1.282084027123834938e+07
1.842353662888646871e+07
4.346895827625025064e+07
0.000000000000000000e+00
1.711422277024690434e+07
3.435345992465177178e+07
4.167380042147564888e+07
0.000000000000000000e+00
4.645776186764994636e+06
0.000000000000000000e+00
0.000000000000000000e+00
0.000000000000000000e+00
4.645776186764994636e+06
0.000000000000000000e+00
0.000000000000000000e+00
3.424981212639118731e+07
6.426429244889957830e+06
2.977637764121276140e+07
0.000000000000000000e+00
4.586185628585200757e+07
0.000000000000000000e+00
4.607416379412117600e+07
4.066785924114484340e+07
1.876332431452518702e+07
2.561444600588092208e+07
0.000000000000000000e+00
0.000000000000000000e+00
3.194512964036738500e+07
0.000000000000000000e+00
6.394411026348390616e+06
2.612818904659685493e+07
0.000000000000000000e+00
6.426429244889957830e+06
1.435073820232620649e+07
0.000000000000000000e+00
0.000000000000000000e+00
9.755523303125970066e+06
1.435073820232620649e+07
2.486808378620580956e+07
1.235757487749014236e+07
0.000000000000000000e+00
2.548127532051315531e+07
0.000000000000000000e+00
0.000000000000000000e+00
2.637810261063759774e+07
2.302547924614779651e+07
3.036620535469973460e+06
1.121314651598995738e+07
1.876332431452518702e+07
0.000000000000000000e+00
2.798174695477877185e+07
0.000000000000000000e+00
1.121314651598995738e+07
8.367052550266250037e+06
6.426429244889957830e+06
2.686974607337287441e+07
1.520181743514961749e+07
4.445995515296532214e+07
6.578681478572827764e+06
2.221714560822585225e+07
1.120409228153827600e+07
0.000000000000000000e+00
1.842353662888646871e+07
0.000000000000000000e+00
0.000000000000000000e+00
1.713460805296326801e+07
2.943937016764275730e+07
0.000000000000000000e+00
4.645776186764994636e+06
1.120409228153827600e+07
1.876332431452518702e+07
1.713460805296326801e+07
0.000000000000000000e+00
4.645776186764994636e+06
0.000000000000000000e+00
6.498766752669321373e+06
1.101305332668757439e+07
1.713460805296326801e+07
1.662257930751162954e+07
2.350863379659529403e+07
0.000000000000000000e+00
2.834775456895322353e+07
1.101305332668757439e+07
2.943031593319107592e+07
1.711422277024690434e+07
1.235757487749014236e+07
1.121314651598995738e+07
8.083054654213435017e+06
1.235757487749014236e+07
6.426429244889957830e+06
1.650103123593956046e+07
0.000000000000000000e+00
0.000000000000000000e+00
0.000000000000000000e+00
0.000000000000000000e+00
1.612723627299897000e+07
0.000000000000000000e+00
0.000000000000000000e+00
0.000000000000000000e+00
1.121314651598995738e+07
6.394411026348390616e+06
0.000000000000000000e+00
3.274981558051060140e+07
2.702198564890669286e+07
6.498766752669321373e+06
0.000000000000000000e+00
0.000000000000000000e+00
0.000000000000000000e+00
0.000000000000000000e+00
2.306931281565146148e+07
1.235757487749014236e+07
0.000000000000000000e+00
0.000000000000000000e+00
0.000000000000000000e+00
3.373084407928003371e+07
3.262826750893852860e+07
0.000000000000000000e+00
1.584986846830327064e+07
0.000000000000000000e+00
2.458408589015299454e+07
0.000000000000000000e+00
3.821508236233062297e+07
6.426429244889957830e+06
0.000000000000000000e+00
2.885860611342970282e+07
0.000000000000000000e+00
3.036620535469973460e+06
0.000000000000000000e+00
0.000000000000000000e+00
0.000000000000000000e+00
1.779182799456278607e+07
1.318928929646698944e+07
1.581789336736841500e+07
0.000000000000000000e+00
3.679380789594487101e+07
0.000000000000000000e+00
2.361298952291622758e+07
3.791427970078911632e+07
0.000000000000000000e+00
1.101305332668757439e+07
3.196809749308804423e+07
1.711422277024690434e+07
1.435073820232620649e+07
0.000000000000000000e+00
0.000000000000000000e+00
1.876332431452518702e+07
0.000000000000000000e+00
2.178049891372244433e+07
1.612723627299897000e+07
2.521766270717670396e+07
6.394411026348390616e+06
0.000000000000000000e+00
6.394411026348390616e+06
3.404411701902121305e+07
1.120409228153827600e+07
2.074514922867459804e+07
3.311406251685139537e+07
0.000000000000000000e+00
0.000000000000000000e+00
0.000000000000000000e+00
1.318928929646698944e+07
1.878400412238010019e+07
1.822622365165280178e+07
0.000000000000000000e+00
3.196809749308804423e+07
0.000000000000000000e+00
1.711422277024690434e+07
0.000000000000000000e+00
4.378732815790025145e+07
0.000000000000000000e+00
5.237283887077754736e+07
2.500221810745929554e+07
1.650103123593956046e+07
1.662257930751162954e+07
2.272861580804719031e+07
6.578681478572827764e+06
1.101305332668757439e+07
8.083054654213435017e+06
5.087239143390281498e+07
2.650659128309990466e+07
1.662257930751162954e+07
4.373409062268750370e+07
0.000000000000000000e+00
2.342857283978984877e+07
1.612723627299897000e+07
1.822622365165280178e+07
8.083054654213435017e+06
8.083054654213435017e+06
0.000000000000000000e+00
1.876332431452518702e+07
5.360411271686428785e+07
6.578681478572827764e+06
1.101305332668757439e+07
2.179994484999515861e+07
0.000000000000000000e+00
6.426429244889957830e+06
0.000000000000000000e+00
1.876332431452518702e+07
0.000000000000000000e+00
1.519928314064409584e+07
0.000000000000000000e+00
3.093302908727769554e+07
2.612818904659685493e+07
0.000000000000000000e+00
0.000000000000000000e+00
9.755523303125970066e+06
4.545457651224484295e+07
1.822622365165280178e+07
3.334135937156207860e+07
1.520181743514961749e+07
0.000000000000000000e+00
9.755523303125970066e+06
1.120409228153827600e+07
0.000000000000000000e+00
1.435073820232620649e+07
3.132905370814858750e+07
1.534551818557641469e+07
6.394411026348390616e+06
0.000000000000000000e+00
3.248012623853968084e+07
0.000000000000000000e+00
1.581789336736841500e+07
6.578681478572827764e+06
3.168924962303746492e+07
1.759173480526040122e+07
1.965919984298160300e+07
0.000000000000000000e+00
2.126284418712277710e+07
0.000000000000000000e+00
0.000000000000000000e+00
1.282084027123834938e+07
1.534551818557641469e+07
2.518975355941514671e+07
1.534551818557641469e+07
0.000000000000000000e+00
0.000000000000000000e+00
2.549051900724940002e+07
0.000000000000000000e+00
1.612723627299897000e+07
6.426429244889957830e+06
8.367052550266250037e+06
1.893625635606297106e+07
0.000000000000000000e+00
1.842353662888646871e+07
1.120409228153827600e+07
0.000000000000000000e+00
1.763957576087991521e+07
1.581789336736841500e+07
1.711422277024690434e+07
1.235757487749014236e+07
1.842353662888646871e+07
2.774225449719503522e+07
4.082011147482770681e+07
0.000000000000000000e+00
1.650103123593956046e+07
3.435345992465177178e+07
0.000000000000000000e+00
9.755523303125970066e+06
0.000000000000000000e+00
3.146496097257310897e+07
1.662257930751162954e+07
9.755523303125970066e+06
1.662257930751162954e+07
1.511513571990927868e+07
0.000000000000000000e+00
2.169381719848210737e+07
1.999129437234140933e+07
2.640341058425378054e+07
1.121314651598995738e+07
3.712346676364108920e+07
3.485848298362569511e+07
1.581789336736841500e+07
1.121314651598995738e+07
0.000000000000000000e+00
1.738735873779617995e+07
2.337062820417771488e+07
1.662257930751162954e+07
1.235757487749014236e+07
0.000000000000000000e+00
3.553775939913336933e+07
0.000000000000000000e+00
6.394411026348390616e+06
1.662257930751162954e+07
0.000000000000000000e+00
3.489056058752416074e+07
1.998885871067782119e+07
1.301282873703124374e+07
0.000000000000000000e+00
1.121314651598995738e+07
1.235757487749014236e+07
6.498766752669321373e+06
4.402004207527310401e+07
0.000000000000000000e+00
1.520181743514961749e+07
3.373680207775853574e+07
1.763052152642823383e+07
9.289187814006878063e+06
3.526435555046474934e+07
6.578681478572827764e+06
0.000000000000000000e+00
3.058379852914294600e+07
1.711422277024690434e+07
2.304900855240158737e+07
3.161282592535346001e+07
1.842353662888646871e+07
0.000000000000000000e+00
1.519928314064409584e+07
0.000000000000000000e+00
6.394411026348390616e+06
0.000000000000000000e+00
3.564768822413039207e+07
3.195261361099217832e+07
9.289187814006878063e+06
1.650103123593956046e+07
7.188296721702452004e+07
0.000000000000000000e+00
0.000000000000000000e+00
3.519067614582744241e+07
0.000000000000000000e+00
1.662257930751162954e+07
0.000000000000000000e+00
2.621233646733167022e+07
2.550166060322951898e+07
6.498766752669321373e+06
0.000000000000000000e+00
0.000000000000000000e+00
0.000000000000000000e+00
1.662257930751162954e+07
1.711422277024690434e+07
1.534551818557641469e+07
1.650103123593956046e+07
2.955002134297030419e+07
0.000000000000000000e+00
1.842353662888646871e+07
3.435345992465177178e+07
0.000000000000000000e+00
1.511513571990927868e+07
0.000000000000000000e+00
0.000000000000000000e+00
8.083054654213435017e+06
6.394411026348390616e+06
0.000000000000000000e+00
7.074688132659254968e+07
1.662257930751162954e+07
1.581789336736841500e+07
6.578681478572827764e+06
1.120409228153827600e+07
3.120200522666777670e+07
1.612723627299897000e+07
3.036620535469973460e+06
2.898015418500177190e+07
1.581789336736841500e+07
0.000000000000000000e+00
1.120409228153827600e+07
6.498766752669321373e+06
3.387846003443446755e+07
1.511513571990927868e+07
2.526209106719450653e+07
2.470563396172506362e+07
0.000000000000000000e+00
1.899651438909120113e+07
0.000000000000000000e+00
1.842353662888646871e+07
0.000000000000000000e+00
0.000000000000000000e+00
1.876332431452518702e+07
0.000000000000000000e+00
1.235757487749014236e+07
2.630927830586623773e+07
1.120409228153827600e+07
3.424883082321017236e+07
8.083054654213435017e+06
0.000000000000000000e+00
5.814755337280394882e+07
0.000000000000000000e+00
1.822622365165280178e+07
0.000000000000000000e+00
2.146015716435644031e+07
0.000000000000000000e+00
0.000000000000000000e+00
0.000000000000000000e+00
3.560841581545443088e+07
0.000000000000000000e+00
0.000000000000000000e+00
1.534551818557641469e+07
1.876332431452518702e+07
1.842353662888646871e+07
1.435073820232620649e+07
3.710308148092472553e+07
0.000000000000000000e+00
2.949218293045341223e+07
3.036620535469973460e+06
2.357072139348009974e+07
6.426429244889957830e+06
9.755523303125970066e+06
1.876332431452518702e+07
2.659327620191905275e+07
0.000000000000000000e+00
5.540434784982234240e+07
1.842353662888646871e+07
1.842353662888646871e+07
1.822622365165280178e+07
0.000000000000000000e+00
1.842353662888646871e+07
6.498766752669321373e+06
8.367052550266250037e+06
1.232580834947685152e+07
0.000000000000000000e+00
0.000000000000000000e+00
