1.650103123593956046e+07
1.822622365165280178e+07
0.000000000000000000e+00
1.318928929646698944e+07
2.951385997297080606e+07
3.509752909622398764e+07
0.000000000000000000e+00
1.581789336736841500e+07
1.101305332668757439e+07
0.000000000000000000e+00
0.000000000000000000e+00
1.120409228153827600e+07
2.812727609693447873e+07
0.000000000000000000e+00
0.000000000000000000e+00
0.000000000000000000e+00
9.755523303125970066e+06
0.000000000000000000e+00
1.938010587695382535e+07
1.520181743514961749e+07
5.710743028193625063e+07
0.000000000000000000e+00
0.000000000000000000e+00
0.000000000000000000e+00
0.000000000000000000e+00
1.101305332668757439e+07
1.519928314064409584e+07
0.000000000000000000e+00
2.684637896873862296e+07
1.662257930751162954e+07
2.481794765523485839e+07
0.000000000000000000e+00
8.367052550266250037e+06
0.000000000000000000e+00
1.520181743514961749e+07
2.669665216704284400e+07
0.000000000000000000e+00
1.534551818557641469e+07
9.755523303125970066e+06
6.498766752669321373e+06
4.645776186764994636e+06
2.640341058425378054e+07
2.449428882326522097e+07
5.218883110682208091e+07
6.498766752669321373e+06
1.998885871067782119e+07
1.581789336736841500e+07
3.155546815312112868e+07
0.000000000000000000e+00
1.612723627299897000e+07
3.120200522666777670e+07
9.755523303125970066e+06
0.000000000000000000e+00
3.353867234879574925e+07
0.000000000000000000e+00
1.876332431452518702e+07
0.000000000000000000e+00
0.000000000000000000e+00
3.387846003443446755e+07
0.000000000000000000e+00
2.184428493824573606e+07
0.000000000000000000e+00
0.000000000000000000e+00
1.713460805296326801e+07
3.016863156969462335e+07
0.000000000000000000e+00
0.000000000000000000e+00
8.121149765275335312e+07
0.000000000000000000e+00
0.000000000000000000e+00
0.000000000000000000e+00
0.000000000000000000e+00
1.878400412238010019e+07
1.519928314064409584e+07
1.101305332668757439e+07
0.000000000000000000e+00
2.084950495499552786e+07
3.540643490469284356e+07
0.000000000000000000e+00
1.893625635606297106e+07
4.896833795510698110e+07
1.998885871067782119e+07
1.581789336736841500e+07
3.489056058752416074e+07
1.998885871067782119e+07
1.876332431452518702e+07
0.000000000000000000e+00
2.510708118137529492e+07
1.662257930751162954e+07
6.426429244889957830e+06
5.003970358473531157e+07
2.770309306306655705e+07
4.645776186764994636e+06
3.362281976953056455e+07
0.000000000000000000e+00
3.036620535469973460e+06
0.000000000000000000e+00
0.000000000000000000e+00
2.449428882326522097e+07
0.000000000000000000e+00
1.612723627299897000e+07
0.000000000000000000e+00
1.662257930751162954e+07
1.101305332668757439e+07
0.000000000000000000e+00
0.000000000000000000e+00
3.562135171745051444e+07
1.612723627299897000e+07
0.000000000000000000e+00
2.770309306306655705e+07
0.000000000000000000e+00
0.000000000000000000e+00
1.940723976337963715e+07
0.000000000000000000e+00
1.235757487749014236e+07
4.645776186764994636e+06
3.410884250010160357e+07
0.000000000000000000e+00
1.998885871067782119e+07
1.520181743514961749e+07
1.662257930751162954e+07
3.687513467692118138e+07
2.834775456895322353e+07
2.487065902303525060e+07
0.000000000000000000e+00
3.641042394045029581e+07
1.519928314064409584e+07
0.000000000000000000e+00
1.301282873703124374e+07
1.612723627299897000e+07
0.000000000000000000e+00
1.662257930751162954e+07
1.101305332668757439e+07
1.612723627299897000e+07
0.000000000000000000e+00
3.247321049104401469e+07
0.000000000000000000e+00
0.000000000000000000e+00
1.511513571990927868e+07
2.955255563747582585e+07
0.000000000000000000e+00
0.000000000000000000e+00
6.394411026348390616e+06
2.996741659606346488e+07
1.711422277024690434e+07
1.101305332668757439e+07
1.101305332668757439e+07
3.233389119360736385e+07
0.000000000000000000e+00
0.000000000000000000e+00
2.885163128402698040e+07
2.588275957612494007e+07
0.000000000000000000e+00
3.036620535469973460e+06
4.183263713017664850e+07
0.000000000000000000e+00
2.074514922867459804e+07
0.000000000000000000e+00
0.000000000000000000e+00
1.318928929646698944e+07
4.509596972502567619e+07
2.949218293045341223e+07
0.000000000000000000e+00
6.426429244889957830e+06
0.000000000000000000e+00
0.000000000000000000e+00
2.484996587377642840e+07
1.520181743514961749e+07
1.713460805296326801e+07
1.929620117020339146e+07
1.534551818557641469e+07
0.000000000000000000e+00
0.000000000000000000e+00
0.000000000000000000e+00
0.000000000000000000e+00
0.000000000000000000e+00
0.000000000000000000e+00
2.655866470156637207e+07
3.457068011756058037e+07
0.000000000000000000e+00
0.000000000000000000e+00
0.000000000000000000e+00
1.713460805296326801e+07
1.520181743514961749e+07
2.105614715913465247e+07
1.101305332668757439e+07
8.083054654213435017e+06
0.000000000000000000e+00
1.998885871067782119e+07
0.000000000000000000e+00
0.000000000000000000e+00
4.136102198440685123e+07
1.581789336736841500e+07
0.000000000000000000e+00
2.734038278898892552e+07
0.000000000000000000e+00
2.178038423972826451e+07
1.662257930751162954e+07
1.662257930751162954e+07
1.511513571990927868e+07
0.000000000000000000e+00
1.101305332668757439e+07
0.000000000000000000e+00
1.435073820232620649e+07
0.000000000000000000e+00
8.083054654213435017e+06
5.254648987591211498e+07
9.755523303125970066e+06
1.713460805296326801e+07
0.000000000000000000e+00
1.822622365165280178e+07
0.000000000000000000e+00
0.000000000000000000e+00
1.622590983193696290e+07
1.612723627299897000e+07
1.435073820232620649e+07
2.439338157800526544e+07
1.770285903420759737e+07
5.073704253977747262e+07
0.000000000000000000e+00
1.662257930751162954e+07
9.289187814006878063e+06
6.332216354370591044e+07
0.000000000000000000e+00
0.000000000000000000e+00
3.718686094341165572e+07
0.000000000000000000e+00
0.000000000000000000e+00
4.353801863721705228e+07
0.000000000000000000e+00
3.353867234879574925e+07
2.521766270717670396e+07
5.176489600044855475e+07
1.121314651598995738e+07
0.000000000000000000e+00
5.388556450845867395e+07
0.000000000000000000e+00
5.719730644793124497e+07
0.000000000000000000e+00
4.769195177374438196e+07
1.770285903420759737e+07
6.498766752669321373e+06
0.000000000000000000e+00
0.000000000000000000e+00
1.121314651598995738e+07
3.589793236748845875e+07
4.507260262039142102e+07
1.713460805296326801e+07
0.000000000000000000e+00
0.000000000000000000e+00
0.000000000000000000e+00
2.686974607337287441e+07
0.000000000000000000e+00
0.000000000000000000e+00
4.613231222792179137e+07
1.585892270275495201e+07
0.000000000000000000e+00
0.000000000000000000e+00
3.324145904324587435e+07
1.876332431452518702e+07
3.718686094341165572e+07
2.231666012003773451e+07
0.000000000000000000e+00
5.139159182346372306e+07
3.036620535469973460e+06
2.510104148870238662e+07
1.662257930751162954e+07
2.640337542218237370e+07
3.182186244815572351e+07
0.000000000000000000e+00
6.498766752669321373e+06
1.876332431452518702e+07
0.000000000000000000e+00
0.000000000000000000e+00
3.489056058752416074e+07
2.262600302566829324e+07
4.286958581997736543e+07
6.578681478572827764e+06
0.000000000000000000e+00
0.000000000000000000e+00
2.755685801813423634e+07
2.255366551788892597e+07
1.842353662888646871e+07
9.289187814006878063e+06
4.742864163080027699e+07
0.000000000000000000e+00
0.000000000000000000e+00
1.318928929646698944e+07
0.000000000000000000e+00
0.000000000000000000e+00
2.684637896873862296e+07
1.662257930751162954e+07
1.711422277024690434e+07
1.998885871067782119e+07
0.000000000000000000e+00
1.612723627299897000e+07
1.318928929646698944e+07
4.467509143604369462e+07
3.250841818320702016e+07
3.538590362203681469e+07
0.000000000000000000e+00
6.047512511369523406e+07
3.712491363750846684e+07
0.000000000000000000e+00
2.955255563747582585e+07
0.000000000000000000e+00
2.650659128309990466e+07
6.394411026348390616e+06
0.000000000000000000e+00
6.498766752669321373e+06
1.662257930751162954e+07
9.535387288139294833e+06
0.000000000000000000e+00
0.000000000000000000e+00
3.387846003443446755e+07
8.083054654213435017e+06
0.000000000000000000e+00
1.929620117020339146e+07
0.000000000000000000e+00
3.550734214995279908e+07
0.000000000000000000e+00
2.420234262315456569e+07
8.083054654213435017e+06
0.000000000000000000e+00
3.357174183722921461e+07
3.036620535469973460e+06
0.000000000000000000e+00
2.192419966414924338e+07
8.083054654213435017e+06
1.876332431452518702e+07
1.998885871067782119e+07
3.664976028053927422e+07
0.000000000000000000e+00
3.433959691300402582e+07
1.581789336736841500e+07
0.000000000000000000e+00
3.233389119360736385e+07
4.645776186764994636e+06
1.511513571990927868e+07
3.317814800714480877e+07
9.289187814006878063e+06
1.713460805296326801e+07
3.800723695170184970e+07
0.000000000000000000e+00
2.830442501637626812e+07
0.000000000000000000e+00
0.000000000000000000e+00
0.000000000000000000e+00
0.000000000000000000e+00
1.318928929646698944e+07
1.318928929646698944e+07
6.498766752669321373e+06
1.998885871067782119e+07
0.000000000000000000e+00
1.842353662888646871e+07
1.875198590383853391e+07
2.557341667049438506e+07
0.000000000000000000e+00
2.814766137965084240e+07
1.713460805296326801e+07
2.363992601633308455e+07
3.424142999625488371e+07
2.808822822483049706e+07
0.000000000000000000e+00
2.689013135608923808e+07
0.000000000000000000e+00
2.771272444289334863e+07
0.000000000000000000e+00
8.083054654213435017e+06
1.120409228153827600e+07
1.519928314064409584e+07
1.998885871067782119e+07
1.842353662888646871e+07
1.876332431452518702e+07
1.612723627299897000e+07
1.534551818557641469e+07
1.511513571990927868e+07
2.154156496479923651e+07
1.842353662888646871e+07
0.000000000000000000e+00
1.998885871067782119e+07
1.876332431452518702e+07
0.000000000000000000e+00
1.520181743514961749e+07
3.491124039537906647e+07
2.440432353391615674e+07
0.000000000000000000e+00
9.289187814006878063e+06
0.000000000000000000e+00
0.000000000000000000e+00
1.565882951345256902e+07
1.711422277024690434e+07
2.306931281565146148e+07
1.650103123593956046e+07
1.101305332668757439e+07
1.511513571990927868e+07
0.000000000000000000e+00
2.463470599958329275e+07
3.424883082321017236e+07
0.000000000000000000e+00
2.289544226228795201e+07
0.000000000000000000e+00
2.304900855240158737e+07
2.465265289654275775e+07
3.613112244205447286e+07
0.000000000000000000e+00
0.000000000000000000e+00
1.842353662888646871e+07
1.581789336736841500e+07
2.340910050129017979e+07
1.984759362191461027e+07
0.000000000000000000e+00
0.000000000000000000e+00
0.000000000000000000e+00
1.759173480526040122e+07
0.000000000000000000e+00
0.000000000000000000e+00
1.612723627299897000e+07
2.683094669405598938e+07
1.534551818557641469e+07
1.998885871067782119e+07
2.175999895701190084e+07
1.534551818557641469e+07
1.650103123593956046e+07
8.367052550266250037e+06
0.000000000000000000e+00
2.492230338155578822e+07
1.822622365165280178e+07
3.085176943826576695e+07
2.044062953170357645e+07
3.458121768189360201e+07
1.318928929646698944e+07
0.000000000000000000e+00
1.822622365165280178e+07
2.641242965663405508e+07
3.262826750893852860e+07
0.000000000000000000e+00
3.036620535469973460e+06
0.000000000000000000e+00
4.645776186764994636e+06
0.000000000000000000e+00
4.146924206609698385e+07
1.842353662888646871e+07
2.127234395068042353e+07
3.161207373352509364e+07
1.876332431452518702e+07
6.394411026348390616e+06
2.981186860397861898e+07
6.290818300230482221e+07
1.650103123593956046e+07
1.612723627299897000e+07
1.121314651598995738e+07
1.435073820232620649e+07
0.000000000000000000e+00
3.342804108680241928e+07
0.000000000000000000e+00
0.000000000000000000e+00
1.650103123593956046e+07
9.755523303125970066e+06
0.000000000000000000e+00
4.645776186764994636e+06
4.645776186764994636e+06
1.662257930751162954e+07
1.842353662888646871e+07
6.578681478572827764e+06
2.177796461921692267e+07
8.083054654213435017e+06
2.640337542218237370e+07
4.645776186764994636e+06
0.000000000000000000e+00
2.612818904659685493e+07
4.645776186764994636e+06
1.585746080670832284e+07
4.525857718693843484e+07
1.822622365165280178e+07
0.000000000000000000e+00
3.036620535469973460e+06
1.711422277024690434e+07
0.000000000000000000e+00
0.000000000000000000e+00
1.612723627299897000e+07
6.498766752669321373e+06
2.782667158904990554e+07
2.686974607337287441e+07
9.289187814006878063e+06
5.031859797278384864e+07
0.000000000000000000e+00
6.578681478572827764e+06
0.000000000000000000e+00
1.519928314064409584e+07
6.394411026348390616e+06
3.396260745516928285e+07
4.645776186764994636e+06
1.662257930751162954e+07
0.000000000000000000e+00
6.498766752669321373e+06
0.000000000000000000e+00
0.000000000000000000e+00
3.342550679229689762e+07
1.511513571990927868e+07
0.000000000000000000e+00
1.612723627299897000e+07
4.491359775389719754e+07
0.000000000000000000e+00
2.630927830586623773e+07
0.000000000000000000e+00
1.581789336736841500e+07
0.000000000000000000e+00
1.822622365165280178e+07
6.578681478572827764e+06
0.000000000000000000e+00
2.177194743046637252e+07
1.121314651598995738e+07
3.525301713977809250e+07
0.000000000000000000e+00
2.046366955413340777e+07
1.520181743514961749e+07
1.235757487749014236e+07
6.394411026348390616e+06
0.000000000000000000e+00
0.000000000000000000e+00
3.231892460330797732e+07
3.036620535469973460e+06
1.711422277024690434e+07
1.511513571990927868e+07
0.000000000000000000e+00
0.000000000000000000e+00
1.121314651598995738e+07
6.498766752669321373e+06
0.000000000000000000e+00
6.426429244889957830e+06
1.876332431452518702e+07
1.662257930751162954e+07
3.276948836272319779e+07
3.875218302520300448e+07
2.518975355941514671e+07
0.000000000000000000e+00
6.394411026348390616e+06
2.977637764121276140e+07
6.394411026348390616e+06
0.000000000000000000e+00
0.000000000000000000e+00
0.000000000000000000e+00
0.000000000000000000e+00
1.842353662888646871e+07
1.318928929646698944e+07
3.728545135868014395e+07
1.711422277024690434e+07
1.662257930751162954e+07
3.170031437658365816e+07
1.511513571990927868e+07
3.775294865853302181e+07
2.923927697834037617e+07
1.711422277024690434e+07
4.683086444086588919e+07
1.121314651598995738e+07
4.561941920345237851e+07
2.832736928623685986e+07
0.000000000000000000e+00
0.000000000000000000e+00
1.662257930751162954e+07
0.000000000000000000e+00
2.361298952291622758e+07
0.000000000000000000e+00
0.000000000000000000e+00
9.755523303125970066e+06
1.534551818557641469e+07
2.175999895701190084e+07
1.612723627299897000e+07
0.000000000000000000e+00
3.231604020539652184e+07
0.000000000000000000e+00
8.083054654213435017e+06
1.120409228153827600e+07
2.783572582350158691e+07
2.817237564556531608e+07
4.241915137338498235e+07
4.324241181684375554e+07
0.000000000000000000e+00
3.030351206671389192e+07
0.000000000000000000e+00
4.645776186764994636e+06
0.000000000000000000e+00
0.000000000000000000e+00
1.822622365165280178e+07
4.112166591394075006e+07
0.000000000000000000e+00
1.120409228153827600e+07
0.000000000000000000e+00
0.000000000000000000e+00
1.876332431452518702e+07
0.000000000000000000e+00
2.555483048386448249e+07
1.519928314064409584e+07
1.568359884035526961e+07
4.789533427662351727e+07
1.822622365165280178e+07
3.093302908727769554e+07
2.262600302566829324e+07
0.000000000000000000e+00
2.221714560822585225e+07
0.000000000000000000e+00
1.520181743514961749e+07
1.662257930751162954e+07
1.876332431452518702e+07
0.000000000000000000e+00
1.612723627299897000e+07
0.000000000000000000e+00
6.426429244889957830e+06
6.394411026348390616e+06
1.318928929646698944e+07
0.000000000000000000e+00
4.645776186764994636e+06
0.000000000000000000e+00
3.360972136193119735e+07
4.382253585006324947e+07
0.000000000000000000e+00
1.842353662888646871e+07
4.134756971183375269e+07
0.000000000000000000e+00
8.083054654213435017e+06
1.520181743514961749e+07
1.650103123593956046e+07
4.645776186764994636e+06
0.000000000000000000e+00
0.000000000000000000e+00
1.713460805296326801e+07
2.357072139348009974e+07
2.255366551788892597e+07
0.000000000000000000e+00
1.534551818557641469e+07
4.645776186764994636e+06
0.000000000000000000e+00
4.477583411876749247e+07
4.108457701127456129e+07
0.000000000000000000e+00
1.435073820232620649e+07
1.713460805296326801e+07
0.000000000000000000e+00
0.000000000000000000e+00
1.876332431452518702e+07
6.426429244889957830e+06
0.000000000000000000e+00
2.536379152901378274e+07
1.511513571990927868e+07
3.101717650801251084e+07
1.318928929646698944e+07
1.783506548323198408e+07
2.356166715902841836e+07
0.000000000000000000e+00
2.271779075259245560e+07
4.645776186764994636e+06
3.194512964036738500e+07
0.000000000000000000e+00
2.472499040432212502e+07
1.584986846830327064e+07
0.000000000000000000e+00
1.272883084097842872e+07
1.998885871067782119e+07
1.779182799456278607e+07
1.581789336736841500e+07
6.394411026348390616e+06
0.000000000000000000e+00
1.289317777901771292e+07
2.304900855240158737e+07
2.641242965663405508e+07
8.083054654213435017e+06
3.036620535469973460e+06
2.534200579309801385e+07
0.000000000000000000e+00
0.000000000000000000e+00
0.000000000000000000e+00
1.235757487749014236e+07
1.121314651598995738e+07
2.656754018925064802e+07
3.790318468277680874e+07
1.662257930751162954e+07
0.000000000000000000e+00
2.306931281565146148e+07
1.662257930751162954e+07
3.559846611987311393e+07
2.289544226228795201e+07
8.367052550266250037e+06
2.340910050129017979e+07
1.534551818557641469e+07
2.536379152901378274e+07
0.000000000000000000e+00
1.519928314064409584e+07
5.120379698940522969e+07
1.738735873779617995e+07
1.120409228153827600e+07
0.000000000000000000e+00
6.426429244889957830e+06
1.650103123593956046e+07
1.713460805296326801e+07
3.472725488759236038e+07
0.000000000000000000e+00
1.447746568056182563e+07
1.318928929646698944e+07
3.353867234879574925e+07
1.612723627299897000e+07
1.842353662888646871e+07
0.000000000000000000e+00
0.000000000000000000e+00
3.963587006959426403e+07
2.390094802158185095e+07
8.367052550266250037e+06
1.612723627299897000e+07
1.534551818557641469e+07
1.435073820232620649e+07
0.000000000000000000e+00
9.755523303125970066e+06
6.394411026348390616e+06
1.612723627299897000e+07
6.498766752669321373e+06
0.000000000000000000e+00
5.225746487523974478e+07
1.711422277024690434e+07
0.000000000000000000e+00
3.319013583558873087e+07
0.000000000000000000e+00
1.435073820232620649e+07
2.495734073827558756e+07
4.635349974858728051e+07
0.000000000000000000e+00
0.000000000000000000e+00
1.435073820232620649e+07
8.083054654213435017e+06
1.612723627299897000e+07
2.977637764121276140e+07
0.000000000000000000e+00
0.000000000000000000e+00
3.342550679229689762e+07
8.367052550266250037e+06
3.533437689625423402e+07
1.662257930751162954e+07
0.000000000000000000e+00
2.977637764121276140e+07
2.984305361122533679e+07
1.318928929646698944e+07
8.083054654213435017e+06
0.000000000000000000e+00
0.000000000000000000e+00
8.083054654213435017e+06
1.120409228153827600e+07
1.435073820232620649e+07
8.083054654213435017e+06
0.000000000000000000e+00
1.612723627299897000e+07
1.842353662888646871e+07
1.783506548323198408e+07
0.000000000000000000e+00
3.112089919201532751e+07
9.755523303125970066e+06
0.000000000000000000e+00
4.194608241396526992e+07
0.000000000000000000e+00
1.120409228153827600e+07
2.231666012003773451e+07
1.998885871067782119e+07
1.650103123593956046e+07
1.101305332668757439e+07
1.998885871067782119e+07
1.519928314064409584e+07
0.000000000000000000e+00
4.150760434825216979e+07
1.235757487749014236e+07
1.318928929646698944e+07
1.662257930751162954e+07
6.167678520709880441e+07
6.394411026348390616e+06
0.000000000000000000e+00
0.000000000000000000e+00
1.876332431452518702e+07
0.000000000000000000e+00
0.000000000000000000e+00
0.000000000000000000e+00
0.000000000000000000e+00
0.000000000000000000e+00
6.578681478572827764e+06
4.000966503253485262e+07
0.000000000000000000e+00
3.274981558051060140e+07
5.586640579544991255e+07
1.520181743514961749e+07
0.000000000000000000e+00
0.000000000000000000e+00
1.318928929646698944e+07
1.822622365165280178e+07
1.662257930751162954e+07
1.511513571990927868e+07
1.711422277024690434e+07
0.000000000000000000e+00
1.633420478169879690e+07
0.000000000000000000e+00
1.318928929646698944e+07
0.000000000000000000e+00
1.511513571990927868e+07
4.645776186764994636e+06
3.141551294811978936e+07
1.519928314064409584e+07
0.000000000000000000e+00
0.000000000000000000e+00
0.000000000000000000e+00
1.953765177140953392e+07
1.235757487749014236e+07
3.148534625528947264e+07
0.000000000000000000e+00
0.000000000000000000e+00
0.000000000000000000e+00
0.000000000000000000e+00
0.000000000000000000e+00
3.196809749308804423e+07
1.759850330788666755e+07
0.000000000000000000e+00
0.000000000000000000e+00
1.121314651598995738e+07
1.612723627299897000e+07
1.520181743514961749e+07
1.120409228153827600e+07
2.481794765523485839e+07
2.947179764773704857e+07
0.000000000000000000e+00
3.299111113520687819e+07
2.689013135608923808e+07
1.822622365165280178e+07
0.000000000000000000e+00
1.235757487749014236e+07
0.000000000000000000e+00
6.498766752669321373e+06
6.426429244889957830e+06
2.746743657178524882e+07
1.842353662888646871e+07
0.000000000000000000e+00
3.095505449263123050e+07
6.601221451210926473e+07
8.367052550266250037e+06
1.121314651598995738e+07
0.000000000000000000e+00
1.612723627299897000e+07
1.121314651598995738e+07
1.713460805296326801e+07
6.426429244889957830e+06
1.101305332668757439e+07
8.367052550266250037e+06
0.000000000000000000e+00
1.998885871067782119e+07
3.036620535469973460e+06
8.083054654213435017e+06
1.612723627299897000e+07
0.000000000000000000e+00
6.394411026348390616e+06
0.000000000000000000e+00
3.334135937156207860e+07
3.132905370814858750e+07
2.754002749879319593e+07
1.581789336736841500e+07
1.876332431452518702e+07
1.318928929646698944e+07
3.173771502742090821e+07
6.394411026348390616e+06
1.435073820232620649e+07
9.755523303125970066e+06
8.367052550266250037e+06
0.000000000000000000e+00
4.359980142822308838e+07
6.394411026348390616e+06
0.000000000000000000e+00
6.479742166019012034e+07
3.147275445857538283e+07
1.101305332668757439e+07
8.367052550266250037e+06
8.367052550266250037e+06
2.306931281565146148e+07
1.101305332668757439e+07
1.650103123593956046e+07
3.195261361099217832e+07
0.000000000000000000e+00
2.554686417395713180e+07
0.000000000000000000e+00
0.000000000000000000e+00
0.000000000000000000e+00
3.841239533956429362e+07
0.000000000000000000e+00
6.498766752669321373e+06
0.000000000000000000e+00
1.822622365165280178e+07
0.000000000000000000e+00
6.394411026348390616e+06
3.362535406403608620e+07
2.931652556946595758e+07
1.771191326865927875e+07
1.876332431452518702e+07
0.000000000000000000e+00
1.876332431452518702e+07
3.504611593639809638e+07
0.000000000000000000e+00
1.581789336736841500e+07
1.120409228153827600e+07
3.751594326068183035e+07
0.000000000000000000e+00
2.831831505178517848e+07
0.000000000000000000e+00
0.000000000000000000e+00
0.000000000000000000e+00
2.969625638790262118e+07
3.112089919201532751e+07
0.000000000000000000e+00
1.318928929646698944e+07
0.000000000000000000e+00
8.083054654213435017e+06
0.000000000000000000e+00
5.392329723581941426e+07
1.435073820232620649e+07
1.822622365165280178e+07
0.000000000000000000e+00
2.755685801813423634e+07
3.455077290188543499e+07
1.650103123593956046e+07
0.000000000000000000e+00
0.000000000000000000e+00
0.000000000000000000e+00
1.876332431452518702e+07
1.318928929646698944e+07
3.484880295916443318e+07
9.755523303125970066e+06
6.497923482516369224e+07
1.318928929646698944e+07
6.578681478572827764e+06
0.000000000000000000e+00
0.000000000000000000e+00
9.755523303125970066e+06
0.000000000000000000e+00
1.893625635606297106e+07
1.650103123593956046e+07
3.469533478616548330e+07
8.083054654213435017e+06
2.287199983841779828e+07
3.363563928890282661e+07
0.000000000000000000e+00
5.069960049692672491e+07
0.000000000000000000e+00
2.817905993201243877e+07
3.890718534460483491e+07
3.439015820056878775e+07
0.000000000000000000e+00
0.000000000000000000e+00
3.363563928890282661e+07
0.000000000000000000e+00
0.000000000000000000e+00
6.578681478572827764e+06
2.871107114638612419e+07
1.120409228153827600e+07
0.000000000000000000e+00
1.998885871067782119e+07
2.463463489744281769e+07
0.000000000000000000e+00
1.581789336736841500e+07
0.000000000000000000e+00
0.000000000000000000e+00
2.306931281565146148e+07
1.520181743514961749e+07
0.000000000000000000e+00
1.612723627299897000e+07
6.426429244889957830e+06
1.235757487749014236e+07
2.515773534087357670e+07
6.394411026348390616e+06
1.650103123593956046e+07
0.000000000000000000e+00
2.640590971668789536e+07
3.682752982068367302e+07
0.000000000000000000e+00
3.363563928890282661e+07
0.000000000000000000e+00
1.713460805296326801e+07
1.121314651598995738e+07
0.000000000000000000e+00
3.116341155294483155e+07
6.426429244889957830e+06
1.511513571990927868e+07
8.367052550266250037e+06
0.000000000000000000e+00
1.121314651598995738e+07
1.101305332668757439e+07
0.000000000000000000e+00
3.116341155294483155e+07
0.000000000000000000e+00
0.000000000000000000e+00
6.394411026348390616e+06
1.998885871067782119e+07
1.101305332668757439e+07
1.534551818557641469e+07
0.000000000000000000e+00
4.689060041145966947e+07
0.000000000000000000e+00
9.755523303125970066e+06
0.000000000000000000e+00
1.650103123593956046e+07
0.000000000000000000e+00
0.000000000000000000e+00
0.000000000000000000e+00
0.000000000000000000e+00
0.000000000000000000e+00
4.645776186764994636e+06
0.000000000000000000e+00
1.711422277024690434e+07
1.822622365165280178e+07
0.000000000000000000e+00
0.000000000000000000e+00
8.915893354485268891e+07
1.823590367611406744e+07
0.000000000000000000e+00
2.831831505178517848e+07
1.121314651598995738e+07
1.842353662888646871e+07
1.318928929646698944e+07
0.000000000000000000e+00
1.822622365165280178e+07
2.689013135608923808e+07
1.235757487749014236e+07
1.662257930751162954e+07
2.146015716435644031e+07
6.394411026348390616e+06
2.625655453906553239e+07
1.618195254801592790e+07
3.872577776958092302e+07
3.187568634686154500e+07
1.120409228153827600e+07
1.779182799456278607e+07
0.000000000000000000e+00
0.000000000000000000e+00
0.000000000000000000e+00
1.435073820232620649e+07
0.000000000000000000e+00
0.000000000000000000e+00
0.000000000000000000e+00
0.000000000000000000e+00
2.247847711047386751e+07
3.036620535469973460e+06
0.000000000000000000e+00
2.448847095465097576e+07
4.769588392373414338e+07
2.299979798860888183e+07
0.000000000000000000e+00
1.876332431452518702e+07
8.367052550266250037e+06
2.127234395068042353e+07
1.771191326865927875e+07
1.121314651598995738e+07
1.519928314064409584e+07
1.876332431452518702e+07
1.876332431452518702e+07
0.000000000000000000e+00
0.000000000000000000e+00
1.713460805296326801e+07
2.831831505178517848e+07
1.511513571990927868e+07
2.817905993201243877e+07
0.000000000000000000e+00
0.000000000000000000e+00
1.998885871067782119e+07
0.000000000000000000e+00
3.036620535469973460e+06
2.363337480563259125e+07
6.394411026348390616e+06
0.000000000000000000e+00
2.095961558466424793e+07
1.114454293943431601e+07
1.909610798090101033e+07
4.645776186764994636e+06
1.534551818557641469e+07
0.000000000000000000e+00
6.498766752669321373e+06
8.083054654213435017e+06
1.842353662888646871e+07
3.661143801818945259e+07
1.662257930751162954e+07
0.000000000000000000e+00
2.812796445694052428e+07
4.185210946867631376e+07
2.746743657178524882e+07
6.394411026348390616e+06
1.318928929646698944e+07
3.561909369660282880e+07
1.511513571990927868e+07
6.426429244889957830e+06
3.814343019147901237e+07
1.101305332668757439e+07
2.714028959968654439e+07
3.817036992938155681e+07
2.835591126094407216e+07
0.000000000000000000e+00
1.842353662888646871e+07
1.307744823124215007e+07
3.116341155294483155e+07
0.000000000000000000e+00
1.235757487749014236e+07
0.000000000000000000e+00
0.000000000000000000e+00
0.000000000000000000e+00
0.000000000000000000e+00
4.052061785100423545e+07
1.534551818557641469e+07
1.650103123593956046e+07
0.000000000000000000e+00
0.000000000000000000e+00
6.394411026348390616e+06
0.000000000000000000e+00
6.557877441101812571e+07
2.420920300500106066e+07
6.578681478572827764e+06
2.369290424881973118e+07
1.519928314064409584e+07
0.000000000000000000e+00
1.318928929646698944e+07
0.000000000000000000e+00
0.000000000000000000e+00
1.779182799456278607e+07
2.114680742270455509e+07
3.036620535469973460e+06
1.121314651598995738e+07
3.706320883921520412e+07
0.000000000000000000e+00
3.376905481446288526e+07
5.593524719473699480e+07
0.000000000000000000e+00
0.000000000000000000e+00
6.578681478572827764e+06
0.000000000000000000e+00
0.000000000000000000e+00
0.000000000000000000e+00
0.000000000000000000e+00
0.000000000000000000e+00
2.557341667049438506e+07
1.235757487749014236e+07
1.998885871067782119e+07
9.289187814006878063e+06
1.393496400077187270e+07
1.842353662888646871e+07
1.998885871067782119e+07
1.612723627299897000e+07
0.000000000000000000e+00
0.000000000000000000e+00
3.661143801818945259e+07
0.000000000000000000e+00
1.318928929646698944e+07
0.000000000000000000e+00
1.876332431452518702e+07
0.000000000000000000e+00
1.711422277024690434e+07
8.367052550266250037e+06
2.357072139348009974e+07
0.000000000000000000e+00
1.534551818557641469e+07
4.609437695524867624e+07
1.842353662888646871e+07
0.000000000000000000e+00
0.000000000000000000e+00
0.000000000000000000e+00
0.000000000000000000e+00
3.036620535469973460e+06
2.943937016764275730e+07
0.000000000000000000e+00
0.000000000000000000e+00
5.389859901105718315e+07
9.289187814006878063e+06
6.394411026348390616e+06
1.842353662888646871e+07
0.000000000000000000e+00
2.356103729785322398e+07
1.101305332668757439e+07
1.511513571990927868e+07
1.511513571990927868e+07
2.363992601633308455e+07
5.243575550362525880e+07
1.534551818557641469e+07
0.000000000000000000e+00
2.342857283978984877e+07
1.650103123593956046e+07
1.235757487749014236e+07
2.169804989331341535e+07
0.000000000000000000e+00
1.272883084097842872e+07
2.458408589015299454e+07
0.000000000000000000e+00
0.000000000000000000e+00
1.885634163015946373e+07
0.000000000000000000e+00
1.713460805296326801e+07
6.394411026348390616e+06
4.645776186764994636e+06
2.439338157800526544e+07
0.000000000000000000e+00
0.000000000000000000e+00
1.272883084097842872e+07
4.645776186764994636e+06
0.000000000000000000e+00
0.000000000000000000e+00
1.822622365165280178e+07
1.435073820232620649e+07
1.783857795733940601e+07
1.301282873703124374e+07
0.000000000000000000e+00
1.318928929646698944e+07
1.650103123593956046e+07
1.612723627299897000e+07
0.000000000000000000e+00
2.851884761765115708e+07
4.643074833971285820e+07
0.000000000000000000e+00
1.751182007935689390e+07
0.000000000000000000e+00
3.940162576379866153e+07
4.944071313689897954e+07
6.426429244889957830e+06
1.519928314064409584e+07
1.235757487749014236e+07
1.713460805296326801e+07
1.101305332668757439e+07
4.041694584782080352e+07
6.578681478572827764e+06
0.000000000000000000e+00
1.711422277024690434e+07
3.396260745516928285e+07
0.000000000000000000e+00
8.367052550266250037e+06
0.000000000000000000e+00
9.755523303125970066e+06
4.645776186764994636e+06
0.000000000000000000e+00
1.318928929646698944e+07
0.000000000000000000e+00
0.000000000000000000e+00
8.367052550266250037e+06
3.424142999625488371e+07
0.000000000000000000e+00
2.974438201380379125e+07
0.000000000000000000e+00
2.771272444289334863e+07
1.121314651598995738e+07
1.876332431452518702e+07
2.853480748204340413e+07
2.162571238553405553e+07
0.000000000000000000e+00
2.356166715902841836e+07
1.822622365165280178e+07
1.822622365165280178e+07
2.853480748204340413e+07
3.036620535469973460e+06
3.036620535469973460e+06
8.083054654213435017e+06
8.367052550266250037e+06
1.713460805296326801e+07
3.036620535469973460e+06
4.410898322777774185e+07
0.000000000000000000e+00
1.534551818557641469e+07
0.000000000000000000e+00
1.998885871067782119e+07
1.842353662888646871e+07
0.000000000000000000e+00
0.000000000000000000e+00
1.612723627299897000e+07
1.770285903420759737e+07
6.426429244889957830e+06
3.116341155294483155e+07
3.599750089382322878e+07
1.822622365165280178e+07
0.000000000000000000e+00
1.121314651598995738e+07
3.731238132126020640e+07
1.122445766533782333e+07
0.000000000000000000e+00
0.000000000000000000e+00
1.822622365165280178e+07
0.000000000000000000e+00
0.000000000000000000e+00
1.107220543165495247e+07
0.000000000000000000e+00
1.984759362191461027e+07
0.000000000000000000e+00
6.498766752669321373e+06
1.318928929646698944e+07
2.430497602974659950e+07
2.462063467800119147e+07
1.998885871067782119e+07
0.000000000000000000e+00
1.534551818557641469e+07
6.394411026348390616e+06
1.998885871067782119e+07
1.713460805296326801e+07
2.231666012003773451e+07
0.000000000000000000e+00
2.898015418500177190e+07
0.000000000000000000e+00
2.814766137965084240e+07
1.435073820232620649e+07
5.267236745209664106e+07
1.101305332668757439e+07
9.755523303125970066e+06
1.235757487749014236e+07
1.120409228153827600e+07
1.121314651598995738e+07
0.000000000000000000e+00
2.221714560822585225e+07
3.036620535469973460e+06
0.000000000000000000e+00
1.121314651598995738e+07
2.127234395068042353e+07
3.182439674266124517e+07
1.612723627299897000e+07
4.074759757587949187e+07
0.000000000000000000e+00
1.842353662888646871e+07
1.612723627299897000e+07
0.000000000000000000e+00
8.367052550266250037e+06
0.000000000000000000e+00
2.656754018925064802e+07
8.083054654213435017e+06
6.394411026348390616e+06
0.000000000000000000e+00
0.000000000000000000e+00
0.000000000000000000e+00
0.000000000000000000e+00
0.000000000000000000e+00
2.270591775157179683e+07
1.581789336736841500e+07
1.822622365165280178e+07
1.121314651598995738e+07
0.000000000000000000e+00
6.394411026348390616e+06
8.367052550266250037e+06
1.711422277024690434e+07
4.645776186764994636e+06
5.134028616850419343e+07
1.713460805296326801e+07
0.000000000000000000e+00
0.000000000000000000e+00
1.511513571990927868e+07
3.775548295303854346e+07
1.650103123593956046e+07
0.000000000000000000e+00
6.394411026348390616e+06
0.000000000000000000e+00
1.511513571990927868e+07
1.235757487749014236e+07
1.612723627299897000e+07
1.520181743514961749e+07
8.083054654213435017e+06
2.650659128309990466e+07
0.000000000000000000e+00
0.000000000000000000e+00
1.713460805296326801e+07
9.755523303125970066e+06
0.000000000000000000e+00
1.650103123593956046e+07
2.439338157800526544e+07
9.755523303125970066e+06
0.000000000000000000e+00
9.755523303125970066e+06
2.077716744721616432e+07
2.943031593319107592e+07
0.000000000000000000e+00
1.700335106425513700e+07
8.367052550266250037e+06
1.520181743514961749e+07
1.121314651598995738e+07
1.899651438909120113e+07
1.778277376011110470e+07
0.000000000000000000e+00
2.356886998541586846e+07
0.000000000000000000e+00
5.168538095484870672e+07
3.194512964036738500e+07
1.771191326865927875e+07
2.943658995557404310e+07
3.580675207804623246e+07
0.000000000000000000e+00
0.000000000000000000e+00
1.958370032281538099e+07
3.182186244815572351e+07
2.631922800144755468e+07
5.134983419510399550e+07
0.000000000000000000e+00
9.289187814006878063e+06
8.083054654213435017e+06
0.000000000000000000e+00
9.755523303125970066e+06
0.000000000000000000e+00
0.000000000000000000e+00
0.000000000000000000e+00
3.553775939913336933e+07
3.036620535469973460e+06
1.650103123593956046e+07
2.084950495499552786e+07
0.000000000000000000e+00
4.645776186764994636e+06
1.822622365165280178e+07
3.036620535469973460e+06
2.179994484999515861e+07
0.000000000000000000e+00
0.000000000000000000e+00
6.426429244889957830e+06
2.164676269149702042e+07
4.645776186764994636e+06
0.000000000000000000e+00
3.457472048571599275e+07
0.000000000000000000e+00
0.000000000000000000e+00
1.520181743514961749e+07
2.358203254282796383e+07
0.000000000000000000e+00
0.000000000000000000e+00
3.664976028053927422e+07
0.000000000000000000e+00
1.581789336736841500e+07
1.957114483180452511e+07
0.000000000000000000e+00
0.000000000000000000e+00
0.000000000000000000e+00
0.000000000000000000e+00
1.711422277024690434e+07
0.000000000000000000e+00
9.431031561818365008e+06
1.998885871067782119e+07
1.121314651598995738e+07
1.876332431452518702e+07
4.640128836731187999e+07
5.713968301864060014e+07
4.019330070099172741e+07
0.000000000000000000e+00
1.235757487749014236e+07
0.000000000000000000e+00
2.390094802158185095e+07
2.714028959968654439e+07
3.231604020539652184e+07
1.519928314064409584e+07
1.909610798090101033e+07
0.000000000000000000e+00
6.394411026348390616e+06
0.000000000000000000e+00
0.000000000000000000e+00
6.394411026348390616e+06
1.318928929646698944e+07
0.000000000000000000e+00
6.498766752669321373e+06
1.928714693575171009e+07
1.301282873703124374e+07
2.352901907931165770e+07
3.146496097257310897e+07
4.674507126930396259e+07
1.713460805296326801e+07
1.235757487749014236e+07
0.000000000000000000e+00
1.842353662888646871e+07
0.000000000000000000e+00
0.000000000000000000e+00
0.000000000000000000e+00
0.000000000000000000e+00
1.435073820232620649e+07
0.000000000000000000e+00
4.048485097442462295e+07
0.000000000000000000e+00
3.116341155294483155e+07
1.235757487749014236e+07
1.612723627299897000e+07
0.000000000000000000e+00
5.487941929820197821e+07
9.755523303125970066e+06
1.842353662888646871e+07
0.000000000000000000e+00
1.121314651598995738e+07
2.550166060322951898e+07
0.000000000000000000e+00
0.000000000000000000e+00
1.235757487749014236e+07
0.000000000000000000e+00
1.984759362191461027e+07
2.487065902303525060e+07
0.000000000000000000e+00
1.998885871067782119e+07
0.000000000000000000e+00
0.000000000000000000e+00
1.878400412238010019e+07
1.909610798090101033e+07
2.640337542218237370e+07
0.000000000000000000e+00
3.164817717004421353e+07
1.711422277024690434e+07
1.121314651598995738e+07
3.161282592535346001e+07
0.000000000000000000e+00
6.498766752669321373e+06
5.655471980261914432e+07
1.520181743514961749e+07
2.763563263419920206e+07
1.842353662888646871e+07
0.000000000000000000e+00
1.612723627299897000e+07
0.000000000000000000e+00
2.304900855240158737e+07
6.498766752669321373e+06
0.000000000000000000e+00
1.822622365165280178e+07
1.534551818557641469e+07
0.000000000000000000e+00
3.085176943826576695e+07
2.205324053980096057e+07
0.000000000000000000e+00
0.000000000000000000e+00
1.713460805296326801e+07
1.435073820232620649e+07
2.289544226228795201e+07
1.435073820232620649e+07
1.520181743514961749e+07
3.068494298402500525e+07
0.000000000000000000e+00
1.318928929646698944e+07
1.713460805296326801e+07
1.711422277024690434e+07
0.000000000000000000e+00
0.000000000000000000e+00
0.000000000000000000e+00
0.000000000000000000e+00
3.648988994661737978e+07
0.000000000000000000e+00
0.000000000000000000e+00
1.318928929646698944e+07
1.876332431452518702e+07
2.996741659606346488e+07
1.511513571990927868e+07
3.036620535469973460e+06
0.000000000000000000e+00
2.159369416699248552e+07
1.662257930751162954e+07
2.440243581245694682e+07
0.000000000000000000e+00
1.998885871067782119e+07
0.000000000000000000e+00
1.842353662888646871e+07
8.367052550266250037e+06
5.416032514364225417e+07
4.675090591512332857e+07
3.363563928890282661e+07
1.650103123593956046e+07
3.959269988072077185e+07
2.221230439371680468e+07
0.000000000000000000e+00
2.637810261063759774e+07
3.324145904324587435e+07
0.000000000000000000e+00
0.000000000000000000e+00
2.782667158904990554e+07
0.000000000000000000e+00
0.000000000000000000e+00
0.000000000000000000e+00
0.000000000000000000e+00
1.998885871067782119e+07
3.218580368555819243e+07
1.581789336736841500e+07
0.000000000000000000e+00
1.812257585339222103e+07
1.581789336736841500e+07
0.000000000000000000e+00
0.000000000000000000e+00
1.520181743514961749e+07
1.581789336736841500e+07
2.178038423972826451e+07
0.000000000000000000e+00
8.083054654213435017e+06
0.000000000000000000e+00
0.000000000000000000e+00
0.000000000000000000e+00
0.000000000000000000e+00
2.114680742270455509e+07
6.394411026348390616e+06
0.000000000000000000e+00
0.000000000000000000e+00
8.367052550266250037e+06
1.101305332668757439e+07
0.000000000000000000e+00
1.235757487749014236e+07
1.101305332668757439e+07
1.633420478169879690e+07
0.000000000000000000e+00
6.394411026348390616e+06
6.426429244889957830e+06
3.841239533956429362e+07
0.000000000000000000e+00
6.426429244889957830e+06
0.000000000000000000e+00
8.083054654213435017e+06
0.000000000000000000e+00
0.000000000000000000e+00
1.121314651598995738e+07
0.000000000000000000e+00
2.974438201380379125e+07
3.362535406403608620e+07
1.519928314064409584e+07
4.582746108314719051e+07
0.000000000000000000e+00
9.755523303125970066e+06
0.000000000000000000e+00
8.083054654213435017e+06
0.000000000000000000e+00
1.842353662888646871e+07
2.173992921192480624e+07
1.120409228153827600e+07
0.000000000000000000e+00
2.885860611342970282e+07
0.000000000000000000e+00
5.678604514832290262e+07
0.000000000000000000e+00
1.876332431452518702e+07
0.000000000000000000e+00
2.684637896873862296e+07
1.612723627299897000e+07
1.904471111713284999e+07
0.000000000000000000e+00
1.713460805296326801e+07
3.596249059466917813e+07
0.000000000000000000e+00
0.000000000000000000e+00
1.998885871067782119e+07
1.318928929646698944e+07
0.000000000000000000e+00
8.083054654213435017e+06
3.047797447532517463e+07
0.000000000000000000e+00
0.000000000000000000e+00
2.679058917915271968e+07
1.101305332668757439e+07
0.000000000000000000e+00
1.822622365165280178e+07
1.838213872104638815e+07
5.014736719865145534e+07
1.534551818557641469e+07
0.000000000000000000e+00
1.318928929646698944e+07
1.823843797061958909e+07
0.000000000000000000e+00
1.235757487749014236e+07
0.000000000000000000e+00
2.247847711047386751e+07
1.435073820232620649e+07
1.511513571990927868e+07
0.000000000000000000e+00
6.426429244889957830e+06
0.000000000000000000e+00
0.000000000000000000e+00
0.000000000000000000e+00
0.000000000000000000e+00
4.498220133045284450e+07
1.534551818557641469e+07
0.000000000000000000e+00
0.000000000000000000e+00
1.318928929646698944e+07
0.000000000000000000e+00
6.394411026348390616e+06
0.000000000000000000e+00
2.030224114069445431e+07
4.785385256207755208e+07
1.121314651598995738e+07
1.713460805296326801e+07
1.101305332668757439e+07
3.295250142033168301e+07
1.121314651598995738e+07
4.491116209223361313e+07
1.711422277024690434e+07
1.318928929646698944e+07
8.083054654213435017e+06
1.662257930751162954e+07
3.358142186169048399e+07
1.650103123593956046e+07
0.000000000000000000e+00
0.000000000000000000e+00
0.000000000000000000e+00
1.592979831448768638e+07
1.534551818557641469e+07
3.036620535469973460e+06
0.000000000000000000e+00
1.101305332668757439e+07
3.173771502742090821e+07
2.630927830586623773e+07
2.831831505178517848e+07
0.000000000000000000e+00
4.222380308405631036e+07
6.426429244889957830e+06
0.000000000000000000e+00
1.984505932740908861e+07
0.000000000000000000e+00
0.000000000000000000e+00
1.822622365165280178e+07
3.036620535469973460e+06
1.822622365165280178e+07
0.000000000000000000e+00
2.271779075259245560e+07
0.000000000000000000e+00
0.000000000000000000e+00
1.842353662888646871e+07
1.121314651598995738e+07
1.534551818557641469e+07
0.000000000000000000e+00
8.367052550266250037e+06
0.000000000000000000e+00
0.000000000000000000e+00
0.000000000000000000e+00
1.318928929646698944e+07
2.178038423972826451e+07
0.000000000000000000e+00
1.534551818557641469e+07
2.686974607337287441e+07
0.000000000000000000e+00
0.000000000000000000e+00
0.000000000000000000e+00
1.581789336736841500e+07
0.000000000000000000e+00
2.969032053240654990e+07
0.000000000000000000e+00
1.711422277024690434e+07
1.998885871067782119e+07
0.000000000000000000e+00
2.252164729934735969e+07
3.040110057579371333e+07
0.000000000000000000e+00
0.000000000000000000e+00
0.000000000000000000e+00
0.000000000000000000e+00
0.000000000000000000e+00
1.650103123593956046e+07
0.000000000000000000e+00
1.842353662888646871e+07
0.000000000000000000e+00
1.121314651598995738e+07
4.003093186695469171e+07
1.842353662888646871e+07
0.000000000000000000e+00
0.000000000000000000e+00
0.000000000000000000e+00
2.983552974618013948e+07
3.147275445857538283e+07
2.114680742270455509e+07
1.876332431452518702e+07
9.755523303125970066e+06
1.928714693575171009e+07
1.662257930751162954e+07
1.711422277024690434e+07
0.000000000000000000e+00
1.842353662888646871e+07
1.842353662888646871e+07
4.012286939711501449e+07
0.000000000000000000e+00
8.367052550266250037e+06
1.101305332668757439e+07
6.426429244889957830e+06
0.000000000000000000e+00
1.842353662888646871e+07
0.000000000000000000e+00
0.000000000000000000e+00
1.909610798090101033e+07
6.394411026348390616e+06
3.364693937252959609e+07
1.581789336736841500e+07
3.993308337514413893e+07
0.000000000000000000e+00
0.000000000000000000e+00
5.238614408405575156e+07
0.000000000000000000e+00
0.000000000000000000e+00
0.000000000000000000e+00
2.536379152901378274e+07
0.000000000000000000e+00
4.082492193066619337e+07
3.036620535469973460e+06
1.650103123593956046e+07
0.000000000000000000e+00
3.361525400618646294e+07
3.036620535469973460e+06
3.698954796617798507e+07
3.036620535469973460e+06
0.000000000000000000e+00
1.235757487749014236e+07
2.169804989331341535e+07
1.998885871067782119e+07
3.712346676364108920e+07
0.000000000000000000e+00
8.367052550266250037e+06
1.612723627299897000e+07
8.083054654213435017e+06
1.842353662888646871e+07
0.000000000000000000e+00
1.581789336736841500e+07
3.832165589378963411e+07
1.650103123593956046e+07
0.000000000000000000e+00
1.842353662888646871e+07
1.520181743514961749e+07
3.036620535469973460e+06
3.326184432596223801e+07
0.000000000000000000e+00
3.036620535469973460e+06
3.036620535469973460e+06
1.581789336736841500e+07
0.000000000000000000e+00
0.000000000000000000e+00
2.635857151226399094e+07
6.498766752669321373e+06
4.219599597800601274e+07
2.612818904659685493e+07
3.410884250010160357e+07
4.645776186764994636e+06
2.631922800144755468e+07
1.822622365165280178e+07
9.289187814006878063e+06
1.534551818557641469e+07
0.000000000000000000e+00
2.410632429500766844e+07
1.297309250492121838e+07
0.000000000000000000e+00
0.000000000000000000e+00
8.083054654213435017e+06
4.645776186764994636e+06
1.662257930751162954e+07
0.000000000000000000e+00
0.000000000000000000e+00
0.000000000000000000e+00
1.519928314064409584e+07
1.876332431452518702e+07
1.520181743514961749e+07
6.394411026348390616e+06
0.000000000000000000e+00
1.842353662888646871e+07
1.822622365165280178e+07
0.000000000000000000e+00
6.498766752669321373e+06
0.000000000000000000e+00
1.519928314064409584e+07
0.000000000000000000e+00
0.000000000000000000e+00
2.487065902303525060e+07
1.534551818557641469e+07
0.000000000000000000e+00
2.096866981911592931e+07
0.000000000000000000e+00
2.356103729785322398e+07
6.498766752669321373e+06
1.440129948989096470e+07
2.472499040432212502e+07
1.120409228153827600e+07
1.235757487749014236e+07
1.876332431452518702e+07
1.120409228153827600e+07
0.000000000000000000e+00
4.645776186764994636e+06
1.121314651598995738e+07
1.581789336736841500e+07
0.000000000000000000e+00
1.272883084097842872e+07
0.000000000000000000e+00
2.519727742446034029e+07
4.645776186764994636e+06
2.947179764773704857e+07
1.876332431452518702e+07
1.519928314064409584e+07
0.000000000000000000e+00
1.662257930751162954e+07
2.713037686479143798e+07
0.000000000000000000e+00
3.032389734943025559e+07
2.655866470156637207e+07
3.410884250010160357e+07
0.000000000000000000e+00
0.000000000000000000e+00
3.030351206671389192e+07
1.101305332668757439e+07
1.581789336736841500e+07
2.955255563747582585e+07
0.000000000000000000e+00
3.424883082321017236e+07
0.000000000000000000e+00
3.627514439388208091e+07
6.578681478572827764e+06
1.711422277024690434e+07
0.000000000000000000e+00
0.000000000000000000e+00
1.121314651598995738e+07
4.005178330892604589e+07
2.702198564890669286e+07
0.000000000000000000e+00
1.650103123593956046e+07
1.876332431452518702e+07
0.000000000000000000e+00
0.000000000000000000e+00
0.000000000000000000e+00
1.520181743514961749e+07
1.289317777901771292e+07
2.515773534087357670e+07
1.998885871067782119e+07
0.000000000000000000e+00
1.318928929646698944e+07
1.435073820232620649e+07
1.101305332668757439e+07
1.235757487749014236e+07
4.645776186764994636e+06
4.154488268906741589e+07
2.981186860397861898e+07
0.000000000000000000e+00
0.000000000000000000e+00
0.000000000000000000e+00
0.000000000000000000e+00
0.000000000000000000e+00
0.000000000000000000e+00
1.998885871067782119e+07
3.484880295916443318e+07
0.000000000000000000e+00
0.000000000000000000e+00
3.036620535469973460e+06
1.479348179515620694e+07
1.876332431452518702e+07
2.548127532051315531e+07
1.876332431452518702e+07
0.000000000000000000e+00
0.000000000000000000e+00
1.581789336736841500e+07
0.000000000000000000e+00
8.083054654213435017e+06
1.511513571990927868e+07
0.000000000000000000e+00
1.876332431452518702e+07
6.394411026348390616e+06
1.565882951345256902e+07
9.755523303125970066e+06
0.000000000000000000e+00
0.000000000000000000e+00
4.645776186764994636e+06
1.235757487749014236e+07
2.751408456262713671e+07
4.176687566678966582e+07
0.000000000000000000e+00
8.083054654213435017e+06
0.000000000000000000e+00
0.000000000000000000e+00
1.534551818557641469e+07
3.771068356463818252e+07
1.519928314064409584e+07
1.783857795733940601e+07
1.650103123593956046e+07
2.211002808524522558e+07
1.235757487749014236e+07
0.000000000000000000e+00
1.101305332668757439e+07
0.000000000000000000e+00
0.000000000000000000e+00
0.000000000000000000e+00
0.000000000000000000e+00
1.235757487749014236e+07
0.000000000000000000e+00
1.822622365165280178e+07
8.083054654213435017e+06
0.000000000000000000e+00
1.519928314064409584e+07
2.557519586766403168e+07
3.739974675472779572e+07
3.718686094341165572e+07
1.235757487749014236e+07
2.178049891372244433e+07
0.000000000000000000e+00
0.000000000000000000e+00
1.711422277024690434e+07
1.822622365165280178e+07
2.839110673161660880e+07
4.645776186764994636e+06
3.538590362203681469e+07
1.757097218432427198e+07
1.519928314064409584e+07
0.000000000000000000e+00
0.000000000000000000e+00
2.255366551788892597e+07
2.962762891042474657e+07
1.519928314064409584e+07
1.998885871067782119e+07
6.426429244889957830e+06
2.095961558466424793e+07
4.645776186764994636e+06
1.318928929646698944e+07
1.519928314064409584e+07
0.000000000000000000e+00
2.299979798860888183e+07
1.511513571990927868e+07
1.511513571990927868e+07
5.920342579842819273e+07
1.713460805296326801e+07
0.000000000000000000e+00
0.000000000000000000e+00
0.000000000000000000e+00
4.239669912015777826e+07
1.876332431452518702e+07
0.000000000000000000e+00
1.650103123593956046e+07
1.534551818557641469e+07
3.036620535469973460e+06
0.000000000000000000e+00
1.713460805296326801e+07
6.578681478572827764e+06
1.612723627299897000e+07
0.000000000000000000e+00
1.101305332668757439e+07
2.554686417395713180e+07
0.000000000000000000e+00
0.000000000000000000e+00
2.541642408700584620e+07
0.000000000000000000e+00
5.553768627419734001e+07
2.755685801813423634e+07
3.036620535469973460e+06
0.000000000000000000e+00
0.000000000000000000e+00
2.328233779485753179e+07
6.578681478572827764e+06
1.318928929646698944e+07
1.998885871067782119e+07
1.876332431452518702e+07
0.000000000000000000e+00
1.511513571990927868e+07
0.000000000000000000e+00
0.000000000000000000e+00
0.000000000000000000e+00
1.511513571990927868e+07
0.000000000000000000e+00
1.581789336736841500e+07
4.168690860399124026e+07
0.000000000000000000e+00
0.000000000000000000e+00
5.815746610769905150e+07
1.292519599755927920e+07
0.000000000000000000e+00
0.000000000000000000e+00
0.000000000000000000e+00
0.000000000000000000e+00
1.612723627299897000e+07
0.000000000000000000e+00
6.498766752669321373e+06
0.000000000000000000e+00
8.367052550266250037e+06
5.257790405731550604e+07
1.318928929646698944e+07
1.534551818557641469e+07
0.000000000000000000e+00
0.000000000000000000e+00
1.318928929646698944e+07
5.640764963684526086e+07
0.000000000000000000e+00
0.000000000000000000e+00
1.101305332668757439e+07
1.822622365165280178e+07
1.121314651598995738e+07
3.646383638294231892e+07
1.104018721311338618e+07
0.000000000000000000e+00
9.289187814006878063e+06
4.525726353501117229e+07
0.000000000000000000e+00
1.101305332668757439e+07
3.036620535469973460e+06
2.252164729934735969e+07
1.289317777901771292e+07
2.834775456895322353e+07
1.876332431452518702e+07
0.000000000000000000e+00
1.519928314064409584e+07
1.121314651598995738e+07
1.625429005579529144e+07
1.120409228153827600e+07
1.101305332668757439e+07
0.000000000000000000e+00
0.000000000000000000e+00
1.662257930751162954e+07
1.104018721311338618e+07
0.000000000000000000e+00
1.511513571990927868e+07
8.083054654213435017e+06
3.234643358816796541e+07
1.812257585339222103e+07
0.000000000000000000e+00
3.362281976953056455e+07
0.000000000000000000e+00
1.622590983193696290e+07
3.785923548071966320e+07
0.000000000000000000e+00
9.755523303125970066e+06
0.000000000000000000e+00
0.000000000000000000e+00
6.498766752669321373e+06
1.107220543165495247e+07
0.000000000000000000e+00
0.000000000000000000e+00
0.000000000000000000e+00
0.000000000000000000e+00
1.822622365165280178e+07
3.634862485785417259e+07
0.000000000000000000e+00
1.121314651598995738e+07
2.350863379659529403e+07
0.000000000000000000e+00
0.000000000000000000e+00
1.876332431452518702e+07
2.287199983841779828e+07
0.000000000000000000e+00
1.101305332668757439e+07
0.000000000000000000e+00
3.362281976953056455e+07
1.534551818557641469e+07
8.367052550266250037e+06
0.000000000000000000e+00
0.000000000000000000e+00
3.196809749308804423e+07
0.000000000000000000e+00
0.000000000000000000e+00
0.000000000000000000e+00
0.000000000000000000e+00
2.304900855240158737e+07
2.825428324264667928e+07
2.356886998541586846e+07
1.101305332668757439e+07
2.536379152901378274e+07
9.289187814006878063e+06
0.000000000000000000e+00
1.998885871067782119e+07
0.000000000000000000e+00
1.876332431452518702e+07
1.713460805296326801e+07
0.000000000000000000e+00
4.823874626336047053e+07
1.581789336736841500e+07
2.518975355941514671e+07
1.612723627299897000e+07
1.534551818557641469e+07
6.498766752669321373e+06
1.511513571990927868e+07
0.000000000000000000e+00
3.821508236233062297e+07
1.581789336736841500e+07
8.367052550266250037e+06
0.000000000000000000e+00
6.426429244889957830e+06
0.000000000000000000e+00
0.000000000000000000e+00
0.000000000000000000e+00
0.000000000000000000e+00
0.000000000000000000e+00
9.289187814006878063e+06
9.755523303125970066e+06
0.000000000000000000e+00
1.822622365165280178e+07
1.520181743514961749e+07
0.000000000000000000e+00
0.000000000000000000e+00
0.000000000000000000e+00
0.000000000000000000e+00
4.498220133045284450e+07
0.000000000000000000e+00
0.000000000000000000e+00
1.581789336736841500e+07
2.356103729785322398e+07
0.000000000000000000e+00
1.519928314064409584e+07
0.000000000000000000e+00
1.662257930751162954e+07
9.755523303125970066e+06
1.876332431452518702e+07
1.909610798090101033e+07
0.000000000000000000e+00
1.534551818557641469e+07
1.101305332668757439e+07
6.394411026348390616e+06
1.842353662888646871e+07
0.000000000000000000e+00
0.000000000000000000e+00
0.000000000000000000e+00
0.000000000000000000e+00
1.876332431452518702e+07
0.000000000000000000e+00
3.492456786482603103e+07
3.036620535469973460e+06
1.120409228153827600e+07
6.394411026348390616e+06
1.519928314064409584e+07
0.000000000000000000e+00
8.367052550266250037e+06
1.318928929646698944e+07
6.394411026348390616e+06
1.120409228153827600e+07
0.000000000000000000e+00
0.000000000000000000e+00
6.498766752669321373e+06
1.738735873779617995e+07
0.000000000000000000e+00
6.394411026348390616e+06
0.000000000000000000e+00
2.556388471831616387e+07
2.390094802158185095e+07
1.235757487749014236e+07
2.126835549427662417e+07
6.394411026348390616e+06
2.127234395068042353e+07
1.318928929646698944e+07
0.000000000000000000e+00
1.876332431452518702e+07
1.520181743514961749e+07
0.000000000000000000e+00
0.000000000000000000e+00
1.435073820232620649e+07
0.000000000000000000e+00
1.534551818557641469e+07
1.440129948989096470e+07
0.000000000000000000e+00
4.183921317456902564e+07
3.132651941364306584e+07
6.498766752669321373e+06
1.711422277024690434e+07
2.299979798860888183e+07
0.000000000000000000e+00
8.083054654213435017e+06
1.838213872104638815e+07
1.235757487749014236e+07
9.755523303125970066e+06
6.578681478572827764e+06
1.581789336736841500e+07
0.000000000000000000e+00
3.362535406403608620e+07
4.229234339383684099e+07
1.511513571990927868e+07
0.000000000000000000e+00
1.650103123593956046e+07
0.000000000000000000e+00
3.458121768189360201e+07
2.642379586697014421e+07
0.000000000000000000e+00
1.520181743514961749e+07
0.000000000000000000e+00
1.650103123593956046e+07
1.235757487749014236e+07
0.000000000000000000e+00
9.289187814006878063e+06
2.747271059739942104e+07
0.000000000000000000e+00
1.876332431452518702e+07
1.711422277024690434e+07
4.625926245238805562e+07
1.650103123593956046e+07
2.838857243711108714e+07
0.000000000000000000e+00
0.000000000000000000e+00
1.842353662888646871e+07
2.974438201380379125e+07
5.599877421355330944e+07
0.000000000000000000e+00
9.289187814006878063e+06
1.534551818557641469e+07
9.755523303125970066e+06
1.612723627299897000e+07
0.000000000000000000e+00
0.000000000000000000e+00
1.650103123593956046e+07
0.000000000000000000e+00
3.146496097257310897e+07
2.616238180138820782e+07
0.000000000000000000e+00
3.245974095582331717e+07
1.612723627299897000e+07
2.472499040432212502e+07
2.307971271451238915e+07
0.000000000000000000e+00
1.662257930751162954e+07
0.000000000000000000e+00
4.645776186764994636e+06
2.495480644377006590e+07
5.252051167500008643e+07
3.362535406403608620e+07
0.000000000000000000e+00
5.111154367841295898e+07
0.000000000000000000e+00
1.842353662888646871e+07
1.534551818557641469e+07
0.000000000000000000e+00
1.318928929646698944e+07
1.822622365165280178e+07
1.713460805296326801e+07
1.998885871067782119e+07
0.000000000000000000e+00
1.101305332668757439e+07
9.755523303125970066e+06
0.000000000000000000e+00
0.000000000000000000e+00
6.578681478572827764e+06
4.266427233610703796e+07
0.000000000000000000e+00
9.463049780359931290e+06
2.975285736814028770e+07
0.000000000000000000e+00
0.000000000000000000e+00
0.000000000000000000e+00
2.486808378620580956e+07
0.000000000000000000e+00
3.312361054345118999e+07
0.000000000000000000e+00
0.000000000000000000e+00
3.404411701902121305e+07
0.000000000000000000e+00
2.114680742270455509e+07
1.998885871067782119e+07
1.435073820232620649e+07
1.404967386215754785e+07
0.000000000000000000e+00
1.534551818557641469e+07
2.684637896873862296e+07
0.000000000000000000e+00
1.435073820232620649e+07
1.662257930751162954e+07
1.929620117020339146e+07
2.519727742446034029e+07
3.036620535469973460e+06
0.000000000000000000e+00
1.713460805296326801e+07
3.312361054345118999e+07
2.637810261063759774e+07
0.000000000000000000e+00
0.000000000000000000e+00
3.698954796617798507e+07
1.534551818557641469e+07
0.000000000000000000e+00
8.083054654213435017e+06
0.000000000000000000e+00
1.822622365165280178e+07
0.000000000000000000e+00
1.612723627299897000e+07
2.264870108214368299e+07
0.000000000000000000e+00
7.196156446455043554e+07
2.224432261225837469e+07
0.000000000000000000e+00
0.000000000000000000e+00
2.763563263419920206e+07
8.367052550266250037e+06
1.519928314064409584e+07
0.000000000000000000e+00
1.662257930751162954e+07
1.520181743514961749e+07
6.394411026348390616e+06
2.319819037412271276e+07
1.418116347490428947e+07
1.584986846830327064e+07
3.410884250010160357e+07
1.121314651598995738e+07
4.190572489906200022e+07
6.394411026348390616e+06
1.737224246822031215e+07
1.822622365165280178e+07
9.755523303125970066e+06
2.655866470156637207e+07
1.711422277024690434e+07
0.000000000000000000e+00
2.900718266383540630e+07
3.533437689625423402e+07
1.235757487749014236e+07
1.711422277024690434e+07
1.584986846830327064e+07
3.518814185132192075e+07
0.000000000000000000e+00
1.650103123593956046e+07
1.662257930751162954e+07
0.000000000000000000e+00
0.000000000000000000e+00
1.842353662888646871e+07
0.000000000000000000e+00
3.036620535469973460e+06
3.829033078516937792e+07
1.662257930751162954e+07
4.637042619278659672e+07
0.000000000000000000e+00
2.817905993201243877e+07
1.435073820232620649e+07
8.083054654213435017e+06
0.000000000000000000e+00
1.121314651598995738e+07
3.518814185132192075e+07
2.771272444289334863e+07
2.301699033386002108e+07
2.299979798860888183e+07
6.394411026348390616e+06
1.235757487749014236e+07
0.000000000000000000e+00
0.000000000000000000e+00
1.519928314064409584e+07
1.519928314064409584e+07
1.120409228153827600e+07
1.998885871067782119e+07
1.612723627299897000e+07
1.612723627299897000e+07
1.876332431452518702e+07
1.622590983193696290e+07
1.662257930751162954e+07
9.289187814006878063e+06
1.822622365165280178e+07
1.235757487749014236e+07
1.876332431452518702e+07
4.645776186764994636e+06
2.831831505178517848e+07
3.324145904324587435e+07
0.000000000000000000e+00
3.734133556258681417e+07
1.235757487749014236e+07
2.770512351747783646e+07
3.435345992465177178e+07
1.101305332668757439e+07
0.000000000000000000e+00
1.101305332668757439e+07
2.747271059739942104e+07
0.000000000000000000e+00
0.000000000000000000e+00
0.000000000000000000e+00
0.000000000000000000e+00
1.711422277024690434e+07
0.000000000000000000e+00
0.000000000000000000e+00
0.000000000000000000e+00
0.000000000000000000e+00
1.929620117020339146e+07
1.711422277024690434e+07
5.029237077739171684e+07
3.246144105469776690e+07
3.797152121124470234e+07
1.101305332668757439e+07
3.182439674266124517e+07
0.000000000000000000e+00
0.000000000000000000e+00
1.612723627299897000e+07
3.536083170461606979e+07
0.000000000000000000e+00
3.036620535469973460e+06
1.662257930751162954e+07
1.876332431452518702e+07
3.036620535469973460e+06
1.998885871067782119e+07
0.000000000000000000e+00
1.612723627299897000e+07
1.650103123593956046e+07
3.085176943826576695e+07
0.000000000000000000e+00
2.754002749879319593e+07
1.965919984298160300e+07
3.058379852914294600e+07
4.203652615180268884e+07
0.000000000000000000e+00
3.710308148092472553e+07
1.822622365165280178e+07
6.498766752669321373e+06
0.000000000000000000e+00
3.046065390548569337e+07
1.711422277024690434e+07
0.000000000000000000e+00
6.394411026348390616e+06
1.121314651598995738e+07
2.354065201513686031e+07
0.000000000000000000e+00
0.000000000000000000e+00
8.367052550266250037e+06
0.000000000000000000e+00
3.036620535469973460e+06
0.000000000000000000e+00
0.000000000000000000e+00
0.000000000000000000e+00
2.356886998541586846e+07
3.112089919201532751e+07
1.581789336736841500e+07
1.520181743514961749e+07
1.876332431452518702e+07
8.083054654213435017e+06
1.842353662888646871e+07
0.000000000000000000e+00
5.147420496596729755e+07
0.000000000000000000e+00
1.101305332668757439e+07
1.612723627299897000e+07
1.650103123593956046e+07
2.591176712151850760e+07
3.435345992465177178e+07
1.581789336736841500e+07
0.000000000000000000e+00
2.221714560822585225e+07
9.755523303125970066e+06
5.554988750100953132e+07
2.440243581245694682e+07
2.703103988335837424e+07
8.083054654213435017e+06
1.822622365165280178e+07
1.121314651598995738e+07
1.842353662888646871e+07
1.876332431452518702e+07
1.424071281700824946e+07
2.556388471831616387e+07
3.058379852914294600e+07
1.121314651598995738e+07
0.000000000000000000e+00
3.580675207804623246e+07
0.000000000000000000e+00
1.519928314064409584e+07
1.662257930751162954e+07
1.318928929646698944e+07
0.000000000000000000e+00
2.702198564890669286e+07
0.000000000000000000e+00
1.121314651598995738e+07
4.870419812697798014e+07
1.771191326865927875e+07
0.000000000000000000e+00
0.000000000000000000e+00
2.169804989331341535e+07
3.030925449689096585e+07
1.581789336736841500e+07
0.000000000000000000e+00
0.000000000000000000e+00
0.000000000000000000e+00
1.101305332668757439e+07
0.000000000000000000e+00
6.394411026348390616e+06
0.000000000000000000e+00
1.650103123593956046e+07
6.578681478572827764e+06
4.645776186764994636e+06
0.000000000000000000e+00
0.000000000000000000e+00
6.498766752669321373e+06
9.755523303125970066e+06
1.612723627299897000e+07
8.083054654213435017e+06
1.953765177140953392e+07
0.000000000000000000e+00
0.000000000000000000e+00
1.771191326865927875e+07
8.083054654213435017e+06
2.556388471831616387e+07
3.030351206671389192e+07
1.301282873703124374e+07
0.000000000000000000e+00
0.000000000000000000e+00
5.553461586223559827e+07
1.511513571990927868e+07
1.121314651598995738e+07
1.235757487749014236e+07
8.083054654213435017e+06
3.184654942151597515e+07
0.000000000000000000e+00
0.000000000000000000e+00
0.000000000000000000e+00
0.000000000000000000e+00
0.000000000000000000e+00
1.519928314064409584e+07
0.000000000000000000e+00
3.375718736047489941e+07
1.759173480526040122e+07
6.394411026348390616e+06
1.235757487749014236e+07
3.510399443058709800e+07
0.000000000000000000e+00
0.000000000000000000e+00
1.511513571990927868e+07
2.215759626612189040e+07
1.876332431452518702e+07
1.958019906625620648e+07
1.928714693575171009e+07
1.120409228153827600e+07
0.000000000000000000e+00
6.394411026348390616e+06
2.807191336489125714e+07
1.581789336736841500e+07
0.000000000000000000e+00
9.755523303125970066e+06
0.000000000000000000e+00
0.000000000000000000e+00
0.000000000000000000e+00
6.498766752669321373e+06
0.000000000000000000e+00
0.000000000000000000e+00
3.553775939913336933e+07
1.842353662888646871e+07
2.074514922867459804e+07
0.000000000000000000e+00
1.612723627299897000e+07
2.807191336489125714e+07
2.046366955413340777e+07
8.083054654213435017e+06
2.812727609693447873e+07
0.000000000000000000e+00
0.000000000000000000e+00
2.569061219655178487e+07
8.083054654213435017e+06
1.998885871067782119e+07
3.036620535469973460e+06
1.435073820232620649e+07
9.755523303125970066e+06
0.000000000000000000e+00
0.000000000000000000e+00
0.000000000000000000e+00
0.000000000000000000e+00
3.424883082321017236e+07
0.000000000000000000e+00
1.984759362191461027e+07
0.000000000000000000e+00
0.000000000000000000e+00
2.703103988335837424e+07
3.914807665199364722e+07
0.000000000000000000e+00
2.851884761765115708e+07
0.000000000000000000e+00
0.000000000000000000e+00
0.000000000000000000e+00
0.000000000000000000e+00
0.000000000000000000e+00
0.000000000000000000e+00
0.000000000000000000e+00
0.000000000000000000e+00
1.235757487749014236e+07
0.000000000000000000e+00
0.000000000000000000e+00
0.000000000000000000e+00
8.083054654213435017e+06
1.779808411208461598e+07
0.000000000000000000e+00
4.645776186764994636e+06
1.612723627299897000e+07
0.000000000000000000e+00
1.435073820232620649e+07
1.120409228153827600e+07
8.083054654213435017e+06
9.755523303125970066e+06
1.842353662888646871e+07
1.235757487749014236e+07
1.121314651598995738e+07
1.534551818557641469e+07
2.126835549427662417e+07
0.000000000000000000e+00
6.426429244889957830e+06
0.000000000000000000e+00
0.000000000000000000e+00
0.000000000000000000e+00
0.000000000000000000e+00
4.751472763818621635e+07
9.289187814006878063e+06
0.000000000000000000e+00
1.612723627299897000e+07
0.000000000000000000e+00
1.612723627299897000e+07
1.998885871067782119e+07
0.000000000000000000e+00
1.235757487749014236e+07
1.612723627299897000e+07
1.534551818557641469e+07
2.656754018925064802e+07
0.000000000000000000e+00
0.000000000000000000e+00
2.920468450424112007e+07
1.779182799456278607e+07
1.581789336736841500e+07
0.000000000000000000e+00
0.000000000000000000e+00
4.645776186764994636e+06
2.492230338155578822e+07
0.000000000000000000e+00
1.121314651598995738e+07
1.111967518968340755e+07
6.426429244889957830e+06
1.662257930751162954e+07
0.000000000000000000e+00
0.000000000000000000e+00
6.394411026348390616e+06
3.036620535469973460e+06
0.000000000000000000e+00
1.307744823124215007e+07
1.713460805296326801e+07
0.000000000000000000e+00
1.822622365165280178e+07
0.000000000000000000e+00
9.289187814006878063e+06
1.650103123593956046e+07
0.000000000000000000e+00
4.852973571836669743e+07
3.196809749308804423e+07
0.000000000000000000e+00
2.943937016764275730e+07
0.000000000000000000e+00
6.394411026348390616e+06
1.842353662888646871e+07
0.000000000000000000e+00
0.000000000000000000e+00
1.534551818557641469e+07
0.000000000000000000e+00
1.650103123593956046e+07
0.000000000000000000e+00
1.842353662888646871e+07
1.822622365165280178e+07
2.515773534087357670e+07
2.555483048386448249e+07
0.000000000000000000e+00
1.662257930751162954e+07
2.763563263419920206e+07
1.520181743514961749e+07
0.000000000000000000e+00
2.612818904659685493e+07
1.235757487749014236e+07
1.612723627299897000e+07
0.000000000000000000e+00
0.000000000000000000e+00
0.000000000000000000e+00
2.817546824485855550e+07
0.000000000000000000e+00
2.963668314487642795e+07
1.120409228153827600e+07
1.318928929646698944e+07
0.000000000000000000e+00
3.484880295916443318e+07
9.289187814006878063e+06
1.958019906625620648e+07
6.426429244889957830e+06
0.000000000000000000e+00
2.869177965918893740e+07
0.000000000000000000e+00
1.120409228153827600e+07
2.462063467800119147e+07
1.612723627299897000e+07
9.289187814006878063e+06
1.976091190667427331e+07
5.076997021705443412e+07
1.822622365165280178e+07
8.367052550266250037e+06
0.000000000000000000e+00
0.000000000000000000e+00
0.000000000000000000e+00
0.000000000000000000e+00
1.842353662888646871e+07
0.000000000000000000e+00
6.498766752669321373e+06
4.804725185752460361e+07
0.000000000000000000e+00
8.083054654213435017e+06
0.000000000000000000e+00
1.822622365165280178e+07
0.000000000000000000e+00
1.842353662888646871e+07
0.000000000000000000e+00
9.755523303125970066e+06
2.770512351747783646e+07
2.990861751506548747e+07
9.289187814006878063e+06
3.233389119360736385e+07
1.713460805296326801e+07
0.000000000000000000e+00
1.998885871067782119e+07
0.000000000000000000e+00
2.526209106719450653e+07
1.519928314064409584e+07
0.000000000000000000e+00
3.722823390052539110e+07
0.000000000000000000e+00
1.650103123593956046e+07
1.120409228153827600e+07
6.394411026348390616e+06
0.000000000000000000e+00
6.498766752669321373e+06
0.000000000000000000e+00
4.645776186764994636e+06
1.876332431452518702e+07
1.235757487749014236e+07
1.581789336736841500e+07
2.192419966414924338e+07
1.511513571990927868e+07
1.318928929646698944e+07
0.000000000000000000e+00
1.511513571990927868e+07
0.000000000000000000e+00
0.000000000000000000e+00
0.000000000000000000e+00
1.534551818557641469e+07
1.700335106425513700e+07
0.000000000000000000e+00
1.713460805296326801e+07
0.000000000000000000e+00
0.000000000000000000e+00
0.000000000000000000e+00
0.000000000000000000e+00
0.000000000000000000e+00
0.000000000000000000e+00
5.256071622782371193e+07
0.000000000000000000e+00
4.410898322777774185e+07
0.000000000000000000e+00
3.718686094341165572e+07
1.581789336736841500e+07
0.000000000000000000e+00
0.000000000000000000e+00
0.000000000000000000e+00
1.711422277024690434e+07
3.036620535469973460e+06
1.842353662888646871e+07
0.000000000000000000e+00
3.218463007629483193e+07
3.161616695584883913e+07
0.000000000000000000e+00
0.000000000000000000e+00
3.807128297906189412e+07
0.000000000000000000e+00
1.612723627299897000e+07
8.367052550266250037e+06
0.000000000000000000e+00
1.612723627299897000e+07
1.318928929646698944e+07
0.000000000000000000e+00
0.000000000000000000e+00
1.984505932740908861e+07
1.122445766533782333e+07
0.000000000000000000e+00
0.000000000000000000e+00
2.390094802158185095e+07
0.000000000000000000e+00
4.813139927825941145e+07
6.498766752669321373e+06
0.000000000000000000e+00
2.861155663457424194e+07
1.519928314064409584e+07
6.498766752669321373e+06
1.713460805296326801e+07
1.662257930751162954e+07
1.662257930751162954e+07
1.876332431452518702e+07
2.307971271451238915e+07
1.318928929646698944e+07
1.783857795733940601e+07
0.000000000000000000e+00
3.100191203736539558e+07
0.000000000000000000e+00
2.630927830586623773e+07
0.000000000000000000e+00
1.713460805296326801e+07
2.178038423972826451e+07
1.876332431452518702e+07
2.927804652468469739e+07
2.977637764121276140e+07
6.578681478572827764e+06
1.120409228153827600e+07
0.000000000000000000e+00
1.235757487749014236e+07
3.324145904324587435e+07
1.279214383859594353e+07
3.182439674266124517e+07
0.000000000000000000e+00
0.000000000000000000e+00
0.000000000000000000e+00
1.534551818557641469e+07
0.000000000000000000e+00
3.932542664712168276e+07
0.000000000000000000e+00
0.000000000000000000e+00
2.751408456262713671e+07
1.121314651598995738e+07
2.817905993201243877e+07
0.000000000000000000e+00
0.000000000000000000e+00
0.000000000000000000e+00
2.783572582350158691e+07
1.650103123593956046e+07
3.036620535469973460e+06
6.265841413090829551e+07
1.662257930751162954e+07
0.000000000000000000e+00
1.822622365165280178e+07
0.000000000000000000e+00
2.480490513022562861e+07
1.534551818557641469e+07
0.000000000000000000e+00
1.318928929646698944e+07
0.000000000000000000e+00
2.518975355941514671e+07
0.000000000000000000e+00
1.998885871067782119e+07
0.000000000000000000e+00
1.318928929646698944e+07
6.498766752669321373e+06
9.615302014042802155e+06
6.426429244889957830e+06
6.578681478572827764e+06
7.143128699133022130e+07
0.000000000000000000e+00
9.755523303125970066e+06
0.000000000000000000e+00
2.655866470156637207e+07
3.036620535469973460e+06
5.217749269613542408e+07
5.957722076136878878e+07
1.822622365165280178e+07
2.783572582350158691e+07
0.000000000000000000e+00
2.782667158904990554e+07
1.876332431452518702e+07
4.245622856334491819e+07
1.520181743514961749e+07
1.534551818557641469e+07
3.924858233317992091e+07
1.121314651598995738e+07
0.000000000000000000e+00
2.733132855453724414e+07
1.519928314064409584e+07
0.000000000000000000e+00
1.581789336736841500e+07
6.498766752669321373e+06
6.498766752669321373e+06
0.000000000000000000e+00
2.851884761765115708e+07
3.455077290188543499e+07
0.000000000000000000e+00
5.057265723982076347e+07
2.337062820417771488e+07
6.498766752669321373e+06
1.121314651598995738e+07
1.121314651598995738e+07
0.000000000000000000e+00
0.000000000000000000e+00
2.292746048082951829e+07
9.207654533369703591e+07
0.000000000000000000e+00
0.000000000000000000e+00
1.122445766533782333e+07
3.553775939913336933e+07
1.928714693575171009e+07
4.645776186764994636e+06
0.000000000000000000e+00
0.000000000000000000e+00
3.424142999625488371e+07
1.511513571990927868e+07
1.713460805296326801e+07
1.713460805296326801e+07
0.000000000000000000e+00
1.581789336736841500e+07
0.000000000000000000e+00
0.000000000000000000e+00
0.000000000000000000e+00
1.662257930751162954e+07
0.000000000000000000e+00
0.000000000000000000e+00
1.534551818557641469e+07
1.519928314064409584e+07
1.520181743514961749e+07
2.963668314487642795e+07
3.097331750983783603e+07
0.000000000000000000e+00
2.262600302566829324e+07
3.021205628420541435e+07
0.000000000000000000e+00
0.000000000000000000e+00
0.000000000000000000e+00
2.440243581245694682e+07
1.612723627299897000e+07
3.184654942151597515e+07
1.711422277024690434e+07
0.000000000000000000e+00
2.783572582350158691e+07
1.435073820232620649e+07
2.747271059739942104e+07
1.650103123593956046e+07
0.000000000000000000e+00
0.000000000000000000e+00
6.426429244889957830e+06
3.107297030183804780e+07
0.000000000000000000e+00
3.611609498367679119e+07
0.000000000000000000e+00
0.000000000000000000e+00
0.000000000000000000e+00
0.000000000000000000e+00
4.774006219835242629e+07
3.404411701902121305e+07
4.329162041509228200e+07
0.000000000000000000e+00
0.000000000000000000e+00
0.000000000000000000e+00
1.822622365165280178e+07
1.876332431452518702e+07
8.367052550266250037e+06
1.842353662888646871e+07
2.782667158904990554e+07
2.015084330571687967e+07
0.000000000000000000e+00
9.755523303125970066e+06
0.000000000000000000e+00
0.000000000000000000e+00
8.367052550266250037e+06
0.000000000000000000e+00
3.362535406403608620e+07
1.822622365165280178e+07
1.998885871067782119e+07
8.083054654213435017e+06
3.032389734943025559e+07
0.000000000000000000e+00
3.182186244815572351e+07
0.000000000000000000e+00
0.000000000000000000e+00
2.420234262315456569e+07
4.659434923156366497e+07
2.910032877792018652e+07
3.215209814906721190e+07
1.650103123593956046e+07
0.000000000000000000e+00
1.581789336736841500e+07
0.000000000000000000e+00
7.288805812940783799e+07
9.755523303125970066e+06
2.352901907931165770e+07
0.000000000000000000e+00
1.612723627299897000e+07
5.697031560054734349e+07
2.087519849280937761e+07
1.581789336736841500e+07
3.900718493587633967e+07
0.000000000000000000e+00
0.000000000000000000e+00
0.000000000000000000e+00
1.511513571990927868e+07
1.121314651598995738e+07
1.751182007935689390e+07
1.120409228153827600e+07
1.120409228153827600e+07
0.000000000000000000e+00
0.000000000000000000e+00
2.044062953170357645e+07
1.101305332668757439e+07
1.953765177140953392e+07
0.000000000000000000e+00
0.000000000000000000e+00
4.777050697836059332e+07
1.842353662888646871e+07
2.555483048386448249e+07
1.998885871067782119e+07
9.289187814006878063e+06
6.498766752669321373e+06
3.543361190872536600e+07
0.000000000000000000e+00
2.173992921192480624e+07
0.000000000000000000e+00
3.217276210065420717e+07
1.612723627299897000e+07
0.000000000000000000e+00
1.751182007935689390e+07
2.969625638790262118e+07
3.455077290188543499e+07
1.713460805296326801e+07
1.519928314064409584e+07
1.581789336736841500e+07
0.000000000000000000e+00
0.000000000000000000e+00
2.146015716435644031e+07
1.121314651598995738e+07
0.000000000000000000e+00
0.000000000000000000e+00
0.000000000000000000e+00
0.000000000000000000e+00
6.426429244889957830e+06
0.000000000000000000e+00
0.000000000000000000e+00
1.842353662888646871e+07
0.000000000000000000e+00
1.235757487749014236e+07
9.755523303125970066e+06
0.000000000000000000e+00
0.000000000000000000e+00
0.000000000000000000e+00
3.739008046012175083e+07
1.612723627299897000e+07
0.000000000000000000e+00
1.534551818557641469e+07
1.958370032281538099e+07
1.101305332668757439e+07
6.394411026348390616e+06
8.367052550266250037e+06
0.000000000000000000e+00
0.000000000000000000e+00
0.000000000000000000e+00
0.000000000000000000e+00
1.822622365165280178e+07
1.612723627299897000e+07
2.356633569091034681e+07
2.169381719848210737e+07
0.000000000000000000e+00
1.519928314064409584e+07
1.958019906625620648e+07
0.000000000000000000e+00
6.498766752669321373e+06
5.024539907704219222e+07
0.000000000000000000e+00
0.000000000000000000e+00
3.036620535469973460e+06
2.898015418500177190e+07
0.000000000000000000e+00
0.000000000000000000e+00
3.376905481446288526e+07
6.498766752669321373e+06
2.410626150545217842e+07
3.146496097257310897e+07
1.783506548323198408e+07
0.000000000000000000e+00
1.235757487749014236e+07
1.928714693575171009e+07
0.000000000000000000e+00
8.367052550266250037e+06
1.511513571990927868e+07
0.000000000000000000e+00
0.000000000000000000e+00
0.000000000000000000e+00
4.103555607454511523e+07
9.755523303125970066e+06
0.000000000000000000e+00
1.842353662888646871e+07
1.612723627299897000e+07
1.711422277024690434e+07
0.000000000000000000e+00
0.000000000000000000e+00
0.000000000000000000e+00
9.755523303125970066e+06
0.000000000000000000e+00
8.083054654213435017e+06
1.479348179515620694e+07
3.295250142033168301e+07
2.439338157800526544e+07
0.000000000000000000e+00
1.121314651598995738e+07
1.842353662888646871e+07
1.520181743514961749e+07
0.000000000000000000e+00
1.581789336736841500e+07
0.000000000000000000e+00
0.000000000000000000e+00
3.782798826949975640e+07
0.000000000000000000e+00
0.000000000000000000e+00
1.713460805296326801e+07
0.000000000000000000e+00
1.842353662888646871e+07
6.394411026348390616e+06
3.880803996872901171e+07
0.000000000000000000e+00
9.755523303125970066e+06
1.713460805296326801e+07
1.612723627299897000e+07
0.000000000000000000e+00
0.000000000000000000e+00
3.376905481446288526e+07
0.000000000000000000e+00
1.511513571990927868e+07
0.000000000000000000e+00
0.000000000000000000e+00
0.000000000000000000e+00
1.916385680846894532e+07
1.842353662888646871e+07
0.000000000000000000e+00
0.000000000000000000e+00
1.511513571990927868e+07
1.534551818557641469e+07
1.713460805296326801e+07
1.612723627299897000e+07
4.593910487697759271e+07
3.233642548811288550e+07
3.780992397446817905e+07
9.755523303125970066e+06
1.876332431452518702e+07
3.274981558051060140e+07
2.127234395068042353e+07
0.000000000000000000e+00
0.000000000000000000e+00
2.363337480563259125e+07
0.000000000000000000e+00
1.842353662888646871e+07
0.000000000000000000e+00
2.963668314487642795e+07
3.444692315488045663e+07
3.448051370744809508e+07
1.101305332668757439e+07
3.400868359204807132e+07
2.641772361723136902e+07
1.822622365165280178e+07
1.511513571990927868e+07
1.612723627299897000e+07
0.000000000000000000e+00
9.755523303125970066e+06
0.000000000000000000e+00
2.782667158904990554e+07
2.095961558466424793e+07
0.000000000000000000e+00
2.640337542218237370e+07
0.000000000000000000e+00
1.711422277024690434e+07
2.352901907931165770e+07
0.000000000000000000e+00
0.000000000000000000e+00
0.000000000000000000e+00
3.510399443058709800e+07
0.000000000000000000e+00
0.000000000000000000e+00
2.126284418712277710e+07
1.662257930751162954e+07
0.000000000000000000e+00
0.000000000000000000e+00
5.037615023987864703e+07
2.146015716435644031e+07
1.393496400077187270e+07
0.000000000000000000e+00
1.318928929646698944e+07
3.342804108680241928e+07
3.433959691300402582e+07
0.000000000000000000e+00
3.295250142033168301e+07
6.498766752669321373e+06
2.126835549427662417e+07
5.803113090698841959e+07
9.755523303125970066e+06
1.435073820232620649e+07
2.510104148870238662e+07
0.000000000000000000e+00
6.498766752669321373e+06
0.000000000000000000e+00
1.650103123593956046e+07
0.000000000000000000e+00
1.650103123593956046e+07
2.301699033386002108e+07
0.000000000000000000e+00
3.194512964036738500e+07
3.228539727736799791e+07
3.619372413931615651e+07
5.088327758470978588e+07
0.000000000000000000e+00
1.711422277024690434e+07
0.000000000000000000e+00
2.306931281565146148e+07
0.000000000000000000e+00
1.511513571990927868e+07
0.000000000000000000e+00
4.304417130688766390e+07
1.612723627299897000e+07
0.000000000000000000e+00
0.000000000000000000e+00
1.662257930751162954e+07
3.472725488759236038e+07
0.000000000000000000e+00
3.435345992465177178e+07
0.000000000000000000e+00
1.876332431452518702e+07
0.000000000000000000e+00
0.000000000000000000e+00
1.300511072346278653e+07
0.000000000000000000e+00
0.000000000000000000e+00
9.289187814006878063e+06
1.318928929646698944e+07
1.121314651598995738e+07
4.082492193066619337e+07
0.000000000000000000e+00
2.150954674625767022e+07
0.000000000000000000e+00
8.083054654213435017e+06
1.842353662888646871e+07
9.755523303125970066e+06
2.654961046711469069e+07
0.000000000000000000e+00
1.121314651598995738e+07
8.083054654213435017e+06
9.755523303125970066e+06
2.683094669405598938e+07
0.000000000000000000e+00
1.435073820232620649e+07
0.000000000000000000e+00
3.146496097257310897e+07
0.000000000000000000e+00
2.487065902303525060e+07
1.976091190667427331e+07
1.612723627299897000e+07
9.289187814006878063e+06
1.711422277024690434e+07
1.662257930751162954e+07
1.998885871067782119e+07
0.000000000000000000e+00
2.481794765523485839e+07
8.367052550266250037e+06
4.050325352644999325e+07
0.000000000000000000e+00
0.000000000000000000e+00
8.083054654213435017e+06
2.463470599958329275e+07
0.000000000000000000e+00
1.812257585339222103e+07
0.000000000000000000e+00
0.000000000000000000e+00
0.000000000000000000e+00
2.689013135608923808e+07
1.120409228153827600e+07
1.101305332668757439e+07
3.245974095582331717e+07
0.000000000000000000e+00
3.455077290188543499e+07
0.000000000000000000e+00
2.962762891042474657e+07
1.842353662888646871e+07
3.046065390548569337e+07
0.000000000000000000e+00
1.520181743514961749e+07
6.394411026348390616e+06
6.394411026348390616e+06
1.822622365165280178e+07
0.000000000000000000e+00
1.120409228153827600e+07
2.369290424881973118e+07
1.650103123593956046e+07
0.000000000000000000e+00
1.120409228153827600e+07
0.000000000000000000e+00
0.000000000000000000e+00
1.885451390283838660e+07
0.000000000000000000e+00
4.645776186764994636e+06
0.000000000000000000e+00
0.000000000000000000e+00
9.755523303125970066e+06
1.842353662888646871e+07
0.000000000000000000e+00
5.483550038226927817e+07
0.000000000000000000e+00
0.000000000000000000e+00
9.289187814006878063e+06
2.900718266383540630e+07
1.822622365165280178e+07
1.976091190667427331e+07
0.000000000000000000e+00
1.650103123593956046e+07
0.000000000000000000e+00
0.000000000000000000e+00
0.000000000000000000e+00
8.083054654213435017e+06
1.713460805296326801e+07
1.842353662888646871e+07
1.650103123593956046e+07
0.000000000000000000e+00
0.000000000000000000e+00
0.000000000000000000e+00
1.612723627299897000e+07
0.000000000000000000e+00
3.231350591089100018e+07
5.414637843816312402e+07
1.711422277024690434e+07
0.000000000000000000e+00
1.612723627299897000e+07
2.993506304148525000e+07
9.755523303125970066e+06
0.000000000000000000e+00
1.822622365165280178e+07
1.511513571990927868e+07
0.000000000000000000e+00
0.000000000000000000e+00
3.036620535469973460e+06
1.876332431452518702e+07
0.000000000000000000e+00
1.711422277024690434e+07
2.635857151226399094e+07
0.000000000000000000e+00
1.711422277024690434e+07
0.000000000000000000e+00
3.484192902159453928e+07
0.000000000000000000e+00
0.000000000000000000e+00
3.897950834641342610e+07
0.000000000000000000e+00
0.000000000000000000e+00
0.000000000000000000e+00
1.779182799456278607e+07
0.000000000000000000e+00
2.449428882326522097e+07
0.000000000000000000e+00
0.000000000000000000e+00
2.943658995557404310e+07
0.000000000000000000e+00
0.000000000000000000e+00
1.662257930751162954e+07
0.000000000000000000e+00
1.711422277024690434e+07
0.000000000000000000e+00
1.876332431452518702e+07
1.998885871067782119e+07
1.511513571990927868e+07
2.421029092721240595e+07
1.318928929646698944e+07
1.520181743514961749e+07
3.218580368555819243e+07
1.235757487749014236e+07
0.000000000000000000e+00
0.000000000000000000e+00
1.783506548323198408e+07
1.662257930751162954e+07
0.000000000000000000e+00
1.519928314064409584e+07
1.289317777901771292e+07
0.000000000000000000e+00
0.000000000000000000e+00
1.435073820232620649e+07
3.313058733725410700e+07
1.822622365165280178e+07
1.121314651598995738e+07
2.146015716435644031e+07
5.171640004243995249e+07
1.711422277024690434e+07
0.000000000000000000e+00
0.000000000000000000e+00
2.243379285653964058e+07
0.000000000000000000e+00
0.000000000000000000e+00
1.876332431452518702e+07
2.640590971668789536e+07
2.519727742446034029e+07
1.650103123593956046e+07
2.962762891042474657e+07
1.511513571990927868e+07
2.526209106719450653e+07
0.000000000000000000e+00
0.000000000000000000e+00
0.000000000000000000e+00
0.000000000000000000e+00
3.046065390548569337e+07
0.000000000000000000e+00
2.923927697834037617e+07
1.876332431452518702e+07
3.676797699985443801e+07
0.000000000000000000e+00
3.536083170461606979e+07
6.498766752669321373e+06
1.318928929646698944e+07
1.519928314064409584e+07
6.578681478572827764e+06
1.511513571990927868e+07
0.000000000000000000e+00
0.000000000000000000e+00
0.000000000000000000e+00
0.000000000000000000e+00
1.120409228153827600e+07
6.498766752669321373e+06
0.000000000000000000e+00
1.822622365165280178e+07
4.645776186764994636e+06
1.435073820232620649e+07
0.000000000000000000e+00
8.083054654213435017e+06
1.435073820232620649e+07
0.000000000000000000e+00
1.711422277024690434e+07
6.498766752669321373e+06
1.121314651598995738e+07
0.000000000000000000e+00
4.645776186764994636e+06
1.121314651598995738e+07
1.650103123593956046e+07
6.426429244889957830e+06
1.121314651598995738e+07
1.711422277024690434e+07
6.394411026348390616e+06
6.394411026348390616e+06
6.498766752669321373e+06
1.534551818557641469e+07
1.822622365165280178e+07
1.121314651598995738e+07
2.607896581892552972e+07
0.000000000000000000e+00
0.000000000000000000e+00
0.000000000000000000e+00
1.581789336736841500e+07
0.000000000000000000e+00
0.000000000000000000e+00
1.120409228153827600e+07
5.375791352514071018e+07
3.553775939913336933e+07
2.463463489744281769e+07
0.000000000000000000e+00
0.000000000000000000e+00
2.114680742270455509e+07
0.000000000000000000e+00
6.498766752669321373e+06
3.032389734943025559e+07
1.581789336736841500e+07
0.000000000000000000e+00
0.000000000000000000e+00
1.822622365165280178e+07
1.235757487749014236e+07
1.581789336736841500e+07
3.036620535469973460e+06
1.120409228153827600e+07
1.783857795733940601e+07
9.755523303125970066e+06
1.783506548323198408e+07
3.362281976953056455e+07
0.000000000000000000e+00
6.394411026348390616e+06
1.822622365165280178e+07
0.000000000000000000e+00
0.000000000000000000e+00
0.000000000000000000e+00
1.534551818557641469e+07
0.000000000000000000e+00
0.000000000000000000e+00
3.182439674266124517e+07
1.662257930751162954e+07
4.645776186764994636e+06
0.000000000000000000e+00
2.072462742775639147e+07
1.713460805296326801e+07
0.000000000000000000e+00
1.534551818557641469e+07
0.000000000000000000e+00
6.498766752669321373e+06
0.000000000000000000e+00
0.000000000000000000e+00
1.511513571990927868e+07
0.000000000000000000e+00
3.376905481446288526e+07
1.822622365165280178e+07
0.000000000000000000e+00
1.520181743514961749e+07
0.000000000000000000e+00
6.394411026348390616e+06
0.000000000000000000e+00
0.000000000000000000e+00
0.000000000000000000e+00
0.000000000000000000e+00
0.000000000000000000e+00
0.000000000000000000e+00
1.740746435303596407e+07
1.318928929646698944e+07
6.578681478572827764e+06
1.120409228153827600e+07
0.000000000000000000e+00
1.876332431452518702e+07
0.000000000000000000e+00
2.641496395113957673e+07
1.938010587695382535e+07
2.211309818061611056e+07
0.000000000000000000e+00
4.302598989176541567e+07
1.876332431452518702e+07
2.853480748204340413e+07
8.083054654213435017e+06
0.000000000000000000e+00
4.101517079182875156e+07
5.247916139969002455e+07
0.000000000000000000e+00
3.182186244815572351e+07
3.589793236748845875e+07
2.656754018925064802e+07
2.898015418500177190e+07
1.822622365165280178e+07
0.000000000000000000e+00
0.000000000000000000e+00
0.000000000000000000e+00
0.000000000000000000e+00
0.000000000000000000e+00
1.318928929646698944e+07
1.318928929646698944e+07
0.000000000000000000e+00
1.842353662888646871e+07
2.480490513022562861e+07
0.000000000000000000e+00
1.876332431452518702e+07
2.521766270717670396e+07
0.000000000000000000e+00
0.000000000000000000e+00
3.150633342223272845e+07
0.000000000000000000e+00
0.000000000000000000e+00
1.122445766533782333e+07
4.115989916046643257e+07
8.367052550266250037e+06
2.479661949248187244e+07
3.124237199290824682e+07
0.000000000000000000e+00
0.000000000000000000e+00
0.000000000000000000e+00
0.000000000000000000e+00
1.998885871067782119e+07
2.935584853691753000e+07
0.000000000000000000e+00
0.000000000000000000e+00
6.498766752669321373e+06
3.036620535469973460e+06
6.578681478572827764e+06
3.324145904324587435e+07
2.943031593319107592e+07
0.000000000000000000e+00
1.511513571990927868e+07
0.000000000000000000e+00
3.293211613761531934e+07
6.426429244889957830e+06
9.755523303125970066e+06
0.000000000000000000e+00
2.554686417395713180e+07
0.000000000000000000e+00
1.581789336736841500e+07
2.050233432999683544e+07
0.000000000000000000e+00
1.737224246822031215e+07
0.000000000000000000e+00
1.998885871067782119e+07
8.367052550266250037e+06
3.542343744320236146e+07
1.235757487749014236e+07
0.000000000000000000e+00
4.645776186764994636e+06
3.424883082321017236e+07
0.000000000000000000e+00
8.083054654213435017e+06
2.150954674625767022e+07
3.688590016791740805e+07
0.000000000000000000e+00
5.024539907704219222e+07
0.000000000000000000e+00
0.000000000000000000e+00
1.447746568056182563e+07
1.650103123593956046e+07
2.150954674625767022e+07
1.842353662888646871e+07
0.000000000000000000e+00
4.436871608595442772e+07
0.000000000000000000e+00
4.234210703483615816e+07
1.520181743514961749e+07
2.116050288545558602e+07
0.000000000000000000e+00
0.000000000000000000e+00
3.128431544029789418e+07
1.121314651598995738e+07
0.000000000000000000e+00
0.000000000000000000e+00
1.585892270275495201e+07
4.480163923952406645e+07
6.426429244889957830e+06
0.000000000000000000e+00
9.755523303125970066e+06
0.000000000000000000e+00
3.311406251685139537e+07
0.000000000000000000e+00
2.159622846149800718e+07
1.519928314064409584e+07
0.000000000000000000e+00
0.000000000000000000e+00
3.212554565252996236e+07
1.101305332668757439e+07
2.044062953170357645e+07
1.122445766533782333e+07
1.121314651598995738e+07
0.000000000000000000e+00
3.587754708477209508e+07
1.633420478169879690e+07
3.698954796617798507e+07
2.292746048082951829e+07
1.842353662888646871e+07
0.000000000000000000e+00
0.000000000000000000e+00
0.000000000000000000e+00
3.036620535469973460e+06
0.000000000000000000e+00
1.447746568056182563e+07
4.510739045800074190e+07
1.822622365165280178e+07
3.875218302520300448e+07
0.000000000000000000e+00
1.713460805296326801e+07
2.817546824485855550e+07
6.498766752669321373e+06
8.083054654213435017e+06
6.498766752669321373e+06
0.000000000000000000e+00
6.426429244889957830e+06
3.112089919201532751e+07
3.792718112299412489e+07
2.947179764773704857e+07
0.000000000000000000e+00
2.703103988335837424e+07
6.066224178302524984e+07
6.578681478572827764e+06
1.520181743514961749e+07
1.938010587695382535e+07
0.000000000000000000e+00
4.743071929272187501e+07
0.000000000000000000e+00
0.000000000000000000e+00
0.000000000000000000e+00
1.822622365165280178e+07
1.581789336736841500e+07
3.841239533956429362e+07
1.101305332668757439e+07
1.101305332668757439e+07
0.000000000000000000e+00
0.000000000000000000e+00
1.713460805296326801e+07
1.612723627299897000e+07
3.536083170461606979e+07
8.083054654213435017e+06
3.016699740026140958e+07
1.612723627299897000e+07
0.000000000000000000e+00
2.839110673161660880e+07
1.822622365165280178e+07
1.713460805296326801e+07
1.121314651598995738e+07
4.645776186764994636e+06
1.120409228153827600e+07
1.466173613278626278e+07
4.934952037538815290e+07
1.711422277024690434e+07
3.922699386865859479e+07
9.755523303125970066e+06
3.875218302520300448e+07
1.822622365165280178e+07
3.116341155294483155e+07
5.484967934844154119e+07
3.353867234879574925e+07
0.000000000000000000e+00
1.581789336736841500e+07
0.000000000000000000e+00
0.000000000000000000e+00
1.581789336736841500e+07
4.352918672138647735e+07
0.000000000000000000e+00
1.822622365165280178e+07
4.222380308405631036e+07
0.000000000000000000e+00
1.998885871067782119e+07
0.000000000000000000e+00
1.763957576087991521e+07
1.612723627299897000e+07
1.743948257157753408e+07
3.862376951650457084e+07
1.612723627299897000e+07
0.000000000000000000e+00
1.662257930751162954e+07
1.121314651598995738e+07
8.083054654213435017e+06
0.000000000000000000e+00
0.000000000000000000e+00
1.318928929646698944e+07
3.277427483121267706e+07
1.650103123593956046e+07
8.083054654213435017e+06
1.435073820232620649e+07
0.000000000000000000e+00
4.157992004578721523e+07
1.121314651598995738e+07
0.000000000000000000e+00
0.000000000000000000e+00
0.000000000000000000e+00
1.998885871067782119e+07
1.876332431452518702e+07
3.184654942151597515e+07
6.394411026348390616e+06
3.093302908727769554e+07
3.737621744847400486e+07
1.318928929646698944e+07
6.394411026348390616e+06
2.076857662981354445e+07
0.000000000000000000e+00
1.822622365165280178e+07
1.876332431452518702e+07
0.000000000000000000e+00
9.755523303125970066e+06
1.645010720447968505e+07
0.000000000000000000e+00
0.000000000000000000e+00
0.000000000000000000e+00
0.000000000000000000e+00
0.000000000000000000e+00
1.822622365165280178e+07
0.000000000000000000e+00
3.688590016791740805e+07
0.000000000000000000e+00
0.000000000000000000e+00
2.817905993201243877e+07
0.000000000000000000e+00
0.000000000000000000e+00
5.486291376112671196e+07
6.578681478572827764e+06
1.272883084097842872e+07
1.520181743514961749e+07
1.121314651598995738e+07
0.000000000000000000e+00
3.231350591089100018e+07
0.000000000000000000e+00
2.621487076183719188e+07
2.515773534087357670e+07
1.235757487749014236e+07
1.662257930751162954e+07
0.000000000000000000e+00
1.662257930751162954e+07
1.520181743514961749e+07
3.312361054345118999e+07
0.000000000000000000e+00
1.650103123593956046e+07
1.998885871067782119e+07
1.318928929646698944e+07
8.083054654213435017e+06
0.000000000000000000e+00
0.000000000000000000e+00
0.000000000000000000e+00
0.000000000000000000e+00
5.768390952541238815e+07
0.000000000000000000e+00
0.000000000000000000e+00
3.058379852914294600e+07
1.121314651598995738e+07
0.000000000000000000e+00
0.000000000000000000e+00
1.581789336736841500e+07
2.439338157800526544e+07
4.645776186764994636e+06
2.449428882326522097e+07
0.000000000000000000e+00
3.170284867108917981e+07
0.000000000000000000e+00
9.755523303125970066e+06
8.083054654213435017e+06
1.711422277024690434e+07
3.957255903349319845e+07
0.000000000000000000e+00
1.534551818557641469e+07
2.463470599958329275e+07
1.876332431452518702e+07
0.000000000000000000e+00
1.662257930751162954e+07
0.000000000000000000e+00
0.000000000000000000e+00
0.000000000000000000e+00
1.876332431452518702e+07
0.000000000000000000e+00
0.000000000000000000e+00
2.963668314487642795e+07
2.044062953170357645e+07
0.000000000000000000e+00
1.121314651598995738e+07
2.500221810745929554e+07
1.520181743514961749e+07
0.000000000000000000e+00
6.498766752669321373e+06
1.662257930751162954e+07
9.289187814006878063e+06
0.000000000000000000e+00
0.000000000000000000e+00
0.000000000000000000e+00
1.235757487749014236e+07
1.121314651598995738e+07
1.581789336736841500e+07
0.000000000000000000e+00
1.713460805296326801e+07
2.684637896873862296e+07
0.000000000000000000e+00
2.621233646733167022e+07
0.000000000000000000e+00
0.000000000000000000e+00
3.484880295916443318e+07
2.169804989331341535e+07
0.000000000000000000e+00
0.000000000000000000e+00
1.711422277024690434e+07
2.641496395113957673e+07
0.000000000000000000e+00
6.498766752669321373e+06
1.612723627299897000e+07
0.000000000000000000e+00
3.036620535469973460e+06
4.642778312749877572e+07
4.007942065255622566e+07
4.877102497787331045e+07
0.000000000000000000e+00
1.534551818557641469e+07
1.101305332668757439e+07
4.640169189651136100e+07
5.195695620376586914e+07
0.000000000000000000e+00
1.842353662888646871e+07
1.435073820232620649e+07
1.120409228153827600e+07
1.458182140688275546e+07
1.318928929646698944e+07
1.511513571990927868e+07
9.289187814006878063e+06
4.203276412920560688e+07
1.519928314064409584e+07
4.679901065839818865e+07
1.822622365165280178e+07
1.435073820232620649e+07
0.000000000000000000e+00
8.083054654213435017e+06
2.356103729785322398e+07
2.363337480563259125e+07
0.000000000000000000e+00
0.000000000000000000e+00
8.083054654213435017e+06
1.101305332668757439e+07
9.289187814006878063e+06
4.118056311205342412e+07
1.842353662888646871e+07
4.893861951290814579e+07
0.000000000000000000e+00
1.520181743514961749e+07
9.289187814006878063e+06
8.367052550266250037e+06
0.000000000000000000e+00
6.394411026348390616e+06
9.755523303125970066e+06
0.000000000000000000e+00
4.943954002766844630e+07
3.358142186169048399e+07
0.000000000000000000e+00
0.000000000000000000e+00
2.146015716435644031e+07
2.470563396172506362e+07
0.000000000000000000e+00
3.036620535469973460e+06
1.662257930751162954e+07
1.822622365165280178e+07
1.842353662888646871e+07
4.574661876137012988e+07
4.501368603912823647e+07
2.243379285653964058e+07
0.000000000000000000e+00
3.269828831529705971e+07
3.538590362203681469e+07
2.848481115048911422e+07
0.000000000000000000e+00
1.235757487749014236e+07
0.000000000000000000e+00
0.000000000000000000e+00
6.394411026348390616e+06
6.426429244889957830e+06
1.842353662888646871e+07
1.120409228153827600e+07
6.578681478572827764e+06
2.312134606018095091e+07
1.822622365165280178e+07
8.083054654213435017e+06
0.000000000000000000e+00
1.121314651598995738e+07
0.000000000000000000e+00
5.297120416536580026e+07
6.578681478572827764e+06
2.588275957612494007e+07
9.755523303125970066e+06
0.000000000000000000e+00
6.394411026348390616e+06
1.479348179515620694e+07
0.000000000000000000e+00
0.000000000000000000e+00
0.000000000000000000e+00
2.418494591763466597e+07
0.000000000000000000e+00
6.394411026348390616e+06
1.812257585339222103e+07
1.534551818557641469e+07
1.976091190667427331e+07
3.807381727356741577e+07
0.000000000000000000e+00
1.120409228153827600e+07
1.612723627299897000e+07
5.166499567213234305e+07
2.495734073827558756e+07
1.101305332668757439e+07
0.000000000000000000e+00
0.000000000000000000e+00
1.899651438909120113e+07
3.036620535469973460e+06
5.157726304767614603e+07
1.120409228153827600e+07
1.998885871067782119e+07
1.876332431452518702e+07
1.822622365165280178e+07
1.822622365165280178e+07
2.307971271451238915e+07
8.083054654213435017e+06
0.000000000000000000e+00
1.435073820232620649e+07
2.640337542218237370e+07
1.783857795733940601e+07
2.714028959968654439e+07
1.878400412238010019e+07
0.000000000000000000e+00
1.121314651598995738e+07
1.534551818557641469e+07
4.645776186764994636e+06
0.000000000000000000e+00
6.578681478572827764e+06
0.000000000000000000e+00
0.000000000000000000e+00
1.581789336736841500e+07
0.000000000000000000e+00
0.000000000000000000e+00
9.289187814006878063e+06
2.179994484999515861e+07
1.842353662888646871e+07
2.301699033386002108e+07
0.000000000000000000e+00
0.000000000000000000e+00
0.000000000000000000e+00
3.326184432596223801e+07
0.000000000000000000e+00
2.963668314487642795e+07
9.755523303125970066e+06
0.000000000000000000e+00
0.000000000000000000e+00
3.627514439388208091e+07
0.000000000000000000e+00
1.318928929646698944e+07
1.318928929646698944e+07
1.842353662888646871e+07
3.955003978834114969e+07
0.000000000000000000e+00
2.683094669405598938e+07
1.534551818557641469e+07
2.306931281565146148e+07
0.000000000000000000e+00
3.433960919327896833e+07
0.000000000000000000e+00
0.000000000000000000e+00
6.446384955263002217e+07
0.000000000000000000e+00
0.000000000000000000e+00
2.492230338155578822e+07
0.000000000000000000e+00
1.842353662888646871e+07
1.534551818557641469e+07
6.426429244889957830e+06
0.000000000000000000e+00
0.000000000000000000e+00
1.999129437234140933e+07
0.000000000000000000e+00
1.822622365165280178e+07
0.000000000000000000e+00
0.000000000000000000e+00
8.083054654213435017e+06
3.957034405159102380e+07
0.000000000000000000e+00
9.755523303125970066e+06
0.000000000000000000e+00
0.000000000000000000e+00
0.000000000000000000e+00
3.395786592628053576e+07
0.000000000000000000e+00
0.000000000000000000e+00
0.000000000000000000e+00
0.000000000000000000e+00
0.000000000000000000e+00
0.000000000000000000e+00
0.000000000000000000e+00
0.000000000000000000e+00
9.755523303125970066e+06
1.568359884035526961e+07
2.755685801813423634e+07
0.000000000000000000e+00
2.418494591763466597e+07
0.000000000000000000e+00
4.409205206597734243e+07
2.655866470156637207e+07
0.000000000000000000e+00
3.112089919201532751e+07
3.555883566357459873e+07
2.969032053240654990e+07
1.965919984298160300e+07
0.000000000000000000e+00
1.713460805296326801e+07
4.645776186764994636e+06
0.000000000000000000e+00
0.000000000000000000e+00
4.337077730931243300e+07
0.000000000000000000e+00
2.637810261063759774e+07
0.000000000000000000e+00
2.440243581245694682e+07
6.394411026348390616e+06
0.000000000000000000e+00
1.101305332668757439e+07
1.711422277024690434e+07
1.520181743514961749e+07
1.998885871067782119e+07
0.000000000000000000e+00
6.578681478572827764e+06
6.394411026348390616e+06
5.105180413782499731e+07
3.415751972748529911e+07
0.000000000000000000e+00
0.000000000000000000e+00
6.426429244889957830e+06
0.000000000000000000e+00
6.394411026348390616e+06
5.327005795050901175e+07
0.000000000000000000e+00
8.083054654213435017e+06
1.612723627299897000e+07
0.000000000000000000e+00
3.092071806815517694e+07
1.534551818557641469e+07
0.000000000000000000e+00
0.000000000000000000e+00
0.000000000000000000e+00
0.000000000000000000e+00
6.498766752669321373e+06
3.875218302520300448e+07
1.783506548323198408e+07
2.307971271451238915e+07
1.737224246822031215e+07
1.650103123593956046e+07
1.662257930751162954e+07
1.435073820232620649e+07
3.504611593639809638e+07
1.842353662888646871e+07
3.245974095582331717e+07
0.000000000000000000e+00
0.000000000000000000e+00
9.289187814006878063e+06
0.000000000000000000e+00
2.044062953170357645e+07
1.101305332668757439e+07
6.394411026348390616e+06
1.534551818557641469e+07
2.670831307981634885e+07
2.470563396172506362e+07
0.000000000000000000e+00
6.394411026348390616e+06
0.000000000000000000e+00
1.519928314064409584e+07
1.662257930751162954e+07
2.486808378620580956e+07
0.000000000000000000e+00
1.711422277024690434e+07
0.000000000000000000e+00
1.435073820232620649e+07
5.039163412197451293e+07
3.036620535469973460e+06
2.050233432999683544e+07
1.662257930751162954e+07
0.000000000000000000e+00
0.000000000000000000e+00
3.665944030500053614e+07
1.120409228153827600e+07
0.000000000000000000e+00
1.519928314064409584e+07
0.000000000000000000e+00
0.000000000000000000e+00
3.233642548811288550e+07
1.876332431452518702e+07
0.000000000000000000e+00
0.000000000000000000e+00
2.814766137965084240e+07
0.000000000000000000e+00
0.000000000000000000e+00
1.450948389910339192e+07
0.000000000000000000e+00
1.711422277024690434e+07
1.435073820232620649e+07
1.876332431452518702e+07
1.822622365165280178e+07
1.650103123593956046e+07
0.000000000000000000e+00
1.534551818557641469e+07
2.127234395068042353e+07
0.000000000000000000e+00
1.876332431452518702e+07
1.998885871067782119e+07
0.000000000000000000e+00
2.162571238553405553e+07
0.000000000000000000e+00
1.662257930751162954e+07
8.083054654213435017e+06
1.650103123593956046e+07
0.000000000000000000e+00
0.000000000000000000e+00
8.083054654213435017e+06
1.435073820232620649e+07
2.243379285653964058e+07
3.342804108680241928e+07
0.000000000000000000e+00
3.036620535469973460e+06
3.435345992465177178e+07
2.713037686479143798e+07
1.121314651598995738e+07
8.083054654213435017e+06
1.713460805296326801e+07
1.650103123593956046e+07
3.852381111894021183e+07
3.711271265542604029e+07
1.998885871067782119e+07
0.000000000000000000e+00
1.713460805296326801e+07
0.000000000000000000e+00
0.000000000000000000e+00
0.000000000000000000e+00
1.929620117020339146e+07
1.519928314064409584e+07
0.000000000000000000e+00
1.520181743514961749e+07
1.520181743514961749e+07
9.289187814006878063e+06
1.822622365165280178e+07
5.586640579544991255e+07
1.662257930751162954e+07
2.074514922867459804e+07
0.000000000000000000e+00
0.000000000000000000e+00
1.822622365165280178e+07
1.235757487749014236e+07
9.289187814006878063e+06
2.630927830586623773e+07
4.136834922847943008e+07
0.000000000000000000e+00
3.698954796617798507e+07
1.318928929646698944e+07
1.519928314064409584e+07
2.287199983841779828e+07
0.000000000000000000e+00
0.000000000000000000e+00
1.738735873779617995e+07
2.534200579309801385e+07
1.511513571990927868e+07
0.000000000000000000e+00
5.029237077739171684e+07
1.876332431452518702e+07
6.426429244889957830e+06
1.976797077503981814e+07
1.713460805296326801e+07
0.000000000000000000e+00
0.000000000000000000e+00
0.000000000000000000e+00
2.943658995557404310e+07
0.000000000000000000e+00
1.121314651598995738e+07
7.590617618327885866e+07
0.000000000000000000e+00
0.000000000000000000e+00
8.367052550266250037e+06
1.976091190667427331e+07
1.842353662888646871e+07
0.000000000000000000e+00
1.713460805296326801e+07
3.036620535469973460e+06
2.702198564890669286e+07
1.612723627299897000e+07
0.000000000000000000e+00
0.000000000000000000e+00
0.000000000000000000e+00
0.000000000000000000e+00
0.000000000000000000e+00
1.120409228153827600e+07
3.441440730207441747e+07
1.842353662888646871e+07
1.998885871067782119e+07
9.755523303125970066e+06
1.272883084097842872e+07
0.000000000000000000e+00
0.000000000000000000e+00
2.159369416699248552e+07
1.520181743514961749e+07
1.612723627299897000e+07
1.713460805296326801e+07
2.306931281565146148e+07
0.000000000000000000e+00
6.498766752669321373e+06
1.822622365165280178e+07
0.000000000000000000e+00
2.833870033450154215e+07
0.000000000000000000e+00
2.017122858843324333e+07
1.318928929646698944e+07
6.687718147581820935e+07
2.465265289654275775e+07
1.650103123593956046e+07
1.581789336736841500e+07
2.159622846149800718e+07
1.435073820232620649e+07
1.292519599755927920e+07
0.000000000000000000e+00
2.923927697834037617e+07
1.534551818557641469e+07
3.326184432596223801e+07
0.000000000000000000e+00
0.000000000000000000e+00
1.235757487749014236e+07
0.000000000000000000e+00
4.272051247491802275e+07
0.000000000000000000e+00
1.511513571990927868e+07
2.557341667049438506e+07
0.000000000000000000e+00
0.000000000000000000e+00
1.822622365165280178e+07
8.083054654213435017e+06
0.000000000000000000e+00
1.998885871067782119e+07
2.515773534087357670e+07
1.121314651598995738e+07
4.898115747447924316e+07
4.482840052217642218e+07
3.387846003443446755e+07
1.998885871067782119e+07
0.000000000000000000e+00
1.842353662888646871e+07
6.498766752669321373e+06
0.000000000000000000e+00
0.000000000000000000e+00
2.684637896873862296e+07
1.520181743514961749e+07
6.498766752669321373e+06
0.000000000000000000e+00
6.394411026348390616e+06
1.301282873703124374e+07
0.000000000000000000e+00
0.000000000000000000e+00
8.083054654213435017e+06
0.000000000000000000e+00
0.000000000000000000e+00
6.498766752669321373e+06
1.662257930751162954e+07
0.000000000000000000e+00
0.000000000000000000e+00
2.440243581245694682e+07
0.000000000000000000e+00
3.878137074446028471e+07
0.000000000000000000e+00
0.000000000000000000e+00
0.000000000000000000e+00
8.367052550266250037e+06
1.534551818557641469e+07
1.711422277024690434e+07
0.000000000000000000e+00
1.534551818557641469e+07
2.252164729934735969e+07
1.711422277024690434e+07
0.000000000000000000e+00
6.394411026348390616e+06
2.641496395113957673e+07
1.822622365165280178e+07
2.688769112189354748e+07
1.318928929646698944e+07
1.318928929646698944e+07
0.000000000000000000e+00
1.711422277024690434e+07
6.578681478572827764e+06
3.036620535469973460e+06
3.060502825812149793e+07
1.876332431452518702e+07
6.394411026348390616e+06
0.000000000000000000e+00
0.000000000000000000e+00
1.650103123593956046e+07
0.000000000000000000e+00
1.435073820232620649e+07
2.312134606018095091e+07
3.538590362203681469e+07
9.755523303125970066e+06
0.000000000000000000e+00
3.036620535469973460e+06
9.289187814006878063e+06
2.173992921192480624e+07
1.662257930751162954e+07
1.650103123593956046e+07
5.699598226821380109e+07
1.235757487749014236e+07
1.121314651598995738e+07
3.789492325819205493e+07
1.511513571990927868e+07
0.000000000000000000e+00
1.120409228153827600e+07
0.000000000000000000e+00
3.112089919201532751e+07
0.000000000000000000e+00
0.000000000000000000e+00
0.000000000000000000e+00
0.000000000000000000e+00
0.000000000000000000e+00
1.876332431452518702e+07
1.297309250492121838e+07
1.435073820232620649e+07
0.000000000000000000e+00
0.000000000000000000e+00
1.822622365165280178e+07
3.356515629835990816e+07
1.650103123593956046e+07
1.998885871067782119e+07
1.842353662888646871e+07
0.000000000000000000e+00
0.000000000000000000e+00
0.000000000000000000e+00
0.000000000000000000e+00
2.095961558466424793e+07
2.974438201380379125e+07
2.588275957612494007e+07
1.743948257157753408e+07
0.000000000000000000e+00
0.000000000000000000e+00
0.000000000000000000e+00
0.000000000000000000e+00
1.520181743514961749e+07
0.000000000000000000e+00
2.481794765523485839e+07
1.842353662888646871e+07
0.000000000000000000e+00
1.650103123593956046e+07
3.149545251505077630e+07
1.534551818557641469e+07
0.000000000000000000e+00
0.000000000000000000e+00
0.000000000000000000e+00
1.101305332668757439e+07
0.000000000000000000e+00
0.000000000000000000e+00
1.581789336736841500e+07
1.519928314064409584e+07
1.318928929646698944e+07
0.000000000000000000e+00
0.000000000000000000e+00
0.000000000000000000e+00
6.578681478572827764e+06
0.000000000000000000e+00
2.287199983841779828e+07
3.661143801818945259e+07
1.519928314064409584e+07
0.000000000000000000e+00
1.581789336736841500e+07
1.581789336736841500e+07
6.136054896965263039e+07
0.000000000000000000e+00
1.435073820232620649e+07
0.000000000000000000e+00
2.949218293045341223e+07
1.318928929646698944e+07
1.235757487749014236e+07
2.654961046711469069e+07
1.876332431452518702e+07
0.000000000000000000e+00
0.000000000000000000e+00
0.000000000000000000e+00
8.083054654213435017e+06
1.612723627299897000e+07
0.000000000000000000e+00
1.876332431452518702e+07
3.712346676364108920e+07
0.000000000000000000e+00
3.262826750893852860e+07
0.000000000000000000e+00
1.519928314064409584e+07
2.898015418500177190e+07
0.000000000000000000e+00
1.662257930751162954e+07
0.000000000000000000e+00
1.520181743514961749e+07
1.771191326865927875e+07
0.000000000000000000e+00
6.498766752669321373e+06
0.000000000000000000e+00
1.534551818557641469e+07
0.000000000000000000e+00
6.578681478572827764e+06
0.000000000000000000e+00
9.289187814006878063e+06
2.421029092721240595e+07
2.072462742775639147e+07
5.305235969055898488e+07
1.121314651598995738e+07
3.664976028053927422e+07
2.783572582350158691e+07
1.121314651598995738e+07
0.000000000000000000e+00
0.000000000000000000e+00
3.331656060097919405e+07
6.498766752669321373e+06
0.000000000000000000e+00
1.842353662888646871e+07
9.755523303125970066e+06
6.578681478572827764e+06
1.711422277024690434e+07
0.000000000000000000e+00
1.101305332668757439e+07
0.000000000000000000e+00
1.612723627299897000e+07
8.083054654213435017e+06
2.515773534087357670e+07
1.101305332668757439e+07
1.511513571990927868e+07
2.812727609693447873e+07
0.000000000000000000e+00
1.318928929646698944e+07
0.000000000000000000e+00
2.046366955413340777e+07
1.822622365165280178e+07
3.373680207775853574e+07
4.645776186764994636e+06
1.120409228153827600e+07
9.755523303125970066e+06
0.000000000000000000e+00
1.876332431452518702e+07
3.589793236748845875e+07
1.235757487749014236e+07
1.711422277024690434e+07
2.095961558466424793e+07
5.039163412197451293e+07
1.101305332668757439e+07
1.842353662888646871e+07
4.657119800853730738e+07
2.833870033450154215e+07
3.147275445857538283e+07
1.101305332668757439e+07
0.000000000000000000e+00
1.534551818557641469e+07
4.064324184955856204e+07
0.000000000000000000e+00
0.000000000000000000e+00
2.421029092721240595e+07
0.000000000000000000e+00
3.484880295916443318e+07
0.000000000000000000e+00
3.788314185709252208e+07
1.520181743514961749e+07
7.716142914106394351e+07
6.578681478572827764e+06
0.000000000000000000e+00
0.000000000000000000e+00
4.303500896414568275e+07
1.534551818557641469e+07
1.876332431452518702e+07
1.565882951345256902e+07
0.000000000000000000e+00
0.000000000000000000e+00
1.458182140688275546e+07
0.000000000000000000e+00
1.662257930751162954e+07
2.439338157800526544e+07
1.823843797061958909e+07
0.000000000000000000e+00
0.000000000000000000e+00
1.511513571990927868e+07
6.578681478572827764e+06
4.296227683105093241e+07
5.364688088278645277e+07
1.711422277024690434e+07
0.000000000000000000e+00
1.842353662888646871e+07
1.822622365165280178e+07
9.289187814006878063e+06
1.121314651598995738e+07
0.000000000000000000e+00
2.521766270717670396e+07
0.000000000000000000e+00
0.000000000000000000e+00
1.404967386215754785e+07
0.000000000000000000e+00
1.842353662888646871e+07
0.000000000000000000e+00
0.000000000000000000e+00
1.120409228153827600e+07
3.036620535469973460e+06
1.435073820232620649e+07
1.842353662888646871e+07
1.998885871067782119e+07
1.662257930751162954e+07
8.083054654213435017e+06
0.000000000000000000e+00
1.711422277024690434e+07
0.000000000000000000e+00
1.612723627299897000e+07
1.121314651598995738e+07
0.000000000000000000e+00
0.000000000000000000e+00
2.074853380412925035e+07
0.000000000000000000e+00
0.000000000000000000e+00
1.711422277024690434e+07
0.000000000000000000e+00
0.000000000000000000e+00
0.000000000000000000e+00
0.000000000000000000e+00
2.492230338155578822e+07
1.713460805296326801e+07
0.000000000000000000e+00
0.000000000000000000e+00
0.000000000000000000e+00
3.710308148092472553e+07
1.101305332668757439e+07
0.000000000000000000e+00
1.998885871067782119e+07
0.000000000000000000e+00
0.000000000000000000e+00
0.000000000000000000e+00
1.998885871067782119e+07
3.463119360710489750e+07
1.711422277024690434e+07
1.998885871067782119e+07
0.000000000000000000e+00
1.120409228153827600e+07
2.074514922867459804e+07
0.000000000000000000e+00
0.000000000000000000e+00
3.504611593639809638e+07
0.000000000000000000e+00
2.170058418781893700e+07
3.484880295916443318e+07
0.000000000000000000e+00
0.000000000000000000e+00
0.000000000000000000e+00
2.521766270717670396e+07
2.462063467800119147e+07
0.000000000000000000e+00
1.511513571990927868e+07
1.909610798090101033e+07
1.650103123593956046e+07
0.000000000000000000e+00
2.178038423972826451e+07
1.534551818557641469e+07
1.318928929646698944e+07
0.000000000000000000e+00
1.650103123593956046e+07
2.962762891042474657e+07
1.435073820232620649e+07
4.645776186764994636e+06
0.000000000000000000e+00
0.000000000000000000e+00
3.124237199290824682e+07
5.242933138555786759e+07
0.000000000000000000e+00
0.000000000000000000e+00
0.000000000000000000e+00
0.000000000000000000e+00
1.101305332668757439e+07
0.000000000000000000e+00
0.000000000000000000e+00
3.458121768189360201e+07
0.000000000000000000e+00
0.000000000000000000e+00
0.000000000000000000e+00
3.036620535469973460e+06
0.000000000000000000e+00
1.235757487749014236e+07
2.127234395068042353e+07
0.000000000000000000e+00
6.394411026348390616e+06
1.581789336736841500e+07
1.121314651598995738e+07
1.778277376011110470e+07
6.394411026348390616e+06
9.755523303125970066e+06
8.083054654213435017e+06
0.000000000000000000e+00
2.963668314487642795e+07
1.916385680846894532e+07
0.000000000000000000e+00
3.036620535469973460e+06
1.511513571990927868e+07
0.000000000000000000e+00
1.534551818557641469e+07
0.000000000000000000e+00
0.000000000000000000e+00
4.645776186764994636e+06
6.394411026348390616e+06
3.312361054345118999e+07
4.018353558589836955e+07
0.000000000000000000e+00
1.711422277024690434e+07
1.534551818557641469e+07
0.000000000000000000e+00
0.000000000000000000e+00
0.000000000000000000e+00
1.435073820232620649e+07
0.000000000000000000e+00
1.120409228153827600e+07
0.000000000000000000e+00
0.000000000000000000e+00
2.848481115048911422e+07
1.318928929646698944e+07
2.480490513022562861e+07
2.733132855453724414e+07
1.650103123593956046e+07
3.097331750983783603e+07
2.175999895701190084e+07
0.000000000000000000e+00
2.252164729934735969e+07
9.289187814006878063e+06
0.000000000000000000e+00
0.000000000000000000e+00
0.000000000000000000e+00
0.000000000000000000e+00
1.612723627299897000e+07
1.876332431452518702e+07
0.000000000000000000e+00
6.498766752669321373e+06
1.822622365165280178e+07
6.426429244889957830e+06
0.000000000000000000e+00
2.439338157800526544e+07
3.277427483121267706e+07
3.324078999508701265e+07
0.000000000000000000e+00
1.650103123593956046e+07
2.241723879752823338e+07
6.578681478572827764e+06
2.548127532051315531e+07
0.000000000000000000e+00
4.645776186764994636e+06
2.519727742446034029e+07
1.760755754233834893e+07
2.243379285653964058e+07
0.000000000000000000e+00
0.000000000000000000e+00
4.170840871824952215e+07
8.083054654213435017e+06
1.759173480526040122e+07
0.000000000000000000e+00
1.612723627299897000e+07
0.000000000000000000e+00
3.533437689625423402e+07
3.031441886055337638e+07
0.000000000000000000e+00
2.363337480563259125e+07
3.571093659581434727e+07
0.000000000000000000e+00
1.121314651598995738e+07
1.876332431452518702e+07
1.713460805296326801e+07
1.711422277024690434e+07
0.000000000000000000e+00
2.159622846149800718e+07
0.000000000000000000e+00
2.767125543291278929e+07
0.000000000000000000e+00
2.390094802158185095e+07
0.000000000000000000e+00
0.000000000000000000e+00
0.000000000000000000e+00
0.000000000000000000e+00
0.000000000000000000e+00
4.541864778662317246e+07
0.000000000000000000e+00
1.534551818557641469e+07
2.492230338155578822e+07
1.842353662888646871e+07
2.440243581245694682e+07
3.032389734943025559e+07
9.289187814006878063e+06
4.198230655645271391e+07
0.000000000000000000e+00
0.000000000000000000e+00
1.289317777901771292e+07
0.000000000000000000e+00
0.000000000000000000e+00
6.316326382942015678e+07
6.498766752669321373e+06
2.955255563747582585e+07
3.342550679229689762e+07
4.645776186764994636e+06
0.000000000000000000e+00
2.683094669405598938e+07
0.000000000000000000e+00
1.998885871067782119e+07
0.000000000000000000e+00
2.221230439371680468e+07
0.000000000000000000e+00
1.519928314064409584e+07
0.000000000000000000e+00
1.876332431452518702e+07
2.851884761765115708e+07
6.426429244889957830e+06
1.822622365165280178e+07
1.713460805296326801e+07
1.511513571990927868e+07
1.120409228153827600e+07
0.000000000000000000e+00
1.778277376011110470e+07
0.000000000000000000e+00
1.757097218432427198e+07
2.162824668003957719e+07
6.498766752669321373e+06
4.931929872815512866e+07
4.677129119783969223e+07
1.121314651598995738e+07
1.876332431452518702e+07
9.289187814006878063e+06
3.101717650801251084e+07
0.000000000000000000e+00
1.318928929646698944e+07
1.519928314064409584e+07
1.822622365165280178e+07
0.000000000000000000e+00
4.031966616125842929e+07
6.394411026348390616e+06
1.307744823124215007e+07
0.000000000000000000e+00
1.662257930751162954e+07
1.581789336736841500e+07
0.000000000000000000e+00
0.000000000000000000e+00
8.083054654213435017e+06
1.104018721311338618e+07
4.645776186764994636e+06
1.121314651598995738e+07
0.000000000000000000e+00
0.000000000000000000e+00
1.876332431452518702e+07
2.239657484594124183e+07
6.578681478572827764e+06
2.420234262315456569e+07
3.046065390548569337e+07
1.760755754233834893e+07
0.000000000000000000e+00
4.559311019523445517e+07
2.463470599958329275e+07
1.318928929646698944e+07
1.612723627299897000e+07
0.000000000000000000e+00
0.000000000000000000e+00
9.755523303125970066e+06
3.234643358816796541e+07
1.511513571990927868e+07
1.662257930751162954e+07
1.885634163015946373e+07
0.000000000000000000e+00
0.000000000000000000e+00
0.000000000000000000e+00
3.085176943826576695e+07
1.876332431452518702e+07
0.000000000000000000e+00
9.615302014042802155e+06
1.289317777901771292e+07
0.000000000000000000e+00
0.000000000000000000e+00
1.650103123593956046e+07
2.127234395068042353e+07
1.581789336736841500e+07
2.536379152901378274e+07
1.520181743514961749e+07
3.761905623267785460e+07
1.842353662888646871e+07
0.000000000000000000e+00
3.311406251685139537e+07
0.000000000000000000e+00
1.121314651598995738e+07
1.998885871067782119e+07
2.394197735696838796e+07
1.235757487749014236e+07
0.000000000000000000e+00
1.120409228153827600e+07
2.342857283978984877e+07
0.000000000000000000e+00
1.121314651598995738e+07
0.000000000000000000e+00
1.713460805296326801e+07
1.534551818557641469e+07
0.000000000000000000e+00
1.120409228153827600e+07
1.822622365165280178e+07
0.000000000000000000e+00
0.000000000000000000e+00
8.083054654213435017e+06
0.000000000000000000e+00
2.714028959968654439e+07
0.000000000000000000e+00
1.235757487749014236e+07
2.076857662981354445e+07
0.000000000000000000e+00
1.713460805296326801e+07
4.875142071844356507e+07
1.612723627299897000e+07
0.000000000000000000e+00
0.000000000000000000e+00
0.000000000000000000e+00
2.179994484999515861e+07
2.927804652468469739e+07
0.000000000000000000e+00
4.645776186764994636e+06
0.000000000000000000e+00
0.000000000000000000e+00
8.083054654213435017e+06
4.219189715431503952e+07
4.645776186764994636e+06
1.662257930751162954e+07
1.842353662888646871e+07
3.231350591089100018e+07
0.000000000000000000e+00
3.148534625528947264e+07
1.120409228153827600e+07
0.000000000000000000e+00
1.581789336736841500e+07
1.581789336736841500e+07
1.519928314064409584e+07
0.000000000000000000e+00
1.711422277024690434e+07
2.255366551788892597e+07
3.036620535469973460e+06
3.875218302520300448e+07
0.000000000000000000e+00
3.435345992465177178e+07
0.000000000000000000e+00
0.000000000000000000e+00
1.235757487749014236e+07
0.000000000000000000e+00
6.426429244889957830e+06
7.210080199517637491e+07
0.000000000000000000e+00
0.000000000000000000e+00
1.838213872104638815e+07
8.083054654213435017e+06
1.614993432947435975e+07
1.822622365165280178e+07
1.822622365165280178e+07
2.714028959968654439e+07
0.000000000000000000e+00
9.289187814006878063e+06
1.612723627299897000e+07
0.000000000000000000e+00
1.885451390283838660e+07
1.318928929646698944e+07
1.318928929646698944e+07
3.036620535469973460e+06
6.394411026348390616e+06
1.121314651598995738e+07
2.807191336489125714e+07
0.000000000000000000e+00
1.612723627299897000e+07
4.645776186764994636e+06
3.342804108680241928e+07
1.662257930751162954e+07
8.083054654213435017e+06
1.120409228153827600e+07
0.000000000000000000e+00
1.435073820232620649e+07
0.000000000000000000e+00
0.000000000000000000e+00
1.534551818557641469e+07
0.000000000000000000e+00
0.000000000000000000e+00
3.036620535469973460e+06
3.664976028053927422e+07
0.000000000000000000e+00
6.426429244889957830e+06
6.394411026348390616e+06
1.519928314064409584e+07
6.426429244889957830e+06
3.998622260866470635e+07
0.000000000000000000e+00
3.161282592535346001e+07
0.000000000000000000e+00
3.036620535469973460e+06
0.000000000000000000e+00
9.289187814006878063e+06
0.000000000000000000e+00
0.000000000000000000e+00
0.000000000000000000e+00
5.230858979399184138e+07
0.000000000000000000e+00
1.842353662888646871e+07
1.101305332668757439e+07
0.000000000000000000e+00
1.581789336736841500e+07
0.000000000000000000e+00
9.755523303125970066e+06
2.539430999089424685e+07
1.101305332668757439e+07
1.511513571990927868e+07
0.000000000000000000e+00
3.293211613761531934e+07
0.000000000000000000e+00
1.711422277024690434e+07
3.058379852914294600e+07
0.000000000000000000e+00
2.881164982387662679e+07
0.000000000000000000e+00
2.390094802158185095e+07
0.000000000000000000e+00
1.520181743514961749e+07
0.000000000000000000e+00
1.534551818557641469e+07
9.755523303125970066e+06
4.586185628585200757e+07
1.662257930751162954e+07
1.842353662888646871e+07
1.581789336736841500e+07
4.645776186764994636e+06
1.713460805296326801e+07
4.645776186764994636e+06
0.000000000000000000e+00
6.426429244889957830e+06
0.000000000000000000e+00
3.373680207775853574e+07
1.520181743514961749e+07
2.943658995557404310e+07
0.000000000000000000e+00
0.000000000000000000e+00
0.000000000000000000e+00
0.000000000000000000e+00
5.983920002023857832e+07
1.120409228153827600e+07
1.440129948989096470e+07
0.000000000000000000e+00
3.112089919201532751e+07
3.620277837376783788e+07
0.000000000000000000e+00
1.713460805296326801e+07
8.083054654213435017e+06
0.000000000000000000e+00
3.054480132622051239e+07
0.000000000000000000e+00
1.101305332668757439e+07
1.662257930751162954e+07
2.631922800144755468e+07
0.000000000000000000e+00
3.362535406403608620e+07
0.000000000000000000e+00
1.121314651598995738e+07
2.969625638790262118e+07
1.876332431452518702e+07
5.010533390545378625e+07
3.248012623853968084e+07
0.000000000000000000e+00
1.876332431452518702e+07
0.000000000000000000e+00
1.440129948989096470e+07
1.581789336736841500e+07
0.000000000000000000e+00
2.554686417395713180e+07
3.755485230195048451e+07
1.101305332668757439e+07
1.440129948989096470e+07
0.000000000000000000e+00
4.574661876137012988e+07
1.107220543165495247e+07
0.000000000000000000e+00
2.126284418712277710e+07
0.000000000000000000e+00
1.101305332668757439e+07
1.763052152642823383e+07
0.000000000000000000e+00
2.686974607337287441e+07
1.534551818557641469e+07
0.000000000000000000e+00
6.426429244889957830e+06
6.394411026348390616e+06
0.000000000000000000e+00
1.534551818557641469e+07
1.104018721311338618e+07
0.000000000000000000e+00
1.581789336736841500e+07
0.000000000000000000e+00
0.000000000000000000e+00
0.000000000000000000e+00
0.000000000000000000e+00
0.000000000000000000e+00
1.998885871067782119e+07
0.000000000000000000e+00
0.000000000000000000e+00
1.581789336736841500e+07
9.755523303125970066e+06
0.000000000000000000e+00
1.713460805296326801e+07
2.898015418500177190e+07
0.000000000000000000e+00
3.484880295916443318e+07
0.000000000000000000e+00
2.830442501637626812e+07
1.713460805296326801e+07
1.235757487749014236e+07
3.396230175623095036e+07
1.876332431452518702e+07
1.711422277024690434e+07
1.235757487749014236e+07
0.000000000000000000e+00
4.489553952854672074e+07
0.000000000000000000e+00
0.000000000000000000e+00
3.553775939913336933e+07
1.998885871067782119e+07
0.000000000000000000e+00
1.711422277024690434e+07
0.000000000000000000e+00
0.000000000000000000e+00
5.246765364790768921e+07
5.999976845461651683e+07
0.000000000000000000e+00
0.000000000000000000e+00
4.645776186764994636e+06
3.036620535469973460e+06
2.943658995557404310e+07
0.000000000000000000e+00
3.484880295916443318e+07
1.581789336736841500e+07
1.650103123593956046e+07
3.036620535469973460e+06
9.289187814006878063e+06
0.000000000000000000e+00
1.121314651598995738e+07
0.000000000000000000e+00
6.498766752669321373e+06
0.000000000000000000e+00
0.000000000000000000e+00
1.107220543165495247e+07
0.000000000000000000e+00
1.713460805296326801e+07
2.418494591763466597e+07
2.977637764121276140e+07
2.410626150545217842e+07
1.511513571990927868e+07
2.659327620191905275e+07
1.450948389910339192e+07
0.000000000000000000e+00
1.581789336736841500e+07
1.711422277024690434e+07
0.000000000000000000e+00
4.645776186764994636e+06
1.823590367611406744e+07
1.876332431452518702e+07
3.619502314057194442e+07
0.000000000000000000e+00
0.000000000000000000e+00
2.962762891042474657e+07
1.842353662888646871e+07
1.235757487749014236e+07
3.373680207775853574e+07
0.000000000000000000e+00
1.318928929646698944e+07
0.000000000000000000e+00
1.713460805296326801e+07
0.000000000000000000e+00
0.000000000000000000e+00
1.612723627299897000e+07
1.713460805296326801e+07
1.519928314064409584e+07
2.159622846149800718e+07
1.842353662888646871e+07
2.492230338155578822e+07
1.120409228153827600e+07
0.000000000000000000e+00
1.318928929646698944e+07
3.153348792234289274e+07
2.817905993201243877e+07
1.612723627299897000e+07
3.648988994661737978e+07
0.000000000000000000e+00
6.394411026348390616e+06
1.650103123593956046e+07
0.000000000000000000e+00
1.885451390283838660e+07
1.662257930751162954e+07
2.763563263419920206e+07
1.612723627299897000e+07
0.000000000000000000e+00
0.000000000000000000e+00
0.000000000000000000e+00
2.046366955413340777e+07
4.362081405334681273e+07
1.534551818557641469e+07
1.876332431452518702e+07
0.000000000000000000e+00
1.581789336736841500e+07
1.929620117020339146e+07
3.335103939602334797e+07
2.587488264877621830e+07
0.000000000000000000e+00
1.711422277024690434e+07
9.289187814006878063e+06
1.435073820232620649e+07
0.000000000000000000e+00
3.654609807463629544e+07
0.000000000000000000e+00
1.519928314064409584e+07
1.519928314064409584e+07
0.000000000000000000e+00
1.711422277024690434e+07
3.101717650801251084e+07
0.000000000000000000e+00
3.891257267218019068e+07
4.645776186764994636e+06
1.842353662888646871e+07
0.000000000000000000e+00
4.475181886478570849e+07
1.318928929646698944e+07
1.968805604913631082e+07
1.612723627299897000e+07
0.000000000000000000e+00
0.000000000000000000e+00
0.000000000000000000e+00
0.000000000000000000e+00
1.842353662888646871e+07
1.822622365165280178e+07
0.000000000000000000e+00
0.000000000000000000e+00
0.000000000000000000e+00
8.367052550266250037e+06
5.219136540132760257e+07
3.231604020539652184e+07
2.943658995557404310e+07
1.612723627299897000e+07
0.000000000000000000e+00
3.161282592535346001e+07
2.621487076183719188e+07
0.000000000000000000e+00
3.500928944682179391e+07
1.650103123593956046e+07
1.998885871067782119e+07
3.472725488759236038e+07
2.465265289654275775e+07
1.581789336736841500e+07
3.555814468184973300e+07
0.000000000000000000e+00
1.713460805296326801e+07
4.935656571616416425e+07
4.729813179656859487e+07
5.815267897856048495e+07
5.085449116059133410e+07
0.000000000000000000e+00
0.000000000000000000e+00
0.000000000000000000e+00
2.641496395113957673e+07
3.244047267488004267e+07
1.713460805296326801e+07
1.435073820232620649e+07
4.149066309371744096e+07
1.101305332668757439e+07
1.759850330788666755e+07
8.367052550266250037e+06
3.928505988088121265e+07
1.822622365165280178e+07
0.000000000000000000e+00
1.289317777901771292e+07
0.000000000000000000e+00
3.433959691300402582e+07
6.578681478572827764e+06
0.000000000000000000e+00
0.000000000000000000e+00
0.000000000000000000e+00
0.000000000000000000e+00
0.000000000000000000e+00
0.000000000000000000e+00
1.520181743514961749e+07
2.146015716435644031e+07
4.645776186764994636e+06
0.000000000000000000e+00
1.585892270275495201e+07
3.362535406403608620e+07
1.235757487749014236e+07
2.150954674625767022e+07
3.101971080251803249e+07
1.876332431452518702e+07
3.698954796617798507e+07
1.581789336736841500e+07
2.686974607337287441e+07
0.000000000000000000e+00
0.000000000000000000e+00
0.000000000000000000e+00
1.998885871067782119e+07
1.318928929646698944e+07
5.830525521667155623e+07
0.000000000000000000e+00
1.711422277024690434e+07
1.435073820232620649e+07
1.998885871067782119e+07
2.492230338155578822e+07
0.000000000000000000e+00
1.612723627299897000e+07
1.534551818557641469e+07
1.494573402883907780e+07
0.000000000000000000e+00
3.195261361099217832e+07
0.000000000000000000e+00
1.318928929646698944e+07
0.000000000000000000e+00
0.000000000000000000e+00
0.000000000000000000e+00
1.713460805296326801e+07
1.650103123593956046e+07
6.578681478572827764e+06
1.318928929646698944e+07
0.000000000000000000e+00
3.276043412827151641e+07
3.334135937156207860e+07
6.394411026348390616e+06
1.876332431452518702e+07
0.000000000000000000e+00
2.420234262315456569e+07
1.534551818557641469e+07
0.000000000000000000e+00
1.842353662888646871e+07
0.000000000000000000e+00
0.000000000000000000e+00
1.581789336736841500e+07
0.000000000000000000e+00
1.318928929646698944e+07
2.547041339200961590e+07
2.635857151226399094e+07
2.184428493824573606e+07
4.334741020467818528e+07
6.578681478572827764e+06
6.394411026348390616e+06
3.435345992465177178e+07
1.876332431452518702e+07
1.101305332668757439e+07
1.650103123593956046e+07
0.000000000000000000e+00
3.196782769684277475e+07
1.612723627299897000e+07
2.798174695477877185e+07
3.036620535469973460e+06
1.120409228153827600e+07
1.511513571990927868e+07
0.000000000000000000e+00
1.953765177140953392e+07
2.684637896873862296e+07
1.101305332668757439e+07
1.876332431452518702e+07
0.000000000000000000e+00
2.173992921192480624e+07
1.519928314064409584e+07
3.373680207775853574e+07
0.000000000000000000e+00
5.017135329202018678e+07
1.318928929646698944e+07
1.318928929646698944e+07
2.815440998336029053e+07
6.394411026348390616e+06
0.000000000000000000e+00
8.367052550266250037e+06
0.000000000000000000e+00
3.362281976953056455e+07
2.783572582350158691e+07
6.394411026348390616e+06
1.318928929646698944e+07
2.638326973702621087e+07
1.713460805296326801e+07
0.000000000000000000e+00
1.114454293943431601e+07
2.127234395068042353e+07
0.000000000000000000e+00
2.487065902303525060e+07
2.449428882326522097e+07
0.000000000000000000e+00
1.520181743514961749e+07
2.683094669405598938e+07
6.498766752669321373e+06
1.783857795733940601e+07
3.625860211211845279e+07
0.000000000000000000e+00
1.318928929646698944e+07
0.000000000000000000e+00
0.000000000000000000e+00
0.000000000000000000e+00
0.000000000000000000e+00
3.504611593639809638e+07
0.000000000000000000e+00
0.000000000000000000e+00
0.000000000000000000e+00
2.541642408700584620e+07
2.981186860397861898e+07
0.000000000000000000e+00
0.000000000000000000e+00
1.650103123593956046e+07
2.222619984267753363e+07
6.498766752669321373e+06
1.625429005579529144e+07
0.000000000000000000e+00
2.449428882326522097e+07
0.000000000000000000e+00
1.842353662888646871e+07
6.498766752669321373e+06
2.337062820417771488e+07
6.578681478572827764e+06
2.612818904659685493e+07
2.307971271451238915e+07
2.949218293045341223e+07
1.998885871067782119e+07
8.083054654213435017e+06
6.426429244889957830e+06
0.000000000000000000e+00
0.000000000000000000e+00
1.581789336736841500e+07
1.842353662888646871e+07
1.822622365165280178e+07
8.367052550266250037e+06
1.101305332668757439e+07
1.520181743514961749e+07
1.292519599755927920e+07
2.484996587377642840e+07
0.000000000000000000e+00
1.822622365165280178e+07
1.763052152642823383e+07
0.000000000000000000e+00
1.998885871067782119e+07
0.000000000000000000e+00
6.578681478572827764e+06
3.231892460330797732e+07
0.000000000000000000e+00
1.581789336736841500e+07
0.000000000000000000e+00
1.466173613278626278e+07
0.000000000000000000e+00
6.426429244889957830e+06
2.484996587377642840e+07
3.492456786482603103e+07
4.567979191047479212e+07
2.319819037412271276e+07
3.245974095582331717e+07
0.000000000000000000e+00
1.929620117020339146e+07
1.876332431452518702e+07
1.822622365165280178e+07
2.340910050129017979e+07
1.822622365165280178e+07
0.000000000000000000e+00
1.519928314064409584e+07
1.743948257157753408e+07
0.000000000000000000e+00
0.000000000000000000e+00
1.998885871067782119e+07
1.612723627299897000e+07
1.612723627299897000e+07
1.120409228153827600e+07
0.000000000000000000e+00
0.000000000000000000e+00
4.232499147355360538e+07
0.000000000000000000e+00
9.289187814006878063e+06
1.711422277024690434e+07
0.000000000000000000e+00
3.424142999625488371e+07
1.519928314064409584e+07
2.997647083051514626e+07
0.000000000000000000e+00
5.625844937710589170e+07
0.000000000000000000e+00
3.231350591089100018e+07
4.645776186764994636e+06
0.000000000000000000e+00
2.177796461921692267e+07
2.853480748204340413e+07
0.000000000000000000e+00
1.711422277024690434e+07
1.876332431452518702e+07
0.000000000000000000e+00
2.755939231263975799e+07
4.516673489877897501e+07
1.662257930751162954e+07
2.312134606018095091e+07
1.711422277024690434e+07
0.000000000000000000e+00
0.000000000000000000e+00
2.632828223589923605e+07
6.426429244889957830e+06
1.121314651598995738e+07
1.650103123593956046e+07
0.000000000000000000e+00
1.612723627299897000e+07
1.534551818557641469e+07
1.534551818557641469e+07
1.876332431452518702e+07
0.000000000000000000e+00
1.885634163015946373e+07
0.000000000000000000e+00
2.859145101933445781e+07
4.112166591394075006e+07
0.000000000000000000e+00
1.520181743514961749e+07
0.000000000000000000e+00
0.000000000000000000e+00
0.000000000000000000e+00
3.277427483121267706e+07
1.435073820232620649e+07
0.000000000000000000e+00
0.000000000000000000e+00
0.000000000000000000e+00
1.711422277024690434e+07
0.000000000000000000e+00
1.876332431452518702e+07
0.000000000000000000e+00
1.435073820232620649e+07
0.000000000000000000e+00
3.424883082321017236e+07
1.711422277024690434e+07
1.711422277024690434e+07
1.235757487749014236e+07
3.036620535469973460e+06
4.383032933606553078e+07
0.000000000000000000e+00
0.000000000000000000e+00
2.449428882326522097e+07
2.221230439371680468e+07
1.662257930751162954e+07
0.000000000000000000e+00
0.000000000000000000e+00
1.842353662888646871e+07
1.842353662888646871e+07
8.367052550266250037e+06
1.612723627299897000e+07
0.000000000000000000e+00
9.755523303125970066e+06
1.612723627299897000e+07
2.556388471831616387e+07
0.000000000000000000e+00
1.235757487749014236e+07
1.842353662888646871e+07
0.000000000000000000e+00
1.612723627299897000e+07
6.394411026348390616e+06
1.581789336736841500e+07
0.000000000000000000e+00
1.235757487749014236e+07
0.000000000000000000e+00
0.000000000000000000e+00
3.248012623853968084e+07
1.534551818557641469e+07
1.876332431452518702e+07
2.977637764121276140e+07
1.520181743514961749e+07
0.000000000000000000e+00
0.000000000000000000e+00
2.287199983841779828e+07
3.046065390548569337e+07
4.460731865036268532e+07
0.000000000000000000e+00
2.159369416699248552e+07
0.000000000000000000e+00
3.587754708477209508e+07
3.690186003230965137e+07
0.000000000000000000e+00
0.000000000000000000e+00
3.932542664712168276e+07
1.297309250492121838e+07
6.498766752669321373e+06
4.045252826481123269e+07
0.000000000000000000e+00
0.000000000000000000e+00
3.353867234879574925e+07
0.000000000000000000e+00
0.000000000000000000e+00
0.000000000000000000e+00
2.440243581245694682e+07
0.000000000000000000e+00
0.000000000000000000e+00
1.458182140688275546e+07
0.000000000000000000e+00
0.000000000000000000e+00
6.498766752669321373e+06
0.000000000000000000e+00
0.000000000000000000e+00
1.612723627299897000e+07
2.096866981911592931e+07
2.521766270717670396e+07
0.000000000000000000e+00
1.235757487749014236e+07
3.030351206671389192e+07
1.842353662888646871e+07
0.000000000000000000e+00
1.928714693575171009e+07
1.476146357661464065e+07
1.121314651598995738e+07
0.000000000000000000e+00
0.000000000000000000e+00
0.000000000000000000e+00
1.235757487749014236e+07
0.000000000000000000e+00
1.435073820232620649e+07
1.121314651598995738e+07
0.000000000000000000e+00
8.083054654213435017e+06
1.534551818557641469e+07
9.289187814006878063e+06
0.000000000000000000e+00
4.645776186764994636e+06
1.612723627299897000e+07
2.046366955413340777e+07
1.511513571990927868e+07
0.000000000000000000e+00
1.998885871067782119e+07
3.410884250010160357e+07
0.000000000000000000e+00
1.581789336736841500e+07
6.394411026348390616e+06
0.000000000000000000e+00
8.367052550266250037e+06
8.367052550266250037e+06
1.612723627299897000e+07
0.000000000000000000e+00
4.574661876137012988e+07
0.000000000000000000e+00
1.318928929646698944e+07
1.998885871067782119e+07
0.000000000000000000e+00
4.513184970870281756e+07
0.000000000000000000e+00
5.538695114430244267e+07
0.000000000000000000e+00
0.000000000000000000e+00
1.101305332668757439e+07
1.121314651598995738e+07
3.658646999718195945e+07
0.000000000000000000e+00
0.000000000000000000e+00
2.955255563747582585e+07
2.306931281565146148e+07
0.000000000000000000e+00
1.534551818557641469e+07
1.713460805296326801e+07
0.000000000000000000e+00
0.000000000000000000e+00
2.470563396172506362e+07
1.519928314064409584e+07
8.367052550266250037e+06
0.000000000000000000e+00
2.420234262315456569e+07
0.000000000000000000e+00
1.842353662888646871e+07
0.000000000000000000e+00
0.000000000000000000e+00
0.000000000000000000e+00
8.367052550266250037e+06
2.488090547371570766e+07
0.000000000000000000e+00
0.000000000000000000e+00
0.000000000000000000e+00
4.316783363957689703e+07
1.581789336736841500e+07
2.733132855453724414e+07
0.000000000000000000e+00
6.394411026348390616e+06
1.713460805296326801e+07
6.426429244889957830e+06
1.121314651598995738e+07
2.354065201513686031e+07
0.000000000000000000e+00
1.121314651598995738e+07
1.534551818557641469e+07
0.000000000000000000e+00
3.387846003443446755e+07
0.000000000000000000e+00
3.231350591089100018e+07
4.645776186764994636e+06
0.000000000000000000e+00
6.394411026348390616e+06
1.581789336736841500e+07
1.121314651598995738e+07
1.822622365165280178e+07
6.498766752669321373e+06
6.498766752669321373e+06
0.000000000000000000e+00
1.121314651598995738e+07
0.000000000000000000e+00
0.000000000000000000e+00
6.394411026348390616e+06
1.822622365165280178e+07
1.120409228153827600e+07
5.573845224465219676e+07
5.136044698409350216e+07
6.578681478572827764e+06
0.000000000000000000e+00
6.498766752669321373e+06
1.121314651598995738e+07
1.122445766533782333e+07
1.612723627299897000e+07
6.426429244889957830e+06
4.777877928912862390e+07
0.000000000000000000e+00
1.101305332668757439e+07
2.487065902303525060e+07
1.235757487749014236e+07
0.000000000000000000e+00
0.000000000000000000e+00
1.650103123593956046e+07
1.120409228153827600e+07
0.000000000000000000e+00
1.235757487749014236e+07
0.000000000000000000e+00
4.645776186764994636e+06
1.520181743514961749e+07
3.872855798164963722e+07
6.426429244889957830e+06
1.612723627299897000e+07
1.968805604913631082e+07
1.984759362191461027e+07
0.000000000000000000e+00
1.279214383859594353e+07
0.000000000000000000e+00
1.842353662888646871e+07
0.000000000000000000e+00
0.000000000000000000e+00
3.496272934182389081e+07
1.121314651598995738e+07
0.000000000000000000e+00
1.520181743514961749e+07
1.301282873703124374e+07
2.463463489744281769e+07
1.318928929646698944e+07
2.495734073827558756e+07
6.498766752669321373e+06
0.000000000000000000e+00
9.289187814006878063e+06
1.711422277024690434e+07
0.000000000000000000e+00
1.662257930751162954e+07
0.000000000000000000e+00
1.812257585339222103e+07
1.121314651598995738e+07
1.581789336736841500e+07
0.000000000000000000e+00
1.534551818557641469e+07
1.614993432947435975e+07
0.000000000000000000e+00
0.000000000000000000e+00
0.000000000000000000e+00
0.000000000000000000e+00
1.713460805296326801e+07
1.520181743514961749e+07
0.000000000000000000e+00
6.498766752669321373e+06
1.121314651598995738e+07
1.876332431452518702e+07
6.498766752669321373e+06
0.000000000000000000e+00
2.713037686479143798e+07
0.000000000000000000e+00
0.000000000000000000e+00
4.645776186764994636e+06
0.000000000000000000e+00
1.435073820232620649e+07
0.000000000000000000e+00
0.000000000000000000e+00
3.116341155294483155e+07
6.426429244889957830e+06
2.683094669405598938e+07
1.581789336736841500e+07
2.817905993201243877e+07
0.000000000000000000e+00
1.998885871067782119e+07
2.169381719848210737e+07
0.000000000000000000e+00
1.534551818557641469e+07
0.000000000000000000e+00
0.000000000000000000e+00
1.120409228153827600e+07
1.511513571990927868e+07
2.222619984267753363e+07
2.588275957612494007e+07
3.825082598755120486e+07
2.481794765523485839e+07
1.121314651598995738e+07
0.000000000000000000e+00
1.612723627299897000e+07
4.645776186764994636e+06
0.000000000000000000e+00
1.272883084097842872e+07
6.498766752669321373e+06
3.376905481446288526e+07
0.000000000000000000e+00
3.607217606774408370e+07
1.822622365165280178e+07
1.822622365165280178e+07
0.000000000000000000e+00
4.673876877768389136e+07
0.000000000000000000e+00
0.000000000000000000e+00
0.000000000000000000e+00
2.211309818061611056e+07
6.426429244889957830e+06
0.000000000000000000e+00
0.000000000000000000e+00
0.000000000000000000e+00
0.000000000000000000e+00
1.581789336736841500e+07
2.814766137965084240e+07
0.000000000000000000e+00
0.000000000000000000e+00
1.520181743514961749e+07
3.170284867108917981e+07
1.120409228153827600e+07
8.083054654213435017e+06
3.147275445857538283e+07
1.842353662888646871e+07
2.621233646733167022e+07
0.000000000000000000e+00
0.000000000000000000e+00
1.101305332668757439e+07
1.101305332668757439e+07
2.510104148870238662e+07
0.000000000000000000e+00
0.000000000000000000e+00
8.367052550266250037e+06
3.116341155294483155e+07
1.235757487749014236e+07
1.650103123593956046e+07
0.000000000000000000e+00
9.431031561818365008e+06
1.929620117020339146e+07
0.000000000000000000e+00
6.426429244889957830e+06
6.578681478572827764e+06
3.718686094341165572e+07
6.394411026348390616e+06
8.083054654213435017e+06
0.000000000000000000e+00
1.713460805296326801e+07
0.000000000000000000e+00
1.711422277024690434e+07
2.472499040432212502e+07
4.191013051496596634e+07
1.120409228153827600e+07
8.083054654213435017e+06
1.235757487749014236e+07
2.241723879752823338e+07
0.000000000000000000e+00
8.367052550266250037e+06
6.498766752669321373e+06
3.522957471590793878e+07
2.612818904659685493e+07
1.101305332668757439e+07
1.121314651598995738e+07
3.403853257283537090e+07
2.352901907931165770e+07
3.718686094341165572e+07
1.612723627299897000e+07
4.352918672138647735e+07
2.449100524915649742e+07
0.000000000000000000e+00
2.884811880991955847e+07
0.000000000000000000e+00
1.120409228153827600e+07
4.645776186764994636e+06
0.000000000000000000e+00
3.518814185132192075e+07
9.755523303125970066e+06
1.737224246822031215e+07
2.184428493824573606e+07
1.282084027123834938e+07
6.498766752669321373e+06
8.083054654213435017e+06
1.581789336736841500e+07
0.000000000000000000e+00
1.876332431452518702e+07
2.231666012003773451e+07
2.969625638790262118e+07
6.394411026348390616e+06
2.361298952291622758e+07
0.000000000000000000e+00
0.000000000000000000e+00
6.578681478572827764e+06
0.000000000000000000e+00
2.713037686479143798e+07
4.132012827818101645e+07
0.000000000000000000e+00
1.662257930751162954e+07
3.058379852914294600e+07
4.101596088551689684e+07
0.000000000000000000e+00
0.000000000000000000e+00
3.036620535469973460e+06
6.498766752669321373e+06
9.289187814006878063e+06
0.000000000000000000e+00
0.000000000000000000e+00
3.147275445857538283e+07
1.612723627299897000e+07
2.363337480563259125e+07
1.534551818557641469e+07
0.000000000000000000e+00
1.612723627299897000e+07
2.270591775157179683e+07
6.498766752669321373e+06
2.625655453906553239e+07
0.000000000000000000e+00
1.235757487749014236e+07
0.000000000000000000e+00
0.000000000000000000e+00
9.755523303125970066e+06
3.404411701902121305e+07
1.650103123593956046e+07
1.581789336736841500e+07
2.440243581245694682e+07
2.369290424881973118e+07
0.000000000000000000e+00
2.550166060322951898e+07
3.550152428133855015e+07
4.645776186764994636e+06
5.015749028037244081e+07
1.511513571990927868e+07
0.000000000000000000e+00
2.289544226228795201e+07
1.511513571990927868e+07
4.281030954180579633e+07
1.650103123593956046e+07
1.713460805296326801e+07
0.000000000000000000e+00
8.367052550266250037e+06
9.755523303125970066e+06
1.612723627299897000e+07
0.000000000000000000e+00
0.000000000000000000e+00
1.435073820232620649e+07
6.498766752669321373e+06
0.000000000000000000e+00
0.000000000000000000e+00
3.324145904324587435e+07
3.899923611141677201e+07
1.893625635606297106e+07
0.000000000000000000e+00
9.431031561818365008e+06
3.376905481446288526e+07
2.449428882326522097e+07
1.650103123593956046e+07
5.496605742401127517e+07
1.520181743514961749e+07
1.519928314064409584e+07
1.318928929646698944e+07
0.000000000000000000e+00
3.361525400618646294e+07
0.000000000000000000e+00
1.121314651598995738e+07
1.965919984298160300e+07
1.842353662888646871e+07
2.340910050129017979e+07
2.839110673161660880e+07
0.000000000000000000e+00
2.155634184673323855e+07
1.511513571990927868e+07
8.367052550266250037e+06
1.120409228153827600e+07
5.105180413782499731e+07
0.000000000000000000e+00
0.000000000000000000e+00
0.000000000000000000e+00
1.101305332668757439e+07
0.000000000000000000e+00
8.367052550266250037e+06
1.612723627299897000e+07
1.120409228153827600e+07
3.036620535469973460e+06
1.842353662888646871e+07
3.036620535469973460e+06
0.000000000000000000e+00
1.235757487749014236e+07
0.000000000000000000e+00
1.876332431452518702e+07
1.318928929646698944e+07
0.000000000000000000e+00
1.534551818557641469e+07
1.751182007935689390e+07
0.000000000000000000e+00
6.394411026348390616e+06
1.700335106425513700e+07
6.498766752669321373e+06
2.175999895701190084e+07
3.030351206671389192e+07
3.534044642189970613e+07
3.312361054345118999e+07
0.000000000000000000e+00
0.000000000000000000e+00
1.822622365165280178e+07
0.000000000000000000e+00
1.101305332668757439e+07
6.394411026348390616e+06
6.426429244889957830e+06
0.000000000000000000e+00
8.083054654213435017e+06
1.235757487749014236e+07
1.713460805296326801e+07
0.000000000000000000e+00
1.918655486494433507e+07
0.000000000000000000e+00
4.645776186764994636e+06
6.578681478572827764e+06
1.101305332668757439e+07
0.000000000000000000e+00
2.150954674625767022e+07
3.727987825904592872e+07
2.328487208936305344e+07
0.000000000000000000e+00
1.120409228153827600e+07
1.998885871067782119e+07
1.101305332668757439e+07
1.650103123593956046e+07
1.662257930751162954e+07
0.000000000000000000e+00
0.000000000000000000e+00
3.790773518672141433e+07
0.000000000000000000e+00
1.876332431452518702e+07
1.519928314064409584e+07
0.000000000000000000e+00
3.722823390052539110e+07
1.581789336736841500e+07
2.798174695477877185e+07
0.000000000000000000e+00
0.000000000000000000e+00
1.511513571990927868e+07
0.000000000000000000e+00
1.759173480526040122e+07
0.000000000000000000e+00
1.479348179515620694e+07
0.000000000000000000e+00
3.088869984961361066e+07
0.000000000000000000e+00
1.842353662888646871e+07
6.578681478572827764e+06
0.000000000000000000e+00
1.534551818557641469e+07
4.645776186764994636e+06
1.612723627299897000e+07
1.765624036427312717e+07
0.000000000000000000e+00
1.876332431452518702e+07
0.000000000000000000e+00
0.000000000000000000e+00
1.435073820232620649e+07
3.433959691300402582e+07
0.000000000000000000e+00
1.876332431452518702e+07
1.998885871067782119e+07
0.000000000000000000e+00
0.000000000000000000e+00
3.758736201856449246e+07
0.000000000000000000e+00
1.711422277024690434e+07
0.000000000000000000e+00
1.120409228153827600e+07
3.981991781864529103e+07
0.000000000000000000e+00
1.612723627299897000e+07
0.000000000000000000e+00
9.289187814006878063e+06
1.520181743514961749e+07
1.713460805296326801e+07
0.000000000000000000e+00
1.121314651598995738e+07
0.000000000000000000e+00
0.000000000000000000e+00
1.120409228153827600e+07
2.755939231263975799e+07
0.000000000000000000e+00
1.121314651598995738e+07
0.000000000000000000e+00
3.231892460330797732e+07
6.426429244889957830e+06
1.519928314064409584e+07
1.519928314064409584e+07
1.534551818557641469e+07
1.711422277024690434e+07
0.000000000000000000e+00
4.786290679652923346e+07
0.000000000000000000e+00
3.101717650801251084e+07
1.885451390283838660e+07
4.645776186764994636e+06
6.498766752669321373e+06
0.000000000000000000e+00
5.205917591778929532e+07
6.498766752669321373e+06
0.000000000000000000e+00
1.511513571990927868e+07
1.662257930751162954e+07
0.000000000000000000e+00
3.661143801818945259e+07
1.101305332668757439e+07
5.588679107816627622e+07
1.842353662888646871e+07
1.120409228153827600e+07
9.755523303125970066e+06
0.000000000000000000e+00
1.976091190667427331e+07
6.394411026348390616e+06
1.101305332668757439e+07
0.000000000000000000e+00
1.520181743514961749e+07
0.000000000000000000e+00
0.000000000000000000e+00
1.842353662888646871e+07
1.998885871067782119e+07
0.000000000000000000e+00
0.000000000000000000e+00
8.367052550266250037e+06
2.440243581245694682e+07
2.363337480563259125e+07
3.761938023710605502e+07
2.621487076183719188e+07
1.292519599755927920e+07
0.000000000000000000e+00
0.000000000000000000e+00
3.536083170461606979e+07
2.650659128309990466e+07
1.771191326865927875e+07
0.000000000000000000e+00
1.662257930751162954e+07
2.495734073827558756e+07
0.000000000000000000e+00
0.000000000000000000e+00
4.645776186764994636e+06
4.198520378791488707e+07
6.394411026348390616e+06
6.394411026348390616e+06
3.194512964036738500e+07
1.272883084097842872e+07
9.755523303125970066e+06
2.184428493824573606e+07
8.367052550266250037e+06
2.541642408700584620e+07
3.184654942151597515e+07
4.401644270159924030e+07
1.235757487749014236e+07
1.435073820232620649e+07
1.318928929646698944e+07
9.289187814006878063e+06
2.747271059739942104e+07
0.000000000000000000e+00
2.557519586766403168e+07
3.710308148092472553e+07
0.000000000000000000e+00
6.394411026348390616e+06
4.334947881480045617e+07
6.578681478572827764e+06
1.121314651598995738e+07
1.466173613278626278e+07
1.121314651598995738e+07
1.101305332668757439e+07
0.000000000000000000e+00
0.000000000000000000e+00
0.000000000000000000e+00
1.751182007935689390e+07
0.000000000000000000e+00
2.356633569091034681e+07
3.472725488759236038e+07
1.713460805296326801e+07
4.661479608876388520e+07
1.876332431452518702e+07
8.083054654213435017e+06
2.641528795556777716e+07
1.612723627299897000e+07
3.146496097257310897e+07
6.578681478572827764e+06
1.876332431452518702e+07
1.812257585339222103e+07
1.711422277024690434e+07
0.000000000000000000e+00
0.000000000000000000e+00
2.480490513022562861e+07
1.318928929646698944e+07
0.000000000000000000e+00
2.835591126094407216e+07
1.120409228153827600e+07
7.445809228432616591e+07
1.235757487749014236e+07
3.078111150637660921e+07
0.000000000000000000e+00
3.195261361099217832e+07
0.000000000000000000e+00
0.000000000000000000e+00
1.476146357661464065e+07
1.614993432947435975e+07
0.000000000000000000e+00
2.534200579309801385e+07
2.654961046711469069e+07
0.000000000000000000e+00
0.000000000000000000e+00
8.083054654213435017e+06
2.449100524915649742e+07
3.312361054345118999e+07
3.148534625528947264e+07
1.612723627299897000e+07
1.120409228153827600e+07
1.121314651598995738e+07
0.000000000000000000e+00
6.394411026348390616e+06
0.000000000000000000e+00
2.241723879752823338e+07
0.000000000000000000e+00
1.822622365165280178e+07
6.394411026348390616e+06
3.030351206671389192e+07
1.121314651598995738e+07
1.511513571990927868e+07
3.510399443058709800e+07
1.520181743514961749e+07
3.489056058752416074e+07
0.000000000000000000e+00
4.831587995200101286e+07
0.000000000000000000e+00
2.646640084461506829e+07
0.000000000000000000e+00
1.783857795733940601e+07
6.578681478572827764e+06
0.000000000000000000e+00
4.318103009542286396e+07
1.662257930751162954e+07
1.121314651598995738e+07
2.923927697834037617e+07
1.120409228153827600e+07
0.000000000000000000e+00
3.016863156969462335e+07
8.083054654213435017e+06
0.000000000000000000e+00
0.000000000000000000e+00
1.662257930751162954e+07
1.511513571990927868e+07
6.578681478572827764e+06
2.348218827017552778e+07
3.718686094341165572e+07
4.961509375279095769e+07
1.876332431452518702e+07
0.000000000000000000e+00
1.713460805296326801e+07
2.077301245976396650e+07
0.000000000000000000e+00
6.426429244889957830e+06
9.289187814006878063e+06
0.000000000000000000e+00
1.662257930751162954e+07
1.121314651598995738e+07
8.083054654213435017e+06
3.274981558051060140e+07
1.520181743514961749e+07
0.000000000000000000e+00
4.412600991547811776e+07
3.698954796617798507e+07
0.000000000000000000e+00
3.648988994661737978e+07
2.287199983841779828e+07
1.272883084097842872e+07
1.711422277024690434e+07
2.352901907931165770e+07
1.822622365165280178e+07
2.931652556946595758e+07
1.928714693575171009e+07
1.519928314064409584e+07
1.301282873703124374e+07
1.662257930751162954e+07
0.000000000000000000e+00
4.133000648174647242e+07
1.899651438909120113e+07
0.000000000000000000e+00
0.000000000000000000e+00
2.159622846149800718e+07
9.755523303125970066e+06
1.318928929646698944e+07
2.763563263419920206e+07
3.778068670524060726e+07
2.169804989331341535e+07
0.000000000000000000e+00
1.101305332668757439e+07
1.435073820232620649e+07
0.000000000000000000e+00
1.711422277024690434e+07
0.000000000000000000e+00
0.000000000000000000e+00
3.857437993460334837e+07
0.000000000000000000e+00
0.000000000000000000e+00
3.298447652126654238e+07
0.000000000000000000e+00
0.000000000000000000e+00
0.000000000000000000e+00
1.318928929646698944e+07
1.435073820232620649e+07
1.961571854135694727e+07
1.511513571990927868e+07
8.083054654213435017e+06
1.842353662888646871e+07
2.755685801813423634e+07
8.083054654213435017e+06
8.367052550266250037e+06
1.998885871067782119e+07
2.641496395113957673e+07
2.350863379659529403e+07
9.755523303125970066e+06
0.000000000000000000e+00
2.255366551788892597e+07
0.000000000000000000e+00
4.936396654311945289e+07
3.112089919201532751e+07
0.000000000000000000e+00
1.435073820232620649e+07
1.235757487749014236e+07
1.713460805296326801e+07
0.000000000000000000e+00
0.000000000000000000e+00
2.640337542218237370e+07
3.387846003443446755e+07
0.000000000000000000e+00
0.000000000000000000e+00
0.000000000000000000e+00
0.000000000000000000e+00
2.679058917915271968e+07
1.318928929646698944e+07
6.394411026348390616e+06
0.000000000000000000e+00
3.362535406403608620e+07
4.332909353208409250e+07
0.000000000000000000e+00
1.842353662888646871e+07
2.127234395068042353e+07
2.733132855453724414e+07
0.000000000000000000e+00
2.641528795556777716e+07
4.396296209650056064e+07
2.946587392223548517e+07
1.650103123593956046e+07
0.000000000000000000e+00
2.833870033450154215e+07
1.743948257157753408e+07
0.000000000000000000e+00
0.000000000000000000e+00
3.580675207804623246e+07
1.612723627299897000e+07
0.000000000000000000e+00
1.318928929646698944e+07
0.000000000000000000e+00
1.121314651598995738e+07
0.000000000000000000e+00
2.734038278898892552e+07
1.101305332668757439e+07
0.000000000000000000e+00
1.633420478169879690e+07
2.770309306306655705e+07
1.534551818557641469e+07
1.909610798090101033e+07
3.036620535469973460e+06
1.511513571990927868e+07
0.000000000000000000e+00
4.645776186764994636e+06
1.662257930751162954e+07
1.520181743514961749e+07
1.998885871067782119e+07
4.484126024611783773e+07
1.713460805296326801e+07
3.704610237339535356e+07
0.000000000000000000e+00
1.520181743514961749e+07
3.036620535469973460e+06
1.612723627299897000e+07
0.000000000000000000e+00
2.884811880991955847e+07
0.000000000000000000e+00
4.064346244918103516e+07
0.000000000000000000e+00
2.270591775157179683e+07
8.367052550266250037e+06
0.000000000000000000e+00
0.000000000000000000e+00
0.000000000000000000e+00
2.640337542218237370e+07
0.000000000000000000e+00
3.841239533956429362e+07
1.662257930751162954e+07
6.498766752669321373e+06
2.354065201513686031e+07
4.038903670005924255e+07
1.893625635606297106e+07
0.000000000000000000e+00
6.394411026348390616e+06
0.000000000000000000e+00
8.367052550266250037e+06
0.000000000000000000e+00
0.000000000000000000e+00
0.000000000000000000e+00
6.394411026348390616e+06
0.000000000000000000e+00
1.662257930751162954e+07
6.498766752669321373e+06
0.000000000000000000e+00
1.519928314064409584e+07
0.000000000000000000e+00
0.000000000000000000e+00
1.511513571990927868e+07
2.433383223590130359e+07
3.821508236233062297e+07
1.876332431452518702e+07
2.898015418500177190e+07
1.581789336736841500e+07
0.000000000000000000e+00
1.520181743514961749e+07
2.074514922867459804e+07
0.000000000000000000e+00
0.000000000000000000e+00
0.000000000000000000e+00
1.713460805296326801e+07
0.000000000000000000e+00
1.435073820232620649e+07
1.842353662888646871e+07
9.289187814006878063e+06
1.519928314064409584e+07
3.875218302520300448e+07
2.361298952291622758e+07
0.000000000000000000e+00
0.000000000000000000e+00
2.463463489744281769e+07
0.000000000000000000e+00
0.000000000000000000e+00
0.000000000000000000e+00
0.000000000000000000e+00
4.883492242954692245e+07
1.318928929646698944e+07
1.581789336736841500e+07
0.000000000000000000e+00
0.000000000000000000e+00
0.000000000000000000e+00
1.534551818557641469e+07
1.511513571990927868e+07
3.518814185132192075e+07
6.498766752669321373e+06
0.000000000000000000e+00
3.373680207775853574e+07
0.000000000000000000e+00
5.218883110682208091e+07
0.000000000000000000e+00
6.498766752669321373e+06
1.822622365165280178e+07
0.000000000000000000e+00
1.998885871067782119e+07
4.931223647850008309e+07
6.426429244889957830e+06
1.711422277024690434e+07
4.409528990491104871e+07
0.000000000000000000e+00
2.974438201380379125e+07
2.252164729934735969e+07
1.121314651598995738e+07
1.612723627299897000e+07
4.397040080284360051e+07
1.822622365165280178e+07
0.000000000000000000e+00
0.000000000000000000e+00
1.519928314064409584e+07
1.520181743514961749e+07
2.481794765523485839e+07
1.876332431452518702e+07
1.822622365165280178e+07
1.650103123593956046e+07
0.000000000000000000e+00
0.000000000000000000e+00
0.000000000000000000e+00
0.000000000000000000e+00
2.306931281565146148e+07
0.000000000000000000e+00
1.581789336736841500e+07
2.641496395113957673e+07
7.285402150604172051e+07
0.000000000000000000e+00
5.199527846611569077e+07
0.000000000000000000e+00
0.000000000000000000e+00
2.470563396172506362e+07
1.650103123593956046e+07
1.662257930751162954e+07
0.000000000000000000e+00
0.000000000000000000e+00
1.662257930751162954e+07
1.511513571990927868e+07
8.083054654213435017e+06
1.998885871067782119e+07
2.798174695477877185e+07
1.534551818557641469e+07
1.235757487749014236e+07
1.581789336736841500e+07
1.711422277024690434e+07
0.000000000000000000e+00
5.567509708172994852e+07
3.943088289028464258e+07
0.000000000000000000e+00
0.000000000000000000e+00
0.000000000000000000e+00
1.121314651598995738e+07
3.195261361099217832e+07
6.394411026348390616e+06
4.645776186764994636e+06
0.000000000000000000e+00
2.641528795556777716e+07
0.000000000000000000e+00
6.426429244889957830e+06
0.000000000000000000e+00
1.711422277024690434e+07
3.875218302520300448e+07
5.631868556592646241e+07
4.802675638363785297e+07
1.534551818557641469e+07
1.822622365165280178e+07
0.000000000000000000e+00
2.621487076183719188e+07
2.356886998541586846e+07
9.289187814006878063e+06
0.000000000000000000e+00
4.761258252828843892e+07
0.000000000000000000e+00
0.000000000000000000e+00
1.101305332668757439e+07
0.000000000000000000e+00
1.120409228153827600e+07
0.000000000000000000e+00
1.711422277024690434e+07
1.318928929646698944e+07
5.301215513773535937e+07
0.000000000000000000e+00
1.581789336736841500e+07
4.643833552932814509e+07
0.000000000000000000e+00
2.307971271451238915e+07
1.511513571990927868e+07
1.711422277024690434e+07
3.301970544680900872e+07
2.962762891042474657e+07
0.000000000000000000e+00
1.662257930751162954e+07
6.394411026348390616e+06
0.000000000000000000e+00
8.083054654213435017e+06
0.000000000000000000e+00
1.878400412238010019e+07
1.876332431452518702e+07
0.000000000000000000e+00
0.000000000000000000e+00
0.000000000000000000e+00
0.000000000000000000e+00
8.367052550266250037e+06
0.000000000000000000e+00
0.000000000000000000e+00
9.289187814006878063e+06
9.755523303125970066e+06
0.000000000000000000e+00
0.000000000000000000e+00
0.000000000000000000e+00
1.662257930751162954e+07
0.000000000000000000e+00
0.000000000000000000e+00
1.650103123593956046e+07
0.000000000000000000e+00
0.000000000000000000e+00
1.650103123593956046e+07
8.083054654213435017e+06
1.998885871067782119e+07
2.631922800144755468e+07
1.650103123593956046e+07
0.000000000000000000e+00
1.520181743514961749e+07
1.876332431452518702e+07
0.000000000000000000e+00
1.121314651598995738e+07
3.551674677400965989e+07
0.000000000000000000e+00
8.083054654213435017e+06
2.684637896873862296e+07
2.542294363398116082e+07
1.534551818557641469e+07
2.635857151226399094e+07
6.578681478572827764e+06
2.306931281565146148e+07
1.297309250492121838e+07
6.498766752669321373e+06
1.318928929646698944e+07
1.534551818557641469e+07
0.000000000000000000e+00
1.121314651598995738e+07
4.645776186764994636e+06
1.711422277024690434e+07
0.000000000000000000e+00
1.101305332668757439e+07
1.998885871067782119e+07
0.000000000000000000e+00
3.969274399542422593e+07
0.000000000000000000e+00
5.395467294101619720e+07
6.394411026348390616e+06
0.000000000000000000e+00
1.842353662888646871e+07
0.000000000000000000e+00
2.630927830586623773e+07
1.511513571990927868e+07
1.101305332668757439e+07
0.000000000000000000e+00
0.000000000000000000e+00
3.196809749308804423e+07
0.000000000000000000e+00
1.565882951345256902e+07
3.373680207775853574e+07
1.662257930751162954e+07
0.000000000000000000e+00
3.036620535469973460e+06
0.000000000000000000e+00
8.083054654213435017e+06
1.713460805296326801e+07
1.101305332668757439e+07
0.000000000000000000e+00
0.000000000000000000e+00
3.606311238976638764e+07
6.534887581128362566e+07
3.352478789113982767e+07
1.842353662888646871e+07
1.612723627299897000e+07
1.713460805296326801e+07
0.000000000000000000e+00
0.000000000000000000e+00
0.000000000000000000e+00
3.611609498367679119e+07
4.433530375040497631e+07
6.426429244889957830e+06
0.000000000000000000e+00
0.000000000000000000e+00
0.000000000000000000e+00
9.431031561818365008e+06
0.000000000000000000e+00
2.734038278898892552e+07
1.520181743514961749e+07
0.000000000000000000e+00
3.473693491205362976e+07
1.711422277024690434e+07
1.289317777901771292e+07
0.000000000000000000e+00
1.842353662888646871e+07
1.876332431452518702e+07
2.361298952291622758e+07
0.000000000000000000e+00
0.000000000000000000e+00
1.842353662888646871e+07
0.000000000000000000e+00
0.000000000000000000e+00
2.642379586697014421e+07
6.498766752669321373e+06
1.318928929646698944e+07
3.458192331210344285e+07
2.222619984267753363e+07
0.000000000000000000e+00
1.650103123593956046e+07
2.154156496479923651e+07
3.396260745516928285e+07
0.000000000000000000e+00
1.842353662888646871e+07
0.000000000000000000e+00
0.000000000000000000e+00
1.120409228153827600e+07
4.373409062268750370e+07
2.763563263419920206e+07
4.839095322494993359e+07
1.998885871067782119e+07
8.367052550266250037e+06
2.641242965663405508e+07
2.480490513022562861e+07
1.120409228153827600e+07
0.000000000000000000e+00
0.000000000000000000e+00
0.000000000000000000e+00
0.000000000000000000e+00
5.188693485797637701e+07
2.162571238553405553e+07
4.668716369043909013e+07
0.000000000000000000e+00
1.822622365165280178e+07
6.394411026348390616e+06
9.755523303125970066e+06
9.755523303125970066e+06
1.822622365165280178e+07
3.326184432596223801e+07
0.000000000000000000e+00
0.000000000000000000e+00
0.000000000000000000e+00
1.101305332668757439e+07
3.161282592535346001e+07
0.000000000000000000e+00
4.643074833971285820e+07
0.000000000000000000e+00
8.083054654213435017e+06
2.127234395068042353e+07
3.603109417122481763e+07
9.755523303125970066e+06
0.000000000000000000e+00
0.000000000000000000e+00
0.000000000000000000e+00
2.885860611342970282e+07
9.431031561818365008e+06
1.581789336736841500e+07
0.000000000000000000e+00
0.000000000000000000e+00
0.000000000000000000e+00
9.755523303125970066e+06
0.000000000000000000e+00
1.842353662888646871e+07
3.718686094341165572e+07
4.924129878985036910e+07
3.853814481680852175e+07
0.000000000000000000e+00
1.581789336736841500e+07
1.953765177140953392e+07
3.611609498367679119e+07
3.531940802144213766e+07
4.645776186764994636e+06
0.000000000000000000e+00
6.498766752669321373e+06
6.498766752669321373e+06
0.000000000000000000e+00
9.289187814006878063e+06
1.876332431452518702e+07
0.000000000000000000e+00
8.083054654213435017e+06
2.462063467800119147e+07
6.394411026348390616e+06
0.000000000000000000e+00
1.842353662888646871e+07
0.000000000000000000e+00
0.000000000000000000e+00
8.367052550266250037e+06
1.581789336736841500e+07
0.000000000000000000e+00
2.640590971668789536e+07
0.000000000000000000e+00
0.000000000000000000e+00
1.965919984298160300e+07
8.367052550266250037e+06
1.121314651598995738e+07
1.842353662888646871e+07
0.000000000000000000e+00
1.121314651598995738e+07
1.876332431452518702e+07
0.000000000000000000e+00
0.000000000000000000e+00
2.943937016764275730e+07
1.953765177140953392e+07
0.000000000000000000e+00
1.650103123593956046e+07
0.000000000000000000e+00
0.000000000000000000e+00
1.520181743514961749e+07
0.000000000000000000e+00
0.000000000000000000e+00
1.479348179515620694e+07
0.000000000000000000e+00
0.000000000000000000e+00
1.876332431452518702e+07
0.000000000000000000e+00
0.000000000000000000e+00
0.000000000000000000e+00
0.000000000000000000e+00
0.000000000000000000e+00
2.621487076183719188e+07
0.000000000000000000e+00
3.234643358816796541e+07
0.000000000000000000e+00
1.121314651598995738e+07
0.000000000000000000e+00
2.177796461921692267e+07
0.000000000000000000e+00
2.719944170465392247e+07
8.367052550266250037e+06
0.000000000000000000e+00
1.318928929646698944e+07
0.000000000000000000e+00
1.976797077503981814e+07
2.650659128309990466e+07
0.000000000000000000e+00
1.534551818557641469e+07
1.511513571990927868e+07
3.387846003443446755e+07
2.184428493824573606e+07
5.488566395665333420e+07
4.645776186764994636e+06
2.798174695477877185e+07
3.785937199892149866e+07
1.842353662888646871e+07
0.000000000000000000e+00
0.000000000000000000e+00
6.213807570002783835e+07
0.000000000000000000e+00
0.000000000000000000e+00
2.340910050129017979e+07
1.581789336736841500e+07
1.822622365165280178e+07
0.000000000000000000e+00
1.121314651598995738e+07
1.435073820232620649e+07
3.036620535469973460e+06
0.000000000000000000e+00
1.711422277024690434e+07
9.289187814006878063e+06
0.000000000000000000e+00
0.000000000000000000e+00
2.127234395068042353e+07
4.645776186764994636e+06
0.000000000000000000e+00
3.362535406403608620e+07
0.000000000000000000e+00
0.000000000000000000e+00
1.435073820232620649e+07
1.519928314064409584e+07
1.520181743514961749e+07
0.000000000000000000e+00
1.662257930751162954e+07
6.426429244889957830e+06
2.421029092721240595e+07
0.000000000000000000e+00
0.000000000000000000e+00
4.645776186764994636e+06
2.319819037412271276e+07
0.000000000000000000e+00
1.318928929646698944e+07
3.424142999625488371e+07
0.000000000000000000e+00
3.424142999625488371e+07
9.755523303125970066e+06
0.000000000000000000e+00
1.612723627299897000e+07
1.581789336736841500e+07
1.101305332668757439e+07
4.070347803837913275e+07
1.511513571990927868e+07
0.000000000000000000e+00
0.000000000000000000e+00
1.650103123593956046e+07
1.520181743514961749e+07
1.650103123593956046e+07
1.842353662888646871e+07
2.833870033450154215e+07
0.000000000000000000e+00
3.224974377287254483e+07
1.519928314064409584e+07
0.000000000000000000e+00
2.932666813493049890e+07
0.000000000000000000e+00
0.000000000000000000e+00
4.645776186764994636e+06
0.000000000000000000e+00
0.000000000000000000e+00
8.083054654213435017e+06
0.000000000000000000e+00
1.662257930751162954e+07
1.876332431452518702e+07
6.578681478572827764e+06
7.043726546367697418e+07
4.643074833971285820e+07
1.318928929646698944e+07
1.581789336736841500e+07
6.578681478572827764e+06
1.519928314064409584e+07
0.000000000000000000e+00
4.645776186764994636e+06
8.367052550266250037e+06
0.000000000000000000e+00
3.030351206671389192e+07
1.581789336736841500e+07
1.424071281700824946e+07
1.713460805296326801e+07
1.318928929646698944e+07
4.645776186764994636e+06
3.182439674266124517e+07
1.662257930751162954e+07
3.489056058752416074e+07
2.625655453906553239e+07
0.000000000000000000e+00
1.899651438909120113e+07
1.876332431452518702e+07
0.000000000000000000e+00
1.120409228153827600e+07
0.000000000000000000e+00
1.581789336736841500e+07
1.534551818557641469e+07
0.000000000000000000e+00
6.498766752669321373e+06
3.161616695584883913e+07
6.498766752669321373e+06
0.000000000000000000e+00
1.822622365165280178e+07
1.976091190667427331e+07
3.161282592535346001e+07
0.000000000000000000e+00
0.000000000000000000e+00
1.235757487749014236e+07
2.554686417395713180e+07
1.876332431452518702e+07
0.000000000000000000e+00
2.492230338155578822e+07
0.000000000000000000e+00
0.000000000000000000e+00
6.498766752669321373e+06
2.095961558466424793e+07
1.842353662888646871e+07
0.000000000000000000e+00
1.822622365165280178e+07
0.000000000000000000e+00
0.000000000000000000e+00
0.000000000000000000e+00
2.554686417395713180e+07
3.607475130457352102e+07
1.822622365165280178e+07
4.645776186764994636e+06
6.394411026348390616e+06
0.000000000000000000e+00
9.755523303125970066e+06
0.000000000000000000e+00
1.650103123593956046e+07
0.000000000000000000e+00
3.036620535469973460e+06
1.581789336736841500e+07
4.446593660750050843e+07
0.000000000000000000e+00
0.000000000000000000e+00
4.645776186764994636e+06
0.000000000000000000e+00
7.006523115752045810e+07
1.650103123593956046e+07
1.713460805296326801e+07
8.083054654213435017e+06
0.000000000000000000e+00
1.612723627299897000e+07
0.000000000000000000e+00
0.000000000000000000e+00
0.000000000000000000e+00
1.899651438909120113e+07
5.043141323240128905e+07
6.426429244889957830e+06
2.827673137188624218e+07
0.000000000000000000e+00
2.096866981911592931e+07
1.520181743514961749e+07
0.000000000000000000e+00
1.410882596712492593e+07
1.612723627299897000e+07
0.000000000000000000e+00
4.645776186764994636e+06
6.498766752669321373e+06
1.534551818557641469e+07
1.842353662888646871e+07
6.394411026348390616e+06
1.520181743514961749e+07
9.289187814006878063e+06
0.000000000000000000e+00
0.000000000000000000e+00
0.000000000000000000e+00
2.534200579309801385e+07
1.121314651598995738e+07
0.000000000000000000e+00
0.000000000000000000e+00
0.000000000000000000e+00
2.126835549427662417e+07
1.998885871067782119e+07
1.740746435303596407e+07
3.457068011756058037e+07
1.842353662888646871e+07
8.083054654213435017e+06
2.114680742270455509e+07
0.000000000000000000e+00
1.435073820232620649e+07
4.840000745940161496e+07
0.000000000000000000e+00
9.535387288139294833e+06
0.000000000000000000e+00
3.519648128486210108e+07
6.498766752669321373e+06
1.404967386215754785e+07
0.000000000000000000e+00
1.842353662888646871e+07
0.000000000000000000e+00
0.000000000000000000e+00
1.235757487749014236e+07
3.194924151021287590e+07
1.713460805296326801e+07
0.000000000000000000e+00
0.000000000000000000e+00
1.650103123593956046e+07
0.000000000000000000e+00
0.000000000000000000e+00
0.000000000000000000e+00
1.534551818557641469e+07
3.036620535469973460e+06
0.000000000000000000e+00
2.702198564890669286e+07
3.718686094341165572e+07
0.000000000000000000e+00
2.578591368842103332e+07
1.101305332668757439e+07
1.581789336736841500e+07
0.000000000000000000e+00
2.352901907931165770e+07
0.000000000000000000e+00
0.000000000000000000e+00
0.000000000000000000e+00
3.293211613761531934e+07
1.235757487749014236e+07
3.262826750893852860e+07
0.000000000000000000e+00
1.447746568056182563e+07
4.645776186764994636e+06
1.519928314064409584e+07
1.520181743514961749e+07
2.463463489744281769e+07
4.689060041145966947e+07
1.876332431452518702e+07
8.083054654213435017e+06
1.120409228153827600e+07
5.647704963920401037e+07
0.000000000000000000e+00
0.000000000000000000e+00
0.000000000000000000e+00
6.498766752669321373e+06
9.755523303125970066e+06
3.455077290188543499e+07
1.876332431452518702e+07
1.121314651598995738e+07
8.083054654213435017e+06
1.612723627299897000e+07
6.578681478572827764e+06
0.000000000000000000e+00
4.831587995200101286e+07
1.534551818557641469e+07
0.000000000000000000e+00
0.000000000000000000e+00
4.791571955933988094e+07
8.367052550266250037e+06
0.000000000000000000e+00
0.000000000000000000e+00
1.842353662888646871e+07
0.000000000000000000e+00
0.000000000000000000e+00
0.000000000000000000e+00
1.842353662888646871e+07
1.581789336736841500e+07
0.000000000000000000e+00
1.650103123593956046e+07
1.121314651598995738e+07
1.998885871067782119e+07
0.000000000000000000e+00
0.000000000000000000e+00
0.000000000000000000e+00
0.000000000000000000e+00
1.711422277024690434e+07
0.000000000000000000e+00
1.842353662888646871e+07
0.000000000000000000e+00
0.000000000000000000e+00
8.083054654213435017e+06
3.078111150637660921e+07
9.755523303125970066e+06
0.000000000000000000e+00
2.299979798860888183e+07
1.822622365165280178e+07
0.000000000000000000e+00
1.711422277024690434e+07
7.682396722234968096e+06
0.000000000000000000e+00
1.534551818557641469e+07
1.842353662888646871e+07
0.000000000000000000e+00
0.000000000000000000e+00
0.000000000000000000e+00
1.876332431452518702e+07
0.000000000000000000e+00
1.101305332668757439e+07
1.121314651598995738e+07
6.426429244889957830e+06
4.645776186764994636e+06
0.000000000000000000e+00
0.000000000000000000e+00
0.000000000000000000e+00
2.492230338155578822e+07
1.318928929646698944e+07
0.000000000000000000e+00
0.000000000000000000e+00
1.101305332668757439e+07
0.000000000000000000e+00
9.289187814006878063e+06
1.120409228153827600e+07
1.235757487749014236e+07
1.272883084097842872e+07
0.000000000000000000e+00
0.000000000000000000e+00
1.662257930751162954e+07
0.000000000000000000e+00
0.000000000000000000e+00
2.363992601633308455e+07
0.000000000000000000e+00
1.662257930751162954e+07
0.000000000000000000e+00
2.621487076183719188e+07
0.000000000000000000e+00
4.645776186764994636e+06
4.844230643624508381e+07
0.000000000000000000e+00
1.235757487749014236e+07
7.682396722234968096e+06
6.498766752669321373e+06
1.121314651598995738e+07
1.121314651598995738e+07
0.000000000000000000e+00
0.000000000000000000e+00
2.319819037412271276e+07
3.231604020539652184e+07
8.083054654213435017e+06
0.000000000000000000e+00
1.511513571990927868e+07
3.361525400618646294e+07
2.832736928623685986e+07
0.000000000000000000e+00
0.000000000000000000e+00
1.519928314064409584e+07
4.126120266135824472e+07
9.289187814006878063e+06
1.612723627299897000e+07
2.648762546334714442e+07
0.000000000000000000e+00
0.000000000000000000e+00
1.662257930751162954e+07
8.083054654213435017e+06
3.036620535469973460e+06
0.000000000000000000e+00
1.581789336736841500e+07
1.301282873703124374e+07
8.083054654213435017e+06
0.000000000000000000e+00
0.000000000000000000e+00
1.650103123593956046e+07
2.981186860397861898e+07
0.000000000000000000e+00
1.711422277024690434e+07
0.000000000000000000e+00
8.143835006925830245e+07
1.511513571990927868e+07
0.000000000000000000e+00
0.000000000000000000e+00
1.662257930751162954e+07
4.319011949676228315e+07
0.000000000000000000e+00
1.435073820232620649e+07
0.000000000000000000e+00
0.000000000000000000e+00
0.000000000000000000e+00
0.000000000000000000e+00
2.221230439371680468e+07
1.650103123593956046e+07
1.876332431452518702e+07
1.822622365165280178e+07
3.492456786482603103e+07
3.540159369018379599e+07
2.515773534087357670e+07
1.822622365165280178e+07
0.000000000000000000e+00
1.842353662888646871e+07
6.498766752669321373e+06
3.435345992465177178e+07
0.000000000000000000e+00
0.000000000000000000e+00
3.257696185397900641e+07
1.713460805296326801e+07
0.000000000000000000e+00
1.581789336736841500e+07
1.612723627299897000e+07
6.498766752669321373e+06
6.426429244889957830e+06
3.542688769314160198e+07
0.000000000000000000e+00
1.519928314064409584e+07
0.000000000000000000e+00
8.083054654213435017e+06
4.124321398551282287e+07
0.000000000000000000e+00
0.000000000000000000e+00
1.713460805296326801e+07
0.000000000000000000e+00
1.842353662888646871e+07
3.583976314766567200e+07
0.000000000000000000e+00
0.000000000000000000e+00
6.498766752669321373e+06
0.000000000000000000e+00
4.645776186764994636e+06
0.000000000000000000e+00
0.000000000000000000e+00
1.876332431452518702e+07
1.121314651598995738e+07
6.578681478572827764e+06
1.101305332668757439e+07
2.306931281565146148e+07
3.036620535469973460e+06
3.146496097257310897e+07
0.000000000000000000e+00
0.000000000000000000e+00
1.662257930751162954e+07
2.044062953170357645e+07
1.743948257157753408e+07
1.235757487749014236e+07
6.578681478572827764e+06
4.988849760145957768e+07
2.356166715902841836e+07
0.000000000000000000e+00
2.312134606018095091e+07
2.606991158447384834e+07
3.875461868686659634e+07
0.000000000000000000e+00
3.222935849015618116e+07
0.000000000000000000e+00
1.937082531716877222e+07
1.876332431452518702e+07
4.218646402582779527e+07
3.655515230908796936e+07
0.000000000000000000e+00
3.698954796617798507e+07
1.662257930751162954e+07
1.581789336736841500e+07
2.831831505178517848e+07
0.000000000000000000e+00
3.123905238868404925e+07
1.612723627299897000e+07
1.581789336736841500e+07
1.435073820232620649e+07
0.000000000000000000e+00
0.000000000000000000e+00
1.511513571990927868e+07
2.410626150545217842e+07
0.000000000000000000e+00
5.313948229565235227e+07
1.519928314064409584e+07
0.000000000000000000e+00
0.000000000000000000e+00
2.996741659606346488e+07
1.711422277024690434e+07
3.317814800714480877e+07
6.394411026348390616e+06
0.000000000000000000e+00
1.318928929646698944e+07
0.000000000000000000e+00
1.121314651598995738e+07
0.000000000000000000e+00
5.430108371365855634e+07
0.000000000000000000e+00
1.435073820232620649e+07
2.588275957612494007e+07
2.632149262483302504e+07
2.150954674625767022e+07
0.000000000000000000e+00
1.612723627299897000e+07
1.466173613278626278e+07
1.713460805296326801e+07
7.273948481475365162e+07
3.135408926658134162e+07
0.000000000000000000e+00
0.000000000000000000e+00
0.000000000000000000e+00
0.000000000000000000e+00
1.842353662888646871e+07
3.927600564642953128e+07
0.000000000000000000e+00
1.120409228153827600e+07
2.342857283978984877e+07
4.645776186764994636e+06
1.822622365165280178e+07
1.120409228153827600e+07
0.000000000000000000e+00
1.519928314064409584e+07
0.000000000000000000e+00
6.426429244889957830e+06
0.000000000000000000e+00
1.842353662888646871e+07
0.000000000000000000e+00
0.000000000000000000e+00
5.267236745209664106e+07
0.000000000000000000e+00
0.000000000000000000e+00
2.287199983841779828e+07
9.289187814006878063e+06
3.424883082321017236e+07
1.998885871067782119e+07
2.763563263419920206e+07
1.534551818557641469e+07
1.842353662888646871e+07
0.000000000000000000e+00
1.662257930751162954e+07
1.318928929646698944e+07
2.271779075259245560e+07
3.698954796617798507e+07
0.000000000000000000e+00
1.998885871067782119e+07
0.000000000000000000e+00
3.046065390548569337e+07
8.367052550266250037e+06
1.711422277024690434e+07
1.822622365165280178e+07
0.000000000000000000e+00
1.120409228153827600e+07
8.083054654213435017e+06
2.169381719848210737e+07
2.072462742775639147e+07
0.000000000000000000e+00
1.650103123593956046e+07
3.484880295916443318e+07
2.981186860397861898e+07
0.000000000000000000e+00
0.000000000000000000e+00
0.000000000000000000e+00
2.481794765523485839e+07
2.518975355941514671e+07
0.000000000000000000e+00
2.126835549427662417e+07
6.498766752669321373e+06
0.000000000000000000e+00
0.000000000000000000e+00
2.348218827017552778e+07
1.650103123593956046e+07
6.394411026348390616e+06
1.534551818557641469e+07
1.121314651598995738e+07
0.000000000000000000e+00
6.498766752669321373e+06
1.876332431452518702e+07
0.000000000000000000e+00
1.511513571990927868e+07
2.439338157800526544e+07
5.115227026362265646e+07
0.000000000000000000e+00
9.755523303125970066e+06
1.121314651598995738e+07
3.765886755275011063e+07
0.000000000000000000e+00
1.998885871067782119e+07
1.318928929646698944e+07
4.291454187804296613e+07
0.000000000000000000e+00
2.495734073827558756e+07
9.289187814006878063e+06
2.413834251354923844e+07
0.000000000000000000e+00
0.000000000000000000e+00
0.000000000000000000e+00
2.262600302566829324e+07
1.121314651598995738e+07
2.591176712151850760e+07
2.777111070334974676e+07
1.842353662888646871e+07
6.498766752669321373e+06
3.147275445857538283e+07
2.159369416699248552e+07
3.510399443058709800e+07
8.083054654213435017e+06
1.519928314064409584e+07
0.000000000000000000e+00
1.999129437234140933e+07
3.112089919201532751e+07
1.650103123593956046e+07
0.000000000000000000e+00
1.822622365165280178e+07
0.000000000000000000e+00
2.184428493824573606e+07
2.270591775157179683e+07
5.087141013072180003e+07
0.000000000000000000e+00
0.000000000000000000e+00
1.998885871067782119e+07
4.645776186764994636e+06
3.040110057579371333e+07
8.083054654213435017e+06
0.000000000000000000e+00
0.000000000000000000e+00
1.713460805296326801e+07
1.822622365165280178e+07
0.000000000000000000e+00
0.000000000000000000e+00
6.498766752669321373e+06
0.000000000000000000e+00
2.783572582350158691e+07
1.876332431452518702e+07
1.534551818557641469e+07
4.426498491775470972e+07
0.000000000000000000e+00
5.979569499716730416e+07
2.923927697834037617e+07
0.000000000000000000e+00
0.000000000000000000e+00
1.121314651598995738e+07
1.612723627299897000e+07
1.876332431452518702e+07
1.120409228153827600e+07
1.953765177140953392e+07
1.759173480526040122e+07
1.581789336736841500e+07
0.000000000000000000e+00
2.289544226228795201e+07
0.000000000000000000e+00
0.000000000000000000e+00
0.000000000000000000e+00
0.000000000000000000e+00
4.645776186764994636e+06
1.842353662888646871e+07
2.421029092721240595e+07
0.000000000000000000e+00
9.289187814006878063e+06
1.713460805296326801e+07
1.424976705145993084e+07
1.711422277024690434e+07
0.000000000000000000e+00
6.578681478572827764e+06
4.126120266135824472e+07
0.000000000000000000e+00
0.000000000000000000e+00
1.534551818557641469e+07
0.000000000000000000e+00
1.585892270275495201e+07
1.519928314064409584e+07
1.235757487749014236e+07
1.393496400077187270e+07
0.000000000000000000e+00
1.662257930751162954e+07
1.435073820232620649e+07
1.393496400077187270e+07
1.235757487749014236e+07
3.036620535469973460e+06
3.841239533956429362e+07
0.000000000000000000e+00
2.084950495499552786e+07
2.487065902303525060e+07
1.998885871067782119e+07
0.000000000000000000e+00
6.426429244889957830e+06
4.645776186764994636e+06
0.000000000000000000e+00
3.036620535469973460e+06
0.000000000000000000e+00
1.763957576087991521e+07
0.000000000000000000e+00
0.000000000000000000e+00
1.842353662888646871e+07
2.178038423972826451e+07
0.000000000000000000e+00
0.000000000000000000e+00
1.876332431452518702e+07
3.570161747064093500e+07
3.030351206671389192e+07
0.000000000000000000e+00
2.184428493824573606e+07
8.083054654213435017e+06
2.231666012003773451e+07
2.848481115048911422e+07
3.036620535469973460e+06
0.000000000000000000e+00
0.000000000000000000e+00
0.000000000000000000e+00
0.000000000000000000e+00
6.394411026348390616e+06
1.520181743514961749e+07
5.921574780885551870e+07
1.435073820232620649e+07
2.995607818537680805e+07
0.000000000000000000e+00
4.303500896414568275e+07
0.000000000000000000e+00
1.519928314064409584e+07
1.711422277024690434e+07
1.235757487749014236e+07
0.000000000000000000e+00
1.519928314064409584e+07
1.958019906625620648e+07
0.000000000000000000e+00
1.650103123593956046e+07
1.711422277024690434e+07
2.239657484594124183e+07
0.000000000000000000e+00
9.535387288139294833e+06
0.000000000000000000e+00
0.000000000000000000e+00
2.159622846149800718e+07
2.241723879752823338e+07
0.000000000000000000e+00
1.713460805296326801e+07
3.687238550167356431e+07
1.120409228153827600e+07
0.000000000000000000e+00
6.394411026348390616e+06
0.000000000000000000e+00
2.169804989331341535e+07
2.831831505178517848e+07
3.372573958088563383e+07
2.702198564890669286e+07
0.000000000000000000e+00
1.511513571990927868e+07
1.711422277024690434e+07
2.630927830586623773e+07
0.000000000000000000e+00
0.000000000000000000e+00
3.245974095582331717e+07
4.645776186764994636e+06
1.235757487749014236e+07
0.000000000000000000e+00
2.448847095465097576e+07
1.713460805296326801e+07
0.000000000000000000e+00
4.645776186764994636e+06
1.318928929646698944e+07
1.875198590383853391e+07
4.811979301678909361e+07
0.000000000000000000e+00
0.000000000000000000e+00
8.083054654213435017e+06
0.000000000000000000e+00
0.000000000000000000e+00
2.164676269149702042e+07
0.000000000000000000e+00
3.973577039791047573e+07
0.000000000000000000e+00
4.043852804536961019e+07
3.421294450459884107e+07
8.367052550266250037e+06
0.000000000000000000e+00
3.227589751381035149e+07
0.000000000000000000e+00
1.101305332668757439e+07
0.000000000000000000e+00
3.455077290188543499e+07
4.645776186764994636e+06
0.000000000000000000e+00
2.350863379659529403e+07
0.000000000000000000e+00
6.498766752669321373e+06
9.755523303125970066e+06
0.000000000000000000e+00
0.000000000000000000e+00
0.000000000000000000e+00
0.000000000000000000e+00
0.000000000000000000e+00
1.876332431452518702e+07
1.876332431452518702e+07
0.000000000000000000e+00
0.000000000000000000e+00
3.718686094341165572e+07
0.000000000000000000e+00
1.235757487749014236e+07
0.000000000000000000e+00
1.114454293943431601e+07
1.520181743514961749e+07
8.083054654213435017e+06
1.711422277024690434e+07
2.714028959968654439e+07
0.000000000000000000e+00
1.876332431452518702e+07
1.612723627299897000e+07
0.000000000000000000e+00
1.940723976337963715e+07
0.000000000000000000e+00
1.822622365165280178e+07
0.000000000000000000e+00
1.998885871067782119e+07
0.000000000000000000e+00
0.000000000000000000e+00
0.000000000000000000e+00
2.830442501637626812e+07
0.000000000000000000e+00
0.000000000000000000e+00
5.541541940693184733e+07
0.000000000000000000e+00
5.685804971745723486e+07
0.000000000000000000e+00
1.662257930751162954e+07
0.000000000000000000e+00
1.519928314064409584e+07
0.000000000000000000e+00
1.520181743514961749e+07
0.000000000000000000e+00
0.000000000000000000e+00
0.000000000000000000e+00
1.520181743514961749e+07
1.662257930751162954e+07
0.000000000000000000e+00
0.000000000000000000e+00
1.534551818557641469e+07
1.235757487749014236e+07
4.541864778662317246e+07
0.000000000000000000e+00
1.520181743514961749e+07
2.997647083051514626e+07
0.000000000000000000e+00
2.635857151226399094e+07
1.534551818557641469e+07
1.235757487749014236e+07
0.000000000000000000e+00
1.842353662888646871e+07
3.097331750983783603e+07
3.793099154798452556e+07
1.842353662888646871e+07
1.511513571990927868e+07
0.000000000000000000e+00
0.000000000000000000e+00
3.167681607012336701e+07
0.000000000000000000e+00
6.578681478572827764e+06
4.645776186764994636e+06
1.822622365165280178e+07
1.876332431452518702e+07
0.000000000000000000e+00
0.000000000000000000e+00
6.426429244889957830e+06
2.763563263419920206e+07
6.426429244889957830e+06
0.000000000000000000e+00
0.000000000000000000e+00
2.356886998541586846e+07
3.342804108680241928e+07
9.755523303125970066e+06
0.000000000000000000e+00
1.581789336736841500e+07
0.000000000000000000e+00
0.000000000000000000e+00
1.650103123593956046e+07
2.637810261063759774e+07
0.000000000000000000e+00
2.515773534087357670e+07
2.733132855453724414e+07
3.930807894060179591e+07
3.334135937156207860e+07
1.650103123593956046e+07
0.000000000000000000e+00
0.000000000000000000e+00
2.834775456895322353e+07
1.612723627299897000e+07
6.578681478572827764e+06
8.083054654213435017e+06
2.830442501637626812e+07
1.120409228153827600e+07
6.338481627089963853e+07
4.338395899252637476e+07
0.000000000000000000e+00
1.101305332668757439e+07
4.988442363347387314e+07
0.000000000000000000e+00
0.000000000000000000e+00
1.318928929646698944e+07
0.000000000000000000e+00
1.928714693575171009e+07
0.000000000000000000e+00
6.498766752669321373e+06
0.000000000000000000e+00
4.930907629447512329e+07
0.000000000000000000e+00
0.000000000000000000e+00
1.534551818557641469e+07
0.000000000000000000e+00
0.000000000000000000e+00
0.000000000000000000e+00
0.000000000000000000e+00
0.000000000000000000e+00
0.000000000000000000e+00
0.000000000000000000e+00
1.876332431452518702e+07
0.000000000000000000e+00
0.000000000000000000e+00
1.101305332668757439e+07
1.713460805296326801e+07
4.943062436604718864e+07
1.711422277024690434e+07
0.000000000000000000e+00
0.000000000000000000e+00
1.662257930751162954e+07
2.184428493824573606e+07
2.770309306306655705e+07
1.771191326865927875e+07
3.834352338078139722e+07
0.000000000000000000e+00
0.000000000000000000e+00
3.342804108680241928e+07
9.289187814006878063e+06
0.000000000000000000e+00
0.000000000000000000e+00
0.000000000000000000e+00
3.807083663407644629e+07
0.000000000000000000e+00
1.822622365165280178e+07
3.195261361099217832e+07
5.166499567213234305e+07
2.487065902303525060e+07
0.000000000000000000e+00
1.114454293943431601e+07
0.000000000000000000e+00
3.480319176904559135e+07
0.000000000000000000e+00
8.083054654213435017e+06
2.161390247257860005e+07
2.449428882326522097e+07
1.740746435303596407e+07
1.519928314064409584e+07
2.955255563747582585e+07
0.000000000000000000e+00
0.000000000000000000e+00
1.435073820232620649e+07
2.252164729934735969e+07
1.520181743514961749e+07
2.301699033386002108e+07
3.553775939913336933e+07
0.000000000000000000e+00
1.645010720447968505e+07
5.436026671665922552e+07
9.755523303125970066e+06
9.755523303125970066e+06
0.000000000000000000e+00
1.520181743514961749e+07
1.120409228153827600e+07
1.534551818557641469e+07
0.000000000000000000e+00
1.318928929646698944e+07
6.578681478572827764e+06
2.306931281565146148e+07
0.000000000000000000e+00
6.578681478572827764e+06
8.367052550266250037e+06
8.083054654213435017e+06
1.279214383859594353e+07
1.822622365165280178e+07
3.489056058752416074e+07
6.498766752669321373e+06
0.000000000000000000e+00
1.876332431452518702e+07
1.650103123593956046e+07
9.535387288139294833e+06
2.557341667049438506e+07
6.498766752669321373e+06
9.615302014042802155e+06
2.287199983841779828e+07
0.000000000000000000e+00
6.498766752669321373e+06
1.122445766533782333e+07
1.120409228153827600e+07
1.662257930751162954e+07
3.580675207804623246e+07
0.000000000000000000e+00
1.876332431452518702e+07
0.000000000000000000e+00
3.274981558051060140e+07
5.065289511904264987e+07
0.000000000000000000e+00
0.000000000000000000e+00
1.519928314064409584e+07
3.196809749308804423e+07
3.458121768189360201e+07
3.661143801818945259e+07
1.783857795733940601e+07
1.998885871067782119e+07
1.662257930751162954e+07
3.085176943826576695e+07
1.842353662888646871e+07
0.000000000000000000e+00
0.000000000000000000e+00
1.842353662888646871e+07
1.235757487749014236e+07
0.000000000000000000e+00
4.943314737355487794e+07
1.435073820232620649e+07
3.182186244815572351e+07
3.196782769684277475e+07
3.036620535469973460e+06
0.000000000000000000e+00
0.000000000000000000e+00
2.770512351747783646e+07
0.000000000000000000e+00
3.914379479211800545e+07
1.822622365165280178e+07
2.759058878635795414e+07
2.659327620191905275e+07
3.477046313452003151e+07
0.000000000000000000e+00
0.000000000000000000e+00
1.783506548323198408e+07
0.000000000000000000e+00
0.000000000000000000e+00
0.000000000000000000e+00
1.318928929646698944e+07
9.289187814006878063e+06
1.650103123593956046e+07
0.000000000000000000e+00
2.352990063101512939e+07
2.440243581245694682e+07
1.711422277024690434e+07
2.390094802158185095e+07
1.318928929646698944e+07
1.101305332668757439e+07
1.235757487749014236e+07
0.000000000000000000e+00
0.000000000000000000e+00
0.000000000000000000e+00
8.367052550266250037e+06
0.000000000000000000e+00
0.000000000000000000e+00
1.822622365165280178e+07
2.301699033386002108e+07
9.289187814006878063e+06
1.783857795733940601e+07
1.876332431452518702e+07
0.000000000000000000e+00
6.426429244889957830e+06
1.318928929646698944e+07
3.974984171949256957e+07
0.000000000000000000e+00
0.000000000000000000e+00
0.000000000000000000e+00
1.650103123593956046e+07
0.000000000000000000e+00
0.000000000000000000e+00
3.647416138583004475e+07
2.173992921192480624e+07
9.755523303125970066e+06
1.581789336736841500e+07
0.000000000000000000e+00
0.000000000000000000e+00
2.307971271451238915e+07
5.341689979748024046e+07
0.000000000000000000e+00
1.101305332668757439e+07
1.534551818557641469e+07
1.999129437234140933e+07
0.000000000000000000e+00
0.000000000000000000e+00
0.000000000000000000e+00
8.083054654213435017e+06
1.650103123593956046e+07
0.000000000000000000e+00
0.000000000000000000e+00
1.822622365165280178e+07
6.570980097146707773e+07
1.235757487749014236e+07
4.169112099131513387e+07
0.000000000000000000e+00
0.000000000000000000e+00
3.277427483121267706e+07
9.755523303125970066e+06
1.842353662888646871e+07
0.000000000000000000e+00
2.500221810745929554e+07
3.409276604119996727e+07
0.000000000000000000e+00
0.000000000000000000e+00
1.120409228153827600e+07
1.581789336736841500e+07
6.498766752669321373e+06
1.842353662888646871e+07
0.000000000000000000e+00
1.235757487749014236e+07
0.000000000000000000e+00
1.120409228153827600e+07
1.612723627299897000e+07
0.000000000000000000e+00
0.000000000000000000e+00
0.000000000000000000e+00
0.000000000000000000e+00
1.120409228153827600e+07
3.146496097257310897e+07
0.000000000000000000e+00
1.121314651598995738e+07
2.465265289654275775e+07
8.083054654213435017e+06
8.083054654213435017e+06
1.121314651598995738e+07
1.101305332668757439e+07
1.713460805296326801e+07
6.498766752669321373e+06
9.755523303125970066e+06
0.000000000000000000e+00
1.711422277024690434e+07
3.534044642189970613e+07
2.463463489744281769e+07
1.976797077503981814e+07
2.369290424881973118e+07
0.000000000000000000e+00
1.700335106425513700e+07
0.000000000000000000e+00
6.498766752669321373e+06
0.000000000000000000e+00
1.998885871067782119e+07
1.534551818557641469e+07
4.786290679652923346e+07
0.000000000000000000e+00
1.581789336736841500e+07
4.645776186764994636e+06
3.097331750983783603e+07
2.126284418712277710e+07
0.000000000000000000e+00
1.961571854135694727e+07
6.498766752669321373e+06
1.235757487749014236e+07
0.000000000000000000e+00
0.000000000000000000e+00
2.635857151226399094e+07
1.713460805296326801e+07
2.480490513022562861e+07
3.357174183722921461e+07
0.000000000000000000e+00
1.581789336736841500e+07
0.000000000000000000e+00
1.121314651598995738e+07
0.000000000000000000e+00
0.000000000000000000e+00
0.000000000000000000e+00
1.121314651598995738e+07
0.000000000000000000e+00
1.121314651598995738e+07
0.000000000000000000e+00
0.000000000000000000e+00
0.000000000000000000e+00
0.000000000000000000e+00
1.114454293943431601e+07
1.435073820232620649e+07
1.121314651598995738e+07
1.662257930751162954e+07
3.536083170461606979e+07
2.997647083051514626e+07
2.463463489744281769e+07
1.318928929646698944e+07
1.842353662888646871e+07
1.318928929646698944e+07
1.581789336736841500e+07
9.755523303125970066e+06
1.760755754233834893e+07
3.900718493587633967e+07
0.000000000000000000e+00
0.000000000000000000e+00
1.534551818557641469e+07
2.832736928623685986e+07
6.498766752669321373e+06
0.000000000000000000e+00
0.000000000000000000e+00
1.662257930751162954e+07
9.289187814006878063e+06
3.458121768189360201e+07
1.235757487749014236e+07
0.000000000000000000e+00
3.195261361099217832e+07
2.044062953170357645e+07
2.684637896873862296e+07
6.578681478572827764e+06
0.000000000000000000e+00
1.822622365165280178e+07
2.077301245976396650e+07
0.000000000000000000e+00
1.612723627299897000e+07
2.494801732745944709e+07
0.000000000000000000e+00
0.000000000000000000e+00
0.000000000000000000e+00
2.421029092721240595e+07
1.984505932740908861e+07
3.404411701902121305e+07
1.318928929646698944e+07
2.848481115048911422e+07
1.822622365165280178e+07
2.097623243323114514e+07
1.612723627299897000e+07
3.046065390548569337e+07
4.019144929292749614e+07
7.599018289346371591e+07
3.589793236748845875e+07
0.000000000000000000e+00
2.126835549427662417e+07
2.684637896873862296e+07
1.713460805296326801e+07
8.083054654213435017e+06
0.000000000000000000e+00
6.498766752669321373e+06
0.000000000000000000e+00
9.289187814006878063e+06
2.832736928623685986e+07
8.083054654213435017e+06
1.713460805296326801e+07
0.000000000000000000e+00
0.000000000000000000e+00
3.538590362203681469e+07
1.965919984298160300e+07
1.519928314064409584e+07
0.000000000000000000e+00
2.637810261063759774e+07
4.645776186764994636e+06
1.511513571990927868e+07
6.498766752669321373e+06
1.511513571990927868e+07
0.000000000000000000e+00
0.000000000000000000e+00
1.760755754233834893e+07
0.000000000000000000e+00
1.289317777901771292e+07
2.463463489744281769e+07
4.645776186764994636e+06
0.000000000000000000e+00
0.000000000000000000e+00
1.662257930751162954e+07
0.000000000000000000e+00
1.120409228153827600e+07
0.000000000000000000e+00
6.498766752669321373e+06
3.587754708477209508e+07
5.826378123293747753e+07
0.000000000000000000e+00
1.822622365165280178e+07
2.733132855453724414e+07
2.239657484594124183e+07
8.367052550266250037e+06
0.000000000000000000e+00
2.440243581245694682e+07
4.281691820689173788e+07
2.650659128309990466e+07
0.000000000000000000e+00
0.000000000000000000e+00
2.357072139348009974e+07
1.662257930751162954e+07
0.000000000000000000e+00
0.000000000000000000e+00
0.000000000000000000e+00
0.000000000000000000e+00
2.175999895701190084e+07
0.000000000000000000e+00
2.284451823082807660e+07
1.711422277024690434e+07
1.612723627299897000e+07
0.000000000000000000e+00
0.000000000000000000e+00
0.000000000000000000e+00
0.000000000000000000e+00
0.000000000000000000e+00
6.498766752669321373e+06
9.755523303125970066e+06
0.000000000000000000e+00
2.481794765523485839e+07
0.000000000000000000e+00
6.394411026348390616e+06
2.782667158904990554e+07
1.822622365165280178e+07
6.498766752669321373e+06
1.520181743514961749e+07
0.000000000000000000e+00
5.779767691631343961e+07
0.000000000000000000e+00
1.101305332668757439e+07
1.876332431452518702e+07
1.743948257157753408e+07
1.876332431452518702e+07
3.373680207775853574e+07
9.755523303125970066e+06
1.511513571990927868e+07
0.000000000000000000e+00
2.231666012003773451e+07
0.000000000000000000e+00
1.235757487749014236e+07
1.822622365165280178e+07
3.435345992465177178e+07
0.000000000000000000e+00
4.019330070099172741e+07
1.842353662888646871e+07
2.159369416699248552e+07
0.000000000000000000e+00
1.585892270275495201e+07
0.000000000000000000e+00
6.394411026348390616e+06
0.000000000000000000e+00
0.000000000000000000e+00
1.435073820232620649e+07
4.697900571126473695e+07
4.645776186764994636e+06
2.641242965663405508e+07
0.000000000000000000e+00
2.150954674625767022e+07
6.498766752669321373e+06
6.426429244889957830e+06
0.000000000000000000e+00
4.107998443456292152e+07
1.612723627299897000e+07
1.650103123593956046e+07
1.318928929646698944e+07
1.534551818557641469e+07
1.120409228153827600e+07
0.000000000000000000e+00
0.000000000000000000e+00
1.650103123593956046e+07
1.435073820232620649e+07
0.000000000000000000e+00
6.394411026348390616e+06
0.000000000000000000e+00
0.000000000000000000e+00
1.928714693575171009e+07
1.662257930751162954e+07
1.393496400077187270e+07
1.534551818557641469e+07
0.000000000000000000e+00
1.612723627299897000e+07
1.466173613278626278e+07
3.036620535469973460e+06
1.539419541296011582e+07
0.000000000000000000e+00
2.173992921192480624e+07
1.760755754233834893e+07
2.526209106719450653e+07
2.947179764773704857e+07
3.822476238679189235e+07
4.655081272582094371e+07
2.320126078608445823e+07
0.000000000000000000e+00
1.520181743514961749e+07
1.581789336736841500e+07
0.000000000000000000e+00
3.489056058752416074e+07
3.036620535469973460e+06
1.772322441800714284e+07
3.404411701902121305e+07
0.000000000000000000e+00
3.435345992465177178e+07
2.770309306306655705e+07
2.559028605335890129e+07
0.000000000000000000e+00
1.612723627299897000e+07
0.000000000000000000e+00
2.312134606018095091e+07
1.876332431452518702e+07
1.822622365165280178e+07
1.101305332668757439e+07
0.000000000000000000e+00
0.000000000000000000e+00
0.000000000000000000e+00
4.121194700285495818e+07
2.943658995557404310e+07
4.844074218388997018e+07
0.000000000000000000e+00
1.650103123593956046e+07
4.706026536027666926e+07
1.101305332668757439e+07
0.000000000000000000e+00
3.704610237339535356e+07
2.003997159972511232e+07
2.150954674625767022e+07
0.000000000000000000e+00
2.350863379659529403e+07
0.000000000000000000e+00
1.318928929646698944e+07
1.842353662888646871e+07
8.367052550266250037e+06
0.000000000000000000e+00
0.000000000000000000e+00
0.000000000000000000e+00
1.534551818557641469e+07
1.842353662888646871e+07
1.842353662888646871e+07
6.394411026348390616e+06
0.000000000000000000e+00
1.998885871067782119e+07
1.235757487749014236e+07
0.000000000000000000e+00
0.000000000000000000e+00
1.876332431452518702e+07
0.000000000000000000e+00
0.000000000000000000e+00
4.578117437913267314e+07
1.822622365165280178e+07
1.235757487749014236e+07
1.876332431452518702e+07
1.876332431452518702e+07
0.000000000000000000e+00
1.121314651598995738e+07
4.645776186764994636e+06
0.000000000000000000e+00
2.640590971668789536e+07
3.085176943826576695e+07
0.000000000000000000e+00
1.612723627299897000e+07
0.000000000000000000e+00
1.876332431452518702e+07
0.000000000000000000e+00
2.222619984267753363e+07
1.466173613278626278e+07
0.000000000000000000e+00
0.000000000000000000e+00
1.534551818557641469e+07
1.876332431452518702e+07
1.612723627299897000e+07
0.000000000000000000e+00
0.000000000000000000e+00
0.000000000000000000e+00
3.231892460330797732e+07
1.876332431452518702e+07
0.000000000000000000e+00
1.120409228153827600e+07
3.231350591089100018e+07
2.805251212853206694e+07
0.000000000000000000e+00
3.789139021746306866e+07
1.520181743514961749e+07
1.614993432947435975e+07
0.000000000000000000e+00
3.577681327735402435e+07
3.245974095582331717e+07
2.462063467800119147e+07
1.713460805296326801e+07
3.231604020539652184e+07
0.000000000000000000e+00
0.000000000000000000e+00
1.534551818557641469e+07
4.253966592963302135e+07
1.662257930751162954e+07
1.120409228153827600e+07
1.876332431452518702e+07
1.318928929646698944e+07
1.318928929646698944e+07
1.435073820232620649e+07
1.711422277024690434e+07
2.241723879752823338e+07
1.520181743514961749e+07
1.519928314064409584e+07
3.717552253272499889e+07
0.000000000000000000e+00
6.426429244889957830e+06
1.435073820232620649e+07
8.083054654213435017e+06
1.650103123593956046e+07
1.520181743514961749e+07
0.000000000000000000e+00
0.000000000000000000e+00
0.000000000000000000e+00
0.000000000000000000e+00
0.000000000000000000e+00
1.711422277024690434e+07
0.000000000000000000e+00
3.233389119360736385e+07
1.842353662888646871e+07
4.430629620501141250e+07
0.000000000000000000e+00
4.489213796755617112e+07
0.000000000000000000e+00
0.000000000000000000e+00
1.822622365165280178e+07
0.000000000000000000e+00
1.842353662888646871e+07
0.000000000000000000e+00
2.487065902303525060e+07
0.000000000000000000e+00
1.511513571990927868e+07
0.000000000000000000e+00
3.742801727782715112e+07
2.996741659606346488e+07
6.394411026348390616e+06
0.000000000000000000e+00
2.170058418781893700e+07
1.101305332668757439e+07
0.000000000000000000e+00
1.534551818557641469e+07
1.612723627299897000e+07
0.000000000000000000e+00
1.511513571990927868e+07
2.518975355941514671e+07
1.779182799456278607e+07
2.270591775157179683e+07
3.615893388737975061e+07
0.000000000000000000e+00
1.121314651598995738e+07
0.000000000000000000e+00
2.470563396172506362e+07
0.000000000000000000e+00
1.763052152642823383e+07
0.000000000000000000e+00
1.279214383859594353e+07
1.713460805296326801e+07
0.000000000000000000e+00
0.000000000000000000e+00
4.645776186764994636e+06
1.101305332668757439e+07
1.763052152642823383e+07
2.252164729934735969e+07
0.000000000000000000e+00
1.272883084097842872e+07
1.711422277024690434e+07
1.581789336736841500e+07
3.924646620715826750e+07
1.822622365165280178e+07
1.998885871067782119e+07
1.876332431452518702e+07
0.000000000000000000e+00
0.000000000000000000e+00
1.435073820232620649e+07
1.519928314064409584e+07
0.000000000000000000e+00
1.662257930751162954e+07
0.000000000000000000e+00
1.876332431452518702e+07
1.120409228153827600e+07
0.000000000000000000e+00
1.612723627299897000e+07
3.036620535469973460e+06
3.213351196243730932e+07
1.842353662888646871e+07
0.000000000000000000e+00
2.848481115048911422e+07
1.662257930751162954e+07
2.126835549427662417e+07
0.000000000000000000e+00
8.083054654213435017e+06
1.713460805296326801e+07
0.000000000000000000e+00
1.713460805296326801e+07
0.000000000000000000e+00
1.120409228153827600e+07
0.000000000000000000e+00
0.000000000000000000e+00
0.000000000000000000e+00
0.000000000000000000e+00
1.101305332668757439e+07
2.363337480563259125e+07
0.000000000000000000e+00
0.000000000000000000e+00
1.120409228153827600e+07
3.238152632879426330e+07
0.000000000000000000e+00
1.435073820232620649e+07
3.036620535469973460e+06
9.431031561818365008e+06
1.743948257157753408e+07
1.822622365165280178e+07
2.114680742270455509e+07
0.000000000000000000e+00
0.000000000000000000e+00
1.581789336736841500e+07
1.822622365165280178e+07
0.000000000000000000e+00
1.711422277024690434e+07
0.000000000000000000e+00
0.000000000000000000e+00
1.650103123593956046e+07
2.955002134297030419e+07
4.540328262939684093e+07
0.000000000000000000e+00
1.121314651598995738e+07
9.755523303125970066e+06
0.000000000000000000e+00
0.000000000000000000e+00
1.578795456667619944e+07
2.943031593319107592e+07
9.289187814006878063e+06
4.531293478163987398e+07
0.000000000000000000e+00
1.235757487749014236e+07
0.000000000000000000e+00
1.711422277024690434e+07
1.842353662888646871e+07
0.000000000000000000e+00
2.831831505178517848e+07
3.387846003443446755e+07
0.000000000000000000e+00
1.998885871067782119e+07
3.357174183722921461e+07
0.000000000000000000e+00
6.394411026348390616e+06
0.000000000000000000e+00
1.120409228153827600e+07
2.342857283978984877e+07
0.000000000000000000e+00
0.000000000000000000e+00
8.083054654213435017e+06
1.519928314064409584e+07
1.121314651598995738e+07
1.662257930751162954e+07
0.000000000000000000e+00
0.000000000000000000e+00
4.701989859403619170e+07
0.000000000000000000e+00
1.998885871067782119e+07
1.307744823124215007e+07
0.000000000000000000e+00
3.182186244815572351e+07
1.842353662888646871e+07
0.000000000000000000e+00
1.842353662888646871e+07
2.807191336489125714e+07
1.662257930751162954e+07
1.822622365165280178e+07
9.755523303125970066e+06
6.498766752669321373e+06
3.324145904324587435e+07
1.534551818557641469e+07
0.000000000000000000e+00
0.000000000000000000e+00
9.755523303125970066e+06
0.000000000000000000e+00
0.000000000000000000e+00
0.000000000000000000e+00
2.077716744721616432e+07
4.645776186764994636e+06
0.000000000000000000e+00
2.255366551788892597e+07
6.351514317931089550e+07
3.342550679229689762e+07
3.194512964036738500e+07
2.981186860397861898e+07
5.166800078388240188e+07
0.000000000000000000e+00
0.000000000000000000e+00
1.662257930751162954e+07
1.121314651598995738e+07
2.923927697834037617e+07
8.083054654213435017e+06
4.445460555923582613e+07
0.000000000000000000e+00
0.000000000000000000e+00
0.000000000000000000e+00
0.000000000000000000e+00
2.222619984267753363e+07
4.359038987226070464e+07
1.235757487749014236e+07
2.747271059739942104e+07
1.612723627299897000e+07
0.000000000000000000e+00
0.000000000000000000e+00
3.648988994661737978e+07
0.000000000000000000e+00
0.000000000000000000e+00
1.822622365165280178e+07
0.000000000000000000e+00
0.000000000000000000e+00
4.499107681813712418e+07
2.770309306306655705e+07
2.997647083051514626e+07
1.318928929646698944e+07
1.235757487749014236e+07
2.356166715902841836e+07
4.151109574101585150e+07
6.394411026348390616e+06
0.000000000000000000e+00
1.713460805296326801e+07
1.650103123593956046e+07
3.697966738037236035e+07
0.000000000000000000e+00
3.504611593639809638e+07
0.000000000000000000e+00
4.645776186764994636e+06
1.662257930751162954e+07
0.000000000000000000e+00
1.272883084097842872e+07
0.000000000000000000e+00
1.318928929646698944e+07
0.000000000000000000e+00
0.000000000000000000e+00
4.545457651224484295e+07
6.498766752669321373e+06
8.083054654213435017e+06
8.367052550266250037e+06
0.000000000000000000e+00
6.498766752669321373e+06
2.641496395113957673e+07
0.000000000000000000e+00
0.000000000000000000e+00
4.823874626336047053e+07
8.083054654213435017e+06
2.241723879752823338e+07
3.036620535469973460e+06
1.909610798090101033e+07
0.000000000000000000e+00
1.534551818557641469e+07
1.121314651598995738e+07
1.984759362191461027e+07
0.000000000000000000e+00
0.000000000000000000e+00
1.101305332668757439e+07
0.000000000000000000e+00
1.711422277024690434e+07
0.000000000000000000e+00
1.713460805296326801e+07
0.000000000000000000e+00
1.121314651598995738e+07
1.612723627299897000e+07
0.000000000000000000e+00
5.646048580200234801e+07
6.426429244889957830e+06
0.000000000000000000e+00
2.612818904659685493e+07
2.421029092721240595e+07
0.000000000000000000e+00
1.519928314064409584e+07
3.752242482185619324e+07
0.000000000000000000e+00
1.612723627299897000e+07
1.318928929646698944e+07
3.375718736047489941e+07
6.498766752669321373e+06
0.000000000000000000e+00
1.711422277024690434e+07
1.998885871067782119e+07
0.000000000000000000e+00
4.900018888501465321e+07
6.578681478572827764e+06
4.169112099131513387e+07
1.581789336736841500e+07
4.645776186764994636e+06
1.713460805296326801e+07
1.121314651598995738e+07
2.361298952291622758e+07
1.650103123593956046e+07
1.711422277024690434e+07
2.771417775192951784e+07
0.000000000000000000e+00
0.000000000000000000e+00
4.819364024771626294e+07
1.822622365165280178e+07
3.659838979775717109e+07
2.703103988335837424e+07
1.998885871067782119e+07
0.000000000000000000e+00
3.036620535469973460e+06
8.367052550266250037e+06
1.822622365165280178e+07
0.000000000000000000e+00
5.906458731732615829e+07
1.842353662888646871e+07
1.612723627299897000e+07
6.578681478572827764e+06
1.876332431452518702e+07
1.842353662888646871e+07
2.072462742775639147e+07
1.650103123593956046e+07
0.000000000000000000e+00
4.645776186764994636e+06
1.318928929646698944e+07
6.426429244889957830e+06
0.000000000000000000e+00
4.645776186764994636e+06
2.161390247257860005e+07
4.572576062132791430e+07
1.650103123593956046e+07
2.751541146565967798e+07
1.842353662888646871e+07
9.289187814006878063e+06
1.101305332668757439e+07
0.000000000000000000e+00
0.000000000000000000e+00
0.000000000000000000e+00
2.302878868305251375e+07
4.101596088551689684e+07
4.517828826566476375e+07
3.093302908727769554e+07
3.387846003443446755e+07
1.435073820232620649e+07
2.782667158904990554e+07
0.000000000000000000e+00
0.000000000000000000e+00
0.000000000000000000e+00
0.000000000000000000e+00
1.519928314064409584e+07
1.822622365165280178e+07
1.519928314064409584e+07
6.498766752669321373e+06
0.000000000000000000e+00
0.000000000000000000e+00
1.783857795733940601e+07
1.235757487749014236e+07
0.000000000000000000e+00
1.520181743514961749e+07
0.000000000000000000e+00
0.000000000000000000e+00
1.120409228153827600e+07
0.000000000000000000e+00
3.427899252837821841e+07
4.645776186764994636e+06
4.645776186764994636e+06
8.367052550266250037e+06
0.000000000000000000e+00
1.842353662888646871e+07
1.519928314064409584e+07
1.650103123593956046e+07
0.000000000000000000e+00
2.519727742446034029e+07
3.270687052516968176e+07
0.000000000000000000e+00
0.000000000000000000e+00
1.120409228153827600e+07
1.662257930751162954e+07
0.000000000000000000e+00
1.650103123593956046e+07
6.498766752669321373e+06
1.822622365165280178e+07
3.119295099221609533e+07
0.000000000000000000e+00
0.000000000000000000e+00
1.101305332668757439e+07
0.000000000000000000e+00
1.612723627299897000e+07
3.561358238944898546e+07
1.101305332668757439e+07
1.842353662888646871e+07
3.712346676364108920e+07
2.449428882326522097e+07
1.520181743514961749e+07
2.646519337525982410e+07
1.121314651598995738e+07
0.000000000000000000e+00
4.294827023215985298e+07
1.235757487749014236e+07
0.000000000000000000e+00
2.534200579309801385e+07
3.277427483121267706e+07
0.000000000000000000e+00
8.367052550266250037e+06
2.044062953170357645e+07
5.411609986507572234e+07
0.000000000000000000e+00
4.696001999051178992e+07
1.121314651598995738e+07
0.000000000000000000e+00
2.955002134297030419e+07
0.000000000000000000e+00
9.755523303125970066e+06
0.000000000000000000e+00
2.734038278898892552e+07
0.000000000000000000e+00
3.712346676364108920e+07
1.235757487749014236e+07
0.000000000000000000e+00
0.000000000000000000e+00
0.000000000000000000e+00
0.000000000000000000e+00
0.000000000000000000e+00
1.822622365165280178e+07
1.235757487749014236e+07
2.914421999748241529e+07
2.595878735552665219e+07
1.650103123593956046e+07
0.000000000000000000e+00
0.000000000000000000e+00
1.121314651598995738e+07
0.000000000000000000e+00
0.000000000000000000e+00
6.394411026348390616e+06
3.788723523001086712e+07
0.000000000000000000e+00
1.711422277024690434e+07
3.526435555046474934e+07
0.000000000000000000e+00
1.121314651598995738e+07
0.000000000000000000e+00
1.318928929646698944e+07
2.805251212853206694e+07
0.000000000000000000e+00
4.645776186764994636e+06
0.000000000000000000e+00
0.000000000000000000e+00
2.969032053240654990e+07
0.000000000000000000e+00
0.000000000000000000e+00
0.000000000000000000e+00
2.771272444289334863e+07
3.789918370346534252e+07
1.822622365165280178e+07
1.842353662888646871e+07
2.173992921192480624e+07
1.822622365165280178e+07
0.000000000000000000e+00
0.000000000000000000e+00
1.822622365165280178e+07
1.612723627299897000e+07
0.000000000000000000e+00
2.173992921192480624e+07
6.394411026348390616e+06
1.711422277024690434e+07
4.136834922847943008e+07
0.000000000000000000e+00
2.319819037412271276e+07
1.822622365165280178e+07
0.000000000000000000e+00
1.235757487749014236e+07
1.235757487749014236e+07
3.587754708477209508e+07
0.000000000000000000e+00
1.876332431452518702e+07
3.854370855969912559e+07
6.498766752669321373e+06
1.235757487749014236e+07
0.000000000000000000e+00
3.553775939913336933e+07
1.838213872104638815e+07
0.000000000000000000e+00
3.120200522666777670e+07
1.998885871067782119e+07
1.612723627299897000e+07
0.000000000000000000e+00
2.046366955413340777e+07
0.000000000000000000e+00
1.121314651598995738e+07
2.943658995557404310e+07
1.876332431452518702e+07
2.221714560822585225e+07
3.970229202202402055e+07
1.534551818557641469e+07
4.477024068716247380e+07
0.000000000000000000e+00
1.520181743514961749e+07
1.534551818557641469e+07
1.534551818557641469e+07
1.435073820232620649e+07
0.000000000000000000e+00
3.116341155294483155e+07
0.000000000000000000e+00
2.312134606018095091e+07
5.145381968325093389e+07
0.000000000000000000e+00
2.655866470156637207e+07
0.000000000000000000e+00
3.875218302520300448e+07
1.235757487749014236e+07
1.511513571990927868e+07
0.000000000000000000e+00
2.526209106719450653e+07
6.394411026348390616e+06
2.177194743046637252e+07
0.000000000000000000e+00
3.141551294811978936e+07
6.498766752669321373e+06
2.463463489744281769e+07
4.338096029795604199e+07
1.822622365165280178e+07
2.807191336489125714e+07
8.083054654213435017e+06
1.318928929646698944e+07
0.000000000000000000e+00
5.451074237105782330e+07
1.307744823124215007e+07
1.650103123593956046e+07
0.000000000000000000e+00
6.498766752669321373e+06
1.318928929646698944e+07
3.179562539005609974e+07
0.000000000000000000e+00
1.876332431452518702e+07
0.000000000000000000e+00
8.083054654213435017e+06
0.000000000000000000e+00
0.000000000000000000e+00
1.519928314064409584e+07
1.842353662888646871e+07
2.659327620191905275e+07
4.710055378283680975e+07
2.817546824485855550e+07
0.000000000000000000e+00
4.645776186764994636e+06
0.000000000000000000e+00
0.000000000000000000e+00
5.012385100547012687e+07
0.000000000000000000e+00
1.120409228153827600e+07
8.083054654213435017e+06
1.650103123593956046e+07
6.426429244889957830e+06
3.983645233259243518e+07
1.511513571990927868e+07
1.101305332668757439e+07
0.000000000000000000e+00
1.713460805296326801e+07
0.000000000000000000e+00
5.694440049581821263e+07
2.498963185777787864e+07
0.000000000000000000e+00
1.711422277024690434e+07
2.943658995557404310e+07
6.498766752669321373e+06
5.434231863532958925e+07
0.000000000000000000e+00
1.662257930751162954e+07
1.998885871067782119e+07
1.842353662888646871e+07
1.581789336736841500e+07
3.146496097257310897e+07
1.235757487749014236e+07
0.000000000000000000e+00
0.000000000000000000e+00
0.000000000000000000e+00
0.000000000000000000e+00
2.963668314487642795e+07
0.000000000000000000e+00
6.394411026348390616e+06
1.534551818557641469e+07
3.811159267802277952e+07
0.000000000000000000e+00
3.895540101318499446e+07
1.738735873779617995e+07
4.232499147355360538e+07
0.000000000000000000e+00
2.751541146565967798e+07
1.876332431452518702e+07
1.235757487749014236e+07
1.876332431452518702e+07
0.000000000000000000e+00
2.832736928623685986e+07
2.270591775157179683e+07
3.498923414646214992e+07
0.000000000000000000e+00
1.581789336736841500e+07
1.101305332668757439e+07
2.754002749879319593e+07
2.754002749879319593e+07
1.121314651598995738e+07
1.120409228153827600e+07
0.000000000000000000e+00
0.000000000000000000e+00
0.000000000000000000e+00
0.000000000000000000e+00
1.612723627299897000e+07
1.998885871067782119e+07
4.645776186764994636e+06
1.612723627299897000e+07
1.612723627299897000e+07
0.000000000000000000e+00
2.289544226228795201e+07
1.711422277024690434e+07
1.650103123593956046e+07
0.000000000000000000e+00
0.000000000000000000e+00
3.661143801818945259e+07
1.662257930751162954e+07
4.090346704839650542e+07
1.120409228153827600e+07
1.120409228153827600e+07
4.846912872902760655e+07
6.394411026348390616e+06
2.162571238553405553e+07
3.186917036719071120e+07
1.581789336736841500e+07
2.342857283978984877e+07
1.450948389910339192e+07
1.822622365165280178e+07
0.000000000000000000e+00
2.755939231263975799e+07
1.999129437234140933e+07
2.621487076183719188e+07
2.306931281565146148e+07
0.000000000000000000e+00
0.000000000000000000e+00
3.455077290188543499e+07
0.000000000000000000e+00
1.519928314064409584e+07
0.000000000000000000e+00
3.036620535469973460e+06
1.534551818557641469e+07
1.842353662888646871e+07
1.876332431452518702e+07
1.842353662888646871e+07
0.000000000000000000e+00
0.000000000000000000e+00
0.000000000000000000e+00
1.612723627299897000e+07
0.000000000000000000e+00
0.000000000000000000e+00
1.520181743514961749e+07
3.060470195356079563e+07
1.998885871067782119e+07
0.000000000000000000e+00
0.000000000000000000e+00
1.122445766533782333e+07
3.396260745516928285e+07
0.000000000000000000e+00
9.289187814006878063e+06
0.000000000000000000e+00
0.000000000000000000e+00
1.534551818557641469e+07
9.755523303125970066e+06
2.556388471831616387e+07
3.231892460330797732e+07
0.000000000000000000e+00
1.511513571990927868e+07
3.116341155294483155e+07
9.755523303125970066e+06
8.083054654213435017e+06
0.000000000000000000e+00
3.338889810875856131e+07
1.435073820232620649e+07
0.000000000000000000e+00
2.981186860397861898e+07
0.000000000000000000e+00
3.132905370814858750e+07
1.534551818557641469e+07
1.581789336736841500e+07
0.000000000000000000e+00
1.662257930751162954e+07
0.000000000000000000e+00
0.000000000000000000e+00
1.511513571990927868e+07
1.447746568056182563e+07
1.101305332668757439e+07
0.000000000000000000e+00
1.822622365165280178e+07
3.036620535469973460e+06
0.000000000000000000e+00
0.000000000000000000e+00
1.519928314064409584e+07
0.000000000000000000e+00
4.645776186764994636e+06
0.000000000000000000e+00
2.462063467800119147e+07
9.289187814006878063e+06
0.000000000000000000e+00
1.650103123593956046e+07
0.000000000000000000e+00
3.199303429515136778e+07
2.621233646733167022e+07
0.000000000000000000e+00
8.367052550266250037e+06
6.498766752669321373e+06
2.410626150545217842e+07
8.083054654213435017e+06
1.534551818557641469e+07
3.953190094433873147e+07
4.732018726521506906e+07
1.534551818557641469e+07
0.000000000000000000e+00
8.083054654213435017e+06
9.755523303125970066e+06
2.969032053240654990e+07
0.000000000000000000e+00
5.065289511904264987e+07
6.394411026348390616e+06
0.000000000000000000e+00
2.306931281565146148e+07
9.755523303125970066e+06
0.000000000000000000e+00
1.235757487749014236e+07
3.100191203736539558e+07
0.000000000000000000e+00
0.000000000000000000e+00
0.000000000000000000e+00
3.375718736047489941e+07
2.463470599958329275e+07
2.693939628437289968e+07
1.998885871067782119e+07
0.000000000000000000e+00
0.000000000000000000e+00
3.036620535469973460e+06
1.842353662888646871e+07
1.965919984298160300e+07
8.083054654213435017e+06
0.000000000000000000e+00
2.943937016764275730e+07
1.713460805296326801e+07
0.000000000000000000e+00
2.495734073827558756e+07
1.101305332668757439e+07
4.816432695553638041e+07
0.000000000000000000e+00
1.581789336736841500e+07
0.000000000000000000e+00
2.798174695477877185e+07
0.000000000000000000e+00
3.078111150637660921e+07
6.498766752669321373e+06
9.755523303125970066e+06
3.164939034512378275e+07
1.711422277024690434e+07
1.235757487749014236e+07
0.000000000000000000e+00
3.036620535469973460e+06
1.519928314064409584e+07
6.498766752669321373e+06
1.822622365165280178e+07
1.998885871067782119e+07
3.710308148092472553e+07
3.293211613761531934e+07
3.036620535469973460e+06
1.711422277024690434e+07
1.120409228153827600e+07
3.274981558051060140e+07
2.960311692504058033e+07
1.842353662888646871e+07
5.104443054497133195e+07
0.000000000000000000e+00
7.254206344766470790e+07
0.000000000000000000e+00
0.000000000000000000e+00
6.259540819118823856e+07
1.318928929646698944e+07
3.097331750983783603e+07
4.785021694354549050e+07
1.771191326865927875e+07
1.662257930751162954e+07
0.000000000000000000e+00
1.122445766533782333e+07
1.120409228153827600e+07
1.612723627299897000e+07
1.307744823124215007e+07
0.000000000000000000e+00
1.424071281700824946e+07
6.498766752669321373e+06
7.296075535770685971e+07
1.612723627299897000e+07
6.426429244889957830e+06
0.000000000000000000e+00
3.147275445857538283e+07
1.519928314064409584e+07
3.785937199892149866e+07
3.036620535469973460e+06
1.614993432947435975e+07
2.178038423972826451e+07
0.000000000000000000e+00
2.949218293045341223e+07
1.235757487749014236e+07
0.000000000000000000e+00
0.000000000000000000e+00
0.000000000000000000e+00
0.000000000000000000e+00
1.114454293943431601e+07
0.000000000000000000e+00
0.000000000000000000e+00
1.101305332668757439e+07
2.885860611342970282e+07
0.000000000000000000e+00
1.121314651598995738e+07
0.000000000000000000e+00
3.613544989754574746e+07
6.498766752669321373e+06
6.394411026348390616e+06
0.000000000000000000e+00
0.000000000000000000e+00
5.489769801471651345e+07
1.101305332668757439e+07
4.514257563464409113e+07
3.326184432596223801e+07
1.476146357661464065e+07
0.000000000000000000e+00
0.000000000000000000e+00
1.511513571990927868e+07
1.584986846830327064e+07
0.000000000000000000e+00
1.612723627299897000e+07
0.000000000000000000e+00
8.083054654213435017e+06
1.876332431452518702e+07
9.755523303125970066e+06
8.083054654213435017e+06
0.000000000000000000e+00
2.962762891042474657e+07
0.000000000000000000e+00
0.000000000000000000e+00
0.000000000000000000e+00
8.367052550266250037e+06
3.260928178818558156e+07
1.235757487749014236e+07
3.760632952860662341e+07
0.000000000000000000e+00
4.714200860222788155e+07
3.248012623853968084e+07
0.000000000000000000e+00
9.755523303125970066e+06
0.000000000000000000e+00
6.426429244889957830e+06
0.000000000000000000e+00
0.000000000000000000e+00
1.612723627299897000e+07
0.000000000000000000e+00
1.235757487749014236e+07
4.854058662961604446e+07
3.489056058752416074e+07
1.519928314064409584e+07
1.101305332668757439e+07
2.689013135608923808e+07
0.000000000000000000e+00
0.000000000000000000e+00
1.645010720447968505e+07
2.670831307981634885e+07
0.000000000000000000e+00
1.104018721311338618e+07
0.000000000000000000e+00
0.000000000000000000e+00
0.000000000000000000e+00
8.367052550266250037e+06
0.000000000000000000e+00
1.842353662888646871e+07
3.170031437658365816e+07
0.000000000000000000e+00
6.394411026348390616e+06
2.169804989331341535e+07
0.000000000000000000e+00
0.000000000000000000e+00
3.396514174967480451e+07
1.662257930751162954e+07
3.510399443058709800e+07
0.000000000000000000e+00
0.000000000000000000e+00
0.000000000000000000e+00
1.876332431452518702e+07
2.154156496479923651e+07
0.000000000000000000e+00
0.000000000000000000e+00
0.000000000000000000e+00
0.000000000000000000e+00
1.876332431452518702e+07
3.498175017583735287e+07
0.000000000000000000e+00
1.650103123593956046e+07
0.000000000000000000e+00
0.000000000000000000e+00
0.000000000000000000e+00
3.036620535469973460e+06
3.780364250584029406e+07
1.929620117020339146e+07
0.000000000000000000e+00
1.235757487749014236e+07
1.968805604913631082e+07
0.000000000000000000e+00
1.645010720447968505e+07
3.695928209765599668e+07
1.711422277024690434e+07
1.534551818557641469e+07
0.000000000000000000e+00
2.900718266383540630e+07
1.534551818557641469e+07
4.041948014232632518e+07
1.650103123593956046e+07
0.000000000000000000e+00
1.120409228153827600e+07
2.684637896873862296e+07
1.771191326865927875e+07
1.998885871067782119e+07
0.000000000000000000e+00
0.000000000000000000e+00
2.955255563747582585e+07
1.842353662888646871e+07
1.585892270275495201e+07
2.294481259959296137e+07
2.865262908756748959e+07
1.120409228153827600e+07
1.121314651598995738e+07
0.000000000000000000e+00
2.977637764121276140e+07
1.534551818557641469e+07
2.221230439371680468e+07
0.000000000000000000e+00
1.650103123593956046e+07
1.662257930751162954e+07
0.000000000000000000e+00
0.000000000000000000e+00
1.301282873703124374e+07
3.455077290188543499e+07
6.426429244889957830e+06
0.000000000000000000e+00
0.000000000000000000e+00
0.000000000000000000e+00
0.000000000000000000e+00
2.304900855240158737e+07
8.083054654213435017e+06
4.179416483306418359e+07
0.000000000000000000e+00
6.394411026348390616e+06
1.581789336736841500e+07
1.713460805296326801e+07
0.000000000000000000e+00
3.036620535469973460e+06
2.449100524915649742e+07
1.581789336736841500e+07
3.224974377287254483e+07
2.782667158904990554e+07
1.235757487749014236e+07
1.101305332668757439e+07
1.318928929646698944e+07
1.511513571990927868e+07
6.394411026348390616e+06
2.632828223589923605e+07
1.876332431452518702e+07
0.000000000000000000e+00
1.520181743514961749e+07
0.000000000000000000e+00
0.000000000000000000e+00
0.000000000000000000e+00
0.000000000000000000e+00
1.822622365165280178e+07
2.588275957612494007e+07
0.000000000000000000e+00
1.998885871067782119e+07
0.000000000000000000e+00
1.101305332668757439e+07
0.000000000000000000e+00
6.394411026348390616e+06
6.394411026348390616e+06
9.755523303125970066e+06
1.511513571990927868e+07
8.367052550266250037e+06
2.943031593319107592e+07
0.000000000000000000e+00
0.000000000000000000e+00
1.301282873703124374e+07
6.498766752669321373e+06
2.751408456262713671e+07
0.000000000000000000e+00
6.394411026348390616e+06
5.801190664770510793e+07
1.121314651598995738e+07
1.121314651598995738e+07
1.511513571990927868e+07
1.511513571990927868e+07
0.000000000000000000e+00
0.000000000000000000e+00
1.822622365165280178e+07
4.021617720861166716e+07
0.000000000000000000e+00
1.282084027123834938e+07
1.842353662888646871e+07
8.083054654213435017e+06
1.822622365165280178e+07
0.000000000000000000e+00
3.173771502742090821e+07
9.755523303125970066e+06
2.963668314487642795e+07
1.121314651598995738e+07
3.875218302520300448e+07
1.650103123593956046e+07
1.520181743514961749e+07
1.519928314064409584e+07
3.396260745516928285e+07
1.713460805296326801e+07
0.000000000000000000e+00
0.000000000000000000e+00
0.000000000000000000e+00
1.435073820232620649e+07
2.949218293045341223e+07
0.000000000000000000e+00
1.876332431452518702e+07
0.000000000000000000e+00
0.000000000000000000e+00
1.650103123593956046e+07
1.998885871067782119e+07
4.645776186764994636e+06
4.157992004578721523e+07
1.121314651598995738e+07
2.170058418781893700e+07
0.000000000000000000e+00
1.612723627299897000e+07
3.553775939913336933e+07
9.755523303125970066e+06
6.578681478572827764e+06
1.842353662888646871e+07
0.000000000000000000e+00
0.000000000000000000e+00
0.000000000000000000e+00
1.120409228153827600e+07
2.224432261225837469e+07
6.220820875374083966e+07
1.662257930751162954e+07
2.337062820417771488e+07
3.222935849015618116e+07
0.000000000000000000e+00
0.000000000000000000e+00
0.000000000000000000e+00
0.000000000000000000e+00
0.000000000000000000e+00
6.498766752669321373e+06
3.349727444095566869e+07
1.534551818557641469e+07
1.612723627299897000e+07
1.876332431452518702e+07
1.519928314064409584e+07
2.470563396172506362e+07
0.000000000000000000e+00
3.116341155294483155e+07
2.356166715902841836e+07
0.000000000000000000e+00
1.822622365165280178e+07
0.000000000000000000e+00
4.645776186764994636e+06
3.589793236748845875e+07
0.000000000000000000e+00
1.662257930751162954e+07
1.612723627299897000e+07
2.495480644377006590e+07
4.315670589253045619e+07
1.998885871067782119e+07
3.161616695584883913e+07
2.763563263419920206e+07
1.120409228153827600e+07
6.578681478572827764e+06
0.000000000000000000e+00
1.612723627299897000e+07
3.535266074086649716e+07
0.000000000000000000e+00
0.000000000000000000e+00
1.713460805296326801e+07
0.000000000000000000e+00
4.463840739072366059e+07
1.885451390283838660e+07
0.000000000000000000e+00
1.235757487749014236e+07
0.000000000000000000e+00
2.224432261225837469e+07
4.613901451731187105e+07
1.440129948989096470e+07
0.000000000000000000e+00
3.317814800714480877e+07
1.534551818557641469e+07
0.000000000000000000e+00
4.645776186764994636e+06
0.000000000000000000e+00
2.518975355941514671e+07
1.842353662888646871e+07
4.752679784674565494e+07
1.235757487749014236e+07
8.083054654213435017e+06
0.000000000000000000e+00
2.754002749879319593e+07
0.000000000000000000e+00
1.711422277024690434e+07
9.289187814006878063e+06
6.578681478572827764e+06
1.121314651598995738e+07
1.318928929646698944e+07
0.000000000000000000e+00
0.000000000000000000e+00
2.638326973702621087e+07
0.000000000000000000e+00
0.000000000000000000e+00
0.000000000000000000e+00
0.000000000000000000e+00
1.711422277024690434e+07
2.943937016764275730e+07
0.000000000000000000e+00
9.463049780359931290e+06
4.645776186764994636e+06
3.455077290188543499e+07
4.142441402577551454e+07
0.000000000000000000e+00
4.198488179328215122e+07
6.578681478572827764e+06
0.000000000000000000e+00
1.511513571990927868e+07
0.000000000000000000e+00
1.121314651598995738e+07
2.997647083051514626e+07
0.000000000000000000e+00
3.161282592535346001e+07
0.000000000000000000e+00
0.000000000000000000e+00
7.119882609632675350e+07
9.755523303125970066e+06
0.000000000000000000e+00
0.000000000000000000e+00
0.000000000000000000e+00
0.000000000000000000e+00
2.304900855240158737e+07
1.235757487749014236e+07
0.000000000000000000e+00
1.121314651598995738e+07
3.969189212316308916e+07
4.804725185752460361e+07
3.147275445857538283e+07
6.578681478572827764e+06
1.318928929646698944e+07
0.000000000000000000e+00
0.000000000000000000e+00
3.036620535469973460e+06
1.876332431452518702e+07
1.581789336736841500e+07
3.295307572791476548e+07
3.036620535469973460e+06
0.000000000000000000e+00
2.655866470156637207e+07
0.000000000000000000e+00
1.713460805296326801e+07
0.000000000000000000e+00
3.342506044731144980e+07
0.000000000000000000e+00
2.458408589015299454e+07
0.000000000000000000e+00
1.584986846830327064e+07
1.534551818557641469e+07
8.367052550266250037e+06
1.534551818557641469e+07
3.222935849015618116e+07
1.140367308573622257e+07
4.054279561003675312e+07
3.195261361099217832e+07
0.000000000000000000e+00
1.435073820232620649e+07
1.713460805296326801e+07
3.201677472047174722e+07
2.526209106719450653e+07
0.000000000000000000e+00
1.520181743514961749e+07
1.812257585339222103e+07
1.875198590383853391e+07
0.000000000000000000e+00
0.000000000000000000e+00
4.645776186764994636e+06
6.915328360099673271e+07
3.492456786482603103e+07
9.755523303125970066e+06
2.638326973702621087e+07
4.566247134063531458e+07
0.000000000000000000e+00
6.498766752669321373e+06
6.498766752669321373e+06
0.000000000000000000e+00
2.175999895701190084e+07
0.000000000000000000e+00
3.342804108680241928e+07
1.612723627299897000e+07
0.000000000000000000e+00
3.362281976953056455e+07
0.000000000000000000e+00
0.000000000000000000e+00
1.235757487749014236e+07
0.000000000000000000e+00
2.356886998541586846e+07
8.367052550266250037e+06
8.083054654213435017e+06
2.943031593319107592e+07
5.253237912898807228e+07
0.000000000000000000e+00
0.000000000000000000e+00
6.498766752669321373e+06
0.000000000000000000e+00
1.822622365165280178e+07
0.000000000000000000e+00
0.000000000000000000e+00
8.083054654213435017e+06
0.000000000000000000e+00
3.489699653035800904e+07
0.000000000000000000e+00
0.000000000000000000e+00
1.998885871067782119e+07
2.328233779485753179e+07
0.000000000000000000e+00
0.000000000000000000e+00
0.000000000000000000e+00
1.520181743514961749e+07
3.718686094341165572e+07
0.000000000000000000e+00
1.662257930751162954e+07
0.000000000000000000e+00
1.842353662888646871e+07
0.000000000000000000e+00
0.000000000000000000e+00
2.492230338155578822e+07
1.965919984298160300e+07
0.000000000000000000e+00
1.520181743514961749e+07
0.000000000000000000e+00
2.795892391702575982e+07
1.650103123593956046e+07
0.000000000000000000e+00
2.656754018925064802e+07
6.394411026348390616e+06
2.510104148870238662e+07
0.000000000000000000e+00
0.000000000000000000e+00
1.822622365165280178e+07
1.519928314064409584e+07
2.270591775157179683e+07
0.000000000000000000e+00
1.235757487749014236e+07
6.578681478572827764e+06
0.000000000000000000e+00
4.645776186764994636e+06
4.496127964201316983e+07
0.000000000000000000e+00
0.000000000000000000e+00
1.121314651598995738e+07
0.000000000000000000e+00
2.319819037412271276e+07
2.480490513022562861e+07
2.340910050129017979e+07
0.000000000000000000e+00
1.842353662888646871e+07
0.000000000000000000e+00
3.640166534471107274e+07
3.396514174967480451e+07
1.297309250492121838e+07
8.367052550266250037e+06
1.842353662888646871e+07
1.435073820232620649e+07
3.295250142033168301e+07
3.759641625301616639e+07
3.489056058752416074e+07
0.000000000000000000e+00
2.369290424881973118e+07
6.426429244889957830e+06
3.272269326224762946e+07
1.435073820232620649e+07
1.121314651598995738e+07
0.000000000000000000e+00
3.250249445770546049e+07
0.000000000000000000e+00
1.713460805296326801e+07
0.000000000000000000e+00
0.000000000000000000e+00
0.000000000000000000e+00
1.771191326865927875e+07
1.711422277024690434e+07
0.000000000000000000e+00
1.998885871067782119e+07
6.394411026348390616e+06
1.520181743514961749e+07
1.783857795733940601e+07
5.512145972194875777e+07
1.121314651598995738e+07
1.581789336736841500e+07
0.000000000000000000e+00
8.367052550266250037e+06
6.578681478572827764e+06
1.711422277024690434e+07
0.000000000000000000e+00
0.000000000000000000e+00
3.036620535469973460e+06
2.834775456895322353e+07
0.000000000000000000e+00
3.132651941364306584e+07
0.000000000000000000e+00
0.000000000000000000e+00
1.711422277024690434e+07
1.822622365165280178e+07
0.000000000000000000e+00
0.000000000000000000e+00
2.410632429500766844e+07
3.006220027377084270e+07
6.498766752669321373e+06
3.387846003443446755e+07
0.000000000000000000e+00
0.000000000000000000e+00
1.235757487749014236e+07
4.645776186764994636e+06
2.175999895701190084e+07
3.182439674266124517e+07
6.426429244889957830e+06
1.122445766533782333e+07
1.235757487749014236e+07
3.036620535469973460e+06
0.000000000000000000e+00
0.000000000000000000e+00
2.686974607337287441e+07
0.000000000000000000e+00
3.036620535469973460e+06
0.000000000000000000e+00
0.000000000000000000e+00
1.876332431452518702e+07
3.132651941364306584e+07
3.535737286609902233e+07
6.578681478572827764e+06
3.036620535469973460e+06
2.271779075259245560e+07
0.000000000000000000e+00
1.511513571990927868e+07
0.000000000000000000e+00
1.984759362191461027e+07
1.751182007935689390e+07
0.000000000000000000e+00
0.000000000000000000e+00
2.159622846149800718e+07
1.998885871067782119e+07
0.000000000000000000e+00
1.650103123593956046e+07
1.435073820232620649e+07
0.000000000000000000e+00
0.000000000000000000e+00
1.909610798090101033e+07
1.581789336736841500e+07
0.000000000000000000e+00
1.612723627299897000e+07
4.484878580489278585e+07
1.511513571990927868e+07
0.000000000000000000e+00
2.670831307981634885e+07
1.101305332668757439e+07
0.000000000000000000e+00
1.121314651598995738e+07
0.000000000000000000e+00
4.507260262039142102e+07
0.000000000000000000e+00
4.364994320195268095e+07
1.534551818557641469e+07
0.000000000000000000e+00
2.638326973702621087e+07
1.519928314064409584e+07
0.000000000000000000e+00
5.550560548468747735e+07
6.578681478572827764e+06
3.058379852914294600e+07
0.000000000000000000e+00
4.645776186764994636e+06
0.000000000000000000e+00
0.000000000000000000e+00
0.000000000000000000e+00
1.435073820232620649e+07
1.822622365165280178e+07
0.000000000000000000e+00
4.303479161758914590e+07
8.367052550266250037e+06
0.000000000000000000e+00
2.356633569091034681e+07
0.000000000000000000e+00
1.876332431452518702e+07
0.000000000000000000e+00
0.000000000000000000e+00
5.267236745209664106e+07
0.000000000000000000e+00
0.000000000000000000e+00
3.597898488236578554e+07
0.000000000000000000e+00
0.000000000000000000e+00
2.319819037412271276e+07
1.842353662888646871e+07
3.058379852914294600e+07
1.976797077503981814e+07
0.000000000000000000e+00
4.785385256207755208e+07
0.000000000000000000e+00
2.904267023887768015e+07
1.435073820232620649e+07
0.000000000000000000e+00
5.294391046666727960e+07
2.830442501637626812e+07
0.000000000000000000e+00
0.000000000000000000e+00
0.000000000000000000e+00
0.000000000000000000e+00
0.000000000000000000e+00
2.693939628437289968e+07
0.000000000000000000e+00
1.318928929646698944e+07
0.000000000000000000e+00
0.000000000000000000e+00
1.823590367611406744e+07
0.000000000000000000e+00
1.822622365165280178e+07
2.949218293045341223e+07
0.000000000000000000e+00
0.000000000000000000e+00
1.662257930751162954e+07
0.000000000000000000e+00
4.645776186764994636e+06
9.755523303125970066e+06
4.929919395349085331e+07
2.422597525302120298e+07
2.930810910776902363e+07
0.000000000000000000e+00
1.272883084097842872e+07
0.000000000000000000e+00
0.000000000000000000e+00
0.000000000000000000e+00
0.000000000000000000e+00
3.640136970599861443e+07
0.000000000000000000e+00
1.711422277024690434e+07
0.000000000000000000e+00
4.639720408902930468e+07
0.000000000000000000e+00
2.361298952291622758e+07
0.000000000000000000e+00
0.000000000000000000e+00
0.000000000000000000e+00
1.662257930751162954e+07
1.976091190667427331e+07
6.578681478572827764e+06
0.000000000000000000e+00
0.000000000000000000e+00
1.842353662888646871e+07
0.000000000000000000e+00
6.394411026348390616e+06
9.755523303125970066e+06
3.472725488759236038e+07
6.578681478572827764e+06
5.440421591871637106e+07
2.243379285653964058e+07
3.324145904324587435e+07
1.435073820232620649e+07
1.101305332668757439e+07
0.000000000000000000e+00
3.274981558051060140e+07
0.000000000000000000e+00
2.536379152901378274e+07
1.318928929646698944e+07
0.000000000000000000e+00
0.000000000000000000e+00
1.101305332668757439e+07
3.718686094341165572e+07
2.306931281565146148e+07
0.000000000000000000e+00
2.340910050129017979e+07
3.357174183722921461e+07
0.000000000000000000e+00
0.000000000000000000e+00
0.000000000000000000e+00
0.000000000000000000e+00
0.000000000000000000e+00
1.121314651598995738e+07
3.606480160899220407e+07
2.621233646733167022e+07
2.154156496479923651e+07
1.520181743514961749e+07
0.000000000000000000e+00
1.435073820232620649e+07
6.498766752669321373e+06
2.076857662981354445e+07
0.000000000000000000e+00
0.000000000000000000e+00
4.769802129938985407e+07
4.645776186764994636e+06
0.000000000000000000e+00
8.083054654213435017e+06
9.755523303125970066e+06
8.367052550266250037e+06
6.394411026348390616e+06
1.822622365165280178e+07
0.000000000000000000e+00
0.000000000000000000e+00
1.519928314064409584e+07
1.111967518968340755e+07
2.834775456895322353e+07
1.650103123593956046e+07
0.000000000000000000e+00
0.000000000000000000e+00
3.376905481446288526e+07
1.235757487749014236e+07
8.083054654213435017e+06
0.000000000000000000e+00
1.612723627299897000e+07
1.121314651598995738e+07
5.311422279650424421e+07
1.711422277024690434e+07
3.090233072583052516e+07
2.077716744721616432e+07
0.000000000000000000e+00
1.122445766533782333e+07
1.511513571990927868e+07
6.578681478572827764e+06
4.318356438992838562e+07
1.662257930751162954e+07
4.413799077317130566e+07
0.000000000000000000e+00
0.000000000000000000e+00
1.713460805296326801e+07
0.000000000000000000e+00
0.000000000000000000e+00
3.036620535469973460e+06
1.812257585339222103e+07
1.520181743514961749e+07
0.000000000000000000e+00
0.000000000000000000e+00
1.235757487749014236e+07
2.082772873478092253e+07
6.426429244889957830e+06
3.455077290188543499e+07
1.534551818557641469e+07
2.534200579309801385e+07
0.000000000000000000e+00
3.324145904324587435e+07
0.000000000000000000e+00
2.328233779485753179e+07
1.876332431452518702e+07
0.000000000000000000e+00
2.177796461921692267e+07
9.755523303125970066e+06
1.520181743514961749e+07
0.000000000000000000e+00
2.126835549427662417e+07
1.581789336736841500e+07
3.050029345174166560e+07
1.120409228153827600e+07
1.662257930751162954e+07
1.121314651598995738e+07
1.534551818557641469e+07
0.000000000000000000e+00
4.290491049821617454e+07
2.340910050129017979e+07
1.822622365165280178e+07
6.426429244889957830e+06
1.520181743514961749e+07
0.000000000000000000e+00
6.578681478572827764e+06
0.000000000000000000e+00
3.375718736047489941e+07
1.998885871067782119e+07
0.000000000000000000e+00
1.121314651598995738e+07
1.876332431452518702e+07
1.937082531716877222e+07
0.000000000000000000e+00
1.520181743514961749e+07
8.083054654213435017e+06
0.000000000000000000e+00
0.000000000000000000e+00
1.534551818557641469e+07
1.822622365165280178e+07
2.689013135608923808e+07
0.000000000000000000e+00
1.713460805296326801e+07
0.000000000000000000e+00
0.000000000000000000e+00
1.998885871067782119e+07
1.893625635606297106e+07
1.318928929646698944e+07
2.073947956967756897e+07
0.000000000000000000e+00
0.000000000000000000e+00
1.511513571990927868e+07
6.394411026348390616e+06
5.115833978926812112e+07
0.000000000000000000e+00
0.000000000000000000e+00
1.998885871067782119e+07
1.534551818557641469e+07
6.498766752669321373e+06
1.318928929646698944e+07
6.394411026348390616e+06
3.248012623853968084e+07
1.650103123593956046e+07
0.000000000000000000e+00
0.000000000000000000e+00
3.485467801361339539e+07
1.822622365165280178e+07
0.000000000000000000e+00
0.000000000000000000e+00
0.000000000000000000e+00
0.000000000000000000e+00
0.000000000000000000e+00
2.252164729934735969e+07
0.000000000000000000e+00
2.684637896873862296e+07
1.235757487749014236e+07
3.518814185132192075e+07
3.047797447532517463e+07
1.823843797061958909e+07
2.702198564890669286e+07
3.233642548811288550e+07
1.822622365165280178e+07
0.000000000000000000e+00
1.822622365165280178e+07
3.036620535469973460e+06
0.000000000000000000e+00
3.054733562072603405e+07
3.036620535469973460e+06
0.000000000000000000e+00
8.083054654213435017e+06
0.000000000000000000e+00
0.000000000000000000e+00
6.498766752669321373e+06
6.578681478572827764e+06
0.000000000000000000e+00
3.875218302520300448e+07
4.645776186764994636e+06
1.998885871067782119e+07
1.120409228153827600e+07
9.755523303125970066e+06
2.072462742775639147e+07
1.494573402883907780e+07
1.581789336736841500e+07
0.000000000000000000e+00
0.000000000000000000e+00
6.394411026348390616e+06
3.132905370814858750e+07
1.511513571990927868e+07
6.426429244889957830e+06
6.578681478572827764e+06
0.000000000000000000e+00
2.518975355941514671e+07
5.247505447486297786e+07
0.000000000000000000e+00
1.612723627299897000e+07
3.589793236748845875e+07
4.645776186764994636e+06
6.394411026348390616e+06
1.662257930751162954e+07
1.318928929646698944e+07
1.121314651598995738e+07
0.000000000000000000e+00
1.842353662888646871e+07
1.662257930751162954e+07
9.289187814006878063e+06
2.650659128309990466e+07
3.413795911721840501e+07
0.000000000000000000e+00
1.711422277024690434e+07
0.000000000000000000e+00
3.184654942151597515e+07
6.578681478572827764e+06
2.243379285653964058e+07
0.000000000000000000e+00
0.000000000000000000e+00
0.000000000000000000e+00
6.394411026348390616e+06
0.000000000000000000e+00
1.435073820232620649e+07
1.318928929646698944e+07
0.000000000000000000e+00
0.000000000000000000e+00
6.426429244889957830e+06
0.000000000000000000e+00
1.435073820232620649e+07
3.489056058752416074e+07
1.235757487749014236e+07
1.711422277024690434e+07
1.104018721311338618e+07
1.581789336736841500e+07
3.059675364950295538e+07
1.822622365165280178e+07
0.000000000000000000e+00
9.755523303125970066e+06
1.581789336736841500e+07
1.585892270275495201e+07
0.000000000000000000e+00
1.435073820232620649e+07
1.662257930751162954e+07
0.000000000000000000e+00
1.235757487749014236e+07
3.224974377287254483e+07
3.718686094341165572e+07
1.479348179515620694e+07
0.000000000000000000e+00
0.000000000000000000e+00
0.000000000000000000e+00
1.120409228153827600e+07
8.083054654213435017e+06
0.000000000000000000e+00
0.000000000000000000e+00
0.000000000000000000e+00
0.000000000000000000e+00
2.734038278898892552e+07
1.534551818557641469e+07
0.000000000000000000e+00
4.645776186764994636e+06
1.435073820232620649e+07
0.000000000000000000e+00
0.000000000000000000e+00
8.083054654213435017e+06
6.578681478572827764e+06
0.000000000000000000e+00
0.000000000000000000e+00
0.000000000000000000e+00
1.101305332668757439e+07
1.943925798192120343e+07
0.000000000000000000e+00
0.000000000000000000e+00
1.842353662888646871e+07
0.000000000000000000e+00
3.036620535469973460e+06
0.000000000000000000e+00
9.755523303125970066e+06
0.000000000000000000e+00
6.426429244889957830e+06
1.958019906625620648e+07
0.000000000000000000e+00
0.000000000000000000e+00
3.648862951866079867e+07
3.058379852914294600e+07
2.357072139348009974e+07
1.585892270275495201e+07
0.000000000000000000e+00
0.000000000000000000e+00
0.000000000000000000e+00
0.000000000000000000e+00
0.000000000000000000e+00
6.426429244889957830e+06
0.000000000000000000e+00
2.222619984267753363e+07
3.036620535469973460e+06
0.000000000000000000e+00
3.016863156969462335e+07
0.000000000000000000e+00
1.711422277024690434e+07
0.000000000000000000e+00
1.876332431452518702e+07
1.318928929646698944e+07
1.662257930751162954e+07
1.650103123593956046e+07
2.222619984267753363e+07
6.498766752669321373e+06
9.289187814006878063e+06
0.000000000000000000e+00
1.822622365165280178e+07
0.000000000000000000e+00
0.000000000000000000e+00
1.650103123593956046e+07
0.000000000000000000e+00
0.000000000000000000e+00
0.000000000000000000e+00
0.000000000000000000e+00
1.101305332668757439e+07
1.447746568056182563e+07
6.394411026348390616e+06
0.000000000000000000e+00
4.172878792260262370e+07
3.184654942151597515e+07
1.662257930751162954e+07
1.815175625537925214e+07
0.000000000000000000e+00
9.755523303125970066e+06
1.711422277024690434e+07
3.231892460330797732e+07
1.581789336736841500e+07
0.000000000000000000e+00
1.929620117020339146e+07
0.000000000000000000e+00
1.876332431452518702e+07
0.000000000000000000e+00
0.000000000000000000e+00
3.789492325819205493e+07
0.000000000000000000e+00
3.772093043999145925e+07
6.394411026348390616e+06
2.146015716435644031e+07
1.711422277024690434e+07
1.101305332668757439e+07
6.426429244889957830e+06
1.581789336736841500e+07
0.000000000000000000e+00
0.000000000000000000e+00
0.000000000000000000e+00
1.581789336736841500e+07
1.318928929646698944e+07
1.447746568056182563e+07
