1.533036852571553923e+07
0.000000000000000000e+00
0.000000000000000000e+00
0.000000000000000000e+00
2.419926755001606047e+07
1.084567186195900477e+07
0.000000000000000000e+00
3.909670548554420937e+06
0.000000000000000000e+00
0.000000000000000000e+00
0.000000000000000000e+00
6.316554945955662057e+06
2.268116075298377872e+07
0.000000000000000000e+00
0.000000000000000000e+00
0.000000000000000000e+00
7.613503072815756314e+06
0.000000000000000000e+00
2.104721986605713516e+07
1.072368289471048117e+07
1.788701693787161261e+07
0.000000000000000000e+00
0.000000000000000000e+00
0.000000000000000000e+00
0.000000000000000000e+00
1.217832084175661393e+07
0.000000000000000000e+00
0.000000000000000000e+00
5.182259577388579026e+06
1.443909340519817919e+07
5.395283542444266379e+06
0.000000000000000000e+00
0.000000000000000000e+00
0.000000000000000000e+00
1.072368289471048117e+07
3.226065556709408760e+07
0.000000000000000000e+00
1.134034346093973704e+07
7.613503072815756314e+06
1.142829585189435631e+07
2.999238710377632175e+06
1.474974880266601406e+07
8.868899024300519377e+06
2.021726295283645391e+07
0.000000000000000000e+00
0.000000000000000000e+00
3.909670548554420937e+06
1.062680642764997669e+07
0.000000000000000000e+00
0.000000000000000000e+00
1.512746192996306531e+07
7.613503072815756314e+06
0.000000000000000000e+00
0.000000000000000000e+00
0.000000000000000000e+00
5.182259577388579026e+06
0.000000000000000000e+00
0.000000000000000000e+00
1.834061544804101437e+07
0.000000000000000000e+00
1.134034346093973704e+07
0.000000000000000000e+00
0.000000000000000000e+00
0.000000000000000000e+00
9.870244385647308081e+06
0.000000000000000000e+00
0.000000000000000000e+00
3.054373448333061114e+07
0.000000000000000000e+00
0.000000000000000000e+00
0.000000000000000000e+00
0.000000000000000000e+00
7.384177026644445956e+06
0.000000000000000000e+00
1.217832084175661393e+07
0.000000000000000000e+00
5.960573837092886679e+06
1.217832084175661393e+07
0.000000000000000000e+00
1.822984888860344887e+07
1.134034346093973704e+07
0.000000000000000000e+00
0.000000000000000000e+00
5.182259577388579026e+06
0.000000000000000000e+00
0.000000000000000000e+00
0.000000000000000000e+00
1.474974880266601406e+07
1.443909340519817919e+07
1.419927172399907373e+07
2.848872439636797458e+07
0.000000000000000000e+00
2.999238710377632175e+06
2.043028691789214313e+07
0.000000000000000000e+00
0.000000000000000000e+00
0.000000000000000000e+00
0.000000000000000000e+00
8.868899024300519377e+06
0.000000000000000000e+00
5.843298617235378362e+06
0.000000000000000000e+00
1.443909340519817919e+07
0.000000000000000000e+00
0.000000000000000000e+00
0.000000000000000000e+00
1.716222680791466683e+07
0.000000000000000000e+00
0.000000000000000000e+00
1.872452048758418113e+07
0.000000000000000000e+00
0.000000000000000000e+00
2.937904449910622835e+07
0.000000000000000000e+00
7.384177026644445956e+06
0.000000000000000000e+00
1.134034346093973704e+07
0.000000000000000000e+00
0.000000000000000000e+00
1.072368289471048117e+07
1.443909340519817919e+07
2.366119578187960014e+07
2.456322852715476975e+07
1.315835587065243535e+07
0.000000000000000000e+00
1.512746192996306531e+07
0.000000000000000000e+00
0.000000000000000000e+00
8.868899024300519377e+06
5.843298617235378362e+06
0.000000000000000000e+00
1.443909340519817919e+07
1.217832084175661393e+07
0.000000000000000000e+00
0.000000000000000000e+00
1.762286769201800972e+07
0.000000000000000000e+00
0.000000000000000000e+00
1.315835587065243535e+07
1.668425673180336878e+07
0.000000000000000000e+00
0.000000000000000000e+00
1.751090676442807540e+07
0.000000000000000000e+00
0.000000000000000000e+00
0.000000000000000000e+00
0.000000000000000000e+00
9.435766597191704437e+06
0.000000000000000000e+00
0.000000000000000000e+00
7.613503072815756314e+06
1.345680169005113468e+07
0.000000000000000000e+00
0.000000000000000000e+00
8.394522252821898088e+06
0.000000000000000000e+00
2.347148060152096301e+07
0.000000000000000000e+00
0.000000000000000000e+00
1.362944739369068295e+07
1.811634298404292017e+07
1.681994362383615226e+07
0.000000000000000000e+00
0.000000000000000000e+00
0.000000000000000000e+00
0.000000000000000000e+00
1.419927172399907373e+07
1.072368289471048117e+07
9.435766597191704437e+06
3.258252180840677023e+07
0.000000000000000000e+00
0.000000000000000000e+00
0.000000000000000000e+00
0.000000000000000000e+00
0.000000000000000000e+00
0.000000000000000000e+00
0.000000000000000000e+00
2.646780539090280235e+07
5.864517916904202662e+06
0.000000000000000000e+00
0.000000000000000000e+00
0.000000000000000000e+00
0.000000000000000000e+00
1.072368289471048117e+07
2.830073174040270597e+07
1.217832084175661393e+07
0.000000000000000000e+00
0.000000000000000000e+00
5.864517916904202662e+06
0.000000000000000000e+00
0.000000000000000000e+00
3.977836052716280520e+07
3.909670548554420937e+06
0.000000000000000000e+00
0.000000000000000000e+00
0.000000000000000000e+00
1.243500530756933615e+07
0.000000000000000000e+00
0.000000000000000000e+00
1.315835587065243535e+07
0.000000000000000000e+00
0.000000000000000000e+00
0.000000000000000000e+00
0.000000000000000000e+00
0.000000000000000000e+00
0.000000000000000000e+00
8.868899024300519377e+06
0.000000000000000000e+00
9.435766597191704437e+06
0.000000000000000000e+00
0.000000000000000000e+00
0.000000000000000000e+00
0.000000000000000000e+00
1.362944739369068295e+07
0.000000000000000000e+00
5.960573837092886679e+06
1.362944739369068295e+07
0.000000000000000000e+00
2.553784328667504340e+07
0.000000000000000000e+00
1.443909340519817919e+07
1.474974880266601406e+07
1.865941935122043639e+07
0.000000000000000000e+00
0.000000000000000000e+00
0.000000000000000000e+00
0.000000000000000000e+00
0.000000000000000000e+00
3.468835531108488142e+07
0.000000000000000000e+00
0.000000000000000000e+00
9.435766597191704437e+06
1.315835587065243535e+07
0.000000000000000000e+00
0.000000000000000000e+00
2.101362442033512890e+07
0.000000000000000000e+00
3.846686709550735354e+07
0.000000000000000000e+00
2.458903840448838472e+07
0.000000000000000000e+00
1.142829585189435631e+07
0.000000000000000000e+00
0.000000000000000000e+00
0.000000000000000000e+00
5.182259577388579026e+06
2.263731945583228022e+07
9.435766597191704437e+06
0.000000000000000000e+00
0.000000000000000000e+00
0.000000000000000000e+00
0.000000000000000000e+00
0.000000000000000000e+00
0.000000000000000000e+00
2.819335924610031396e+07
2.999238710377632175e+06
0.000000000000000000e+00
0.000000000000000000e+00
0.000000000000000000e+00
0.000000000000000000e+00
1.057754311983284540e+07
1.533796640044877678e+07
0.000000000000000000e+00
1.102555819462395832e+07
5.444546850261397660e+06
1.895384653375549242e+07
0.000000000000000000e+00
0.000000000000000000e+00
1.503500337544787675e+07
0.000000000000000000e+00
0.000000000000000000e+00
5.182259577388579026e+06
0.000000000000000000e+00
0.000000000000000000e+00
0.000000000000000000e+00
1.727159446912973374e+07
1.875633648729722202e+07
1.084567186195900477e+07
0.000000000000000000e+00
0.000000000000000000e+00
2.241918040209232271e+07
2.004257034123445302e+07
0.000000000000000000e+00
1.474974880266601406e+07
1.315835587065243535e+07
0.000000000000000000e+00
0.000000000000000000e+00
0.000000000000000000e+00
0.000000000000000000e+00
0.000000000000000000e+00
5.182259577388579026e+06
0.000000000000000000e+00
0.000000000000000000e+00
5.864517916904202662e+06
0.000000000000000000e+00
0.000000000000000000e+00
1.362944739369068295e+07
3.437110178525277227e+07
7.384177026644445956e+06
1.962135298258675635e+07
0.000000000000000000e+00
3.338732120497178659e+07
1.474974880266601406e+07
0.000000000000000000e+00
1.668425673180336878e+07
0.000000000000000000e+00
1.745505987844370306e+07
1.751090676442807540e+07
0.000000000000000000e+00
0.000000000000000000e+00
1.443909340519817919e+07
1.142829585189435631e+07
0.000000000000000000e+00
0.000000000000000000e+00
1.834061544804101437e+07
1.745505987844370306e+07
0.000000000000000000e+00
1.745505987844370306e+07
0.000000000000000000e+00
5.843298617235378362e+06
0.000000000000000000e+00
1.362944739369068295e+07
0.000000000000000000e+00
0.000000000000000000e+00
1.134034346093973704e+07
0.000000000000000000e+00
0.000000000000000000e+00
2.218601532289874181e+07
0.000000000000000000e+00
5.182259577388579026e+06
0.000000000000000000e+00
5.395283542444266379e+06
0.000000000000000000e+00
1.182509175399708934e+07
0.000000000000000000e+00
0.000000000000000000e+00
2.447076997263958305e+07
2.999238710377632175e+06
1.315835587065243535e+07
1.949396531059488654e+07
1.474974880266601406e+07
9.435766597191704437e+06
0.000000000000000000e+00
0.000000000000000000e+00
2.678780326434312016e+07
0.000000000000000000e+00
0.000000000000000000e+00
0.000000000000000000e+00
0.000000000000000000e+00
1.362944739369068295e+07
0.000000000000000000e+00
1.142829585189435631e+07
5.864517916904202662e+06
0.000000000000000000e+00
5.395283542444266379e+06
0.000000000000000000e+00
0.000000000000000000e+00
0.000000000000000000e+00
2.161408743894831836e+07
0.000000000000000000e+00
2.071032263975889981e+07
9.304954090998686850e+06
4.151493449703951180e+07
0.000000000000000000e+00
9.435766597191704437e+06
0.000000000000000000e+00
1.474974880266601406e+07
0.000000000000000000e+00
0.000000000000000000e+00
6.316554945955662057e+06
1.503500337544787675e+07
5.864517916904202662e+06
5.395283542444266379e+06
5.182259577388579026e+06
0.000000000000000000e+00
0.000000000000000000e+00
1.315835587065243535e+07
2.735762759465150908e+07
5.395283542444266379e+06
0.000000000000000000e+00
5.864517916904202662e+06
0.000000000000000000e+00
0.000000000000000000e+00
1.072368289471048117e+07
2.742674736787889898e+07
2.790810467331844941e+07
0.000000000000000000e+00
1.474974880266601406e+07
0.000000000000000000e+00
0.000000000000000000e+00
0.000000000000000000e+00
0.000000000000000000e+00
2.999238710377632175e+06
1.533036852571553923e+07
1.217832084175661393e+07
1.315835587065243535e+07
0.000000000000000000e+00
2.609009226360575110e+07
1.993860650841886923e+07
0.000000000000000000e+00
1.533036852571553923e+07
0.000000000000000000e+00
1.419927172399907373e+07
1.419927172399907373e+07
9.435766597191704437e+06
0.000000000000000000e+00
0.000000000000000000e+00
0.000000000000000000e+00
3.909670548554420937e+06
2.999238710377632175e+06
1.072368289471048117e+07
0.000000000000000000e+00
0.000000000000000000e+00
0.000000000000000000e+00
2.302399270371561870e+07
0.000000000000000000e+00
0.000000000000000000e+00
5.843298617235378362e+06
0.000000000000000000e+00
0.000000000000000000e+00
0.000000000000000000e+00
1.050283991122716479e+07
1.134034346093973704e+07
1.533036852571553923e+07
8.868899024300519377e+06
0.000000000000000000e+00
0.000000000000000000e+00
0.000000000000000000e+00
0.000000000000000000e+00
0.000000000000000000e+00
0.000000000000000000e+00
1.362944739369068295e+07
0.000000000000000000e+00
0.000000000000000000e+00
0.000000000000000000e+00
1.533036852571553923e+07
0.000000000000000000e+00
0.000000000000000000e+00
0.000000000000000000e+00
2.999238710377632175e+06
0.000000000000000000e+00
1.602793143934758380e+07
5.395283542444266379e+06
0.000000000000000000e+00
1.751090676442807540e+07
0.000000000000000000e+00
1.751090676442807540e+07
0.000000000000000000e+00
2.789494153196646646e+07
1.533036852571553923e+07
0.000000000000000000e+00
1.512746192996306531e+07
5.960573837092886679e+06
0.000000000000000000e+00
1.072368289471048117e+07
0.000000000000000000e+00
0.000000000000000000e+00
1.533036852571553923e+07
7.613503072815756314e+06
0.000000000000000000e+00
2.999238710377632175e+06
0.000000000000000000e+00
0.000000000000000000e+00
5.395283542444266379e+06
1.084567186195900477e+07
2.588067523740687966e+07
1.745505987844370306e+07
2.135155832140354067e+07
2.999238710377632175e+06
0.000000000000000000e+00
2.533667671240904927e+07
0.000000000000000000e+00
3.171017848842714727e+07
7.384177026644445956e+06
0.000000000000000000e+00
0.000000000000000000e+00
0.000000000000000000e+00
0.000000000000000000e+00
0.000000000000000000e+00
0.000000000000000000e+00
5.843298617235378362e+06
0.000000000000000000e+00
6.316554945955662057e+06
1.050283991122716479e+07
1.474974880266601406e+07
1.217832084175661393e+07
0.000000000000000000e+00
1.084567186195900477e+07
0.000000000000000000e+00
1.503500337544787675e+07
1.751090676442807540e+07
5.182259577388579026e+06
0.000000000000000000e+00
0.000000000000000000e+00
0.000000000000000000e+00
1.142829585189435631e+07
0.000000000000000000e+00
0.000000000000000000e+00
1.503500337544787675e+07
1.315835587065243535e+07
0.000000000000000000e+00
5.843298617235378362e+06
8.394522252821898088e+06
0.000000000000000000e+00
0.000000000000000000e+00
0.000000000000000000e+00
0.000000000000000000e+00
0.000000000000000000e+00
0.000000000000000000e+00
1.084567186195900477e+07
0.000000000000000000e+00
2.553961518493881077e+07
1.512746192996306531e+07
4.022545231678806245e+07
0.000000000000000000e+00
2.999238710377632175e+06
1.072368289471048117e+07
0.000000000000000000e+00
1.751090676442807540e+07
0.000000000000000000e+00
0.000000000000000000e+00
1.924003907426996157e+07
5.444546850261397660e+06
1.050283991122716479e+07
1.315835587065243535e+07
0.000000000000000000e+00
0.000000000000000000e+00
1.512746192996306531e+07
0.000000000000000000e+00
0.000000000000000000e+00
1.419927172399907373e+07
5.182259577388579026e+06
1.443909340519817919e+07
8.868899024300519377e+06
5.182259577388579026e+06
1.938153130138765275e+07
0.000000000000000000e+00
1.751090676442807540e+07
5.182259577388579026e+06
0.000000000000000000e+00
0.000000000000000000e+00
0.000000000000000000e+00
0.000000000000000000e+00
0.000000000000000000e+00
0.000000000000000000e+00
1.362944739369068295e+07
1.594738676148856245e+07
0.000000000000000000e+00
1.443909340519817919e+07
1.503500337544787675e+07
1.315835587065243535e+07
2.004257034123445302e+07
0.000000000000000000e+00
1.050283991122716479e+07
1.730091729803262278e+07
1.512746192996306531e+07
7.384177026644445956e+06
0.000000000000000000e+00
0.000000000000000000e+00
0.000000000000000000e+00
1.443909340519817919e+07
0.000000000000000000e+00
2.193113576312152296e+07
0.000000000000000000e+00
0.000000000000000000e+00
0.000000000000000000e+00
1.134034346093973704e+07
1.050283991122716479e+07
0.000000000000000000e+00
0.000000000000000000e+00
2.122652280593764782e+07
0.000000000000000000e+00
1.745505987844370306e+07
6.316554945955662057e+06
2.956655533516124636e+07
2.835657862638708204e+07
3.195905462978385389e+07
2.533667671240904927e+07
0.000000000000000000e+00
1.050283991122716479e+07
0.000000000000000000e+00
0.000000000000000000e+00
0.000000000000000000e+00
0.000000000000000000e+00
0.000000000000000000e+00
1.533036852571553923e+07
0.000000000000000000e+00
0.000000000000000000e+00
0.000000000000000000e+00
0.000000000000000000e+00
5.182259577388579026e+06
0.000000000000000000e+00
5.960573837092886679e+06
1.503500337544787675e+07
3.226065556709408760e+07
5.395283542444266379e+06
0.000000000000000000e+00
1.706802641920685768e+07
1.142829585189435631e+07
0.000000000000000000e+00
6.316554945955662057e+06
0.000000000000000000e+00
1.072368289471048117e+07
1.443909340519817919e+07
0.000000000000000000e+00
0.000000000000000000e+00
5.843298617235378362e+06
0.000000000000000000e+00
0.000000000000000000e+00
1.751090676442807540e+07
1.362944739369068295e+07
0.000000000000000000e+00
2.999238710377632175e+06
0.000000000000000000e+00
1.475534241051342525e+07
1.788701693787161261e+07
0.000000000000000000e+00
0.000000000000000000e+00
2.586738925709253550e+07
0.000000000000000000e+00
0.000000000000000000e+00
1.072368289471048117e+07
1.533036852571553923e+07
2.999238710377632175e+06
0.000000000000000000e+00
0.000000000000000000e+00
0.000000000000000000e+00
2.251163895660751313e+07
5.843298617235378362e+06
0.000000000000000000e+00
1.134034346093973704e+07
2.999238710377632175e+06
0.000000000000000000e+00
0.000000000000000000e+00
1.072368289471048117e+07
0.000000000000000000e+00
5.960573837092886679e+06
9.435766597191704437e+06
0.000000000000000000e+00
0.000000000000000000e+00
0.000000000000000000e+00
1.419927172399907373e+07
0.000000000000000000e+00
1.813889467884949967e+07
1.315835587065243535e+07
3.909670548554420937e+06
1.362944739369068295e+07
2.999238710377632175e+06
7.384177026644445956e+06
0.000000000000000000e+00
8.868899024300519377e+06
2.999238710377632175e+06
9.752969165789799765e+06
0.000000000000000000e+00
0.000000000000000000e+00
0.000000000000000000e+00
0.000000000000000000e+00
0.000000000000000000e+00
0.000000000000000000e+00
1.084567186195900477e+07
0.000000000000000000e+00
1.751090676442807540e+07
0.000000000000000000e+00
1.751090676442807540e+07
2.863836512919725478e+07
1.503500337544787675e+07
0.000000000000000000e+00
5.444546850261397660e+06
1.602793143934758380e+07
0.000000000000000000e+00
0.000000000000000000e+00
0.000000000000000000e+00
0.000000000000000000e+00
0.000000000000000000e+00
1.084567186195900477e+07
9.435766597191704437e+06
1.443909340519817919e+07
0.000000000000000000e+00
8.394522252821898088e+06
1.443909340519817919e+07
1.474974880266601406e+07
3.284127529014361650e+07
8.868899024300519377e+06
8.181498287766210735e+06
1.134034346093973704e+07
1.813889467884949967e+07
0.000000000000000000e+00
0.000000000000000000e+00
2.353102353114117682e+07
0.000000000000000000e+00
0.000000000000000000e+00
0.000000000000000000e+00
1.419927172399907373e+07
1.533036852571553923e+07
9.435766597191704437e+06
1.533036852571553923e+07
0.000000000000000000e+00
0.000000000000000000e+00
0.000000000000000000e+00
1.315835587065243535e+07
0.000000000000000000e+00
0.000000000000000000e+00
0.000000000000000000e+00
0.000000000000000000e+00
2.801374667565523833e+07
3.909670548554420937e+06
8.868899024300519377e+06
5.843298617235378362e+06
1.134034346093973704e+07
5.960573837092886679e+06
0.000000000000000000e+00
7.613503072815756314e+06
0.000000000000000000e+00
5.843298617235378362e+06
0.000000000000000000e+00
0.000000000000000000e+00
4.725368614815731347e+07
0.000000000000000000e+00
0.000000000000000000e+00
3.220480868110971898e+07
0.000000000000000000e+00
5.960573837092886679e+06
1.072368289471048117e+07
1.217832084175661393e+07
0.000000000000000000e+00
0.000000000000000000e+00
0.000000000000000000e+00
1.745505987844370306e+07
5.843298617235378362e+06
0.000000000000000000e+00
0.000000000000000000e+00
0.000000000000000000e+00
1.503500337544787675e+07
8.868899024300519377e+06
5.864517916904202662e+06
1.443909340519817919e+07
0.000000000000000000e+00
1.217832084175661393e+07
2.795789978967086971e+07
1.362944739369068295e+07
0.000000000000000000e+00
0.000000000000000000e+00
0.000000000000000000e+00
0.000000000000000000e+00
6.316554945955662057e+06
5.960573837092886679e+06
0.000000000000000000e+00
0.000000000000000000e+00
5.843298617235378362e+06
0.000000000000000000e+00
1.362944739369068295e+07
0.000000000000000000e+00
1.256643660403302498e+07
7.613503072815756314e+06
0.000000000000000000e+00
1.706802641920685768e+07
0.000000000000000000e+00
6.316554945955662057e+06
0.000000000000000000e+00
5.864517916904202662e+06
1.533036852571553923e+07
1.217832084175661393e+07
5.864517916904202662e+06
1.503500337544787675e+07
0.000000000000000000e+00
1.681939485718282685e+07
7.384177026644445956e+06
0.000000000000000000e+00
1.443909340519817919e+07
3.554763147855199128e+07
1.751090676442807540e+07
0.000000000000000000e+00
0.000000000000000000e+00
5.182259577388579026e+06
0.000000000000000000e+00
0.000000000000000000e+00
0.000000000000000000e+00
0.000000000000000000e+00
0.000000000000000000e+00
1.084567186195900477e+07
2.583320843694270402e+07
0.000000000000000000e+00
2.028239202243355662e+07
5.864517916904202662e+06
1.072368289471048117e+07
0.000000000000000000e+00
0.000000000000000000e+00
0.000000000000000000e+00
0.000000000000000000e+00
1.443909340519817919e+07
1.315835587065243535e+07
1.050283991122716479e+07
0.000000000000000000e+00
1.845917493477476016e+07
0.000000000000000000e+00
1.362944739369068295e+07
0.000000000000000000e+00
1.315835587065243535e+07
2.999238710377632175e+06
1.362944739369068295e+07
0.000000000000000000e+00
0.000000000000000000e+00
0.000000000000000000e+00
0.000000000000000000e+00
2.077491537597693503e+07
0.000000000000000000e+00
0.000000000000000000e+00
0.000000000000000000e+00
0.000000000000000000e+00
0.000000000000000000e+00
0.000000000000000000e+00
0.000000000000000000e+00
1.134034346093973704e+07
6.316554945955662057e+06
0.000000000000000000e+00
0.000000000000000000e+00
1.512746192996306531e+07
5.843298617235378362e+06
1.072368289471048117e+07
0.000000000000000000e+00
2.290619030687234178e+07
1.788701693787161261e+07
0.000000000000000000e+00
2.597313379192207009e+07
1.704926967000745982e+07
1.529372047383645363e+07
0.000000000000000000e+00
7.384177026644445956e+06
0.000000000000000000e+00
0.000000000000000000e+00
0.000000000000000000e+00
2.655575778185742348e+07
5.395283542444266379e+06
0.000000000000000000e+00
1.745505987844370306e+07
1.525001400949415751e+07
8.868899024300519377e+06
0.000000000000000000e+00
0.000000000000000000e+00
5.843298617235378362e+06
0.000000000000000000e+00
9.435766597191704437e+06
1.419927172399907373e+07
1.217832084175661393e+07
8.868899024300519377e+06
0.000000000000000000e+00
0.000000000000000000e+00
0.000000000000000000e+00
0.000000000000000000e+00
5.843298617235378362e+06
0.000000000000000000e+00
0.000000000000000000e+00
0.000000000000000000e+00
1.315835587065243535e+07
1.656698151194585860e+07
5.960573837092886679e+06
0.000000000000000000e+00
5.182259577388579026e+06
0.000000000000000000e+00
1.315835587065243535e+07
1.751090676442807540e+07
5.960573837092886679e+06
7.613503072815756314e+06
8.868899024300519377e+06
0.000000000000000000e+00
1.134034346093973704e+07
1.751090676442807540e+07
0.000000000000000000e+00
0.000000000000000000e+00
5.843298617235378362e+06
1.217832084175661393e+07
8.868899024300519377e+06
0.000000000000000000e+00
5.395283542444266379e+06
1.217832084175661393e+07
1.533036852571553923e+07
1.881170697107926011e+07
0.000000000000000000e+00
2.101362442033512890e+07
0.000000000000000000e+00
0.000000000000000000e+00
0.000000000000000000e+00
5.395283542444266379e+06
0.000000000000000000e+00
0.000000000000000000e+00
0.000000000000000000e+00
0.000000000000000000e+00
0.000000000000000000e+00
1.751090676442807540e+07
1.072368289471048117e+07
0.000000000000000000e+00
1.142829585189435631e+07
5.182259577388579026e+06
0.000000000000000000e+00
0.000000000000000000e+00
1.983437694764244556e+07
0.000000000000000000e+00
3.909670548554420937e+06
6.316554945955662057e+06
1.894467392400229722e+07
0.000000000000000000e+00
0.000000000000000000e+00
0.000000000000000000e+00
0.000000000000000000e+00
0.000000000000000000e+00
5.960573837092886679e+06
7.384177026644445956e+06
0.000000000000000000e+00
1.362944739369068295e+07
0.000000000000000000e+00
0.000000000000000000e+00
0.000000000000000000e+00
4.296544591211584955e+07
0.000000000000000000e+00
0.000000000000000000e+00
0.000000000000000000e+00
7.384177026644445956e+06
0.000000000000000000e+00
0.000000000000000000e+00
0.000000000000000000e+00
0.000000000000000000e+00
0.000000000000000000e+00
5.182259577388579026e+06
0.000000000000000000e+00
1.443909340519817919e+07
0.000000000000000000e+00
3.413128010405366868e+07
0.000000000000000000e+00
1.084567186195900477e+07
0.000000000000000000e+00
0.000000000000000000e+00
0.000000000000000000e+00
0.000000000000000000e+00
1.084567186195900477e+07
1.533036852571553923e+07
3.715471682491602004e+07
0.000000000000000000e+00
0.000000000000000000e+00
1.533036852571553923e+07
0.000000000000000000e+00
8.868899024300519377e+06
0.000000000000000000e+00
7.613503072815756314e+06
2.504107543353984505e+07
2.999238710377632175e+06
0.000000000000000000e+00
0.000000000000000000e+00
2.476613512290724367e+07
0.000000000000000000e+00
0.000000000000000000e+00
1.084567186195900477e+07
3.284887316487685218e+07
0.000000000000000000e+00
0.000000000000000000e+00
0.000000000000000000e+00
5.864517916904202662e+06
0.000000000000000000e+00
3.909670548554420937e+06
0.000000000000000000e+00
0.000000000000000000e+00
2.999238710377632175e+06
1.072368289471048117e+07
0.000000000000000000e+00
0.000000000000000000e+00
1.419927172399907373e+07
7.384177026644445956e+06
1.751090676442807540e+07
1.751090676442807540e+07
0.000000000000000000e+00
0.000000000000000000e+00
1.704023784066614509e+07
2.492295461870955676e+07
0.000000000000000000e+00
9.435766597191704437e+06
0.000000000000000000e+00
9.435766597191704437e+06
0.000000000000000000e+00
0.000000000000000000e+00
1.525001400949415751e+07
1.419927172399907373e+07
1.315835587065243535e+07
0.000000000000000000e+00
0.000000000000000000e+00
1.512746192996306531e+07
1.217832084175661393e+07
0.000000000000000000e+00
1.134034346093973704e+07
0.000000000000000000e+00
0.000000000000000000e+00
1.751090676442807540e+07
5.864517916904202662e+06
0.000000000000000000e+00
1.134034346093973704e+07
0.000000000000000000e+00
5.182259577388579026e+06
0.000000000000000000e+00
7.613503072815756314e+06
0.000000000000000000e+00
1.533036852571553923e+07
0.000000000000000000e+00
0.000000000000000000e+00
0.000000000000000000e+00
0.000000000000000000e+00
0.000000000000000000e+00
0.000000000000000000e+00
0.000000000000000000e+00
0.000000000000000000e+00
0.000000000000000000e+00
0.000000000000000000e+00
0.000000000000000000e+00
3.665432057147859782e+07
2.047955022570927441e+07
0.000000000000000000e+00
0.000000000000000000e+00
1.512746192996306531e+07
0.000000000000000000e+00
0.000000000000000000e+00
0.000000000000000000e+00
0.000000000000000000e+00
9.435766597191704437e+06
0.000000000000000000e+00
0.000000000000000000e+00
1.083983039270566404e+07
0.000000000000000000e+00
0.000000000000000000e+00
2.181277479681482911e+07
5.395283542444266379e+06
3.688264569995576143e+07
6.316554945955662057e+06
1.084567186195900477e+07
0.000000000000000000e+00
0.000000000000000000e+00
0.000000000000000000e+00
5.960573837092886679e+06
0.000000000000000000e+00
0.000000000000000000e+00
0.000000000000000000e+00
0.000000000000000000e+00
1.474974880266601406e+07
0.000000000000000000e+00
0.000000000000000000e+00
2.978475217811389267e+07
1.114283341448146477e+07
1.142829585189435631e+07
0.000000000000000000e+00
5.182259577388579026e+06
8.868899024300519377e+06
3.108450727213438600e+07
2.655575778185742348e+07
0.000000000000000000e+00
1.503500337544787675e+07
5.182259577388579026e+06
0.000000000000000000e+00
0.000000000000000000e+00
0.000000000000000000e+00
0.000000000000000000e+00
1.050283991122716479e+07
1.315835587065243535e+07
7.613503072815756314e+06
0.000000000000000000e+00
0.000000000000000000e+00
0.000000000000000000e+00
0.000000000000000000e+00
0.000000000000000000e+00
3.170973431104506552e+07
1.751090676442807540e+07
0.000000000000000000e+00
6.316554945955662057e+06
0.000000000000000000e+00
1.745505987844370306e+07
2.999238710377632175e+06
1.134034346093973704e+07
0.000000000000000000e+00
1.142829585189435631e+07
1.745505987844370306e+07
0.000000000000000000e+00
0.000000000000000000e+00
0.000000000000000000e+00
0.000000000000000000e+00
2.502649360533058643e+07
2.285034342088796943e+07
2.655575778185742348e+07
1.751090676442807540e+07
1.362944739369068295e+07
2.039966724229106680e+07
0.000000000000000000e+00
1.419927172399907373e+07
2.622947944344571233e+07
0.000000000000000000e+00
1.802161945899199322e+07
1.084567186195900477e+07
1.473341694120472297e+07
0.000000000000000000e+00
0.000000000000000000e+00
2.227396771385335922e+07
3.909670548554420937e+06
0.000000000000000000e+00
0.000000000000000000e+00
0.000000000000000000e+00
0.000000000000000000e+00
0.000000000000000000e+00
0.000000000000000000e+00
6.316554945955662057e+06
1.134034346093973704e+07
0.000000000000000000e+00
0.000000000000000000e+00
0.000000000000000000e+00
1.751090676442807540e+07
0.000000000000000000e+00
2.051262810310411826e+07
3.136149853191374242e+07
1.084567186195900477e+07
1.084567186195900477e+07
0.000000000000000000e+00
0.000000000000000000e+00
1.362944739369068295e+07
0.000000000000000000e+00
0.000000000000000000e+00
2.597313379192207009e+07
1.533036852571553923e+07
0.000000000000000000e+00
0.000000000000000000e+00
2.483923690508814901e+07
0.000000000000000000e+00
1.134034346093973704e+07
1.084567186195900477e+07
0.000000000000000000e+00
0.000000000000000000e+00
1.084567186195900477e+07
0.000000000000000000e+00
0.000000000000000000e+00
0.000000000000000000e+00
0.000000000000000000e+00
0.000000000000000000e+00
7.613503072815756314e+06
7.384177026644445956e+06
5.864517916904202662e+06
1.474974880266601406e+07
1.774898751304364577e+07
0.000000000000000000e+00
0.000000000000000000e+00
5.843298617235378362e+06
0.000000000000000000e+00
0.000000000000000000e+00
1.443909340519817919e+07
0.000000000000000000e+00
0.000000000000000000e+00
0.000000000000000000e+00
0.000000000000000000e+00
0.000000000000000000e+00
0.000000000000000000e+00
8.868899024300519377e+06
2.251163895660751313e+07
0.000000000000000000e+00
0.000000000000000000e+00
3.232611034306979179e+07
0.000000000000000000e+00
0.000000000000000000e+00
0.000000000000000000e+00
0.000000000000000000e+00
0.000000000000000000e+00
0.000000000000000000e+00
1.512746192996306531e+07
0.000000000000000000e+00
0.000000000000000000e+00
4.310868553347992152e+07
1.474974880266601406e+07
1.751090676442807540e+07
5.395283542444266379e+06
0.000000000000000000e+00
2.363503832119077817e+07
0.000000000000000000e+00
1.315835587065243535e+07
1.315835587065243535e+07
2.071032263975889981e+07
2.496979085463041812e+07
1.134034346093973704e+07
0.000000000000000000e+00
1.134034346093973704e+07
1.533036852571553923e+07
7.384177026644445956e+06
1.503500337544787675e+07
0.000000000000000000e+00
0.000000000000000000e+00
3.278542840415924042e+07
0.000000000000000000e+00
0.000000000000000000e+00
1.881247287853880227e+07
0.000000000000000000e+00
0.000000000000000000e+00
0.000000000000000000e+00
2.999238710377632175e+06
6.316554945955662057e+06
0.000000000000000000e+00
0.000000000000000000e+00
2.999238710377632175e+06
2.999238710377632175e+06
0.000000000000000000e+00
0.000000000000000000e+00
0.000000000000000000e+00
0.000000000000000000e+00
0.000000000000000000e+00
1.186813773467815109e+07
0.000000000000000000e+00
1.362944739369068295e+07
0.000000000000000000e+00
0.000000000000000000e+00
0.000000000000000000e+00
5.182259577388579026e+06
2.413228730491784960e+07
0.000000000000000000e+00
1.217832084175661393e+07
0.000000000000000000e+00
1.503500337544787675e+07
0.000000000000000000e+00
0.000000000000000000e+00
1.503500337544787675e+07
7.384177026644445956e+06
9.435766597191704437e+06
0.000000000000000000e+00
4.192582985108328611e+07
1.084567186195900477e+07
0.000000000000000000e+00
1.050283991122716479e+07
0.000000000000000000e+00
0.000000000000000000e+00
8.868899024300519377e+06
0.000000000000000000e+00
0.000000000000000000e+00
2.999238710377632175e+06
0.000000000000000000e+00
1.362944739369068295e+07
0.000000000000000000e+00
0.000000000000000000e+00
8.868899024300519377e+06
3.909670548554420937e+06
0.000000000000000000e+00
7.613503072815756314e+06
0.000000000000000000e+00
0.000000000000000000e+00
1.512746192996306531e+07
0.000000000000000000e+00
2.496979085463041812e+07
2.923427509944695234e+07
0.000000000000000000e+00
6.316554945955662057e+06
1.529372047383645363e+07
0.000000000000000000e+00
0.000000000000000000e+00
5.444546850261397660e+06
5.444546850261397660e+06
0.000000000000000000e+00
8.868899024300519377e+06
0.000000000000000000e+00
0.000000000000000000e+00
5.843298617235378362e+06
0.000000000000000000e+00
0.000000000000000000e+00
0.000000000000000000e+00
0.000000000000000000e+00
0.000000000000000000e+00
0.000000000000000000e+00
0.000000000000000000e+00
5.843298617235378362e+06
0.000000000000000000e+00
0.000000000000000000e+00
1.134034346093973704e+07
2.071032263975889981e+07
0.000000000000000000e+00
0.000000000000000000e+00
0.000000000000000000e+00
7.384177026644445956e+06
1.084567186195900477e+07
0.000000000000000000e+00
0.000000000000000000e+00
0.000000000000000000e+00
0.000000000000000000e+00
0.000000000000000000e+00
1.719851043437670544e+07
0.000000000000000000e+00
1.372292160508811288e+07
0.000000000000000000e+00
0.000000000000000000e+00
1.362944739369068295e+07
5.444546850261397660e+06
1.751090676442807540e+07
5.864517916904202662e+06
0.000000000000000000e+00
0.000000000000000000e+00
1.751090676442807540e+07
0.000000000000000000e+00
9.435766597191704437e+06
3.909670548554420937e+06
0.000000000000000000e+00
1.443909340519817919e+07
0.000000000000000000e+00
9.435766597191704437e+06
5.960573837092886679e+06
1.050283991122716479e+07
1.217832084175661393e+07
0.000000000000000000e+00
7.384177026644445956e+06
0.000000000000000000e+00
0.000000000000000000e+00
0.000000000000000000e+00
1.849487578771227598e+07
5.444546850261397660e+06
0.000000000000000000e+00
1.512746192996306531e+07
0.000000000000000000e+00
2.516277629990866035e+07
5.843298617235378362e+06
1.142829585189435631e+07
0.000000000000000000e+00
0.000000000000000000e+00
5.843298617235378362e+06
0.000000000000000000e+00
0.000000000000000000e+00
0.000000000000000000e+00
1.671018977886320651e+07
0.000000000000000000e+00
1.751090676442807540e+07
0.000000000000000000e+00
0.000000000000000000e+00
1.084567186195900477e+07
0.000000000000000000e+00
0.000000000000000000e+00
1.668897047919438407e+07
0.000000000000000000e+00
0.000000000000000000e+00
1.512746192996306531e+07
0.000000000000000000e+00
1.751090676442807540e+07
8.868899024300519377e+06
0.000000000000000000e+00
2.999238710377632175e+06
1.114283341448146477e+07
0.000000000000000000e+00
0.000000000000000000e+00
0.000000000000000000e+00
1.315835587065243535e+07
1.656698151194585860e+07
0.000000000000000000e+00
0.000000000000000000e+00
1.751090676442807540e+07
0.000000000000000000e+00
1.315835587065243535e+07
0.000000000000000000e+00
5.843298617235378362e+06
1.072368289471048117e+07
0.000000000000000000e+00
2.285034342088796943e+07
0.000000000000000000e+00
0.000000000000000000e+00
9.435766597191704437e+06
0.000000000000000000e+00
0.000000000000000000e+00
1.533036852571553923e+07
6.316554945955662057e+06
0.000000000000000000e+00
0.000000000000000000e+00
7.613503072815756314e+06
2.015984556109195948e+07
6.316554945955662057e+06
0.000000000000000000e+00
1.038341573702207766e+07
8.868899024300519377e+06
1.072368289471048117e+07
1.512746192996306531e+07
8.959812547470519319e+06
1.084567186195900477e+07
0.000000000000000000e+00
1.959258191901100054e+07
0.000000000000000000e+00
0.000000000000000000e+00
3.909670548554420937e+06
0.000000000000000000e+00
1.217832084175661393e+07
0.000000000000000000e+00
0.000000000000000000e+00
0.000000000000000000e+00
1.751090676442807540e+07
0.000000000000000000e+00
1.947491081660809740e+07
2.976946193091371655e+07
0.000000000000000000e+00
1.474974880266601406e+07
0.000000000000000000e+00
0.000000000000000000e+00
7.613503072815756314e+06
0.000000000000000000e+00
0.000000000000000000e+00
0.000000000000000000e+00
0.000000000000000000e+00
0.000000000000000000e+00
1.533036852571553923e+07
5.960573837092886679e+06
0.000000000000000000e+00
0.000000000000000000e+00
1.529372047383645363e+07
5.444546850261397660e+06
1.062680642764997669e+07
0.000000000000000000e+00
0.000000000000000000e+00
0.000000000000000000e+00
2.213392582931046188e+07
0.000000000000000000e+00
0.000000000000000000e+00
1.956249786840105802e+07
0.000000000000000000e+00
0.000000000000000000e+00
1.072368289471048117e+07
2.122908759898108244e+07
0.000000000000000000e+00
0.000000000000000000e+00
0.000000000000000000e+00
0.000000000000000000e+00
0.000000000000000000e+00
8.868899024300519377e+06
0.000000000000000000e+00
0.000000000000000000e+00
0.000000000000000000e+00
0.000000000000000000e+00
1.050283991122716479e+07
0.000000000000000000e+00
1.751090676442807540e+07
5.864517916904202662e+06
1.512746192996306531e+07
5.182259577388579026e+06
5.864517916904202662e+06
3.090284132934079319e+07
2.182327043184262514e+07
0.000000000000000000e+00
0.000000000000000000e+00
0.000000000000000000e+00
1.745505987844370306e+07
1.217832084175661393e+07
1.072368289471048117e+07
1.503500337544787675e+07
0.000000000000000000e+00
0.000000000000000000e+00
0.000000000000000000e+00
0.000000000000000000e+00
0.000000000000000000e+00
1.751090676442807540e+07
1.362944739369068295e+07
0.000000000000000000e+00
1.142829585189435631e+07
6.316554945955662057e+06
2.999238710377632175e+06
0.000000000000000000e+00
1.050283991122716479e+07
5.182259577388579026e+06
9.435766597191704437e+06
0.000000000000000000e+00
0.000000000000000000e+00
0.000000000000000000e+00
0.000000000000000000e+00
0.000000000000000000e+00
0.000000000000000000e+00
0.000000000000000000e+00
5.960573837092886679e+06
0.000000000000000000e+00
3.006533777962822467e+07
0.000000000000000000e+00
1.525001400949415751e+07
7.384177026644445956e+06
0.000000000000000000e+00
0.000000000000000000e+00
5.182259577388579026e+06
0.000000000000000000e+00
5.395283542444266379e+06
0.000000000000000000e+00
1.512746192996306531e+07
1.830466562149222195e+07
0.000000000000000000e+00
0.000000000000000000e+00
0.000000000000000000e+00
0.000000000000000000e+00
1.072368289471048117e+07
1.315835587065243535e+07
0.000000000000000000e+00
5.864517916904202662e+06
0.000000000000000000e+00
0.000000000000000000e+00
2.158344875064352155e+07
1.217832084175661393e+07
1.503500337544787675e+07
0.000000000000000000e+00
2.968922760618469119e+07
1.050283991122716479e+07
0.000000000000000000e+00
5.395283542444266379e+06
0.000000000000000000e+00
1.142829585189435631e+07
2.687409871276751533e+07
1.072368289471048117e+07
0.000000000000000000e+00
0.000000000000000000e+00
0.000000000000000000e+00
5.843298617235378362e+06
0.000000000000000000e+00
2.863836512919725478e+07
1.142829585189435631e+07
0.000000000000000000e+00
0.000000000000000000e+00
1.134034346093973704e+07
0.000000000000000000e+00
2.129094236280842498e+07
2.051014547480570897e+07
0.000000000000000000e+00
0.000000000000000000e+00
0.000000000000000000e+00
0.000000000000000000e+00
3.284127529014361650e+07
5.960573837092886679e+06
1.072368289471048117e+07
1.680624569905189052e+07
0.000000000000000000e+00
1.362944739369068295e+07
9.435766597191704437e+06
1.050283991122716479e+07
0.000000000000000000e+00
0.000000000000000000e+00
0.000000000000000000e+00
0.000000000000000000e+00
5.864517916904202662e+06
0.000000000000000000e+00
0.000000000000000000e+00
1.362944739369068295e+07
5.182259577388579026e+06
1.149881452334424108e+07
1.315835587065243535e+07
5.444546850261397660e+06
0.000000000000000000e+00
3.254591013987595215e+07
1.443909340519817919e+07
0.000000000000000000e+00
0.000000000000000000e+00
5.864517916904202662e+06
0.000000000000000000e+00
5.395283542444266379e+06
8.868899024300519377e+06
2.122652280593764782e+07
5.395283542444266379e+06
2.476613512290724367e+07
1.533036852571553923e+07
1.474974880266601406e+07
3.909670548554420937e+06
0.000000000000000000e+00
7.613503072815756314e+06
0.000000000000000000e+00
0.000000000000000000e+00
0.000000000000000000e+00
1.443909340519817919e+07
0.000000000000000000e+00
0.000000000000000000e+00
0.000000000000000000e+00
0.000000000000000000e+00
5.864517916904202662e+06
8.959812547470519319e+06
3.909670548554420937e+06
0.000000000000000000e+00
0.000000000000000000e+00
3.909670548554420937e+06
0.000000000000000000e+00
0.000000000000000000e+00
1.072368289471048117e+07
3.909670548554420937e+06
2.999238710377632175e+06
0.000000000000000000e+00
0.000000000000000000e+00
0.000000000000000000e+00
0.000000000000000000e+00
0.000000000000000000e+00
0.000000000000000000e+00
0.000000000000000000e+00
1.751090676442807540e+07
0.000000000000000000e+00
0.000000000000000000e+00
8.868899024300519377e+06
0.000000000000000000e+00
0.000000000000000000e+00
0.000000000000000000e+00
1.217832084175661393e+07
1.845917493477476016e+07
0.000000000000000000e+00
0.000000000000000000e+00
1.419927172399907373e+07
0.000000000000000000e+00
0.000000000000000000e+00
1.419927172399907373e+07
0.000000000000000000e+00
0.000000000000000000e+00
0.000000000000000000e+00
0.000000000000000000e+00
0.000000000000000000e+00
0.000000000000000000e+00
0.000000000000000000e+00
1.072368289471048117e+07
0.000000000000000000e+00
2.504780393778155372e+07
0.000000000000000000e+00
7.613503072815756314e+06
0.000000000000000000e+00
0.000000000000000000e+00
0.000000000000000000e+00
5.395283542444266379e+06
0.000000000000000000e+00
6.316554945955662057e+06
0.000000000000000000e+00
2.271454555235998333e+07
0.000000000000000000e+00
1.443909340519817919e+07
0.000000000000000000e+00
0.000000000000000000e+00
0.000000000000000000e+00
0.000000000000000000e+00
0.000000000000000000e+00
2.236325187548176944e+07
0.000000000000000000e+00
9.435766597191704437e+06
2.590542901724997535e+07
0.000000000000000000e+00
0.000000000000000000e+00
0.000000000000000000e+00
0.000000000000000000e+00
0.000000000000000000e+00
1.745505987844370306e+07
5.960573837092886679e+06
0.000000000000000000e+00
0.000000000000000000e+00
1.426418256674478576e+07
0.000000000000000000e+00
0.000000000000000000e+00
0.000000000000000000e+00
1.678489031120113283e+07
2.330799242949869856e+07
1.134034346093973704e+07
0.000000000000000000e+00
0.000000000000000000e+00
1.616822974497187883e+07
0.000000000000000000e+00
7.384177026644445956e+06
0.000000000000000000e+00
1.474974880266601406e+07
0.000000000000000000e+00
0.000000000000000000e+00
0.000000000000000000e+00
1.419927172399907373e+07
0.000000000000000000e+00
0.000000000000000000e+00
0.000000000000000000e+00
0.000000000000000000e+00
1.673562700338400342e+07
1.134034346093973704e+07
0.000000000000000000e+00
0.000000000000000000e+00
0.000000000000000000e+00
0.000000000000000000e+00
1.751090676442807540e+07
0.000000000000000000e+00
2.692806964442262799e+07
0.000000000000000000e+00
1.512746192996306531e+07
9.435766597191704437e+06
0.000000000000000000e+00
0.000000000000000000e+00
0.000000000000000000e+00
5.864517916904202662e+06
0.000000000000000000e+00
1.362944739369068295e+07
1.745505987844370306e+07
0.000000000000000000e+00
3.181989368664900959e+07
0.000000000000000000e+00
0.000000000000000000e+00
0.000000000000000000e+00
0.000000000000000000e+00
1.142829585189435631e+07
1.134034346093973704e+07
0.000000000000000000e+00
0.000000000000000000e+00
0.000000000000000000e+00
1.315835587065243535e+07
0.000000000000000000e+00
6.316554945955662057e+06
0.000000000000000000e+00
1.072368289471048117e+07
0.000000000000000000e+00
0.000000000000000000e+00
1.803424208582551032e+07
0.000000000000000000e+00
0.000000000000000000e+00
0.000000000000000000e+00
5.444546850261397660e+06
0.000000000000000000e+00
0.000000000000000000e+00
1.482947286139340699e+07
0.000000000000000000e+00
0.000000000000000000e+00
0.000000000000000000e+00
0.000000000000000000e+00
0.000000000000000000e+00
0.000000000000000000e+00
8.868899024300519377e+06
0.000000000000000000e+00
0.000000000000000000e+00
0.000000000000000000e+00
1.362944739369068295e+07
9.435766597191704437e+06
0.000000000000000000e+00
1.134034346093973704e+07
1.050283991122716479e+07
0.000000000000000000e+00
0.000000000000000000e+00
0.000000000000000000e+00
3.909670548554420937e+06
0.000000000000000000e+00
1.533036852571553923e+07
0.000000000000000000e+00
1.050283991122716479e+07
0.000000000000000000e+00
0.000000000000000000e+00
0.000000000000000000e+00
0.000000000000000000e+00
0.000000000000000000e+00
0.000000000000000000e+00
0.000000000000000000e+00
0.000000000000000000e+00
0.000000000000000000e+00
1.533036852571553923e+07
0.000000000000000000e+00
5.395283542444266379e+06
0.000000000000000000e+00
0.000000000000000000e+00
2.106630374862167612e+07
0.000000000000000000e+00
0.000000000000000000e+00
0.000000000000000000e+00
0.000000000000000000e+00
1.719851043437670544e+07
0.000000000000000000e+00
0.000000000000000000e+00
5.182259577388579026e+06
0.000000000000000000e+00
0.000000000000000000e+00
1.443909340519817919e+07
1.050283991122716479e+07
0.000000000000000000e+00
0.000000000000000000e+00
0.000000000000000000e+00
5.444546850261397660e+06
0.000000000000000000e+00
8.868899024300519377e+06
1.217832084175661393e+07
1.419927172399907373e+07
0.000000000000000000e+00
0.000000000000000000e+00
0.000000000000000000e+00
0.000000000000000000e+00
1.217832084175661393e+07
0.000000000000000000e+00
1.745505987844370306e+07
3.909670548554420937e+06
1.315835587065243535e+07
0.000000000000000000e+00
0.000000000000000000e+00
2.561254649528072029e+07
0.000000000000000000e+00
0.000000000000000000e+00
0.000000000000000000e+00
1.217832084175661393e+07
0.000000000000000000e+00
0.000000000000000000e+00
5.444546850261397660e+06
1.533036852571553923e+07
0.000000000000000000e+00
1.533036852571553923e+07
5.444546850261397660e+06
5.182259577388579026e+06
5.444546850261397660e+06
0.000000000000000000e+00
0.000000000000000000e+00
0.000000000000000000e+00
5.864517916904202662e+06
1.530028451409590617e+07
0.000000000000000000e+00
8.868899024300519377e+06
0.000000000000000000e+00
0.000000000000000000e+00
0.000000000000000000e+00
0.000000000000000000e+00
3.909670548554420937e+06
2.815909240262138098e+07
0.000000000000000000e+00
0.000000000000000000e+00
0.000000000000000000e+00
1.072368289471048117e+07
0.000000000000000000e+00
1.527906521442708373e+07
0.000000000000000000e+00
0.000000000000000000e+00
0.000000000000000000e+00
3.909670548554420937e+06
0.000000000000000000e+00
0.000000000000000000e+00
1.134034346093973704e+07
0.000000000000000000e+00
1.443909340519817919e+07
2.533667671240904927e+07
1.652260303832831606e+07
2.999238710377632175e+06
1.947491081660809740e+07
0.000000000000000000e+00
1.474974880266601406e+07
1.134034346093973704e+07
0.000000000000000000e+00
4.406666454628549516e+07
2.835657862638708204e+07
0.000000000000000000e+00
0.000000000000000000e+00
0.000000000000000000e+00
2.999238710377632175e+06
0.000000000000000000e+00
0.000000000000000000e+00
0.000000000000000000e+00
0.000000000000000000e+00
0.000000000000000000e+00
0.000000000000000000e+00
1.072368289471048117e+07
1.751090676442807540e+07
0.000000000000000000e+00
0.000000000000000000e+00
0.000000000000000000e+00
0.000000000000000000e+00
0.000000000000000000e+00
0.000000000000000000e+00
1.503500337544787675e+07
0.000000000000000000e+00
0.000000000000000000e+00
0.000000000000000000e+00
1.134034346093973704e+07
0.000000000000000000e+00
2.274096500277882069e+07
0.000000000000000000e+00
2.363503832119077817e+07
0.000000000000000000e+00
1.061274178319338895e+07
1.529372047383645363e+07
0.000000000000000000e+00
0.000000000000000000e+00
5.182259577388579026e+06
0.000000000000000000e+00
0.000000000000000000e+00
0.000000000000000000e+00
1.512746192996306531e+07
3.909670548554420937e+06
0.000000000000000000e+00
0.000000000000000000e+00
0.000000000000000000e+00
1.050283991122716479e+07
0.000000000000000000e+00
1.050283991122716479e+07
0.000000000000000000e+00
1.503500337544787675e+07
0.000000000000000000e+00
0.000000000000000000e+00
1.405115860168909840e+07
0.000000000000000000e+00
9.435766597191704437e+06
1.134034346093973704e+07
5.182259577388579026e+06
0.000000000000000000e+00
0.000000000000000000e+00
2.413228730491784960e+07
1.217832084175661393e+07
0.000000000000000000e+00
1.072368289471048117e+07
0.000000000000000000e+00
9.435766597191704437e+06
0.000000000000000000e+00
1.217832084175661393e+07
1.084567186195900477e+07
1.050283991122716479e+07
0.000000000000000000e+00
0.000000000000000000e+00
1.512746192996306531e+07
1.611896643715474755e+07
1.022622549451008253e+07
0.000000000000000000e+00
1.533036852571553923e+07
0.000000000000000000e+00
0.000000000000000000e+00
0.000000000000000000e+00
0.000000000000000000e+00
1.072368289471048117e+07
0.000000000000000000e+00
0.000000000000000000e+00
5.864517916904202662e+06
0.000000000000000000e+00
0.000000000000000000e+00
0.000000000000000000e+00
0.000000000000000000e+00
7.384177026644445956e+06
2.999238710377632175e+06
1.443909340519817919e+07
1.443909340519817919e+07
0.000000000000000000e+00
0.000000000000000000e+00
0.000000000000000000e+00
0.000000000000000000e+00
0.000000000000000000e+00
0.000000000000000000e+00
5.864517916904202662e+06
1.443909340519817919e+07
0.000000000000000000e+00
0.000000000000000000e+00
0.000000000000000000e+00
8.868899024300519377e+06
0.000000000000000000e+00
8.868899024300519377e+06
0.000000000000000000e+00
0.000000000000000000e+00
0.000000000000000000e+00
3.909670548554420937e+06
0.000000000000000000e+00
1.745505987844370306e+07
1.315835587065243535e+07
0.000000000000000000e+00
5.182259577388579026e+06
1.751090676442807540e+07
2.999238710377632175e+06
0.000000000000000000e+00
0.000000000000000000e+00
0.000000000000000000e+00
2.999238710377632175e+06
7.384177026644445956e+06
1.533036852571553923e+07
1.419927172399907373e+07
0.000000000000000000e+00
0.000000000000000000e+00
0.000000000000000000e+00
0.000000000000000000e+00
1.134034346093973704e+07
1.171183848839992844e+07
0.000000000000000000e+00
1.745505987844370306e+07
1.533036852571553923e+07
3.226065556709408760e+07
0.000000000000000000e+00
0.000000000000000000e+00
0.000000000000000000e+00
0.000000000000000000e+00
0.000000000000000000e+00
0.000000000000000000e+00
0.000000000000000000e+00
7.384177026644445956e+06
0.000000000000000000e+00
0.000000000000000000e+00
0.000000000000000000e+00
0.000000000000000000e+00
0.000000000000000000e+00
1.680624569905189052e+07
3.459893896629013866e+07
5.182259577388579026e+06
7.384177026644445956e+06
2.156935475666948408e+07
0.000000000000000000e+00
0.000000000000000000e+00
0.000000000000000000e+00
0.000000000000000000e+00
2.435313028840116411e+07
0.000000000000000000e+00
1.962135298258675635e+07
2.862680628627106547e+07
0.000000000000000000e+00
0.000000000000000000e+00
0.000000000000000000e+00
2.004257034123445302e+07
5.395283542444266379e+06
0.000000000000000000e+00
5.864517916904202662e+06
1.419927172399907373e+07
0.000000000000000000e+00
2.999238710377632175e+06
1.362944739369068295e+07
0.000000000000000000e+00
0.000000000000000000e+00
2.675866437760989368e+07
1.315835587065243535e+07
0.000000000000000000e+00
2.004257034123445302e+07
0.000000000000000000e+00
0.000000000000000000e+00
0.000000000000000000e+00
0.000000000000000000e+00
1.461802617458028346e+07
5.182259577388579026e+06
0.000000000000000000e+00
1.533036852571553923e+07
1.134034346093973704e+07
5.444546850261397660e+06
0.000000000000000000e+00
0.000000000000000000e+00
1.084567186195900477e+07
5.843298617235378362e+06
0.000000000000000000e+00
1.217832084175661393e+07
7.384177026644445956e+06
0.000000000000000000e+00
0.000000000000000000e+00
2.059304741990139335e+07
0.000000000000000000e+00
3.100512135386119038e+07
7.384177026644445956e+06
0.000000000000000000e+00
0.000000000000000000e+00
0.000000000000000000e+00
1.503500337544787675e+07
1.084567186195900477e+07
0.000000000000000000e+00
5.864517916904202662e+06
5.182259577388579026e+06
0.000000000000000000e+00
0.000000000000000000e+00
0.000000000000000000e+00
0.000000000000000000e+00
0.000000000000000000e+00
1.315835587065243535e+07
0.000000000000000000e+00
3.909670548554420937e+06
5.864517916904202662e+06
0.000000000000000000e+00
0.000000000000000000e+00
2.193129000754641369e+07
1.419927172399907373e+07
0.000000000000000000e+00
0.000000000000000000e+00
0.000000000000000000e+00
0.000000000000000000e+00
0.000000000000000000e+00
0.000000000000000000e+00
0.000000000000000000e+00
0.000000000000000000e+00
8.868899024300519377e+06
3.266657987220817059e+07
0.000000000000000000e+00
1.134034346093973704e+07
0.000000000000000000e+00
0.000000000000000000e+00
1.362944739369068295e+07
5.960573837092886679e+06
0.000000000000000000e+00
0.000000000000000000e+00
1.217832084175661393e+07
1.529372047383645363e+07
1.512746192996306531e+07
1.334475086373733357e+07
2.051014547480570897e+07
0.000000000000000000e+00
1.474974880266601406e+07
3.909670548554420937e+06
0.000000000000000000e+00
0.000000000000000000e+00
0.000000000000000000e+00
5.843298617235378362e+06
1.751090676442807540e+07
1.512746192996306531e+07
5.182259577388579026e+06
0.000000000000000000e+00
0.000000000000000000e+00
0.000000000000000000e+00
0.000000000000000000e+00
0.000000000000000000e+00
0.000000000000000000e+00
0.000000000000000000e+00
0.000000000000000000e+00
1.443909340519817919e+07
1.751090676442807540e+07
0.000000000000000000e+00
1.315835587065243535e+07
1.745505987844370306e+07
7.384177026644445956e+06
8.868899024300519377e+06
0.000000000000000000e+00
0.000000000000000000e+00
0.000000000000000000e+00
1.907399424395208061e+07
1.625307605094496533e+07
0.000000000000000000e+00
0.000000000000000000e+00
0.000000000000000000e+00
0.000000000000000000e+00
1.142829585189435631e+07
1.419927172399907373e+07
0.000000000000000000e+00
0.000000000000000000e+00
0.000000000000000000e+00
0.000000000000000000e+00
0.000000000000000000e+00
2.999238710377632175e+06
0.000000000000000000e+00
0.000000000000000000e+00
2.801374667565523833e+07
0.000000000000000000e+00
0.000000000000000000e+00
5.182259577388579026e+06
2.999238710377632175e+06
0.000000000000000000e+00
1.217832084175661393e+07
0.000000000000000000e+00
5.395283542444266379e+06
1.134034346093973704e+07
8.868899024300519377e+06
0.000000000000000000e+00
0.000000000000000000e+00
1.134034346093973704e+07
0.000000000000000000e+00
0.000000000000000000e+00
0.000000000000000000e+00
0.000000000000000000e+00
1.419927172399907373e+07
1.488031344745310210e+07
1.959258191901100054e+07
0.000000000000000000e+00
1.813889467884949967e+07
1.474974880266601406e+07
0.000000000000000000e+00
5.864517916904202662e+06
0.000000000000000000e+00
0.000000000000000000e+00
9.435766597191704437e+06
0.000000000000000000e+00
1.533036852571553923e+07
0.000000000000000000e+00
1.419927172399907373e+07
0.000000000000000000e+00
0.000000000000000000e+00
0.000000000000000000e+00
1.315835587065243535e+07
0.000000000000000000e+00
2.115823839074065536e+07
0.000000000000000000e+00
8.868899024300519377e+06
0.000000000000000000e+00
1.419927172399907373e+07
0.000000000000000000e+00
0.000000000000000000e+00
0.000000000000000000e+00
0.000000000000000000e+00
0.000000000000000000e+00
1.474974880266601406e+07
0.000000000000000000e+00
0.000000000000000000e+00
0.000000000000000000e+00
1.072368289471048117e+07
0.000000000000000000e+00
0.000000000000000000e+00
0.000000000000000000e+00
0.000000000000000000e+00
1.512746192996306531e+07
0.000000000000000000e+00
0.000000000000000000e+00
0.000000000000000000e+00
1.419927172399907373e+07
0.000000000000000000e+00
0.000000000000000000e+00
0.000000000000000000e+00
0.000000000000000000e+00
0.000000000000000000e+00
5.182259577388579026e+06
0.000000000000000000e+00
0.000000000000000000e+00
1.134034346093973704e+07
1.217832084175661393e+07
1.751090676442807540e+07
0.000000000000000000e+00
0.000000000000000000e+00
0.000000000000000000e+00
0.000000000000000000e+00
0.000000000000000000e+00
5.182259577388579026e+06
0.000000000000000000e+00
1.533036852571553923e+07
0.000000000000000000e+00
0.000000000000000000e+00
1.751090676442807540e+07
0.000000000000000000e+00
0.000000000000000000e+00
8.868899024300519377e+06
1.362944739369068295e+07
1.751090676442807540e+07
6.316554945955662057e+06
0.000000000000000000e+00
0.000000000000000000e+00
1.142829585189435631e+07
5.960573837092886679e+06
0.000000000000000000e+00
1.751090676442807540e+07
0.000000000000000000e+00
5.960573837092886679e+06
0.000000000000000000e+00
7.384177026644445956e+06
0.000000000000000000e+00
1.751090676442807540e+07
0.000000000000000000e+00
1.362944739369068295e+07
0.000000000000000000e+00
5.182259577388579026e+06
1.072368289471048117e+07
0.000000000000000000e+00
0.000000000000000000e+00
5.960573837092886679e+06
0.000000000000000000e+00
1.134034346093973704e+07
0.000000000000000000e+00
0.000000000000000000e+00
2.193113576312152296e+07
1.503500337544787675e+07
1.142829585189435631e+07
0.000000000000000000e+00
0.000000000000000000e+00
0.000000000000000000e+00
0.000000000000000000e+00
1.678489031120113283e+07
0.000000000000000000e+00
7.613503072815756314e+06
1.084567186195900477e+07
3.909670548554420937e+06
0.000000000000000000e+00
1.072368289471048117e+07
2.694667336161977798e+07
1.315835587065243535e+07
0.000000000000000000e+00
1.533036852571553923e+07
0.000000000000000000e+00
0.000000000000000000e+00
1.474974880266601406e+07
0.000000000000000000e+00
1.072368289471048117e+07
0.000000000000000000e+00
1.533036852571553923e+07
7.384177026644445956e+06
0.000000000000000000e+00
1.474974880266601406e+07
2.054253289729688317e+07
0.000000000000000000e+00
5.182259577388579026e+06
1.050283991122716479e+07
2.956655533516124636e+07
1.533036852571553923e+07
0.000000000000000000e+00
0.000000000000000000e+00
0.000000000000000000e+00
5.395283542444266379e+06
7.613503072815756314e+06
3.967028704472412169e+07
0.000000000000000000e+00
1.474974880266601406e+07
1.134034346093973704e+07
0.000000000000000000e+00
5.843298617235378362e+06
0.000000000000000000e+00
0.000000000000000000e+00
1.533036852571553923e+07
0.000000000000000000e+00
0.000000000000000000e+00
2.835657862638708204e+07
0.000000000000000000e+00
1.134034346093973704e+07
0.000000000000000000e+00
1.142829585189435631e+07
2.617604038767454401e+07
0.000000000000000000e+00
1.443909340519817919e+07
0.000000000000000000e+00
2.999238710377632175e+06
7.613503072815756314e+06
2.905711957977846265e+07
1.072368289471048117e+07
0.000000000000000000e+00
4.261783617835236341e+07
0.000000000000000000e+00
5.395283542444266379e+06
1.134034346093973704e+07
0.000000000000000000e+00
1.362944739369068295e+07
1.529372047383645363e+07
9.435766597191704437e+06
5.864517916904202662e+06
0.000000000000000000e+00
0.000000000000000000e+00
0.000000000000000000e+00
0.000000000000000000e+00
0.000000000000000000e+00
1.084567186195900477e+07
0.000000000000000000e+00
0.000000000000000000e+00
5.444546850261397660e+06
1.474974880266601406e+07
0.000000000000000000e+00
0.000000000000000000e+00
0.000000000000000000e+00
1.533036852571553923e+07
0.000000000000000000e+00
2.976946193091371655e+07
0.000000000000000000e+00
0.000000000000000000e+00
3.909670548554420937e+06
0.000000000000000000e+00
0.000000000000000000e+00
5.864517916904202662e+06
5.960573837092886679e+06
1.762286769201800972e+07
0.000000000000000000e+00
0.000000000000000000e+00
5.182259577388579026e+06
0.000000000000000000e+00
5.960573837092886679e+06
0.000000000000000000e+00
0.000000000000000000e+00
1.050283991122716479e+07
5.444546850261397660e+06
0.000000000000000000e+00
0.000000000000000000e+00
1.533036852571553923e+07
2.205259647801393643e+07
0.000000000000000000e+00
0.000000000000000000e+00
5.182259577388579026e+06
1.134034346093973704e+07
0.000000000000000000e+00
1.745505987844370306e+07
0.000000000000000000e+00
0.000000000000000000e+00
0.000000000000000000e+00
0.000000000000000000e+00
2.893920261632243171e+07
0.000000000000000000e+00
3.080645123332954943e+07
1.419927172399907373e+07
0.000000000000000000e+00
0.000000000000000000e+00
1.443909340519817919e+07
8.868899024300519377e+06
1.503500337544787675e+07
0.000000000000000000e+00
0.000000000000000000e+00
1.072368289471048117e+07
1.751090676442807540e+07
1.315835587065243535e+07
1.442753456227198802e+07
2.999238710377632175e+06
1.652260303832831606e+07
0.000000000000000000e+00
2.742253843739722297e+07
1.751090676442807540e+07
1.474974880266601406e+07
0.000000000000000000e+00
0.000000000000000000e+00
1.134034346093973704e+07
1.050283991122716479e+07
0.000000000000000000e+00
3.909670548554420937e+06
0.000000000000000000e+00
0.000000000000000000e+00
1.050283991122716479e+07
0.000000000000000000e+00
5.864517916904202662e+06
0.000000000000000000e+00
1.533036852571553923e+07
1.443909340519817919e+07
0.000000000000000000e+00
0.000000000000000000e+00
0.000000000000000000e+00
0.000000000000000000e+00
5.444546850261397660e+06
2.496979085463041812e+07
0.000000000000000000e+00
3.893698521936650574e+07
0.000000000000000000e+00
7.613503072815756314e+06
0.000000000000000000e+00
0.000000000000000000e+00
0.000000000000000000e+00
0.000000000000000000e+00
0.000000000000000000e+00
1.474974880266601406e+07
3.195000016962625459e+07
1.533036852571553923e+07
1.751090676442807540e+07
7.384177026644445956e+06
0.000000000000000000e+00
0.000000000000000000e+00
0.000000000000000000e+00
0.000000000000000000e+00
0.000000000000000000e+00
5.864517916904202662e+06
5.843298617235378362e+06
0.000000000000000000e+00
0.000000000000000000e+00
5.444546850261397660e+06
0.000000000000000000e+00
1.474974880266601406e+07
0.000000000000000000e+00
7.384177026644445956e+06
5.182259577388579026e+06
0.000000000000000000e+00
1.681939485718282685e+07
0.000000000000000000e+00
0.000000000000000000e+00
4.046413864237211645e+07
7.384177026644445956e+06
0.000000000000000000e+00
0.000000000000000000e+00
1.217832084175661393e+07
0.000000000000000000e+00
1.217832084175661393e+07
7.384177026644445956e+06
0.000000000000000000e+00
0.000000000000000000e+00
0.000000000000000000e+00
0.000000000000000000e+00
1.050283991122716479e+07
0.000000000000000000e+00
0.000000000000000000e+00
0.000000000000000000e+00
0.000000000000000000e+00
0.000000000000000000e+00
0.000000000000000000e+00
5.864517916904202662e+06
1.845917493477476016e+07
5.843298617235378362e+06
0.000000000000000000e+00
2.516277629990866035e+07
0.000000000000000000e+00
0.000000000000000000e+00
5.843298617235378362e+06
0.000000000000000000e+00
0.000000000000000000e+00
5.444546850261397660e+06
1.443909340519817919e+07
0.000000000000000000e+00
0.000000000000000000e+00
0.000000000000000000e+00
0.000000000000000000e+00
5.843298617235378362e+06
0.000000000000000000e+00
2.129094236280842498e+07
0.000000000000000000e+00
1.959002123078357056e+07
5.444546850261397660e+06
7.384177026644445956e+06
2.193113576312152296e+07
0.000000000000000000e+00
1.636735782813136652e+07
0.000000000000000000e+00
1.142829585189435631e+07
0.000000000000000000e+00
1.134034346093973704e+07
1.050283991122716479e+07
0.000000000000000000e+00
1.751090676442807540e+07
1.512746192996306531e+07
1.050283991122716479e+07
0.000000000000000000e+00
0.000000000000000000e+00
8.868899024300519377e+06
0.000000000000000000e+00
0.000000000000000000e+00
0.000000000000000000e+00
0.000000000000000000e+00
0.000000000000000000e+00
1.959258191901100054e+07
5.182259577388579026e+06
3.909670548554420937e+06
1.072368289471048117e+07
0.000000000000000000e+00
0.000000000000000000e+00
5.395283542444266379e+06
0.000000000000000000e+00
2.126085835118879378e+07
0.000000000000000000e+00
1.217832084175661393e+07
5.843298617235378362e+06
1.533036852571553923e+07
2.918884220786419511e+07
5.843298617235378362e+06
3.909670548554420937e+06
0.000000000000000000e+00
0.000000000000000000e+00
7.613503072815756314e+06
3.909670548554420937e+06
1.362944739369068295e+07
1.512746192996306531e+07
0.000000000000000000e+00
1.529372047383645363e+07
1.512746192996306531e+07
0.000000000000000000e+00
0.000000000000000000e+00
0.000000000000000000e+00
1.512746192996306531e+07
1.529372047383645363e+07
0.000000000000000000e+00
0.000000000000000000e+00
9.774188465458624065e+06
0.000000000000000000e+00
0.000000000000000000e+00
1.443909340519817919e+07
1.362944739369068295e+07
0.000000000000000000e+00
3.909670548554420937e+06
0.000000000000000000e+00
1.512746192996306531e+07
1.180387245432826504e+07
0.000000000000000000e+00
0.000000000000000000e+00
0.000000000000000000e+00
0.000000000000000000e+00
3.258252180840677023e+07
3.909670548554420937e+06
0.000000000000000000e+00
0.000000000000000000e+00
0.000000000000000000e+00
0.000000000000000000e+00
0.000000000000000000e+00
0.000000000000000000e+00
0.000000000000000000e+00
1.533036852571553923e+07
1.084567186195900477e+07
2.999238710377632175e+06
0.000000000000000000e+00
0.000000000000000000e+00
1.142829585189435631e+07
0.000000000000000000e+00
0.000000000000000000e+00
0.000000000000000000e+00
5.444546850261397660e+06
0.000000000000000000e+00
0.000000000000000000e+00
1.142829585189435631e+07
0.000000000000000000e+00
5.960573837092886679e+06
1.362944739369068295e+07
1.186813773467815109e+07
0.000000000000000000e+00
0.000000000000000000e+00
2.388203876536291838e+07
0.000000000000000000e+00
1.512746192996306531e+07
7.384177026644445956e+06
0.000000000000000000e+00
2.667071198665527627e+07
0.000000000000000000e+00
0.000000000000000000e+00
0.000000000000000000e+00
0.000000000000000000e+00
0.000000000000000000e+00
1.503500337544787675e+07
0.000000000000000000e+00
0.000000000000000000e+00
1.084567186195900477e+07
1.751090676442807540e+07
0.000000000000000000e+00
1.315835587065243535e+07
0.000000000000000000e+00
0.000000000000000000e+00
1.315835587065243535e+07
0.000000000000000000e+00
5.182259577388579026e+06
2.399636095426358283e+07
6.316554945955662057e+06
6.316554945955662057e+06
0.000000000000000000e+00
0.000000000000000000e+00
5.864517916904202662e+06
3.909670548554420937e+06
0.000000000000000000e+00
0.000000000000000000e+00
0.000000000000000000e+00
1.084567186195900477e+07
0.000000000000000000e+00
0.000000000000000000e+00
0.000000000000000000e+00
0.000000000000000000e+00
5.395283542444266379e+06
0.000000000000000000e+00
2.347148060152096301e+07
0.000000000000000000e+00
5.843298617235378362e+06
5.864517916904202662e+06
2.999238710377632175e+06
0.000000000000000000e+00
1.050283991122716479e+07
0.000000000000000000e+00
0.000000000000000000e+00
5.009342857283484936e+07
1.745505987844370306e+07
0.000000000000000000e+00
0.000000000000000000e+00
5.960573837092886679e+06
0.000000000000000000e+00
0.000000000000000000e+00
0.000000000000000000e+00
0.000000000000000000e+00
0.000000000000000000e+00
9.435766597191704437e+06
0.000000000000000000e+00
1.372292160508811288e+07
0.000000000000000000e+00
0.000000000000000000e+00
3.909670548554420937e+06
3.189289172801613808e+07
0.000000000000000000e+00
5.182259577388579026e+06
0.000000000000000000e+00
0.000000000000000000e+00
0.000000000000000000e+00
0.000000000000000000e+00
0.000000000000000000e+00
0.000000000000000000e+00
0.000000000000000000e+00
0.000000000000000000e+00
7.384177026644445956e+06
0.000000000000000000e+00
0.000000000000000000e+00
0.000000000000000000e+00
1.745505987844370306e+07
2.637980578872859478e+07
0.000000000000000000e+00
2.999238710377632175e+06
5.843298617235378362e+06
0.000000000000000000e+00
5.960573837092886679e+06
0.000000000000000000e+00
1.745505987844370306e+07
7.613503072815756314e+06
0.000000000000000000e+00
7.384177026644445956e+06
1.512746192996306531e+07
0.000000000000000000e+00
2.999238710377632175e+06
0.000000000000000000e+00
1.419927172399907373e+07
0.000000000000000000e+00
0.000000000000000000e+00
0.000000000000000000e+00
0.000000000000000000e+00
0.000000000000000000e+00
1.474974880266601406e+07
0.000000000000000000e+00
5.843298617235378362e+06
0.000000000000000000e+00
0.000000000000000000e+00
5.864517916904202662e+06
0.000000000000000000e+00
7.384177026644445956e+06
0.000000000000000000e+00
1.134034346093973704e+07
1.671018977886320651e+07
0.000000000000000000e+00
0.000000000000000000e+00
2.227396771385335922e+07
1.084567186195900477e+07
3.909670548554420937e+06
0.000000000000000000e+00
0.000000000000000000e+00
2.999238710377632175e+06
0.000000000000000000e+00
0.000000000000000000e+00
1.512746192996306531e+07
0.000000000000000000e+00
1.419927172399907373e+07
1.443909340519817919e+07
0.000000000000000000e+00
0.000000000000000000e+00
1.751090676442807540e+07
0.000000000000000000e+00
0.000000000000000000e+00
1.084567186195900477e+07
9.435766597191704437e+06
0.000000000000000000e+00
0.000000000000000000e+00
0.000000000000000000e+00
1.474974880266601406e+07
1.533036852571553923e+07
0.000000000000000000e+00
0.000000000000000000e+00
2.577943686613791436e+07
0.000000000000000000e+00
1.512746192996306531e+07
0.000000000000000000e+00
1.751090676442807540e+07
0.000000000000000000e+00
0.000000000000000000e+00
0.000000000000000000e+00
1.134034346093973704e+07
0.000000000000000000e+00
1.533036852571553923e+07
0.000000000000000000e+00
5.395283542444266379e+06
1.529372047383645363e+07
0.000000000000000000e+00
5.960573837092886679e+06
0.000000000000000000e+00
1.443909340519817919e+07
1.217832084175661393e+07
1.072368289471048117e+07
0.000000000000000000e+00
2.533667671240904927e+07
7.384177026644445956e+06
0.000000000000000000e+00
0.000000000000000000e+00
0.000000000000000000e+00
0.000000000000000000e+00
7.384177026644445956e+06
0.000000000000000000e+00
2.052274547240733355e+07
0.000000000000000000e+00
0.000000000000000000e+00
0.000000000000000000e+00
0.000000000000000000e+00
1.474974880266601406e+07
8.868899024300519377e+06
1.419927172399907373e+07
0.000000000000000000e+00
2.584335196141920984e+07
0.000000000000000000e+00
6.316554945955662057e+06
1.751090676442807540e+07
0.000000000000000000e+00
1.474974880266601406e+07
1.615759458103006706e+07
1.125980145934846997e+07
0.000000000000000000e+00
8.868899024300519377e+06
0.000000000000000000e+00
0.000000000000000000e+00
0.000000000000000000e+00
0.000000000000000000e+00
0.000000000000000000e+00
0.000000000000000000e+00
1.142829585189435631e+07
2.757086633043402433e+07
0.000000000000000000e+00
0.000000000000000000e+00
0.000000000000000000e+00
1.529372047383645363e+07
0.000000000000000000e+00
5.395283542444266379e+06
0.000000000000000000e+00
0.000000000000000000e+00
1.533036852571553923e+07
2.735762759465150908e+07
1.474974880266601406e+07
0.000000000000000000e+00
0.000000000000000000e+00
0.000000000000000000e+00
5.864517916904202662e+06
0.000000000000000000e+00
1.661055542928293534e+07
1.503500337544787675e+07
0.000000000000000000e+00
2.815603597011263669e+07
0.000000000000000000e+00
1.533036852571553923e+07
6.316554945955662057e+06
1.751090676442807540e+07
0.000000000000000000e+00
1.142829585189435631e+07
0.000000000000000000e+00
0.000000000000000000e+00
5.182259577388579026e+06
7.384177026644445956e+06
3.909670548554420937e+06
2.218601532289874181e+07
1.315835587065243535e+07
0.000000000000000000e+00
0.000000000000000000e+00
0.000000000000000000e+00
0.000000000000000000e+00
0.000000000000000000e+00
0.000000000000000000e+00
0.000000000000000000e+00
2.999238710377632175e+06
0.000000000000000000e+00
9.435766597191704437e+06
0.000000000000000000e+00
0.000000000000000000e+00
0.000000000000000000e+00
0.000000000000000000e+00
0.000000000000000000e+00
0.000000000000000000e+00
2.655575778185742348e+07
0.000000000000000000e+00
0.000000000000000000e+00
0.000000000000000000e+00
1.057754311983284540e+07
3.909670548554420937e+06
0.000000000000000000e+00
0.000000000000000000e+00
0.000000000000000000e+00
0.000000000000000000e+00
0.000000000000000000e+00
0.000000000000000000e+00
0.000000000000000000e+00
4.759102409280962497e+07
2.848872439636797458e+07
0.000000000000000000e+00
0.000000000000000000e+00
1.829295918421408534e+07
0.000000000000000000e+00
5.843298617235378362e+06
8.868899024300519377e+06
0.000000000000000000e+00
5.843298617235378362e+06
0.000000000000000000e+00
0.000000000000000000e+00
0.000000000000000000e+00
1.503500337544787675e+07
1.384491057233663648e+07
0.000000000000000000e+00
0.000000000000000000e+00
2.136473042699812353e+07
0.000000000000000000e+00
1.441251045978158526e+07
0.000000000000000000e+00
0.000000000000000000e+00
2.382746171038373560e+07
1.503500337544787675e+07
0.000000000000000000e+00
0.000000000000000000e+00
1.443909340519817919e+07
0.000000000000000000e+00
0.000000000000000000e+00
2.617604038767454401e+07
0.000000000000000000e+00
0.000000000000000000e+00
0.000000000000000000e+00
5.864517916904202662e+06
0.000000000000000000e+00
1.529372047383645363e+07
0.000000000000000000e+00
0.000000000000000000e+00
1.243500530756933615e+07
0.000000000000000000e+00
2.061426671957021579e+07
1.736058041914519295e+07
1.084567186195900477e+07
6.316554945955662057e+06
0.000000000000000000e+00
7.384177026644445956e+06
1.050283991122716479e+07
1.305804992307715490e+07
1.072368289471048117e+07
0.000000000000000000e+00
0.000000000000000000e+00
0.000000000000000000e+00
0.000000000000000000e+00
0.000000000000000000e+00
1.900165448788781464e+07
0.000000000000000000e+00
0.000000000000000000e+00
1.533036852571553923e+07
1.512746192996306531e+07
7.613503072815756314e+06
0.000000000000000000e+00
0.000000000000000000e+00
0.000000000000000000e+00
1.512746192996306531e+07
1.533036852571553923e+07
0.000000000000000000e+00
3.487148718357326835e+07
1.443909340519817919e+07
0.000000000000000000e+00
0.000000000000000000e+00
0.000000000000000000e+00
1.084567186195900477e+07
1.134034346093973704e+07
0.000000000000000000e+00
1.362944739369068295e+07
0.000000000000000000e+00
5.182259577388579026e+06
0.000000000000000000e+00
5.864517916904202662e+06
0.000000000000000000e+00
1.362944739369068295e+07
0.000000000000000000e+00
1.629021871222040243e+07
1.419927172399907373e+07
1.084567186195900477e+07
2.330799242949869856e+07
0.000000000000000000e+00
7.613503072815756314e+06
0.000000000000000000e+00
2.646780539090280235e+07
5.444546850261397660e+06
3.771290087592877448e+07
2.952964024971461296e+07
0.000000000000000000e+00
1.443909340519817919e+07
0.000000000000000000e+00
2.075564835115384310e+07
5.182259577388579026e+06
1.602793143934758380e+07
1.072368289471048117e+07
1.134034346093973704e+07
2.586738925709253550e+07
1.512746192996306531e+07
0.000000000000000000e+00
5.843298617235378362e+06
0.000000000000000000e+00
0.000000000000000000e+00
0.000000000000000000e+00
0.000000000000000000e+00
0.000000000000000000e+00
0.000000000000000000e+00
0.000000000000000000e+00
1.123858215967964381e+07
0.000000000000000000e+00
1.529372047383645363e+07
1.217832084175661393e+07
1.142829585189435631e+07
1.512746192996306531e+07
1.512746192996306531e+07
0.000000000000000000e+00
0.000000000000000000e+00
1.533036852571553923e+07
5.278679339128693193e+07
0.000000000000000000e+00
0.000000000000000000e+00
1.084567186195900477e+07
1.050283991122716479e+07
2.377161482439936697e+07
0.000000000000000000e+00
0.000000000000000000e+00
0.000000000000000000e+00
3.909670548554420937e+06
1.315835587065243535e+07
0.000000000000000000e+00
0.000000000000000000e+00
0.000000000000000000e+00
3.909670548554420937e+06
0.000000000000000000e+00
0.000000000000000000e+00
0.000000000000000000e+00
0.000000000000000000e+00
0.000000000000000000e+00
0.000000000000000000e+00
1.134034346093973704e+07
1.503500337544787675e+07
1.072368289471048117e+07
2.052274547240733355e+07
5.960573837092886679e+06
0.000000000000000000e+00
5.843298617235378362e+06
2.227396771385335922e+07
0.000000000000000000e+00
0.000000000000000000e+00
0.000000000000000000e+00
1.512746192996306531e+07
0.000000000000000000e+00
2.667071198665527627e+07
1.050283991122716479e+07
0.000000000000000000e+00
0.000000000000000000e+00
5.960573837092886679e+06
2.054253289729688317e+07
1.533036852571553923e+07
0.000000000000000000e+00
0.000000000000000000e+00
0.000000000000000000e+00
1.971457088625952601e+07
0.000000000000000000e+00
1.170781653413958102e+07
0.000000000000000000e+00
0.000000000000000000e+00
0.000000000000000000e+00
0.000000000000000000e+00
5.843298617235378362e+06
3.909670548554420937e+06
8.868899024300519377e+06
0.000000000000000000e+00
0.000000000000000000e+00
0.000000000000000000e+00
0.000000000000000000e+00
5.182259577388579026e+06
8.868899024300519377e+06
5.395283542444266379e+06
0.000000000000000000e+00
0.000000000000000000e+00
0.000000000000000000e+00
7.613503072815756314e+06
0.000000000000000000e+00
0.000000000000000000e+00
0.000000000000000000e+00
0.000000000000000000e+00
1.611896643715474755e+07
0.000000000000000000e+00
5.864517916904202662e+06
1.745505987844370306e+07
2.306521399088238925e+07
0.000000000000000000e+00
1.503500337544787675e+07
0.000000000000000000e+00
0.000000000000000000e+00
1.217832084175661393e+07
2.503712876927239820e+07
1.668897047919438407e+07
1.084567186195900477e+07
0.000000000000000000e+00
0.000000000000000000e+00
0.000000000000000000e+00
0.000000000000000000e+00
3.322400266013402492e+07
7.613503072815756314e+06
1.751090676442807540e+07
0.000000000000000000e+00
5.843298617235378362e+06
3.662510872809691727e+07
5.444546850261397660e+06
3.909670548554420937e+06
1.788701693787161261e+07
0.000000000000000000e+00
0.000000000000000000e+00
0.000000000000000000e+00
1.315835587065243535e+07
1.512746192996306531e+07
1.217832084175661393e+07
6.316554945955662057e+06
6.316554945955662057e+06
0.000000000000000000e+00
0.000000000000000000e+00
7.384177026644445956e+06
0.000000000000000000e+00
5.444546850261397660e+06
0.000000000000000000e+00
0.000000000000000000e+00
1.362944739369068295e+07
0.000000000000000000e+00
1.227712878304854780e+07
5.864517916904202662e+06
1.474974880266601406e+07
0.000000000000000000e+00
3.909670548554420937e+06
0.000000000000000000e+00
1.134034346093973704e+07
0.000000000000000000e+00
2.274096500277882069e+07
0.000000000000000000e+00
0.000000000000000000e+00
0.000000000000000000e+00
1.730091729803262278e+07
5.395283542444266379e+06
0.000000000000000000e+00
0.000000000000000000e+00
3.909670548554420937e+06
0.000000000000000000e+00
0.000000000000000000e+00
0.000000000000000000e+00
0.000000000000000000e+00
0.000000000000000000e+00
0.000000000000000000e+00
0.000000000000000000e+00
0.000000000000000000e+00
1.419927172399907373e+07
0.000000000000000000e+00
0.000000000000000000e+00
5.395283542444266379e+06
0.000000000000000000e+00
7.384177026644445956e+06
7.613503072815756314e+06
0.000000000000000000e+00
0.000000000000000000e+00
0.000000000000000000e+00
5.444546850261397660e+06
5.843298617235378362e+06
0.000000000000000000e+00
1.134034346093973704e+07
1.362944739369068295e+07
0.000000000000000000e+00
1.751090676442807540e+07
8.868899024300519377e+06
0.000000000000000000e+00
0.000000000000000000e+00
0.000000000000000000e+00
0.000000000000000000e+00
0.000000000000000000e+00
5.843298617235378362e+06
2.390390239974839613e+07
2.400402773261144012e+07
0.000000000000000000e+00
0.000000000000000000e+00
1.512746192996306531e+07
0.000000000000000000e+00
0.000000000000000000e+00
0.000000000000000000e+00
0.000000000000000000e+00
0.000000000000000000e+00
0.000000000000000000e+00
2.182327043184262514e+07
0.000000000000000000e+00
0.000000000000000000e+00
1.134034346093973704e+07
0.000000000000000000e+00
1.357407690990864299e+07
1.646341374832005054e+07
1.662868610406831466e+07
0.000000000000000000e+00
7.384177026644445956e+06
0.000000000000000000e+00
0.000000000000000000e+00
8.868899024300519377e+06
1.315835587065243535e+07
0.000000000000000000e+00
0.000000000000000000e+00
0.000000000000000000e+00
3.909670548554420937e+06
0.000000000000000000e+00
0.000000000000000000e+00
0.000000000000000000e+00
0.000000000000000000e+00
0.000000000000000000e+00
0.000000000000000000e+00
0.000000000000000000e+00
0.000000000000000000e+00
0.000000000000000000e+00
0.000000000000000000e+00
0.000000000000000000e+00
2.306817074829959124e+07
3.909670548554420937e+06
1.362944739369068295e+07
0.000000000000000000e+00
0.000000000000000000e+00
5.395283542444266379e+06
1.072368289471048117e+07
0.000000000000000000e+00
0.000000000000000000e+00
0.000000000000000000e+00
0.000000000000000000e+00
1.878929771399873123e+07
0.000000000000000000e+00
0.000000000000000000e+00
9.435766597191704437e+06
0.000000000000000000e+00
5.395283542444266379e+06
1.751090676442807540e+07
2.400402773261144012e+07
0.000000000000000000e+00
0.000000000000000000e+00
0.000000000000000000e+00
5.843298617235378362e+06
0.000000000000000000e+00
0.000000000000000000e+00
1.134034346093973704e+07
0.000000000000000000e+00
1.315835587065243535e+07
0.000000000000000000e+00
0.000000000000000000e+00
0.000000000000000000e+00
1.128784546749677509e+07
5.395283542444266379e+06
0.000000000000000000e+00
0.000000000000000000e+00
1.315835587065243535e+07
1.134034346093973704e+07
0.000000000000000000e+00
5.843298617235378362e+06
0.000000000000000000e+00
1.072368289471048117e+07
1.751090676442807540e+07
0.000000000000000000e+00
0.000000000000000000e+00
2.028239202243355662e+07
0.000000000000000000e+00
0.000000000000000000e+00
0.000000000000000000e+00
0.000000000000000000e+00
0.000000000000000000e+00
0.000000000000000000e+00
0.000000000000000000e+00
1.512746192996306531e+07
1.993200838005459309e+07
2.672201632573080808e+07
1.217832084175661393e+07
2.447511925564968586e+07
1.134034346093973704e+07
1.529372047383645363e+07
1.315835587065243535e+07
5.843298617235378362e+06
0.000000000000000000e+00
7.613503072815756314e+06
0.000000000000000000e+00
1.443909340519817919e+07
1.393005801877141744e+07
0.000000000000000000e+00
0.000000000000000000e+00
0.000000000000000000e+00
0.000000000000000000e+00
0.000000000000000000e+00
0.000000000000000000e+00
0.000000000000000000e+00
0.000000000000000000e+00
1.902287378755663708e+07
0.000000000000000000e+00
0.000000000000000000e+00
5.444546850261397660e+06
1.443909340519817919e+07
0.000000000000000000e+00
0.000000000000000000e+00
1.362944739369068295e+07
0.000000000000000000e+00
2.999238710377632175e+06
0.000000000000000000e+00
1.362944739369068295e+07
2.601740336854693294e+07
5.960573837092886679e+06
0.000000000000000000e+00
9.435766597191704437e+06
0.000000000000000000e+00
1.443909340519817919e+07
5.433986922104152292e+07
7.613503072815756314e+06
0.000000000000000000e+00
7.613503072815756314e+06
0.000000000000000000e+00
0.000000000000000000e+00
0.000000000000000000e+00
1.533036852571553923e+07
0.000000000000000000e+00
0.000000000000000000e+00
1.751090676442807540e+07
0.000000000000000000e+00
9.752969165789799765e+06
2.963338072020031512e+07
8.868899024300519377e+06
2.184318337216690183e+07
0.000000000000000000e+00
1.050283991122716479e+07
0.000000000000000000e+00
0.000000000000000000e+00
0.000000000000000000e+00
1.315835587065243535e+07
0.000000000000000000e+00
1.751090676442807540e+07
0.000000000000000000e+00
0.000000000000000000e+00
0.000000000000000000e+00
1.443909340519817919e+07
1.533036852571553923e+07
0.000000000000000000e+00
2.113701909107183293e+07
0.000000000000000000e+00
5.182259577388579026e+06
0.000000000000000000e+00
0.000000000000000000e+00
2.504494358595807850e+07
0.000000000000000000e+00
0.000000000000000000e+00
1.474974880266601406e+07
1.362944739369068295e+07
1.512746192996306531e+07
1.443909340519817919e+07
0.000000000000000000e+00
1.315835587065243535e+07
0.000000000000000000e+00
0.000000000000000000e+00
0.000000000000000000e+00
0.000000000000000000e+00
0.000000000000000000e+00
0.000000000000000000e+00
1.512746192996306531e+07
0.000000000000000000e+00
7.613503072815756314e+06
1.608799139031103440e+07
0.000000000000000000e+00
0.000000000000000000e+00
0.000000000000000000e+00
1.646341374832005054e+07
0.000000000000000000e+00
0.000000000000000000e+00
1.315835587065243535e+07
5.843298617235378362e+06
1.474974880266601406e+07
1.050283991122716479e+07
1.443909340519817919e+07
5.864517916904202662e+06
0.000000000000000000e+00
2.290619030687234178e+07
0.000000000000000000e+00
1.134034346093973704e+07
0.000000000000000000e+00
0.000000000000000000e+00
0.000000000000000000e+00
1.474974880266601406e+07
0.000000000000000000e+00
8.868899024300519377e+06
0.000000000000000000e+00
0.000000000000000000e+00
0.000000000000000000e+00
0.000000000000000000e+00
0.000000000000000000e+00
1.217832084175661393e+07
2.184318337216690183e+07
0.000000000000000000e+00
5.843298617235378362e+06
0.000000000000000000e+00
5.395283542444266379e+06
5.395283542444266379e+06
2.449869933159217238e+07
0.000000000000000000e+00
1.072368289471048117e+07
1.751090676442807540e+07
1.751090676442807540e+07
0.000000000000000000e+00
0.000000000000000000e+00
0.000000000000000000e+00
1.084567186195900477e+07
1.533036852571553923e+07
0.000000000000000000e+00
6.316554945955662057e+06
0.000000000000000000e+00
0.000000000000000000e+00
0.000000000000000000e+00
0.000000000000000000e+00
2.999238710377632175e+06
0.000000000000000000e+00
0.000000000000000000e+00
0.000000000000000000e+00
5.395283542444266379e+06
0.000000000000000000e+00
3.051582249597172067e+07
0.000000000000000000e+00
0.000000000000000000e+00
1.474974880266601406e+07
0.000000000000000000e+00
0.000000000000000000e+00
1.315835587065243535e+07
0.000000000000000000e+00
1.533036852571553923e+07
0.000000000000000000e+00
0.000000000000000000e+00
0.000000000000000000e+00
0.000000000000000000e+00
0.000000000000000000e+00
0.000000000000000000e+00
1.533036852571553923e+07
0.000000000000000000e+00
0.000000000000000000e+00
0.000000000000000000e+00
0.000000000000000000e+00
0.000000000000000000e+00
2.553784328667504340e+07
1.843095452093722671e+07
1.050283991122716479e+07
0.000000000000000000e+00
5.843298617235378362e+06
4.221301839965431392e+07
0.000000000000000000e+00
0.000000000000000000e+00
0.000000000000000000e+00
0.000000000000000000e+00
0.000000000000000000e+00
0.000000000000000000e+00
5.444546850261397660e+06
5.182259577388579026e+06
0.000000000000000000e+00
1.050283991122716479e+07
1.134034346093973704e+07
0.000000000000000000e+00
0.000000000000000000e+00
0.000000000000000000e+00
1.038341573702207766e+07
0.000000000000000000e+00
0.000000000000000000e+00
4.370956472207223624e+07
0.000000000000000000e+00
0.000000000000000000e+00
0.000000000000000000e+00
1.084567186195900477e+07
0.000000000000000000e+00
1.471219764153589681e+07
0.000000000000000000e+00
0.000000000000000000e+00
5.395283542444266379e+06
0.000000000000000000e+00
0.000000000000000000e+00
0.000000000000000000e+00
0.000000000000000000e+00
0.000000000000000000e+00
0.000000000000000000e+00
5.182259577388579026e+06
5.864517916904202662e+06
1.315835587065243535e+07
5.843298617235378362e+06
0.000000000000000000e+00
1.072368289471048117e+07
1.959002123078357056e+07
7.384177026644445956e+06
0.000000000000000000e+00
0.000000000000000000e+00
1.662868610406831466e+07
0.000000000000000000e+00
0.000000000000000000e+00
0.000000000000000000e+00
2.893920261632243171e+07
0.000000000000000000e+00
0.000000000000000000e+00
5.960573837092886679e+06
1.622671435425745696e+07
1.529372047383645363e+07
1.512746192996306531e+07
1.083983039270566404e+07
2.646780539090280235e+07
0.000000000000000000e+00
0.000000000000000000e+00
0.000000000000000000e+00
5.960573837092886679e+06
0.000000000000000000e+00
0.000000000000000000e+00
5.182259577388579026e+06
1.704023784066614509e+07
0.000000000000000000e+00
1.533036852571553923e+07
6.316554945955662057e+06
0.000000000000000000e+00
1.661055542928293534e+07
0.000000000000000000e+00
0.000000000000000000e+00
0.000000000000000000e+00
0.000000000000000000e+00
1.134034346093973704e+07
0.000000000000000000e+00
0.000000000000000000e+00
5.182259577388579026e+06
1.512746192996306531e+07
0.000000000000000000e+00
0.000000000000000000e+00
0.000000000000000000e+00
1.362944739369068295e+07
0.000000000000000000e+00
1.084567186195900477e+07
1.315835587065243535e+07
0.000000000000000000e+00
0.000000000000000000e+00
0.000000000000000000e+00
0.000000000000000000e+00
6.316554945955662057e+06
0.000000000000000000e+00
0.000000000000000000e+00
0.000000000000000000e+00
2.999238710377632175e+06
5.960573837092886679e+06
0.000000000000000000e+00
0.000000000000000000e+00
5.960573837092886679e+06
0.000000000000000000e+00
1.050283991122716479e+07
1.142829585189435631e+07
0.000000000000000000e+00
0.000000000000000000e+00
2.999238710377632175e+06
1.512746192996306531e+07
0.000000000000000000e+00
1.419927172399907373e+07
1.512746192996306531e+07
0.000000000000000000e+00
0.000000000000000000e+00
1.751090676442807540e+07
0.000000000000000000e+00
1.134034346093973704e+07
0.000000000000000000e+00
1.512746192996306531e+07
2.029719487619487569e+07
0.000000000000000000e+00
0.000000000000000000e+00
0.000000000000000000e+00
0.000000000000000000e+00
0.000000000000000000e+00
0.000000000000000000e+00
0.000000000000000000e+00
2.260014492028820515e+07
1.050283991122716479e+07
2.999238710377632175e+06
0.000000000000000000e+00
0.000000000000000000e+00
0.000000000000000000e+00
0.000000000000000000e+00
0.000000000000000000e+00
9.435766597191704437e+06
0.000000000000000000e+00
0.000000000000000000e+00
0.000000000000000000e+00
0.000000000000000000e+00
0.000000000000000000e+00
3.909670548554420937e+06
5.444546850261397660e+06
0.000000000000000000e+00
7.613503072815756314e+06
0.000000000000000000e+00
1.662868610406831466e+07
1.503500337544787675e+07
0.000000000000000000e+00
1.751090676442807540e+07
0.000000000000000000e+00
0.000000000000000000e+00
0.000000000000000000e+00
0.000000000000000000e+00
0.000000000000000000e+00
0.000000000000000000e+00
0.000000000000000000e+00
1.072368289471048117e+07
1.443909340519817919e+07
0.000000000000000000e+00
0.000000000000000000e+00
1.625307605094496533e+07
0.000000000000000000e+00
0.000000000000000000e+00
1.134034346093973704e+07
0.000000000000000000e+00
1.142829585189435631e+07
0.000000000000000000e+00
0.000000000000000000e+00
1.315835587065243535e+07
0.000000000000000000e+00
0.000000000000000000e+00
0.000000000000000000e+00
0.000000000000000000e+00
1.072368289471048117e+07
0.000000000000000000e+00
0.000000000000000000e+00
0.000000000000000000e+00
0.000000000000000000e+00
0.000000000000000000e+00
0.000000000000000000e+00
0.000000000000000000e+00
0.000000000000000000e+00
1.217832084175661393e+07
1.362944739369068295e+07
1.084567186195900477e+07
0.000000000000000000e+00
0.000000000000000000e+00
5.182259577388579026e+06
0.000000000000000000e+00
2.585114482467354834e+07
2.104721986605713516e+07
1.499768009946020320e+07
0.000000000000000000e+00
2.525258871389317885e+07
0.000000000000000000e+00
1.362944739369068295e+07
1.745505987844370306e+07
0.000000000000000000e+00
1.050283991122716479e+07
3.384747625398667902e+07
0.000000000000000000e+00
1.503500337544787675e+07
9.435766597191704437e+06
1.671018977886320651e+07
7.384177026644445956e+06
0.000000000000000000e+00
0.000000000000000000e+00
0.000000000000000000e+00
0.000000000000000000e+00
0.000000000000000000e+00
0.000000000000000000e+00
1.362944739369068295e+07
0.000000000000000000e+00
0.000000000000000000e+00
5.395283542444266379e+06
1.084567186195900477e+07
0.000000000000000000e+00
5.182259577388579026e+06
0.000000000000000000e+00
0.000000000000000000e+00
0.000000000000000000e+00
1.474974880266601406e+07
0.000000000000000000e+00
0.000000000000000000e+00
1.084567186195900477e+07
1.993760198790200427e+07
8.868899024300519377e+06
1.594738676148856245e+07
1.900165448788781464e+07
0.000000000000000000e+00
0.000000000000000000e+00
0.000000000000000000e+00
0.000000000000000000e+00
5.864517916904202662e+06
2.491945766686949506e+07
0.000000000000000000e+00
0.000000000000000000e+00
1.142829585189435631e+07
5.444546850261397660e+06
1.084567186195900477e+07
0.000000000000000000e+00
0.000000000000000000e+00
0.000000000000000000e+00
0.000000000000000000e+00
0.000000000000000000e+00
1.050283991122716479e+07
0.000000000000000000e+00
7.613503072815756314e+06
0.000000000000000000e+00
2.101362442033512890e+07
0.000000000000000000e+00
3.909670548554420937e+06
1.474974880266601406e+07
0.000000000000000000e+00
1.474974880266601406e+07
0.000000000000000000e+00
0.000000000000000000e+00
8.868899024300519377e+06
5.843298617235378362e+06
0.000000000000000000e+00
0.000000000000000000e+00
2.999238710377632175e+06
1.050283991122716479e+07
0.000000000000000000e+00
0.000000000000000000e+00
3.066926263508050889e+07
1.648240209711627662e+07
0.000000000000000000e+00
2.043028691789214313e+07
0.000000000000000000e+00
0.000000000000000000e+00
0.000000000000000000e+00
1.533036852571553923e+07
3.066926263508050889e+07
5.395283542444266379e+06
0.000000000000000000e+00
1.911231759615999460e+07
0.000000000000000000e+00
0.000000000000000000e+00
1.072368289471048117e+07
3.972902759229706228e+07
0.000000000000000000e+00
0.000000000000000000e+00
2.528476526715718210e+07
1.512746192996306531e+07
0.000000000000000000e+00
0.000000000000000000e+00
0.000000000000000000e+00
1.983437694764244556e+07
1.419927172399907373e+07
0.000000000000000000e+00
7.613503072815756314e+06
0.000000000000000000e+00
1.114283341448146477e+07
0.000000000000000000e+00
2.823458965913855657e+07
1.503500337544787675e+07
0.000000000000000000e+00
0.000000000000000000e+00
1.822984888860344887e+07
0.000000000000000000e+00
7.384177026644445956e+06
1.084567186195900477e+07
0.000000000000000000e+00
0.000000000000000000e+00
1.050283991122716479e+07
1.845917493477476016e+07
5.182259577388579026e+06
2.952964024971461296e+07
0.000000000000000000e+00
0.000000000000000000e+00
0.000000000000000000e+00
0.000000000000000000e+00
0.000000000000000000e+00
0.000000000000000000e+00
1.751090676442807540e+07
1.322747564387982339e+07
0.000000000000000000e+00
1.104677749429278076e+07
0.000000000000000000e+00
0.000000000000000000e+00
3.909670548554420937e+06
0.000000000000000000e+00
1.745505987844370306e+07
1.142829585189435631e+07
0.000000000000000000e+00
0.000000000000000000e+00
7.384177026644445956e+06
1.102555819462395832e+07
1.050283991122716479e+07
0.000000000000000000e+00
1.903713247851748765e+07
3.160986402707934007e+07
1.084567186195900477e+07
1.072368289471048117e+07
2.104721986605713516e+07
0.000000000000000000e+00
9.304954090998686850e+06
0.000000000000000000e+00
0.000000000000000000e+00
0.000000000000000000e+00
0.000000000000000000e+00
0.000000000000000000e+00
0.000000000000000000e+00
1.217832084175661393e+07
1.217832084175661393e+07
0.000000000000000000e+00
0.000000000000000000e+00
9.435766597191704437e+06
0.000000000000000000e+00
0.000000000000000000e+00
0.000000000000000000e+00
1.431344587456191704e+07
0.000000000000000000e+00
0.000000000000000000e+00
2.435313028840116411e+07
0.000000000000000000e+00
0.000000000000000000e+00
1.512746192996306531e+07
0.000000000000000000e+00
6.316554945955662057e+06
1.084567186195900477e+07
4.339890932460439950e+07
0.000000000000000000e+00
8.181498287766210735e+06
0.000000000000000000e+00
5.182259577388579026e+06
0.000000000000000000e+00
3.909670548554420937e+06
1.594738676148856245e+07
1.855363941309670359e+07
0.000000000000000000e+00
0.000000000000000000e+00
0.000000000000000000e+00
0.000000000000000000e+00
3.909670548554420937e+06
1.072368289471048117e+07
0.000000000000000000e+00
0.000000000000000000e+00
1.072368289471048117e+07
0.000000000000000000e+00
5.864517916904202662e+06
0.000000000000000000e+00
1.419927172399907373e+07
5.843298617235378362e+06
2.637759256575568765e+07
1.315835587065243535e+07
5.843298617235378362e+06
0.000000000000000000e+00
0.000000000000000000e+00
0.000000000000000000e+00
1.745505987844370306e+07
0.000000000000000000e+00
0.000000000000000000e+00
0.000000000000000000e+00
5.960573837092886679e+06
0.000000000000000000e+00
1.745505987844370306e+07
5.960573837092886679e+06
0.000000000000000000e+00
1.443909340519817919e+07
1.512746192996306531e+07
0.000000000000000000e+00
0.000000000000000000e+00
0.000000000000000000e+00
0.000000000000000000e+00
5.182259577388579026e+06
2.667071198665527627e+07
1.751090676442807540e+07
0.000000000000000000e+00
5.864517916904202662e+06
0.000000000000000000e+00
1.751090676442807540e+07
7.613503072815756314e+06
0.000000000000000000e+00
0.000000000000000000e+00
5.182259577388579026e+06
0.000000000000000000e+00
0.000000000000000000e+00
8.868899024300519377e+06
0.000000000000000000e+00
0.000000000000000000e+00
0.000000000000000000e+00
0.000000000000000000e+00
0.000000000000000000e+00
0.000000000000000000e+00
0.000000000000000000e+00
1.405115860168909840e+07
0.000000000000000000e+00
0.000000000000000000e+00
1.300878661526002362e+07
0.000000000000000000e+00
0.000000000000000000e+00
2.766656904907800257e+07
1.084567186195900477e+07
0.000000000000000000e+00
1.072368289471048117e+07
1.512746192996306531e+07
0.000000000000000000e+00
2.553784328667504340e+07
0.000000000000000000e+00
2.290200373646709323e+07
1.751090676442807540e+07
7.384177026644445956e+06
1.443909340519817919e+07
0.000000000000000000e+00
1.443909340519817919e+07
1.072368289471048117e+07
1.443909340519817919e+07
0.000000000000000000e+00
1.533036852571553923e+07
5.864517916904202662e+06
1.362944739369068295e+07
0.000000000000000000e+00
0.000000000000000000e+00
0.000000000000000000e+00
0.000000000000000000e+00
0.000000000000000000e+00
4.479015804799763858e+07
0.000000000000000000e+00
0.000000000000000000e+00
0.000000000000000000e+00
1.512746192996306531e+07
0.000000000000000000e+00
0.000000000000000000e+00
0.000000000000000000e+00
6.316554945955662057e+06
2.999238710377632175e+06
8.868899024300519377e+06
0.000000000000000000e+00
2.605405142042601854e+07
0.000000000000000000e+00
7.613503072815756314e+06
0.000000000000000000e+00
1.050283991122716479e+07
5.864517916904202662e+06
0.000000000000000000e+00
0.000000000000000000e+00
1.474974880266601406e+07
5.182259577388579026e+06
0.000000000000000000e+00
1.443909340519817919e+07
0.000000000000000000e+00
0.000000000000000000e+00
0.000000000000000000e+00
5.182259577388579026e+06
0.000000000000000000e+00
0.000000000000000000e+00
0.000000000000000000e+00
7.384177026644445956e+06
0.000000000000000000e+00
0.000000000000000000e+00
1.084567186195900477e+07
1.072368289471048117e+07
0.000000000000000000e+00
1.142829585189435631e+07
1.443909340519817919e+07
1.474974880266601406e+07
0.000000000000000000e+00
0.000000000000000000e+00
0.000000000000000000e+00
7.384177026644445956e+06
0.000000000000000000e+00
3.909670548554420937e+06
0.000000000000000000e+00
9.435766597191704437e+06
0.000000000000000000e+00
0.000000000000000000e+00
1.217832084175661393e+07
0.000000000000000000e+00
0.000000000000000000e+00
1.443909340519817919e+07
0.000000000000000000e+00
0.000000000000000000e+00
0.000000000000000000e+00
1.050283991122716479e+07
2.585114482467354834e+07
0.000000000000000000e+00
0.000000000000000000e+00
5.843298617235378362e+06
0.000000000000000000e+00
5.444546850261397660e+06
2.249381652026885748e+07
1.362944739369068295e+07
2.637534683638761193e+07
0.000000000000000000e+00
1.134034346093973704e+07
1.217832084175661393e+07
1.129384757519886643e+07
3.164395478304211795e+07
0.000000000000000000e+00
0.000000000000000000e+00
0.000000000000000000e+00
0.000000000000000000e+00
0.000000000000000000e+00
1.362944739369068295e+07
1.315835587065243535e+07
1.474974880266601406e+07
1.072368289471048117e+07
1.503500337544787675e+07
1.084567186195900477e+07
0.000000000000000000e+00
5.960573837092886679e+06
0.000000000000000000e+00
1.745505987844370306e+07
0.000000000000000000e+00
1.142829585189435631e+07
0.000000000000000000e+00
0.000000000000000000e+00
0.000000000000000000e+00
1.217832084175661393e+07
1.474974880266601406e+07
1.149881452334424108e+07
0.000000000000000000e+00
2.516277629990866035e+07
0.000000000000000000e+00
1.072368289471048117e+07
1.474974880266601406e+07
8.868899024300519377e+06
0.000000000000000000e+00
1.751090676442807540e+07
7.613503072815756314e+06
0.000000000000000000e+00
1.671018977886320651e+07
1.503500337544787675e+07
0.000000000000000000e+00
0.000000000000000000e+00
5.444546850261397660e+06
1.443909340519817919e+07
0.000000000000000000e+00
0.000000000000000000e+00
0.000000000000000000e+00
0.000000000000000000e+00
5.395283542444266379e+06
1.072368289471048117e+07
2.516277629990866035e+07
5.960573837092886679e+06
0.000000000000000000e+00
2.293124709043222666e+07
1.962135298258675635e+07
1.322747564387982339e+07
0.000000000000000000e+00
7.384177026644445956e+06
0.000000000000000000e+00
0.000000000000000000e+00
1.751090676442807540e+07
1.419927172399907373e+07
5.395283542444266379e+06
6.316554945955662057e+06
1.084567186195900477e+07
0.000000000000000000e+00
0.000000000000000000e+00
0.000000000000000000e+00
0.000000000000000000e+00
0.000000000000000000e+00
0.000000000000000000e+00
4.349238353600183129e+07
1.084567186195900477e+07
0.000000000000000000e+00
0.000000000000000000e+00
0.000000000000000000e+00
0.000000000000000000e+00
2.306817074829959124e+07
0.000000000000000000e+00
0.000000000000000000e+00
0.000000000000000000e+00
8.868899024300519377e+06
0.000000000000000000e+00
1.751090676442807540e+07
1.648240209711627662e+07
1.134034346093973704e+07
1.315835587065243535e+07
2.601740336854693294e+07
0.000000000000000000e+00
6.316554945955662057e+06
5.843298617235378362e+06
1.050283991122716479e+07
1.833718596752623841e+07
0.000000000000000000e+00
0.000000000000000000e+00
0.000000000000000000e+00
8.959812547470519319e+06
0.000000000000000000e+00
3.363790609636171162e+07
6.316554945955662057e+06
0.000000000000000000e+00
0.000000000000000000e+00
0.000000000000000000e+00
0.000000000000000000e+00
1.084567186195900477e+07
0.000000000000000000e+00
0.000000000000000000e+00
5.960573837092886679e+06
0.000000000000000000e+00
7.613503072815756314e+06
0.000000000000000000e+00
0.000000000000000000e+00
0.000000000000000000e+00
1.512746192996306531e+07
1.134034346093973704e+07
0.000000000000000000e+00
0.000000000000000000e+00
1.084567186195900477e+07
0.000000000000000000e+00
0.000000000000000000e+00
3.909670548554420937e+06
0.000000000000000000e+00
0.000000000000000000e+00
1.474974880266601406e+07
1.062680642764997669e+07
5.395283542444266379e+06
1.443909340519817919e+07
0.000000000000000000e+00
0.000000000000000000e+00
0.000000000000000000e+00
0.000000000000000000e+00
0.000000000000000000e+00
5.395283542444266379e+06
0.000000000000000000e+00
0.000000000000000000e+00
0.000000000000000000e+00
2.878887627103954926e+07
0.000000000000000000e+00
0.000000000000000000e+00
1.362944739369068295e+07
0.000000000000000000e+00
4.396873365491279215e+07
0.000000000000000000e+00
3.909670548554420937e+06
0.000000000000000000e+00
8.394522252821898088e+06
0.000000000000000000e+00
2.294387159853129461e+07
0.000000000000000000e+00
0.000000000000000000e+00
1.530028451409590617e+07
1.084567186195900477e+07
0.000000000000000000e+00
5.395283542444266379e+06
0.000000000000000000e+00
0.000000000000000000e+00
1.134034346093973704e+07
1.419927172399907373e+07
0.000000000000000000e+00
0.000000000000000000e+00
1.433958217131736875e+07
0.000000000000000000e+00
0.000000000000000000e+00
0.000000000000000000e+00
0.000000000000000000e+00
0.000000000000000000e+00
2.072565206815980375e+07
0.000000000000000000e+00
0.000000000000000000e+00
0.000000000000000000e+00
0.000000000000000000e+00
0.000000000000000000e+00
2.124295046650644019e+07
0.000000000000000000e+00
0.000000000000000000e+00
0.000000000000000000e+00
0.000000000000000000e+00
0.000000000000000000e+00
0.000000000000000000e+00
0.000000000000000000e+00
0.000000000000000000e+00
0.000000000000000000e+00
1.474974880266601406e+07
2.241918040209232271e+07
0.000000000000000000e+00
1.277856957285493985e+07
0.000000000000000000e+00
1.716222680791466683e+07
1.134034346093973704e+07
0.000000000000000000e+00
1.256643660403302498e+07
3.266894229380162805e+07
1.533036852571553923e+07
5.444546850261397660e+06
0.000000000000000000e+00
9.435766597191704437e+06
2.999238710377632175e+06
0.000000000000000000e+00
0.000000000000000000e+00
2.294387159853129461e+07
0.000000000000000000e+00
7.613503072815756314e+06
0.000000000000000000e+00
2.875690932365375012e+07
1.751090676442807540e+07
0.000000000000000000e+00
1.217832084175661393e+07
1.050283991122716479e+07
1.072368289471048117e+07
5.864517916904202662e+06
0.000000000000000000e+00
1.084567186195900477e+07
1.751090676442807540e+07
2.117366714295091853e+07
1.801098345429442078e+07
0.000000000000000000e+00
0.000000000000000000e+00
1.419927172399907373e+07
0.000000000000000000e+00
1.751090676442807540e+07
2.456322852715476975e+07
0.000000000000000000e+00
0.000000000000000000e+00
5.843298617235378362e+06
0.000000000000000000e+00
2.891146936553496867e+07
1.134034346093973704e+07
0.000000000000000000e+00
0.000000000000000000e+00
0.000000000000000000e+00
0.000000000000000000e+00
1.142829585189435631e+07
5.864517916904202662e+06
2.999238710377632175e+06
2.617604038767454401e+07
1.474974880266601406e+07
0.000000000000000000e+00
1.443909340519817919e+07
5.960573837092886679e+06
1.443909340519817919e+07
0.000000000000000000e+00
2.184318337216690183e+07
0.000000000000000000e+00
0.000000000000000000e+00
1.474974880266601406e+07
0.000000000000000000e+00
7.384177026644445956e+06
0.000000000000000000e+00
1.751090676442807540e+07
1.134034346093973704e+07
5.960573837092886679e+06
1.443909340519817919e+07
0.000000000000000000e+00
1.751090676442807540e+07
0.000000000000000000e+00
1.503500337544787675e+07
0.000000000000000000e+00
2.419926755001606047e+07
0.000000000000000000e+00
0.000000000000000000e+00
0.000000000000000000e+00
5.960573837092886679e+06
3.117472040858218074e+07
0.000000000000000000e+00
1.474974880266601406e+07
1.443909340519817919e+07
0.000000000000000000e+00
0.000000000000000000e+00
2.587483376815354079e+07
0.000000000000000000e+00
0.000000000000000000e+00
1.503500337544787675e+07
0.000000000000000000e+00
0.000000000000000000e+00
2.015944949190218747e+07
5.182259577388579026e+06
0.000000000000000000e+00
0.000000000000000000e+00
0.000000000000000000e+00
0.000000000000000000e+00
0.000000000000000000e+00
1.419927172399907373e+07
0.000000000000000000e+00
0.000000000000000000e+00
5.960573837092886679e+06
0.000000000000000000e+00
0.000000000000000000e+00
1.533036852571553923e+07
0.000000000000000000e+00
1.134034346093973704e+07
0.000000000000000000e+00
0.000000000000000000e+00
0.000000000000000000e+00
0.000000000000000000e+00
0.000000000000000000e+00
2.923427509944695234e+07
0.000000000000000000e+00
0.000000000000000000e+00
1.745505987844370306e+07
0.000000000000000000e+00
0.000000000000000000e+00
0.000000000000000000e+00
0.000000000000000000e+00
5.960573837092886679e+06
0.000000000000000000e+00
1.072368289471048117e+07
0.000000000000000000e+00
0.000000000000000000e+00
2.113701909107183293e+07
1.405115860168909840e+07
1.512746192996306531e+07
0.000000000000000000e+00
9.435766597191704437e+06
1.533036852571553923e+07
1.084567186195900477e+07
1.529372047383645363e+07
0.000000000000000000e+00
0.000000000000000000e+00
0.000000000000000000e+00
0.000000000000000000e+00
0.000000000000000000e+00
0.000000000000000000e+00
0.000000000000000000e+00
0.000000000000000000e+00
0.000000000000000000e+00
1.072368289471048117e+07
1.072368289471048117e+07
1.474974880266601406e+07
0.000000000000000000e+00
5.182259577388579026e+06
1.443909340519817919e+07
0.000000000000000000e+00
0.000000000000000000e+00
0.000000000000000000e+00
0.000000000000000000e+00
7.384177026644445956e+06
1.474974880266601406e+07
1.529372047383645363e+07
1.362944739369068295e+07
0.000000000000000000e+00
1.529372047383645363e+07
0.000000000000000000e+00
0.000000000000000000e+00
2.999238710377632175e+06
0.000000000000000000e+00
0.000000000000000000e+00
5.960573837092886679e+06
1.084567186195900477e+07
1.315835587065243535e+07
0.000000000000000000e+00
0.000000000000000000e+00
0.000000000000000000e+00
1.419927172399907373e+07
1.084567186195900477e+07
0.000000000000000000e+00
0.000000000000000000e+00
0.000000000000000000e+00
0.000000000000000000e+00
1.217832084175661393e+07
0.000000000000000000e+00
0.000000000000000000e+00
4.012020836854652315e+07
0.000000000000000000e+00
0.000000000000000000e+00
8.868899024300519377e+06
1.315835587065243535e+07
0.000000000000000000e+00
0.000000000000000000e+00
0.000000000000000000e+00
0.000000000000000000e+00
6.316554945955662057e+06
5.843298617235378362e+06
0.000000000000000000e+00
0.000000000000000000e+00
0.000000000000000000e+00
0.000000000000000000e+00
0.000000000000000000e+00
6.316554945955662057e+06
2.597313379192207009e+07
0.000000000000000000e+00
0.000000000000000000e+00
7.613503072815756314e+06
0.000000000000000000e+00
0.000000000000000000e+00
0.000000000000000000e+00
1.751090676442807540e+07
1.072368289471048117e+07
0.000000000000000000e+00
9.435766597191704437e+06
2.999238710377632175e+06
0.000000000000000000e+00
1.142829585189435631e+07
0.000000000000000000e+00
0.000000000000000000e+00
0.000000000000000000e+00
0.000000000000000000e+00
1.488031344745310210e+07
0.000000000000000000e+00
2.051262810310411826e+07
0.000000000000000000e+00
1.533036852571553923e+07
3.909670548554420937e+06
1.072368289471048117e+07
0.000000000000000000e+00
1.419927172399907373e+07
0.000000000000000000e+00
2.747204131559306756e+07
0.000000000000000000e+00
5.843298617235378362e+06
0.000000000000000000e+00
0.000000000000000000e+00
0.000000000000000000e+00
0.000000000000000000e+00
8.868899024300519377e+06
0.000000000000000000e+00
0.000000000000000000e+00
1.152317362137017772e+07
0.000000000000000000e+00
0.000000000000000000e+00
0.000000000000000000e+00
0.000000000000000000e+00
0.000000000000000000e+00
0.000000000000000000e+00
1.751090676442807540e+07
0.000000000000000000e+00
2.667071198665527627e+07
1.512746192996306531e+07
1.315835587065243535e+07
0.000000000000000000e+00
0.000000000000000000e+00
5.395283542444266379e+06
0.000000000000000000e+00
0.000000000000000000e+00
0.000000000000000000e+00
5.182259577388579026e+06
1.072368289471048117e+07
0.000000000000000000e+00
0.000000000000000000e+00
1.751090676442807540e+07
1.186813773467815109e+07
0.000000000000000000e+00
0.000000000000000000e+00
0.000000000000000000e+00
0.000000000000000000e+00
0.000000000000000000e+00
0.000000000000000000e+00
1.443909340519817919e+07
0.000000000000000000e+00
0.000000000000000000e+00
0.000000000000000000e+00
0.000000000000000000e+00
3.156969242650216818e+07
0.000000000000000000e+00
0.000000000000000000e+00
0.000000000000000000e+00
8.868899024300519377e+06
1.134034346093973704e+07
1.050283991122716479e+07
0.000000000000000000e+00
1.134034346093973704e+07
1.751090676442807540e+07
0.000000000000000000e+00
0.000000000000000000e+00
1.751090676442807540e+07
1.072368289471048117e+07
0.000000000000000000e+00
3.857721051304975152e+07
0.000000000000000000e+00
0.000000000000000000e+00
0.000000000000000000e+00
1.050283991122716479e+07
1.084567186195900477e+07
0.000000000000000000e+00
0.000000000000000000e+00
0.000000000000000000e+00
1.751090676442807540e+07
0.000000000000000000e+00
0.000000000000000000e+00
1.533036852571553923e+07
0.000000000000000000e+00
0.000000000000000000e+00
1.443909340519817919e+07
1.962135298258675635e+07
0.000000000000000000e+00
0.000000000000000000e+00
5.444546850261397660e+06
1.474974880266601406e+07
1.134034346093973704e+07
1.443909340519817919e+07
1.533036852571553923e+07
3.028618076311153919e+07
7.384177026644445956e+06
0.000000000000000000e+00
2.806854079888886213e+07
1.315835587065243535e+07
0.000000000000000000e+00
0.000000000000000000e+00
0.000000000000000000e+00
1.256643660403302498e+07
0.000000000000000000e+00
0.000000000000000000e+00
0.000000000000000000e+00
0.000000000000000000e+00
0.000000000000000000e+00
5.182259577388579026e+06
2.835657862638708204e+07
0.000000000000000000e+00
0.000000000000000000e+00
0.000000000000000000e+00
0.000000000000000000e+00
5.843298617235378362e+06
1.533036852571553923e+07
5.864517916904202662e+06
5.395283542444266379e+06
0.000000000000000000e+00
0.000000000000000000e+00
0.000000000000000000e+00
0.000000000000000000e+00
6.316554945955662057e+06
0.000000000000000000e+00
5.843298617235378362e+06
1.419927172399907373e+07
0.000000000000000000e+00
0.000000000000000000e+00
0.000000000000000000e+00
0.000000000000000000e+00
1.072368289471048117e+07
0.000000000000000000e+00
2.290619030687234178e+07
0.000000000000000000e+00
0.000000000000000000e+00
1.533036852571553923e+07
2.885125022536781430e+07
0.000000000000000000e+00
0.000000000000000000e+00
0.000000000000000000e+00
0.000000000000000000e+00
0.000000000000000000e+00
0.000000000000000000e+00
0.000000000000000000e+00
3.909670548554420937e+06
0.000000000000000000e+00
0.000000000000000000e+00
0.000000000000000000e+00
0.000000000000000000e+00
0.000000000000000000e+00
1.084567186195900477e+07
0.000000000000000000e+00
1.529372047383645363e+07
0.000000000000000000e+00
0.000000000000000000e+00
0.000000000000000000e+00
3.909670548554420937e+06
3.909670548554420937e+06
1.347802098971995898e+07
0.000000000000000000e+00
5.960573837092886679e+06
0.000000000000000000e+00
1.681994362383615226e+07
1.362944739369068295e+07
7.384177026644445956e+06
1.134034346093973704e+07
0.000000000000000000e+00
0.000000000000000000e+00
0.000000000000000000e+00
0.000000000000000000e+00
0.000000000000000000e+00
0.000000000000000000e+00
0.000000000000000000e+00
5.182259577388579026e+06
9.435766597191704437e+06
0.000000000000000000e+00
2.117366714295091853e+07
0.000000000000000000e+00
0.000000000000000000e+00
7.384177026644445956e+06
0.000000000000000000e+00
1.443909340519817919e+07
0.000000000000000000e+00
1.072368289471048117e+07
0.000000000000000000e+00
0.000000000000000000e+00
0.000000000000000000e+00
0.000000000000000000e+00
1.134034346093973704e+07
0.000000000000000000e+00
1.084567186195900477e+07
0.000000000000000000e+00
1.474974880266601406e+07
0.000000000000000000e+00
1.625307605094496533e+07
0.000000000000000000e+00
1.512746192996306531e+07
5.395283542444266379e+06
1.512746192996306531e+07
0.000000000000000000e+00
0.000000000000000000e+00
0.000000000000000000e+00
1.419927172399907373e+07
0.000000000000000000e+00
0.000000000000000000e+00
5.395283542444266379e+06
0.000000000000000000e+00
1.084567186195900477e+07
0.000000000000000000e+00
0.000000000000000000e+00
1.217832084175661393e+07
0.000000000000000000e+00
0.000000000000000000e+00
0.000000000000000000e+00
5.182259577388579026e+06
0.000000000000000000e+00
0.000000000000000000e+00
0.000000000000000000e+00
0.000000000000000000e+00
1.362944739369068295e+07
0.000000000000000000e+00
3.909670548554420937e+06
1.529372047383645363e+07
0.000000000000000000e+00
2.999238710377632175e+06
0.000000000000000000e+00
7.613503072815756314e+06
0.000000000000000000e+00
0.000000000000000000e+00
5.182259577388579026e+06
7.384177026644445956e+06
0.000000000000000000e+00
0.000000000000000000e+00
1.443909340519817919e+07
0.000000000000000000e+00
5.395283542444266379e+06
0.000000000000000000e+00
6.316554945955662057e+06
0.000000000000000000e+00
0.000000000000000000e+00
0.000000000000000000e+00
1.134034346093973704e+07
2.694667336161977798e+07
0.000000000000000000e+00
0.000000000000000000e+00
1.745505987844370306e+07
0.000000000000000000e+00
1.443909340519817919e+07
0.000000000000000000e+00
3.000777537741616741e+07
1.072368289471048117e+07
6.316554945955662057e+06
1.084567186195900477e+07
0.000000000000000000e+00
0.000000000000000000e+00
4.460155871060912311e+07
1.134034346093973704e+07
5.182259577388579026e+06
2.999238710377632175e+06
0.000000000000000000e+00
0.000000000000000000e+00
1.142829585189435631e+07
0.000000000000000000e+00
1.443909340519817919e+07
1.362944739369068295e+07
1.072368289471048117e+07
0.000000000000000000e+00
0.000000000000000000e+00
0.000000000000000000e+00
1.084567186195900477e+07
5.843298617235378362e+06
1.123858215967964381e+07
0.000000000000000000e+00
0.000000000000000000e+00
0.000000000000000000e+00
0.000000000000000000e+00
1.474974880266601406e+07
0.000000000000000000e+00
0.000000000000000000e+00
1.745505987844370306e+07
0.000000000000000000e+00
0.000000000000000000e+00
0.000000000000000000e+00
0.000000000000000000e+00
5.395283542444266379e+06
0.000000000000000000e+00
0.000000000000000000e+00
0.000000000000000000e+00
0.000000000000000000e+00
5.960573837092886679e+06
5.395283542444266379e+06
0.000000000000000000e+00
0.000000000000000000e+00
0.000000000000000000e+00
0.000000000000000000e+00
0.000000000000000000e+00
0.000000000000000000e+00
0.000000000000000000e+00
1.512746192996306531e+07
0.000000000000000000e+00
0.000000000000000000e+00
2.057200878022446483e+07
0.000000000000000000e+00
0.000000000000000000e+00
0.000000000000000000e+00
0.000000000000000000e+00
0.000000000000000000e+00
0.000000000000000000e+00
0.000000000000000000e+00
5.395283542444266379e+06
9.435766597191704437e+06
0.000000000000000000e+00
0.000000000000000000e+00
0.000000000000000000e+00
1.636735782813136652e+07
0.000000000000000000e+00
0.000000000000000000e+00
0.000000000000000000e+00
0.000000000000000000e+00
0.000000000000000000e+00
0.000000000000000000e+00
5.864517916904202662e+06
3.077768024201359600e+07
1.050283991122716479e+07
0.000000000000000000e+00
0.000000000000000000e+00
0.000000000000000000e+00
1.751090676442807540e+07
0.000000000000000000e+00
0.000000000000000000e+00
1.983437694764244556e+07
0.000000000000000000e+00
1.072368289471048117e+07
0.000000000000000000e+00
0.000000000000000000e+00
0.000000000000000000e+00
0.000000000000000000e+00
9.435766597191704437e+06
1.751090676442807540e+07
0.000000000000000000e+00
1.315835587065243535e+07
1.217832084175661393e+07
1.533036852571553923e+07
0.000000000000000000e+00
9.435766597191704437e+06
1.134034346093973704e+07
1.362944739369068295e+07
0.000000000000000000e+00
1.533036852571553923e+07
0.000000000000000000e+00
0.000000000000000000e+00
2.999238710377632175e+06
0.000000000000000000e+00
0.000000000000000000e+00
1.900165448788781464e+07
2.030361132210238278e+07
0.000000000000000000e+00
0.000000000000000000e+00
0.000000000000000000e+00
0.000000000000000000e+00
1.217832084175661393e+07
0.000000000000000000e+00
0.000000000000000000e+00
0.000000000000000000e+00
0.000000000000000000e+00
0.000000000000000000e+00
0.000000000000000000e+00
0.000000000000000000e+00
0.000000000000000000e+00
7.384177026644445956e+06
1.362944739369068295e+07
0.000000000000000000e+00
1.751090676442807540e+07
0.000000000000000000e+00
0.000000000000000000e+00
1.716222680791466683e+07
1.751090676442807540e+07
0.000000000000000000e+00
0.000000000000000000e+00
0.000000000000000000e+00
1.512746192996306531e+07
5.843298617235378362e+06
0.000000000000000000e+00
5.444546850261397660e+06
1.315835587065243535e+07
0.000000000000000000e+00
1.134034346093973704e+07
0.000000000000000000e+00
0.000000000000000000e+00
2.999238710377632175e+06
1.751090676442807540e+07
1.533036852571553923e+07
1.889736216404906288e+07
0.000000000000000000e+00
1.050283991122716479e+07
1.134034346093973704e+07
0.000000000000000000e+00
0.000000000000000000e+00
0.000000000000000000e+00
5.960573837092886679e+06
0.000000000000000000e+00
6.316554945955662057e+06
0.000000000000000000e+00
0.000000000000000000e+00
7.384177026644445956e+06
1.362944739369068295e+07
1.084567186195900477e+07
6.316554945955662057e+06
1.533036852571553923e+07
2.039966724229106680e+07
1.050283991122716479e+07
0.000000000000000000e+00
0.000000000000000000e+00
1.474974880266601406e+07
0.000000000000000000e+00
0.000000000000000000e+00
0.000000000000000000e+00
0.000000000000000000e+00
0.000000000000000000e+00
0.000000000000000000e+00
0.000000000000000000e+00
0.000000000000000000e+00
0.000000000000000000e+00
0.000000000000000000e+00
0.000000000000000000e+00
1.994600233964634687e+07
1.135585737953715399e+07
3.496596664287178218e+07
0.000000000000000000e+00
1.533036852571553923e+07
6.316554945955662057e+06
1.084567186195900477e+07
1.937173893552768230e+07
0.000000000000000000e+00
2.999238710377632175e+06
1.050283991122716479e+07
3.263836869439113885e+07
5.960573837092886679e+06
0.000000000000000000e+00
0.000000000000000000e+00
3.357402631559845060e+07
0.000000000000000000e+00
2.302399270371561870e+07
0.000000000000000000e+00
5.843298617235378362e+06
0.000000000000000000e+00
1.720486137784393877e+07
1.503500337544787675e+07
0.000000000000000000e+00
2.086406244908606261e+07
1.751090676442807540e+07
0.000000000000000000e+00
0.000000000000000000e+00
5.182259577388579026e+06
9.435766597191704437e+06
1.050283991122716479e+07
0.000000000000000000e+00
1.072368289471048117e+07
0.000000000000000000e+00
5.444546850261397660e+06
0.000000000000000000e+00
2.136473042699812353e+07
0.000000000000000000e+00
0.000000000000000000e+00
0.000000000000000000e+00
0.000000000000000000e+00
0.000000000000000000e+00
1.315835587065243535e+07
0.000000000000000000e+00
1.134034346093973704e+07
0.000000000000000000e+00
0.000000000000000000e+00
0.000000000000000000e+00
1.362944739369068295e+07
1.474974880266601406e+07
2.419926755001606047e+07
0.000000000000000000e+00
0.000000000000000000e+00
1.751090676442807540e+07
0.000000000000000000e+00
0.000000000000000000e+00
3.823655883258788288e+07
1.142829585189435631e+07
1.668425673180336878e+07
0.000000000000000000e+00
0.000000000000000000e+00
0.000000000000000000e+00
1.608799139031103440e+07
0.000000000000000000e+00
0.000000000000000000e+00
0.000000000000000000e+00
1.751090676442807540e+07
0.000000000000000000e+00
1.503500337544787675e+07
0.000000000000000000e+00
0.000000000000000000e+00
5.182259577388579026e+06
1.419927172399907373e+07
0.000000000000000000e+00
9.435766597191704437e+06
1.315835587065243535e+07
0.000000000000000000e+00
0.000000000000000000e+00
1.084567186195900477e+07
0.000000000000000000e+00
2.562756757589343190e+07
1.072368289471048117e+07
0.000000000000000000e+00
2.218601532289874181e+07
2.052274547240733355e+07
1.512746192996306531e+07
0.000000000000000000e+00
1.474974880266601406e+07
0.000000000000000000e+00
0.000000000000000000e+00
0.000000000000000000e+00
0.000000000000000000e+00
0.000000000000000000e+00
0.000000000000000000e+00
1.405115860168909840e+07
1.751090676442807540e+07
1.084567186195900477e+07
0.000000000000000000e+00
1.443909340519817919e+07
3.909670548554420937e+06
0.000000000000000000e+00
0.000000000000000000e+00
0.000000000000000000e+00
1.751090676442807540e+07
2.999238710377632175e+06
0.000000000000000000e+00
0.000000000000000000e+00
0.000000000000000000e+00
5.182259577388579026e+06
1.084567186195900477e+07
1.084567186195900477e+07
2.580776823544729501e+07
2.449869933159217238e+07
1.751090676442807540e+07
0.000000000000000000e+00
1.315835587065243535e+07
1.474974880266601406e+07
0.000000000000000000e+00
5.843298617235378362e+06
0.000000000000000000e+00
0.000000000000000000e+00
7.613503072815756314e+06
0.000000000000000000e+00
1.315835587065243535e+07
0.000000000000000000e+00
7.384177026644445956e+06
0.000000000000000000e+00
0.000000000000000000e+00
0.000000000000000000e+00
2.129094236280842498e+07
5.182259577388579026e+06
0.000000000000000000e+00
1.629021871222040243e+07
1.751090676442807540e+07
0.000000000000000000e+00
0.000000000000000000e+00
0.000000000000000000e+00
0.000000000000000000e+00
0.000000000000000000e+00
0.000000000000000000e+00
1.072368289471048117e+07
3.216769977062921226e+07
0.000000000000000000e+00
0.000000000000000000e+00
1.114283341448146477e+07
0.000000000000000000e+00
0.000000000000000000e+00
0.000000000000000000e+00
1.512746192996306531e+07
7.384177026644445956e+06
0.000000000000000000e+00
6.316554945955662057e+06
1.134034346093973704e+07
0.000000000000000000e+00
0.000000000000000000e+00
0.000000000000000000e+00
9.435766597191704437e+06
1.134034346093973704e+07
0.000000000000000000e+00
0.000000000000000000e+00
1.529372047383645363e+07
0.000000000000000000e+00
0.000000000000000000e+00
1.745505987844370306e+07
0.000000000000000000e+00
5.843298617235378362e+06
0.000000000000000000e+00
7.384177026644445956e+06
0.000000000000000000e+00
0.000000000000000000e+00
0.000000000000000000e+00
1.938153130138765275e+07
0.000000000000000000e+00
0.000000000000000000e+00
0.000000000000000000e+00
0.000000000000000000e+00
5.182259577388579026e+06
2.061426671957021579e+07
0.000000000000000000e+00
2.999238710377632175e+06
0.000000000000000000e+00
0.000000000000000000e+00
0.000000000000000000e+00
1.652260303832831606e+07
0.000000000000000000e+00
1.443909340519817919e+07
5.395283542444266379e+06
0.000000000000000000e+00
0.000000000000000000e+00
5.960573837092886679e+06
0.000000000000000000e+00
0.000000000000000000e+00
3.909670548554420937e+06
3.909670548554420937e+06
1.503500337544787675e+07
0.000000000000000000e+00
1.050283991122716479e+07
0.000000000000000000e+00
5.444546850261397660e+06
1.104677749429278076e+07
0.000000000000000000e+00
5.843298617235378362e+06
0.000000000000000000e+00
0.000000000000000000e+00
0.000000000000000000e+00
0.000000000000000000e+00
0.000000000000000000e+00
1.441251045978158526e+07
0.000000000000000000e+00
0.000000000000000000e+00
1.134034346093973704e+07
0.000000000000000000e+00
7.613503072815756314e+06
1.529372047383645363e+07
0.000000000000000000e+00
0.000000000000000000e+00
0.000000000000000000e+00
1.474974880266601406e+07
0.000000000000000000e+00
0.000000000000000000e+00
3.909670548554420937e+06
0.000000000000000000e+00
0.000000000000000000e+00
5.444546850261397660e+06
0.000000000000000000e+00
0.000000000000000000e+00
2.331957779534790665e+07
0.000000000000000000e+00
5.843298617235378362e+06
2.999238710377632175e+06
1.072368289471048117e+07
0.000000000000000000e+00
0.000000000000000000e+00
0.000000000000000000e+00
0.000000000000000000e+00
5.960573837092886679e+06
0.000000000000000000e+00
0.000000000000000000e+00
0.000000000000000000e+00
0.000000000000000000e+00
0.000000000000000000e+00
5.444546850261397660e+06
0.000000000000000000e+00
0.000000000000000000e+00
1.419927172399907373e+07
0.000000000000000000e+00
1.503500337544787675e+07
1.419927172399907373e+07
0.000000000000000000e+00
0.000000000000000000e+00
1.902473093613494933e+07
1.084567186195900477e+07
0.000000000000000000e+00
0.000000000000000000e+00
1.474974880266601406e+07
0.000000000000000000e+00
0.000000000000000000e+00
0.000000000000000000e+00
1.757360438420087844e+07
0.000000000000000000e+00
5.395283542444266379e+06
1.217832084175661393e+07
0.000000000000000000e+00
3.909670548554420937e+06
0.000000000000000000e+00
7.613503072815756314e+06
1.142829585189435631e+07
0.000000000000000000e+00
0.000000000000000000e+00
0.000000000000000000e+00
1.050283991122716479e+07
0.000000000000000000e+00
0.000000000000000000e+00
7.384177026644445956e+06
0.000000000000000000e+00
1.512746192996306531e+07
0.000000000000000000e+00
1.745505987844370306e+07
0.000000000000000000e+00
1.072368289471048117e+07
0.000000000000000000e+00
1.134034346093973704e+07
7.613503072815756314e+06
2.661741424695479125e+07
0.000000000000000000e+00
5.395283542444266379e+06
3.909670548554420937e+06
0.000000000000000000e+00
0.000000000000000000e+00
2.999238710377632175e+06
0.000000000000000000e+00
1.419927172399907373e+07
0.000000000000000000e+00
1.443909340519817919e+07
1.072368289471048117e+07
1.217832084175661393e+07
0.000000000000000000e+00
0.000000000000000000e+00
0.000000000000000000e+00
0.000000000000000000e+00
1.062680642764997669e+07
0.000000000000000000e+00
1.061274178319338895e+07
0.000000000000000000e+00
1.256643660403302498e+07
3.843545435946176946e+07
0.000000000000000000e+00
9.435766597191704437e+06
0.000000000000000000e+00
0.000000000000000000e+00
2.637534683638761193e+07
0.000000000000000000e+00
1.217832084175661393e+07
0.000000000000000000e+00
1.315835587065243535e+07
0.000000000000000000e+00
1.611896643715474755e+07
0.000000000000000000e+00
1.512746192996306531e+07
5.960573837092886679e+06
5.182259577388579026e+06
1.084567186195900477e+07
9.435766597191704437e+06
0.000000000000000000e+00
0.000000000000000000e+00
0.000000000000000000e+00
1.061274178319338895e+07
3.909670548554420937e+06
0.000000000000000000e+00
7.384177026644445956e+06
1.788701693787161261e+07
0.000000000000000000e+00
2.999238710377632175e+06
0.000000000000000000e+00
3.709902973109809309e+07
2.999238710377632175e+06
0.000000000000000000e+00
0.000000000000000000e+00
0.000000000000000000e+00
1.217832084175661393e+07
0.000000000000000000e+00
0.000000000000000000e+00
1.050283991122716479e+07
1.134034346093973704e+07
0.000000000000000000e+00
0.000000000000000000e+00
1.751090676442807540e+07
0.000000000000000000e+00
1.134034346093973704e+07
2.051014547480570897e+07
0.000000000000000000e+00
3.909670548554420937e+06
0.000000000000000000e+00
0.000000000000000000e+00
0.000000000000000000e+00
0.000000000000000000e+00
0.000000000000000000e+00
0.000000000000000000e+00
0.000000000000000000e+00
0.000000000000000000e+00
3.909670548554420937e+06
7.613503072815756314e+06
0.000000000000000000e+00
0.000000000000000000e+00
1.443909340519817919e+07
0.000000000000000000e+00
2.973281387903463095e+07
0.000000000000000000e+00
1.315835587065243535e+07
9.435766597191704437e+06
7.384177026644445956e+06
2.999238710377632175e+06
5.182259577388579026e+06
0.000000000000000000e+00
7.384177026644445956e+06
0.000000000000000000e+00
1.134034346093973704e+07
0.000000000000000000e+00
0.000000000000000000e+00
1.050283991122716479e+07
5.864517916904202662e+06
0.000000000000000000e+00
0.000000000000000000e+00
0.000000000000000000e+00
0.000000000000000000e+00
3.909670548554420937e+06
2.780375720925978571e+07
0.000000000000000000e+00
0.000000000000000000e+00
0.000000000000000000e+00
5.444546850261397660e+06
5.395283542444266379e+06
0.000000000000000000e+00
0.000000000000000000e+00
3.909670548554420937e+06
1.533036852571553923e+07
0.000000000000000000e+00
1.474974880266601406e+07
0.000000000000000000e+00
1.512746192996306531e+07
0.000000000000000000e+00
1.142829585189435631e+07
0.000000000000000000e+00
0.000000000000000000e+00
1.719851043437670544e+07
0.000000000000000000e+00
0.000000000000000000e+00
3.909670548554420937e+06
5.182259577388579026e+06
5.960573837092886679e+06
0.000000000000000000e+00
2.416261949813697487e+07
1.419927172399907373e+07
0.000000000000000000e+00
3.909670548554420937e+06
1.050283991122716479e+07
0.000000000000000000e+00
0.000000000000000000e+00
2.047955022570927441e+07
5.182259577388579026e+06
1.134034346093973704e+07
0.000000000000000000e+00
0.000000000000000000e+00
0.000000000000000000e+00
0.000000000000000000e+00
0.000000000000000000e+00
1.443909340519817919e+07
0.000000000000000000e+00
1.362944739369068295e+07
0.000000000000000000e+00
9.435766597191704437e+06
0.000000000000000000e+00
0.000000000000000000e+00
5.843298617235378362e+06
9.435766597191704437e+06
0.000000000000000000e+00
2.823458965913855657e+07
5.395283542444266379e+06
0.000000000000000000e+00
0.000000000000000000e+00
0.000000000000000000e+00
0.000000000000000000e+00
1.084567186195900477e+07
5.395283542444266379e+06
0.000000000000000000e+00
5.864517916904202662e+06
0.000000000000000000e+00
0.000000000000000000e+00
1.533036852571553923e+07
0.000000000000000000e+00
3.909670548554420937e+06
1.443909340519817919e+07
1.443909340519817919e+07
5.843298617235378362e+06
0.000000000000000000e+00
0.000000000000000000e+00
0.000000000000000000e+00
2.999238710377632175e+06
3.335318333211513609e+07
0.000000000000000000e+00
5.182259577388579026e+06
0.000000000000000000e+00
3.909670548554420937e+06
0.000000000000000000e+00
1.860290272091383487e+07
2.597313379192207009e+07
0.000000000000000000e+00
1.050283991122716479e+07
1.474974880266601406e+07
0.000000000000000000e+00
0.000000000000000000e+00
1.602793143934758380e+07
0.000000000000000000e+00
0.000000000000000000e+00
0.000000000000000000e+00
0.000000000000000000e+00
1.050283991122716479e+07
1.894467392400229722e+07
0.000000000000000000e+00
2.588067523740687966e+07
2.999238710377632175e+06
0.000000000000000000e+00
0.000000000000000000e+00
1.855363941309670359e+07
0.000000000000000000e+00
1.142829585189435631e+07
5.843298617235378362e+06
0.000000000000000000e+00
0.000000000000000000e+00
0.000000000000000000e+00
0.000000000000000000e+00
5.395283542444266379e+06
0.000000000000000000e+00
0.000000000000000000e+00
0.000000000000000000e+00
0.000000000000000000e+00
8.868899024300519377e+06
1.590594247209906019e+07
1.072368289471048117e+07
0.000000000000000000e+00
0.000000000000000000e+00
0.000000000000000000e+00
0.000000000000000000e+00
1.072368289471048117e+07
0.000000000000000000e+00
2.610837886052802950e+07
1.533036852571553923e+07
5.864517916904202662e+06
1.533036852571553923e+07
2.949299219783552736e+07
0.000000000000000000e+00
0.000000000000000000e+00
0.000000000000000000e+00
9.435766597191704437e+06
1.855363941309670359e+07
1.652260303832831606e+07
2.516277629990866035e+07
2.117366714295091853e+07
0.000000000000000000e+00
0.000000000000000000e+00
0.000000000000000000e+00
1.072368289471048117e+07
3.909670548554420937e+06
9.435766597191704437e+06
5.960573837092886679e+06
1.533036852571553923e+07
0.000000000000000000e+00
0.000000000000000000e+00
0.000000000000000000e+00
2.099197984686726704e+07
0.000000000000000000e+00
0.000000000000000000e+00
1.751090676442807540e+07
0.000000000000000000e+00
5.960573837092886679e+06
1.084567186195900477e+07
0.000000000000000000e+00
0.000000000000000000e+00
0.000000000000000000e+00
0.000000000000000000e+00
0.000000000000000000e+00
0.000000000000000000e+00
1.072368289471048117e+07
5.395283542444266379e+06
2.999238710377632175e+06
0.000000000000000000e+00
2.999238710377632175e+06
1.072368289471048117e+07
7.384177026644445956e+06
3.066926263508050889e+07
0.000000000000000000e+00
0.000000000000000000e+00
5.182259577388579026e+06
3.909670548554420937e+06
7.613503072815756314e+06
0.000000000000000000e+00
0.000000000000000000e+00
0.000000000000000000e+00
0.000000000000000000e+00
1.362944739369068295e+07
4.430763905471382290e+07
0.000000000000000000e+00
1.050283991122716479e+07
5.960573837092886679e+06
0.000000000000000000e+00
1.682357939433862269e+07
0.000000000000000000e+00
5.843298617235378362e+06
0.000000000000000000e+00
1.971457088625952601e+07
0.000000000000000000e+00
5.182259577388579026e+06
0.000000000000000000e+00
1.362944739369068295e+07
0.000000000000000000e+00
0.000000000000000000e+00
0.000000000000000000e+00
9.435766597191704437e+06
0.000000000000000000e+00
1.084567186195900477e+07
0.000000000000000000e+00
0.000000000000000000e+00
2.249834641799120232e+07
1.315835587065243535e+07
1.751090676442807540e+07
0.000000000000000000e+00
0.000000000000000000e+00
1.217832084175661393e+07
0.000000000000000000e+00
0.000000000000000000e+00
0.000000000000000000e+00
0.000000000000000000e+00
0.000000000000000000e+00
3.909670548554420937e+06
0.000000000000000000e+00
1.362944739369068295e+07
2.341563371553659067e+07
1.134034346093973704e+07
2.276863931283409148e+07
1.533036852571553923e+07
1.084567186195900477e+07
0.000000000000000000e+00
0.000000000000000000e+00
5.182259577388579026e+06
1.217832084175661393e+07
1.533036852571553923e+07
0.000000000000000000e+00
0.000000000000000000e+00
0.000000000000000000e+00
0.000000000000000000e+00
0.000000000000000000e+00
6.316554945955662057e+06
1.315835587065243535e+07
0.000000000000000000e+00
2.077491537597693503e+07
2.263731945583228022e+07
0.000000000000000000e+00
0.000000000000000000e+00
0.000000000000000000e+00
2.885125022536781430e+07
0.000000000000000000e+00
1.050283991122716479e+07
0.000000000000000000e+00
9.752969165789799765e+06
0.000000000000000000e+00
0.000000000000000000e+00
1.751090676442807540e+07
0.000000000000000000e+00
0.000000000000000000e+00
8.868899024300519377e+06
0.000000000000000000e+00
5.395283542444266379e+06
1.443909340519817919e+07
0.000000000000000000e+00
0.000000000000000000e+00
5.864517916904202662e+06
9.435766597191704437e+06
0.000000000000000000e+00
1.442753456227198802e+07
0.000000000000000000e+00
0.000000000000000000e+00
2.077185894346819073e+07
1.471219764153589681e+07
0.000000000000000000e+00
1.072368289471048117e+07
3.909670548554420937e+06
1.142829585189435631e+07
7.613503072815756314e+06
2.999238710377632175e+06
0.000000000000000000e+00
0.000000000000000000e+00
0.000000000000000000e+00
0.000000000000000000e+00
0.000000000000000000e+00
0.000000000000000000e+00
0.000000000000000000e+00
0.000000000000000000e+00
0.000000000000000000e+00
0.000000000000000000e+00
2.059304741990139335e+07
1.443909340519817919e+07
0.000000000000000000e+00
0.000000000000000000e+00
1.533036852571553923e+07
0.000000000000000000e+00
0.000000000000000000e+00
7.613503072815756314e+06
0.000000000000000000e+00
8.868899024300519377e+06
0.000000000000000000e+00
5.395283542444266379e+06
1.142829585189435631e+07
7.384177026644445956e+06
1.084567186195900477e+07
1.315835587065243535e+07
2.617604038767454401e+07
1.681994362383615226e+07
0.000000000000000000e+00
0.000000000000000000e+00
1.419927172399907373e+07
0.000000000000000000e+00
0.000000000000000000e+00
3.909670548554420937e+06
5.395283542444266379e+06
0.000000000000000000e+00
8.868899024300519377e+06
0.000000000000000000e+00
1.072368289471048117e+07
2.562756757589343190e+07
1.419927172399907373e+07
0.000000000000000000e+00
1.529372047383645363e+07
1.419927172399907373e+07
0.000000000000000000e+00
5.864517916904202662e+06
0.000000000000000000e+00
1.084567186195900477e+07
1.924003907426996157e+07
0.000000000000000000e+00
3.909670548554420937e+06
0.000000000000000000e+00
2.830073174040270597e+07
0.000000000000000000e+00
1.419927172399907373e+07
5.395283542444266379e+06
2.072565206815980375e+07
2.252755534903874621e+07
0.000000000000000000e+00
1.134034346093973704e+07
0.000000000000000000e+00
1.512746192996306531e+07
0.000000000000000000e+00
0.000000000000000000e+00
2.999238710377632175e+06
1.529372047383645363e+07
0.000000000000000000e+00
0.000000000000000000e+00
1.419927172399907373e+07
0.000000000000000000e+00
0.000000000000000000e+00
5.864517916904202662e+06
0.000000000000000000e+00
0.000000000000000000e+00
0.000000000000000000e+00
0.000000000000000000e+00
0.000000000000000000e+00
7.384177026644445956e+06
0.000000000000000000e+00
1.474974880266601406e+07
1.050283991122716479e+07
0.000000000000000000e+00
3.909670548554420937e+06
0.000000000000000000e+00
2.030972150735164434e+07
0.000000000000000000e+00
2.494193331642534584e+07
0.000000000000000000e+00
2.553784328667504340e+07
2.999238710377632175e+06
0.000000000000000000e+00
1.084567186195900477e+07
2.496979085463041812e+07
0.000000000000000000e+00
0.000000000000000000e+00
0.000000000000000000e+00
0.000000000000000000e+00
1.072368289471048117e+07
3.043484829128175974e+07
0.000000000000000000e+00
2.586738925709253550e+07
0.000000000000000000e+00
0.000000000000000000e+00
0.000000000000000000e+00
2.828581780061550066e+07
1.419927172399907373e+07
1.512746192996306531e+07
0.000000000000000000e+00
0.000000000000000000e+00
0.000000000000000000e+00
1.134034346093973704e+07
1.134034346093973704e+07
0.000000000000000000e+00
0.000000000000000000e+00
1.881247287853880227e+07
0.000000000000000000e+00
0.000000000000000000e+00
3.062408899955199286e+07
0.000000000000000000e+00
1.072368289471048117e+07
0.000000000000000000e+00
0.000000000000000000e+00
0.000000000000000000e+00
0.000000000000000000e+00
5.960573837092886679e+06
0.000000000000000000e+00
0.000000000000000000e+00
0.000000000000000000e+00
1.050283991122716479e+07
0.000000000000000000e+00
0.000000000000000000e+00
0.000000000000000000e+00
5.960573837092886679e+06
0.000000000000000000e+00
1.050283991122716479e+07
1.050283991122716479e+07
0.000000000000000000e+00
7.384177026644445956e+06
0.000000000000000000e+00
2.456781910481955856e+07
0.000000000000000000e+00
0.000000000000000000e+00
0.000000000000000000e+00
2.142057731298249587e+07
0.000000000000000000e+00
0.000000000000000000e+00
0.000000000000000000e+00
5.395283542444266379e+06
0.000000000000000000e+00
0.000000000000000000e+00
0.000000000000000000e+00
0.000000000000000000e+00
7.613503072815756314e+06
0.000000000000000000e+00
1.512746192996306531e+07
0.000000000000000000e+00
7.384177026644445956e+06
0.000000000000000000e+00
0.000000000000000000e+00
0.000000000000000000e+00
0.000000000000000000e+00
0.000000000000000000e+00
0.000000000000000000e+00
0.000000000000000000e+00
0.000000000000000000e+00
0.000000000000000000e+00
1.134034346093973704e+07
1.134034346093973704e+07
5.182259577388579026e+06
5.182259577388579026e+06
1.072368289471048117e+07
0.000000000000000000e+00
0.000000000000000000e+00
2.999238710377632175e+06
1.134034346093973704e+07
2.997829949448858574e+07
0.000000000000000000e+00
3.254591013987595215e+07
0.000000000000000000e+00
0.000000000000000000e+00
8.868899024300519377e+06
0.000000000000000000e+00
0.000000000000000000e+00
1.900165448788781464e+07
2.835657862638708204e+07
0.000000000000000000e+00
5.864517916904202662e+06
0.000000000000000000e+00
0.000000000000000000e+00
0.000000000000000000e+00
0.000000000000000000e+00
0.000000000000000000e+00
0.000000000000000000e+00
1.362944739369068295e+07
0.000000000000000000e+00
0.000000000000000000e+00
1.142829585189435631e+07
0.000000000000000000e+00
0.000000000000000000e+00
1.142829585189435631e+07
0.000000000000000000e+00
0.000000000000000000e+00
0.000000000000000000e+00
2.274096500277882069e+07
9.435766597191704437e+06
0.000000000000000000e+00
7.384177026644445956e+06
1.362944739369068295e+07
0.000000000000000000e+00
0.000000000000000000e+00
0.000000000000000000e+00
2.637980578872859478e+07
1.512746192996306531e+07
0.000000000000000000e+00
0.000000000000000000e+00
0.000000000000000000e+00
7.384177026644445956e+06
0.000000000000000000e+00
5.960573837092886679e+06
1.512746192996306531e+07
0.000000000000000000e+00
1.745505987844370306e+07
1.134034346093973704e+07
1.474974880266601406e+07
0.000000000000000000e+00
2.999238710377632175e+06
5.843298617235378362e+06
0.000000000000000000e+00
1.315835587065243535e+07
0.000000000000000000e+00
0.000000000000000000e+00
1.652260303832831606e+07
0.000000000000000000e+00
3.909670548554420937e+06
1.751090676442807540e+07
0.000000000000000000e+00
8.868899024300519377e+06
8.868899024300519377e+06
0.000000000000000000e+00
0.000000000000000000e+00
2.575868627015835792e+07
0.000000000000000000e+00
1.362944739369068295e+07
0.000000000000000000e+00
0.000000000000000000e+00
5.960573837092886679e+06
0.000000000000000000e+00
2.986087887116778642e+07
0.000000000000000000e+00
0.000000000000000000e+00
0.000000000000000000e+00
1.512746192996306531e+07
3.909670548554420937e+06
0.000000000000000000e+00
0.000000000000000000e+00
1.072368289471048117e+07
0.000000000000000000e+00
0.000000000000000000e+00
1.134034346093973704e+07
0.000000000000000000e+00
0.000000000000000000e+00
0.000000000000000000e+00
0.000000000000000000e+00
1.503500337544787675e+07
8.868899024300519377e+06
0.000000000000000000e+00
1.217832084175661393e+07
0.000000000000000000e+00
5.395283542444266379e+06
0.000000000000000000e+00
0.000000000000000000e+00
0.000000000000000000e+00
0.000000000000000000e+00
0.000000000000000000e+00
0.000000000000000000e+00
0.000000000000000000e+00
0.000000000000000000e+00
4.245284008085341752e+07
0.000000000000000000e+00
5.843298617235378362e+06
0.000000000000000000e+00
0.000000000000000000e+00
9.435766597191704437e+06
1.419927172399907373e+07
0.000000000000000000e+00
2.470211163522623852e+07
0.000000000000000000e+00
0.000000000000000000e+00
0.000000000000000000e+00
0.000000000000000000e+00
1.834061544804101437e+07
0.000000000000000000e+00
0.000000000000000000e+00
0.000000000000000000e+00
0.000000000000000000e+00
1.751090676442807540e+07
3.909670548554420937e+06
0.000000000000000000e+00
1.529372047383645363e+07
0.000000000000000000e+00
0.000000000000000000e+00
0.000000000000000000e+00
1.512746192996306531e+07
0.000000000000000000e+00
0.000000000000000000e+00
0.000000000000000000e+00
0.000000000000000000e+00
6.316554945955662057e+06
3.111664653661495075e+07
4.505477028476332128e+07
1.084567186195900477e+07
0.000000000000000000e+00
1.142829585189435631e+07
1.512746192996306531e+07
1.084567186195900477e+07
0.000000000000000000e+00
1.419927172399907373e+07
1.668425673180336878e+07
0.000000000000000000e+00
1.217832084175661393e+07
1.315835587065243535e+07
7.384177026644445956e+06
0.000000000000000000e+00
0.000000000000000000e+00
1.533036852571553923e+07
6.316554945955662057e+06
0.000000000000000000e+00
7.384177026644445956e+06
0.000000000000000000e+00
2.999238710377632175e+06
1.072368289471048117e+07
1.474974880266601406e+07
1.419927172399907373e+07
5.843298617235378362e+06
1.142829585189435631e+07
1.372292160508811288e+07
0.000000000000000000e+00
5.444546850261397660e+06
0.000000000000000000e+00
0.000000000000000000e+00
0.000000000000000000e+00
0.000000000000000000e+00
2.688127747574054822e+07
1.512746192996306531e+07
0.000000000000000000e+00
1.072368289471048117e+07
2.999238710377632175e+06
2.999238710377632175e+06
0.000000000000000000e+00
1.833718596752623841e+07
1.142829585189435631e+07
0.000000000000000000e+00
1.474974880266601406e+07
1.050283991122716479e+07
0.000000000000000000e+00
0.000000000000000000e+00
0.000000000000000000e+00
1.648240209711627662e+07
1.512746192996306531e+07
0.000000000000000000e+00
0.000000000000000000e+00
1.134034346093973704e+07
1.751090676442807540e+07
0.000000000000000000e+00
0.000000000000000000e+00
0.000000000000000000e+00
0.000000000000000000e+00
0.000000000000000000e+00
1.072368289471048117e+07
0.000000000000000000e+00
1.142829585189435631e+07
0.000000000000000000e+00
0.000000000000000000e+00
1.142829585189435631e+07
0.000000000000000000e+00
5.182259577388579026e+06
0.000000000000000000e+00
0.000000000000000000e+00
2.999238710377632175e+06
0.000000000000000000e+00
5.960573837092886679e+06
0.000000000000000000e+00
0.000000000000000000e+00
1.525001400949415751e+07
0.000000000000000000e+00
3.909670548554420937e+06
3.909670548554420937e+06
5.395283542444266379e+06
0.000000000000000000e+00
5.864517916904202662e+06
1.084567186195900477e+07
0.000000000000000000e+00
1.134034346093973704e+07
0.000000000000000000e+00
0.000000000000000000e+00
6.316554945955662057e+06
0.000000000000000000e+00
1.512746192996306531e+07
0.000000000000000000e+00
2.516277629990866035e+07
0.000000000000000000e+00
0.000000000000000000e+00
0.000000000000000000e+00
0.000000000000000000e+00
2.999238710377632175e+06
0.000000000000000000e+00
0.000000000000000000e+00
1.142829585189435631e+07
1.673562700338400342e+07
0.000000000000000000e+00
2.419926755001606047e+07
0.000000000000000000e+00
1.529372047383645363e+07
0.000000000000000000e+00
2.028143845915070921e+07
0.000000000000000000e+00
0.000000000000000000e+00
0.000000000000000000e+00
0.000000000000000000e+00
1.419927172399907373e+07
0.000000000000000000e+00
0.000000000000000000e+00
0.000000000000000000e+00
0.000000000000000000e+00
0.000000000000000000e+00
0.000000000000000000e+00
0.000000000000000000e+00
0.000000000000000000e+00
1.072368289471048117e+07
2.605405142042601854e+07
6.316554945955662057e+06
0.000000000000000000e+00
1.134034346093973704e+07
5.395283542444266379e+06
0.000000000000000000e+00
0.000000000000000000e+00
0.000000000000000000e+00
1.217832084175661393e+07
0.000000000000000000e+00
1.895384653375549242e+07
0.000000000000000000e+00
0.000000000000000000e+00
0.000000000000000000e+00
1.134034346093973704e+07
7.384177026644445956e+06
1.533036852571553923e+07
0.000000000000000000e+00
1.751090676442807540e+07
1.512746192996306531e+07
0.000000000000000000e+00
1.419927172399907373e+07
1.084567186195900477e+07
5.182259577388579026e+06
0.000000000000000000e+00
0.000000000000000000e+00
0.000000000000000000e+00
0.000000000000000000e+00
0.000000000000000000e+00
1.050283991122716479e+07
1.142829585189435631e+07
2.406843375844781473e+07
6.316554945955662057e+06
1.745505987844370306e+07
7.384177026644445956e+06
1.512746192996306531e+07
0.000000000000000000e+00
8.868899024300519377e+06
1.142829585189435631e+07
2.999238710377632175e+06
1.217832084175661393e+07
1.217832084175661393e+07
0.000000000000000000e+00
2.348738560892221332e+07
2.694667336161977798e+07
5.182259577388579026e+06
0.000000000000000000e+00
3.635398473590071499e+07
1.072368289471048117e+07
0.000000000000000000e+00
2.999238710377632175e+06
0.000000000000000000e+00
6.316554945955662057e+06
2.999238710377632175e+06
0.000000000000000000e+00
2.089952129235208035e+07
0.000000000000000000e+00
1.474974880266601406e+07
2.276863931283409148e+07
3.171017848842714727e+07
0.000000000000000000e+00
1.745505987844370306e+07
0.000000000000000000e+00
0.000000000000000000e+00
0.000000000000000000e+00
1.142829585189435631e+07
1.134034346093973704e+07
1.751090676442807540e+07
1.050283991122716479e+07
0.000000000000000000e+00
0.000000000000000000e+00
1.084567186195900477e+07
0.000000000000000000e+00
1.405115860168909840e+07
5.284761117963139713e+07
0.000000000000000000e+00
1.443909340519817919e+07
7.384177026644445956e+06
3.438509574484452605e+07
0.000000000000000000e+00
0.000000000000000000e+00
0.000000000000000000e+00
0.000000000000000000e+00
1.474974880266601406e+07
0.000000000000000000e+00
0.000000000000000000e+00
1.134034346093973704e+07
0.000000000000000000e+00
2.086406244908606261e+07
1.134034346093973704e+07
0.000000000000000000e+00
0.000000000000000000e+00
1.668897047919438407e+07
0.000000000000000000e+00
1.533036852571553923e+07
0.000000000000000000e+00
7.384177026644445956e+06
0.000000000000000000e+00
0.000000000000000000e+00
0.000000000000000000e+00
0.000000000000000000e+00
1.533036852571553923e+07
0.000000000000000000e+00
1.512746192996306531e+07
2.134851177318616956e+07
0.000000000000000000e+00
1.830466562149222195e+07
1.474974880266601406e+07
2.999238710377632175e+06
1.573476230255151168e+07
1.315835587065243535e+07
0.000000000000000000e+00
1.533036852571553923e+07
1.315835587065243535e+07
0.000000000000000000e+00
1.533036852571553923e+07
0.000000000000000000e+00
0.000000000000000000e+00
0.000000000000000000e+00
7.613503072815756314e+06
5.843298617235378362e+06
0.000000000000000000e+00
0.000000000000000000e+00
5.960573837092886679e+06
1.142829585189435631e+07
0.000000000000000000e+00
0.000000000000000000e+00
1.634613852846254408e+07
2.999238710377632175e+06
1.084567186195900477e+07
0.000000000000000000e+00
5.444546850261397660e+06
1.134034346093973704e+07
0.000000000000000000e+00
1.533036852571553923e+07
2.016274659949938580e+07
1.072368289471048117e+07
0.000000000000000000e+00
0.000000000000000000e+00
0.000000000000000000e+00
2.583320843694270402e+07
0.000000000000000000e+00
0.000000000000000000e+00
1.988364025545957685e+07
0.000000000000000000e+00
2.999238710377632175e+06
1.072368289471048117e+07
0.000000000000000000e+00
8.868899024300519377e+06
1.315835587065243535e+07
8.868899024300519377e+06
0.000000000000000000e+00
2.117366714295091853e+07
0.000000000000000000e+00
0.000000000000000000e+00
0.000000000000000000e+00
1.217832084175661393e+07
0.000000000000000000e+00
8.868899024300519377e+06
0.000000000000000000e+00
6.316554945955662057e+06
5.444546850261397660e+06
0.000000000000000000e+00
5.444546850261397660e+06
0.000000000000000000e+00
7.384177026644445956e+06
0.000000000000000000e+00
0.000000000000000000e+00
1.362944739369068295e+07
0.000000000000000000e+00
0.000000000000000000e+00
1.217832084175661393e+07
0.000000000000000000e+00
1.751090676442807540e+07
1.038341573702207766e+07
0.000000000000000000e+00
2.999238710377632175e+06
1.050283991122716479e+07
1.050283991122716479e+07
1.533036852571553923e+07
0.000000000000000000e+00
0.000000000000000000e+00
0.000000000000000000e+00
0.000000000000000000e+00
0.000000000000000000e+00
0.000000000000000000e+00
1.419927172399907373e+07
0.000000000000000000e+00
0.000000000000000000e+00
0.000000000000000000e+00
9.435766597191704437e+06
0.000000000000000000e+00
3.056895668750523031e+07
0.000000000000000000e+00
0.000000000000000000e+00
1.084567186195900477e+07
1.217832084175661393e+07
0.000000000000000000e+00
1.751090676442807540e+07
0.000000000000000000e+00
1.072368289471048117e+07
0.000000000000000000e+00
6.316554945955662057e+06
0.000000000000000000e+00
0.000000000000000000e+00
1.533036852571553923e+07
1.443909340519817919e+07
0.000000000000000000e+00
0.000000000000000000e+00
2.741265337390486151e+07
0.000000000000000000e+00
5.182259577388579026e+06
0.000000000000000000e+00
0.000000000000000000e+00
1.499768009946020320e+07
0.000000000000000000e+00
7.613503072815756314e+06
0.000000000000000000e+00
0.000000000000000000e+00
1.315835587065243535e+07
0.000000000000000000e+00
1.084567186195900477e+07
0.000000000000000000e+00
2.306817074829959124e+07
0.000000000000000000e+00
1.751090676442807540e+07
0.000000000000000000e+00
5.395283542444266379e+06
1.084567186195900477e+07
0.000000000000000000e+00
1.134034346093973704e+07
2.999238710377632175e+06
0.000000000000000000e+00
2.361864782696653157e+07
0.000000000000000000e+00
5.182259577388579026e+06
0.000000000000000000e+00
0.000000000000000000e+00
0.000000000000000000e+00
1.182509175399708934e+07
0.000000000000000000e+00
0.000000000000000000e+00
0.000000000000000000e+00
0.000000000000000000e+00
0.000000000000000000e+00
2.337542468133227900e+07
0.000000000000000000e+00
1.050283991122716479e+07
0.000000000000000000e+00
0.000000000000000000e+00
0.000000000000000000e+00
0.000000000000000000e+00
0.000000000000000000e+00
0.000000000000000000e+00
1.474974880266601406e+07
1.072368289471048117e+07
9.435766597191704437e+06
0.000000000000000000e+00
1.512746192996306531e+07
0.000000000000000000e+00
0.000000000000000000e+00
0.000000000000000000e+00
1.810785992135492712e+07
0.000000000000000000e+00
0.000000000000000000e+00
0.000000000000000000e+00
1.924003907426996157e+07
1.419927172399907373e+07
0.000000000000000000e+00
1.503500337544787675e+07
1.134034346093973704e+07
1.050283991122716479e+07
0.000000000000000000e+00
0.000000000000000000e+00
0.000000000000000000e+00
3.909670548554420937e+06
3.909670548554420937e+06
2.999238710377632175e+06
1.142829585189435631e+07
0.000000000000000000e+00
1.533036852571553923e+07
1.142829585189435631e+07
0.000000000000000000e+00
1.315835587065243535e+07
1.443909340519817919e+07
0.000000000000000000e+00
2.030361132210238278e+07
0.000000000000000000e+00
5.182259577388579026e+06
5.395283542444266379e+06
6.316554945955662057e+06
0.000000000000000000e+00
0.000000000000000000e+00
0.000000000000000000e+00
1.751090676442807540e+07
0.000000000000000000e+00
0.000000000000000000e+00
1.072368289471048117e+07
0.000000000000000000e+00
0.000000000000000000e+00
0.000000000000000000e+00
5.864517916904202662e+06
0.000000000000000000e+00
0.000000000000000000e+00
8.868899024300519377e+06
1.512746192996306531e+07
0.000000000000000000e+00
2.638034458685893565e+07
2.290200373646709323e+07
2.562756757589343190e+07
0.000000000000000000e+00
0.000000000000000000e+00
9.435766597191704437e+06
0.000000000000000000e+00
2.655575778185742348e+07
0.000000000000000000e+00
1.443909340519817919e+07
1.833718596752623841e+07
0.000000000000000000e+00
0.000000000000000000e+00
2.999238710377632175e+06
1.277946056908871233e+07
1.751090676442807540e+07
1.751090676442807540e+07
3.909670548554420937e+06
2.999238710377632175e+06
7.613503072815756314e+06
0.000000000000000000e+00
8.868899024300519377e+06
1.474974880266601406e+07
2.667071198665527627e+07
3.008011732838155329e+07
7.384177026644445956e+06
0.000000000000000000e+00
1.362944739369068295e+07
1.474974880266601406e+07
2.054253289729688317e+07
0.000000000000000000e+00
1.384491057233663648e+07
1.050283991122716479e+07
0.000000000000000000e+00
0.000000000000000000e+00
1.072368289471048117e+07
1.084567186195900477e+07
2.597313379192207009e+07
1.084567186195900477e+07
1.512746192996306531e+07
1.217832084175661393e+07
0.000000000000000000e+00
0.000000000000000000e+00
0.000000000000000000e+00
1.217832084175661393e+07
0.000000000000000000e+00
2.390390239974839613e+07
1.533036852571553923e+07
9.435766597191704437e+06
1.503500337544787675e+07
0.000000000000000000e+00
0.000000000000000000e+00
2.006378964090327546e+07
0.000000000000000000e+00
5.960573837092886679e+06
1.084567186195900477e+07
5.182259577388579026e+06
8.868899024300519377e+06
1.050283991122716479e+07
0.000000000000000000e+00
0.000000000000000000e+00
1.084567186195900477e+07
1.362944739369068295e+07
0.000000000000000000e+00
8.868899024300519377e+06
6.316554945955662057e+06
3.834546332766906917e+07
7.384177026644445956e+06
1.277946056908871233e+07
0.000000000000000000e+00
5.182259577388579026e+06
0.000000000000000000e+00
0.000000000000000000e+00
2.637980578872859478e+07
1.751090676442807540e+07
0.000000000000000000e+00
1.084567186195900477e+07
1.765689840689539909e+07
0.000000000000000000e+00
0.000000000000000000e+00
0.000000000000000000e+00
2.547343169737649709e+07
1.533036852571553923e+07
5.960573837092886679e+06
5.843298617235378362e+06
0.000000000000000000e+00
0.000000000000000000e+00
0.000000000000000000e+00
1.751090676442807540e+07
0.000000000000000000e+00
1.512746192996306531e+07
0.000000000000000000e+00
0.000000000000000000e+00
1.751090676442807540e+07
1.050283991122716479e+07
1.512746192996306531e+07
1.315835587065243535e+07
1.315835587065243535e+07
1.072368289471048117e+07
5.182259577388579026e+06
0.000000000000000000e+00
2.186651630919194594e+07
0.000000000000000000e+00
3.002723431128255278e+07
0.000000000000000000e+00
2.506856295125946030e+07
1.084567186195900477e+07
0.000000000000000000e+00
0.000000000000000000e+00
1.443909340519817919e+07
1.512746192996306531e+07
2.747204131559306756e+07
0.000000000000000000e+00
0.000000000000000000e+00
9.870244385647308081e+06
0.000000000000000000e+00
0.000000000000000000e+00
0.000000000000000000e+00
0.000000000000000000e+00
1.315835587065243535e+07
1.084567186195900477e+07
2.202725489495295286e+07
5.395283542444266379e+06
2.129094236280842498e+07
5.182259577388579026e+06
0.000000000000000000e+00
9.435766597191704437e+06
5.843298617235378362e+06
0.000000000000000000e+00
1.419927172399907373e+07
1.474974880266601406e+07
0.000000000000000000e+00
0.000000000000000000e+00
1.512746192996306531e+07
1.745505987844370306e+07
2.028239202243355662e+07
1.072368289471048117e+07
0.000000000000000000e+00
3.242912061260252446e+07
5.182259577388579026e+06
0.000000000000000000e+00
2.119488644261974096e+07
2.999238710377632175e+06
1.745505987844370306e+07
1.050283991122716479e+07
2.694667336161977798e+07
0.000000000000000000e+00
0.000000000000000000e+00
0.000000000000000000e+00
1.503500337544787675e+07
1.186813773467815109e+07
0.000000000000000000e+00
0.000000000000000000e+00
3.606035960711953044e+07
5.960573837092886679e+06
0.000000000000000000e+00
0.000000000000000000e+00
2.823458965913855657e+07
7.613503072815756314e+06
0.000000000000000000e+00
1.217832084175661393e+07
1.671018977886320651e+07
1.142829585189435631e+07
0.000000000000000000e+00
1.217832084175661393e+07
5.960573837092886679e+06
0.000000000000000000e+00
1.050283991122716479e+07
0.000000000000000000e+00
0.000000000000000000e+00
5.444546850261397660e+06
0.000000000000000000e+00
0.000000000000000000e+00
1.875156025352499634e+07
0.000000000000000000e+00
0.000000000000000000e+00
0.000000000000000000e+00
0.000000000000000000e+00
0.000000000000000000e+00
1.362944739369068295e+07
0.000000000000000000e+00
0.000000000000000000e+00
5.395283542444266379e+06
2.241918040209232271e+07
1.745505987844370306e+07
8.868899024300519377e+06
5.864517916904202662e+06
1.072368289471048117e+07
1.050283991122716479e+07
0.000000000000000000e+00
0.000000000000000000e+00
2.004257034123445302e+07
0.000000000000000000e+00
1.050283991122716479e+07
1.256643660403302498e+07
0.000000000000000000e+00
5.960573837092886679e+06
7.384177026644445956e+06
9.435766597191704437e+06
0.000000000000000000e+00
0.000000000000000000e+00
0.000000000000000000e+00
1.834061544804101437e+07
0.000000000000000000e+00
0.000000000000000000e+00
0.000000000000000000e+00
0.000000000000000000e+00
8.868899024300519377e+06
0.000000000000000000e+00
0.000000000000000000e+00
0.000000000000000000e+00
1.611896643715474755e+07
2.122652280593764782e+07
0.000000000000000000e+00
0.000000000000000000e+00
1.362944739369068295e+07
1.215985356319104135e+07
0.000000000000000000e+00
0.000000000000000000e+00
2.956655533516124636e+07
1.911892970774532109e+07
0.000000000000000000e+00
0.000000000000000000e+00
9.435766597191704437e+06
1.217832084175661393e+07
0.000000000000000000e+00
0.000000000000000000e+00
0.000000000000000000e+00
0.000000000000000000e+00
0.000000000000000000e+00
1.362944739369068295e+07
0.000000000000000000e+00
0.000000000000000000e+00
0.000000000000000000e+00
2.097076054719844460e+07
0.000000000000000000e+00
0.000000000000000000e+00
1.084567186195900477e+07
1.872452048758418113e+07
1.134034346093973704e+07
1.217832084175661393e+07
0.000000000000000000e+00
1.315835587065243535e+07
0.000000000000000000e+00
2.999238710377632175e+06
1.443909340519817919e+07
1.072368289471048117e+07
0.000000000000000000e+00
1.973486571376163512e+07
9.435766597191704437e+06
3.349232220754457265e+07
0.000000000000000000e+00
1.072368289471048117e+07
0.000000000000000000e+00
0.000000000000000000e+00
0.000000000000000000e+00
1.517755955213424563e+07
0.000000000000000000e+00
6.316554945955662057e+06
0.000000000000000000e+00
1.084567186195900477e+07
8.868899024300519377e+06
0.000000000000000000e+00
0.000000000000000000e+00
0.000000000000000000e+00
2.135155832140354067e+07
0.000000000000000000e+00
0.000000000000000000e+00
0.000000000000000000e+00
0.000000000000000000e+00
2.470211163522623852e+07
2.923427509944695234e+07
1.822984888860344887e+07
0.000000000000000000e+00
0.000000000000000000e+00
0.000000000000000000e+00
8.868899024300519377e+06
0.000000000000000000e+00
0.000000000000000000e+00
0.000000000000000000e+00
1.751090676442807540e+07
0.000000000000000000e+00
1.443909340519817919e+07
0.000000000000000000e+00
0.000000000000000000e+00
1.503500337544787675e+07
0.000000000000000000e+00
0.000000000000000000e+00
1.315835587065243535e+07
1.442753456227198802e+07
2.115823839074065536e+07
5.182259577388579026e+06
7.384177026644445956e+06
3.909670548554420937e+06
0.000000000000000000e+00
1.072368289471048117e+07
5.960573837092886679e+06
0.000000000000000000e+00
0.000000000000000000e+00
0.000000000000000000e+00
9.435766597191704437e+06
0.000000000000000000e+00
5.960573837092886679e+06
5.395283542444266379e+06
1.474974880266601406e+07
1.503500337544787675e+07
0.000000000000000000e+00
2.193113576312152296e+07
0.000000000000000000e+00
0.000000000000000000e+00
0.000000000000000000e+00
0.000000000000000000e+00
0.000000000000000000e+00
0.000000000000000000e+00
0.000000000000000000e+00
9.435766597191704437e+06
0.000000000000000000e+00
3.909670548554420937e+06
0.000000000000000000e+00
0.000000000000000000e+00
0.000000000000000000e+00
1.134034346093973704e+07
1.315835587065243535e+07
5.864517916904202662e+06
1.142829585189435631e+07
0.000000000000000000e+00
1.050283991122716479e+07
0.000000000000000000e+00
5.182259577388579026e+06
0.000000000000000000e+00
1.142829585189435631e+07
0.000000000000000000e+00
0.000000000000000000e+00
5.864517916904202662e+06
2.290619030687234178e+07
1.419927172399907373e+07
0.000000000000000000e+00
3.498162630249506235e+07
0.000000000000000000e+00
1.347802098971995898e+07
1.751090676442807540e+07
0.000000000000000000e+00
0.000000000000000000e+00
2.101362442033512890e+07
0.000000000000000000e+00
0.000000000000000000e+00
0.000000000000000000e+00
0.000000000000000000e+00
1.072368289471048117e+07
2.290619030687234178e+07
5.182259577388579026e+06
0.000000000000000000e+00
1.533036852571553923e+07
0.000000000000000000e+00
0.000000000000000000e+00
0.000000000000000000e+00
0.000000000000000000e+00
2.999238710377632175e+06
0.000000000000000000e+00
0.000000000000000000e+00
1.072368289471048117e+07
1.125980145934846997e+07
0.000000000000000000e+00
3.202934747722045332e+07
0.000000000000000000e+00
0.000000000000000000e+00
0.000000000000000000e+00
1.533036852571553923e+07
1.443909340519817919e+07
0.000000000000000000e+00
0.000000000000000000e+00
1.443909340519817919e+07
1.315835587065243535e+07
0.000000000000000000e+00
5.864517916904202662e+06
7.613503072815756314e+06
0.000000000000000000e+00
7.384177026644445956e+06
0.000000000000000000e+00
1.050283991122716479e+07
0.000000000000000000e+00
2.496979085463041812e+07
2.584080631167594343e+07
0.000000000000000000e+00
0.000000000000000000e+00
0.000000000000000000e+00
1.512746192996306531e+07
1.881170697107926011e+07
1.751090676442807540e+07
2.999238710377632175e+06
0.000000000000000000e+00
2.006378964090327546e+07
0.000000000000000000e+00
0.000000000000000000e+00
0.000000000000000000e+00
0.000000000000000000e+00
5.864517916904202662e+06
3.100607491714403778e+07
3.449350984277674556e+07
1.134034346093973704e+07
0.000000000000000000e+00
0.000000000000000000e+00
2.290200373646709323e+07
1.959258191901100054e+07
1.474974880266601406e+07
0.000000000000000000e+00
1.539634043428459018e+07
0.000000000000000000e+00
0.000000000000000000e+00
1.217832084175661393e+07
0.000000000000000000e+00
0.000000000000000000e+00
0.000000000000000000e+00
1.050283991122716479e+07
0.000000000000000000e+00
5.182259577388579026e+06
0.000000000000000000e+00
0.000000000000000000e+00
4.219686158396248519e+07
0.000000000000000000e+00
1.084567186195900477e+07
1.315835587065243535e+07
0.000000000000000000e+00
2.306817074829959124e+07
5.395283542444266379e+06
0.000000000000000000e+00
0.000000000000000000e+00
1.751090676442807540e+07
0.000000000000000000e+00
1.745505987844370306e+07
0.000000000000000000e+00
1.419927172399907373e+07
0.000000000000000000e+00
0.000000000000000000e+00
0.000000000000000000e+00
0.000000000000000000e+00
0.000000000000000000e+00
0.000000000000000000e+00
0.000000000000000000e+00
0.000000000000000000e+00
1.474974880266601406e+07
0.000000000000000000e+00
0.000000000000000000e+00
0.000000000000000000e+00
0.000000000000000000e+00
1.443909340519817919e+07
0.000000000000000000e+00
0.000000000000000000e+00
1.533036852571553923e+07
0.000000000000000000e+00
0.000000000000000000e+00
0.000000000000000000e+00
0.000000000000000000e+00
0.000000000000000000e+00
1.947491081660809740e+07
1.533036852571553923e+07
0.000000000000000000e+00
1.072368289471048117e+07
0.000000000000000000e+00
0.000000000000000000e+00
0.000000000000000000e+00
2.077611005813144147e+07
0.000000000000000000e+00
0.000000000000000000e+00
0.000000000000000000e+00
2.315908427146959305e+07
1.134034346093973704e+07
1.134034346093973704e+07
1.084567186195900477e+07
2.999238710377632175e+06
2.835657862638708204e+07
1.142829585189435631e+07
1.362944739369068295e+07
1.134034346093973704e+07
0.000000000000000000e+00
1.512746192996306531e+07
0.000000000000000000e+00
0.000000000000000000e+00
0.000000000000000000e+00
1.217832084175661393e+07
5.864517916904202662e+06
0.000000000000000000e+00
1.602793143934758380e+07
0.000000000000000000e+00
2.331957779534790665e+07
1.751090676442807540e+07
0.000000000000000000e+00
0.000000000000000000e+00
0.000000000000000000e+00
0.000000000000000000e+00
1.315835587065243535e+07
1.217832084175661393e+07
0.000000000000000000e+00
0.000000000000000000e+00
2.577943686613791436e+07
0.000000000000000000e+00
0.000000000000000000e+00
1.443909340519817919e+07
1.443909340519817919e+07
0.000000000000000000e+00
0.000000000000000000e+00
0.000000000000000000e+00
0.000000000000000000e+00
0.000000000000000000e+00
0.000000000000000000e+00
0.000000000000000000e+00
0.000000000000000000e+00
2.932673365396213904e+07
3.195000016962625459e+07
0.000000000000000000e+00
5.395283542444266379e+06
0.000000000000000000e+00
0.000000000000000000e+00
0.000000000000000000e+00
0.000000000000000000e+00
0.000000000000000000e+00
0.000000000000000000e+00
3.458412575030846149e+07
1.419927172399907373e+07
0.000000000000000000e+00
0.000000000000000000e+00
0.000000000000000000e+00
2.295545361468947306e+07
0.000000000000000000e+00
0.000000000000000000e+00
1.072368289471048117e+07
0.000000000000000000e+00
0.000000000000000000e+00
1.050283991122716479e+07
0.000000000000000000e+00
0.000000000000000000e+00
0.000000000000000000e+00
5.182259577388579026e+06
1.142829585189435631e+07
0.000000000000000000e+00
0.000000000000000000e+00
5.395283542444266379e+06
0.000000000000000000e+00
0.000000000000000000e+00
0.000000000000000000e+00
1.142829585189435631e+07
1.362944739369068295e+07
3.177090276076761633e+07
1.217832084175661393e+07
0.000000000000000000e+00
1.533036852571553923e+07
2.735762759465150908e+07
5.182259577388579026e+06
0.000000000000000000e+00
0.000000000000000000e+00
0.000000000000000000e+00
0.000000000000000000e+00
6.316554945955662057e+06
2.637534683638761193e+07
2.661741424695479125e+07
1.057754311983284540e+07
5.864517916904202662e+06
8.868899024300519377e+06
1.503500337544787675e+07
1.084567186195900477e+07
0.000000000000000000e+00
0.000000000000000000e+00
0.000000000000000000e+00
0.000000000000000000e+00
0.000000000000000000e+00
3.495172150830229372e+07
2.923427509944695234e+07
2.015944949190218747e+07
0.000000000000000000e+00
0.000000000000000000e+00
1.751090676442807540e+07
7.613503072815756314e+06
7.613503072815756314e+06
1.529372047383645363e+07
1.527906521442708373e+07
0.000000000000000000e+00
0.000000000000000000e+00
0.000000000000000000e+00
0.000000000000000000e+00
1.902473093613494933e+07
0.000000000000000000e+00
1.362944739369068295e+07
0.000000000000000000e+00
0.000000000000000000e+00
0.000000000000000000e+00
2.290619030687234178e+07
7.613503072815756314e+06
0.000000000000000000e+00
0.000000000000000000e+00
0.000000000000000000e+00
2.271454555235998333e+07
0.000000000000000000e+00
3.909670548554420937e+06
0.000000000000000000e+00
0.000000000000000000e+00
0.000000000000000000e+00
0.000000000000000000e+00
0.000000000000000000e+00
0.000000000000000000e+00
5.395283542444266379e+06
5.182259577388579026e+06
4.196307301987050474e+07
0.000000000000000000e+00
3.909670548554420937e+06
0.000000000000000000e+00
0.000000000000000000e+00
2.870153883987170830e+07
0.000000000000000000e+00
0.000000000000000000e+00
0.000000000000000000e+00
0.000000000000000000e+00
0.000000000000000000e+00
1.474974880266601406e+07
5.182259577388579026e+06
0.000000000000000000e+00
0.000000000000000000e+00
1.751090676442807540e+07
1.751090676442807540e+07
0.000000000000000000e+00
5.395283542444266379e+06
0.000000000000000000e+00
0.000000000000000000e+00
8.868899024300519377e+06
3.909670548554420937e+06
0.000000000000000000e+00
1.072368289471048117e+07
0.000000000000000000e+00
0.000000000000000000e+00
1.988364025545957685e+07
8.868899024300519377e+06
0.000000000000000000e+00
0.000000000000000000e+00
0.000000000000000000e+00
0.000000000000000000e+00
5.182259577388579026e+06
0.000000000000000000e+00
0.000000000000000000e+00
1.512746192996306531e+07
0.000000000000000000e+00
0.000000000000000000e+00
1.533036852571553923e+07
0.000000000000000000e+00
0.000000000000000000e+00
1.072368289471048117e+07
0.000000000000000000e+00
0.000000000000000000e+00
8.868899024300519377e+06
0.000000000000000000e+00
0.000000000000000000e+00
5.182259577388579026e+06
0.000000000000000000e+00
0.000000000000000000e+00
0.000000000000000000e+00
0.000000000000000000e+00
0.000000000000000000e+00
2.290200373646709323e+07
0.000000000000000000e+00
1.324869494354864955e+07
0.000000000000000000e+00
0.000000000000000000e+00
0.000000000000000000e+00
1.084567186195900477e+07
0.000000000000000000e+00
2.004257034123445302e+07
8.868899024300519377e+06
0.000000000000000000e+00
1.362944739369068295e+07
0.000000000000000000e+00
1.084567186195900477e+07
5.395283542444266379e+06
0.000000000000000000e+00
1.134034346093973704e+07
0.000000000000000000e+00
1.315835587065243535e+07
0.000000000000000000e+00
2.043028691789214313e+07
0.000000000000000000e+00
0.000000000000000000e+00
1.646341374832005054e+07
0.000000000000000000e+00
0.000000000000000000e+00
0.000000000000000000e+00
2.021726295283645391e+07
0.000000000000000000e+00
0.000000000000000000e+00
8.181498287766210735e+06
0.000000000000000000e+00
0.000000000000000000e+00
0.000000000000000000e+00
0.000000000000000000e+00
5.960573837092886679e+06
0.000000000000000000e+00
0.000000000000000000e+00
1.050283991122716479e+07
1.474974880266601406e+07
0.000000000000000000e+00
0.000000000000000000e+00
1.362944739369068295e+07
2.999238710377632175e+06
0.000000000000000000e+00
1.072368289471048117e+07
0.000000000000000000e+00
0.000000000000000000e+00
5.960573837092886679e+06
0.000000000000000000e+00
1.072368289471048117e+07
0.000000000000000000e+00
1.443909340519817919e+07
0.000000000000000000e+00
5.843298617235378362e+06
0.000000000000000000e+00
0.000000000000000000e+00
0.000000000000000000e+00
1.315835587065243535e+07
0.000000000000000000e+00
1.362944739369068295e+07
0.000000000000000000e+00
0.000000000000000000e+00
3.909670548554420937e+06
7.613503072815756314e+06
0.000000000000000000e+00
0.000000000000000000e+00
3.909670548554420937e+06
0.000000000000000000e+00
2.015944949190218747e+07
0.000000000000000000e+00
0.000000000000000000e+00
0.000000000000000000e+00
0.000000000000000000e+00
1.072368289471048117e+07
1.533036852571553923e+07
5.395283542444266379e+06
1.575232154314736649e+07
0.000000000000000000e+00
1.315835587065243535e+07
0.000000000000000000e+00
0.000000000000000000e+00
2.279895704307193682e+07
0.000000000000000000e+00
0.000000000000000000e+00
2.999238710377632175e+06
0.000000000000000000e+00
0.000000000000000000e+00
0.000000000000000000e+00
0.000000000000000000e+00
0.000000000000000000e+00
0.000000000000000000e+00
1.084567186195900477e+07
1.900165448788781464e+07
1.947274601092606038e+07
1.362944739369068295e+07
3.909670548554420937e+06
1.084567186195900477e+07
0.000000000000000000e+00
0.000000000000000000e+00
0.000000000000000000e+00
8.868899024300519377e+06
0.000000000000000000e+00
1.050283991122716479e+07
3.909670548554420937e+06
0.000000000000000000e+00
9.435766597191704437e+06
0.000000000000000000e+00
2.999238710377632175e+06
1.072368289471048117e+07
1.443909340519817919e+07
5.182259577388579026e+06
2.294387159853129461e+07
0.000000000000000000e+00
5.960573837092886679e+06
5.182259577388579026e+06
0.000000000000000000e+00
0.000000000000000000e+00
0.000000000000000000e+00
3.909670548554420937e+06
1.134034346093973704e+07
0.000000000000000000e+00
0.000000000000000000e+00
0.000000000000000000e+00
0.000000000000000000e+00
0.000000000000000000e+00
1.529372047383645363e+07
1.615759458103006706e+07
1.902473093613494933e+07
0.000000000000000000e+00
0.000000000000000000e+00
0.000000000000000000e+00
7.384177026644445956e+06
5.182259577388579026e+06
0.000000000000000000e+00
1.142829585189435631e+07
0.000000000000000000e+00
0.000000000000000000e+00
0.000000000000000000e+00
7.613503072815756314e+06
0.000000000000000000e+00
0.000000000000000000e+00
0.000000000000000000e+00
0.000000000000000000e+00
0.000000000000000000e+00
0.000000000000000000e+00
0.000000000000000000e+00
1.947491081660809740e+07
1.529372047383645363e+07
0.000000000000000000e+00
0.000000000000000000e+00
0.000000000000000000e+00
7.613503072815756314e+06
0.000000000000000000e+00
1.533036852571553923e+07
0.000000000000000000e+00
5.444546850261397660e+06
0.000000000000000000e+00
1.215985356319104135e+07
0.000000000000000000e+00
0.000000000000000000e+00
2.999238710377632175e+06
0.000000000000000000e+00
2.449869933159217238e+07
1.533036852571553923e+07
9.435766597191704437e+06
0.000000000000000000e+00
0.000000000000000000e+00
5.843298617235378362e+06
0.000000000000000000e+00
0.000000000000000000e+00
0.000000000000000000e+00
5.960573837092886679e+06
1.788701693787161261e+07
1.419927172399907373e+07
3.730897108930123597e+07
0.000000000000000000e+00
0.000000000000000000e+00
1.072368289471048117e+07
0.000000000000000000e+00
1.719851043437670544e+07
0.000000000000000000e+00
0.000000000000000000e+00
2.999238710377632175e+06
1.142829585189435631e+07
1.134034346093973704e+07
0.000000000000000000e+00
1.751090676442807540e+07
1.072368289471048117e+07
1.474974880266601406e+07
0.000000000000000000e+00
0.000000000000000000e+00
0.000000000000000000e+00
1.602793143934758380e+07
1.512746192996306531e+07
0.000000000000000000e+00
0.000000000000000000e+00
0.000000000000000000e+00
1.443909340519817919e+07
5.864517916904202662e+06
0.000000000000000000e+00
0.000000000000000000e+00
0.000000000000000000e+00
0.000000000000000000e+00
1.832960723609317094e+07
0.000000000000000000e+00
5.960573837092886679e+06
2.570500504979591072e+07
0.000000000000000000e+00
1.687284270215575397e+07
0.000000000000000000e+00
2.062210640239564329e+07
0.000000000000000000e+00
5.444546850261397660e+06
0.000000000000000000e+00
0.000000000000000000e+00
0.000000000000000000e+00
0.000000000000000000e+00
0.000000000000000000e+00
2.978803554747662693e+07
0.000000000000000000e+00
0.000000000000000000e+00
0.000000000000000000e+00
1.533036852571553923e+07
0.000000000000000000e+00
0.000000000000000000e+00
0.000000000000000000e+00
1.134034346093973704e+07
0.000000000000000000e+00
0.000000000000000000e+00
3.909670548554420937e+06
5.182259577388579026e+06
0.000000000000000000e+00
3.519991067629372329e+07
0.000000000000000000e+00
3.909670548554420937e+06
0.000000000000000000e+00
0.000000000000000000e+00
0.000000000000000000e+00
0.000000000000000000e+00
0.000000000000000000e+00
1.441251045978158526e+07
7.384177026644445956e+06
2.117366714295091853e+07
0.000000000000000000e+00
3.496596664287178218e+07
0.000000000000000000e+00
1.503500337544787675e+07
1.072368289471048117e+07
8.863756627281835303e+06
2.268116075298377872e+07
5.182259577388579026e+06
0.000000000000000000e+00
0.000000000000000000e+00
3.936204802390773594e+07
0.000000000000000000e+00
0.000000000000000000e+00
0.000000000000000000e+00
0.000000000000000000e+00
0.000000000000000000e+00
0.000000000000000000e+00
5.182259577388579026e+06
0.000000000000000000e+00
0.000000000000000000e+00
5.843298617235378362e+06
1.084567186195900477e+07
0.000000000000000000e+00
2.186651630919194594e+07
1.134034346093973704e+07
0.000000000000000000e+00
0.000000000000000000e+00
7.384177026644445956e+06
8.868899024300519377e+06
0.000000000000000000e+00
0.000000000000000000e+00
0.000000000000000000e+00
0.000000000000000000e+00
0.000000000000000000e+00
0.000000000000000000e+00
5.395283542444266379e+06
3.909670548554420937e+06
0.000000000000000000e+00
1.533036852571553923e+07
1.512746192996306531e+07
5.864517916904202662e+06
0.000000000000000000e+00
0.000000000000000000e+00
0.000000000000000000e+00
0.000000000000000000e+00
1.050283991122716479e+07
0.000000000000000000e+00
5.395283542444266379e+06
0.000000000000000000e+00
0.000000000000000000e+00
1.745505987844370306e+07
1.277946056908871233e+07
7.613503072815756314e+06
0.000000000000000000e+00
2.675866437760989368e+07
0.000000000000000000e+00
0.000000000000000000e+00
1.050283991122716479e+07
0.000000000000000000e+00
0.000000000000000000e+00
1.134034346093973704e+07
0.000000000000000000e+00
0.000000000000000000e+00
0.000000000000000000e+00
0.000000000000000000e+00
0.000000000000000000e+00
0.000000000000000000e+00
1.217832084175661393e+07
0.000000000000000000e+00
1.419927172399907373e+07
0.000000000000000000e+00
0.000000000000000000e+00
0.000000000000000000e+00
0.000000000000000000e+00
5.395283542444266379e+06
0.000000000000000000e+00
0.000000000000000000e+00
0.000000000000000000e+00
0.000000000000000000e+00
0.000000000000000000e+00
1.474974880266601406e+07
0.000000000000000000e+00
7.384177026644445956e+06
2.999238710377632175e+06
0.000000000000000000e+00
0.000000000000000000e+00
0.000000000000000000e+00
0.000000000000000000e+00
0.000000000000000000e+00
2.071032263975889981e+07
0.000000000000000000e+00
0.000000000000000000e+00
0.000000000000000000e+00
2.290200373646709323e+07
0.000000000000000000e+00
0.000000000000000000e+00
2.489508379107252136e+07
0.000000000000000000e+00
7.384177026644445956e+06
0.000000000000000000e+00
0.000000000000000000e+00
1.512746192996306531e+07
1.512746192996306531e+07
0.000000000000000000e+00
0.000000000000000000e+00
1.315835587065243535e+07
1.072368289471048117e+07
0.000000000000000000e+00
0.000000000000000000e+00
0.000000000000000000e+00
1.533036852571553923e+07
0.000000000000000000e+00
0.000000000000000000e+00
0.000000000000000000e+00
0.000000000000000000e+00
1.362944739369068295e+07
1.474974880266601406e+07
0.000000000000000000e+00
0.000000000000000000e+00
0.000000000000000000e+00
0.000000000000000000e+00
0.000000000000000000e+00
1.745505987844370306e+07
5.444546850261397660e+06
0.000000000000000000e+00
3.909670548554420937e+06
8.868899024300519377e+06
1.745505987844370306e+07
0.000000000000000000e+00
0.000000000000000000e+00
1.533036852571553923e+07
2.806854079888886213e+07
0.000000000000000000e+00
1.050283991122716479e+07
0.000000000000000000e+00
3.579065172660171986e+07
0.000000000000000000e+00
0.000000000000000000e+00
0.000000000000000000e+00
1.443909340519817919e+07
3.114928318406138569e+07
0.000000000000000000e+00
5.960573837092886679e+06
0.000000000000000000e+00
0.000000000000000000e+00
0.000000000000000000e+00
0.000000000000000000e+00
2.142057731298249587e+07
1.533036852571553923e+07
5.182259577388579026e+06
0.000000000000000000e+00
0.000000000000000000e+00
3.505002470667317510e+07
1.751090676442807540e+07
0.000000000000000000e+00
0.000000000000000000e+00
0.000000000000000000e+00
1.142829585189435631e+07
0.000000000000000000e+00
0.000000000000000000e+00
0.000000000000000000e+00
5.960573837092886679e+06
9.435766597191704437e+06
0.000000000000000000e+00
0.000000000000000000e+00
5.843298617235378362e+06
0.000000000000000000e+00
1.419927172399907373e+07
1.038341573702207766e+07
0.000000000000000000e+00
1.503500337544787675e+07
0.000000000000000000e+00
1.745505987844370306e+07
3.280462723826453090e+07
0.000000000000000000e+00
0.000000000000000000e+00
9.435766597191704437e+06
0.000000000000000000e+00
5.395283542444266379e+06
1.625307605094496533e+07
0.000000000000000000e+00
0.000000000000000000e+00
0.000000000000000000e+00
0.000000000000000000e+00
2.999238710377632175e+06
0.000000000000000000e+00
0.000000000000000000e+00
5.182259577388579026e+06
1.512746192996306531e+07
1.084567186195900477e+07
1.217832084175661393e+07
2.999238710377632175e+06
0.000000000000000000e+00
1.646341374832005054e+07
0.000000000000000000e+00
0.000000000000000000e+00
1.443909340519817919e+07
7.384177026644445956e+06
2.637759256575568765e+07
0.000000000000000000e+00
1.084567186195900477e+07
5.960573837092886679e+06
6.316554945955662057e+06
0.000000000000000000e+00
2.586738925709253550e+07
2.029719487619487569e+07
1.652260303832831606e+07
0.000000000000000000e+00
0.000000000000000000e+00
0.000000000000000000e+00
2.390372178503615782e+07
5.182259577388579026e+06
5.960573837092886679e+06
3.115539336931064725e+07
0.000000000000000000e+00
5.182259577388579026e+06
1.443909340519817919e+07
3.909670548554420937e+06
0.000000000000000000e+00
0.000000000000000000e+00
1.186813773467815109e+07
5.843298617235378362e+06
0.000000000000000000e+00
5.960573837092886679e+06
0.000000000000000000e+00
0.000000000000000000e+00
1.315835587065243535e+07
5.960573837092886679e+06
0.000000000000000000e+00
0.000000000000000000e+00
1.503500337544787675e+07
0.000000000000000000e+00
0.000000000000000000e+00
0.000000000000000000e+00
0.000000000000000000e+00
1.362944739369068295e+07
1.751090676442807540e+07
0.000000000000000000e+00
1.362944739369068295e+07
0.000000000000000000e+00
1.512746192996306531e+07
0.000000000000000000e+00
2.108038303106001019e+07
0.000000000000000000e+00
5.960573837092886679e+06
1.345680169005113468e+07
2.817874277315418422e+07
1.315835587065243535e+07
0.000000000000000000e+00
5.843298617235378362e+06
1.084567186195900477e+07
9.435766597191704437e+06
2.973592260560195893e+07
8.959812547470519319e+06
0.000000000000000000e+00
0.000000000000000000e+00
0.000000000000000000e+00
0.000000000000000000e+00
5.395283542444266379e+06
1.745505987844370306e+07
0.000000000000000000e+00
0.000000000000000000e+00
1.134034346093973704e+07
2.999238710377632175e+06
0.000000000000000000e+00
6.316554945955662057e+06
0.000000000000000000e+00
0.000000000000000000e+00
0.000000000000000000e+00
1.419927172399907373e+07
0.000000000000000000e+00
0.000000000000000000e+00
0.000000000000000000e+00
0.000000000000000000e+00
2.533389005086313561e+07
0.000000000000000000e+00
0.000000000000000000e+00
2.999238710377632175e+06
1.474974880266601406e+07
9.435766597191704437e+06
5.864517916904202662e+06
0.000000000000000000e+00
0.000000000000000000e+00
0.000000000000000000e+00
0.000000000000000000e+00
0.000000000000000000e+00
1.362944739369068295e+07
1.482947286139340699e+07
0.000000000000000000e+00
0.000000000000000000e+00
0.000000000000000000e+00
0.000000000000000000e+00
2.449869933159217238e+07
8.868899024300519377e+06
1.050283991122716479e+07
0.000000000000000000e+00
0.000000000000000000e+00
0.000000000000000000e+00
0.000000000000000000e+00
2.400402773261144012e+07
8.868899024300519377e+06
0.000000000000000000e+00
1.533036852571553923e+07
1.443909340519817919e+07
0.000000000000000000e+00
0.000000000000000000e+00
0.000000000000000000e+00
0.000000000000000000e+00
0.000000000000000000e+00
5.182259577388579026e+06
0.000000000000000000e+00
0.000000000000000000e+00
1.142829585189435631e+07
0.000000000000000000e+00
0.000000000000000000e+00
1.315835587065243535e+07
1.533036852571553923e+07
1.751090676442807540e+07
1.134034346093973704e+07
0.000000000000000000e+00
0.000000000000000000e+00
0.000000000000000000e+00
5.182259577388579026e+06
0.000000000000000000e+00
1.315835587065243535e+07
0.000000000000000000e+00
1.525001400949415751e+07
0.000000000000000000e+00
7.613503072815756314e+06
0.000000000000000000e+00
8.181498287766210735e+06
0.000000000000000000e+00
5.864517916904202662e+06
0.000000000000000000e+00
2.547343169737649709e+07
0.000000000000000000e+00
1.072368289471048117e+07
0.000000000000000000e+00
2.562756757589343190e+07
0.000000000000000000e+00
0.000000000000000000e+00
0.000000000000000000e+00
5.843298617235378362e+06
0.000000000000000000e+00
2.918884220786419511e+07
2.505774324558503926e+07
0.000000000000000000e+00
1.142829585189435631e+07
1.718364207817511633e+07
1.751090676442807540e+07
1.315835587065243535e+07
1.745505987844370306e+07
0.000000000000000000e+00
0.000000000000000000e+00
2.999238710377632175e+06
1.256643660403302498e+07
1.533036852571553923e+07
0.000000000000000000e+00
0.000000000000000000e+00
0.000000000000000000e+00
1.134034346093973704e+07
1.084567186195900477e+07
0.000000000000000000e+00
0.000000000000000000e+00
0.000000000000000000e+00
5.864517916904202662e+06
2.999238710377632175e+06
2.575868627015835792e+07
0.000000000000000000e+00
0.000000000000000000e+00
0.000000000000000000e+00
9.435766597191704437e+06
0.000000000000000000e+00
0.000000000000000000e+00
0.000000000000000000e+00
0.000000000000000000e+00
0.000000000000000000e+00
1.443909340519817919e+07
5.182259577388579026e+06
1.134034346093973704e+07
2.348692519888080284e+07
0.000000000000000000e+00
1.788701693787161261e+07
1.217832084175661393e+07
0.000000000000000000e+00
0.000000000000000000e+00
0.000000000000000000e+00
0.000000000000000000e+00
0.000000000000000000e+00
0.000000000000000000e+00
5.444546850261397660e+06
2.302399270371561870e+07
3.909670548554420937e+06
0.000000000000000000e+00
0.000000000000000000e+00
0.000000000000000000e+00
0.000000000000000000e+00
0.000000000000000000e+00
0.000000000000000000e+00
0.000000000000000000e+00
5.395283542444266379e+06
5.843298617235378362e+06
0.000000000000000000e+00
1.474974880266601406e+07
9.435766597191704437e+06
2.057200878022446483e+07
1.050283991122716479e+07
0.000000000000000000e+00
1.084567186195900477e+07
3.694902518903858960e+07
0.000000000000000000e+00
0.000000000000000000e+00
1.134034346093973704e+07
0.000000000000000000e+00
2.999238710377632175e+06
0.000000000000000000e+00
7.384177026644445956e+06
1.774898751304364577e+07
0.000000000000000000e+00
1.443909340519817919e+07
5.960573837092886679e+06
1.774898751304364577e+07
7.384177026644445956e+06
0.000000000000000000e+00
5.395283542444266379e+06
0.000000000000000000e+00
5.960573837092886679e+06
1.315835587065243535e+07
0.000000000000000000e+00
0.000000000000000000e+00
0.000000000000000000e+00
2.999238710377632175e+06
0.000000000000000000e+00
0.000000000000000000e+00
0.000000000000000000e+00
1.419927172399907373e+07
0.000000000000000000e+00
0.000000000000000000e+00
0.000000000000000000e+00
0.000000000000000000e+00
0.000000000000000000e+00
0.000000000000000000e+00
0.000000000000000000e+00
2.987721073262907937e+07
1.362944739369068295e+07
0.000000000000000000e+00
2.276863931283409148e+07
0.000000000000000000e+00
3.909670548554420937e+06
1.322747564387982339e+07
5.444546850261397660e+06
0.000000000000000000e+00
0.000000000000000000e+00
0.000000000000000000e+00
0.000000000000000000e+00
0.000000000000000000e+00
1.072368289471048117e+07
2.030972150735164434e+07
5.960573837092886679e+06
7.384177026644445956e+06
0.000000000000000000e+00
3.016246530541094393e+07
0.000000000000000000e+00
1.503500337544787675e+07
1.050283991122716479e+07
7.384177026644445956e+06
0.000000000000000000e+00
0.000000000000000000e+00
8.868899024300519377e+06
0.000000000000000000e+00
1.533036852571553923e+07
1.050283991122716479e+07
1.475534241051342525e+07
0.000000000000000000e+00
0.000000000000000000e+00
0.000000000000000000e+00
0.000000000000000000e+00
2.823458965913855657e+07
0.000000000000000000e+00
0.000000000000000000e+00
9.435766597191704437e+06
2.931477921875634044e+07
0.000000000000000000e+00
0.000000000000000000e+00
0.000000000000000000e+00
0.000000000000000000e+00
1.503500337544787675e+07
1.681939485718282685e+07
1.215985356319104135e+07
3.909670548554420937e+06
0.000000000000000000e+00
1.315835587065243535e+07
1.050283991122716479e+07
1.745505987844370306e+07
0.000000000000000000e+00
0.000000000000000000e+00
2.184318337216690183e+07
0.000000000000000000e+00
7.384177026644445956e+06
0.000000000000000000e+00
1.474974880266601406e+07
9.435766597191704437e+06
0.000000000000000000e+00
2.999238710377632175e+06
1.362944739369068295e+07
2.489508379107252136e+07
5.960573837092886679e+06
0.000000000000000000e+00
0.000000000000000000e+00
1.745505987844370306e+07
0.000000000000000000e+00
0.000000000000000000e+00
2.213392582931046188e+07
0.000000000000000000e+00
2.845207634448888898e+07
0.000000000000000000e+00
3.671429778681895137e+07
2.675866437760989368e+07
0.000000000000000000e+00
0.000000000000000000e+00
0.000000000000000000e+00
0.000000000000000000e+00
1.217832084175661393e+07
0.000000000000000000e+00
5.843298617235378362e+06
0.000000000000000000e+00
0.000000000000000000e+00
1.751090676442807540e+07
0.000000000000000000e+00
0.000000000000000000e+00
0.000000000000000000e+00
0.000000000000000000e+00
0.000000000000000000e+00
0.000000000000000000e+00
0.000000000000000000e+00
0.000000000000000000e+00
5.182259577388579026e+06
5.182259577388579026e+06
0.000000000000000000e+00
0.000000000000000000e+00
5.182259577388579026e+06
0.000000000000000000e+00
0.000000000000000000e+00
0.000000000000000000e+00
2.999238710377632175e+06
1.072368289471048117e+07
0.000000000000000000e+00
0.000000000000000000e+00
0.000000000000000000e+00
0.000000000000000000e+00
5.182259577388579026e+06
0.000000000000000000e+00
0.000000000000000000e+00
8.868899024300519377e+06
0.000000000000000000e+00
0.000000000000000000e+00
0.000000000000000000e+00
5.864517916904202662e+06
0.000000000000000000e+00
0.000000000000000000e+00
0.000000000000000000e+00
1.315835587065243535e+07
0.000000000000000000e+00
0.000000000000000000e+00
4.626329390566627681e+07
0.000000000000000000e+00
3.772816971726453304e+07
0.000000000000000000e+00
1.443909340519817919e+07
0.000000000000000000e+00
1.503500337544787675e+07
0.000000000000000000e+00
1.072368289471048117e+07
0.000000000000000000e+00
0.000000000000000000e+00
0.000000000000000000e+00
1.072368289471048117e+07
0.000000000000000000e+00
0.000000000000000000e+00
0.000000000000000000e+00
1.134034346093973704e+07
7.384177026644445956e+06
0.000000000000000000e+00
0.000000000000000000e+00
1.072368289471048117e+07
5.182259577388579026e+06
0.000000000000000000e+00
0.000000000000000000e+00
1.134034346093973704e+07
7.384177026644445956e+06
0.000000000000000000e+00
5.395283542444266379e+06
2.039966724229106680e+07
1.129384757519886643e+07
5.395283542444266379e+06
1.315835587065243535e+07
0.000000000000000000e+00
0.000000000000000000e+00
2.203637118889511749e+07
0.000000000000000000e+00
1.084567186195900477e+07
2.999238710377632175e+06
0.000000000000000000e+00
0.000000000000000000e+00
0.000000000000000000e+00
0.000000000000000000e+00
0.000000000000000000e+00
1.443909340519817919e+07
1.419927172399907373e+07
0.000000000000000000e+00
0.000000000000000000e+00
1.959258191901100054e+07
1.072368289471048117e+07
0.000000000000000000e+00
0.000000000000000000e+00
0.000000000000000000e+00
0.000000000000000000e+00
0.000000000000000000e+00
1.533036852571553923e+07
2.205259647801393643e+07
0.000000000000000000e+00
0.000000000000000000e+00
6.316554945955662057e+06
2.429775980461912602e+07
1.315835587065243535e+07
0.000000000000000000e+00
0.000000000000000000e+00
0.000000000000000000e+00
9.435766597191704437e+06
0.000000000000000000e+00
1.084567186195900477e+07
0.000000000000000000e+00
1.315835587065243535e+07
0.000000000000000000e+00
3.019141494834554568e+07
2.269316634181665629e+07
0.000000000000000000e+00
0.000000000000000000e+00
9.435766597191704437e+06
0.000000000000000000e+00
0.000000000000000000e+00
0.000000000000000000e+00
0.000000000000000000e+00
0.000000000000000000e+00
0.000000000000000000e+00
1.142829585189435631e+07
0.000000000000000000e+00
1.142829585189435631e+07
0.000000000000000000e+00
0.000000000000000000e+00
1.134034346093973704e+07
0.000000000000000000e+00
0.000000000000000000e+00
0.000000000000000000e+00
0.000000000000000000e+00
0.000000000000000000e+00
0.000000000000000000e+00
0.000000000000000000e+00
5.182259577388579026e+06
0.000000000000000000e+00
0.000000000000000000e+00
0.000000000000000000e+00
9.435766597191704437e+06
1.443909340519817919e+07
0.000000000000000000e+00
0.000000000000000000e+00
0.000000000000000000e+00
1.443909340519817919e+07
2.276863931283409148e+07
7.384177026644445956e+06
0.000000000000000000e+00
1.405115860168909840e+07
0.000000000000000000e+00
0.000000000000000000e+00
2.601740336854693294e+07
1.474974880266601406e+07
0.000000000000000000e+00
0.000000000000000000e+00
0.000000000000000000e+00
3.129997045078033954e+07
0.000000000000000000e+00
0.000000000000000000e+00
0.000000000000000000e+00
2.174142207090681046e+07
2.077185894346819073e+07
0.000000000000000000e+00
0.000000000000000000e+00
0.000000000000000000e+00
3.821609911623747647e+07
0.000000000000000000e+00
0.000000000000000000e+00
2.458665172254679352e+07
8.868899024300519377e+06
2.968922760618469119e+07
1.503500337544787675e+07
1.668425673180336878e+07
0.000000000000000000e+00
0.000000000000000000e+00
5.960573837092886679e+06
1.751090676442807540e+07
0.000000000000000000e+00
1.751090676442807540e+07
0.000000000000000000e+00
0.000000000000000000e+00
0.000000000000000000e+00
3.363503414720776677e+07
7.613503072815756314e+06
7.613503072815756314e+06
0.000000000000000000e+00
1.072368289471048117e+07
6.316554945955662057e+06
1.134034346093973704e+07
0.000000000000000000e+00
0.000000000000000000e+00
1.084567186195900477e+07
0.000000000000000000e+00
0.000000000000000000e+00
1.084567186195900477e+07
8.868899024300519377e+06
0.000000000000000000e+00
5.444546850261397660e+06
0.000000000000000000e+00
5.182259577388579026e+06
0.000000000000000000e+00
0.000000000000000000e+00
0.000000000000000000e+00
1.533036852571553923e+07
0.000000000000000000e+00
3.909670548554420937e+06
1.142829585189435631e+07
1.084567186195900477e+07
0.000000000000000000e+00
0.000000000000000000e+00
1.142829585189435631e+07
1.384491057233663648e+07
0.000000000000000000e+00
1.443909340519817919e+07
3.909670548554420937e+06
0.000000000000000000e+00
5.182259577388579026e+06
0.000000000000000000e+00
1.443909340519817919e+07
1.315835587065243535e+07
0.000000000000000000e+00
0.000000000000000000e+00
1.503500337544787675e+07
2.577943686613791436e+07
3.909670548554420937e+06
5.864517916904202662e+06
0.000000000000000000e+00
0.000000000000000000e+00
0.000000000000000000e+00
2.129094236280842498e+07
0.000000000000000000e+00
0.000000000000000000e+00
0.000000000000000000e+00
0.000000000000000000e+00
7.384177026644445956e+06
0.000000000000000000e+00
1.533036852571553923e+07
0.000000000000000000e+00
1.503500337544787675e+07
2.512440983724383265e+07
5.444546850261397660e+06
0.000000000000000000e+00
0.000000000000000000e+00
2.164692347167120129e+07
0.000000000000000000e+00
1.372292160508811288e+07
0.000000000000000000e+00
0.000000000000000000e+00
8.868899024300519377e+06
2.361864782696653157e+07
0.000000000000000000e+00
0.000000000000000000e+00
1.362944739369068295e+07
0.000000000000000000e+00
0.000000000000000000e+00
0.000000000000000000e+00
1.362944739369068295e+07
1.474974880266601406e+07
1.533036852571553923e+07
0.000000000000000000e+00
2.106630374862167612e+07
1.512746192996306531e+07
1.050283991122716479e+07
0.000000000000000000e+00
0.000000000000000000e+00
0.000000000000000000e+00
7.384177026644445956e+06
0.000000000000000000e+00
0.000000000000000000e+00
0.000000000000000000e+00
8.868899024300519377e+06
0.000000000000000000e+00
0.000000000000000000e+00
0.000000000000000000e+00
3.195000016962625459e+07
1.474974880266601406e+07
1.745505987844370306e+07
0.000000000000000000e+00
0.000000000000000000e+00
0.000000000000000000e+00
1.362944739369068295e+07
3.924844813425818831e+07
0.000000000000000000e+00
0.000000000000000000e+00
0.000000000000000000e+00
1.533036852571553923e+07
0.000000000000000000e+00
0.000000000000000000e+00
1.362944739369068295e+07
0.000000000000000000e+00
7.613503072815756314e+06
3.909670548554420937e+06
0.000000000000000000e+00
0.000000000000000000e+00
1.084567186195900477e+07
1.658820081161468476e+07
0.000000000000000000e+00
1.217832084175661393e+07
1.134034346093973704e+07
1.134034346093973704e+07
0.000000000000000000e+00
0.000000000000000000e+00
0.000000000000000000e+00
0.000000000000000000e+00
1.533036852571553923e+07
0.000000000000000000e+00
0.000000000000000000e+00
0.000000000000000000e+00
2.306521399088238925e+07
7.384177026644445956e+06
5.843298617235378362e+06
0.000000000000000000e+00
0.000000000000000000e+00
1.135585737953715399e+07
0.000000000000000000e+00
5.395283542444266379e+06
0.000000000000000000e+00
1.084567186195900477e+07
3.835436122943115979e+07
0.000000000000000000e+00
0.000000000000000000e+00
0.000000000000000000e+00
3.909670548554420937e+06
0.000000000000000000e+00
5.395283542444266379e+06
0.000000000000000000e+00
7.384177026644445956e+06
0.000000000000000000e+00
6.316554945955662057e+06
0.000000000000000000e+00
0.000000000000000000e+00
0.000000000000000000e+00
0.000000000000000000e+00
0.000000000000000000e+00
6.316554945955662057e+06
1.050283991122716479e+07
0.000000000000000000e+00
1.512746192996306531e+07
0.000000000000000000e+00
1.745505987844370306e+07
0.000000000000000000e+00
1.512746192996306531e+07
1.217832084175661393e+07
0.000000000000000000e+00
0.000000000000000000e+00
0.000000000000000000e+00
0.000000000000000000e+00
0.000000000000000000e+00
1.050283991122716479e+07
8.863756627281835303e+06
1.084567186195900477e+07
1.084567186195900477e+07
0.000000000000000000e+00
1.038341573702207766e+07
0.000000000000000000e+00
0.000000000000000000e+00
0.000000000000000000e+00
0.000000000000000000e+00
1.134034346093973704e+07
1.512746192996306531e+07
0.000000000000000000e+00
3.909670548554420937e+06
2.999238710377632175e+06
2.039966724229106680e+07
0.000000000000000000e+00
0.000000000000000000e+00
1.419927172399907373e+07
1.142829585189435631e+07
0.000000000000000000e+00
0.000000000000000000e+00
0.000000000000000000e+00
2.351866430269635096e+07
9.435766597191704437e+06
2.613939233579545841e+07
1.134034346093973704e+07
0.000000000000000000e+00
3.909670548554420937e+06
0.000000000000000000e+00
1.512746192996306531e+07
0.000000000000000000e+00
0.000000000000000000e+00
0.000000000000000000e+00
1.512746192996306531e+07
0.000000000000000000e+00
0.000000000000000000e+00
0.000000000000000000e+00
0.000000000000000000e+00
0.000000000000000000e+00
0.000000000000000000e+00
1.142829585189435631e+07
5.960573837092886679e+06
0.000000000000000000e+00
1.443909340519817919e+07
0.000000000000000000e+00
2.030972150735164434e+07
2.999238710377632175e+06
1.362944739369068295e+07
0.000000000000000000e+00
1.362944739369068295e+07
3.909670548554420937e+06
0.000000000000000000e+00
3.263836869439113885e+07
2.737568261338292062e+07
0.000000000000000000e+00
0.000000000000000000e+00
1.134034346093973704e+07
0.000000000000000000e+00
1.142829585189435631e+07
0.000000000000000000e+00
0.000000000000000000e+00
0.000000000000000000e+00
1.474974880266601406e+07
9.091930125942999497e+06
7.384177026644445956e+06
0.000000000000000000e+00
1.881170697107926011e+07
7.384177026644445956e+06
5.182259577388579026e+06
1.084567186195900477e+07
0.000000000000000000e+00
0.000000000000000000e+00
2.999238710377632175e+06
0.000000000000000000e+00
5.843298617235378362e+06
1.474974880266601406e+07
0.000000000000000000e+00
0.000000000000000000e+00
0.000000000000000000e+00
0.000000000000000000e+00
1.503500337544787675e+07
3.909670548554420937e+06
1.362944739369068295e+07
1.322747564387982339e+07
0.000000000000000000e+00
1.751090676442807540e+07
0.000000000000000000e+00
1.134034346093973704e+07
2.516277629990866035e+07
5.395283542444266379e+06
1.461802617458028346e+07
0.000000000000000000e+00
2.999238710377632175e+06
5.182259577388579026e+06
9.435766597191704437e+06
1.745505987844370306e+07
0.000000000000000000e+00
0.000000000000000000e+00
0.000000000000000000e+00
1.474974880266601406e+07
1.050283991122716479e+07
0.000000000000000000e+00
9.435766597191704437e+06
0.000000000000000000e+00
0.000000000000000000e+00
0.000000000000000000e+00
1.443909340519817919e+07
1.503500337544787675e+07
0.000000000000000000e+00
0.000000000000000000e+00
2.999238710377632175e+06
1.315835587065243535e+07
1.142829585189435631e+07
1.315835587065243535e+07
0.000000000000000000e+00
0.000000000000000000e+00
3.263836869439113885e+07
0.000000000000000000e+00
1.751090676442807540e+07
5.864517916904202662e+06
2.999238710377632175e+06
0.000000000000000000e+00
0.000000000000000000e+00
1.443909340519817919e+07
0.000000000000000000e+00
6.316554945955662057e+06
0.000000000000000000e+00
1.142829585189435631e+07
1.050283991122716479e+07
2.640280078681448847e+07
0.000000000000000000e+00
0.000000000000000000e+00
5.843298617235378362e+06
1.475534241051342525e+07
8.868899024300519377e+06
0.000000000000000000e+00
1.362944739369068295e+07
5.395283542444266379e+06
1.745505987844370306e+07
0.000000000000000000e+00
0.000000000000000000e+00
2.251163895660751313e+07
0.000000000000000000e+00
0.000000000000000000e+00
0.000000000000000000e+00
0.000000000000000000e+00
0.000000000000000000e+00
2.999238710377632175e+06
0.000000000000000000e+00
2.632395890274422243e+07
1.050283991122716479e+07
0.000000000000000000e+00
0.000000000000000000e+00
0.000000000000000000e+00
0.000000000000000000e+00
0.000000000000000000e+00
0.000000000000000000e+00
1.142829585189435631e+07
0.000000000000000000e+00
0.000000000000000000e+00
5.395283542444266379e+06
0.000000000000000000e+00
1.751090676442807540e+07
6.316554945955662057e+06
0.000000000000000000e+00
0.000000000000000000e+00
1.072368289471048117e+07
0.000000000000000000e+00
8.868899024300519377e+06
0.000000000000000000e+00
1.217832084175661393e+07
5.182259577388579026e+06
1.217832084175661393e+07
0.000000000000000000e+00
2.494193331642534584e+07
0.000000000000000000e+00
1.315835587065243535e+07
0.000000000000000000e+00
3.909670548554420937e+06
0.000000000000000000e+00
0.000000000000000000e+00
0.000000000000000000e+00
1.529372047383645363e+07
0.000000000000000000e+00
2.182327043184262514e+07
5.395283542444266379e+06
3.254591013987595215e+07
0.000000000000000000e+00
0.000000000000000000e+00
0.000000000000000000e+00
0.000000000000000000e+00
0.000000000000000000e+00
0.000000000000000000e+00
5.960573837092886679e+06
5.960573837092886679e+06
2.999238710377632175e+06
1.512746192996306531e+07
0.000000000000000000e+00
3.066926263508050889e+07
0.000000000000000000e+00
1.419927172399907373e+07
0.000000000000000000e+00
3.909670548554420937e+06
0.000000000000000000e+00
0.000000000000000000e+00
1.362944739369068295e+07
1.134034346093973704e+07
0.000000000000000000e+00
0.000000000000000000e+00
0.000000000000000000e+00
1.533036852571553923e+07
0.000000000000000000e+00
0.000000000000000000e+00
1.751090676442807540e+07
0.000000000000000000e+00
0.000000000000000000e+00
0.000000000000000000e+00
1.443909340519817919e+07
1.474974880266601406e+07
1.134034346093973704e+07
0.000000000000000000e+00
5.843298617235378362e+06
1.084567186195900477e+07
0.000000000000000000e+00
7.384177026644445956e+06
0.000000000000000000e+00
2.885125022536781430e+07
1.751090676442807540e+07
1.142829585189435631e+07
7.384177026644445956e+06
2.089952129235208035e+07
0.000000000000000000e+00
1.084567186195900477e+07
0.000000000000000000e+00
1.072368289471048117e+07
3.909670548554420937e+06
0.000000000000000000e+00
5.182259577388579026e+06
0.000000000000000000e+00
1.384491057233663648e+07
0.000000000000000000e+00
0.000000000000000000e+00
0.000000000000000000e+00
7.384177026644445956e+06
2.004257034123445302e+07
0.000000000000000000e+00
0.000000000000000000e+00
0.000000000000000000e+00
1.443909340519817919e+07
0.000000000000000000e+00
0.000000000000000000e+00
0.000000000000000000e+00
0.000000000000000000e+00
0.000000000000000000e+00
0.000000000000000000e+00
4.243386138313762844e+07
1.217832084175661393e+07
2.087830199268325418e+07
0.000000000000000000e+00
1.533036852571553923e+07
1.315835587065243535e+07
1.217832084175661393e+07
0.000000000000000000e+00
2.206402635565021634e+07
1.038341573702207766e+07
3.066926263508050889e+07
0.000000000000000000e+00
2.801374667565523833e+07
0.000000000000000000e+00
1.362944739369068295e+07
5.395283542444266379e+06
0.000000000000000000e+00
0.000000000000000000e+00
0.000000000000000000e+00
0.000000000000000000e+00
1.134034346093973704e+07
5.395283542444266379e+06
0.000000000000000000e+00
0.000000000000000000e+00
0.000000000000000000e+00
0.000000000000000000e+00
0.000000000000000000e+00
0.000000000000000000e+00
0.000000000000000000e+00
5.182259577388579026e+06
0.000000000000000000e+00
0.000000000000000000e+00
8.868899024300519377e+06
1.529372047383645363e+07
7.384177026644445956e+06
0.000000000000000000e+00
5.182259577388579026e+06
0.000000000000000000e+00
0.000000000000000000e+00
0.000000000000000000e+00
0.000000000000000000e+00
1.704023784066614509e+07
2.129094236280842498e+07
0.000000000000000000e+00
0.000000000000000000e+00
0.000000000000000000e+00
5.182259577388579026e+06
0.000000000000000000e+00
2.730578277171967924e+07
1.084567186195900477e+07
0.000000000000000000e+00
0.000000000000000000e+00
0.000000000000000000e+00
5.182259577388579026e+06
5.843298617235378362e+06
0.000000000000000000e+00
0.000000000000000000e+00
0.000000000000000000e+00
1.924003907426996157e+07
5.182259577388579026e+06
0.000000000000000000e+00
0.000000000000000000e+00
1.503500337544787675e+07
1.993200838005459309e+07
0.000000000000000000e+00
1.419927172399907373e+07
1.072368289471048117e+07
2.512440983724383265e+07
0.000000000000000000e+00
3.204256257146457583e+07
2.184318337216690183e+07
1.751090676442807540e+07
0.000000000000000000e+00
1.072368289471048117e+07
0.000000000000000000e+00
0.000000000000000000e+00
1.134034346093973704e+07
5.843298617235378362e+06
0.000000000000000000e+00
0.000000000000000000e+00
5.182259577388579026e+06
0.000000000000000000e+00
0.000000000000000000e+00
5.960573837092886679e+06
0.000000000000000000e+00
2.144401687591872737e+07
1.072368289471048117e+07
1.503500337544787675e+07
3.029036733351678774e+07
0.000000000000000000e+00
1.419927172399907373e+07
5.960573837092886679e+06
1.745505987844370306e+07
1.533036852571553923e+07
1.072368289471048117e+07
0.000000000000000000e+00
0.000000000000000000e+00
0.000000000000000000e+00
0.000000000000000000e+00
0.000000000000000000e+00
1.050283991122716479e+07
0.000000000000000000e+00
2.447076997263958305e+07
5.395283542444266379e+06
7.613503072815756314e+06
0.000000000000000000e+00
1.072368289471048117e+07
0.000000000000000000e+00
0.000000000000000000e+00
0.000000000000000000e+00
0.000000000000000000e+00
5.395283542444266379e+06
0.000000000000000000e+00
0.000000000000000000e+00
0.000000000000000000e+00
1.315835587065243535e+07
0.000000000000000000e+00
2.290200373646709323e+07
5.182259577388579026e+06
1.751090676442807540e+07
0.000000000000000000e+00
2.215197874660483748e+07
1.217832084175661393e+07
0.000000000000000000e+00
1.134034346093973704e+07
0.000000000000000000e+00
0.000000000000000000e+00
1.315835587065243535e+07
0.000000000000000000e+00
2.597313379192207009e+07
1.668897047919438407e+07
2.525258871389317885e+07
0.000000000000000000e+00
0.000000000000000000e+00
0.000000000000000000e+00
1.745505987844370306e+07
0.000000000000000000e+00
2.051582666995473579e+07
0.000000000000000000e+00
7.613503072815756314e+06
9.435766597191704437e+06
0.000000000000000000e+00
0.000000000000000000e+00
0.000000000000000000e+00
0.000000000000000000e+00
0.000000000000000000e+00
2.335420538166345283e+07
0.000000000000000000e+00
0.000000000000000000e+00
1.050283991122716479e+07
3.909670548554420937e+06
3.909670548554420937e+06
0.000000000000000000e+00
5.864517916904202662e+06
0.000000000000000000e+00
0.000000000000000000e+00
0.000000000000000000e+00
5.960573837092886679e+06
1.503500337544787675e+07
0.000000000000000000e+00
0.000000000000000000e+00
0.000000000000000000e+00
5.182259577388579026e+06
0.000000000000000000e+00
0.000000000000000000e+00
0.000000000000000000e+00
5.444546850261397660e+06
1.084567186195900477e+07
0.000000000000000000e+00
0.000000000000000000e+00
7.384177026644445956e+06
1.443909340519817919e+07
1.443909340519817919e+07
0.000000000000000000e+00
0.000000000000000000e+00
9.435766597191704437e+06
0.000000000000000000e+00
0.000000000000000000e+00
0.000000000000000000e+00
6.316554945955662057e+06
0.000000000000000000e+00
0.000000000000000000e+00
0.000000000000000000e+00
0.000000000000000000e+00
1.217832084175661393e+07
9.435766597191704437e+06
0.000000000000000000e+00
0.000000000000000000e+00
6.316554945955662057e+06
1.904179892471011356e+07
0.000000000000000000e+00
5.960573837092886679e+06
5.444546850261397660e+06
1.751090676442807540e+07
1.419927172399907373e+07
0.000000000000000000e+00
2.999238710377632175e+06
0.000000000000000000e+00
0.000000000000000000e+00
3.909670548554420937e+06
0.000000000000000000e+00
0.000000000000000000e+00
0.000000000000000000e+00
0.000000000000000000e+00
0.000000000000000000e+00
1.533036852571553923e+07
5.960573837092886679e+06
1.474974880266601406e+07
0.000000000000000000e+00
0.000000000000000000e+00
7.613503072815756314e+06
0.000000000000000000e+00
0.000000000000000000e+00
2.617804465456037223e+07
6.316554945955662057e+06
1.474974880266601406e+07
1.765689840689539909e+07
0.000000000000000000e+00
7.384177026644445956e+06
0.000000000000000000e+00
0.000000000000000000e+00
0.000000000000000000e+00
0.000000000000000000e+00
1.050283991122716479e+07
1.315835587065243535e+07
0.000000000000000000e+00
5.864517916904202662e+06
2.663406393477619067e+07
0.000000000000000000e+00
0.000000000000000000e+00
0.000000000000000000e+00
6.316554945955662057e+06
1.134034346093973704e+07
0.000000000000000000e+00
0.000000000000000000e+00
0.000000000000000000e+00
0.000000000000000000e+00
0.000000000000000000e+00
0.000000000000000000e+00
0.000000000000000000e+00
0.000000000000000000e+00
2.099197984686726704e+07
0.000000000000000000e+00
5.864517916904202662e+06
1.084567186195900477e+07
0.000000000000000000e+00
1.443909340519817919e+07
0.000000000000000000e+00
0.000000000000000000e+00
5.395283542444266379e+06
5.864517916904202662e+06
1.443909340519817919e+07
0.000000000000000000e+00
7.613503072815756314e+06
0.000000000000000000e+00
1.050283991122716479e+07
1.134034346093973704e+07
0.000000000000000000e+00
0.000000000000000000e+00
7.613503072815756314e+06
0.000000000000000000e+00
0.000000000000000000e+00
0.000000000000000000e+00
2.015984556109195948e+07
2.999238710377632175e+06
0.000000000000000000e+00
0.000000000000000000e+00
3.886336092044834793e+07
0.000000000000000000e+00
3.909670548554420937e+06
2.806854079888886213e+07
1.704023784066614509e+07
0.000000000000000000e+00
0.000000000000000000e+00
1.443909340519817919e+07
1.512746192996306531e+07
1.529372047383645363e+07
0.000000000000000000e+00
2.563030184119023010e+07
0.000000000000000000e+00
0.000000000000000000e+00
0.000000000000000000e+00
0.000000000000000000e+00
1.512746192996306531e+07
1.072368289471048117e+07
7.384177026644445956e+06
2.054253289729688317e+07
0.000000000000000000e+00
0.000000000000000000e+00
0.000000000000000000e+00
0.000000000000000000e+00
0.000000000000000000e+00
0.000000000000000000e+00
1.529372047383645363e+07
0.000000000000000000e+00
0.000000000000000000e+00
1.624095540440327115e+07
1.134034346093973704e+07
0.000000000000000000e+00
1.362944739369068295e+07
7.384177026644445956e+06
7.384177026644445956e+06
2.601740336854693294e+07
1.751090676442807540e+07
0.000000000000000000e+00
0.000000000000000000e+00
1.533036852571553923e+07
1.803424208582551032e+07
0.000000000000000000e+00
5.395283542444266379e+06
0.000000000000000000e+00
0.000000000000000000e+00
0.000000000000000000e+00
0.000000000000000000e+00
2.045429858882133663e+07
0.000000000000000000e+00
1.362944739369068295e+07
0.000000000000000000e+00
0.000000000000000000e+00
2.443241602096175402e+07
0.000000000000000000e+00
0.000000000000000000e+00
8.868899024300519377e+06
0.000000000000000000e+00
0.000000000000000000e+00
2.585114482467354834e+07
0.000000000000000000e+00
0.000000000000000000e+00
1.315835587065243535e+07
0.000000000000000000e+00
1.512746192996306531e+07
5.444546850261397660e+06
1.217832084175661393e+07
0.000000000000000000e+00
0.000000000000000000e+00
1.512746192996306531e+07
1.372292160508811288e+07
0.000000000000000000e+00
0.000000000000000000e+00
0.000000000000000000e+00
0.000000000000000000e+00
0.000000000000000000e+00
0.000000000000000000e+00
0.000000000000000000e+00
0.000000000000000000e+00
0.000000000000000000e+00
0.000000000000000000e+00
0.000000000000000000e+00
0.000000000000000000e+00
1.419927172399907373e+07
0.000000000000000000e+00
2.533667671240904927e+07
0.000000000000000000e+00
0.000000000000000000e+00
1.503500337544787675e+07
0.000000000000000000e+00
0.000000000000000000e+00
0.000000000000000000e+00
0.000000000000000000e+00
9.435766597191704437e+06
1.142829585189435631e+07
0.000000000000000000e+00
0.000000000000000000e+00
5.864517916904202662e+06
0.000000000000000000e+00
2.533667671240904927e+07
1.084567186195900477e+07
2.097076054719844460e+07
0.000000000000000000e+00
2.999238710377632175e+06
0.000000000000000000e+00
1.512746192996306531e+07
1.142829585189435631e+07
1.533036852571553923e+07
1.050283991122716479e+07
0.000000000000000000e+00
0.000000000000000000e+00
0.000000000000000000e+00
6.316554945955662057e+06
0.000000000000000000e+00
1.881170697107926011e+07
1.512746192996306531e+07
5.864517916904202662e+06
0.000000000000000000e+00
0.000000000000000000e+00
8.868899024300519377e+06
1.529372047383645363e+07
0.000000000000000000e+00
5.960573837092886679e+06
5.395283542444266379e+06
5.843298617235378362e+06
1.084567186195900477e+07
5.182259577388579026e+06
0.000000000000000000e+00
8.868899024300519377e+06
0.000000000000000000e+00
0.000000000000000000e+00
0.000000000000000000e+00
0.000000000000000000e+00
1.419927172399907373e+07
0.000000000000000000e+00
0.000000000000000000e+00
2.458665172254679352e+07
2.351946468821498752e+07
1.533036852571553923e+07
1.474974880266601406e+07
5.395283542444266379e+06
1.474974880266601406e+07
0.000000000000000000e+00
0.000000000000000000e+00
0.000000000000000000e+00
0.000000000000000000e+00
1.084567186195900477e+07
0.000000000000000000e+00
3.103340440206212550e+07
1.315835587065243535e+07
1.315835587065243535e+07
5.960573837092886679e+06
2.075564835115384310e+07
0.000000000000000000e+00
0.000000000000000000e+00
0.000000000000000000e+00
0.000000000000000000e+00
1.503500337544787675e+07
0.000000000000000000e+00
1.503500337544787675e+07
0.000000000000000000e+00
0.000000000000000000e+00
0.000000000000000000e+00
7.613503072815756314e+06
0.000000000000000000e+00
0.000000000000000000e+00
1.072368289471048117e+07
0.000000000000000000e+00
0.000000000000000000e+00
0.000000000000000000e+00
0.000000000000000000e+00
1.128784546749677509e+07
2.999238710377632175e+06
2.999238710377632175e+06
8.868899024300519377e+06
0.000000000000000000e+00
0.000000000000000000e+00
0.000000000000000000e+00
1.533036852571553923e+07
0.000000000000000000e+00
0.000000000000000000e+00
2.400402773261144012e+07
0.000000000000000000e+00
0.000000000000000000e+00
0.000000000000000000e+00
1.443909340519817919e+07
0.000000000000000000e+00
1.533036852571553923e+07
1.142829585189435631e+07
0.000000000000000000e+00
5.864517916904202662e+06
0.000000000000000000e+00
0.000000000000000000e+00
0.000000000000000000e+00
0.000000000000000000e+00
5.843298617235378362e+06
0.000000000000000000e+00
1.217832084175661393e+07
0.000000000000000000e+00
5.864517916904202662e+06
1.471219764153589681e+07
1.072368289471048117e+07
2.879540333938343823e+07
1.512746192996306531e+07
0.000000000000000000e+00
0.000000000000000000e+00
7.384177026644445956e+06
0.000000000000000000e+00
1.602793143934758380e+07
5.960573837092886679e+06
0.000000000000000000e+00
8.868899024300519377e+06
2.483923690508814901e+07
2.014503234511028230e+07
0.000000000000000000e+00
2.886257757355998456e+07
1.512746192996306531e+07
0.000000000000000000e+00
5.960573837092886679e+06
0.000000000000000000e+00
7.613503072815756314e+06
0.000000000000000000e+00
2.097076054719844460e+07
0.000000000000000000e+00
0.000000000000000000e+00
7.384177026644445956e+06
0.000000000000000000e+00
0.000000000000000000e+00
0.000000000000000000e+00
0.000000000000000000e+00
0.000000000000000000e+00
1.529372047383645363e+07
7.384177026644445956e+06
1.482947286139340699e+07
3.189289172801613808e+07
1.533036852571553923e+07
0.000000000000000000e+00
0.000000000000000000e+00
0.000000000000000000e+00
0.000000000000000000e+00
0.000000000000000000e+00
1.751090676442807540e+07
1.934537723884017393e+07
0.000000000000000000e+00
1.050283991122716479e+07
1.533036852571553923e+07
0.000000000000000000e+00
0.000000000000000000e+00
0.000000000000000000e+00
1.362944739369068295e+07
1.993200838005459309e+07
0.000000000000000000e+00
0.000000000000000000e+00
0.000000000000000000e+00
0.000000000000000000e+00
2.895981591940622032e+07
0.000000000000000000e+00
0.000000000000000000e+00
0.000000000000000000e+00
2.014503234511028230e+07
3.138291380217418820e+07
0.000000000000000000e+00
0.000000000000000000e+00
2.885125022536781430e+07
0.000000000000000000e+00
0.000000000000000000e+00
0.000000000000000000e+00
0.000000000000000000e+00
0.000000000000000000e+00
0.000000000000000000e+00
2.885125022536781430e+07
1.751090676442807540e+07
1.050283991122716479e+07
1.902473093613494933e+07
0.000000000000000000e+00
1.315835587065243535e+07
1.529372047383645363e+07
0.000000000000000000e+00
7.384177026644445956e+06
7.384177026644445956e+06
1.568509948861574382e+07
0.000000000000000000e+00
5.182259577388579026e+06
2.449869933159217238e+07
1.142829585189435631e+07
7.384177026644445956e+06
0.000000000000000000e+00
1.589812345367143117e+07
1.134034346093973704e+07
0.000000000000000000e+00
0.000000000000000000e+00
5.864517916904202662e+06
5.843298617235378362e+06
0.000000000000000000e+00
3.909670548554420937e+06
0.000000000000000000e+00
0.000000000000000000e+00
5.395283542444266379e+06
5.182259577388579026e+06
1.217832084175661393e+07
2.528476526715718210e+07
1.134034346093973704e+07
2.661741424695479125e+07
0.000000000000000000e+00
1.072368289471048117e+07
0.000000000000000000e+00
1.134034346093973704e+07
5.960573837092886679e+06
0.000000000000000000e+00
1.525001400949415751e+07
0.000000000000000000e+00
1.142829585189435631e+07
1.646341374832005054e+07
0.000000000000000000e+00
1.512746192996306531e+07
0.000000000000000000e+00
0.000000000000000000e+00
7.384177026644445956e+06
0.000000000000000000e+00
0.000000000000000000e+00
5.182259577388579026e+06
1.751090676442807540e+07
0.000000000000000000e+00
0.000000000000000000e+00
1.362944739369068295e+07
1.142829585189435631e+07
8.863756627281835303e+06
3.277680762508052588e+07
0.000000000000000000e+00
5.864517916904202662e+06
0.000000000000000000e+00
1.362944739369068295e+07
0.000000000000000000e+00
1.428708417787440866e+07
2.227396771385335922e+07
1.533036852571553923e+07
0.000000000000000000e+00
0.000000000000000000e+00
1.362944739369068295e+07
2.020924248524025828e+07
0.000000000000000000e+00
0.000000000000000000e+00
0.000000000000000000e+00
0.000000000000000000e+00
0.000000000000000000e+00
0.000000000000000000e+00
0.000000000000000000e+00
0.000000000000000000e+00
0.000000000000000000e+00
2.624296585952644423e+07
1.129384757519886643e+07
0.000000000000000000e+00
0.000000000000000000e+00
0.000000000000000000e+00
0.000000000000000000e+00
0.000000000000000000e+00
0.000000000000000000e+00
6.316554945955662057e+06
0.000000000000000000e+00
1.533036852571553923e+07
0.000000000000000000e+00
1.958743952199231833e+07
0.000000000000000000e+00
0.000000000000000000e+00
0.000000000000000000e+00
9.435766597191704437e+06
0.000000000000000000e+00
2.164692347167120129e+07
2.330799242949869856e+07
0.000000000000000000e+00
1.050283991122716479e+07
0.000000000000000000e+00
1.142829585189435631e+07
1.170781653413958102e+07
0.000000000000000000e+00
0.000000000000000000e+00
0.000000000000000000e+00
0.000000000000000000e+00
3.909670548554420937e+06
5.960573837092886679e+06
7.384177026644445956e+06
0.000000000000000000e+00
0.000000000000000000e+00
0.000000000000000000e+00
0.000000000000000000e+00
5.395283542444266379e+06
0.000000000000000000e+00
0.000000000000000000e+00
1.134034346093973704e+07
5.395283542444266379e+06
0.000000000000000000e+00
0.000000000000000000e+00
0.000000000000000000e+00
1.888299154998868704e+07
0.000000000000000000e+00
1.474974880266601406e+07
5.182259577388579026e+06
7.384177026644445956e+06
5.182259577388579026e+06
0.000000000000000000e+00
1.050283991122716479e+07
1.084567186195900477e+07
0.000000000000000000e+00
0.000000000000000000e+00
3.909670548554420937e+06
1.217832084175661393e+07
5.960573837092886679e+06
5.960573837092886679e+06
1.512746192996306531e+07
0.000000000000000000e+00
0.000000000000000000e+00
0.000000000000000000e+00
0.000000000000000000e+00
0.000000000000000000e+00
5.843298617235378362e+06
5.864517916904202662e+06
0.000000000000000000e+00
0.000000000000000000e+00
0.000000000000000000e+00
0.000000000000000000e+00
3.284127529014361650e+07
0.000000000000000000e+00
0.000000000000000000e+00
0.000000000000000000e+00
0.000000000000000000e+00
2.030361132210238278e+07
0.000000000000000000e+00
1.533036852571553923e+07
0.000000000000000000e+00
0.000000000000000000e+00
4.110980539185345173e+07
1.751090676442807540e+07
1.503500337544787675e+07
1.186813773467815109e+07
3.909670548554420937e+06
1.134034346093973704e+07
3.165433160244277865e+07
0.000000000000000000e+00
0.000000000000000000e+00
1.810785992135492712e+07
2.999238710377632175e+06
2.290200373646709323e+07
5.395283542444266379e+06
0.000000000000000000e+00
0.000000000000000000e+00
5.395283542444266379e+06
0.000000000000000000e+00
0.000000000000000000e+00
0.000000000000000000e+00
0.000000000000000000e+00
1.134034346093973704e+07
0.000000000000000000e+00
5.182259577388579026e+06
0.000000000000000000e+00
0.000000000000000000e+00
0.000000000000000000e+00
0.000000000000000000e+00
0.000000000000000000e+00
0.000000000000000000e+00
0.000000000000000000e+00
1.072368289471048117e+07
3.496596664287178218e+07
0.000000000000000000e+00
0.000000000000000000e+00
0.000000000000000000e+00
1.384491057233663648e+07
5.182259577388579026e+06
0.000000000000000000e+00
1.474974880266601406e+07
0.000000000000000000e+00
0.000000000000000000e+00
0.000000000000000000e+00
0.000000000000000000e+00
5.960573837092886679e+06
3.909670548554420937e+06
0.000000000000000000e+00
1.315835587065243535e+07
1.525001400949415751e+07
0.000000000000000000e+00
0.000000000000000000e+00
0.000000000000000000e+00
9.435766597191704437e+06
5.960573837092886679e+06
0.000000000000000000e+00
1.362944739369068295e+07
0.000000000000000000e+00
1.072368289471048117e+07
1.134034346093973704e+07
3.909670548554420937e+06
0.000000000000000000e+00
0.000000000000000000e+00
0.000000000000000000e+00
0.000000000000000000e+00
1.315835587065243535e+07
0.000000000000000000e+00
1.217832084175661393e+07
0.000000000000000000e+00
0.000000000000000000e+00
0.000000000000000000e+00
0.000000000000000000e+00
0.000000000000000000e+00
1.503500337544787675e+07
0.000000000000000000e+00
2.999238710377632175e+06
0.000000000000000000e+00
1.751090676442807540e+07
1.474974880266601406e+07
0.000000000000000000e+00
1.533036852571553923e+07
0.000000000000000000e+00
1.384491057233663648e+07
2.721332421720448881e+07
0.000000000000000000e+00
8.868899024300519377e+06
1.142829585189435631e+07
5.960573837092886679e+06
0.000000000000000000e+00
1.134034346093973704e+07
5.182259577388579026e+06
5.864517916904202662e+06
1.134034346093973704e+07
0.000000000000000000e+00
0.000000000000000000e+00
0.000000000000000000e+00
1.362944739369068295e+07
0.000000000000000000e+00
2.905647932432386652e+07
1.751090676442807540e+07
0.000000000000000000e+00
8.394522252821898088e+06
0.000000000000000000e+00
0.000000000000000000e+00
7.384177026644445956e+06
5.864517916904202662e+06
0.000000000000000000e+00
0.000000000000000000e+00
0.000000000000000000e+00
9.435766597191704437e+06
2.609009226360575110e+07
2.888335573033805937e+07
0.000000000000000000e+00
0.000000000000000000e+00
0.000000000000000000e+00
0.000000000000000000e+00
0.000000000000000000e+00
1.443909340519817919e+07
0.000000000000000000e+00
0.000000000000000000e+00
1.512746192996306531e+07
9.435766597191704437e+06
0.000000000000000000e+00
1.833718596752623841e+07
0.000000000000000000e+00
7.384177026644445956e+06
0.000000000000000000e+00
3.909670548554420937e+06
0.000000000000000000e+00
2.290722354665220901e+07
0.000000000000000000e+00
7.384177026644445956e+06
1.142829585189435631e+07
7.613503072815756314e+06
2.390390239974839613e+07
0.000000000000000000e+00
7.384177026644445956e+06
0.000000000000000000e+00
0.000000000000000000e+00
0.000000000000000000e+00
0.000000000000000000e+00
1.529372047383645363e+07
5.864517916904202662e+06
1.636735782813136652e+07
3.909670548554420937e+06
0.000000000000000000e+00
1.050283991122716479e+07
6.316554945955662057e+06
1.443909340519817919e+07
2.133642467790387198e+07
5.395283542444266379e+06
3.226065556709408760e+07
0.000000000000000000e+00
1.855363941309670359e+07
0.000000000000000000e+00
0.000000000000000000e+00
3.715363895755816251e+07
1.362944739369068295e+07
2.039966724229106680e+07
4.400868113543798029e+07
0.000000000000000000e+00
1.443909340519817919e+07
0.000000000000000000e+00
1.084567186195900477e+07
6.316554945955662057e+06
0.000000000000000000e+00
2.227396771385335922e+07
0.000000000000000000e+00
6.316554945955662057e+06
1.142829585189435631e+07
2.821318616309548914e+07
0.000000000000000000e+00
1.419927172399907373e+07
0.000000000000000000e+00
1.134034346093973704e+07
1.503500337544787675e+07
2.801374667565523833e+07
0.000000000000000000e+00
0.000000000000000000e+00
2.999238710377632175e+06
0.000000000000000000e+00
9.435766597191704437e+06
7.384177026644445956e+06
0.000000000000000000e+00
0.000000000000000000e+00
0.000000000000000000e+00
0.000000000000000000e+00
2.999238710377632175e+06
0.000000000000000000e+00
0.000000000000000000e+00
1.217832084175661393e+07
7.384177026644445956e+06
0.000000000000000000e+00
0.000000000000000000e+00
0.000000000000000000e+00
0.000000000000000000e+00
1.142829585189435631e+07
1.751090676442807540e+07
0.000000000000000000e+00
0.000000000000000000e+00
2.817874277315418422e+07
0.000000000000000000e+00
4.510211305333986878e+07
1.527906521442708373e+07
2.637980578872859478e+07
0.000000000000000000e+00
0.000000000000000000e+00
1.315835587065243535e+07
2.999238710377632175e+06
0.000000000000000000e+00
0.000000000000000000e+00
0.000000000000000000e+00
0.000000000000000000e+00
5.182259577388579026e+06
0.000000000000000000e+00
1.745505987844370306e+07
0.000000000000000000e+00
0.000000000000000000e+00
0.000000000000000000e+00
0.000000000000000000e+00
0.000000000000000000e+00
8.868899024300519377e+06
2.823458965913855657e+07
0.000000000000000000e+00
8.868899024300519377e+06
0.000000000000000000e+00
3.136690236031322554e+07
9.435766597191704437e+06
0.000000000000000000e+00
0.000000000000000000e+00
0.000000000000000000e+00
0.000000000000000000e+00
0.000000000000000000e+00
0.000000000000000000e+00
5.843298617235378362e+06
0.000000000000000000e+00
7.384177026644445956e+06
4.579672456504357606e+07
0.000000000000000000e+00
0.000000000000000000e+00
1.217832084175661393e+07
9.435766597191704437e+06
0.000000000000000000e+00
0.000000000000000000e+00
8.868899024300519377e+06
0.000000000000000000e+00
0.000000000000000000e+00
2.051014547480570897e+07
0.000000000000000000e+00
0.000000000000000000e+00
0.000000000000000000e+00
8.868899024300519377e+06
0.000000000000000000e+00
5.395283542444266379e+06
1.533036852571553923e+07
0.000000000000000000e+00
1.751090676442807540e+07
1.503500337544787675e+07
0.000000000000000000e+00
0.000000000000000000e+00
1.590594247209906019e+07
0.000000000000000000e+00
0.000000000000000000e+00
0.000000000000000000e+00
0.000000000000000000e+00
0.000000000000000000e+00
0.000000000000000000e+00
1.315835587065243535e+07
0.000000000000000000e+00
0.000000000000000000e+00
0.000000000000000000e+00
0.000000000000000000e+00
0.000000000000000000e+00
3.909670548554420937e+06
0.000000000000000000e+00
1.533036852571553923e+07
0.000000000000000000e+00
0.000000000000000000e+00
0.000000000000000000e+00
5.444546850261397660e+06
2.104721986605713516e+07
0.000000000000000000e+00
0.000000000000000000e+00
7.384177026644445956e+06
1.142829585189435631e+07
0.000000000000000000e+00
0.000000000000000000e+00
1.803424208582551032e+07
1.050283991122716479e+07
1.134034346093973704e+07
0.000000000000000000e+00
1.753911794224510342e+07
1.134034346093973704e+07
9.435766597191704437e+06
0.000000000000000000e+00
0.000000000000000000e+00
6.316554945955662057e+06
0.000000000000000000e+00
2.655575778185742348e+07
0.000000000000000000e+00
0.000000000000000000e+00
0.000000000000000000e+00
1.668425673180336878e+07
5.395283542444266379e+06
0.000000000000000000e+00
7.613503072815756314e+06
2.932673365396213904e+07
6.316554945955662057e+06
0.000000000000000000e+00
0.000000000000000000e+00
0.000000000000000000e+00
1.134034346093973704e+07
3.909670548554420937e+06
0.000000000000000000e+00
1.533036852571553923e+07
1.443909340519817919e+07
0.000000000000000000e+00
0.000000000000000000e+00
1.186813773467815109e+07
5.843298617235378362e+06
0.000000000000000000e+00
0.000000000000000000e+00
0.000000000000000000e+00
0.000000000000000000e+00
0.000000000000000000e+00
0.000000000000000000e+00
0.000000000000000000e+00
1.757360438420087844e+07
0.000000000000000000e+00
0.000000000000000000e+00
3.909670548554420937e+06
9.435766597191704437e+06
0.000000000000000000e+00
5.444546850261397660e+06
2.547343169737649709e+07
3.909670548554420937e+06
0.000000000000000000e+00
6.316554945955662057e+06
7.384177026644445956e+06
0.000000000000000000e+00
1.362944739369068295e+07
1.315835587065243535e+07
1.751090676442807540e+07
1.512746192996306531e+07
0.000000000000000000e+00
0.000000000000000000e+00
1.072368289471048117e+07
0.000000000000000000e+00
0.000000000000000000e+00
0.000000000000000000e+00
0.000000000000000000e+00
0.000000000000000000e+00
1.345680169005113468e+07
0.000000000000000000e+00
5.864517916904202662e+06
0.000000000000000000e+00
0.000000000000000000e+00
0.000000000000000000e+00
1.751090676442807540e+07
1.751090676442807540e+07
7.613503072815756314e+06
0.000000000000000000e+00
8.868899024300519377e+06
0.000000000000000000e+00
0.000000000000000000e+00
0.000000000000000000e+00
1.186813773467815109e+07
0.000000000000000000e+00
2.750868936747215316e+07
0.000000000000000000e+00
1.751090676442807540e+07
5.182259577388579026e+06
1.512746192996306531e+07
1.512746192996306531e+07
1.315835587065243535e+07
1.315835587065243535e+07
0.000000000000000000e+00
0.000000000000000000e+00
0.000000000000000000e+00
1.895384653375549242e+07
0.000000000000000000e+00
3.171017848842714727e+07
5.395283542444266379e+06
0.000000000000000000e+00
0.000000000000000000e+00
0.000000000000000000e+00
2.759744927585061640e+07
0.000000000000000000e+00
1.512746192996306531e+07
0.000000000000000000e+00
5.182259577388579026e+06
1.533036852571553923e+07
1.072368289471048117e+07
0.000000000000000000e+00
5.182259577388579026e+06
0.000000000000000000e+00
0.000000000000000000e+00
0.000000000000000000e+00
0.000000000000000000e+00
5.960573837092886679e+06
1.681994362383615226e+07
0.000000000000000000e+00
5.182259577388579026e+06
0.000000000000000000e+00
0.000000000000000000e+00
1.533036852571553923e+07
5.864517916904202662e+06
2.999238710377632175e+06
1.833718596752623841e+07
0.000000000000000000e+00
2.215197874660483748e+07
0.000000000000000000e+00
0.000000000000000000e+00
5.395283542444266379e+06
7.613503072815756314e+06
1.084567186195900477e+07
0.000000000000000000e+00
0.000000000000000000e+00
0.000000000000000000e+00
0.000000000000000000e+00
0.000000000000000000e+00
1.419927172399907373e+07
5.030749765052122623e+07
0.000000000000000000e+00
0.000000000000000000e+00
2.366119578187960014e+07
0.000000000000000000e+00
0.000000000000000000e+00
0.000000000000000000e+00
0.000000000000000000e+00
0.000000000000000000e+00
1.142829585189435631e+07
5.444546850261397660e+06
1.134034346093973704e+07
5.843298617235378362e+06
0.000000000000000000e+00
1.503500337544787675e+07
0.000000000000000000e+00
0.000000000000000000e+00
3.909670548554420937e+06
7.384177026644445956e+06
0.000000000000000000e+00
0.000000000000000000e+00
0.000000000000000000e+00
0.000000000000000000e+00
1.461802617458028346e+07
0.000000000000000000e+00
0.000000000000000000e+00
0.000000000000000000e+00
7.613503072815756314e+06
1.881170697107926011e+07
0.000000000000000000e+00
2.848872439636797458e+07
0.000000000000000000e+00
0.000000000000000000e+00
1.084567186195900477e+07
0.000000000000000000e+00
5.843298617235378362e+06
1.616822974497187883e+07
0.000000000000000000e+00
0.000000000000000000e+00
9.435766597191704437e+06
0.000000000000000000e+00
2.290200373646709323e+07
0.000000000000000000e+00
0.000000000000000000e+00
7.384177026644445956e+06
0.000000000000000000e+00
1.419927172399907373e+07
1.443909340519817919e+07
7.613503072815756314e+06
0.000000000000000000e+00
5.864517916904202662e+06
1.134034346093973704e+07
0.000000000000000000e+00
0.000000000000000000e+00
0.000000000000000000e+00
1.419927172399907373e+07
0.000000000000000000e+00
4.772610433894185722e+07
7.384177026644445956e+06
0.000000000000000000e+00
0.000000000000000000e+00
0.000000000000000000e+00
0.000000000000000000e+00
0.000000000000000000e+00
1.474974880266601406e+07
1.084567186195900477e+07
0.000000000000000000e+00
1.362944739369068295e+07
0.000000000000000000e+00
0.000000000000000000e+00
0.000000000000000000e+00
0.000000000000000000e+00
0.000000000000000000e+00
0.000000000000000000e+00
0.000000000000000000e+00
1.050283991122716479e+07
0.000000000000000000e+00
0.000000000000000000e+00
1.419927172399907373e+07
0.000000000000000000e+00
0.000000000000000000e+00
4.590713622293259203e+07
0.000000000000000000e+00
3.127469885469535738e+07
1.084567186195900477e+07
0.000000000000000000e+00
0.000000000000000000e+00
0.000000000000000000e+00
1.512746192996306531e+07
2.030972150735164434e+07
0.000000000000000000e+00
0.000000000000000000e+00
0.000000000000000000e+00
0.000000000000000000e+00
5.187840776866109669e+07
7.613503072815756314e+06
0.000000000000000000e+00
0.000000000000000000e+00
0.000000000000000000e+00
0.000000000000000000e+00
2.863836512919725478e+07
7.384177026644445956e+06
0.000000000000000000e+00
1.512746192996306531e+07
1.743833211557581276e+07
0.000000000000000000e+00
1.134034346093973704e+07
1.084567186195900477e+07
0.000000000000000000e+00
0.000000000000000000e+00
0.000000000000000000e+00
0.000000000000000000e+00
5.182259577388579026e+06
3.909670548554420937e+06
2.646780539090280235e+07
0.000000000000000000e+00
0.000000000000000000e+00
0.000000000000000000e+00
0.000000000000000000e+00
0.000000000000000000e+00
0.000000000000000000e+00
1.602793143934758380e+07
0.000000000000000000e+00
1.533036852571553923e+07
0.000000000000000000e+00
9.315793656333293766e+06
1.134034346093973704e+07
8.868899024300519377e+06
0.000000000000000000e+00
2.366119578187960014e+07
1.431344587456191704e+07
1.134034346093973704e+07
1.881170697107926011e+07
0.000000000000000000e+00
0.000000000000000000e+00
0.000000000000000000e+00
2.182327043184262514e+07
1.142829585189435631e+07
0.000000000000000000e+00
1.072368289471048117e+07
1.648240209711627662e+07
2.489508379107252136e+07
0.000000000000000000e+00
0.000000000000000000e+00
0.000000000000000000e+00
1.104677749429278076e+07
0.000000000000000000e+00
0.000000000000000000e+00
2.337542468133227900e+07
3.522238222630265355e+07
0.000000000000000000e+00
0.000000000000000000e+00
0.000000000000000000e+00
0.000000000000000000e+00
1.350207862160479650e+07
0.000000000000000000e+00
1.072368289471048117e+07
5.843298617235378362e+06
0.000000000000000000e+00
5.395283542444266379e+06
0.000000000000000000e+00
0.000000000000000000e+00
7.384177026644445956e+06
0.000000000000000000e+00
1.959258191901100054e+07
8.868899024300519377e+06
1.745505987844370306e+07
0.000000000000000000e+00
1.652260303832831606e+07
0.000000000000000000e+00
0.000000000000000000e+00
1.142829585189435631e+07
0.000000000000000000e+00
0.000000000000000000e+00
0.000000000000000000e+00
0.000000000000000000e+00
0.000000000000000000e+00
0.000000000000000000e+00
2.134851177318616956e+07
0.000000000000000000e+00
0.000000000000000000e+00
5.864517916904202662e+06
1.503500337544787675e+07
0.000000000000000000e+00
0.000000000000000000e+00
0.000000000000000000e+00
0.000000000000000000e+00
1.057754311983284540e+07
0.000000000000000000e+00
1.443909340519817919e+07
0.000000000000000000e+00
5.395283542444266379e+06
0.000000000000000000e+00
0.000000000000000000e+00
1.682357939433862269e+07
1.988364025545957685e+07
0.000000000000000000e+00
1.072368289471048117e+07
0.000000000000000000e+00
1.142829585189435631e+07
1.533036852571553923e+07
0.000000000000000000e+00
1.084567186195900477e+07
0.000000000000000000e+00
1.134034346093973704e+07
0.000000000000000000e+00
0.000000000000000000e+00
0.000000000000000000e+00
1.503500337544787675e+07
1.668897047919438407e+07
0.000000000000000000e+00
0.000000000000000000e+00
1.084567186195900477e+07
0.000000000000000000e+00
2.999238710377632175e+06
6.316554945955662057e+06
0.000000000000000000e+00
0.000000000000000000e+00
1.512746192996306531e+07
0.000000000000000000e+00
1.315835587065243535e+07
1.084567186195900477e+07
5.182259577388579026e+06
0.000000000000000000e+00
5.395283542444266379e+06
0.000000000000000000e+00
1.084567186195900477e+07
1.072368289471048117e+07
1.084567186195900477e+07
8.868899024300519377e+06
0.000000000000000000e+00
5.960573837092886679e+06
9.435766597191704437e+06
2.337542468133227900e+07
5.843298617235378362e+06
0.000000000000000000e+00
2.134851177318616956e+07
1.419927172399907373e+07
3.066926263508050889e+07
5.960573837092886679e+06
1.512746192996306531e+07
0.000000000000000000e+00
1.911892970774532109e+07
0.000000000000000000e+00
0.000000000000000000e+00
0.000000000000000000e+00
0.000000000000000000e+00
0.000000000000000000e+00
0.000000000000000000e+00
0.000000000000000000e+00
0.000000000000000000e+00
5.864517916904202662e+06
1.751090676442807540e+07
1.072368289471048117e+07
0.000000000000000000e+00
2.290619030687234178e+07
1.512746192996306531e+07
0.000000000000000000e+00
0.000000000000000000e+00
8.868899024300519377e+06
1.084567186195900477e+07
1.050283991122716479e+07
0.000000000000000000e+00
0.000000000000000000e+00
0.000000000000000000e+00
2.456322852715476975e+07
0.000000000000000000e+00
0.000000000000000000e+00
0.000000000000000000e+00
0.000000000000000000e+00
1.050283991122716479e+07
0.000000000000000000e+00
0.000000000000000000e+00
0.000000000000000000e+00
3.263836869439113885e+07
1.474974880266601406e+07
0.000000000000000000e+00
1.834061544804101437e+07
0.000000000000000000e+00
0.000000000000000000e+00
0.000000000000000000e+00
2.999238710377632175e+06
1.050283991122716479e+07
2.516277629990866035e+07
1.419927172399907373e+07
1.084567186195900477e+07
7.384177026644445956e+06
0.000000000000000000e+00
0.000000000000000000e+00
0.000000000000000000e+00
1.811634298404292017e+07
0.000000000000000000e+00
0.000000000000000000e+00
0.000000000000000000e+00
0.000000000000000000e+00
0.000000000000000000e+00
0.000000000000000000e+00
2.271454555235998333e+07
1.084567186195900477e+07
0.000000000000000000e+00
1.482947286139340699e+07
0.000000000000000000e+00
0.000000000000000000e+00
0.000000000000000000e+00
1.072368289471048117e+07
1.217832084175661393e+07
0.000000000000000000e+00
0.000000000000000000e+00
1.072368289471048117e+07
0.000000000000000000e+00
0.000000000000000000e+00
0.000000000000000000e+00
5.960573837092886679e+06
0.000000000000000000e+00
0.000000000000000000e+00
2.963338072020031512e+07
3.909670548554420937e+06
0.000000000000000000e+00
5.843298617235378362e+06
1.533036852571553923e+07
1.315835587065243535e+07
0.000000000000000000e+00
1.334475086373733357e+07
1.217832084175661393e+07
0.000000000000000000e+00
0.000000000000000000e+00
0.000000000000000000e+00
5.182259577388579026e+06
0.000000000000000000e+00
2.496979085463041812e+07
1.134034346093973704e+07
0.000000000000000000e+00
0.000000000000000000e+00
1.503500337544787675e+07
0.000000000000000000e+00
9.435766597191704437e+06
1.084567186195900477e+07
7.384177026644445956e+06
0.000000000000000000e+00
0.000000000000000000e+00
0.000000000000000000e+00
0.000000000000000000e+00
0.000000000000000000e+00
5.960573837092886679e+06
0.000000000000000000e+00
0.000000000000000000e+00
1.964381857426047325e+07
8.868899024300519377e+06
0.000000000000000000e+00
8.868899024300519377e+06
0.000000000000000000e+00
5.182259577388579026e+06
0.000000000000000000e+00
0.000000000000000000e+00
0.000000000000000000e+00
0.000000000000000000e+00
0.000000000000000000e+00
1.668425673180336878e+07
0.000000000000000000e+00
0.000000000000000000e+00
3.061341574909614027e+07
5.395283542444266379e+06
7.384177026644445956e+06
1.084567186195900477e+07
0.000000000000000000e+00
0.000000000000000000e+00
0.000000000000000000e+00
1.393005801877141744e+07
5.960573837092886679e+06
0.000000000000000000e+00
3.681936876616364717e+07
1.315835587065243535e+07
0.000000000000000000e+00
0.000000000000000000e+00
0.000000000000000000e+00
0.000000000000000000e+00
0.000000000000000000e+00
3.626753275698250532e+07
0.000000000000000000e+00
1.362944739369068295e+07
0.000000000000000000e+00
0.000000000000000000e+00
5.444546850261397660e+06
0.000000000000000000e+00
0.000000000000000000e+00
1.681994362383615226e+07
0.000000000000000000e+00
0.000000000000000000e+00
1.443909340519817919e+07
0.000000000000000000e+00
2.999238710377632175e+06
0.000000000000000000e+00
2.555786950349490345e+07
8.868899024300519377e+06
1.803424208582551032e+07
0.000000000000000000e+00
2.999238710377632175e+06
0.000000000000000000e+00
0.000000000000000000e+00
0.000000000000000000e+00
0.000000000000000000e+00
1.681939485718282685e+07
0.000000000000000000e+00
1.050283991122716479e+07
0.000000000000000000e+00
0.000000000000000000e+00
0.000000000000000000e+00
1.050283991122716479e+07
0.000000000000000000e+00
0.000000000000000000e+00
0.000000000000000000e+00
0.000000000000000000e+00
1.315835587065243535e+07
1.084567186195900477e+07
0.000000000000000000e+00
0.000000000000000000e+00
5.395283542444266379e+06
0.000000000000000000e+00
0.000000000000000000e+00
7.613503072815756314e+06
0.000000000000000000e+00
1.084567186195900477e+07
1.533036852571553923e+07
0.000000000000000000e+00
1.634613852846254408e+07
5.960573837092886679e+06
0.000000000000000000e+00
0.000000000000000000e+00
2.028239202243355662e+07
0.000000000000000000e+00
0.000000000000000000e+00
0.000000000000000000e+00
0.000000000000000000e+00
0.000000000000000000e+00
0.000000000000000000e+00
5.182259577388579026e+06
5.395283542444266379e+06
0.000000000000000000e+00
8.181498287766210735e+06
1.134034346093973704e+07
0.000000000000000000e+00
0.000000000000000000e+00
0.000000000000000000e+00
0.000000000000000000e+00
0.000000000000000000e+00
1.512746192996306531e+07
1.745505987844370306e+07
1.503500337544787675e+07
2.735762759465150908e+07
1.072368289471048117e+07
0.000000000000000000e+00
5.960573837092886679e+06
0.000000000000000000e+00
1.979182391457236931e+07
0.000000000000000000e+00
0.000000000000000000e+00
0.000000000000000000e+00
2.999238710377632175e+06
0.000000000000000000e+00
0.000000000000000000e+00
0.000000000000000000e+00
8.868899024300519377e+06
1.751090676442807540e+07
0.000000000000000000e+00
0.000000000000000000e+00
0.000000000000000000e+00
1.503500337544787675e+07
2.289960672870510072e+07
0.000000000000000000e+00
0.000000000000000000e+00
0.000000000000000000e+00
0.000000000000000000e+00
1.673562700338400342e+07
7.384177026644445956e+06
0.000000000000000000e+00
0.000000000000000000e+00
5.843298617235378362e+06
0.000000000000000000e+00
2.406843375844781473e+07
1.050283991122716479e+07
2.594311030890892819e+07
0.000000000000000000e+00
0.000000000000000000e+00
1.384491057233663648e+07
1.315835587065243535e+07
1.084567186195900477e+07
1.072368289471048117e+07
1.443909340519817919e+07
1.443909340519817919e+07
0.000000000000000000e+00
0.000000000000000000e+00
9.435766597191704437e+06
0.000000000000000000e+00
0.000000000000000000e+00
5.444546850261397660e+06
8.868899024300519377e+06
1.072368289471048117e+07
0.000000000000000000e+00
0.000000000000000000e+00
0.000000000000000000e+00
2.181277479681482911e+07
1.419927172399907373e+07
5.843298617235378362e+06
0.000000000000000000e+00
1.602793143934758380e+07
0.000000000000000000e+00
1.634613852846254408e+07
0.000000000000000000e+00
1.503500337544787675e+07
5.182259577388579026e+06
0.000000000000000000e+00
2.588067523740687966e+07
7.613503072815756314e+06
1.072368289471048117e+07
0.000000000000000000e+00
1.743833211557581276e+07
0.000000000000000000e+00
6.316554945955662057e+06
6.316554945955662057e+06
1.443909340519817919e+07
0.000000000000000000e+00
1.134034346093973704e+07
0.000000000000000000e+00
2.944820338229466230e+07
5.182259577388579026e+06
0.000000000000000000e+00
1.419927172399907373e+07
1.072368289471048117e+07
0.000000000000000000e+00
1.084567186195900477e+07
0.000000000000000000e+00
9.435766597191704437e+06
0.000000000000000000e+00
0.000000000000000000e+00
1.512746192996306531e+07
5.182259577388579026e+06
1.629021871222040243e+07
0.000000000000000000e+00
1.072368289471048117e+07
0.000000000000000000e+00
0.000000000000000000e+00
0.000000000000000000e+00
0.000000000000000000e+00
1.529372047383645363e+07
9.435766597191704437e+06
0.000000000000000000e+00
0.000000000000000000e+00
0.000000000000000000e+00
0.000000000000000000e+00
0.000000000000000000e+00
1.084567186195900477e+07
1.362944739369068295e+07
5.444546850261397660e+06
0.000000000000000000e+00
0.000000000000000000e+00
1.315835587065243535e+07
1.751090676442807540e+07
1.050283991122716479e+07
0.000000000000000000e+00
0.000000000000000000e+00
5.864517916904202662e+06
0.000000000000000000e+00
1.142829585189435631e+07
0.000000000000000000e+00
1.751090676442807540e+07
1.134034346093973704e+07
1.533036852571553923e+07
0.000000000000000000e+00
0.000000000000000000e+00
2.616171279309907928e+07
0.000000000000000000e+00
0.000000000000000000e+00
0.000000000000000000e+00
0.000000000000000000e+00
0.000000000000000000e+00
0.000000000000000000e+00
5.843298617235378362e+06
0.000000000000000000e+00
2.263731945583228022e+07
7.384177026644445956e+06
2.089952129235208035e+07
1.180387245432826504e+07
1.072368289471048117e+07
1.022622549451008253e+07
1.072368289471048117e+07
0.000000000000000000e+00
0.000000000000000000e+00
0.000000000000000000e+00
5.444546850261397660e+06
0.000000000000000000e+00
2.206402635565021634e+07
0.000000000000000000e+00
0.000000000000000000e+00
1.745505987844370306e+07
0.000000000000000000e+00
0.000000000000000000e+00
0.000000000000000000e+00
1.084567186195900477e+07
0.000000000000000000e+00
5.864517916904202662e+06
0.000000000000000000e+00
0.000000000000000000e+00
6.316554945955662057e+06
7.613503072815756314e+06
1.625307605094496533e+07
1.084567186195900477e+07
3.909670548554420937e+06
0.000000000000000000e+00
0.000000000000000000e+00
0.000000000000000000e+00
1.072368289471048117e+07
1.315835587065243535e+07
1.419927172399907373e+07
1.084567186195900477e+07
0.000000000000000000e+00
1.938153130138765275e+07
1.993860650841886923e+07
0.000000000000000000e+00
0.000000000000000000e+00
5.182259577388579026e+06
2.999238710377632175e+06
0.000000000000000000e+00
0.000000000000000000e+00
0.000000000000000000e+00
1.512746192996306531e+07
0.000000000000000000e+00
0.000000000000000000e+00
0.000000000000000000e+00
1.474974880266601406e+07
5.395283542444266379e+06
7.384177026644445956e+06
0.000000000000000000e+00
1.050283991122716479e+07
0.000000000000000000e+00
2.667071198665527627e+07
1.084567186195900477e+07
1.745505987844370306e+07
0.000000000000000000e+00
0.000000000000000000e+00
0.000000000000000000e+00
0.000000000000000000e+00
0.000000000000000000e+00
0.000000000000000000e+00
0.000000000000000000e+00
0.000000000000000000e+00
0.000000000000000000e+00
1.419927172399907373e+07
0.000000000000000000e+00
5.960573837092886679e+06
1.102555819462395832e+07
0.000000000000000000e+00
0.000000000000000000e+00
2.999238710377632175e+06
3.909670548554420937e+06
2.968922760618469119e+07
0.000000000000000000e+00
0.000000000000000000e+00
7.613503072815756314e+06
3.909670548554420937e+06
0.000000000000000000e+00
0.000000000000000000e+00
5.960573837092886679e+06
0.000000000000000000e+00
0.000000000000000000e+00
7.384177026644445956e+06
1.315835587065243535e+07
0.000000000000000000e+00
0.000000000000000000e+00
0.000000000000000000e+00
0.000000000000000000e+00
0.000000000000000000e+00
0.000000000000000000e+00
1.745505987844370306e+07
0.000000000000000000e+00
0.000000000000000000e+00
0.000000000000000000e+00
0.000000000000000000e+00
5.843298617235378362e+06
1.134034346093973704e+07
0.000000000000000000e+00
2.999238710377632175e+06
0.000000000000000000e+00
0.000000000000000000e+00
0.000000000000000000e+00
1.745505987844370306e+07
1.084567186195900477e+07
0.000000000000000000e+00
0.000000000000000000e+00
0.000000000000000000e+00
1.217832084175661393e+07
2.306817074829959124e+07
0.000000000000000000e+00
0.000000000000000000e+00
0.000000000000000000e+00
0.000000000000000000e+00
0.000000000000000000e+00
0.000000000000000000e+00
0.000000000000000000e+00
0.000000000000000000e+00
1.419927172399907373e+07
0.000000000000000000e+00
0.000000000000000000e+00
0.000000000000000000e+00
3.479231914390046895e+07
7.384177026644445956e+06
1.512746192996306531e+07
1.512746192996306531e+07
0.000000000000000000e+00
0.000000000000000000e+00
0.000000000000000000e+00
0.000000000000000000e+00
0.000000000000000000e+00
1.419927172399907373e+07
0.000000000000000000e+00
1.217832084175661393e+07
5.444546850261397660e+06
0.000000000000000000e+00
9.870244385647308081e+06
0.000000000000000000e+00
0.000000000000000000e+00
0.000000000000000000e+00
0.000000000000000000e+00
1.362944739369068295e+07
1.443909340519817919e+07
1.533036852571553923e+07
1.217832084175661393e+07
1.142829585189435631e+07
1.474974880266601406e+07
0.000000000000000000e+00
0.000000000000000000e+00
0.000000000000000000e+00
0.000000000000000000e+00
1.533036852571553923e+07
0.000000000000000000e+00
0.000000000000000000e+00
0.000000000000000000e+00
0.000000000000000000e+00
0.000000000000000000e+00
3.496596664287178218e+07
1.751090676442807540e+07
0.000000000000000000e+00
1.134034346093973704e+07
2.667071198665527627e+07
1.443909340519817919e+07
1.315835587065243535e+07
0.000000000000000000e+00
0.000000000000000000e+00
0.000000000000000000e+00
1.924003907426996157e+07
0.000000000000000000e+00
0.000000000000000000e+00
1.512746192996306531e+07
0.000000000000000000e+00
0.000000000000000000e+00
0.000000000000000000e+00
0.000000000000000000e+00
4.552360067733256519e+07
0.000000000000000000e+00
3.838920875711133331e+07
1.751090676442807540e+07
1.083983039270566404e+07
0.000000000000000000e+00
0.000000000000000000e+00
1.419927172399907373e+07
3.909670548554420937e+06
0.000000000000000000e+00
0.000000000000000000e+00
0.000000000000000000e+00
0.000000000000000000e+00
0.000000000000000000e+00
3.496596664287178218e+07
